Godot Engine v4.7.2.stable.official.ed1daf0bf - https://godotengine.org
D3D12 12_0 - Forward+ - Using Device #0: NVIDIA - NVIDIA GeForce GTX 1650 with Max-Q Design

GameplayRuntime: booted mode=campaign turn=1 player=player_gang pending=
GameplayRuntime: mode=campaign pending=
GameplayRuntime: after_turn force=debug_hq_force state=traveling_outbound campaign_pos=(7.59999990463257, 0.0) segment=0 into=7.6 pending=
GameplayRuntime: after_turn force=debug_hq_force state=traveling_outbound campaign_pos=(11.3999996185303, 0.0) segment=0 into=11.4 pending=
GameplayRuntime: after_turn force=debug_hq_force state=at_destination campaign_pos=(12.0, 0.0) segment=0 into=12.0 pending=debug_hq_assault
TacticalDeploymentController: attacker vehicle auto-placement failed code=no_legal_candidates
GameplayRuntime: mode=tactical_deployment pending=
TacticalDeploymentController: deployed sandbox_attacker_unit_01 to cover sandbox_transport_00__door_0_north slot sandbox_transport_00__door_0_north_cover
TacticalDeploymentController: deployed sandbox_attacker_unit_02 to cover sandbox_transport_00__door_0_south slot sandbox_transport_00__door_0_south_cover
TacticalDeploymentController: deployed sandbox_attacker_unit_03 to cover sandbox_transport_01__door_1_north slot sandbox_transport_01__door_1_north_cover
TacticalDeploymentController: deployed sandbox_attacker_unit_04 to cover sandbox_transport_01__door_1_south slot sandbox_transport_01__door_1_south_cover
TacticalDeploymentController: deployed sandbox_attacker_unit_05 to cover sandbox_transport_02__door_0_north slot sandbox_transport_02__door_0_north_cover
TacticalDeploymentController: deployed sandbox_attacker_unit_06 to cover sandbox_transport_02__door_0_south slot sandbox_transport_02__door_0_south_cover
TacticalDeploymentController: deployed sandbox_attacker_unit_07 to cover cover_traffic_1_0 slot cover_traffic_1_0_2
TacticalDeploymentController: deployed sandbox_attacker_unit_08 to cover cover_traffic_2_0 slot cover_traffic_2_0_3
TacticalDeploymentController: deployed sandbox_attacker_unit_09 to cover cover_traffic_3_0 slot cover_traffic_3_0_3
TacticalDeploymentController: deployed sandbox_attacker_unit_10 to cover sandbox_transport_00__body_cover slot sandbox_transport_00__body_cover__front
TacticalDeploymentController: deployed sandbox_attacker_unit_11 to cover sandbox_transport_00__body_cover slot sandbox_transport_00__body_cover__left
TacticalDeploymentController: deployed sandbox_attacker_unit_12 to cover sandbox_transport_00__body_cover slot sandbox_transport_00__body_cover__rear
TacticalDeploymentController: attacker side attacker committed
SCRIPT ERROR: Trying to assign an array of type "Array" to a variable of type "Array[String]".
   at: BattlefieldGeometry.get_obstacle_ids_at_point (res://battle/geometry/battlefield_geometry.gd:585)
   GDScript backtrace (most recent call first):
       [0] get_obstacle_ids_at_point (res://battle/geometry/battlefield_geometry.gd:585)
       [1] get_movement_blocking_obstacle_id_at (res://battle/geometry/battlefield_geometry.gd:259)
       [2] get_deployment_position_error (res://battle/core/battle_state.gd:573)
       [3] _generate_legal_candidates (res://battle/ai/battle_deployment_planner.gd:392)
       [4] _plan_side_deployment (res://battle/ai/battle_deployment_planner.gd:86)
       [5] plan_side_deployment (res://battle/ai/battle_deployment_planner.gd:42)
       [6] apply_and_commit_side (res://battle/ai/battle_deployment_ai_service.gd:33)
       [7] _invoke_standard_assault_defender_ai (res://gameplay/tactical_deployment_controller.gd:468)
       [8] try_commit_attacker (res://gameplay/tactical_deployment_controller.gd:358)
       [9] setup_flexible (res://gameplay/arsenal_battle_fixture.gd:166)
       [10] setup (res://gameplay/arsenal_battle_fixture.gd:18)
       [11] start_battle (res://gameplay/arsenal_review.gd:180)
SCRIPT ERROR: Trying to assign an array of type "Array" to a variable of type "Array[String]".
   at: BattlefieldGeometry.get_obstacle_ids_at_point (res://battle/geometry/battlefield_geometry.gd:585)
   GDScript backtrace (most recent call first):
       [0] get_obstacle_ids_at_point (res://battle/geometry/battlefield_geometry.gd:585)
       [1] get_movement_blocking_obstacle_id_at (res://battle/geometry/battlefield_geometry.gd:259)
       [2] get_deployment_position_error (res://battle/core/battle_state.gd:573)
       [3] _generate_legal_candidates (res://battle/ai/battle_deployment_planner.gd:392)
       [4] _plan_side_deployment (res://battle/ai/battle_deployment_planner.gd:86)
       [5] plan_side_deployment (res://battle/ai/battle_deployment_planner.gd:42)
       [6] apply_and_commit_side (res://battle/ai/battle_deployment_ai_service.gd:33)
       [7] _invoke_standard_assault_defender_ai (res://gameplay/tactical_deployment_controller.gd:468)
       [8] try_commit_attacker (res://gameplay/tactical_deployment_controller.gd:358)
       [9] setup_flexible (res://gameplay/arsenal_battle_fixture.gd:166)
       [10] setup (res://gameplay/arsenal_battle_fixture.gd:18)
       [11] start_battle (res://gameplay/arsenal_review.gd:180)
SCRIPT ERROR: Trying to assign an array of type "Array" to a variable of type "Array[String]".
   at: BattlefieldGeometry.get_obstacle_ids_at_point (res://battle/geometry/battlefield_geometry.gd:585)
   GDScript backtrace (most recent call first):
       [0] get_obstacle_ids_at_point (res://battle/geometry/battlefield_geometry.gd:585)
       [1] get_movement_blocking_obstacle_id_at (res://battle/geometry/battlefield_geometry.gd:259)
       [2] get_deployment_position_error (res://battle/core/battle_state.gd:573)
       [3] _generate_legal_candidates (res://battle/ai/battle_deployment_planner.gd:392)
       [4] _plan_side_deployment (res://battle/ai/battle_deployment_planner.gd:86)
       [5] plan_side_deployment (res://battle/ai/battle_deployment_planner.gd:42)
       [6] apply_and_commit_side (res://battle/ai/battle_deployment_ai_service.gd:33)
       [7] _invoke_standard_assault_defender_ai (res://gameplay/tactical_deployment_controller.gd:468)
       [8] try_commit_attacker (res://gameplay/tactical_deployment_controller.gd:358)
       [9] setup_flexible (res://gameplay/arsenal_battle_fixture.gd:166)
       [10] setup (res://gameplay/arsenal_battle_fixture.gd:18)
       [11] start_battle (res://gameplay/arsenal_review.gd:180)
SCRIPT ERROR: Trying to assign an array of type "Array" to a variable of type "Array[String]".
   at: BattlefieldGeometry.get_obstacle_ids_at_point (res://battle/geometry/battlefield_geometry.gd:585)
   GDScript backtrace (most recent call first):
       [0] get_obstacle_ids_at_point (res://battle/geometry/battlefield_geometry.gd:585)
       [1] get_movement_blocking_obstacle_id_at (res://battle/geometry/battlefield_geometry.gd:259)
       [2] get_deployment_position_error (res://battle/core/battle_state.gd:573)
       [3] _generate_legal_candidates (res://battle/ai/battle_deployment_planner.gd:392)
       [4] _plan_side_deployment (res://battle/ai/battle_deployment_planner.gd:86)
       [5] plan_side_deployment (res://battle/ai/battle_deployment_planner.gd:42)
       [6] apply_and_commit_side (res://battle/ai/battle_deployment_ai_service.gd:33)
       [7] _invoke_standard_assault_defender_ai (res://gameplay/tactical_deployment_controller.gd:468)
       [8] try_commit_attacker (res://gameplay/tactical_deployment_controller.gd:358)
       [9] setup_flexible (res://gameplay/arsenal_battle_fixture.gd:166)
       [10] setup (res://gameplay/arsenal_battle_fixture.gd:18)
       [11] start_battle (res://gameplay/arsenal_review.gd:180)
SCRIPT ERROR: Trying to assign an array of type "Array" to a variable of type "Array[String]".
   at: BattlefieldGeometry.get_obstacle_ids_at_point (res://battle/geometry/battlefield_geometry.gd:585)
   GDScript backtrace (most recent call first):
       [0] get_obstacle_ids_at_point (res://battle/geometry/battlefield_geometry.gd:585)
       [1] get_movement_blocking_obstacle_id_at (res://battle/geometry/battlefield_geometry.gd:259)
       [2] get_deployment_position_error (res://battle/core/battle_state.gd:573)
       [3] _generate_legal_candidates (res://battle/ai/battle_deployment_planner.gd:392)
       [4] _plan_side_deployment (res://battle/ai/battle_deployment_planner.gd:86)
       [5] plan_side_deployment (res://battle/ai/battle_deployment_planner.gd:42)
       [6] apply_and_commit_side (res://battle/ai/battle_deployment_ai_service.gd:33)
       [7] _invoke_standard_assault_defender_ai (res://gameplay/tactical_deployment_controller.gd:468)
       [8] try_commit_attacker (res://gameplay/tactical_deployment_controller.gd:358)
       [9] setup_flexible (res://gameplay/arsenal_battle_fixture.gd:166)
       [10] setup (res://gameplay/arsenal_battle_fixture.gd:18)
       [11] start_battle (res://gameplay/arsenal_review.gd:180)
SCRIPT ERROR: Trying to assign an array of type "Array" to a variable of type "Array[String]".
   at: BattlefieldGeometry.get_obstacle_ids_at_point (res://battle/geometry/battlefield_geometry.gd:585)
   GDScript backtrace (most recent call first):
       [0] get_obstacle_ids_at_point (res://battle/geometry/battlefield_geometry.gd:585)
       [1] get_movement_blocking_obstacle_id_at (res://battle/geometry/battlefield_geometry.gd:259)
       [2] get_deployment_position_error (res://battle/core/battle_state.gd:573)
       [3] _generate_legal_candidates (res://battle/ai/battle_deployment_planner.gd:392)
       [4] _plan_side_deployment (res://battle/ai/battle_deployment_planner.gd:86)
       [5] plan_side_deployment (res://battle/ai/battle_deployment_planner.gd:42)
       [6] apply_and_commit_side (res://battle/ai/battle_deployment_ai_service.gd:33)
       [7] _invoke_standard_assault_defender_ai (res://gameplay/tactical_deployment_controller.gd:468)
       [8] try_commit_attacker (res://gameplay/tactical_deployment_controller.gd:358)
       [9] setup_flexible (res://gameplay/arsenal_battle_fixture.gd:166)
       [10] setup (res://gameplay/arsenal_battle_fixture.gd:18)
       [11] start_battle (res://gameplay/arsenal_review.gd:180)
SCRIPT ERROR: Trying to assign an array of type "Array" to a variable of type "Array[String]".
   at: BattlefieldGeometry.get_obstacle_ids_at_point (res://battle/geometry/battlefield_geometry.gd:585)
   GDScript backtrace (most recent call first):
       [0] get_obstacle_ids_at_point (res://battle/geometry/battlefield_geometry.gd:585)
       [1] get_movement_blocking_obstacle_id_at (res://battle/geometry/battlefield_geometry.gd:259)
       [2] get_deployment_position_error (res://battle/core/battle_state.gd:573)
       [3] _generate_legal_candidates (res://battle/ai/battle_deployment_planner.gd:392)
       [4] _plan_side_deployment (res://battle/ai/battle_deployment_planner.gd:86)
       [5] plan_side_deployment (res://battle/ai/battle_deployment_planner.gd:42)
       [6] apply_and_commit_side (res://battle/ai/battle_deployment_ai_service.gd:33)
       [7] _invoke_standard_assault_defender_ai (res://gameplay/tactical_deployment_controller.gd:468)
       [8] try_commit_attacker (res://gameplay/tactical_deployment_controller.gd:358)
       [9] setup_flexible (res://gameplay/arsenal_battle_fixture.gd:166)
       [10] setup (res://gameplay/arsenal_battle_fixture.gd:18)
       [11] start_battle (res://gameplay/arsenal_review.gd:180)
SCRIPT ERROR: Trying to assign an array of type "Array" to a variable of type "Array[String]".
   at: BattlefieldGeometry.get_obstacle_ids_at_point (res://battle/geometry/battlefield_geometry.gd:585)
   GDScript backtrace (most recent call first):
       [0] get_obstacle_ids_at_point (res://battle/geometry/battlefield_geometry.gd:585)
       [1] get_movement_blocking_obstacle_id_at (res://battle/geometry/battlefield_geometry.gd:259)
       [2] get_deployment_position_error (res://battle/core/battle_state.gd:573)
       [3] _generate_legal_candidates (res://battle/ai/battle_deployment_planner.gd:392)
       [4] _plan_side_deployment (res://battle/ai/battle_deployment_planner.gd:86)
       [5] plan_side_deployment (res://battle/ai/battle_deployment_planner.gd:42)
       [6] apply_and_commit_side (res://battle/ai/battle_deployment_ai_service.gd:33)
       [7] _invoke_standard_assault_defender_ai (res://gameplay/tactical_deployment_controller.gd:468)
       [8] try_commit_attacker (res://gameplay/tactical_deployment_controller.gd:358)
       [9] setup_flexible (res://gameplay/arsenal_battle_fixture.gd:166)
       [10] setup (res://gameplay/arsenal_battle_fixture.gd:18)
       [11] start_battle (res://gameplay/arsenal_review.gd:180)
SCRIPT ERROR: Trying to assign an array of type "Array" to a variable of type "Array[String]".
   at: BattlefieldGeometry.get_obstacle_ids_at_point (res://battle/geometry/battlefield_geometry.gd:585)
   GDScript backtrace (most recent call first):
       [0] get_obstacle_ids_at_point (res://battle/geometry/battlefield_geometry.gd:585)
       [1] get_movement_blocking_obstacle_id_at (res://battle/geometry/battlefield_geometry.gd:259)
       [2] get_deployment_position_error (res://battle/core/battle_state.gd:573)
       [3] _generate_legal_candidates (res://battle/ai/battle_deployment_planner.gd:392)
       [4] _plan_side_deployment (res://battle/ai/battle_deployment_planner.gd:86)
       [5] plan_side_deployment (res://battle/ai/battle_deployment_planner.gd:42)
       [6] apply_and_commit_side (res://battle/ai/battle_deployment_ai_service.gd:33)
       [7] _invoke_standard_assault_defender_ai (res://gameplay/tactical_deployment_controller.gd:468)
       [8] try_commit_attacker (res://gameplay/tactical_deployment_controller.gd:358)
       [9] setup_flexible (res://gameplay/arsenal_battle_fixture.gd:166)
       [10] setup (res://gameplay/arsenal_battle_fixture.gd:18)
       [11] start_battle (res://gameplay/arsenal_review.gd:180)
SCRIPT ERROR: Trying to assign an array of type "Array" to a variable of type "Array[String]".
   at: BattlefieldGeometry.get_obstacle_ids_at_point (res://battle/geometry/battlefield_geometry.gd:585)
   GDScript backtrace (most recent call first):
       [0] get_obstacle_ids_at_point (res://battle/geometry/battlefield_geometry.gd:585)
       [1] get_movement_blocking_obstacle_id_at (res://battle/geometry/battlefield_geometry.gd:259)
       [2] get_deployment_position_error (res://battle/core/battle_state.gd:573)
       [3] _generate_legal_candidates (res://battle/ai/battle_deployment_planner.gd:392)
       [4] _plan_side_deployment (res://battle/ai/battle_deployment_planner.gd:86)
       [5] plan_side_deployment (res://battle/ai/battle_deployment_planner.gd:42)
       [6] apply_and_commit_side (res://battle/ai/battle_deployment_ai_service.gd:33)
       [7] _invoke_standard_assault_defender_ai (res://gameplay/tactical_deployment_controller.gd:468)
       [8] try_commit_attacker (res://gameplay/tactical_deployment_controller.gd:358)
       [9] setup_flexible (res://gameplay/arsenal_battle_fixture.gd:166)
       [10] setup (res://gameplay/arsenal_battle_fixture.gd:18)
       [11] start_battle (res://gameplay/arsenal_review.gd:180)
SCRIPT ERROR: Trying to assign an array of type "Array" to a variable of type "Array[String]".
   at: BattlefieldGeometry.get_obstacle_ids_at_point (res://battle/geometry/battlefield_geometry.gd:585)
   GDScript backtrace (most recent call first):
       [0] get_obstacle_ids_at_point (res://battle/geometry/battlefield_geometry.gd:585)
       [1] get_movement_blocking_obstacle_id_at (res://battle/geometry/battlefield_geometry.gd:259)
       [2] get_deployment_position_error (res://battle/core/battle_state.gd:573)
       [3] _generate_legal_candidates (res://battle/ai/battle_deployment_planner.gd:392)
       [4] _plan_side_deployment (res://battle/ai/battle_deployment_planner.gd:86)
       [5] plan_side_deployment (res://battle/ai/battle_deployment_planner.gd:42)
       [6] apply_and_commit_side (res://battle/ai/battle_deployment_ai_service.gd:33)
       [7] _invoke_standard_assault_defender_ai (res://gameplay/tactical_deployment_controller.gd:468)
       [8] try_commit_attacker (res://gameplay/tactical_deployment_controller.gd:358)
       [9] setup_flexible (res://gameplay/arsenal_battle_fixture.gd:166)
       [10] setup (res://gameplay/arsenal_battle_fixture.gd:18)
       [11] start_battle (res://gameplay/arsenal_review.gd:180)
SCRIPT ERROR: Trying to assign an array of type "Array" to a variable of type "Array[String]".
   at: BattlefieldGeometry.get_obstacle_ids_at_point (res://battle/geometry/battlefield_geometry.gd:585)
   GDScript backtrace (most recent call first):
       [0] get_obstacle_ids_at_point (res://battle/geometry/battlefield_geometry.gd:585)
       [1] get_movement_blocking_obstacle_id_at (res://battle/geometry/battlefield_geometry.gd:259)
       [2] get_deployment_position_error (res://battle/core/battle_state.gd:573)
       [3] _generate_legal_candidates (res://battle/ai/battle_deployment_planner.gd:392)
       [4] _plan_side_deployment (res://battle/ai/battle_deployment_planner.gd:86)
       [5] plan_side_deployment (res://battle/ai/battle_deployment_planner.gd:42)
       [6] apply_and_commit_side (res://battle/ai/battle_deployment_ai_service.gd:33)
       [7] _invoke_standard_assault_defender_ai (res://gameplay/tactical_deployment_controller.gd:468)
       [8] try_commit_attacker (res://gameplay/tactical_deployment_controller.gd:358)
       [9] setup_flexible (res://gameplay/arsenal_battle_fixture.gd:166)
       [10] setup (res://gameplay/arsenal_battle_fixture.gd:18)
       [11] start_battle (res://gameplay/arsenal_review.gd:180)
SCRIPT ERROR: Trying to assign an array of type "Array" to a variable of type "Array[String]".
   at: BattlefieldGeometry.get_obstacle_ids_at_point (res://battle/geometry/battlefield_geometry.gd:585)
   GDScript backtrace (most recent call first):
       [0] get_obstacle_ids_at_point (res://battle/geometry/battlefield_geometry.gd:585)
       [1] get_movement_blocking_obstacle_id_at (res://battle/geometry/battlefield_geometry.gd:259)
       [2] get_deployment_position_error (res://battle/core/battle_state.gd:573)
       [3] _generate_legal_candidates (res://battle/ai/battle_deployment_planner.gd:392)
       [4] _plan_side_deployment (res://battle/ai/battle_deployment_planner.gd:86)
       [5] plan_side_deployment (res://battle/ai/battle_deployment_planner.gd:42)
       [6] apply_and_commit_side (res://battle/ai/battle_deployment_ai_service.gd:33)
       [7] _invoke_standard_assault_defender_ai (res://gameplay/tactical_deployment_controller.gd:468)
       [8] try_commit_attacker (res://gameplay/tactical_deployment_controller.gd:358)
       [9] setup_flexible (res://gameplay/arsenal_battle_fixture.gd:166)
       [10] setup (res://gameplay/arsenal_battle_fixture.gd:18)
       [11] start_battle (res://gameplay/arsenal_review.gd:180)
SCRIPT ERROR: Trying to assign an array of type "Array" to a variable of type "Array[String]".
   at: BattlefieldGeometry.get_obstacle_ids_at_point (res://battle/geometry/battlefield_geometry.gd:585)
   GDScript backtrace (most recent call first):
       [0] get_obstacle_ids_at_point (res://battle/geometry/battlefield_geometry.gd:585)
       [1] get_movement_blocking_obstacle_id_at (res://battle/geometry/battlefield_geometry.gd:259)
       [2] get_deployment_position_error (res://battle/core/battle_state.gd:573)
       [3] _generate_legal_candidates (res://battle/ai/battle_deployment_planner.gd:392)
       [4] _plan_side_deployment (res://battle/ai/battle_deployment_planner.gd:86)
       [5] plan_side_deployment (res://battle/ai/battle_deployment_planner.gd:42)
       [6] apply_and_commit_side (res://battle/ai/battle_deployment_ai_service.gd:33)
       [7] _invoke_standard_assault_defender_ai (res://gameplay/tactical_deployment_controller.gd:468)
       [8] try_commit_attacker (res://gameplay/tactical_deployment_controller.gd:358)
       [9] setup_flexible (res://gameplay/arsenal_battle_fixture.gd:166)
       [10] setup (res://gameplay/arsenal_battle_fixture.gd:18)
       [11] start_battle (res://gameplay/arsenal_review.gd:180)
SCRIPT ERROR: Trying to assign an array of type "Array" to a variable of type "Array[String]".
   at: BattlefieldGeometry.get_obstacle_ids_at_point (res://battle/geometry/battlefield_geometry.gd:585)
   GDScript backtrace (most recent call first):
       [0] get_obstacle_ids_at_point (res://battle/geometry/battlefield_geometry.gd:585)
       [1] get_movement_blocking_obstacle_id_at (res://battle/geometry/battlefield_geometry.gd:259)
       [2] get_deployment_position_error (res://battle/core/battle_state.gd:573)
       [3] _generate_legal_candidates (res://battle/ai/battle_deployment_planner.gd:392)
       [4] _plan_side_deployment (res://battle/ai/battle_deployment_planner.gd:86)
       [5] plan_side_deployment (res://battle/ai/battle_deployment_planner.gd:42)
       [6] apply_and_commit_side (res://battle/ai/battle_deployment_ai_service.gd:33)
       [7] _invoke_standard_assault_defender_ai (res://gameplay/tactical_deployment_controller.gd:468)
       [8] try_commit_attacker (res://gameplay/tactical_deployment_controller.gd:358)
       [9] setup_flexible (res://gameplay/arsenal_battle_fixture.gd:166)
       [10] setup (res://gameplay/arsenal_battle_fixture.gd:18)
       [11] start_battle (res://gameplay/arsenal_review.gd:180)
SCRIPT ERROR: Trying to assign an array of type "Array" to a variable of type "Array[String]".
   at: BattlefieldGeometry.get_obstacle_ids_at_point (res://battle/geometry/battlefield_geometry.gd:585)
   GDScript backtrace (most recent call first):
       [0] get_obstacle_ids_at_point (res://battle/geometry/battlefield_geometry.gd:585)
       [1] get_movement_blocking_obstacle_id_at (res://battle/geometry/battlefield_geometry.gd:259)
       [2] get_deployment_position_error (res://battle/core/battle_state.gd:573)
       [3] _generate_legal_candidates (res://battle/ai/battle_deployment_planner.gd:392)
       [4] _plan_side_deployment (res://battle/ai/battle_deployment_planner.gd:86)
       [5] plan_side_deployment (res://battle/ai/battle_deployment_planner.gd:42)
       [6] apply_and_commit_side (res://battle/ai/battle_deployment_ai_service.gd:33)
       [7] _invoke_standard_assault_defender_ai (res://gameplay/tactical_deployment_controller.gd:468)
       [8] try_commit_attacker (res://gameplay/tactical_deployment_controller.gd:358)
       [9] setup_flexible (res://gameplay/arsenal_battle_fixture.gd:166)
       [10] setup (res://gameplay/arsenal_battle_fixture.gd:18)
       [11] start_battle (res://gameplay/arsenal_review.gd:180)
SCRIPT ERROR: Trying to assign an array of type "Array" to a variable of type "Array[String]".
   at: BattlefieldGeometry.get_obstacle_ids_at_point (res://battle/geometry/battlefield_geometry.gd:585)
   GDScript backtrace (most recent call first):
       [0] get_obstacle_ids_at_point (res://battle/geometry/battlefield_geometry.gd:585)
       [1] get_movement_blocking_obstacle_id_at (res://battle/geometry/battlefield_geometry.gd:259)
       [2] get_deployment_position_error (res://battle/core/battle_state.gd:573)
       [3] _generate_legal_candidates (res://battle/ai/battle_deployment_planner.gd:392)
       [4] _plan_side_deployment (res://battle/ai/battle_deployment_planner.gd:86)
       [5] plan_side_deployment (res://battle/ai/battle_deployment_planner.gd:42)
       [6] apply_and_commit_side (res://battle/ai/battle_deployment_ai_service.gd:33)
       [7] _invoke_standard_assault_defender_ai (res://gameplay/tactical_deployment_controller.gd:468)
       [8] try_commit_attacker (res://gameplay/tactical_deployment_controller.gd:358)
       [9] setup_flexible (res://gameplay/arsenal_battle_fixture.gd:166)
       [10] setup (res://gameplay/arsenal_battle_fixture.gd:18)
       [11] start_battle (res://gameplay/arsenal_review.gd:180)
SCRIPT ERROR: Trying to assign an array of type "Array" to a variable of type "Array[String]".
   at: BattlefieldGeometry.get_obstacle_ids_at_point (res://battle/geometry/battlefield_geometry.gd:585)
   GDScript backtrace (most recent call first):
       [0] get_obstacle_ids_at_point (res://battle/geometry/battlefield_geometry.gd:585)
       [1] get_movement_blocking_obstacle_id_at (res://battle/geometry/battlefield_geometry.gd:259)
       [2] get_deployment_position_error (res://battle/core/battle_state.gd:573)
       [3] _generate_legal_candidates (res://battle/ai/battle_deployment_planner.gd:392)
       [4] _plan_side_deployment (res://battle/ai/battle_deployment_planner.gd:86)
       [5] plan_side_deployment (res://battle/ai/battle_deployment_planner.gd:42)
       [6] apply_and_commit_side (res://battle/ai/battle_deployment_ai_service.gd:33)
       [7] _invoke_standard_assault_defender_ai (res://gameplay/tactical_deployment_controller.gd:468)
       [8] try_commit_attacker (res://gameplay/tactical_deployment_controller.gd:358)
       [9] setup_flexible (res://gameplay/arsenal_battle_fixture.gd:166)
       [10] setup (res://gameplay/arsenal_battle_fixture.gd:18)
       [11] start_battle (res://gameplay/arsenal_review.gd:180)
SCRIPT ERROR: Trying to assign an array of type "Array" to a variable of type "Array[String]".
   at: BattlefieldGeometry.get_obstacle_ids_at_point (res://battle/geometry/battlefield_geometry.gd:585)
   GDScript backtrace (most recent call first):
       [0] get_obstacle_ids_at_point (res://battle/geometry/battlefield_geometry.gd:585)
       [1] get_movement_blocking_obstacle_id_at (res://battle/geometry/battlefield_geometry.gd:259)
       [2] get_deployment_position_error (res://battle/core/battle_state.gd:573)
       [3] _generate_legal_candidates (res://battle/ai/battle_deployment_planner.gd:392)
       [4] _plan_side_deployment (res://battle/ai/battle_deployment_planner.gd:86)
       [5] plan_side_deployment (res://battle/ai/battle_deployment_planner.gd:42)
       [6] apply_and_commit_side (res://battle/ai/battle_deployment_ai_service.gd:33)
       [7] _invoke_standard_assault_defender_ai (res://gameplay/tactical_deployment_controller.gd:468)
       [8] try_commit_attacker (res://gameplay/tactical_deployment_controller.gd:358)
       [9] setup_flexible (res://gameplay/arsenal_battle_fixture.gd:166)
       [10] setup (res://gameplay/arsenal_battle_fixture.gd:18)
       [11] start_battle (res://gameplay/arsenal_review.gd:180)
SCRIPT ERROR: Trying to assign an array of type "Array" to a variable of type "Array[String]".
   at: BattlefieldGeometry.get_obstacle_ids_at_point (res://battle/geometry/battlefield_geometry.gd:585)
   GDScript backtrace (most recent call first):
       [0] get_obstacle_ids_at_point (res://battle/geometry/battlefield_geometry.gd:585)
       [1] get_movement_blocking_obstacle_id_at (res://battle/geometry/battlefield_geometry.gd:259)
       [2] get_deployment_position_error (res://battle/core/battle_state.gd:573)
       [3] _generate_legal_candidates (res://battle/ai/battle_deployment_planner.gd:392)
       [4] _plan_side_deployment (res://battle/ai/battle_deployment_planner.gd:86)
       [5] plan_side_deployment (res://battle/ai/battle_deployment_planner.gd:42)
       [6] apply_and_commit_side (res://battle/ai/battle_deployment_ai_service.gd:33)
       [7] _invoke_standard_assault_defender_ai (res://gameplay/tactical_deployment_controller.gd:468)
       [8] try_commit_attacker (res://gameplay/tactical_deployment_controller.gd:358)
       [9] setup_flexible (res://gameplay/arsenal_battle_fixture.gd:166)
       [10] setup (res://gameplay/arsenal_battle_fixture.gd:18)
       [11] start_battle (res://gameplay/arsenal_review.gd:180)
SCRIPT ERROR: Trying to assign an array of type "Array" to a variable of type "Array[String]".
   at: BattlefieldGeometry.get_obstacle_ids_at_point (res://battle/geometry/battlefield_geometry.gd:585)
   GDScript backtrace (most recent call first):
       [0] get_obstacle_ids_at_point (res://battle/geometry/battlefield_geometry.gd:585)
       [1] get_movement_blocking_obstacle_id_at (res://battle/geometry/battlefield_geometry.gd:259)
       [2] get_deployment_position_error (res://battle/core/battle_state.gd:573)
       [3] _generate_legal_candidates (res://battle/ai/battle_deployment_planner.gd:408)
       [4] _plan_side_deployment (res://battle/ai/battle_deployment_planner.gd:86)
       [5] plan_side_deployment (res://battle/ai/battle_deployment_planner.gd:42)
       [6] apply_and_commit_side (res://battle/ai/battle_deployment_ai_service.gd:33)
       [7] _invoke_standard_assault_defender_ai (res://gameplay/tactical_deployment_controller.gd:468)
       [8] try_commit_attacker (res://gameplay/tactical_deployment_controller.gd:358)
       [9] setup_flexible (res://gameplay/arsenal_battle_fixture.gd:166)
       [10] setup (res://gameplay/arsenal_battle_fixture.gd:18)
       [11] start_battle (res://gameplay/arsenal_review.gd:180)
SCRIPT ERROR: Trying to assign an array of type "Array" to a variable of type "Array[String]".
   at: BattlefieldGeometry.get_obstacle_ids_at_point (res://battle/geometry/battlefield_geometry.gd:585)
   GDScript backtrace (most recent call first):
       [0] get_obstacle_ids_at_point (res://battle/geometry/battlefield_geometry.gd:585)
       [1] get_obstacle_ids_in_rect (res://battle/geometry/battlefield_geometry.gd:599)
       [2] _trace_segment (res://battle/combat/battle_line_of_sight_service.gd:191)
       [3] _trace_segment_cached (res://battle/combat/battle_line_of_sight_service.gd:143)
       [4] check_segment (res://battle/combat/battle_line_of_sight_service.gd:79)
       [5] _has_los_to_any_opponent (res://battle/ai/battle_deployment_planner.gd:553)
       [6] _score_candidate (res://battle/ai/battle_deployment_planner.gd:471)
       [7] _plan_side_deployment (res://battle/ai/battle_deployment_planner.gd:117)
       [8] plan_side_deployment (res://battle/ai/battle_deployment_planner.gd:42)
       [9] apply_and_commit_side (res://battle/ai/battle_deployment_ai_service.gd:33)
       [10] _invoke_standard_assault_defender_ai (res://gameplay/tactical_deployment_controller.gd:468)
       [11] try_commit_attacker (res://gameplay/tactical_deployment_controller.gd:358)
       [12] setup_flexible (res://gameplay/arsenal_battle_fixture.gd:166)
       [13] setup (res://gameplay/arsenal_battle_fixture.gd:18)
       [14] start_battle (res://gameplay/arsenal_review.gd:180)
SCRIPT ERROR: Trying to assign an array of type "Array" to a variable of type "Array[String]".
   at: BattlefieldGeometry.get_obstacle_ids_at_point (res://battle/geometry/battlefield_geometry.gd:585)
   GDScript backtrace (most recent call first):
       [0] get_obstacle_ids_at_point (res://battle/geometry/battlefield_geometry.gd:585)
       [1] get_obstacle_ids_in_rect (res://battle/geometry/battlefield_geometry.gd:599)
       [2] _trace_segment (res://battle/combat/battle_line_of_sight_service.gd:191)
       [3] _trace_segment_cached (res://battle/combat/battle_line_of_sight_service.gd:143)
       [4] check_segment (res://battle/combat/battle_line_of_sight_service.gd:79)
       [5] _has_los_to_any_opponent (res://battle/ai/battle_deployment_planner.gd:553)
       [6] _score_candidate (res://battle/ai/battle_deployment_planner.gd:471)
       [7] _plan_side_deployment (res://battle/ai/battle_deployment_planner.gd:117)
       [8] plan_side_deployment (res://battle/ai/battle_deployment_planner.gd:42)
       [9] apply_and_commit_side (res://battle/ai/battle_deployment_ai_service.gd:33)
       [10] _invoke_standard_assault_defender_ai (res://gameplay/tactical_deployment_controller.gd:468)
       [11] try_commit_attacker (res://gameplay/tactical_deployment_controller.gd:358)
       [12] setup_flexible (res://gameplay/arsenal_battle_fixture.gd:166)
       [13] setup (res://gameplay/arsenal_battle_fixture.gd:18)
       [14] start_battle (res://gameplay/arsenal_review.gd:180)
SCRIPT ERROR: Trying to assign an array of type "Array" to a variable of type "Array[String]".
   at: BattlefieldGeometry.get_obstacle_ids_at_point (res://battle/geometry/battlefield_geometry.gd:585)
   GDScript backtrace (most recent call first):
       [0] get_obstacle_ids_at_point (res://battle/geometry/battlefield_geometry.gd:585)
       [1] get_obstacle_ids_in_rect (res://battle/geometry/battlefield_geometry.gd:599)
       [2] _trace_segment (res://battle/combat/battle_line_of_sight_service.gd:191)
       [3] _trace_segment_cached (res://battle/combat/battle_line_of_sight_service.gd:143)
       [4] check_segment (res://battle/combat/battle_line_of_sight_service.gd:79)
       [5] _has_los_to_any_opponent (res://battle/ai/battle_deployment_planner.gd:553)
       [6] _score_candidate (res://battle/ai/battle_deployment_planner.gd:471)
       [7] _plan_side_deployment (res://battle/ai/battle_deployment_planner.gd:117)
       [8] plan_side_deployment (res://battle/ai/battle_deployment_planner.gd:42)
       [9] apply_and_commit_side (res://battle/ai/battle_deployment_ai_service.gd:33)
       [10] _invoke_standard_assault_defender_ai (res://gameplay/tactical_deployment_controller.gd:468)
       [11] try_commit_attacker (res://gameplay/tactical_deployment_controller.gd:358)
       [12] setup_flexible (res://gameplay/arsenal_battle_fixture.gd:166)
       [13] setup (res://gameplay/arsenal_battle_fixture.gd:18)
       [14] start_battle (res://gameplay/arsenal_review.gd:180)
SCRIPT ERROR: Trying to assign an array of type "Array" to a variable of type "Array[String]".
   at: BattlefieldGeometry.get_obstacle_ids_at_point (res://battle/geometry/battlefield_geometry.gd:585)
   GDScript backtrace (most recent call first):
       [0] get_obstacle_ids_at_point (res://battle/geometry/battlefield_geometry.gd:585)
       [1] get_obstacle_ids_in_rect (res://battle/geometry/battlefield_geometry.gd:599)
       [2] _trace_segment (res://battle/combat/battle_line_of_sight_service.gd:191)
       [3] _trace_segment_cached (res://battle/combat/battle_line_of_sight_service.gd:143)
       [4] check_segment (res://battle/combat/battle_line_of_sight_service.gd:79)
       [5] _has_los_to_any_opponent (res://battle/ai/battle_deployment_planner.gd:553)
       [6] _score_candidate (res://battle/ai/battle_deployment_planner.gd:471)
       [7] _plan_side_deployment (res://battle/ai/battle_deployment_planner.gd:117)
       [8] plan_side_deployment (res://battle/ai/battle_deployment_planner.gd:42)
       [9] apply_and_commit_side (res://battle/ai/battle_deployment_ai_service.gd:33)
       [10] _invoke_standard_assault_defender_ai (res://gameplay/tactical_deployment_controller.gd:468)
       [11] try_commit_attacker (res://gameplay/tactical_deployment_controller.gd:358)
       [12] setup_flexible (res://gameplay/arsenal_battle_fixture.gd:166)
       [13] setup (res://gameplay/arsenal_battle_fixture.gd:18)
       [14] start_battle (res://gameplay/arsenal_review.gd:180)
SCRIPT ERROR: Trying to assign an array of type "Array" to a variable of type "Array[String]".
   at: BattlefieldGeometry.get_obstacle_ids_at_point (res://battle/geometry/battlefield_geometry.gd:585)
   GDScript backtrace (most recent call first):
       [0] get_obstacle_ids_at_point (res://battle/geometry/battlefield_geometry.gd:585)
       [1] get_obstacle_ids_in_rect (res://battle/geometry/battlefield_geometry.gd:599)
       [2] _trace_segment (res://battle/combat/battle_line_of_sight_service.gd:191)
       [3] _trace_segment_cached (res://battle/combat/battle_line_of_sight_service.gd:143)
       [4] check_segment (res://battle/combat/battle_line_of_sight_service.gd:79)
       [5] _has_los_to_any_opponent (res://battle/ai/battle_deployment_planner.gd:553)
       [6] _score_candidate (res://battle/ai/battle_deployment_planner.gd:471)
       [7] _plan_side_deployment (res://battle/ai/battle_deployment_planner.gd:117)
       [8] plan_side_deployment (res://battle/ai/battle_deployment_planner.gd:42)
       [9] apply_and_commit_side (res://battle/ai/battle_deployment_ai_service.gd:33)
       [10] _invoke_standard_assault_defender_ai (res://gameplay/tactical_deployment_controller.gd:468)
       [11] try_commit_attacker (res://gameplay/tactical_deployment_controller.gd:358)
       [12] setup_flexible (res://gameplay/arsenal_battle_fixture.gd:166)
       [13] setup (res://gameplay/arsenal_battle_fixture.gd:18)
       [14] start_battle (res://gameplay/arsenal_review.gd:180)
SCRIPT ERROR: Trying to assign an array of type "Array" to a variable of type "Array[String]".
   at: BattlefieldGeometry.get_obstacle_ids_at_point (res://battle/geometry/battlefield_geometry.gd:585)
   GDScript backtrace (most recent call first):
       [0] get_obstacle_ids_at_point (res://battle/geometry/battlefield_geometry.gd:585)
       [1] get_obstacle_ids_in_rect (res://battle/geometry/battlefield_geometry.gd:599)
       [2] _trace_segment (res://battle/combat/battle_line_of_sight_service.gd:191)
       [3] _trace_segment_cached (res://battle/combat/battle_line_of_sight_service.gd:143)
       [4] check_segment (res://battle/combat/battle_line_of_sight_service.gd:79)
       [5] _has_los_to_any_opponent (res://battle/ai/battle_deployment_planner.gd:553)
       [6] _score_candidate (res://battle/ai/battle_deployment_planner.gd:471)
       [7] _plan_side_deployment (res://battle/ai/battle_deployment_planner.gd:117)
       [8] plan_side_deployment (res://battle/ai/battle_deployment_planner.gd:42)
       [9] apply_and_commit_side (res://battle/ai/battle_deployment_ai_service.gd:33)
       [10] _invoke_standard_assault_defender_ai (res://gameplay/tactical_deployment_controller.gd:468)
       [11] try_commit_attacker (res://gameplay/tactical_deployment_controller.gd:358)
       [12] setup_flexible (res://gameplay/arsenal_battle_fixture.gd:166)
       [13] setup (res://gameplay/arsenal_battle_fixture.gd:18)
       [14] start_battle (res://gameplay/arsenal_review.gd:180)
SCRIPT ERROR: Trying to assign an array of type "Array" to a variable of type "Array[String]".
   at: BattlefieldGeometry.get_obstacle_ids_at_point (res://battle/geometry/battlefield_geometry.gd:585)
   GDScript backtrace (most recent call first):
       [0] get_obstacle_ids_at_point (res://battle/geometry/battlefield_geometry.gd:585)
       [1] get_obstacle_ids_in_rect (res://battle/geometry/battlefield_geometry.gd:599)
       [2] _trace_segment (res://battle/combat/battle_line_of_sight_service.gd:191)
       [3] _trace_segment_cached (res://battle/combat/battle_line_of_sight_service.gd:143)
       [4] check_segment (res://battle/combat/battle_line_of_sight_service.gd:79)
       [5] _has_los_to_any_opponent (res://battle/ai/battle_deployment_planner.gd:553)
       [6] _score_candidate (res://battle/ai/battle_deployment_planner.gd:471)
       [7] _plan_side_deployment (res://battle/ai/battle_deployment_planner.gd:117)
       [8] plan_side_deployment (res://battle/ai/battle_deployment_planner.gd:42)
       [9] apply_and_commit_side (res://battle/ai/battle_deployment_ai_service.gd:33)
       [10] _invoke_standard_assault_defender_ai (res://gameplay/tactical_deployment_controller.gd:468)
       [11] try_commit_attacker (res://gameplay/tactical_deployment_controller.gd:358)
       [12] setup_flexible (res://gameplay/arsenal_battle_fixture.gd:166)
       [13] setup (res://gameplay/arsenal_battle_fixture.gd:18)
       [14] start_battle (res://gameplay/arsenal_review.gd:180)
SCRIPT ERROR: Trying to assign an array of type "Array" to a variable of type "Array[String]".
   at: BattlefieldGeometry.get_obstacle_ids_at_point (res://battle/geometry/battlefield_geometry.gd:585)
   GDScript backtrace (most recent call first):
       [0] get_obstacle_ids_at_point (res://battle/geometry/battlefield_geometry.gd:585)
       [1] get_obstacle_ids_in_rect (res://battle/geometry/battlefield_geometry.gd:599)
       [2] _trace_segment (res://battle/combat/battle_line_of_sight_service.gd:191)
       [3] _trace_segment_cached (res://battle/combat/battle_line_of_sight_service.gd:143)
       [4] check_segment (res://battle/combat/battle_line_of_sight_service.gd:79)
       [5] _has_los_to_any_opponent (res://battle/ai/battle_deployment_planner.gd:553)
       [6] _score_candidate (res://battle/ai/battle_deployment_planner.gd:471)
       [7] _plan_side_deployment (res://battle/ai/battle_deployment_planner.gd:117)
       [8] plan_side_deployment (res://battle/ai/battle_deployment_planner.gd:42)
       [9] apply_and_commit_side (res://battle/ai/battle_deployment_ai_service.gd:33)
       [10] _invoke_standard_assault_defender_ai (res://gameplay/tactical_deployment_controller.gd:468)
       [11] try_commit_attacker (res://gameplay/tactical_deployment_controller.gd:358)
       [12] setup_flexible (res://gameplay/arsenal_battle_fixture.gd:166)
       [13] setup (res://gameplay/arsenal_battle_fixture.gd:18)
       [14] start_battle (res://gameplay/arsenal_review.gd:180)
SCRIPT ERROR: Trying to assign an array of type "Array" to a variable of type "Array[String]".
   at: BattlefieldGeometry.get_obstacle_ids_at_point (res://battle/geometry/battlefield_geometry.gd:585)
   GDScript backtrace (most recent call first):
       [0] get_obstacle_ids_at_point (res://battle/geometry/battlefield_geometry.gd:585)
       [1] get_obstacle_ids_in_rect (res://battle/geometry/battlefield_geometry.gd:599)
       [2] _trace_segment (res://battle/combat/battle_line_of_sight_service.gd:191)
       [3] _trace_segment_cached (res://battle/combat/battle_line_of_sight_service.gd:143)
       [4] check_segment (res://battle/combat/battle_line_of_sight_service.gd:79)
       [5] _has_los_to_any_opponent (res://battle/ai/battle_deployment_planner.gd:553)
       [6] _score_candidate (res://battle/ai/battle_deployment_planner.gd:471)
       [7] _plan_side_deployment (res://battle/ai/battle_deployment_planner.gd:117)
       [8] plan_side_deployment (res://battle/ai/battle_deployment_planner.gd:42)
       [9] apply_and_commit_side (res://battle/ai/battle_deployment_ai_service.gd:33)
       [10] _invoke_standard_assault_defender_ai (res://gameplay/tactical_deployment_controller.gd:468)
       [11] try_commit_attacker (res://gameplay/tactical_deployment_controller.gd:358)
       [12] setup_flexible (res://gameplay/arsenal_battle_fixture.gd:166)
       [13] setup (res://gameplay/arsenal_battle_fixture.gd:18)
       [14] start_battle (res://gameplay/arsenal_review.gd:180)
SCRIPT ERROR: Trying to assign an array of type "Array" to a variable of type "Array[String]".
   at: BattlefieldGeometry.get_obstacle_ids_at_point (res://battle/geometry/battlefield_geometry.gd:585)
   GDScript backtrace (most recent call first):
       [0] get_obstacle_ids_at_point (res://battle/geometry/battlefield_geometry.gd:585)
       [1] get_obstacle_ids_in_rect (res://battle/geometry/battlefield_geometry.gd:599)
       [2] _trace_segment (res://battle/combat/battle_line_of_sight_service.gd:191)
       [3] _trace_segment_cached (res://battle/combat/battle_line_of_sight_service.gd:143)
       [4] check_segment (res://battle/combat/battle_line_of_sight_service.gd:79)
       [5] _has_los_to_any_opponent (res://battle/ai/battle_deployment_planner.gd:553)
       [6] _score_candidate (res://battle/ai/battle_deployment_planner.gd:471)
       [7] _plan_side_deployment (res://battle/ai/battle_deployment_planner.gd:117)
       [8] plan_side_deployment (res://battle/ai/battle_deployment_planner.gd:42)
       [9] apply_and_commit_side (res://battle/ai/battle_deployment_ai_service.gd:33)
       [10] _invoke_standard_assault_defender_ai (res://gameplay/tactical_deployment_controller.gd:468)
       [11] try_commit_attacker (res://gameplay/tactical_deployment_controller.gd:358)
       [12] setup_flexible (res://gameplay/arsenal_battle_fixture.gd:166)
       [13] setup (res://gameplay/arsenal_battle_fixture.gd:18)
       [14] start_battle (res://gameplay/arsenal_review.gd:180)
SCRIPT ERROR: Trying to assign an array of type "Array" to a variable of type "Array[String]".
   at: BattlefieldGeometry.get_obstacle_ids_at_point (res://battle/geometry/battlefield_geometry.gd:585)
   GDScript backtrace (most recent call first):
       [0] get_obstacle_ids_at_point (res://battle/geometry/battlefield_geometry.gd:585)
       [1] get_obstacle_ids_in_rect (res://battle/geometry/battlefield_geometry.gd:599)
       [2] _trace_segment (res://battle/combat/battle_line_of_sight_service.gd:191)
       [3] _trace_segment_cached (res://battle/combat/battle_line_of_sight_service.gd:143)
       [4] check_segment (res://battle/combat/battle_line_of_sight_service.gd:79)
       [5] _has_los_to_any_opponent (res://battle/ai/battle_deployment_planner.gd:553)
       [6] _score_candidate (res://battle/ai/battle_deployment_planner.gd:471)
       [7] _plan_side_deployment (res://battle/ai/battle_deployment_planner.gd:117)
       [8] plan_side_deployment (res://battle/ai/battle_deployment_planner.gd:42)
       [9] apply_and_commit_side (res://battle/ai/battle_deployment_ai_service.gd:33)
       [10] _invoke_standard_assault_defender_ai (res://gameplay/tactical_deployment_controller.gd:468)
       [11] try_commit_attacker (res://gameplay/tactical_deployment_controller.gd:358)
       [12] setup_flexible (res://gameplay/arsenal_battle_fixture.gd:166)
       [13] setup (res://gameplay/arsenal_battle_fixture.gd:18)
       [14] start_battle (res://gameplay/arsenal_review.gd:180)
SCRIPT ERROR: Trying to assign an array of type "Array" to a variable of type "Array[String]".
   at: BattlefieldGeometry.get_obstacle_ids_at_point (res://battle/geometry/battlefield_geometry.gd:585)
   GDScript backtrace (most recent call first):
       [0] get_obstacle_ids_at_point (res://battle/geometry/battlefield_geometry.gd:585)
       [1] get_obstacle_ids_in_rect (res://battle/geometry/battlefield_geometry.gd:599)
       [2] _trace_segment (res://battle/combat/battle_line_of_sight_service.gd:191)
       [3] _trace_segment_cached (res://battle/combat/battle_line_of_sight_service.gd:143)
       [4] check_segment (res://battle/combat/battle_line_of_sight_service.gd:79)
       [5] _has_los_to_any_opponent (res://battle/ai/battle_deployment_planner.gd:553)
       [6] _score_candidate (res://battle/ai/battle_deployment_planner.gd:471)
       [7] _plan_side_deployment (res://battle/ai/battle_deployment_planner.gd:117)
       [8] plan_side_deployment (res://battle/ai/battle_deployment_planner.gd:42)
       [9] apply_and_commit_side (res://battle/ai/battle_deployment_ai_service.gd:33)
       [10] _invoke_standard_assault_defender_ai (res://gameplay/tactical_deployment_controller.gd:468)
       [11] try_commit_attacker (res://gameplay/tactical_deployment_controller.gd:358)
       [12] setup_flexible (res://gameplay/arsenal_battle_fixture.gd:166)
       [13] setup (res://gameplay/arsenal_battle_fixture.gd:18)
       [14] start_battle (res://gameplay/arsenal_review.gd:180)
SCRIPT ERROR: Trying to assign an array of type "Array" to a variable of type "Array[String]".
   at: BattlefieldGeometry.get_obstacle_ids_at_point (res://battle/geometry/battlefield_geometry.gd:585)
   GDScript backtrace (most recent call first):
       [0] get_obstacle_ids_at_point (res://battle/geometry/battlefield_geometry.gd:585)
       [1] get_obstacle_ids_in_rect (res://battle/geometry/battlefield_geometry.gd:599)
       [2] _trace_segment (res://battle/combat/battle_line_of_sight_service.gd:191)
       [3] _trace_segment_cached (res://battle/combat/battle_line_of_sight_service.gd:143)
       [4] check_segment (res://battle/combat/battle_line_of_sight_service.gd:79)
       [5] _has_los_to_any_opponent (res://battle/ai/battle_deployment_planner.gd:553)
       [6] _score_candidate (res://battle/ai/battle_deployment_planner.gd:471)
       [7] _plan_side_deployment (res://battle/ai/battle_deployment_planner.gd:117)
       [8] plan_side_deployment (res://battle/ai/battle_deployment_planner.gd:42)
       [9] apply_and_commit_side (res://battle/ai/battle_deployment_ai_service.gd:33)
       [10] _invoke_standard_assault_defender_ai (res://gameplay/tactical_deployment_controller.gd:468)
       [11] try_commit_attacker (res://gameplay/tactical_deployment_controller.gd:358)
       [12] setup_flexible (res://gameplay/arsenal_battle_fixture.gd:166)
       [13] setup (res://gameplay/arsenal_battle_fixture.gd:18)
       [14] start_battle (res://gameplay/arsenal_review.gd:180)
SCRIPT ERROR: Trying to assign an array of type "Array" to a variable of type "Array[String]".
   at: BattlefieldGeometry.get_obstacle_ids_at_point (res://battle/geometry/battlefield_geometry.gd:585)
   GDScript backtrace (most recent call first):
       [0] get_obstacle_ids_at_point (res://battle/geometry/battlefield_geometry.gd:585)
       [1] get_obstacle_ids_in_rect (res://battle/geometry/battlefield_geometry.gd:599)
       [2] _trace_segment (res://battle/combat/battle_line_of_sight_service.gd:191)
       [3] _trace_segment_cached (res://battle/combat/battle_line_of_sight_service.gd:143)
       [4] check_segment (res://battle/combat/battle_line_of_sight_service.gd:79)
       [5] _has_los_to_any_opponent (res://battle/ai/battle_deployment_planner.gd:553)
       [6] _score_candidate (res://battle/ai/battle_deployment_planner.gd:471)
       [7] _plan_side_deployment (res://battle/ai/battle_deployment_planner.gd:117)
       [8] plan_side_deployment (res://battle/ai/battle_deployment_planner.gd:42)
       [9] apply_and_commit_side (res://battle/ai/battle_deployment_ai_service.gd:33)
       [10] _invoke_standard_assault_defender_ai (res://gameplay/tactical_deployment_controller.gd:468)
       [11] try_commit_attacker (res://gameplay/tactical_deployment_controller.gd:358)
       [12] setup_flexible (res://gameplay/arsenal_battle_fixture.gd:166)
       [13] setup (res://gameplay/arsenal_battle_fixture.gd:18)
       [14] start_battle (res://gameplay/arsenal_review.gd:180)
SCRIPT ERROR: Trying to assign an array of type "Array" to a variable of type "Array[String]".
   at: BattlefieldGeometry.get_obstacle_ids_at_point (res://battle/geometry/battlefield_geometry.gd:585)
   GDScript backtrace (most recent call first):
       [0] get_obstacle_ids_at_point (res://battle/geometry/battlefield_geometry.gd:585)
       [1] get_obstacle_ids_in_rect (res://battle/geometry/battlefield_geometry.gd:599)
       [2] _trace_segment (res://battle/combat/battle_line_of_sight_service.gd:191)
       [3] _trace_segment_cached (res://battle/combat/battle_line_of_sight_service.gd:143)
       [4] check_segment (res://battle/combat/battle_line_of_sight_service.gd:79)
       [5] _has_los_to_any_opponent (res://battle/ai/battle_deployment_planner.gd:553)
       [6] _score_candidate (res://battle/ai/battle_deployment_planner.gd:471)
       [7] _plan_side_deployment (res://battle/ai/battle_deployment_planner.gd:117)
       [8] plan_side_deployment (res://battle/ai/battle_deployment_planner.gd:42)
       [9] apply_and_commit_side (res://battle/ai/battle_deployment_ai_service.gd:33)
       [10] _invoke_standard_assault_defender_ai (res://gameplay/tactical_deployment_controller.gd:468)
       [11] try_commit_attacker (res://gameplay/tactical_deployment_controller.gd:358)
       [12] setup_flexible (res://gameplay/arsenal_battle_fixture.gd:166)
       [13] setup (res://gameplay/arsenal_battle_fixture.gd:18)
       [14] start_battle (res://gameplay/arsenal_review.gd:180)
SCRIPT ERROR: Trying to assign an array of type "Array" to a variable of type "Array[String]".
   at: BattlefieldGeometry.get_obstacle_ids_at_point (res://battle/geometry/battlefield_geometry.gd:585)
   GDScript backtrace (most recent call first):
       [0] get_obstacle_ids_at_point (res://battle/geometry/battlefield_geometry.gd:585)
       [1] get_obstacle_ids_in_rect (res://battle/geometry/battlefield_geometry.gd:599)
       [2] _trace_segment (res://battle/combat/battle_line_of_sight_service.gd:191)
       [3] _trace_segment_cached (res://battle/combat/battle_line_of_sight_service.gd:143)
       [4] check_segment (res://battle/combat/battle_line_of_sight_service.gd:79)
       [5] _has_los_to_any_opponent (res://battle/ai/battle_deployment_planner.gd:553)
       [6] _score_candidate (res://battle/ai/battle_deployment_planner.gd:471)
       [7] _plan_side_deployment (res://battle/ai/battle_deployment_planner.gd:117)
       [8] plan_side_deployment (res://battle/ai/battle_deployment_planner.gd:42)
       [9] apply_and_commit_side (res://battle/ai/battle_deployment_ai_service.gd:33)
       [10] _invoke_standard_assault_defender_ai (res://gameplay/tactical_deployment_controller.gd:468)
       [11] try_commit_attacker (res://gameplay/tactical_deployment_controller.gd:358)
       [12] setup_flexible (res://gameplay/arsenal_battle_fixture.gd:166)
       [13] setup (res://gameplay/arsenal_battle_fixture.gd:18)
       [14] start_battle (res://gameplay/arsenal_review.gd:180)
SCRIPT ERROR: Trying to assign an array of type "Array" to a variable of type "Array[String]".
   at: BattlefieldGeometry.get_obstacle_ids_at_point (res://battle/geometry/battlefield_geometry.gd:585)
   GDScript backtrace (most recent call first):
       [0] get_obstacle_ids_at_point (res://battle/geometry/battlefield_geometry.gd:585)
       [1] get_obstacle_ids_in_rect (res://battle/geometry/battlefield_geometry.gd:599)
       [2] _trace_segment (res://battle/combat/battle_line_of_sight_service.gd:191)
       [3] _trace_segment_cached (res://battle/combat/battle_line_of_sight_service.gd:143)
       [4] check_segment (res://battle/combat/battle_line_of_sight_service.gd:79)
       [5] _has_los_to_any_opponent (res://battle/ai/battle_deployment_planner.gd:553)
       [6] _score_candidate (res://battle/ai/battle_deployment_planner.gd:471)
       [7] _plan_side_deployment (res://battle/ai/battle_deployment_planner.gd:117)
       [8] plan_side_deployment (res://battle/ai/battle_deployment_planner.gd:42)
       [9] apply_and_commit_side (res://battle/ai/battle_deployment_ai_service.gd:33)
       [10] _invoke_standard_assault_defender_ai (res://gameplay/tactical_deployment_controller.gd:468)
       [11] try_commit_attacker (res://gameplay/tactical_deployment_controller.gd:358)
       [12] setup_flexible (res://gameplay/arsenal_battle_fixture.gd:166)
       [13] setup (res://gameplay/arsenal_battle_fixture.gd:18)
       [14] start_battle (res://gameplay/arsenal_review.gd:180)
SCRIPT ERROR: Trying to assign an array of type "Array" to a variable of type "Array[String]".
   at: BattlefieldGeometry.get_obstacle_ids_at_point (res://battle/geometry/battlefield_geometry.gd:585)
   GDScript backtrace (most recent call first):
       [0] get_obstacle_ids_at_point (res://battle/geometry/battlefield_geometry.gd:585)
       [1] get_obstacle_ids_in_rect (res://battle/geometry/battlefield_geometry.gd:599)
       [2] _trace_segment (res://battle/combat/battle_line_of_sight_service.gd:191)
       [3] _trace_segment_cached (res://battle/combat/battle_line_of_sight_service.gd:143)
       [4] check_segment (res://battle/combat/battle_line_of_sight_service.gd:79)
       [5] _has_los_to_any_opponent (res://battle/ai/battle_deployment_planner.gd:553)
       [6] _score_candidate (res://battle/ai/battle_deployment_planner.gd:471)
       [7] _plan_side_deployment (res://battle/ai/battle_deployment_planner.gd:117)
       [8] plan_side_deployment (res://battle/ai/battle_deployment_planner.gd:42)
       [9] apply_and_commit_side (res://battle/ai/battle_deployment_ai_service.gd:33)
       [10] _invoke_standard_assault_defender_ai (res://gameplay/tactical_deployment_controller.gd:468)
       [11] try_commit_attacker (res://gameplay/tactical_deployment_controller.gd:358)
       [12] setup_flexible (res://gameplay/arsenal_battle_fixture.gd:166)
       [13] setup (res://gameplay/arsenal_battle_fixture.gd:18)
       [14] start_battle (res://gameplay/arsenal_review.gd:180)
SCRIPT ERROR: Trying to assign an array of type "Array" to a variable of type "Array[String]".
   at: BattlefieldGeometry.get_obstacle_ids_at_point (res://battle/geometry/battlefield_geometry.gd:585)
   GDScript backtrace (most recent call first):
       [0] get_obstacle_ids_at_point (res://battle/geometry/battlefield_geometry.gd:585)
       [1] get_obstacle_ids_in_rect (res://battle/geometry/battlefield_geometry.gd:599)
       [2] _trace_segment (res://battle/combat/battle_line_of_sight_service.gd:191)
       [3] _trace_segment_cached (res://battle/combat/battle_line_of_sight_service.gd:143)
       [4] check_segment (res://battle/combat/battle_line_of_sight_service.gd:79)
       [5] _has_los_to_any_opponent (res://battle/ai/battle_deployment_planner.gd:553)
       [6] _score_candidate (res://battle/ai/battle_deployment_planner.gd:471)
       [7] _plan_side_deployment (res://battle/ai/battle_deployment_planner.gd:117)
       [8] plan_side_deployment (res://battle/ai/battle_deployment_planner.gd:42)
       [9] apply_and_commit_side (res://battle/ai/battle_deployment_ai_service.gd:33)
       [10] _invoke_standard_assault_defender_ai (res://gameplay/tactical_deployment_controller.gd:468)
       [11] try_commit_attacker (res://gameplay/tactical_deployment_controller.gd:358)
       [12] setup_flexible (res://gameplay/arsenal_battle_fixture.gd:166)
       [13] setup (res://gameplay/arsenal_battle_fixture.gd:18)
       [14] start_battle (res://gameplay/arsenal_review.gd:180)
SCRIPT ERROR: Trying to assign an array of type "Array" to a variable of type "Array[String]".
   at: BattlefieldGeometry.get_obstacle_ids_at_point (res://battle/geometry/battlefield_geometry.gd:585)
   GDScript backtrace (most recent call first):
       [0] get_obstacle_ids_at_point (res://battle/geometry/battlefield_geometry.gd:585)
       [1] get_obstacle_ids_in_rect (res://battle/geometry/battlefield_geometry.gd:599)
       [2] _trace_segment (res://battle/combat/battle_line_of_sight_service.gd:191)
       [3] _trace_segment_cached (res://battle/combat/battle_line_of_sight_service.gd:143)
       [4] check_segment (res://battle/combat/battle_line_of_sight_service.gd:79)
       [5] _has_los_to_any_opponent (res://battle/ai/battle_deployment_planner.gd:553)
       [6] _score_candidate (res://battle/ai/battle_deployment_planner.gd:471)
       [7] _plan_side_deployment (res://battle/ai/battle_deployment_planner.gd:117)
       [8] plan_side_deployment (res://battle/ai/battle_deployment_planner.gd:42)
       [9] apply_and_commit_side (res://battle/ai/battle_deployment_ai_service.gd:33)
       [10] _invoke_standard_assault_defender_ai (res://gameplay/tactical_deployment_controller.gd:468)
       [11] try_commit_attacker (res://gameplay/tactical_deployment_controller.gd:358)
       [12] setup_flexible (res://gameplay/arsenal_battle_fixture.gd:166)
       [13] setup (res://gameplay/arsenal_battle_fixture.gd:18)
       [14] start_battle (res://gameplay/arsenal_review.gd:180)
SCRIPT ERROR: Trying to assign an array of type "Array" to a variable of type "Array[String]".
   at: BattlefieldGeometry.get_obstacle_ids_at_point (res://battle/geometry/battlefield_geometry.gd:585)
   GDScript backtrace (most recent call first):
       [0] get_obstacle_ids_at_point (res://battle/geometry/battlefield_geometry.gd:585)
       [1] get_obstacle_ids_in_rect (res://battle/geometry/battlefield_geometry.gd:599)
       [2] _trace_segment (res://battle/combat/battle_line_of_sight_service.gd:191)
       [3] _trace_segment_cached (res://battle/combat/battle_line_of_sight_service.gd:143)
       [4] check_segment (res://battle/combat/battle_line_of_sight_service.gd:79)
       [5] _has_los_to_any_opponent (res://battle/ai/battle_deployment_planner.gd:553)
       [6] _score_candidate (res://battle/ai/battle_deployment_planner.gd:471)
       [7] _plan_side_deployment (res://battle/ai/battle_deployment_planner.gd:117)
       [8] plan_side_deployment (res://battle/ai/battle_deployment_planner.gd:42)
       [9] apply_and_commit_side (res://battle/ai/battle_deployment_ai_service.gd:33)
       [10] _invoke_standard_assault_defender_ai (res://gameplay/tactical_deployment_controller.gd:468)
       [11] try_commit_attacker (res://gameplay/tactical_deployment_controller.gd:358)
       [12] setup_flexible (res://gameplay/arsenal_battle_fixture.gd:166)
       [13] setup (res://gameplay/arsenal_battle_fixture.gd:18)
       [14] start_battle (res://gameplay/arsenal_review.gd:180)
SCRIPT ERROR: Trying to assign an array of type "Array" to a variable of type "Array[String]".
   at: BattlefieldGeometry.get_obstacle_ids_at_point (res://battle/geometry/battlefield_geometry.gd:585)
   GDScript backtrace (most recent call first):
       [0] get_obstacle_ids_at_point (res://battle/geometry/battlefield_geometry.gd:585)
       [1] get_obstacle_ids_in_rect (res://battle/geometry/battlefield_geometry.gd:599)
       [2] _trace_segment (res://battle/combat/battle_line_of_sight_service.gd:191)
       [3] _trace_segment_cached (res://battle/combat/battle_line_of_sight_service.gd:143)
       [4] check_segment (res://battle/combat/battle_line_of_sight_service.gd:79)
       [5] _has_los_to_any_opponent (res://battle/ai/battle_deployment_planner.gd:553)
       [6] _score_candidate (res://battle/ai/battle_deployment_planner.gd:471)
       [7] _plan_side_deployment (res://battle/ai/battle_deployment_planner.gd:117)
       [8] plan_side_deployment (res://battle/ai/battle_deployment_planner.gd:42)
       [9] apply_and_commit_side (res://battle/ai/battle_deployment_ai_service.gd:33)
       [10] _invoke_standard_assault_defender_ai (res://gameplay/tactical_deployment_controller.gd:468)
       [11] try_commit_attacker (res://gameplay/tactical_deployment_controller.gd:358)
       [12] setup_flexible (res://gameplay/arsenal_battle_fixture.gd:166)
       [13] setup (res://gameplay/arsenal_battle_fixture.gd:18)
       [14] start_battle (res://gameplay/arsenal_review.gd:180)
SCRIPT ERROR: Trying to assign an array of type "Array" to a variable of type "Array[String]".
   at: BattlefieldGeometry.get_obstacle_ids_at_point (res://battle/geometry/battlefield_geometry.gd:585)
   GDScript backtrace (most recent call first):
       [0] get_obstacle_ids_at_point (res://battle/geometry/battlefield_geometry.gd:585)
       [1] get_obstacle_ids_in_rect (res://battle/geometry/battlefield_geometry.gd:599)
       [2] _trace_segment (res://battle/combat/battle_line_of_sight_service.gd:191)
       [3] _trace_segment_cached (res://battle/combat/battle_line_of_sight_service.gd:143)
       [4] check_segment (res://battle/combat/battle_line_of_sight_service.gd:79)
       [5] _has_los_to_any_opponent (res://battle/ai/battle_deployment_planner.gd:553)
       [6] _score_candidate (res://battle/ai/battle_deployment_planner.gd:471)
       [7] _plan_side_deployment (res://battle/ai/battle_deployment_planner.gd:117)
       [8] plan_side_deployment (res://battle/ai/battle_deployment_planner.gd:42)
       [9] apply_and_commit_side (res://battle/ai/battle_deployment_ai_service.gd:33)
       [10] _invoke_standard_assault_defender_ai (res://gameplay/tactical_deployment_controller.gd:468)
       [11] try_commit_attacker (res://gameplay/tactical_deployment_controller.gd:358)
       [12] setup_flexible (res://gameplay/arsenal_battle_fixture.gd:166)
       [13] setup (res://gameplay/arsenal_battle_fixture.gd:18)
       [14] start_battle (res://gameplay/arsenal_review.gd:180)
SCRIPT ERROR: Trying to assign an array of type "Array" to a variable of type "Array[String]".
   at: BattlefieldGeometry.get_obstacle_ids_at_point (res://battle/geometry/battlefield_geometry.gd:585)
   GDScript backtrace (most recent call first):
       [0] get_obstacle_ids_at_point (res://battle/geometry/battlefield_geometry.gd:585)
       [1] get_obstacle_ids_in_rect (res://battle/geometry/battlefield_geometry.gd:599)
       [2] _trace_segment (res://battle/combat/battle_line_of_sight_service.gd:191)
       [3] _trace_segment_cached (res://battle/combat/battle_line_of_sight_service.gd:143)
       [4] check_segment (res://battle/combat/battle_line_of_sight_service.gd:79)
       [5] _has_los_to_any_opponent (res://battle/ai/battle_deployment_planner.gd:553)
       [6] _score_candidate (res://battle/ai/battle_deployment_planner.gd:471)
       [7] _plan_side_deployment (res://battle/ai/battle_deployment_planner.gd:117)
       [8] plan_side_deployment (res://battle/ai/battle_deployment_planner.gd:42)
       [9] apply_and_commit_side (res://battle/ai/battle_deployment_ai_service.gd:33)
       [10] _invoke_standard_assault_defender_ai (res://gameplay/tactical_deployment_controller.gd:468)
       [11] try_commit_attacker (res://gameplay/tactical_deployment_controller.gd:358)
       [12] setup_flexible (res://gameplay/arsenal_battle_fixture.gd:166)
       [13] setup (res://gameplay/arsenal_battle_fixture.gd:18)
       [14] start_battle (res://gameplay/arsenal_review.gd:180)
SCRIPT ERROR: Trying to assign an array of type "Array" to a variable of type "Array[String]".
   at: BattlefieldGeometry.get_obstacle_ids_at_point (res://battle/geometry/battlefield_geometry.gd:585)
   GDScript backtrace (most recent call first):
       [0] get_obstacle_ids_at_point (res://battle/geometry/battlefield_geometry.gd:585)
       [1] get_obstacle_ids_in_rect (res://battle/geometry/battlefield_geometry.gd:599)
       [2] _trace_segment (res://battle/combat/battle_line_of_sight_service.gd:191)
       [3] _trace_segment_cached (res://battle/combat/battle_line_of_sight_service.gd:143)
       [4] check_segment (res://battle/combat/battle_line_of_sight_service.gd:79)
       [5] _has_los_to_any_opponent (res://battle/ai/battle_deployment_planner.gd:553)
       [6] _score_candidate (res://battle/ai/battle_deployment_planner.gd:471)
       [7] _plan_side_deployment (res://battle/ai/battle_deployment_planner.gd:117)
       [8] plan_side_deployment (res://battle/ai/battle_deployment_planner.gd:42)
       [9] apply_and_commit_side (res://battle/ai/battle_deployment_ai_service.gd:33)
       [10] _invoke_standard_assault_defender_ai (res://gameplay/tactical_deployment_controller.gd:468)
       [11] try_commit_attacker (res://gameplay/tactical_deployment_controller.gd:358)
       [12] setup_flexible (res://gameplay/arsenal_battle_fixture.gd:166)
       [13] setup (res://gameplay/arsenal_battle_fixture.gd:18)
       [14] start_battle (res://gameplay/arsenal_review.gd:180)
SCRIPT ERROR: Trying to assign an array of type "Array" to a variable of type "Array[String]".
   at: BattlefieldGeometry.get_obstacle_ids_at_point (res://battle/geometry/battlefield_geometry.gd:585)
   GDScript backtrace (most recent call first):
       [0] get_obstacle_ids_at_point (res://battle/geometry/battlefield_geometry.gd:585)
       [1] get_obstacle_ids_in_rect (res://battle/geometry/battlefield_geometry.gd:599)
       [2] _trace_segment (res://battle/combat/battle_line_of_sight_service.gd:191)
       [3] _trace_segment_cached (res://battle/combat/battle_line_of_sight_service.gd:143)
       [4] check_segment (res://battle/combat/battle_line_of_sight_service.gd:79)
       [5] _has_los_to_any_opponent (res://battle/ai/battle_deployment_planner.gd:553)
       [6] _score_candidate (res://battle/ai/battle_deployment_planner.gd:471)
       [7] _plan_side_deployment (res://battle/ai/battle_deployment_planner.gd:117)
       [8] plan_side_deployment (res://battle/ai/battle_deployment_planner.gd:42)
       [9] apply_and_commit_side (res://battle/ai/battle_deployment_ai_service.gd:33)
       [10] _invoke_standard_assault_defender_ai (res://gameplay/tactical_deployment_controller.gd:468)
       [11] try_commit_attacker (res://gameplay/tactical_deployment_controller.gd:358)
       [12] setup_flexible (res://gameplay/arsenal_battle_fixture.gd:166)
       [13] setup (res://gameplay/arsenal_battle_fixture.gd:18)
       [14] start_battle (res://gameplay/arsenal_review.gd:180)
SCRIPT ERROR: Trying to assign an array of type "Array" to a variable of type "Array[String]".
   at: BattlefieldGeometry.get_obstacle_ids_at_point (res://battle/geometry/battlefield_geometry.gd:585)
   GDScript backtrace (most recent call first):
       [0] get_obstacle_ids_at_point (res://battle/geometry/battlefield_geometry.gd:585)
       [1] get_obstacle_ids_in_rect (res://battle/geometry/battlefield_geometry.gd:599)
       [2] _trace_segment (res://battle/combat/battle_line_of_sight_service.gd:191)
       [3] _trace_segment_cached (res://battle/combat/battle_line_of_sight_service.gd:143)
       [4] check_segment (res://battle/combat/battle_line_of_sight_service.gd:79)
       [5] _has_los_to_any_opponent (res://battle/ai/battle_deployment_planner.gd:553)
       [6] _score_candidate (res://battle/ai/battle_deployment_planner.gd:471)
       [7] _plan_side_deployment (res://battle/ai/battle_deployment_planner.gd:117)
       [8] plan_side_deployment (res://battle/ai/battle_deployment_planner.gd:42)
       [9] apply_and_commit_side (res://battle/ai/battle_deployment_ai_service.gd:33)
       [10] _invoke_standard_assault_defender_ai (res://gameplay/tactical_deployment_controller.gd:468)
       [11] try_commit_attacker (res://gameplay/tactical_deployment_controller.gd:358)
       [12] setup_flexible (res://gameplay/arsenal_battle_fixture.gd:166)
       [13] setup (res://gameplay/arsenal_battle_fixture.gd:18)
       [14] start_battle (res://gameplay/arsenal_review.gd:180)
SCRIPT ERROR: Trying to assign an array of type "Array" to a variable of type "Array[String]".
   at: BattlefieldGeometry.get_obstacle_ids_at_point (res://battle/geometry/battlefield_geometry.gd:585)
   GDScript backtrace (most recent call first):
       [0] get_obstacle_ids_at_point (res://battle/geometry/battlefield_geometry.gd:585)
       [1] get_obstacle_ids_in_rect (res://battle/geometry/battlefield_geometry.gd:599)
       [2] _trace_segment (res://battle/combat/battle_line_of_sight_service.gd:191)
       [3] _trace_segment_cached (res://battle/combat/battle_line_of_sight_service.gd:143)
       [4] check_segment (res://battle/combat/battle_line_of_sight_service.gd:79)
       [5] _has_los_to_any_opponent (res://battle/ai/battle_deployment_planner.gd:553)
       [6] _score_candidate (res://battle/ai/battle_deployment_planner.gd:471)
       [7] _plan_side_deployment (res://battle/ai/battle_deployment_planner.gd:117)
       [8] plan_side_deployment (res://battle/ai/battle_deployment_planner.gd:42)
       [9] apply_and_commit_side (res://battle/ai/battle_deployment_ai_service.gd:33)
       [10] _invoke_standard_assault_defender_ai (res://gameplay/tactical_deployment_controller.gd:468)
       [11] try_commit_attacker (res://gameplay/tactical_deployment_controller.gd:358)
       [12] setup_flexible (res://gameplay/arsenal_battle_fixture.gd:166)
       [13] setup (res://gameplay/arsenal_battle_fixture.gd:18)
       [14] start_battle (res://gameplay/arsenal_review.gd:180)
SCRIPT ERROR: Trying to assign an array of type "Array" to a variable of type "Array[String]".
   at: BattlefieldGeometry.get_obstacle_ids_at_point (res://battle/geometry/battlefield_geometry.gd:585)
   GDScript backtrace (most recent call first):
       [0] get_obstacle_ids_at_point (res://battle/geometry/battlefield_geometry.gd:585)
       [1] get_obstacle_ids_in_rect (res://battle/geometry/battlefield_geometry.gd:599)
       [2] _trace_segment (res://battle/combat/battle_line_of_sight_service.gd:191)
       [3] _trace_segment_cached (res://battle/combat/battle_line_of_sight_service.gd:143)
       [4] check_segment (res://battle/combat/battle_line_of_sight_service.gd:79)
       [5] _has_los_to_any_opponent (res://battle/ai/battle_deployment_planner.gd:553)
       [6] _score_candidate (res://battle/ai/battle_deployment_planner.gd:471)
       [7] _plan_side_deployment (res://battle/ai/battle_deployment_planner.gd:117)
       [8] plan_side_deployment (res://battle/ai/battle_deployment_planner.gd:42)
       [9] apply_and_commit_side (res://battle/ai/battle_deployment_ai_service.gd:33)
       [10] _invoke_standard_assault_defender_ai (res://gameplay/tactical_deployment_controller.gd:468)
       [11] try_commit_attacker (res://gameplay/tactical_deployment_controller.gd:358)
       [12] setup_flexible (res://gameplay/arsenal_battle_fixture.gd:166)
       [13] setup (res://gameplay/arsenal_battle_fixture.gd:18)
       [14] start_battle (res://gameplay/arsenal_review.gd:180)
SCRIPT ERROR: Trying to assign an array of type "Array" to a variable of type "Array[String]".
   at: BattlefieldGeometry.get_obstacle_ids_at_point (res://battle/geometry/battlefield_geometry.gd:585)
   GDScript backtrace (most recent call first):
       [0] get_obstacle_ids_at_point (res://battle/geometry/battlefield_geometry.gd:585)
       [1] get_obstacle_ids_in_rect (res://battle/geometry/battlefield_geometry.gd:599)
       [2] _trace_segment (res://battle/combat/battle_line_of_sight_service.gd:191)
       [3] _trace_segment_cached (res://battle/combat/battle_line_of_sight_service.gd:143)
       [4] check_segment (res://battle/combat/battle_line_of_sight_service.gd:79)
       [5] _has_los_to_any_opponent (res://battle/ai/battle_deployment_planner.gd:553)
       [6] _score_candidate (res://battle/ai/battle_deployment_planner.gd:471)
       [7] _plan_side_deployment (res://battle/ai/battle_deployment_planner.gd:117)
       [8] plan_side_deployment (res://battle/ai/battle_deployment_planner.gd:42)
       [9] apply_and_commit_side (res://battle/ai/battle_deployment_ai_service.gd:33)
       [10] _invoke_standard_assault_defender_ai (res://gameplay/tactical_deployment_controller.gd:468)
       [11] try_commit_attacker (res://gameplay/tactical_deployment_controller.gd:358)
       [12] setup_flexible (res://gameplay/arsenal_battle_fixture.gd:166)
       [13] setup (res://gameplay/arsenal_battle_fixture.gd:18)
       [14] start_battle (res://gameplay/arsenal_review.gd:180)
SCRIPT ERROR: Trying to assign an array of type "Array" to a variable of type "Array[String]".
   at: BattlefieldGeometry.get_obstacle_ids_at_point (res://battle/geometry/battlefield_geometry.gd:585)
   GDScript backtrace (most recent call first):
       [0] get_obstacle_ids_at_point (res://battle/geometry/battlefield_geometry.gd:585)
       [1] get_obstacle_ids_in_rect (res://battle/geometry/battlefield_geometry.gd:599)
       [2] _trace_segment (res://battle/combat/battle_line_of_sight_service.gd:191)
       [3] _trace_segment_cached (res://battle/combat/battle_line_of_sight_service.gd:143)
       [4] check_segment (res://battle/combat/battle_line_of_sight_service.gd:79)
       [5] _has_los_to_any_opponent (res://battle/ai/battle_deployment_planner.gd:553)
       [6] _score_candidate (res://battle/ai/battle_deployment_planner.gd:471)
       [7] _plan_side_deployment (res://battle/ai/battle_deployment_planner.gd:117)
       [8] plan_side_deployment (res://battle/ai/battle_deployment_planner.gd:42)
       [9] apply_and_commit_side (res://battle/ai/battle_deployment_ai_service.gd:33)
       [10] _invoke_standard_assault_defender_ai (res://gameplay/tactical_deployment_controller.gd:468)
       [11] try_commit_attacker (res://gameplay/tactical_deployment_controller.gd:358)
       [12] setup_flexible (res://gameplay/arsenal_battle_fixture.gd:166)
       [13] setup (res://gameplay/arsenal_battle_fixture.gd:18)
       [14] start_battle (res://gameplay/arsenal_review.gd:180)
SCRIPT ERROR: Trying to assign an array of type "Array" to a variable of type "Array[String]".
   at: BattlefieldGeometry.get_obstacle_ids_at_point (res://battle/geometry/battlefield_geometry.gd:585)
   GDScript backtrace (most recent call first):
       [0] get_obstacle_ids_at_point (res://battle/geometry/battlefield_geometry.gd:585)
       [1] get_obstacle_ids_in_rect (res://battle/geometry/battlefield_geometry.gd:599)
       [2] _trace_segment (res://battle/combat/battle_line_of_sight_service.gd:191)
       [3] _trace_segment_cached (res://battle/combat/battle_line_of_sight_service.gd:143)
       [4] check_segment (res://battle/combat/battle_line_of_sight_service.gd:79)
       [5] _has_los_to_any_opponent (res://battle/ai/battle_deployment_planner.gd:553)
       [6] _score_candidate (res://battle/ai/battle_deployment_planner.gd:471)
       [7] _plan_side_deployment (res://battle/ai/battle_deployment_planner.gd:117)
       [8] plan_side_deployment (res://battle/ai/battle_deployment_planner.gd:42)
       [9] apply_and_commit_side (res://battle/ai/battle_deployment_ai_service.gd:33)
       [10] _invoke_standard_assault_defender_ai (res://gameplay/tactical_deployment_controller.gd:468)
       [11] try_commit_attacker (res://gameplay/tactical_deployment_controller.gd:358)
       [12] setup_flexible (res://gameplay/arsenal_battle_fixture.gd:166)
       [13] setup (res://gameplay/arsenal_battle_fixture.gd:18)
       [14] start_battle (res://gameplay/arsenal_review.gd:180)
SCRIPT ERROR: Trying to assign an array of type "Array" to a variable of type "Array[String]".
   at: BattlefieldGeometry.get_obstacle_ids_at_point (res://battle/geometry/battlefield_geometry.gd:585)
   GDScript backtrace (most recent call first):
       [0] get_obstacle_ids_at_point (res://battle/geometry/battlefield_geometry.gd:585)
       [1] get_obstacle_ids_in_rect (res://battle/geometry/battlefield_geometry.gd:599)
       [2] _trace_segment (res://battle/combat/battle_line_of_sight_service.gd:191)
       [3] _trace_segment_cached (res://battle/combat/battle_line_of_sight_service.gd:143)
       [4] check_segment (res://battle/combat/battle_line_of_sight_service.gd:79)
       [5] _has_los_to_any_opponent (res://battle/ai/battle_deployment_planner.gd:553)
       [6] _score_candidate (res://battle/ai/battle_deployment_planner.gd:471)
       [7] _plan_side_deployment (res://battle/ai/battle_deployment_planner.gd:117)
       [8] plan_side_deployment (res://battle/ai/battle_deployment_planner.gd:42)
       [9] apply_and_commit_side (res://battle/ai/battle_deployment_ai_service.gd:33)
       [10] _invoke_standard_assault_defender_ai (res://gameplay/tactical_deployment_controller.gd:468)
       [11] try_commit_attacker (res://gameplay/tactical_deployment_controller.gd:358)
       [12] setup_flexible (res://gameplay/arsenal_battle_fixture.gd:166)
       [13] setup (res://gameplay/arsenal_battle_fixture.gd:18)
       [14] start_battle (res://gameplay/arsenal_review.gd:180)
SCRIPT ERROR: Trying to assign an array of type "Array" to a variable of type "Array[String]".
   at: BattlefieldGeometry.get_obstacle_ids_at_point (res://battle/geometry/battlefield_geometry.gd:585)
   GDScript backtrace (most recent call first):
       [0] get_obstacle_ids_at_point (res://battle/geometry/battlefield_geometry.gd:585)
       [1] get_obstacle_ids_in_rect (res://battle/geometry/battlefield_geometry.gd:599)
       [2] _trace_segment (res://battle/combat/battle_line_of_sight_service.gd:191)
       [3] _trace_segment_cached (res://battle/combat/battle_line_of_sight_service.gd:143)
       [4] check_segment (res://battle/combat/battle_line_of_sight_service.gd:79)
       [5] _has_los_to_any_opponent (res://battle/ai/battle_deployment_planner.gd:553)
       [6] _score_candidate (res://battle/ai/battle_deployment_planner.gd:471)
       [7] _plan_side_deployment (res://battle/ai/battle_deployment_planner.gd:117)
       [8] plan_side_deployment (res://battle/ai/battle_deployment_planner.gd:42)
       [9] apply_and_commit_side (res://battle/ai/battle_deployment_ai_service.gd:33)
       [10] _invoke_standard_assault_defender_ai (res://gameplay/tactical_deployment_controller.gd:468)
       [11] try_commit_attacker (res://gameplay/tactical_deployment_controller.gd:358)
       [12] setup_flexible (res://gameplay/arsenal_battle_fixture.gd:166)
       [13] setup (res://gameplay/arsenal_battle_fixture.gd:18)
       [14] start_battle (res://gameplay/arsenal_review.gd:180)
SCRIPT ERROR: Trying to assign an array of type "Array" to a variable of type "Array[String]".
   at: BattlefieldGeometry.get_obstacle_ids_at_point (res://battle/geometry/battlefield_geometry.gd:585)
   GDScript backtrace (most recent call first):
       [0] get_obstacle_ids_at_point (res://battle/geometry/battlefield_geometry.gd:585)
       [1] get_obstacle_ids_in_rect (res://battle/geometry/battlefield_geometry.gd:599)
       [2] _trace_segment (res://battle/combat/battle_line_of_sight_service.gd:191)
       [3] _trace_segment_cached (res://battle/combat/battle_line_of_sight_service.gd:143)
       [4] check_segment (res://battle/combat/battle_line_of_sight_service.gd:79)
       [5] _has_los_to_any_opponent (res://battle/ai/battle_deployment_planner.gd:553)
       [6] _score_candidate (res://battle/ai/battle_deployment_planner.gd:471)
       [7] _plan_side_deployment (res://battle/ai/battle_deployment_planner.gd:117)
       [8] plan_side_deployment (res://battle/ai/battle_deployment_planner.gd:42)
       [9] apply_and_commit_side (res://battle/ai/battle_deployment_ai_service.gd:33)
       [10] _invoke_standard_assault_defender_ai (res://gameplay/tactical_deployment_controller.gd:468)
       [11] try_commit_attacker (res://gameplay/tactical_deployment_controller.gd:358)
       [12] setup_flexible (res://gameplay/arsenal_battle_fixture.gd:166)
       [13] setup (res://gameplay/arsenal_battle_fixture.gd:18)
       [14] start_battle (res://gameplay/arsenal_review.gd:180)
SCRIPT ERROR: Trying to assign an array of type "Array" to a variable of type "Array[String]".
   at: BattlefieldGeometry.get_obstacle_ids_at_point (res://battle/geometry/battlefield_geometry.gd:585)
   GDScript backtrace (most recent call first):
       [0] get_obstacle_ids_at_point (res://battle/geometry/battlefield_geometry.gd:585)
       [1] get_obstacle_ids_in_rect (res://battle/geometry/battlefield_geometry.gd:599)
       [2] _trace_segment (res://battle/combat/battle_line_of_sight_service.gd:191)
       [3] _trace_segment_cached (res://battle/combat/battle_line_of_sight_service.gd:143)
       [4] check_segment (res://battle/combat/battle_line_of_sight_service.gd:79)
       [5] _has_los_to_any_opponent (res://battle/ai/battle_deployment_planner.gd:553)
       [6] _score_candidate (res://battle/ai/battle_deployment_planner.gd:471)
       [7] _plan_side_deployment (res://battle/ai/battle_deployment_planner.gd:117)
       [8] plan_side_deployment (res://battle/ai/battle_deployment_planner.gd:42)
       [9] apply_and_commit_side (res://battle/ai/battle_deployment_ai_service.gd:33)
       [10] _invoke_standard_assault_defender_ai (res://gameplay/tactical_deployment_controller.gd:468)
       [11] try_commit_attacker (res://gameplay/tactical_deployment_controller.gd:358)
       [12] setup_flexible (res://gameplay/arsenal_battle_fixture.gd:166)
       [13] setup (res://gameplay/arsenal_battle_fixture.gd:18)
       [14] start_battle (res://gameplay/arsenal_review.gd:180)
SCRIPT ERROR: Trying to assign an array of type "Array" to a variable of type "Array[String]".
   at: BattlefieldGeometry.get_obstacle_ids_at_point (res://battle/geometry/battlefield_geometry.gd:585)
   GDScript backtrace (most recent call first):
       [0] get_obstacle_ids_at_point (res://battle/geometry/battlefield_geometry.gd:585)
       [1] get_obstacle_ids_in_rect (res://battle/geometry/battlefield_geometry.gd:599)
       [2] _trace_segment (res://battle/combat/battle_line_of_sight_service.gd:191)
       [3] _trace_segment_cached (res://battle/combat/battle_line_of_sight_service.gd:143)
       [4] check_segment (res://battle/combat/battle_line_of_sight_service.gd:79)
       [5] _has_los_to_any_opponent (res://battle/ai/battle_deployment_planner.gd:553)
       [6] _score_candidate (res://battle/ai/battle_deployment_planner.gd:471)
       [7] _plan_side_deployment (res://battle/ai/battle_deployment_planner.gd:117)
       [8] plan_side_deployment (res://battle/ai/battle_deployment_planner.gd:42)
       [9] apply_and_commit_side (res://battle/ai/battle_deployment_ai_service.gd:33)
       [10] _invoke_standard_assault_defender_ai (res://gameplay/tactical_deployment_controller.gd:468)
       [11] try_commit_attacker (res://gameplay/tactical_deployment_controller.gd:358)
       [12] setup_flexible (res://gameplay/arsenal_battle_fixture.gd:166)
       [13] setup (res://gameplay/arsenal_battle_fixture.gd:18)
       [14] start_battle (res://gameplay/arsenal_review.gd:180)
SCRIPT ERROR: Trying to assign an array of type "Array" to a variable of type "Array[String]".
   at: BattlefieldGeometry.get_obstacle_ids_at_point (res://battle/geometry/battlefield_geometry.gd:585)
   GDScript backtrace (most recent call first):
       [0] get_obstacle_ids_at_point (res://battle/geometry/battlefield_geometry.gd:585)
       [1] get_obstacle_ids_in_rect (res://battle/geometry/battlefield_geometry.gd:599)
       [2] _trace_segment (res://battle/combat/battle_line_of_sight_service.gd:191)
       [3] _trace_segment_cached (res://battle/combat/battle_line_of_sight_service.gd:143)
       [4] check_segment (res://battle/combat/battle_line_of_sight_service.gd:79)
       [5] _has_los_to_any_opponent (res://battle/ai/battle_deployment_planner.gd:553)
       [6] _score_candidate (res://battle/ai/battle_deployment_planner.gd:471)
       [7] _plan_side_deployment (res://battle/ai/battle_deployment_planner.gd:117)
       [8] plan_side_deployment (res://battle/ai/battle_deployment_planner.gd:42)
       [9] apply_and_commit_side (res://battle/ai/battle_deployment_ai_service.gd:33)
       [10] _invoke_standard_assault_defender_ai (res://gameplay/tactical_deployment_controller.gd:468)
       [11] try_commit_attacker (res://gameplay/tactical_deployment_controller.gd:358)
       [12] setup_flexible (res://gameplay/arsenal_battle_fixture.gd:166)
       [13] setup (res://gameplay/arsenal_battle_fixture.gd:18)
       [14] start_battle (res://gameplay/arsenal_review.gd:180)
SCRIPT ERROR: Trying to assign an array of type "Array" to a variable of type "Array[String]".
   at: BattlefieldGeometry.get_obstacle_ids_at_point (res://battle/geometry/battlefield_geometry.gd:585)
   GDScript backtrace (most recent call first):
       [0] get_obstacle_ids_at_point (res://battle/geometry/battlefield_geometry.gd:585)
       [1] get_obstacle_ids_in_rect (res://battle/geometry/battlefield_geometry.gd:599)
       [2] _trace_segment (res://battle/combat/battle_line_of_sight_service.gd:191)
       [3] _trace_segment_cached (res://battle/combat/battle_line_of_sight_service.gd:143)
       [4] check_segment (res://battle/combat/battle_line_of_sight_service.gd:79)
       [5] _has_los_to_any_opponent (res://battle/ai/battle_deployment_planner.gd:553)
       [6] _score_candidate (res://battle/ai/battle_deployment_planner.gd:471)
       [7] _plan_side_deployment (res://battle/ai/battle_deployment_planner.gd:117)
       [8] plan_side_deployment (res://battle/ai/battle_deployment_planner.gd:42)
       [9] apply_and_commit_side (res://battle/ai/battle_deployment_ai_service.gd:33)
       [10] _invoke_standard_assault_defender_ai (res://gameplay/tactical_deployment_controller.gd:468)
       [11] try_commit_attacker (res://gameplay/tactical_deployment_controller.gd:358)
       [12] setup_flexible (res://gameplay/arsenal_battle_fixture.gd:166)
       [13] setup (res://gameplay/arsenal_battle_fixture.gd:18)
       [14] start_battle (res://gameplay/arsenal_review.gd:180)
SCRIPT ERROR: Trying to assign an array of type "Array" to a variable of type "Array[String]".
   at: BattlefieldGeometry.get_obstacle_ids_at_point (res://battle/geometry/battlefield_geometry.gd:585)
   GDScript backtrace (most recent call first):
       [0] get_obstacle_ids_at_point (res://battle/geometry/battlefield_geometry.gd:585)
       [1] get_obstacle_ids_in_rect (res://battle/geometry/battlefield_geometry.gd:599)
       [2] _trace_segment (res://battle/combat/battle_line_of_sight_service.gd:191)
       [3] _trace_segment_cached (res://battle/combat/battle_line_of_sight_service.gd:143)
       [4] check_segment (res://battle/combat/battle_line_of_sight_service.gd:79)
       [5] _has_los_to_any_opponent (res://battle/ai/battle_deployment_planner.gd:553)
       [6] _score_candidate (res://battle/ai/battle_deployment_planner.gd:471)
       [7] _plan_side_deployment (res://battle/ai/battle_deployment_planner.gd:117)
       [8] plan_side_deployment (res://battle/ai/battle_deployment_planner.gd:42)
       [9] apply_and_commit_side (res://battle/ai/battle_deployment_ai_service.gd:33)
       [10] _invoke_standard_assault_defender_ai (res://gameplay/tactical_deployment_controller.gd:468)
       [11] try_commit_attacker (res://gameplay/tactical_deployment_controller.gd:358)
       [12] setup_flexible (res://gameplay/arsenal_battle_fixture.gd:166)
       [13] setup (res://gameplay/arsenal_battle_fixture.gd:18)
       [14] start_battle (res://gameplay/arsenal_review.gd:180)
SCRIPT ERROR: Trying to assign an array of type "Array" to a variable of type "Array[String]".
   at: BattlefieldGeometry.get_obstacle_ids_at_point (res://battle/geometry/battlefield_geometry.gd:585)
   GDScript backtrace (most recent call first):
       [0] get_obstacle_ids_at_point (res://battle/geometry/battlefield_geometry.gd:585)
       [1] get_obstacle_ids_in_rect (res://battle/geometry/battlefield_geometry.gd:599)
       [2] _trace_segment (res://battle/combat/battle_line_of_sight_service.gd:191)
       [3] _trace_segment_cached (res://battle/combat/battle_line_of_sight_service.gd:143)
       [4] check_segment (res://battle/combat/battle_line_of_sight_service.gd:79)
       [5] _has_los_to_any_opponent (res://battle/ai/battle_deployment_planner.gd:553)
       [6] _score_candidate (res://battle/ai/battle_deployment_planner.gd:471)
       [7] _plan_side_deployment (res://battle/ai/battle_deployment_planner.gd:117)
       [8] plan_side_deployment (res://battle/ai/battle_deployment_planner.gd:42)
       [9] apply_and_commit_side (res://battle/ai/battle_deployment_ai_service.gd:33)
       [10] _invoke_standard_assault_defender_ai (res://gameplay/tactical_deployment_controller.gd:468)
       [11] try_commit_attacker (res://gameplay/tactical_deployment_controller.gd:358)
       [12] setup_flexible (res://gameplay/arsenal_battle_fixture.gd:166)
       [13] setup (res://gameplay/arsenal_battle_fixture.gd:18)
       [14] start_battle (res://gameplay/arsenal_review.gd:180)
SCRIPT ERROR: Trying to assign an array of type "Array" to a variable of type "Array[String]".
   at: BattlefieldGeometry.get_obstacle_ids_at_point (res://battle/geometry/battlefield_geometry.gd:585)
   GDScript backtrace (most recent call first):
       [0] get_obstacle_ids_at_point (res://battle/geometry/battlefield_geometry.gd:585)
       [1] get_obstacle_ids_in_rect (res://battle/geometry/battlefield_geometry.gd:599)
       [2] _trace_segment (res://battle/combat/battle_line_of_sight_service.gd:191)
       [3] _trace_segment_cached (res://battle/combat/battle_line_of_sight_service.gd:143)
       [4] check_segment (res://battle/combat/battle_line_of_sight_service.gd:79)
       [5] _has_los_to_any_opponent (res://battle/ai/battle_deployment_planner.gd:553)
       [6] _score_candidate (res://battle/ai/battle_deployment_planner.gd:471)
       [7] _plan_side_deployment (res://battle/ai/battle_deployment_planner.gd:117)
       [8] plan_side_deployment (res://battle/ai/battle_deployment_planner.gd:42)
       [9] apply_and_commit_side (res://battle/ai/battle_deployment_ai_service.gd:33)
       [10] _invoke_standard_assault_defender_ai (res://gameplay/tactical_deployment_controller.gd:468)
       [11] try_commit_attacker (res://gameplay/tactical_deployment_controller.gd:358)
       [12] setup_flexible (res://gameplay/arsenal_battle_fixture.gd:166)
       [13] setup (res://gameplay/arsenal_battle_fixture.gd:18)
       [14] start_battle (res://gameplay/arsenal_review.gd:180)
SCRIPT ERROR: Trying to assign an array of type "Array" to a variable of type "Array[String]".
   at: BattlefieldGeometry.get_obstacle_ids_at_point (res://battle/geometry/battlefield_geometry.gd:585)
   GDScript backtrace (most recent call first):
       [0] get_obstacle_ids_at_point (res://battle/geometry/battlefield_geometry.gd:585)
       [1] get_obstacle_ids_in_rect (res://battle/geometry/battlefield_geometry.gd:599)
       [2] _trace_segment (res://battle/combat/battle_line_of_sight_service.gd:191)
       [3] _trace_segment_cached (res://battle/combat/battle_line_of_sight_service.gd:143)
       [4] check_segment (res://battle/combat/battle_line_of_sight_service.gd:79)
       [5] _has_los_to_any_opponent (res://battle/ai/battle_deployment_planner.gd:553)
       [6] _score_candidate (res://battle/ai/battle_deployment_planner.gd:471)
       [7] _plan_side_deployment (res://battle/ai/battle_deployment_planner.gd:117)
       [8] plan_side_deployment (res://battle/ai/battle_deployment_planner.gd:42)
       [9] apply_and_commit_side (res://battle/ai/battle_deployment_ai_service.gd:33)
       [10] _invoke_standard_assault_defender_ai (res://gameplay/tactical_deployment_controller.gd:468)
       [11] try_commit_attacker (res://gameplay/tactical_deployment_controller.gd:358)
       [12] setup_flexible (res://gameplay/arsenal_battle_fixture.gd:166)
       [13] setup (res://gameplay/arsenal_battle_fixture.gd:18)
       [14] start_battle (res://gameplay/arsenal_review.gd:180)
SCRIPT ERROR: Trying to assign an array of type "Array" to a variable of type "Array[String]".
   at: BattlefieldGeometry.get_obstacle_ids_at_point (res://battle/geometry/battlefield_geometry.gd:585)
   GDScript backtrace (most recent call first):
       [0] get_obstacle_ids_at_point (res://battle/geometry/battlefield_geometry.gd:585)
       [1] get_obstacle_ids_in_rect (res://battle/geometry/battlefield_geometry.gd:599)
       [2] _trace_segment (res://battle/combat/battle_line_of_sight_service.gd:191)
       [3] _trace_segment_cached (res://battle/combat/battle_line_of_sight_service.gd:143)
       [4] check_segment (res://battle/combat/battle_line_of_sight_service.gd:79)
       [5] _has_los_to_any_opponent (res://battle/ai/battle_deployment_planner.gd:553)
       [6] _score_candidate (res://battle/ai/battle_deployment_planner.gd:471)
       [7] _plan_side_deployment (res://battle/ai/battle_deployment_planner.gd:117)
       [8] plan_side_deployment (res://battle/ai/battle_deployment_planner.gd:42)
       [9] apply_and_commit_side (res://battle/ai/battle_deployment_ai_service.gd:33)
       [10] _invoke_standard_assault_defender_ai (res://gameplay/tactical_deployment_controller.gd:468)
       [11] try_commit_attacker (res://gameplay/tactical_deployment_controller.gd:358)
       [12] setup_flexible (res://gameplay/arsenal_battle_fixture.gd:166)
       [13] setup (res://gameplay/arsenal_battle_fixture.gd:18)
       [14] start_battle (res://gameplay/arsenal_review.gd:180)
SCRIPT ERROR: Trying to assign an array of type "Array" to a variable of type "Array[String]".
   at: BattlefieldGeometry.get_obstacle_ids_at_point (res://battle/geometry/battlefield_geometry.gd:585)
   GDScript backtrace (most recent call first):
       [0] get_obstacle_ids_at_point (res://battle/geometry/battlefield_geometry.gd:585)
       [1] get_obstacle_ids_in_rect (res://battle/geometry/battlefield_geometry.gd:599)
       [2] _trace_segment (res://battle/combat/battle_line_of_sight_service.gd:191)
       [3] _trace_segment_cached (res://battle/combat/battle_line_of_sight_service.gd:143)
       [4] check_segment (res://battle/combat/battle_line_of_sight_service.gd:79)
       [5] _has_los_to_any_opponent (res://battle/ai/battle_deployment_planner.gd:553)
       [6] _score_candidate (res://battle/ai/battle_deployment_planner.gd:471)
       [7] _plan_side_deployment (res://battle/ai/battle_deployment_planner.gd:117)
       [8] plan_side_deployment (res://battle/ai/battle_deployment_planner.gd:42)
       [9] apply_and_commit_side (res://battle/ai/battle_deployment_ai_service.gd:33)
       [10] _invoke_standard_assault_defender_ai (res://gameplay/tactical_deployment_controller.gd:468)
       [11] try_commit_attacker (res://gameplay/tactical_deployment_controller.gd:358)
       [12] setup_flexible (res://gameplay/arsenal_battle_fixture.gd:166)
       [13] setup (res://gameplay/arsenal_battle_fixture.gd:18)
       [14] start_battle (res://gameplay/arsenal_review.gd:180)
SCRIPT ERROR: Trying to assign an array of type "Array" to a variable of type "Array[String]".
   at: BattlefieldGeometry.get_obstacle_ids_at_point (res://battle/geometry/battlefield_geometry.gd:585)
   GDScript backtrace (most recent call first):
       [0] get_obstacle_ids_at_point (res://battle/geometry/battlefield_geometry.gd:585)
       [1] get_obstacle_ids_in_rect (res://battle/geometry/battlefield_geometry.gd:599)
       [2] _trace_segment (res://battle/combat/battle_line_of_sight_service.gd:191)
       [3] _trace_segment_cached (res://battle/combat/battle_line_of_sight_service.gd:143)
       [4] check_segment (res://battle/combat/battle_line_of_sight_service.gd:79)
       [5] _has_los_to_any_opponent (res://battle/ai/battle_deployment_planner.gd:553)
       [6] _score_candidate (res://battle/ai/battle_deployment_planner.gd:471)
       [7] _plan_side_deployment (res://battle/ai/battle_deployment_planner.gd:117)
       [8] plan_side_deployment (res://battle/ai/battle_deployment_planner.gd:42)
       [9] apply_and_commit_side (res://battle/ai/battle_deployment_ai_service.gd:33)
       [10] _invoke_standard_assault_defender_ai (res://gameplay/tactical_deployment_controller.gd:468)
       [11] try_commit_attacker (res://gameplay/tactical_deployment_controller.gd:358)
       [12] setup_flexible (res://gameplay/arsenal_battle_fixture.gd:166)
       [13] setup (res://gameplay/arsenal_battle_fixture.gd:18)
       [14] start_battle (res://gameplay/arsenal_review.gd:180)
SCRIPT ERROR: Trying to assign an array of type "Array" to a variable of type "Array[String]".
   at: BattlefieldGeometry.get_obstacle_ids_at_point (res://battle/geometry/battlefield_geometry.gd:585)
   GDScript backtrace (most recent call first):
       [0] get_obstacle_ids_at_point (res://battle/geometry/battlefield_geometry.gd:585)
       [1] get_obstacle_ids_in_rect (res://battle/geometry/battlefield_geometry.gd:599)
       [2] _trace_segment (res://battle/combat/battle_line_of_sight_service.gd:191)
       [3] _trace_segment_cached (res://battle/combat/battle_line_of_sight_service.gd:143)
       [4] check_segment (res://battle/combat/battle_line_of_sight_service.gd:79)
       [5] _has_los_to_any_opponent (res://battle/ai/battle_deployment_planner.gd:553)
       [6] _score_candidate (res://battle/ai/battle_deployment_planner.gd:471)
       [7] _plan_side_deployment (res://battle/ai/battle_deployment_planner.gd:117)
       [8] plan_side_deployment (res://battle/ai/battle_deployment_planner.gd:42)
       [9] apply_and_commit_side (res://battle/ai/battle_deployment_ai_service.gd:33)
       [10] _invoke_standard_assault_defender_ai (res://gameplay/tactical_deployment_controller.gd:468)
       [11] try_commit_attacker (res://gameplay/tactical_deployment_controller.gd:358)
       [12] setup_flexible (res://gameplay/arsenal_battle_fixture.gd:166)
       [13] setup (res://gameplay/arsenal_battle_fixture.gd:18)
       [14] start_battle (res://gameplay/arsenal_review.gd:180)
SCRIPT ERROR: Trying to assign an array of type "Array" to a variable of type "Array[String]".
   at: BattlefieldGeometry.get_obstacle_ids_at_point (res://battle/geometry/battlefield_geometry.gd:585)
   GDScript backtrace (most recent call first):
       [0] get_obstacle_ids_at_point (res://battle/geometry/battlefield_geometry.gd:585)
       [1] get_movement_blocking_obstacle_id_at (res://battle/geometry/battlefield_geometry.gd:259)
       [2] get_deployment_position_error (res://battle/core/battle_state.gd:573)
       [3] _plan_side_deployment (res://battle/ai/battle_deployment_planner.gd:145)
       [4] plan_side_deployment (res://battle/ai/battle_deployment_planner.gd:42)
       [5] apply_and_commit_side (res://battle/ai/battle_deployment_ai_service.gd:33)
       [6] _invoke_standard_assault_defender_ai (res://gameplay/tactical_deployment_controller.gd:468)
       [7] try_commit_attacker (res://gameplay/tactical_deployment_controller.gd:358)
       [8] setup_flexible (res://gameplay/arsenal_battle_fixture.gd:166)
       [9] setup (res://gameplay/arsenal_battle_fixture.gd:18)
       [10] start_battle (res://gameplay/arsenal_review.gd:180)
TacticalDeploymentController: defender AI deployed and committed side defender posture=even
GameplayRuntime: mode=tactical_active pending=
SCRIPT ERROR: Trying to assign an array of type "Array" to a variable of type "Array[String]".
   at: BattlefieldGeometry.get_obstacle_ids_at_point (res://battle/geometry/battlefield_geometry.gd:585)
   GDScript backtrace (most recent call first):
       [0] get_obstacle_ids_at_point (res://battle/geometry/battlefield_geometry.gd:585)
       [1] get_obstacle_ids_in_rect (res://battle/geometry/battlefield_geometry.gd:599)
       [2] _trace_segment (res://battle/combat/battle_line_of_sight_service.gd:191)
       [3] _trace_segment_cached (res://battle/combat/battle_line_of_sight_service.gd:143)
       [4] check_segment (res://battle/combat/battle_line_of_sight_service.gd:79)
       [5] evaluate_slot (res://battle/combat/battle_combat_cover_evaluation_service.gd:548)
       [6] rank_closing_cover (res://battle/combat/battle_combat_cover_evaluation_service.gd:325)
       [7] _best_closing_cover_slot (res://battle/combat/battle_combat_behavior_service.gd:1144)
       [8] _continue_closing_from_occupied (res://battle/combat/battle_combat_behavior_service.gd:1062)
       [9] _update_healthy_role_cover_behavior (res://battle/combat/battle_combat_behavior_service.gd:852)
       [10] advance (res://battle/combat/battle_combat_behavior_service.gd:242)
       [11] _advance_validated (res://battle/runtime/battle_runtime_service.gd:116)
       [12] advance (res://battle/runtime/battle_runtime_service.gd:28)
       [13] _process (res://gameplay/arsenal_review.gd:203)
SCRIPT ERROR: Trying to assign an array of type "Array" to a variable of type "Array[String]".
   at: BattlefieldGeometry.get_obstacle_ids_at_point (res://battle/geometry/battlefield_geometry.gd:585)
   GDScript backtrace (most recent call first):
       [0] get_obstacle_ids_at_point (res://battle/geometry/battlefield_geometry.gd:585)
       [1] get_obstacle_ids_in_rect (res://battle/geometry/battlefield_geometry.gd:599)
       [2] _trace_segment (res://battle/combat/battle_line_of_sight_service.gd:191)
       [3] _trace_segment_cached (res://battle/combat/battle_line_of_sight_service.gd:143)
       [4] check_segment (res://battle/combat/battle_line_of_sight_service.gd:79)
       [5] evaluate_slot (res://battle/combat/battle_combat_cover_evaluation_service.gd:548)
       [6] rank_short_range_out_of_range_staging (res://battle/combat/battle_combat_cover_evaluation_service.gd:442)
       [7] _best_closing_cover_slot (res://battle/combat/battle_combat_behavior_service.gd:1136)
       [8] _continue_closing_from_occupied (res://battle/combat/battle_combat_behavior_service.gd:1062)
       [9] _update_healthy_role_cover_behavior (res://battle/combat/battle_combat_behavior_service.gd:852)
       [10] advance (res://battle/combat/battle_combat_behavior_service.gd:242)
       [11] _advance_validated (res://battle/runtime/battle_runtime_service.gd:116)
       [12] advance (res://battle/runtime/battle_runtime_service.gd:28)
       [13] _process (res://gameplay/arsenal_review.gd:203)
SCRIPT ERROR: Trying to assign an array of type "Array" to a variable of type "Array[String]".
   at: BattlefieldGeometry.get_obstacle_ids_at_point (res://battle/geometry/battlefield_geometry.gd:585)
   GDScript backtrace (most recent call first):
       [0] get_obstacle_ids_at_point (res://battle/geometry/battlefield_geometry.gd:585)
       [1] get_movement_blocking_obstacle_id_at (res://battle/geometry/battlefield_geometry.gd:259)
       [2] _blocking_obstacle_id (res://battle/navigation/battle_navigation_service.gd:610)
       [3] _is_legal_candidate (res://battle/navigation/battle_navigation_service.gd:316)
       [4] _query_reachability (res://battle/navigation/battle_navigation_service.gd:35)
       [5] is_reachable (res://battle/navigation/battle_navigation_service.gd:28)
       [6] _slot_is_reachable (res://battle/combat/battle_combat_cover_evaluation_service.gd:795)
       [7] first_reachable_ranked_slot (res://battle/combat/battle_combat_cover_evaluation_service.gd:599)
       [8] _first_reservable_ranked_slot (res://battle/combat/battle_combat_behavior_service.gd:2026)
       [9] _best_closing_cover_slot (res://battle/combat/battle_combat_behavior_service.gd:1151)
       [10] _continue_closing_from_occupied (res://battle/combat/battle_combat_behavior_service.gd:1062)
       [11] _update_healthy_role_cover_behavior (res://battle/combat/battle_combat_behavior_service.gd:852)
       [12] advance (res://battle/combat/battle_combat_behavior_service.gd:242)
       [13] _advance_validated (res://battle/runtime/battle_runtime_service.gd:116)
       [14] advance (res://battle/runtime/battle_runtime_service.gd:28)
       [15] _process (res://gameplay/arsenal_review.gd:203)
SCRIPT ERROR: Trying to assign an array of type "Array" to a variable of type "Array[String]".
   at: BattlefieldGeometry.get_obstacle_ids_at_point (res://battle/geometry/battlefield_geometry.gd:585)
   GDScript backtrace (most recent call first):
       [0] get_obstacle_ids_at_point (res://battle/geometry/battlefield_geometry.gd:585)
       [1] _is_valid_navigation_destination (res://battle/combat/battle_combat_behavior_service.gd:3044)
       [2] _navigate_to_cover (res://battle/combat/battle_combat_behavior_service.gd:2246)
       [3] _pursue_closing_cover (res://battle/combat/battle_combat_behavior_service.gd:1112)
       [4] _continue_closing_from_occupied (res://battle/combat/battle_combat_behavior_service.gd:1087)
       [5] _update_healthy_role_cover_behavior (res://battle/combat/battle_combat_behavior_service.gd:852)
       [6] advance (res://battle/combat/battle_combat_behavior_service.gd:242)
       [7] _advance_validated (res://battle/runtime/battle_runtime_service.gd:116)
       [8] advance (res://battle/runtime/battle_runtime_service.gd:28)
       [9] _process (res://gameplay/arsenal_review.gd:203)
SCRIPT ERROR: Trying to assign an array of type "Array" to a variable of type "Array[String]".
   at: BattlefieldGeometry.get_obstacle_ids_at_point (res://battle/geometry/battlefield_geometry.gd:585)
   GDScript backtrace (most recent call first):
       [0] get_obstacle_ids_at_point (res://battle/geometry/battlefield_geometry.gd:585)
       [1] get_movement_blocking_obstacle_id_at (res://battle/geometry/battlefield_geometry.gd:259)
       [2] _blocking_obstacle_id (res://battle/navigation/battle_navigation_service.gd:610)
       [3] _find_path (res://battle/navigation/battle_navigation_service.gd:175)
       [4] find_path (res://battle/navigation/battle_navigation_service.gd:96)
       [5] _find_combat_navigation_path (res://battle/combat/battle_combat_behavior_service.gd:2014)
       [6] _navigate_to_cover (res://battle/combat/battle_combat_behavior_service.gd:2248)
       [7] _pursue_closing_cover (res://battle/combat/battle_combat_behavior_service.gd:1112)
       [8] _continue_closing_from_occupied (res://battle/combat/battle_combat_behavior_service.gd:1087)
       [9] _update_healthy_role_cover_behavior (res://battle/combat/battle_combat_behavior_service.gd:852)
       [10] advance (res://battle/combat/battle_combat_behavior_service.gd:242)
       [11] _advance_validated (res://battle/runtime/battle_runtime_service.gd:116)
       [12] advance (res://battle/runtime/battle_runtime_service.gd:28)
       [13] _process (res://gameplay/arsenal_review.gd:203)
SCRIPT ERROR: Trying to assign an array of type "Array" to a variable of type "Array[String]".
   at: BattlefieldGeometry.get_obstacle_ids_at_point (res://battle/geometry/battlefield_geometry.gd:585)
   GDScript backtrace (most recent call first):
       [0] get_obstacle_ids_at_point (res://battle/geometry/battlefield_geometry.gd:585)
       [1] get_obstacle_ids_in_rect (res://battle/geometry/battlefield_geometry.gd:599)
       [2] _trace_segment (res://battle/combat/battle_line_of_sight_service.gd:191)
       [3] _trace_segment_cached (res://battle/combat/battle_line_of_sight_service.gd:143)
       [4] check_segment (res://battle/combat/battle_line_of_sight_service.gd:79)
       [5] evaluate_slot (res://battle/combat/battle_combat_cover_evaluation_service.gd:548)
       [6] occupied_cover_is_suitable (res://battle/combat/battle_combat_cover_evaluation_service.gd:133)
       [7] _healthy_occupied_cover_should_persist (res://battle/combat/battle_combat_behavior_service.gd:1419)
       [8] _update_healthy_role_cover_behavior (res://battle/combat/battle_combat_behavior_service.gd:835)
       [9] advance (res://battle/combat/battle_combat_behavior_service.gd:242)
       [10] _advance_validated (res://battle/runtime/battle_runtime_service.gd:116)
       [11] advance (res://battle/runtime/battle_runtime_service.gd:28)
       [12] _process (res://gameplay/arsenal_review.gd:203)
SCRIPT ERROR: Trying to assign an array of type "Array" to a variable of type "Array[String]".
   at: BattlefieldGeometry.get_obstacle_ids_at_point (res://battle/geometry/battlefield_geometry.gd:585)
   GDScript backtrace (most recent call first):
       [0] get_obstacle_ids_at_point (res://battle/geometry/battlefield_geometry.gd:585)
       [1] get_obstacle_ids_in_rect (res://battle/geometry/battlefield_geometry.gd:599)
       [2] _trace_segment (res://battle/combat/battle_line_of_sight_service.gd:191)
       [3] _trace_segment_cached (res://battle/combat/battle_line_of_sight_service.gd:143)
       [4] check_segment (res://battle/combat/battle_line_of_sight_service.gd:79)
       [5] evaluate_slot (res://battle/combat/battle_combat_cover_evaluation_service.gd:548)
       [6] _evaluate_rank_candidates (res://battle/combat/battle_combat_cover_evaluation_service.gd:849)
       [7] rank_healthy_role (res://battle/combat/battle_combat_cover_evaluation_service.gd:269)
       [8] _best_healthy_role_cover_slot (res://battle/combat/battle_combat_behavior_service.gd:1483)
       [9] _update_healthy_role_cover_behavior (res://battle/combat/battle_combat_behavior_service.gd:896)
       [10] advance (res://battle/combat/battle_combat_behavior_service.gd:242)
       [11] _advance_validated (res://battle/runtime/battle_runtime_service.gd:116)
       [12] advance (res://battle/runtime/battle_runtime_service.gd:28)
       [13] _process (res://gameplay/arsenal_review.gd:203)
SCRIPT ERROR: Trying to assign an array of type "Array" to a variable of type "Array[String]".
   at: BattlefieldGeometry.get_obstacle_ids_at_point (res://battle/geometry/battlefield_geometry.gd:585)
   GDScript backtrace (most recent call first):
       [0] get_obstacle_ids_at_point (res://battle/geometry/battlefield_geometry.gd:585)
       [1] get_obstacle_ids_in_rect (res://battle/geometry/battlefield_geometry.gd:599)
       [2] _trace_segment (res://battle/combat/battle_line_of_sight_service.gd:191)
       [3] _trace_segment_cached (res://battle/combat/battle_line_of_sight_service.gd:143)
       [4] check_segment (res://battle/combat/battle_line_of_sight_service.gd:79)
       [5] evaluate_slot (res://battle/combat/battle_combat_cover_evaluation_service.gd:548)
       [6] rank_closing_cover (res://battle/combat/battle_combat_cover_evaluation_service.gd:325)
       [7] _best_closing_cover_slot (res://battle/combat/battle_combat_behavior_service.gd:1144)
       [8] _continue_closing_from_occupied (res://battle/combat/battle_combat_behavior_service.gd:1062)
       [9] _update_healthy_role_cover_behavior (res://battle/combat/battle_combat_behavior_service.gd:852)
       [10] advance (res://battle/combat/battle_combat_behavior_service.gd:242)
       [11] _advance_validated (res://battle/runtime/battle_runtime_service.gd:116)
       [12] advance (res://battle/runtime/battle_runtime_service.gd:28)
       [13] _process (res://gameplay/arsenal_review.gd:203)
SCRIPT ERROR: Trying to assign an array of type "Array" to a variable of type "Array[String]".
   at: BattlefieldGeometry.get_obstacle_ids_at_point (res://battle/geometry/battlefield_geometry.gd:585)
   GDScript backtrace (most recent call first):
       [0] get_obstacle_ids_at_point (res://battle/geometry/battlefield_geometry.gd:585)
       [1] get_obstacle_ids_in_rect (res://battle/geometry/battlefield_geometry.gd:599)
       [2] _resolve_legal_translation (res://battle/geometry/battle_spatial_service.gd:245)
       [3] resolve_translation (res://battle/geometry/battle_spatial_service.gd:95)
       [4] is_translation_clear (res://battle/geometry/battle_spatial_service.gd:155)
       [5] _query_reachability (res://battle/navigation/battle_navigation_service.gd:40)
       [6] is_reachable (res://battle/navigation/battle_navigation_service.gd:28)
       [7] _slot_is_reachable (res://battle/combat/battle_combat_cover_evaluation_service.gd:795)
       [8] first_reachable_ranked_slot (res://battle/combat/battle_combat_cover_evaluation_service.gd:599)
       [9] _first_reservable_ranked_slot (res://battle/combat/battle_combat_behavior_service.gd:2026)
       [10] _best_closing_cover_slot (res://battle/combat/battle_combat_behavior_service.gd:1151)
       [11] _continue_closing_from_occupied (res://battle/combat/battle_combat_behavior_service.gd:1062)
       [12] _update_healthy_role_cover_behavior (res://battle/combat/battle_combat_behavior_service.gd:852)
       [13] advance (res://battle/combat/battle_combat_behavior_service.gd:242)
       [14] _advance_validated (res://battle/runtime/battle_runtime_service.gd:116)
       [15] advance (res://battle/runtime/battle_runtime_service.gd:28)
       [16] _process (res://gameplay/arsenal_review.gd:203)
SCRIPT ERROR: Trying to assign an array of type "Array" to a variable of type "Array[String]".
   at: BattlefieldGeometry.get_obstacle_ids_at_point (res://battle/geometry/battlefield_geometry.gd:585)
   GDScript backtrace (most recent call first):
       [0] get_obstacle_ids_at_point (res://battle/geometry/battlefield_geometry.gd:585)
       [1] get_obstacle_ids_in_rect (res://battle/geometry/battlefield_geometry.gd:599)
       [2] _resolve_legal_translation (res://battle/geometry/battle_spatial_service.gd:245)
       [3] resolve_translation (res://battle/geometry/battle_spatial_service.gd:95)
       [4] is_translation_clear (res://battle/geometry/battle_spatial_service.gd:155)
       [5] _find_path (res://battle/navigation/battle_navigation_service.gd:194)
       [6] find_path (res://battle/navigation/battle_navigation_service.gd:96)
       [7] _find_combat_navigation_path (res://battle/combat/battle_combat_behavior_service.gd:2014)
       [8] _navigate_to_cover (res://battle/combat/battle_combat_behavior_service.gd:2248)
       [9] _pursue_closing_cover (res://battle/combat/battle_combat_behavior_service.gd:1112)
       [10] _continue_closing_from_occupied (res://battle/combat/battle_combat_behavior_service.gd:1087)
       [11] _update_healthy_role_cover_behavior (res://battle/combat/battle_combat_behavior_service.gd:852)
       [12] advance (res://battle/combat/battle_combat_behavior_service.gd:242)
       [13] _advance_validated (res://battle/runtime/battle_runtime_service.gd:116)
       [14] advance (res://battle/runtime/battle_runtime_service.gd:28)
       [15] _process (res://gameplay/arsenal_review.gd:203)
SCRIPT ERROR: Trying to assign an array of type "Array" to a variable of type "Array[String]".
   at: BattlefieldGeometry.get_obstacle_ids_at_point (res://battle/geometry/battlefield_geometry.gd:585)
   GDScript backtrace (most recent call first):
       [0] get_obstacle_ids_at_point (res://battle/geometry/battlefield_geometry.gd:585)
       [1] get_movement_blocking_obstacle_id_at (res://battle/geometry/battlefield_geometry.gd:259)
       [2] _blocking_obstacle_id (res://battle/navigation/battle_navigation_service.gd:610)
       [3] _is_legal_candidate (res://battle/navigation/battle_navigation_service.gd:316)
       [4] _query_reachability (res://battle/navigation/battle_navigation_service.gd:35)
       [5] is_reachable (res://battle/navigation/battle_navigation_service.gd:28)
       [6] _slot_is_reachable (res://battle/combat/battle_combat_cover_evaluation_service.gd:795)
       [7] first_reachable_ranked_slot (res://battle/combat/battle_combat_cover_evaluation_service.gd:599)
       [8] _first_reservable_ranked_slot (res://battle/combat/battle_combat_behavior_service.gd:2026)
       [9] _best_closing_cover_slot (res://battle/combat/battle_combat_behavior_service.gd:1151)
       [10] _update_short_range_closing_behavior (res://battle/combat/battle_combat_behavior_service.gd:1033)
       [11] _update_healthy_role_cover_behavior (res://battle/combat/battle_combat_behavior_service.gd:862)
       [12] advance (res://battle/combat/battle_combat_behavior_service.gd:242)
       [13] _advance_validated (res://battle/runtime/battle_runtime_service.gd:116)
       [14] advance (res://battle/runtime/battle_runtime_service.gd:28)
       [15] _process (res://gameplay/arsenal_review.gd:203)
SCRIPT ERROR: Trying to assign an array of type "Array" to a variable of type "Array[String]".
   at: BattlefieldGeometry.get_obstacle_ids_at_point (res://battle/geometry/battlefield_geometry.gd:585)
   GDScript backtrace (most recent call first):
       [0] get_obstacle_ids_at_point (res://battle/geometry/battlefield_geometry.gd:585)
       [1] get_movement_blocking_obstacle_id_at (res://battle/geometry/battlefield_geometry.gd:259)
       [2] _blocking_obstacle_at (res://battle/geometry/battle_spatial_service.gd:414)
       [3] resolve_translation (res://battle/geometry/battle_spatial_service.gd:65)
       [4] is_translation_clear (res://battle/geometry/battle_spatial_service.gd:155)
       [5] _query_reachability (res://battle/navigation/battle_navigation_service.gd:40)
       [6] is_reachable (res://battle/navigation/battle_navigation_service.gd:28)
       [7] _slot_is_reachable (res://battle/combat/battle_combat_cover_evaluation_service.gd:795)
       [8] first_reachable_ranked_slot (res://battle/combat/battle_combat_cover_evaluation_service.gd:599)
       [9] _first_reservable_ranked_slot (res://battle/combat/battle_combat_behavior_service.gd:2026)
       [10] _best_closing_cover_slot (res://battle/combat/battle_combat_behavior_service.gd:1151)
       [11] _update_short_range_closing_behavior (res://battle/combat/battle_combat_behavior_service.gd:1033)
       [12] _update_healthy_role_cover_behavior (res://battle/combat/battle_combat_behavior_service.gd:862)
       [13] advance (res://battle/combat/battle_combat_behavior_service.gd:242)
       [14] _advance_validated (res://battle/runtime/battle_runtime_service.gd:116)
       [15] advance (res://battle/runtime/battle_runtime_service.gd:28)
       [16] _process (res://gameplay/arsenal_review.gd:203)
SCRIPT ERROR: Trying to assign an array of type "Array" to a variable of type "Array[String]".
   at: BattlefieldGeometry.get_obstacle_ids_at_point (res://battle/geometry/battlefield_geometry.gd:585)
   GDScript backtrace (most recent call first):
       [0] get_obstacle_ids_at_point (res://battle/geometry/battlefield_geometry.gd:585)
       [1] get_obstacle_ids_in_rect (res://battle/geometry/battlefield_geometry.gd:599)
       [2] _resolve_legal_translation (res://battle/geometry/battle_spatial_service.gd:245)
       [3] resolve_translation (res://battle/geometry/battle_spatial_service.gd:95)
       [4] is_translation_clear (res://battle/geometry/battle_spatial_service.gd:155)
       [5] _query_reachability (res://battle/navigation/battle_navigation_service.gd:40)
       [6] is_reachable (res://battle/navigation/battle_navigation_service.gd:28)
       [7] _slot_is_reachable (res://battle/combat/battle_combat_cover_evaluation_service.gd:795)
       [8] first_reachable_ranked_slot (res://battle/combat/battle_combat_cover_evaluation_service.gd:599)
       [9] _first_reservable_ranked_slot (res://battle/combat/battle_combat_behavior_service.gd:2026)
       [10] _best_closing_cover_slot (res://battle/combat/battle_combat_behavior_service.gd:1151)
       [11] _update_short_range_closing_behavior (res://battle/combat/battle_combat_behavior_service.gd:1033)
       [12] _update_healthy_role_cover_behavior (res://battle/combat/battle_combat_behavior_service.gd:862)
       [13] advance (res://battle/combat/battle_combat_behavior_service.gd:242)
       [14] _advance_validated (res://battle/runtime/battle_runtime_service.gd:116)
       [15] advance (res://battle/runtime/battle_runtime_service.gd:28)
       [16] _process (res://gameplay/arsenal_review.gd:203)
SCRIPT ERROR: Trying to assign an array of type "Array" to a variable of type "Array[String]".
   at: BattlefieldGeometry.get_obstacle_ids_at_point (res://battle/geometry/battlefield_geometry.gd:585)
   GDScript backtrace (most recent call first):
       [0] get_obstacle_ids_at_point (res://battle/geometry/battlefield_geometry.gd:585)
       [1] get_movement_blocking_obstacle_id_at (res://battle/geometry/battlefield_geometry.gd:259)
       [2] _blocking_obstacle_at (res://battle/geometry/battle_spatial_service.gd:414)
       [3] _resolve_legal_translation (res://battle/geometry/battle_spatial_service.gd:294)
       [4] resolve_translation (res://battle/geometry/battle_spatial_service.gd:95)
       [5] is_translation_clear (res://battle/geometry/battle_spatial_service.gd:155)
       [6] _query_reachability (res://battle/navigation/battle_navigation_service.gd:40)
       [7] is_reachable (res://battle/navigation/battle_navigation_service.gd:28)
       [8] _slot_is_reachable (res://battle/combat/battle_combat_cover_evaluation_service.gd:795)
       [9] first_reachable_ranked_slot (res://battle/combat/battle_combat_cover_evaluation_service.gd:599)
       [10] _first_reservable_ranked_slot (res://battle/combat/battle_combat_behavior_service.gd:2026)
       [11] _best_closing_cover_slot (res://battle/combat/battle_combat_behavior_service.gd:1151)
       [12] _update_short_range_closing_behavior (res://battle/combat/battle_combat_behavior_service.gd:1033)
       [13] _update_healthy_role_cover_behavior (res://battle/combat/battle_combat_behavior_service.gd:862)
       [14] advance (res://battle/combat/battle_combat_behavior_service.gd:242)
       [15] _advance_validated (res://battle/runtime/battle_runtime_service.gd:116)
       [16] advance (res://battle/runtime/battle_runtime_service.gd:28)
       [17] _process (res://gameplay/arsenal_review.gd:203)
SCRIPT ERROR: Trying to assign an array of type "Array" to a variable of type "Array[String]".
   at: BattlefieldGeometry.get_obstacle_ids_at_point (res://battle/geometry/battlefield_geometry.gd:585)
   GDScript backtrace (most recent call first):
       [0] get_obstacle_ids_at_point (res://battle/geometry/battlefield_geometry.gd:585)
       [1] get_movement_blocking_obstacle_id_at (res://battle/geometry/battlefield_geometry.gd:259)
       [2] _blocking_obstacle_id (res://battle/navigation/battle_navigation_service.gd:610)
       [3] _find_path (res://battle/navigation/battle_navigation_service.gd:156)
       [4] find_path (res://battle/navigation/battle_navigation_service.gd:96)
       [5] _find_combat_navigation_path (res://battle/combat/battle_combat_behavior_service.gd:2014)
       [6] _navigate_to_cover (res://battle/combat/battle_combat_behavior_service.gd:2248)
       [7] _pursue_closing_cover (res://battle/combat/battle_combat_behavior_service.gd:1112)
       [8] _update_short_range_closing_behavior (res://battle/combat/battle_combat_behavior_service.gd:1048)
       [9] _update_healthy_role_cover_behavior (res://battle/combat/battle_combat_behavior_service.gd:862)
       [10] advance (res://battle/combat/battle_combat_behavior_service.gd:242)
       [11] _advance_validated (res://battle/runtime/battle_runtime_service.gd:116)
       [12] advance (res://battle/runtime/battle_runtime_service.gd:28)
       [13] _process (res://gameplay/arsenal_review.gd:203)
SCRIPT ERROR: Trying to assign an array of type "Array" to a variable of type "Array[String]".
   at: BattlefieldGeometry.get_obstacle_ids_at_point (res://battle/geometry/battlefield_geometry.gd:585)
   GDScript backtrace (most recent call first):
       [0] get_obstacle_ids_at_point (res://battle/geometry/battlefield_geometry.gd:585)
       [1] get_movement_blocking_obstacle_id_at (res://battle/geometry/battlefield_geometry.gd:259)
       [2] _blocking_obstacle_at (res://battle/geometry/battle_spatial_service.gd:414)
       [3] resolve_translation (res://battle/geometry/battle_spatial_service.gd:65)
       [4] is_translation_clear (res://battle/geometry/battle_spatial_service.gd:155)
       [5] _find_path (res://battle/navigation/battle_navigation_service.gd:194)
       [6] find_path (res://battle/navigation/battle_navigation_service.gd:96)
       [7] _find_combat_navigation_path (res://battle/combat/battle_combat_behavior_service.gd:2014)
       [8] _navigate_to_cover (res://battle/combat/battle_combat_behavior_service.gd:2248)
       [9] _pursue_closing_cover (res://battle/combat/battle_combat_behavior_service.gd:1112)
       [10] _update_short_range_closing_behavior (res://battle/combat/battle_combat_behavior_service.gd:1048)
       [11] _update_healthy_role_cover_behavior (res://battle/combat/battle_combat_behavior_service.gd:862)
       [12] advance (res://battle/combat/battle_combat_behavior_service.gd:242)
       [13] _advance_validated (res://battle/runtime/battle_runtime_service.gd:116)
       [14] advance (res://battle/runtime/battle_runtime_service.gd:28)
       [15] _process (res://gameplay/arsenal_review.gd:203)
SCRIPT ERROR: Trying to assign an array of type "Array" to a variable of type "Array[String]".
   at: BattlefieldGeometry.get_obstacle_ids_at_point (res://battle/geometry/battlefield_geometry.gd:585)
   GDScript backtrace (most recent call first):
       [0] get_obstacle_ids_at_point (res://battle/geometry/battlefield_geometry.gd:585)
       [1] get_obstacle_ids_in_rect (res://battle/geometry/battlefield_geometry.gd:599)
       [2] _resolve_legal_translation (res://battle/geometry/battle_spatial_service.gd:245)
       [3] resolve_translation (res://battle/geometry/battle_spatial_service.gd:95)
       [4] is_translation_clear (res://battle/geometry/battle_spatial_service.gd:155)
       [5] _find_path (res://battle/navigation/battle_navigation_service.gd:194)
       [6] find_path (res://battle/navigation/battle_navigation_service.gd:96)
       [7] _find_combat_navigation_path (res://battle/combat/battle_combat_behavior_service.gd:2014)
       [8] _navigate_to_cover (res://battle/combat/battle_combat_behavior_service.gd:2248)
       [9] _pursue_closing_cover (res://battle/combat/battle_combat_behavior_service.gd:1112)
       [10] _update_short_range_closing_behavior (res://battle/combat/battle_combat_behavior_service.gd:1048)
       [11] _update_healthy_role_cover_behavior (res://battle/combat/battle_combat_behavior_service.gd:862)
       [12] advance (res://battle/combat/battle_combat_behavior_service.gd:242)
       [13] _advance_validated (res://battle/runtime/battle_runtime_service.gd:116)
       [14] advance (res://battle/runtime/battle_runtime_service.gd:28)
       [15] _process (res://gameplay/arsenal_review.gd:203)
SCRIPT ERROR: Trying to assign an array of type "Array" to a variable of type "Array[String]".
   at: BattlefieldGeometry.get_obstacle_ids_at_point (res://battle/geometry/battlefield_geometry.gd:585)
   GDScript backtrace (most recent call first):
       [0] get_obstacle_ids_at_point (res://battle/geometry/battlefield_geometry.gd:585)
       [1] get_movement_blocking_obstacle_id_at (res://battle/geometry/battlefield_geometry.gd:259)
       [2] _blocking_obstacle_at (res://battle/geometry/battle_spatial_service.gd:414)
       [3] _resolve_legal_translation (res://battle/geometry/battle_spatial_service.gd:294)
       [4] resolve_translation (res://battle/geometry/battle_spatial_service.gd:95)
       [5] is_translation_clear (res://battle/geometry/battle_spatial_service.gd:155)
       [6] _find_path (res://battle/navigation/battle_navigation_service.gd:194)
       [7] find_path (res://battle/navigation/battle_navigation_service.gd:96)
       [8] _find_combat_navigation_path (res://battle/combat/battle_combat_behavior_service.gd:2014)
       [9] _navigate_to_cover (res://battle/combat/battle_combat_behavior_service.gd:2248)
       [10] _pursue_closing_cover (res://battle/combat/battle_combat_behavior_service.gd:1112)
       [11] _update_short_range_closing_behavior (res://battle/combat/battle_combat_behavior_service.gd:1048)
       [12] _update_healthy_role_cover_behavior (res://battle/combat/battle_combat_behavior_service.gd:862)
       [13] advance (res://battle/combat/battle_combat_behavior_service.gd:242)
       [14] _advance_validated (res://battle/runtime/battle_runtime_service.gd:116)
       [15] advance (res://battle/runtime/battle_runtime_service.gd:28)
       [16] _process (res://gameplay/arsenal_review.gd:203)
SCRIPT ERROR: Trying to assign an array of type "Array" to a variable of type "Array[String]".
   at: BattlefieldGeometry.get_obstacle_ids_at_point (res://battle/geometry/battlefield_geometry.gd:585)
   GDScript backtrace (most recent call first):
       [0] get_obstacle_ids_at_point (res://battle/geometry/battlefield_geometry.gd:585)
       [1] get_movement_blocking_obstacle_id_at (res://battle/geometry/battlefield_geometry.gd:259)
       [2] cover_hustle_multiplier (res://battle/runtime/battle_movement_service.gd:164)
       [3] _advance_participant (res://battle/runtime/battle_movement_service.gd:78)
       [4] advance (res://battle/runtime/battle_movement_service.gd:52)
       [5] _advance_validated (res://battle/runtime/battle_runtime_service.gd:152)
       [6] advance (res://battle/runtime/battle_runtime_service.gd:28)
       [7] _process (res://gameplay/arsenal_review.gd:203)
SCRIPT ERROR: Trying to assign an array of type "Array" to a variable of type "Array[String]".
   at: BattlefieldGeometry.get_obstacle_ids_at_point (res://battle/geometry/battlefield_geometry.gd:585)
   GDScript backtrace (most recent call first):
       [0] get_obstacle_ids_at_point (res://battle/geometry/battlefield_geometry.gd:585)
       [1] get_movement_blocking_obstacle_id_at (res://battle/geometry/battlefield_geometry.gd:259)
       [2] _blocking_obstacle_at (res://battle/geometry/battle_spatial_service.gd:414)
       [3] resolve_translation (res://battle/geometry/battle_spatial_service.gd:65)
       [4] _advance_participant (res://battle/runtime/battle_movement_service.gd:103)
       [5] advance (res://battle/runtime/battle_movement_service.gd:52)
       [6] _advance_validated (res://battle/runtime/battle_runtime_service.gd:152)
       [7] advance (res://battle/runtime/battle_runtime_service.gd:28)
       [8] _process (res://gameplay/arsenal_review.gd:203)
SCRIPT ERROR: Trying to assign an array of type "Array" to a variable of type "Array[String]".
   at: BattlefieldGeometry.get_obstacle_ids_at_point (res://battle/geometry/battlefield_geometry.gd:585)
   GDScript backtrace (most recent call first):
       [0] get_obstacle_ids_at_point (res://battle/geometry/battlefield_geometry.gd:585)
       [1] _is_valid_navigation_destination (res://battle/combat/battle_combat_behavior_service.gd:3044)
       [2] _cheap_closing_slot_still_valid (res://battle/combat/battle_combat_behavior_service.gd:1192)
       [3] _update_healthy_role_cover_behavior (res://battle/combat/battle_combat_behavior_service.gd:831)
       [4] advance (res://battle/combat/battle_combat_behavior_service.gd:242)
       [5] _advance_validated (res://battle/runtime/battle_runtime_service.gd:116)
       [6] advance (res://battle/runtime/battle_runtime_service.gd:28)
       [7] _process (res://gameplay/arsenal_review.gd:203)
SCRIPT ERROR: Trying to assign an array of type "Array" to a variable of type "Array[String]".
   at: BattlefieldGeometry.get_obstacle_ids_at_point (res://battle/geometry/battlefield_geometry.gd:585)
   GDScript backtrace (most recent call first):
       [0] get_obstacle_ids_at_point (res://battle/geometry/battlefield_geometry.gd:585)
       [1] _is_valid_navigation_destination (res://battle/combat/battle_combat_behavior_service.gd:3044)
       [2] _cheap_closing_slot_still_valid (res://battle/combat/battle_combat_behavior_service.gd:1192)
       [3] _update_healthy_role_cover_behavior (res://battle/combat/battle_combat_behavior_service.gd:831)
       [4] advance (res://battle/combat/battle_combat_behavior_service.gd:242)
       [5] _advance_validated (res://battle/runtime/battle_runtime_service.gd:116)
       [6] advance (res://battle/runtime/battle_runtime_service.gd:28)
       [7] _process (res://gameplay/arsenal_review.gd:203)
SCRIPT ERROR: Trying to assign an array of type "Array" to a variable of type "Array[String]".
   at: BattlefieldGeometry.get_obstacle_ids_at_point (res://battle/geometry/battlefield_geometry.gd:585)
   GDScript backtrace (most recent call first):
       [0] get_obstacle_ids_at_point (res://battle/geometry/battlefield_geometry.gd:585)
       [1] _is_valid_navigation_destination (res://battle/combat/battle_combat_behavior_service.gd:3044)
       [2] _cheap_closing_slot_still_valid (res://battle/combat/battle_combat_behavior_service.gd:1192)
       [3] _update_healthy_role_cover_behavior (res://battle/combat/battle_combat_behavior_service.gd:831)
       [4] advance (res://battle/combat/battle_combat_behavior_service.gd:242)
       [5] _advance_validated (res://battle/runtime/battle_runtime_service.gd:116)
       [6] advance (res://battle/runtime/battle_runtime_service.gd:28)
       [7] _process (res://gameplay/arsenal_review.gd:203)
SCRIPT ERROR: Trying to assign an array of type "Array" to a variable of type "Array[String]".
   at: BattlefieldGeometry.get_obstacle_ids_at_point (res://battle/geometry/battlefield_geometry.gd:585)
   GDScript backtrace (most recent call first):
       [0] get_obstacle_ids_at_point (res://battle/geometry/battlefield_geometry.gd:585)
       [1] _is_valid_navigation_destination (res://battle/combat/battle_combat_behavior_service.gd:3044)
       [2] _cheap_closing_slot_still_valid (res://battle/combat/battle_combat_behavior_service.gd:1192)
       [3] _update_healthy_role_cover_behavior (res://battle/combat/battle_combat_behavior_service.gd:831)
       [4] advance (res://battle/combat/battle_combat_behavior_service.gd:242)
       [5] _advance_validated (res://battle/runtime/battle_runtime_service.gd:116)
       [6] advance (res://battle/runtime/battle_runtime_service.gd:28)
       [7] _process (res://gameplay/arsenal_review.gd:203)
SCRIPT ERROR: Trying to assign an array of type "Array" to a variable of type "Array[String]".
   at: BattlefieldGeometry.get_obstacle_ids_at_point (res://battle/geometry/battlefield_geometry.gd:585)
   GDScript backtrace (most recent call first):
       [0] get_obstacle_ids_at_point (res://battle/geometry/battlefield_geometry.gd:585)
       [1] _is_valid_navigation_destination (res://battle/combat/battle_combat_behavior_service.gd:3044)
       [2] _cheap_closing_slot_still_valid (res://battle/combat/battle_combat_behavior_service.gd:1192)
       [3] _update_healthy_role_cover_behavior (res://battle/combat/battle_combat_behavior_service.gd:831)
       [4] advance (res://battle/combat/battle_combat_behavior_service.gd:242)
       [5] _advance_validated (res://battle/runtime/battle_runtime_service.gd:116)
       [6] advance (res://battle/runtime/battle_runtime_service.gd:28)
       [7] _process (res://gameplay/arsenal_review.gd:203)
SCRIPT ERROR: Trying to assign an array of type "Array" to a variable of type "Array[String]".
   at: BattlefieldGeometry.get_obstacle_ids_at_point (res://battle/geometry/battlefield_geometry.gd:585)
   GDScript backtrace (most recent call first):
       [0] get_obstacle_ids_at_point (res://battle/geometry/battlefield_geometry.gd:585)
       [1] _is_valid_navigation_destination (res://battle/combat/battle_combat_behavior_service.gd:3044)
       [2] _cheap_closing_slot_still_valid (res://battle/combat/battle_combat_behavior_service.gd:1192)
       [3] _update_healthy_role_cover_behavior (res://battle/combat/battle_combat_behavior_service.gd:831)
       [4] advance (res://battle/combat/battle_combat_behavior_service.gd:242)
       [5] _advance_validated (res://battle/runtime/battle_runtime_service.gd:116)
       [6] advance (res://battle/runtime/battle_runtime_service.gd:28)
       [7] _process (res://gameplay/arsenal_review.gd:203)
SCRIPT ERROR: Trying to assign an array of type "Array" to a variable of type "Array[String]".
   at: BattlefieldGeometry.get_obstacle_ids_at_point (res://battle/geometry/battlefield_geometry.gd:585)
   GDScript backtrace (most recent call first):
       [0] get_obstacle_ids_at_point (res://battle/geometry/battlefield_geometry.gd:585)
       [1] _is_valid_navigation_destination (res://battle/combat/battle_combat_behavior_service.gd:3044)
       [2] _cheap_closing_slot_still_valid (res://battle/combat/battle_combat_behavior_service.gd:1192)
       [3] _update_healthy_role_cover_behavior (res://battle/combat/battle_combat_behavior_service.gd:831)
       [4] advance (res://battle/combat/battle_combat_behavior_service.gd:242)
       [5] _advance_validated (res://battle/runtime/battle_runtime_service.gd:116)
       [6] advance (res://battle/runtime/battle_runtime_service.gd:28)
       [7] _process (res://gameplay/arsenal_review.gd:203)
SCRIPT ERROR: Trying to assign an array of type "Array" to a variable of type "Array[String]".
   at: BattlefieldGeometry.get_obstacle_ids_at_point (res://battle/geometry/battlefield_geometry.gd:585)
   GDScript backtrace (most recent call first):
       [0] get_obstacle_ids_at_point (res://battle/geometry/battlefield_geometry.gd:585)
       [1] _is_valid_navigation_destination (res://battle/combat/battle_combat_behavior_service.gd:3044)
       [2] _cheap_closing_slot_still_valid (res://battle/combat/battle_combat_behavior_service.gd:1192)
       [3] _update_healthy_role_cover_behavior (res://battle/combat/battle_combat_behavior_service.gd:831)
       [4] advance (res://battle/combat/battle_combat_behavior_service.gd:242)
       [5] _advance_validated (res://battle/runtime/battle_runtime_service.gd:116)
       [6] advance (res://battle/runtime/battle_runtime_service.gd:28)
       [7] _process (res://gameplay/arsenal_review.gd:203)
SCRIPT ERROR: Trying to assign an array of type "Array" to a variable of type "Array[String]".
   at: BattlefieldGeometry.get_obstacle_ids_at_point (res://battle/geometry/battlefield_geometry.gd:585)
   GDScript backtrace (most recent call first):
       [0] get_obstacle_ids_at_point (res://battle/geometry/battlefield_geometry.gd:585)
       [1] _is_valid_navigation_destination (res://battle/combat/battle_combat_behavior_service.gd:3044)
       [2] _cheap_closing_slot_still_valid (res://battle/combat/battle_combat_behavior_service.gd:1192)
       [3] _update_healthy_role_cover_behavior (res://battle/combat/battle_combat_behavior_service.gd:831)
       [4] advance (res://battle/combat/battle_combat_behavior_service.gd:242)
       [5] _advance_validated (res://battle/runtime/battle_runtime_service.gd:116)
       [6] advance (res://battle/runtime/battle_runtime_service.gd:28)
       [7] _process (res://gameplay/arsenal_review.gd:203)
SCRIPT ERROR: Trying to assign an array of type "Array" to a variable of type "Array[String]".
   at: BattlefieldGeometry.get_obstacle_ids_at_point (res://battle/geometry/battlefield_geometry.gd:585)
   GDScript backtrace (most recent call first):
       [0] get_obstacle_ids_at_point (res://battle/geometry/battlefield_geometry.gd:585)
       [1] _is_valid_navigation_destination (res://battle/combat/battle_combat_behavior_service.gd:3044)
       [2] _cheap_closing_slot_still_valid (res://battle/combat/battle_combat_behavior_service.gd:1192)
       [3] _update_healthy_role_cover_behavior (res://battle/combat/battle_combat_behavior_service.gd:831)
       [4] advance (res://battle/combat/battle_combat_behavior_service.gd:242)
       [5] _advance_validated (res://battle/runtime/battle_runtime_service.gd:116)
       [6] advance (res://battle/runtime/battle_runtime_service.gd:28)
       [7] _process (res://gameplay/arsenal_review.gd:203)
SCRIPT ERROR: Trying to assign an array of type "Array" to a variable of type "Array[String]".
   at: BattlefieldGeometry.get_obstacle_ids_at_point (res://battle/geometry/battlefield_geometry.gd:585)
   GDScript backtrace (most recent call first):
       [0] get_obstacle_ids_at_point (res://battle/geometry/battlefield_geometry.gd:585)
       [1] _is_valid_navigation_destination (res://battle/combat/battle_combat_behavior_service.gd:3044)
       [2] _cheap_closing_slot_still_valid (res://battle/combat/battle_combat_behavior_service.gd:1192)
       [3] _update_healthy_role_cover_behavior (res://battle/combat/battle_combat_behavior_service.gd:831)
       [4] advance (res://battle/combat/battle_combat_behavior_service.gd:242)
       [5] _advance_validated (res://battle/runtime/battle_runtime_service.gd:116)
       [6] advance (res://battle/runtime/battle_runtime_service.gd:28)
       [7] _process (res://gameplay/arsenal_review.gd:203)
SCRIPT ERROR: Trying to assign an array of type "Array" to a variable of type "Array[String]".
   at: BattlefieldGeometry.get_obstacle_ids_at_point (res://battle/geometry/battlefield_geometry.gd:585)
   GDScript backtrace (most recent call first):
       [0] get_obstacle_ids_at_point (res://battle/geometry/battlefield_geometry.gd:585)
       [1] _is_valid_navigation_destination (res://battle/combat/battle_combat_behavior_service.gd:3044)
       [2] _cheap_closing_slot_still_valid (res://battle/combat/battle_combat_behavior_service.gd:1192)
       [3] _update_healthy_role_cover_behavior (res://battle/combat/battle_combat_behavior_service.gd:831)
       [4] advance (res://battle/combat/battle_combat_behavior_service.gd:242)
       [5] _advance_validated (res://battle/runtime/battle_runtime_service.gd:116)
       [6] advance (res://battle/runtime/battle_runtime_service.gd:28)
       [7] _process (res://gameplay/arsenal_review.gd:203)
SCRIPT ERROR: Trying to assign an array of type "Array" to a variable of type "Array[String]".
   at: BattlefieldGeometry.get_obstacle_ids_at_point (res://battle/geometry/battlefield_geometry.gd:585)
   GDScript backtrace (most recent call first):
       [0] get_obstacle_ids_at_point (res://battle/geometry/battlefield_geometry.gd:585)
       [1] _is_valid_navigation_destination (res://battle/combat/battle_combat_behavior_service.gd:3044)
       [2] _cheap_closing_slot_still_valid (res://battle/combat/battle_combat_behavior_service.gd:1192)
       [3] _update_healthy_role_cover_behavior (res://battle/combat/battle_combat_behavior_service.gd:831)
       [4] advance (res://battle/combat/battle_combat_behavior_service.gd:242)
       [5] _advance_validated (res://battle/runtime/battle_runtime_service.gd:116)
       [6] advance (res://battle/runtime/battle_runtime_service.gd:28)
       [7] _process (res://gameplay/arsenal_review.gd:203)
SCRIPT ERROR: Trying to assign an array of type "Array" to a variable of type "Array[String]".
   at: BattlefieldGeometry.get_obstacle_ids_at_point (res://battle/geometry/battlefield_geometry.gd:585)
   GDScript backtrace (most recent call first):
       [0] get_obstacle_ids_at_point (res://battle/geometry/battlefield_geometry.gd:585)
       [1] _is_valid_navigation_destination (res://battle/combat/battle_combat_behavior_service.gd:3044)
       [2] _cheap_closing_slot_still_valid (res://battle/combat/battle_combat_behavior_service.gd:1192)
       [3] _update_healthy_role_cover_behavior (res://battle/combat/battle_combat_behavior_service.gd:831)
       [4] advance (res://battle/combat/battle_combat_behavior_service.gd:242)
       [5] _advance_validated (res://battle/runtime/battle_runtime_service.gd:116)
       [6] advance (res://battle/runtime/battle_runtime_service.gd:28)
       [7] _process (res://gameplay/arsenal_review.gd:203)
SCRIPT ERROR: Trying to assign an array of type "Array" to a variable of type "Array[String]".
   at: BattlefieldGeometry.get_obstacle_ids_at_point (res://battle/geometry/battlefield_geometry.gd:585)
   GDScript backtrace (most recent call first):
       [0] get_obstacle_ids_at_point (res://battle/geometry/battlefield_geometry.gd:585)
       [1] _is_valid_navigation_destination (res://battle/combat/battle_combat_behavior_service.gd:3044)
       [2] _cheap_closing_slot_still_valid (res://battle/combat/battle_combat_behavior_service.gd:1192)
       [3] _update_healthy_role_cover_behavior (res://battle/combat/battle_combat_behavior_service.gd:831)
       [4] advance (res://battle/combat/battle_combat_behavior_service.gd:242)
       [5] _advance_validated (res://battle/runtime/battle_runtime_service.gd:116)
       [6] advance (res://battle/runtime/battle_runtime_service.gd:28)
       [7] _process (res://gameplay/arsenal_review.gd:203)
SCRIPT ERROR: Trying to assign an array of type "Array" to a variable of type "Array[String]".
   at: BattlefieldGeometry.get_obstacle_ids_at_point (res://battle/geometry/battlefield_geometry.gd:585)
   GDScript backtrace (most recent call first):
       [0] get_obstacle_ids_at_point (res://battle/geometry/battlefield_geometry.gd:585)
       [1] _is_valid_navigation_destination (res://battle/combat/battle_combat_behavior_service.gd:3044)
       [2] _cheap_closing_slot_still_valid (res://battle/combat/battle_combat_behavior_service.gd:1192)
       [3] _update_healthy_role_cover_behavior (res://battle/combat/battle_combat_behavior_service.gd:831)
       [4] advance (res://battle/combat/battle_combat_behavior_service.gd:242)
       [5] _advance_validated (res://battle/runtime/battle_runtime_service.gd:116)
       [6] advance (res://battle/runtime/battle_runtime_service.gd:28)
       [7] _process (res://gameplay/arsenal_review.gd:203)
SCRIPT ERROR: Trying to assign an array of type "Array" to a variable of type "Array[String]".
   at: BattlefieldGeometry.get_obstacle_ids_at_point (res://battle/geometry/battlefield_geometry.gd:585)
   GDScript backtrace (most recent call first):
       [0] get_obstacle_ids_at_point (res://battle/geometry/battlefield_geometry.gd:585)
       [1] _is_valid_navigation_destination (res://battle/combat/battle_combat_behavior_service.gd:3044)
       [2] _cheap_closing_slot_still_valid (res://battle/combat/battle_combat_behavior_service.gd:1192)
       [3] _update_healthy_role_cover_behavior (res://battle/combat/battle_combat_behavior_service.gd:831)
       [4] advance (res://battle/combat/battle_combat_behavior_service.gd:242)
       [5] _advance_validated (res://battle/runtime/battle_runtime_service.gd:116)
       [6] advance (res://battle/runtime/battle_runtime_service.gd:28)
       [7] _process (res://gameplay/arsenal_review.gd:203)
SCRIPT ERROR: Trying to assign an array of type "Array" to a variable of type "Array[String]".
   at: BattlefieldGeometry.get_obstacle_ids_at_point (res://battle/geometry/battlefield_geometry.gd:585)
   GDScript backtrace (most recent call first):
       [0] get_obstacle_ids_at_point (res://battle/geometry/battlefield_geometry.gd:585)
       [1] _is_valid_navigation_destination (res://battle/combat/battle_combat_behavior_service.gd:3044)
       [2] _cheap_closing_slot_still_valid (res://battle/combat/battle_combat_behavior_service.gd:1192)
       [3] _update_healthy_role_cover_behavior (res://battle/combat/battle_combat_behavior_service.gd:831)
       [4] advance (res://battle/combat/battle_combat_behavior_service.gd:242)
       [5] _advance_validated (res://battle/runtime/battle_runtime_service.gd:116)
       [6] advance (res://battle/runtime/battle_runtime_service.gd:28)
       [7] _process (res://gameplay/arsenal_review.gd:203)
SCRIPT ERROR: Trying to assign an array of type "Array" to a variable of type "Array[String]".
   at: BattlefieldGeometry.get_obstacle_ids_at_point (res://battle/geometry/battlefield_geometry.gd:585)
   GDScript backtrace (most recent call first):
       [0] get_obstacle_ids_at_point (res://battle/geometry/battlefield_geometry.gd:585)
       [1] _is_valid_navigation_destination (res://battle/combat/battle_combat_behavior_service.gd:3044)
       [2] _cheap_closing_slot_still_valid (res://battle/combat/battle_combat_behavior_service.gd:1192)
       [3] _update_healthy_role_cover_behavior (res://battle/combat/battle_combat_behavior_service.gd:831)
       [4] advance (res://battle/combat/battle_combat_behavior_service.gd:242)
       [5] _advance_validated (res://battle/runtime/battle_runtime_service.gd:116)
       [6] advance (res://battle/runtime/battle_runtime_service.gd:28)
       [7] _process (res://gameplay/arsenal_review.gd:203)
SCRIPT ERROR: Trying to assign an array of type "Array" to a variable of type "Array[String]".
   at: BattlefieldGeometry.get_obstacle_ids_at_point (res://battle/geometry/battlefield_geometry.gd:585)
   GDScript backtrace (most recent call first):
       [0] get_obstacle_ids_at_point (res://battle/geometry/battlefield_geometry.gd:585)
       [1] _is_valid_navigation_destination (res://battle/combat/battle_combat_behavior_service.gd:3044)
       [2] _cheap_closing_slot_still_valid (res://battle/combat/battle_combat_behavior_service.gd:1192)
       [3] _update_healthy_role_cover_behavior (res://battle/combat/battle_combat_behavior_service.gd:831)
       [4] advance (res://battle/combat/battle_combat_behavior_service.gd:242)
       [5] _advance_validated (res://battle/runtime/battle_runtime_service.gd:116)
       [6] advance (res://battle/runtime/battle_runtime_service.gd:28)
       [7] _process (res://gameplay/arsenal_review.gd:203)
SCRIPT ERROR: Trying to assign an array of type "Array" to a variable of type "Array[String]".
   at: BattlefieldGeometry.get_obstacle_ids_at_point (res://battle/geometry/battlefield_geometry.gd:585)
   GDScript backtrace (most recent call first):
       [0] get_obstacle_ids_at_point (res://battle/geometry/battlefield_geometry.gd:585)
       [1] _is_valid_navigation_destination (res://battle/combat/battle_combat_behavior_service.gd:3044)
       [2] _cheap_closing_slot_still_valid (res://battle/combat/battle_combat_behavior_service.gd:1192)
       [3] _update_healthy_role_cover_behavior (res://battle/combat/battle_combat_behavior_service.gd:831)
       [4] advance (res://battle/combat/battle_combat_behavior_service.gd:242)
       [5] _advance_validated (res://battle/runtime/battle_runtime_service.gd:116)
       [6] advance (res://battle/runtime/battle_runtime_service.gd:28)
       [7] _process (res://gameplay/arsenal_review.gd:203)
SCRIPT ERROR: Trying to assign an array of type "Array" to a variable of type "Array[String]".
   at: BattlefieldGeometry.get_obstacle_ids_at_point (res://battle/geometry/battlefield_geometry.gd:585)
   GDScript backtrace (most recent call first):
       [0] get_obstacle_ids_at_point (res://battle/geometry/battlefield_geometry.gd:585)
       [1] _is_valid_navigation_destination (res://battle/combat/battle_combat_behavior_service.gd:3044)
       [2] _cheap_closing_slot_still_valid (res://battle/combat/battle_combat_behavior_service.gd:1192)
       [3] _update_healthy_role_cover_behavior (res://battle/combat/battle_combat_behavior_service.gd:831)
       [4] advance (res://battle/combat/battle_combat_behavior_service.gd:242)
       [5] _advance_validated (res://battle/runtime/battle_runtime_service.gd:116)
       [6] advance (res://battle/runtime/battle_runtime_service.gd:28)
       [7] _process (res://gameplay/arsenal_review.gd:203)
SCRIPT ERROR: Trying to assign an array of type "Array" to a variable of type "Array[String]".
   at: BattlefieldGeometry.get_obstacle_ids_at_point (res://battle/geometry/battlefield_geometry.gd:585)
   GDScript backtrace (most recent call first):
       [0] get_obstacle_ids_at_point (res://battle/geometry/battlefield_geometry.gd:585)
       [1] _is_valid_navigation_destination (res://battle/combat/battle_combat_behavior_service.gd:3044)
       [2] _cheap_closing_slot_still_valid (res://battle/combat/battle_combat_behavior_service.gd:1192)
       [3] _update_healthy_role_cover_behavior (res://battle/combat/battle_combat_behavior_service.gd:831)
       [4] advance (res://battle/combat/battle_combat_behavior_service.gd:242)
       [5] _advance_validated (res://battle/runtime/battle_runtime_service.gd:116)
       [6] advance (res://battle/runtime/battle_runtime_service.gd:28)
       [7] _process (res://gameplay/arsenal_review.gd:203)
SCRIPT ERROR: Trying to assign an array of type "Array" to a variable of type "Array[String]".
   at: BattlefieldGeometry.get_obstacle_ids_at_point (res://battle/geometry/battlefield_geometry.gd:585)
   GDScript backtrace (most recent call first):
       [0] get_obstacle_ids_at_point (res://battle/geometry/battlefield_geometry.gd:585)
       [1] get_movement_blocking_obstacle_id_at (res://battle/geometry/battlefield_geometry.gd:259)
       [2] _blocking_obstacle_at (res://battle/geometry/battle_spatial_service.gd:414)
       [3] _resolve_legal_translation (res://battle/geometry/battle_spatial_service.gd:294)
       [4] resolve_translation (res://battle/geometry/battle_spatial_service.gd:95)
       [5] _advance_participant (res://battle/runtime/battle_movement_service.gd:103)
       [6] advance (res://battle/runtime/battle_movement_service.gd:52)
       [7] _advance_validated (res://battle/runtime/battle_runtime_service.gd:152)
       [8] advance (res://battle/runtime/battle_runtime_service.gd:28)
       [9] _process (res://gameplay/arsenal_review.gd:203)
SCRIPT ERROR: Trying to assign an array of type "Array" to a variable of type "Array[String]".
   at: BattlefieldGeometry.get_obstacle_ids_at_point (res://battle/geometry/battlefield_geometry.gd:585)
   GDScript backtrace (most recent call first):
       [0] get_obstacle_ids_at_point (res://battle/geometry/battlefield_geometry.gd:585)
       [1] _is_valid_navigation_destination (res://battle/combat/battle_combat_behavior_service.gd:3044)
       [2] _cheap_closing_slot_still_valid (res://battle/combat/battle_combat_behavior_service.gd:1192)
       [3] _update_healthy_role_cover_behavior (res://battle/combat/battle_combat_behavior_service.gd:831)
       [4] advance (res://battle/combat/battle_combat_behavior_service.gd:242)
       [5] _advance_validated (res://battle/runtime/battle_runtime_service.gd:116)
       [6] advance (res://battle/runtime/battle_runtime_service.gd:28)
       [7] _process (res://gameplay/arsenal_review.gd:203)
SCRIPT ERROR: Trying to assign an array of type "Array" to a variable of type "Array[String]".
   at: BattlefieldGeometry.get_obstacle_ids_at_point (res://battle/geometry/battlefield_geometry.gd:585)
   GDScript backtrace (most recent call first):
       [0] get_obstacle_ids_at_point (res://battle/geometry/battlefield_geometry.gd:585)
       [1] get_movement_blocking_obstacle_id_at (res://battle/geometry/battlefield_geometry.gd:259)
       [2] cover_hustle_multiplier (res://battle/runtime/battle_movement_service.gd:164)
       [3] _advance_participant (res://battle/runtime/battle_movement_service.gd:78)
       [4] advance (res://battle/runtime/battle_movement_service.gd:52)
       [5] _advance_validated (res://battle/runtime/battle_runtime_service.gd:152)
       [6] advance (res://battle/runtime/battle_runtime_service.gd:28)
       [7] _process (res://gameplay/arsenal_review.gd:203)
SCRIPT ERROR: Trying to assign an array of type "Array" to a variable of type "Array[String]".
   at: BattlefieldGeometry.get_obstacle_ids_at_point (res://battle/geometry/battlefield_geometry.gd:585)
   GDScript backtrace (most recent call first):
       [0] get_obstacle_ids_at_point (res://battle/geometry/battlefield_geometry.gd:585)
       [1] get_movement_blocking_obstacle_id_at (res://battle/geometry/battlefield_geometry.gd:259)
       [2] _blocking_obstacle_at (res://battle/geometry/battle_spatial_service.gd:414)
       [3] resolve_translation (res://battle/geometry/battle_spatial_service.gd:65)
       [4] _advance_participant (res://battle/runtime/battle_movement_service.gd:103)
       [5] advance (res://battle/runtime/battle_movement_service.gd:52)
       [6] _advance_validated (res://battle/runtime/battle_runtime_service.gd:152)
       [7] advance (res://battle/runtime/battle_runtime_service.gd:28)
       [8] _process (res://gameplay/arsenal_review.gd:203)
SCRIPT ERROR: Trying to assign an array of type "Array" to a variable of type "Array[String]".
   at: BattlefieldGeometry.get_obstacle_ids_at_point (res://battle/geometry/battlefield_geometry.gd:585)
   GDScript backtrace (most recent call first):
       [0] get_obstacle_ids_at_point (res://battle/geometry/battlefield_geometry.gd:585)
       [1] get_obstacle_ids_in_rect (res://battle/geometry/battlefield_geometry.gd:599)
       [2] _resolve_legal_translation (res://battle/geometry/battle_spatial_service.gd:245)
       [3] resolve_translation (res://battle/geometry/battle_spatial_service.gd:95)
       [4] _advance_participant (res://battle/runtime/battle_movement_service.gd:103)
       [5] advance (res://battle/runtime/battle_movement_service.gd:52)
       [6] _advance_validated (res://battle/runtime/battle_runtime_service.gd:152)
       [7] advance (res://battle/runtime/battle_runtime_service.gd:28)
       [8] _process (res://gameplay/arsenal_review.gd:203)
SCRIPT ERROR: Trying to assign an array of type "Array" to a variable of type "Array[String]".
   at: BattlefieldGeometry.get_obstacle_ids_at_point (res://battle/geometry/battlefield_geometry.gd:585)
   GDScript backtrace (most recent call first):
       [0] get_obstacle_ids_at_point (res://battle/geometry/battlefield_geometry.gd:585)
       [1] get_movement_blocking_obstacle_id_at (res://battle/geometry/battlefield_geometry.gd:259)
       [2] _blocking_obstacle_at (res://battle/geometry/battle_spatial_service.gd:414)
       [3] _resolve_legal_translation (res://battle/geometry/battle_spatial_service.gd:294)
       [4] resolve_translation (res://battle/geometry/battle_spatial_service.gd:95)
       [5] _advance_participant (res://battle/runtime/battle_movement_service.gd:103)
       [6] advance (res://battle/runtime/battle_movement_service.gd:52)
       [7] _advance_validated (res://battle/runtime/battle_runtime_service.gd:152)
       [8] advance (res://battle/runtime/battle_runtime_service.gd:28)
       [9] _process (res://gameplay/arsenal_review.gd:203)
SCRIPT ERROR: Trying to assign an array of type "Array" to a variable of type "Array[String]".
   at: BattlefieldGeometry.get_obstacle_ids_at_point (res://battle/geometry/battlefield_geometry.gd:585)
   GDScript backtrace (most recent call first):
       [0] get_obstacle_ids_at_point (res://battle/geometry/battlefield_geometry.gd:585)
       [1] _is_valid_navigation_destination (res://battle/combat/battle_combat_behavior_service.gd:3044)
       [2] _cheap_closing_slot_still_valid (res://battle/combat/battle_combat_behavior_service.gd:1192)
       [3] _update_healthy_role_cover_behavior (res://battle/combat/battle_combat_behavior_service.gd:831)
       [4] advance (res://battle/combat/battle_combat_behavior_service.gd:242)
       [5] _advance_validated (res://battle/runtime/battle_runtime_service.gd:116)
       [6] advance (res://battle/runtime/battle_runtime_service.gd:28)
       [7] _process (res://gameplay/arsenal_review.gd:203)
SCRIPT ERROR: Trying to assign an array of type "Array" to a variable of type "Array[String]".
   at: BattlefieldGeometry.get_obstacle_ids_at_point (res://battle/geometry/battlefield_geometry.gd:585)
   GDScript backtrace (most recent call first):
       [0] get_obstacle_ids_at_point (res://battle/geometry/battlefield_geometry.gd:585)
       [1] get_movement_blocking_obstacle_id_at (res://battle/geometry/battlefield_geometry.gd:259)
       [2] cover_hustle_multiplier (res://battle/runtime/battle_movement_service.gd:164)
       [3] _advance_participant (res://battle/runtime/battle_movement_service.gd:78)
       [4] advance (res://battle/runtime/battle_movement_service.gd:52)
       [5] _advance_validated (res://battle/runtime/battle_runtime_service.gd:152)
       [6] advance (res://battle/runtime/battle_runtime_service.gd:28)
       [7] _process (res://gameplay/arsenal_review.gd:203)
SCRIPT ERROR: Trying to assign an array of type "Array" to a variable of type "Array[String]".
   at: BattlefieldGeometry.get_obstacle_ids_at_point (res://battle/geometry/battlefield_geometry.gd:585)
   GDScript backtrace (most recent call first):
       [0] get_obstacle_ids_at_point (res://battle/geometry/battlefield_geometry.gd:585)
       [1] get_movement_blocking_obstacle_id_at (res://battle/geometry/battlefield_geometry.gd:259)
       [2] _blocking_obstacle_at (res://battle/geometry/battle_spatial_service.gd:414)
       [3] resolve_translation (res://battle/geometry/battle_spatial_service.gd:65)
       [4] _advance_participant (res://battle/runtime/battle_movement_service.gd:103)
       [5] advance (res://battle/runtime/battle_movement_service.gd:52)
       [6] _advance_validated (res://battle/runtime/battle_runtime_service.gd:152)
       [7] advance (res://battle/runtime/battle_runtime_service.gd:28)
       [8] _process (res://gameplay/arsenal_review.gd:203)
SCRIPT ERROR: Trying to assign an array of type "Array" to a variable of type "Array[String]".
   at: BattlefieldGeometry.get_obstacle_ids_at_point (res://battle/geometry/battlefield_geometry.gd:585)
   GDScript backtrace (most recent call first):
       [0] get_obstacle_ids_at_point (res://battle/geometry/battlefield_geometry.gd:585)
       [1] get_obstacle_ids_in_rect (res://battle/geometry/battlefield_geometry.gd:599)
       [2] _resolve_legal_translation (res://battle/geometry/battle_spatial_service.gd:245)
       [3] resolve_translation (res://battle/geometry/battle_spatial_service.gd:95)
       [4] _advance_participant (res://battle/runtime/battle_movement_service.gd:103)
       [5] advance (res://battle/runtime/battle_movement_service.gd:52)
       [6] _advance_validated (res://battle/runtime/battle_runtime_service.gd:152)
       [7] advance (res://battle/runtime/battle_runtime_service.gd:28)
       [8] _process (res://gameplay/arsenal_review.gd:203)
SCRIPT ERROR: Trying to assign an array of type "Array" to a variable of type "Array[String]".
   at: BattlefieldGeometry.get_obstacle_ids_at_point (res://battle/geometry/battlefield_geometry.gd:585)
   GDScript backtrace (most recent call first):
       [0] get_obstacle_ids_at_point (res://battle/geometry/battlefield_geometry.gd:585)
       [1] get_movement_blocking_obstacle_id_at (res://battle/geometry/battlefield_geometry.gd:259)
       [2] _blocking_obstacle_at (res://battle/geometry/battle_spatial_service.gd:414)
       [3] _resolve_legal_translation (res://battle/geometry/battle_spatial_service.gd:294)
       [4] resolve_translation (res://battle/geometry/battle_spatial_service.gd:95)
       [5] _advance_participant (res://battle/runtime/battle_movement_service.gd:103)
       [6] advance (res://battle/runtime/battle_movement_service.gd:52)
       [7] _advance_validated (res://battle/runtime/battle_runtime_service.gd:152)
       [8] advance (res://battle/runtime/battle_runtime_service.gd:28)
       [9] _process (res://gameplay/arsenal_review.gd:203)
SCRIPT ERROR: Trying to assign an array of type "Array" to a variable of type "Array[String]".
   at: BattlefieldGeometry.get_obstacle_ids_at_point (res://battle/geometry/battlefield_geometry.gd:585)
   GDScript backtrace (most recent call first):
       [0] get_obstacle_ids_at_point (res://battle/geometry/battlefield_geometry.gd:585)
       [1] _is_valid_navigation_destination (res://battle/combat/battle_combat_behavior_service.gd:3044)
       [2] _cheap_closing_slot_still_valid (res://battle/combat/battle_combat_behavior_service.gd:1192)
       [3] _update_healthy_role_cover_behavior (res://battle/combat/battle_combat_behavior_service.gd:831)
       [4] advance (res://battle/combat/battle_combat_behavior_service.gd:242)
       [5] _advance_validated (res://battle/runtime/battle_runtime_service.gd:116)
       [6] advance (res://battle/runtime/battle_runtime_service.gd:28)
       [7] _process (res://gameplay/arsenal_review.gd:203)
SCRIPT ERROR: Trying to assign an array of type "Array" to a variable of type "Array[String]".
   at: BattlefieldGeometry.get_obstacle_ids_at_point (res://battle/geometry/battlefield_geometry.gd:585)
   GDScript backtrace (most recent call first):
       [0] get_obstacle_ids_at_point (res://battle/geometry/battlefield_geometry.gd:585)
       [1] get_movement_blocking_obstacle_id_at (res://battle/geometry/battlefield_geometry.gd:259)
       [2] cover_hustle_multiplier (res://battle/runtime/battle_movement_service.gd:164)
       [3] _advance_participant (res://battle/runtime/battle_movement_service.gd:78)
       [4] advance (res://battle/runtime/battle_movement_service.gd:52)
       [5] _advance_validated (res://battle/runtime/battle_runtime_service.gd:152)
       [6] advance (res://battle/runtime/battle_runtime_service.gd:28)
       [7] _process (res://gameplay/arsenal_review.gd:203)
SCRIPT ERROR: Trying to assign an array of type "Array" to a variable of type "Array[String]".
   at: BattlefieldGeometry.get_obstacle_ids_at_point (res://battle/geometry/battlefield_geometry.gd:585)
   GDScript backtrace (most recent call first):
       [0] get_obstacle_ids_at_point (res://battle/geometry/battlefield_geometry.gd:585)
       [1] get_movement_blocking_obstacle_id_at (res://battle/geometry/battlefield_geometry.gd:259)
       [2] _blocking_obstacle_at (res://battle/geometry/battle_spatial_service.gd:414)
       [3] resolve_translation (res://battle/geometry/battle_spatial_service.gd:65)
       [4] _advance_participant (res://battle/runtime/battle_movement_service.gd:103)
       [5] advance (res://battle/runtime/battle_movement_service.gd:52)
       [6] _advance_validated (res://battle/runtime/battle_runtime_service.gd:152)
       [7] advance (res://battle/runtime/battle_runtime_service.gd:28)
       [8] _process (res://gameplay/arsenal_review.gd:203)
SCRIPT ERROR: Trying to assign an array of type "Array" to a variable of type "Array[String]".
   at: BattlefieldGeometry.get_obstacle_ids_at_point (res://battle/geometry/battlefield_geometry.gd:585)
   GDScript backtrace (most recent call first):
       [0] get_obstacle_ids_at_point (res://battle/geometry/battlefield_geometry.gd:585)
       [1] get_obstacle_ids_in_rect (res://battle/geometry/battlefield_geometry.gd:599)
       [2] _resolve_legal_translation (res://battle/geometry/battle_spatial_service.gd:245)
       [3] resolve_translation (res://battle/geometry/battle_spatial_service.gd:95)
       [4] _advance_participant (res://battle/runtime/battle_movement_service.gd:103)
       [5] advance (res://battle/runtime/battle_movement_service.gd:52)
       [6] _advance_validated (res://battle/runtime/battle_runtime_service.gd:152)
       [7] advance (res://battle/runtime/battle_runtime_service.gd:28)
       [8] _process (res://gameplay/arsenal_review.gd:203)
SCRIPT ERROR: Trying to assign an array of type "Array" to a variable of type "Array[String]".
   at: BattlefieldGeometry.get_obstacle_ids_at_point (res://battle/geometry/battlefield_geometry.gd:585)
   GDScript backtrace (most recent call first):
       [0] get_obstacle_ids_at_point (res://battle/geometry/battlefield_geometry.gd:585)
       [1] get_movement_blocking_obstacle_id_at (res://battle/geometry/battlefield_geometry.gd:259)
       [2] _blocking_obstacle_at (res://battle/geometry/battle_spatial_service.gd:414)
       [3] _resolve_legal_translation (res://battle/geometry/battle_spatial_service.gd:294)
       [4] resolve_translation (res://battle/geometry/battle_spatial_service.gd:95)
       [5] _advance_participant (res://battle/runtime/battle_movement_service.gd:103)
       [6] advance (res://battle/runtime/battle_movement_service.gd:52)
       [7] _advance_validated (res://battle/runtime/battle_runtime_service.gd:152)
       [8] advance (res://battle/runtime/battle_runtime_service.gd:28)
       [9] _process (res://gameplay/arsenal_review.gd:203)
SCRIPT ERROR: Trying to assign an array of type "Array" to a variable of type "Array[String]".
   at: BattlefieldGeometry.get_obstacle_ids_at_point (res://battle/geometry/battlefield_geometry.gd:585)
   GDScript backtrace (most recent call first):
       [0] get_obstacle_ids_at_point (res://battle/geometry/battlefield_geometry.gd:585)
       [1] _is_valid_navigation_destination (res://battle/combat/battle_combat_behavior_service.gd:3044)
       [2] _cheap_closing_slot_still_valid (res://battle/combat/battle_combat_behavior_service.gd:1192)
       [3] _update_healthy_role_cover_behavior (res://battle/combat/battle_combat_behavior_service.gd:831)
       [4] advance (res://battle/combat/battle_combat_behavior_service.gd:242)
       [5] _advance_validated (res://battle/runtime/battle_runtime_service.gd:116)
       [6] advance (res://battle/runtime/battle_runtime_service.gd:28)
       [7] _process (res://gameplay/arsenal_review.gd:203)
SCRIPT ERROR: Trying to assign an array of type "Array" to a variable of type "Array[String]".
   at: BattlefieldGeometry.get_obstacle_ids_at_point (res://battle/geometry/battlefield_geometry.gd:585)
   GDScript backtrace (most recent call first):
       [0] get_obstacle_ids_at_point (res://battle/geometry/battlefield_geometry.gd:585)
       [1] get_movement_blocking_obstacle_id_at (res://battle/geometry/battlefield_geometry.gd:259)
       [2] cover_hustle_multiplier (res://battle/runtime/battle_movement_service.gd:164)
       [3] _advance_participant (res://battle/runtime/battle_movement_service.gd:78)
       [4] advance (res://battle/runtime/battle_movement_service.gd:52)
       [5] _advance_validated (res://battle/runtime/battle_runtime_service.gd:152)
       [6] advance (res://battle/runtime/battle_runtime_service.gd:28)
       [7] _process (res://gameplay/arsenal_review.gd:203)
SCRIPT ERROR: Trying to assign an array of type "Array" to a variable of type "Array[String]".
   at: BattlefieldGeometry.get_obstacle_ids_at_point (res://battle/geometry/battlefield_geometry.gd:585)
   GDScript backtrace (most recent call first):
       [0] get_obstacle_ids_at_point (res://battle/geometry/battlefield_geometry.gd:585)
       [1] get_movement_blocking_obstacle_id_at (res://battle/geometry/battlefield_geometry.gd:259)
       [2] _blocking_obstacle_at (res://battle/geometry/battle_spatial_service.gd:414)
       [3] resolve_translation (res://battle/geometry/battle_spatial_service.gd:65)
       [4] _advance_participant (res://battle/runtime/battle_movement_service.gd:103)
       [5] advance (res://battle/runtime/battle_movement_service.gd:52)
       [6] _advance_validated (res://battle/runtime/battle_runtime_service.gd:152)
       [7] advance (res://battle/runtime/battle_runtime_service.gd:28)
       [8] _process (res://gameplay/arsenal_review.gd:203)
SCRIPT ERROR: Trying to assign an array of type "Array" to a variable of type "Array[String]".
   at: BattlefieldGeometry.get_obstacle_ids_at_point (res://battle/geometry/battlefield_geometry.gd:585)
   GDScript backtrace (most recent call first):
       [0] get_obstacle_ids_at_point (res://battle/geometry/battlefield_geometry.gd:585)
       [1] get_obstacle_ids_in_rect (res://battle/geometry/battlefield_geometry.gd:599)
       [2] _resolve_legal_translation (res://battle/geometry/battle_spatial_service.gd:245)
       [3] resolve_translation (res://battle/geometry/battle_spatial_service.gd:95)
       [4] _advance_participant (res://battle/runtime/battle_movement_service.gd:103)
       [5] advance (res://battle/runtime/battle_movement_service.gd:52)
       [6] _advance_validated (res://battle/runtime/battle_runtime_service.gd:152)
       [7] advance (res://battle/runtime/battle_runtime_service.gd:28)
       [8] _process (res://gameplay/arsenal_review.gd:203)
SCRIPT ERROR: Trying to assign an array of type "Array" to a variable of type "Array[String]".
   at: BattlefieldGeometry.get_obstacle_ids_at_point (res://battle/geometry/battlefield_geometry.gd:585)
   GDScript backtrace (most recent call first):
       [0] get_obstacle_ids_at_point (res://battle/geometry/battlefield_geometry.gd:585)
       [1] get_movement_blocking_obstacle_id_at (res://battle/geometry/battlefield_geometry.gd:259)
       [2] _blocking_obstacle_at (res://battle/geometry/battle_spatial_service.gd:414)
       [3] _resolve_legal_translation (res://battle/geometry/battle_spatial_service.gd:294)
       [4] resolve_translation (res://battle/geometry/battle_spatial_service.gd:95)
       [5] _advance_participant (res://battle/runtime/battle_movement_service.gd:103)
       [6] advance (res://battle/runtime/battle_movement_service.gd:52)
       [7] _advance_validated (res://battle/runtime/battle_runtime_service.gd:152)
       [8] advance (res://battle/runtime/battle_runtime_service.gd:28)
       [9] _process (res://gameplay/arsenal_review.gd:203)
SCRIPT ERROR: Trying to assign an array of type "Array" to a variable of type "Array[String]".
   at: BattlefieldGeometry.get_obstacle_ids_at_point (res://battle/geometry/battlefield_geometry.gd:585)
   GDScript backtrace (most recent call first):
       [0] get_obstacle_ids_at_point (res://battle/geometry/battlefield_geometry.gd:585)
       [1] _is_valid_navigation_destination (res://battle/combat/battle_combat_behavior_service.gd:3044)
       [2] _cheap_closing_slot_still_valid (res://battle/combat/battle_combat_behavior_service.gd:1192)
       [3] _update_healthy_role_cover_behavior (res://battle/combat/battle_combat_behavior_service.gd:831)
       [4] advance (res://battle/combat/battle_combat_behavior_service.gd:242)
       [5] _advance_validated (res://battle/runtime/battle_runtime_service.gd:116)
       [6] advance (res://battle/runtime/battle_runtime_service.gd:28)
       [7] _process (res://gameplay/arsenal_review.gd:203)
SCRIPT ERROR: Trying to assign an array of type "Array" to a variable of type "Array[String]".
   at: BattlefieldGeometry.get_obstacle_ids_at_point (res://battle/geometry/battlefield_geometry.gd:585)
   GDScript backtrace (most recent call first):
       [0] get_obstacle_ids_at_point (res://battle/geometry/battlefield_geometry.gd:585)
       [1] get_movement_blocking_obstacle_id_at (res://battle/geometry/battlefield_geometry.gd:259)
       [2] cover_hustle_multiplier (res://battle/runtime/battle_movement_service.gd:164)
       [3] _advance_participant (res://battle/runtime/battle_movement_service.gd:78)
       [4] advance (res://battle/runtime/battle_movement_service.gd:52)
       [5] _advance_validated (res://battle/runtime/battle_runtime_service.gd:152)
       [6] advance (res://battle/runtime/battle_runtime_service.gd:28)
       [7] _process (res://gameplay/arsenal_review.gd:203)
SCRIPT ERROR: Trying to assign an array of type "Array" to a variable of type "Array[String]".
   at: BattlefieldGeometry.get_obstacle_ids_at_point (res://battle/geometry/battlefield_geometry.gd:585)
   GDScript backtrace (most recent call first):
       [0] get_obstacle_ids_at_point (res://battle/geometry/battlefield_geometry.gd:585)
       [1] get_movement_blocking_obstacle_id_at (res://battle/geometry/battlefield_geometry.gd:259)
       [2] _blocking_obstacle_at (res://battle/geometry/battle_spatial_service.gd:414)
       [3] resolve_translation (res://battle/geometry/battle_spatial_service.gd:65)
       [4] _advance_participant (res://battle/runtime/battle_movement_service.gd:103)
       [5] advance (res://battle/runtime/battle_movement_service.gd:52)
       [6] _advance_validated (res://battle/runtime/battle_runtime_service.gd:152)
       [7] advance (res://battle/runtime/battle_runtime_service.gd:28)
       [8] _process (res://gameplay/arsenal_review.gd:203)
SCRIPT ERROR: Trying to assign an array of type "Array" to a variable of type "Array[String]".
   at: BattlefieldGeometry.get_obstacle_ids_at_point (res://battle/geometry/battlefield_geometry.gd:585)
   GDScript backtrace (most recent call first):
       [0] get_obstacle_ids_at_point (res://battle/geometry/battlefield_geometry.gd:585)
       [1] get_obstacle_ids_in_rect (res://battle/geometry/battlefield_geometry.gd:599)
       [2] _resolve_legal_translation (res://battle/geometry/battle_spatial_service.gd:245)
       [3] resolve_translation (res://battle/geometry/battle_spatial_service.gd:95)
       [4] _advance_participant (res://battle/runtime/battle_movement_service.gd:103)
       [5] advance (res://battle/runtime/battle_movement_service.gd:52)
       [6] _advance_validated (res://battle/runtime/battle_runtime_service.gd:152)
       [7] advance (res://battle/runtime/battle_runtime_service.gd:28)
       [8] _process (res://gameplay/arsenal_review.gd:203)
SCRIPT ERROR: Trying to assign an array of type "Array" to a variable of type "Array[String]".
   at: BattlefieldGeometry.get_obstacle_ids_at_point (res://battle/geometry/battlefield_geometry.gd:585)
   GDScript backtrace (most recent call first):
       [0] get_obstacle_ids_at_point (res://battle/geometry/battlefield_geometry.gd:585)
       [1] get_movement_blocking_obstacle_id_at (res://battle/geometry/battlefield_geometry.gd:259)
       [2] _blocking_obstacle_at (res://battle/geometry/battle_spatial_service.gd:414)
       [3] _resolve_legal_translation (res://battle/geometry/battle_spatial_service.gd:294)
       [4] resolve_translation (res://battle/geometry/battle_spatial_service.gd:95)
       [5] _advance_participant (res://battle/runtime/battle_movement_service.gd:103)
       [6] advance (res://battle/runtime/battle_movement_service.gd:52)
       [7] _advance_validated (res://battle/runtime/battle_runtime_service.gd:152)
       [8] advance (res://battle/runtime/battle_runtime_service.gd:28)
       [9] _process (res://gameplay/arsenal_review.gd:203)
SCRIPT ERROR: Trying to assign an array of type "Array" to a variable of type "Array[String]".
   at: BattlefieldGeometry.get_obstacle_ids_at_point (res://battle/geometry/battlefield_geometry.gd:585)
   GDScript backtrace (most recent call first):
       [0] get_obstacle_ids_at_point (res://battle/geometry/battlefield_geometry.gd:585)
       [1] _is_valid_navigation_destination (res://battle/combat/battle_combat_behavior_service.gd:3044)
       [2] _cheap_closing_slot_still_valid (res://battle/combat/battle_combat_behavior_service.gd:1192)
       [3] _update_healthy_role_cover_behavior (res://battle/combat/battle_combat_behavior_service.gd:831)
       [4] advance (res://battle/combat/battle_combat_behavior_service.gd:242)
       [5] _advance_validated (res://battle/runtime/battle_runtime_service.gd:116)
       [6] advance (res://battle/runtime/battle_runtime_service.gd:28)
       [7] _process (res://gameplay/arsenal_review.gd:203)
SCRIPT ERROR: Trying to assign an array of type "Array" to a variable of type "Array[String]".
   at: BattlefieldGeometry.get_obstacle_ids_at_point (res://battle/geometry/battlefield_geometry.gd:585)
   GDScript backtrace (most recent call first):
       [0] get_obstacle_ids_at_point (res://battle/geometry/battlefield_geometry.gd:585)
       [1] get_movement_blocking_obstacle_id_at (res://battle/geometry/battlefield_geometry.gd:259)
       [2] cover_hustle_multiplier (res://battle/runtime/battle_movement_service.gd:164)
       [3] _advance_participant (res://battle/runtime/battle_movement_service.gd:78)
       [4] advance (res://battle/runtime/battle_movement_service.gd:52)
       [5] _advance_validated (res://battle/runtime/battle_runtime_service.gd:152)
       [6] advance (res://battle/runtime/battle_runtime_service.gd:28)
       [7] _process (res://gameplay/arsenal_review.gd:203)
SCRIPT ERROR: Trying to assign an array of type "Array" to a variable of type "Array[String]".
   at: BattlefieldGeometry.get_obstacle_ids_at_point (res://battle/geometry/battlefield_geometry.gd:585)
   GDScript backtrace (most recent call first):
       [0] get_obstacle_ids_at_point (res://battle/geometry/battlefield_geometry.gd:585)
       [1] get_movement_blocking_obstacle_id_at (res://battle/geometry/battlefield_geometry.gd:259)
       [2] _blocking_obstacle_at (res://battle/geometry/battle_spatial_service.gd:414)
       [3] resolve_translation (res://battle/geometry/battle_spatial_service.gd:65)
       [4] _advance_participant (res://battle/runtime/battle_movement_service.gd:103)
       [5] advance (res://battle/runtime/battle_movement_service.gd:52)
       [6] _advance_validated (res://battle/runtime/battle_runtime_service.gd:152)
       [7] advance (res://battle/runtime/battle_runtime_service.gd:28)
       [8] _process (res://gameplay/arsenal_review.gd:203)
SCRIPT ERROR: Trying to assign an array of type "Array" to a variable of type "Array[String]".
   at: BattlefieldGeometry.get_obstacle_ids_at_point (res://battle/geometry/battlefield_geometry.gd:585)
   GDScript backtrace (most recent call first):
       [0] get_obstacle_ids_at_point (res://battle/geometry/battlefield_geometry.gd:585)
       [1] get_obstacle_ids_in_rect (res://battle/geometry/battlefield_geometry.gd:599)
       [2] _resolve_legal_translation (res://battle/geometry/battle_spatial_service.gd:245)
       [3] resolve_translation (res://battle/geometry/battle_spatial_service.gd:95)
       [4] _advance_participant (res://battle/runtime/battle_movement_service.gd:103)
       [5] advance (res://battle/runtime/battle_movement_service.gd:52)
       [6] _advance_validated (res://battle/runtime/battle_runtime_service.gd:152)
       [7] advance (res://battle/runtime/battle_runtime_service.gd:28)
       [8] _process (res://gameplay/arsenal_review.gd:203)
SCRIPT ERROR: Trying to assign an array of type "Array" to a variable of type "Array[String]".
   at: BattlefieldGeometry.get_obstacle_ids_at_point (res://battle/geometry/battlefield_geometry.gd:585)
   GDScript backtrace (most recent call first):
       [0] get_obstacle_ids_at_point (res://battle/geometry/battlefield_geometry.gd:585)
       [1] get_movement_blocking_obstacle_id_at (res://battle/geometry/battlefield_geometry.gd:259)
       [2] _blocking_obstacle_at (res://battle/geometry/battle_spatial_service.gd:414)
       [3] _resolve_legal_translation (res://battle/geometry/battle_spatial_service.gd:294)
       [4] resolve_translation (res://battle/geometry/battle_spatial_service.gd:95)
       [5] _advance_participant (res://battle/runtime/battle_movement_service.gd:103)
       [6] advance (res://battle/runtime/battle_movement_service.gd:52)
       [7] _advance_validated (res://battle/runtime/battle_runtime_service.gd:152)
       [8] advance (res://battle/runtime/battle_runtime_service.gd:28)
       [9] _process (res://gameplay/arsenal_review.gd:203)
SCRIPT ERROR: Trying to assign an array of type "Array" to a variable of type "Array[String]".
   at: BattlefieldGeometry.get_obstacle_ids_at_point (res://battle/geometry/battlefield_geometry.gd:585)
   GDScript backtrace (most recent call first):
       [0] get_obstacle_ids_at_point (res://battle/geometry/battlefield_geometry.gd:585)
       [1] _is_valid_navigation_destination (res://battle/combat/battle_combat_behavior_service.gd:3044)
       [2] _cheap_closing_slot_still_valid (res://battle/combat/battle_combat_behavior_service.gd:1192)
       [3] _update_healthy_role_cover_behavior (res://battle/combat/battle_combat_behavior_service.gd:831)
       [4] advance (res://battle/combat/battle_combat_behavior_service.gd:242)
       [5] _advance_validated (res://battle/runtime/battle_runtime_service.gd:116)
       [6] advance (res://battle/runtime/battle_runtime_service.gd:28)
       [7] _process (res://gameplay/arsenal_review.gd:203)
SCRIPT ERROR: Trying to assign an array of type "Array" to a variable of type "Array[String]".
   at: BattlefieldGeometry.get_obstacle_ids_at_point (res://battle/geometry/battlefield_geometry.gd:585)
   GDScript backtrace (most recent call first):
       [0] get_obstacle_ids_at_point (res://battle/geometry/battlefield_geometry.gd:585)
       [1] get_movement_blocking_obstacle_id_at (res://battle/geometry/battlefield_geometry.gd:259)
       [2] cover_hustle_multiplier (res://battle/runtime/battle_movement_service.gd:164)
       [3] _advance_participant (res://battle/runtime/battle_movement_service.gd:78)
       [4] advance (res://battle/runtime/battle_movement_service.gd:52)
       [5] _advance_validated (res://battle/runtime/battle_runtime_service.gd:152)
       [6] advance (res://battle/runtime/battle_runtime_service.gd:28)
       [7] _process (res://gameplay/arsenal_review.gd:203)
SCRIPT ERROR: Trying to assign an array of type "Array" to a variable of type "Array[String]".
   at: BattlefieldGeometry.get_obstacle_ids_at_point (res://battle/geometry/battlefield_geometry.gd:585)
   GDScript backtrace (most recent call first):
       [0] get_obstacle_ids_at_point (res://battle/geometry/battlefield_geometry.gd:585)
       [1] get_movement_blocking_obstacle_id_at (res://battle/geometry/battlefield_geometry.gd:259)
       [2] _blocking_obstacle_at (res://battle/geometry/battle_spatial_service.gd:414)
       [3] resolve_translation (res://battle/geometry/battle_spatial_service.gd:65)
       [4] _advance_participant (res://battle/runtime/battle_movement_service.gd:103)
       [5] advance (res://battle/runtime/battle_movement_service.gd:52)
       [6] _advance_validated (res://battle/runtime/battle_runtime_service.gd:152)
       [7] advance (res://battle/runtime/battle_runtime_service.gd:28)
       [8] _process (res://gameplay/arsenal_review.gd:203)
SCRIPT ERROR: Trying to assign an array of type "Array" to a variable of type "Array[String]".
   at: BattlefieldGeometry.get_obstacle_ids_at_point (res://battle/geometry/battlefield_geometry.gd:585)
   GDScript backtrace (most recent call first):
       [0] get_obstacle_ids_at_point (res://battle/geometry/battlefield_geometry.gd:585)
       [1] get_obstacle_ids_in_rect (res://battle/geometry/battlefield_geometry.gd:599)
       [2] _resolve_legal_translation (res://battle/geometry/battle_spatial_service.gd:245)
       [3] resolve_translation (res://battle/geometry/battle_spatial_service.gd:95)
       [4] _advance_participant (res://battle/runtime/battle_movement_service.gd:103)
       [5] advance (res://battle/runtime/battle_movement_service.gd:52)
       [6] _advance_validated (res://battle/runtime/battle_runtime_service.gd:152)
       [7] advance (res://battle/runtime/battle_runtime_service.gd:28)
       [8] _process (res://gameplay/arsenal_review.gd:203)
SCRIPT ERROR: Trying to assign an array of type "Array" to a variable of type "Array[String]".
   at: BattlefieldGeometry.get_obstacle_ids_at_point (res://battle/geometry/battlefield_geometry.gd:585)
   GDScript backtrace (most recent call first):
       [0] get_obstacle_ids_at_point (res://battle/geometry/battlefield_geometry.gd:585)
       [1] get_movement_blocking_obstacle_id_at (res://battle/geometry/battlefield_geometry.gd:259)
       [2] _blocking_obstacle_at (res://battle/geometry/battle_spatial_service.gd:414)
       [3] _resolve_legal_translation (res://battle/geometry/battle_spatial_service.gd:294)
       [4] resolve_translation (res://battle/geometry/battle_spatial_service.gd:95)
       [5] _advance_participant (res://battle/runtime/battle_movement_service.gd:103)
       [6] advance (res://battle/runtime/battle_movement_service.gd:52)
       [7] _advance_validated (res://battle/runtime/battle_runtime_service.gd:152)
       [8] advance (res://battle/runtime/battle_runtime_service.gd:28)
       [9] _process (res://gameplay/arsenal_review.gd:203)
SCRIPT ERROR: Trying to assign an array of type "Array" to a variable of type "Array[String]".
   at: BattlefieldGeometry.get_obstacle_ids_at_point (res://battle/geometry/battlefield_geometry.gd:585)
   GDScript backtrace (most recent call first):
       [0] get_obstacle_ids_at_point (res://battle/geometry/battlefield_geometry.gd:585)
       [1] _is_valid_navigation_destination (res://battle/combat/battle_combat_behavior_service.gd:3044)
       [2] _cheap_closing_slot_still_valid (res://battle/combat/battle_combat_behavior_service.gd:1192)
       [3] _update_healthy_role_cover_behavior (res://battle/combat/battle_combat_behavior_service.gd:831)
       [4] advance (res://battle/combat/battle_combat_behavior_service.gd:242)
       [5] _advance_validated (res://battle/runtime/battle_runtime_service.gd:116)
       [6] advance (res://battle/runtime/battle_runtime_service.gd:28)
       [7] _process (res://gameplay/arsenal_review.gd:203)
SCRIPT ERROR: Trying to assign an array of type "Array" to a variable of type "Array[String]".
   at: BattlefieldGeometry.get_obstacle_ids_at_point (res://battle/geometry/battlefield_geometry.gd:585)
   GDScript backtrace (most recent call first):
       [0] get_obstacle_ids_at_point (res://battle/geometry/battlefield_geometry.gd:585)
       [1] get_movement_blocking_obstacle_id_at (res://battle/geometry/battlefield_geometry.gd:259)
       [2] cover_hustle_multiplier (res://battle/runtime/battle_movement_service.gd:164)
       [3] _advance_participant (res://battle/runtime/battle_movement_service.gd:78)
       [4] advance (res://battle/runtime/battle_movement_service.gd:52)
       [5] _advance_validated (res://battle/runtime/battle_runtime_service.gd:152)
       [6] advance (res://battle/runtime/battle_runtime_service.gd:28)
       [7] _process (res://gameplay/arsenal_review.gd:203)
SCRIPT ERROR: Trying to assign an array of type "Array" to a variable of type "Array[String]".
   at: BattlefieldGeometry.get_obstacle_ids_at_point (res://battle/geometry/battlefield_geometry.gd:585)
   GDScript backtrace (most recent call first):
       [0] get_obstacle_ids_at_point (res://battle/geometry/battlefield_geometry.gd:585)
       [1] get_movement_blocking_obstacle_id_at (res://battle/geometry/battlefield_geometry.gd:259)
       [2] _blocking_obstacle_at (res://battle/geometry/battle_spatial_service.gd:414)
       [3] resolve_translation (res://battle/geometry/battle_spatial_service.gd:65)
       [4] _advance_participant (res://battle/runtime/battle_movement_service.gd:103)
       [5] advance (res://battle/runtime/battle_movement_service.gd:52)
       [6] _advance_validated (res://battle/runtime/battle_runtime_service.gd:152)
       [7] advance (res://battle/runtime/battle_runtime_service.gd:28)
       [8] _process (res://gameplay/arsenal_review.gd:203)
SCRIPT ERROR: Trying to assign an array of type "Array" to a variable of type "Array[String]".
   at: BattlefieldGeometry.get_obstacle_ids_at_point (res://battle/geometry/battlefield_geometry.gd:585)
   GDScript backtrace (most recent call first):
       [0] get_obstacle_ids_at_point (res://battle/geometry/battlefield_geometry.gd:585)
       [1] get_obstacle_ids_in_rect (res://battle/geometry/battlefield_geometry.gd:599)
       [2] _resolve_legal_translation (res://battle/geometry/battle_spatial_service.gd:245)
       [3] resolve_translation (res://battle/geometry/battle_spatial_service.gd:95)
       [4] _advance_participant (res://battle/runtime/battle_movement_service.gd:103)
       [5] advance (res://battle/runtime/battle_movement_service.gd:52)
       [6] _advance_validated (res://battle/runtime/battle_runtime_service.gd:152)
       [7] advance (res://battle/runtime/battle_runtime_service.gd:28)
       [8] _process (res://gameplay/arsenal_review.gd:203)
SCRIPT ERROR: Trying to assign an array of type "Array" to a variable of type "Array[String]".
   at: BattlefieldGeometry.get_obstacle_ids_at_point (res://battle/geometry/battlefield_geometry.gd:585)
   GDScript backtrace (most recent call first):
       [0] get_obstacle_ids_at_point (res://battle/geometry/battlefield_geometry.gd:585)
       [1] get_movement_blocking_obstacle_id_at (res://battle/geometry/battlefield_geometry.gd:259)
       [2] _blocking_obstacle_at (res://battle/geometry/battle_spatial_service.gd:414)
       [3] _resolve_legal_translation (res://battle/geometry/battle_spatial_service.gd:294)
       [4] resolve_translation (res://battle/geometry/battle_spatial_service.gd:95)
       [5] _advance_participant (res://battle/runtime/battle_movement_service.gd:103)
       [6] advance (res://battle/runtime/battle_movement_service.gd:52)
       [7] _advance_validated (res://battle/runtime/battle_runtime_service.gd:152)
       [8] advance (res://battle/runtime/battle_runtime_service.gd:28)
       [9] _process (res://gameplay/arsenal_review.gd:203)
SCRIPT ERROR: Trying to assign an array of type "Array" to a variable of type "Array[String]".
   at: BattlefieldGeometry.get_obstacle_ids_at_point (res://battle/geometry/battlefield_geometry.gd:585)
   GDScript backtrace (most recent call first):
       [0] get_obstacle_ids_at_point (res://battle/geometry/battlefield_geometry.gd:585)
       [1] _is_valid_navigation_destination (res://battle/combat/battle_combat_behavior_service.gd:3044)
       [2] _cheap_closing_slot_still_valid (res://battle/combat/battle_combat_behavior_service.gd:1192)
       [3] _update_healthy_role_cover_behavior (res://battle/combat/battle_combat_behavior_service.gd:831)
       [4] advance (res://battle/combat/battle_combat_behavior_service.gd:242)
       [5] _advance_validated (res://battle/runtime/battle_runtime_service.gd:116)
       [6] advance (res://battle/runtime/battle_runtime_service.gd:28)
       [7] _process (res://gameplay/arsenal_review.gd:203)
SCRIPT ERROR: Trying to assign an array of type "Array" to a variable of type "Array[String]".
   at: BattlefieldGeometry.get_obstacle_ids_at_point (res://battle/geometry/battlefield_geometry.gd:585)
   GDScript backtrace (most recent call first):
       [0] get_obstacle_ids_at_point (res://battle/geometry/battlefield_geometry.gd:585)
       [1] get_movement_blocking_obstacle_id_at (res://battle/geometry/battlefield_geometry.gd:259)
       [2] _blocking_obstacle_at (res://battle/geometry/battle_spatial_service.gd:414)
       [3] _resolve_legal_translation (res://battle/geometry/battle_spatial_service.gd:294)
       [4] resolve_translation (res://battle/geometry/battle_spatial_service.gd:95)
       [5] _advance_participant (res://battle/runtime/battle_movement_service.gd:103)
       [6] advance (res://battle/runtime/battle_movement_service.gd:52)
       [7] _advance_validated (res://battle/runtime/battle_runtime_service.gd:152)
       [8] advance (res://battle/runtime/battle_runtime_service.gd:28)
       [9] _process (res://gameplay/arsenal_review.gd:203)
SCRIPT ERROR: Trying to assign an array of type "Array" to a variable of type "Array[String]".
   at: BattlefieldGeometry.get_obstacle_ids_at_point (res://battle/geometry/battlefield_geometry.gd:585)
   GDScript backtrace (most recent call first):
       [0] get_obstacle_ids_at_point (res://battle/geometry/battlefield_geometry.gd:585)
       [1] get_obstacle_ids_in_rect (res://battle/geometry/battlefield_geometry.gd:599)
       [2] _trace_segment (res://battle/combat/battle_line_of_sight_service.gd:191)
       [3] _trace_segment_cached (res://battle/combat/battle_line_of_sight_service.gd:143)
       [4] check_participant_to_participant (res://battle/combat/battle_line_of_sight_service.gd:57)
       [5] _healthy_no_role_cover_key (res://battle/combat/battle_combat_behavior_service.gd:1772)
       [6] _healthy_keep_no_role_cover_decision (res://battle/combat/battle_combat_behavior_service.gd:1844)
       [7] _update_healthy_role_cover_behavior (res://battle/combat/battle_combat_behavior_service.gd:893)
       [8] advance (res://battle/combat/battle_combat_behavior_service.gd:242)
       [9] _advance_validated (res://battle/runtime/battle_runtime_service.gd:116)
       [10] advance (res://battle/runtime/battle_runtime_service.gd:28)
       [11] _process (res://gameplay/arsenal_review.gd:203)
SCRIPT ERROR: Trying to assign an array of type "Array" to a variable of type "Array[String]".
   at: BattlefieldGeometry.get_obstacle_ids_at_point (res://battle/geometry/battlefield_geometry.gd:585)
   GDScript backtrace (most recent call first):
       [0] get_obstacle_ids_at_point (res://battle/geometry/battlefield_geometry.gd:585)
       [1] get_movement_blocking_obstacle_id_at (res://battle/geometry/battlefield_geometry.gd:259)
       [2] _blocking_obstacle_at (res://battle/geometry/battle_spatial_service.gd:414)
       [3] resolve_translation (res://battle/geometry/battle_spatial_service.gd:65)
       [4] _advance_participant (res://battle/runtime/battle_movement_service.gd:103)
       [5] advance (res://battle/runtime/battle_movement_service.gd:52)
       [6] _advance_validated (res://battle/runtime/battle_runtime_service.gd:152)
       [7] advance (res://battle/runtime/battle_runtime_service.gd:28)
       [8] _process (res://gameplay/arsenal_review.gd:203)
SCRIPT ERROR: Trying to assign an array of type "Array" to a variable of type "Array[String]".
   at: BattlefieldGeometry.get_obstacle_ids_at_point (res://battle/geometry/battlefield_geometry.gd:585)
   GDScript backtrace (most recent call first):
       [0] get_obstacle_ids_at_point (res://battle/geometry/battlefield_geometry.gd:585)
       [1] get_obstacle_ids_in_rect (res://battle/geometry/battlefield_geometry.gd:599)
       [2] _resolve_legal_translation (res://battle/geometry/battle_spatial_service.gd:245)
       [3] resolve_translation (res://battle/geometry/battle_spatial_service.gd:95)
       [4] _advance_participant (res://battle/runtime/battle_movement_service.gd:103)
       [5] advance (res://battle/runtime/battle_movement_service.gd:52)
       [6] _advance_validated (res://battle/runtime/battle_runtime_service.gd:152)
       [7] advance (res://battle/runtime/battle_runtime_service.gd:28)
       [8] _process (res://gameplay/arsenal_review.gd:203)
SCRIPT ERROR: Trying to assign an array of type "Array" to a variable of type "Array[String]".
   at: BattlefieldGeometry.get_obstacle_ids_at_point (res://battle/geometry/battlefield_geometry.gd:585)
   GDScript backtrace (most recent call first):
       [0] get_obstacle_ids_at_point (res://battle/geometry/battlefield_geometry.gd:585)
       [1] get_movement_blocking_obstacle_id_at (res://battle/geometry/battlefield_geometry.gd:259)
       [2] _blocking_obstacle_at (res://battle/geometry/battle_spatial_service.gd:414)
       [3] _resolve_legal_translation (res://battle/geometry/battle_spatial_service.gd:294)
       [4] resolve_translation (res://battle/geometry/battle_spatial_service.gd:95)
       [5] _advance_participant (res://battle/runtime/battle_movement_service.gd:103)
       [6] advance (res://battle/runtime/battle_movement_service.gd:52)
       [7] _advance_validated (res://battle/runtime/battle_runtime_service.gd:152)
       [8] advance (res://battle/runtime/battle_runtime_service.gd:28)
       [9] _process (res://gameplay/arsenal_review.gd:203)
SCRIPT ERROR: Trying to assign an array of type "Array" to a variable of type "Array[String]".
   at: BattlefieldGeometry.get_obstacle_ids_at_point (res://battle/geometry/battlefield_geometry.gd:585)
   GDScript backtrace (most recent call first):
       [0] get_obstacle_ids_at_point (res://battle/geometry/battlefield_geometry.gd:585)
       [1] get_movement_blocking_obstacle_id_at (res://battle/geometry/battlefield_geometry.gd:259)
       [2] _blocking_obstacle_id (res://battle/navigation/battle_navigation_service.gd:610)
       [3] _is_legal_candidate (res://battle/navigation/battle_navigation_service.gd:316)
       [4] _query_reachability (res://battle/navigation/battle_navigation_service.gd:35)
       [5] is_reachable (res://battle/navigation/battle_navigation_service.gd:28)
       [6] _slot_is_reachable (res://battle/combat/battle_combat_cover_evaluation_service.gd:795)
       [7] first_reachable_ranked_slot (res://battle/combat/battle_combat_cover_evaluation_service.gd:599)
       [8] _first_reservable_ranked_slot (res://battle/combat/battle_combat_behavior_service.gd:2026)
       [9] _best_closing_cover_slot (res://battle/combat/battle_combat_behavior_service.gd:1151)
       [10] _continue_closing_from_occupied (res://battle/combat/battle_combat_behavior_service.gd:1062)
       [11] _update_healthy_role_cover_behavior (res://battle/combat/battle_combat_behavior_service.gd:852)
       [12] advance (res://battle/combat/battle_combat_behavior_service.gd:242)
       [13] _advance_validated (res://battle/runtime/battle_runtime_service.gd:116)
       [14] advance (res://battle/runtime/battle_runtime_service.gd:28)
       [15] _process (res://gameplay/arsenal_review.gd:203)
SCRIPT ERROR: Trying to assign an array of type "Array" to a variable of type "Array[String]".
   at: BattlefieldGeometry.get_obstacle_ids_at_point (res://battle/geometry/battlefield_geometry.gd:585)
   GDScript backtrace (most recent call first):
       [0] get_obstacle_ids_at_point (res://battle/geometry/battlefield_geometry.gd:585)
       [1] get_movement_blocking_obstacle_id_at (res://battle/geometry/battlefield_geometry.gd:259)
       [2] _blocking_obstacle_at (res://battle/geometry/battle_spatial_service.gd:414)
       [3] resolve_translation (res://battle/geometry/battle_spatial_service.gd:65)
       [4] is_translation_clear (res://battle/geometry/battle_spatial_service.gd:155)
       [5] _query_reachability (res://battle/navigation/battle_navigation_service.gd:40)
       [6] is_reachable (res://battle/navigation/battle_navigation_service.gd:28)
       [7] _slot_is_reachable (res://battle/combat/battle_combat_cover_evaluation_service.gd:795)
       [8] first_reachable_ranked_slot (res://battle/combat/battle_combat_cover_evaluation_service.gd:599)
       [9] _first_reservable_ranked_slot (res://battle/combat/battle_combat_behavior_service.gd:2026)
       [10] _best_closing_cover_slot (res://battle/combat/battle_combat_behavior_service.gd:1151)
       [11] _continue_closing_from_occupied (res://battle/combat/battle_combat_behavior_service.gd:1062)
       [12] _update_healthy_role_cover_behavior (res://battle/combat/battle_combat_behavior_service.gd:852)
       [13] advance (res://battle/combat/battle_combat_behavior_service.gd:242)
       [14] _advance_validated (res://battle/runtime/battle_runtime_service.gd:116)
       [15] advance (res://battle/runtime/battle_runtime_service.gd:28)
       [16] _process (res://gameplay/arsenal_review.gd:203)
SCRIPT ERROR: Trying to assign an array of type "Array" to a variable of type "Array[String]".
   at: BattlefieldGeometry.get_obstacle_ids_at_point (res://battle/geometry/battlefield_geometry.gd:585)
   GDScript backtrace (most recent call first):
       [0] get_obstacle_ids_at_point (res://battle/geometry/battlefield_geometry.gd:585)
       [1] get_obstacle_ids_in_rect (res://battle/geometry/battlefield_geometry.gd:599)
       [2] _resolve_legal_translation (res://battle/geometry/battle_spatial_service.gd:245)
       [3] resolve_translation (res://battle/geometry/battle_spatial_service.gd:95)
       [4] is_translation_clear (res://battle/geometry/battle_spatial_service.gd:155)
       [5] _query_reachability (res://battle/navigation/battle_navigation_service.gd:40)
       [6] is_reachable (res://battle/navigation/battle_navigation_service.gd:28)
       [7] _slot_is_reachable (res://battle/combat/battle_combat_cover_evaluation_service.gd:795)
       [8] first_reachable_ranked_slot (res://battle/combat/battle_combat_cover_evaluation_service.gd:599)
       [9] _first_reservable_ranked_slot (res://battle/combat/battle_combat_behavior_service.gd:2026)
       [10] _best_closing_cover_slot (res://battle/combat/battle_combat_behavior_service.gd:1151)
       [11] _continue_closing_from_occupied (res://battle/combat/battle_combat_behavior_service.gd:1062)
       [12] _update_healthy_role_cover_behavior (res://battle/combat/battle_combat_behavior_service.gd:852)
       [13] advance (res://battle/combat/battle_combat_behavior_service.gd:242)
       [14] _advance_validated (res://battle/runtime/battle_runtime_service.gd:116)
       [15] advance (res://battle/runtime/battle_runtime_service.gd:28)
       [16] _process (res://gameplay/arsenal_review.gd:203)
SCRIPT ERROR: Trying to assign an array of type "Array" to a variable of type "Array[String]".
   at: BattlefieldGeometry.get_obstacle_ids_at_point (res://battle/geometry/battlefield_geometry.gd:585)
   GDScript backtrace (most recent call first):
       [0] get_obstacle_ids_at_point (res://battle/geometry/battlefield_geometry.gd:585)
       [1] get_movement_blocking_obstacle_id_at (res://battle/geometry/battlefield_geometry.gd:259)
       [2] _blocking_obstacle_id (res://battle/navigation/battle_navigation_service.gd:610)
       [3] _find_path (res://battle/navigation/battle_navigation_service.gd:156)
       [4] find_path (res://battle/navigation/battle_navigation_service.gd:96)
       [5] _find_combat_navigation_path (res://battle/combat/battle_combat_behavior_service.gd:2014)
       [6] _navigate_to_cover (res://battle/combat/battle_combat_behavior_service.gd:2248)
       [7] _pursue_closing_cover (res://battle/combat/battle_combat_behavior_service.gd:1112)
       [8] _continue_closing_from_occupied (res://battle/combat/battle_combat_behavior_service.gd:1087)
       [9] _update_healthy_role_cover_behavior (res://battle/combat/battle_combat_behavior_service.gd:852)
       [10] advance (res://battle/combat/battle_combat_behavior_service.gd:242)
       [11] _advance_validated (res://battle/runtime/battle_runtime_service.gd:116)
       [12] advance (res://battle/runtime/battle_runtime_service.gd:28)
       [13] _process (res://gameplay/arsenal_review.gd:203)
SCRIPT ERROR: Trying to assign an array of type "Array" to a variable of type "Array[String]".
   at: BattlefieldGeometry.get_obstacle_ids_at_point (res://battle/geometry/battlefield_geometry.gd:585)
   GDScript backtrace (most recent call first):
       [0] get_obstacle_ids_at_point (res://battle/geometry/battlefield_geometry.gd:585)
       [1] get_movement_blocking_obstacle_id_at (res://battle/geometry/battlefield_geometry.gd:259)
       [2] _blocking_obstacle_at (res://battle/geometry/battle_spatial_service.gd:414)
       [3] resolve_translation (res://battle/geometry/battle_spatial_service.gd:65)
       [4] is_translation_clear (res://battle/geometry/battle_spatial_service.gd:155)
       [5] _find_path (res://battle/navigation/battle_navigation_service.gd:194)
       [6] find_path (res://battle/navigation/battle_navigation_service.gd:96)
       [7] _find_combat_navigation_path (res://battle/combat/battle_combat_behavior_service.gd:2014)
       [8] _navigate_to_cover (res://battle/combat/battle_combat_behavior_service.gd:2248)
       [9] _pursue_closing_cover (res://battle/combat/battle_combat_behavior_service.gd:1112)
       [10] _continue_closing_from_occupied (res://battle/combat/battle_combat_behavior_service.gd:1087)
       [11] _update_healthy_role_cover_behavior (res://battle/combat/battle_combat_behavior_service.gd:852)
       [12] advance (res://battle/combat/battle_combat_behavior_service.gd:242)
       [13] _advance_validated (res://battle/runtime/battle_runtime_service.gd:116)
       [14] advance (res://battle/runtime/battle_runtime_service.gd:28)
       [15] _process (res://gameplay/arsenal_review.gd:203)
SCRIPT ERROR: Trying to assign an array of type "Array" to a variable of type "Array[String]".
   at: BattlefieldGeometry.get_obstacle_ids_at_point (res://battle/geometry/battlefield_geometry.gd:585)
   GDScript backtrace (most recent call first):
       [0] get_obstacle_ids_at_point (res://battle/geometry/battlefield_geometry.gd:585)
       [1] get_obstacle_ids_in_rect (res://battle/geometry/battlefield_geometry.gd:599)
       [2] _resolve_legal_translation (res://battle/geometry/battle_spatial_service.gd:245)
       [3] resolve_translation (res://battle/geometry/battle_spatial_service.gd:95)
       [4] is_translation_clear (res://battle/geometry/battle_spatial_service.gd:155)
       [5] _find_path (res://battle/navigation/battle_navigation_service.gd:194)
       [6] find_path (res://battle/navigation/battle_navigation_service.gd:96)
       [7] _find_combat_navigation_path (res://battle/combat/battle_combat_behavior_service.gd:2014)
       [8] _navigate_to_cover (res://battle/combat/battle_combat_behavior_service.gd:2248)
       [9] _pursue_closing_cover (res://battle/combat/battle_combat_behavior_service.gd:1112)
       [10] _continue_closing_from_occupied (res://battle/combat/battle_combat_behavior_service.gd:1087)
       [11] _update_healthy_role_cover_behavior (res://battle/combat/battle_combat_behavior_service.gd:852)
       [12] advance (res://battle/combat/battle_combat_behavior_service.gd:242)
       [13] _advance_validated (res://battle/runtime/battle_runtime_service.gd:116)
       [14] advance (res://battle/runtime/battle_runtime_service.gd:28)
       [15] _process (res://gameplay/arsenal_review.gd:203)
SCRIPT ERROR: Trying to assign an array of type "Array" to a variable of type "Array[String]".
   at: BattlefieldGeometry.get_obstacle_ids_at_point (res://battle/geometry/battlefield_geometry.gd:585)
   GDScript backtrace (most recent call first):
       [0] get_obstacle_ids_at_point (res://battle/geometry/battlefield_geometry.gd:585)
       [1] get_obstacle_ids_in_rect (res://battle/geometry/battlefield_geometry.gd:599)
       [2] _trace_segment (res://battle/combat/battle_line_of_sight_service.gd:191)
       [3] _trace_segment_cached (res://battle/combat/battle_line_of_sight_service.gd:143)
       [4] check_participant_to_participant (res://battle/combat/battle_line_of_sight_service.gd:57)
       [5] _healthy_no_role_cover_key (res://battle/combat/battle_combat_behavior_service.gd:1772)
       [6] _healthy_keep_no_role_cover_decision (res://battle/combat/battle_combat_behavior_service.gd:1844)
       [7] _update_healthy_role_cover_behavior (res://battle/combat/battle_combat_behavior_service.gd:893)
       [8] advance (res://battle/combat/battle_combat_behavior_service.gd:242)
       [9] _advance_validated (res://battle/runtime/battle_runtime_service.gd:116)
       [10] advance (res://battle/runtime/battle_runtime_service.gd:28)
       [11] _process (res://gameplay/arsenal_review.gd:203)
SCRIPT ERROR: Trying to assign an array of type "Array" to a variable of type "Array[String]".
   at: BattlefieldGeometry.get_obstacle_ids_at_point (res://battle/geometry/battlefield_geometry.gd:585)
   GDScript backtrace (most recent call first):
       [0] get_obstacle_ids_at_point (res://battle/geometry/battlefield_geometry.gd:585)
       [1] get_movement_blocking_obstacle_id_at (res://battle/geometry/battlefield_geometry.gd:259)
       [2] cover_hustle_multiplier (res://battle/runtime/battle_movement_service.gd:164)
       [3] _advance_participant (res://battle/runtime/battle_movement_service.gd:78)
       [4] advance (res://battle/runtime/battle_movement_service.gd:52)
       [5] _advance_validated (res://battle/runtime/battle_runtime_service.gd:152)
       [6] advance (res://battle/runtime/battle_runtime_service.gd:28)
       [7] _process (res://gameplay/arsenal_review.gd:203)
SCRIPT ERROR: Trying to assign an array of type "Array" to a variable of type "Array[String]".
   at: BattlefieldGeometry.get_obstacle_ids_at_point (res://battle/geometry/battlefield_geometry.gd:585)
   GDScript backtrace (most recent call first):
       [0] get_obstacle_ids_at_point (res://battle/geometry/battlefield_geometry.gd:585)
       [1] get_movement_blocking_obstacle_id_at (res://battle/geometry/battlefield_geometry.gd:259)
       [2] _blocking_obstacle_at (res://battle/geometry/battle_spatial_service.gd:414)
       [3] resolve_translation (res://battle/geometry/battle_spatial_service.gd:65)
       [4] _advance_participant (res://battle/runtime/battle_movement_service.gd:103)
       [5] advance (res://battle/runtime/battle_movement_service.gd:52)
       [6] _advance_validated (res://battle/runtime/battle_runtime_service.gd:152)
       [7] advance (res://battle/runtime/battle_runtime_service.gd:28)
       [8] _process (res://gameplay/arsenal_review.gd:203)
SCRIPT ERROR: Trying to assign an array of type "Array" to a variable of type "Array[String]".
   at: BattlefieldGeometry.get_obstacle_ids_at_point (res://battle/geometry/battlefield_geometry.gd:585)
   GDScript backtrace (most recent call first):
       [0] get_obstacle_ids_at_point (res://battle/geometry/battlefield_geometry.gd:585)
       [1] get_obstacle_ids_in_rect (res://battle/geometry/battlefield_geometry.gd:599)
       [2] _resolve_legal_translation (res://battle/geometry/battle_spatial_service.gd:245)
       [3] resolve_translation (res://battle/geometry/battle_spatial_service.gd:95)
       [4] _advance_participant (res://battle/runtime/battle_movement_service.gd:103)
       [5] advance (res://battle/runtime/battle_movement_service.gd:52)
       [6] _advance_validated (res://battle/runtime/battle_runtime_service.gd:152)
       [7] advance (res://battle/runtime/battle_runtime_service.gd:28)
       [8] _process (res://gameplay/arsenal_review.gd:203)
SCRIPT ERROR: Trying to assign an array of type "Array" to a variable of type "Array[String]".
   at: BattlefieldGeometry.get_obstacle_ids_at_point (res://battle/geometry/battlefield_geometry.gd:585)
   GDScript backtrace (most recent call first):
       [0] get_obstacle_ids_at_point (res://battle/geometry/battlefield_geometry.gd:585)
       [1] get_movement_blocking_obstacle_id_at (res://battle/geometry/battlefield_geometry.gd:259)
       [2] _blocking_obstacle_at (res://battle/geometry/battle_spatial_service.gd:414)
       [3] _resolve_legal_translation (res://battle/geometry/battle_spatial_service.gd:294)
       [4] resolve_translation (res://battle/geometry/battle_spatial_service.gd:95)
       [5] _advance_participant (res://battle/runtime/battle_movement_service.gd:103)
       [6] advance (res://battle/runtime/battle_movement_service.gd:52)
       [7] _advance_validated (res://battle/runtime/battle_runtime_service.gd:152)
       [8] advance (res://battle/runtime/battle_runtime_service.gd:28)
       [9] _process (res://gameplay/arsenal_review.gd:203)
SCRIPT ERROR: Trying to assign an array of type "Array" to a variable of type "Array[String]".
   at: BattlefieldGeometry.get_obstacle_ids_at_point (res://battle/geometry/battlefield_geometry.gd:585)
   GDScript backtrace (most recent call first):
       [0] get_obstacle_ids_at_point (res://battle/geometry/battlefield_geometry.gd:585)
       [1] get_movement_blocking_obstacle_id_at (res://battle/geometry/battlefield_geometry.gd:259)
       [2] _blocking_obstacle_at (res://battle/geometry/battle_spatial_service.gd:414)
       [3] resolve_translation (res://battle/geometry/battle_spatial_service.gd:65)
       [4] _advance_participant (res://battle/runtime/battle_movement_service.gd:103)
       [5] advance (res://battle/runtime/battle_movement_service.gd:52)
       [6] _advance_validated (res://battle/runtime/battle_runtime_service.gd:152)
       [7] advance (res://battle/runtime/battle_runtime_service.gd:28)
       [8] _process (res://gameplay/arsenal_review.gd:203)
SCRIPT ERROR: Trying to assign an array of type "Array" to a variable of type "Array[String]".
   at: BattlefieldGeometry.get_obstacle_ids_at_point (res://battle/geometry/battlefield_geometry.gd:585)
   GDScript backtrace (most recent call first):
       [0] get_obstacle_ids_at_point (res://battle/geometry/battlefield_geometry.gd:585)
       [1] get_obstacle_ids_in_rect (res://battle/geometry/battlefield_geometry.gd:599)
       [2] _resolve_legal_translation (res://battle/geometry/battle_spatial_service.gd:245)
       [3] resolve_translation (res://battle/geometry/battle_spatial_service.gd:95)
       [4] _advance_participant (res://battle/runtime/battle_movement_service.gd:103)
       [5] advance (res://battle/runtime/battle_movement_service.gd:52)
       [6] _advance_validated (res://battle/runtime/battle_runtime_service.gd:152)
       [7] advance (res://battle/runtime/battle_runtime_service.gd:28)
       [8] _process (res://gameplay/arsenal_review.gd:203)
SCRIPT ERROR: Trying to assign an array of type "Array" to a variable of type "Array[String]".
   at: BattlefieldGeometry.get_obstacle_ids_at_point (res://battle/geometry/battlefield_geometry.gd:585)
   GDScript backtrace (most recent call first):
       [0] get_obstacle_ids_at_point (res://battle/geometry/battlefield_geometry.gd:585)
       [1] get_movement_blocking_obstacle_id_at (res://battle/geometry/battlefield_geometry.gd:259)
       [2] _blocking_obstacle_at (res://battle/geometry/battle_spatial_service.gd:414)
       [3] _resolve_legal_translation (res://battle/geometry/battle_spatial_service.gd:294)
       [4] resolve_translation (res://battle/geometry/battle_spatial_service.gd:95)
       [5] _advance_participant (res://battle/runtime/battle_movement_service.gd:103)
       [6] advance (res://battle/runtime/battle_movement_service.gd:52)
       [7] _advance_validated (res://battle/runtime/battle_runtime_service.gd:152)
       [8] advance (res://battle/runtime/battle_runtime_service.gd:28)
       [9] _process (res://gameplay/arsenal_review.gd:203)
SCRIPT ERROR: Trying to assign an array of type "Array" to a variable of type "Array[String]".
   at: BattlefieldGeometry.get_obstacle_ids_at_point (res://battle/geometry/battlefield_geometry.gd:585)
   GDScript backtrace (most recent call first):
       [0] get_obstacle_ids_at_point (res://battle/geometry/battlefield_geometry.gd:585)
       [1] get_obstacle_ids_in_rect (res://battle/geometry/battlefield_geometry.gd:599)
       [2] _trace_segment (res://battle/combat/battle_line_of_sight_service.gd:191)
       [3] _trace_segment_cached (res://battle/combat/battle_line_of_sight_service.gd:143)
       [4] check_participant_to_participant (res://battle/combat/battle_line_of_sight_service.gd:57)
       [5] _healthy_no_role_cover_key (res://battle/combat/battle_combat_behavior_service.gd:1772)
       [6] _healthy_keep_no_role_cover_decision (res://battle/combat/battle_combat_behavior_service.gd:1844)
       [7] _update_healthy_role_cover_behavior (res://battle/combat/battle_combat_behavior_service.gd:893)
       [8] advance (res://battle/combat/battle_combat_behavior_service.gd:242)
       [9] _advance_validated (res://battle/runtime/battle_runtime_service.gd:116)
       [10] advance (res://battle/runtime/battle_runtime_service.gd:28)
       [11] _process (res://gameplay/arsenal_review.gd:203)
SCRIPT ERROR: Trying to assign an array of type "Array" to a variable of type "Array[String]".
   at: BattlefieldGeometry.get_obstacle_ids_at_point (res://battle/geometry/battlefield_geometry.gd:585)
   GDScript backtrace (most recent call first):
       [0] get_obstacle_ids_at_point (res://battle/geometry/battlefield_geometry.gd:585)
       [1] get_movement_blocking_obstacle_id_at (res://battle/geometry/battlefield_geometry.gd:259)
       [2] cover_hustle_multiplier (res://battle/runtime/battle_movement_service.gd:164)
       [3] _advance_participant (res://battle/runtime/battle_movement_service.gd:78)
       [4] advance (res://battle/runtime/battle_movement_service.gd:52)
       [5] _advance_validated (res://battle/runtime/battle_runtime_service.gd:152)
       [6] advance (res://battle/runtime/battle_runtime_service.gd:28)
       [7] _process (res://gameplay/arsenal_review.gd:203)
SCRIPT ERROR: Trying to assign an array of type "Array" to a variable of type "Array[String]".
   at: BattlefieldGeometry.get_obstacle_ids_at_point (res://battle/geometry/battlefield_geometry.gd:585)
   GDScript backtrace (most recent call first):
       [0] get_obstacle_ids_at_point (res://battle/geometry/battlefield_geometry.gd:585)
       [1] get_movement_blocking_obstacle_id_at (res://battle/geometry/battlefield_geometry.gd:259)
       [2] _blocking_obstacle_at (res://battle/geometry/battle_spatial_service.gd:414)
       [3] resolve_translation (res://battle/geometry/battle_spatial_service.gd:65)
       [4] _advance_participant (res://battle/runtime/battle_movement_service.gd:103)
       [5] advance (res://battle/runtime/battle_movement_service.gd:52)
       [6] _advance_validated (res://battle/runtime/battle_runtime_service.gd:152)
       [7] advance (res://battle/runtime/battle_runtime_service.gd:28)
       [8] _process (res://gameplay/arsenal_review.gd:203)
SCRIPT ERROR: Trying to assign an array of type "Array" to a variable of type "Array[String]".
   at: BattlefieldGeometry.get_obstacle_ids_at_point (res://battle/geometry/battlefield_geometry.gd:585)
   GDScript backtrace (most recent call first):
       [0] get_obstacle_ids_at_point (res://battle/geometry/battlefield_geometry.gd:585)
       [1] get_obstacle_ids_in_rect (res://battle/geometry/battlefield_geometry.gd:599)
       [2] _resolve_legal_translation (res://battle/geometry/battle_spatial_service.gd:245)
       [3] resolve_translation (res://battle/geometry/battle_spatial_service.gd:95)
       [4] _advance_participant (res://battle/runtime/battle_movement_service.gd:103)
       [5] advance (res://battle/runtime/battle_movement_service.gd:52)
       [6] _advance_validated (res://battle/runtime/battle_runtime_service.gd:152)
       [7] advance (res://battle/runtime/battle_runtime_service.gd:28)
       [8] _process (res://gameplay/arsenal_review.gd:203)
SCRIPT ERROR: Trying to assign an array of type "Array" to a variable of type "Array[String]".
   at: BattlefieldGeometry.get_obstacle_ids_at_point (res://battle/geometry/battlefield_geometry.gd:585)
   GDScript backtrace (most recent call first):
       [0] get_obstacle_ids_at_point (res://battle/geometry/battlefield_geometry.gd:585)
       [1] get_movement_blocking_obstacle_id_at (res://battle/geometry/battlefield_geometry.gd:259)
       [2] _blocking_obstacle_at (res://battle/geometry/battle_spatial_service.gd:414)
       [3] _resolve_legal_translation (res://battle/geometry/battle_spatial_service.gd:294)
       [4] resolve_translation (res://battle/geometry/battle_spatial_service.gd:95)
       [5] _advance_participant (res://battle/runtime/battle_movement_service.gd:103)
       [6] advance (res://battle/runtime/battle_movement_service.gd:52)
       [7] _advance_validated (res://battle/runtime/battle_runtime_service.gd:152)
       [8] advance (res://battle/runtime/battle_runtime_service.gd:28)
       [9] _process (res://gameplay/arsenal_review.gd:203)
SCRIPT ERROR: Trying to assign an array of type "Array" to a variable of type "Array[String]".
   at: BattlefieldGeometry.get_obstacle_ids_at_point (res://battle/geometry/battlefield_geometry.gd:585)
   GDScript backtrace (most recent call first):
       [0] get_obstacle_ids_at_point (res://battle/geometry/battlefield_geometry.gd:585)
       [1] get_movement_blocking_obstacle_id_at (res://battle/geometry/battlefield_geometry.gd:259)
       [2] _blocking_obstacle_at (res://battle/geometry/battle_spatial_service.gd:414)
       [3] resolve_translation (res://battle/geometry/battle_spatial_service.gd:65)
       [4] _advance_participant (res://battle/runtime/battle_movement_service.gd:103)
       [5] advance (res://battle/runtime/battle_movement_service.gd:52)
       [6] _advance_validated (res://battle/runtime/battle_runtime_service.gd:152)
       [7] advance (res://battle/runtime/battle_runtime_service.gd:28)
       [8] _process (res://gameplay/arsenal_review.gd:203)
SCRIPT ERROR: Trying to assign an array of type "Array" to a variable of type "Array[String]".
   at: BattlefieldGeometry.get_obstacle_ids_at_point (res://battle/geometry/battlefield_geometry.gd:585)
   GDScript backtrace (most recent call first):
       [0] get_obstacle_ids_at_point (res://battle/geometry/battlefield_geometry.gd:585)
       [1] get_obstacle_ids_in_rect (res://battle/geometry/battlefield_geometry.gd:599)
       [2] _resolve_legal_translation (res://battle/geometry/battle_spatial_service.gd:245)
       [3] resolve_translation (res://battle/geometry/battle_spatial_service.gd:95)
       [4] _advance_participant (res://battle/runtime/battle_movement_service.gd:103)
       [5] advance (res://battle/runtime/battle_movement_service.gd:52)
       [6] _advance_validated (res://battle/runtime/battle_runtime_service.gd:152)
       [7] advance (res://battle/runtime/battle_runtime_service.gd:28)
       [8] _process (res://gameplay/arsenal_review.gd:203)
SCRIPT ERROR: Trying to assign an array of type "Array" to a variable of type "Array[String]".
   at: BattlefieldGeometry.get_obstacle_ids_at_point (res://battle/geometry/battlefield_geometry.gd:585)
   GDScript backtrace (most recent call first):
       [0] get_obstacle_ids_at_point (res://battle/geometry/battlefield_geometry.gd:585)
       [1] get_movement_blocking_obstacle_id_at (res://battle/geometry/battlefield_geometry.gd:259)
       [2] _blocking_obstacle_at (res://battle/geometry/battle_spatial_service.gd:414)
       [3] _resolve_legal_translation (res://battle/geometry/battle_spatial_service.gd:294)
       [4] resolve_translation (res://battle/geometry/battle_spatial_service.gd:95)
       [5] _advance_participant (res://battle/runtime/battle_movement_service.gd:103)
       [6] advance (res://battle/runtime/battle_movement_service.gd:52)
       [7] _advance_validated (res://battle/runtime/battle_runtime_service.gd:152)
       [8] advance (res://battle/runtime/battle_runtime_service.gd:28)
       [9] _process (res://gameplay/arsenal_review.gd:203)
SCRIPT ERROR: Trying to assign an array of type "Array" to a variable of type "Array[String]".
   at: BattlefieldGeometry.get_obstacle_ids_at_point (res://battle/geometry/battlefield_geometry.gd:585)
   GDScript backtrace (most recent call first):
       [0] get_obstacle_ids_at_point (res://battle/geometry/battlefield_geometry.gd:585)
       [1] get_obstacle_ids_in_rect (res://battle/geometry/battlefield_geometry.gd:599)
       [2] _trace_segment (res://battle/combat/battle_line_of_sight_service.gd:191)
       [3] _trace_segment_cached (res://battle/combat/battle_line_of_sight_service.gd:143)
       [4] check_participant_to_participant (res://battle/combat/battle_line_of_sight_service.gd:57)
       [5] _healthy_no_role_cover_key (res://battle/combat/battle_combat_behavior_service.gd:1772)
       [6] _healthy_keep_no_role_cover_decision (res://battle/combat/battle_combat_behavior_service.gd:1844)
       [7] _update_healthy_role_cover_behavior (res://battle/combat/battle_combat_behavior_service.gd:893)
       [8] advance (res://battle/combat/battle_combat_behavior_service.gd:242)
       [9] _advance_validated (res://battle/runtime/battle_runtime_service.gd:116)
       [10] advance (res://battle/runtime/battle_runtime_service.gd:28)
       [11] _process (res://gameplay/arsenal_review.gd:203)
SCRIPT ERROR: Trying to assign an array of type "Array" to a variable of type "Array[String]".
   at: BattlefieldGeometry.get_obstacle_ids_at_point (res://battle/geometry/battlefield_geometry.gd:585)
   GDScript backtrace (most recent call first):
       [0] get_obstacle_ids_at_point (res://battle/geometry/battlefield_geometry.gd:585)
       [1] get_movement_blocking_obstacle_id_at (res://battle/geometry/battlefield_geometry.gd:259)
       [2] cover_hustle_multiplier (res://battle/runtime/battle_movement_service.gd:164)
       [3] _advance_participant (res://battle/runtime/battle_movement_service.gd:78)
       [4] advance (res://battle/runtime/battle_movement_service.gd:52)
       [5] _advance_validated (res://battle/runtime/battle_runtime_service.gd:152)
       [6] advance (res://battle/runtime/battle_runtime_service.gd:28)
       [7] _process (res://gameplay/arsenal_review.gd:203)
SCRIPT ERROR: Trying to assign an array of type "Array" to a variable of type "Array[String]".
   at: BattlefieldGeometry.get_obstacle_ids_at_point (res://battle/geometry/battlefield_geometry.gd:585)
   GDScript backtrace (most recent call first):
       [0] get_obstacle_ids_at_point (res://battle/geometry/battlefield_geometry.gd:585)
       [1] get_movement_blocking_obstacle_id_at (res://battle/geometry/battlefield_geometry.gd:259)
       [2] _blocking_obstacle_at (res://battle/geometry/battle_spatial_service.gd:414)
       [3] resolve_translation (res://battle/geometry/battle_spatial_service.gd:65)
       [4] _advance_participant (res://battle/runtime/battle_movement_service.gd:103)
       [5] advance (res://battle/runtime/battle_movement_service.gd:52)
       [6] _advance_validated (res://battle/runtime/battle_runtime_service.gd:152)
       [7] advance (res://battle/runtime/battle_runtime_service.gd:28)
       [8] _process (res://gameplay/arsenal_review.gd:203)
SCRIPT ERROR: Trying to assign an array of type "Array" to a variable of type "Array[String]".
   at: BattlefieldGeometry.get_obstacle_ids_at_point (res://battle/geometry/battlefield_geometry.gd:585)
   GDScript backtrace (most recent call first):
       [0] get_obstacle_ids_at_point (res://battle/geometry/battlefield_geometry.gd:585)
       [1] get_obstacle_ids_in_rect (res://battle/geometry/battlefield_geometry.gd:599)
       [2] _resolve_legal_translation (res://battle/geometry/battle_spatial_service.gd:245)
       [3] resolve_translation (res://battle/geometry/battle_spatial_service.gd:95)
       [4] _advance_participant (res://battle/runtime/battle_movement_service.gd:103)
       [5] advance (res://battle/runtime/battle_movement_service.gd:52)
       [6] _advance_validated (res://battle/runtime/battle_runtime_service.gd:152)
       [7] advance (res://battle/runtime/battle_runtime_service.gd:28)
       [8] _process (res://gameplay/arsenal_review.gd:203)
SCRIPT ERROR: Trying to assign an array of type "Array" to a variable of type "Array[String]".
   at: BattlefieldGeometry.get_obstacle_ids_at_point (res://battle/geometry/battlefield_geometry.gd:585)
   GDScript backtrace (most recent call first):
       [0] get_obstacle_ids_at_point (res://battle/geometry/battlefield_geometry.gd:585)
       [1] get_movement_blocking_obstacle_id_at (res://battle/geometry/battlefield_geometry.gd:259)
       [2] _blocking_obstacle_at (res://battle/geometry/battle_spatial_service.gd:414)
       [3] _resolve_legal_translation (res://battle/geometry/battle_spatial_service.gd:294)
       [4] resolve_translation (res://battle/geometry/battle_spatial_service.gd:95)
       [5] _advance_participant (res://battle/runtime/battle_movement_service.gd:103)
       [6] advance (res://battle/runtime/battle_movement_service.gd:52)
       [7] _advance_validated (res://battle/runtime/battle_runtime_service.gd:152)
       [8] advance (res://battle/runtime/battle_runtime_service.gd:28)
       [9] _process (res://gameplay/arsenal_review.gd:203)
SCRIPT ERROR: Trying to assign an array of type "Array" to a variable of type "Array[String]".
   at: BattlefieldGeometry.get_obstacle_ids_at_point (res://battle/geometry/battlefield_geometry.gd:585)
   GDScript backtrace (most recent call first):
       [0] get_obstacle_ids_at_point (res://battle/geometry/battlefield_geometry.gd:585)
       [1] get_movement_blocking_obstacle_id_at (res://battle/geometry/battlefield_geometry.gd:259)
       [2] _blocking_obstacle_at (res://battle/geometry/battle_spatial_service.gd:414)
       [3] resolve_translation (res://battle/geometry/battle_spatial_service.gd:65)
       [4] _advance_participant (res://battle/runtime/battle_movement_service.gd:103)
       [5] advance (res://battle/runtime/battle_movement_service.gd:52)
       [6] _advance_validated (res://battle/runtime/battle_runtime_service.gd:152)
       [7] advance (res://battle/runtime/battle_runtime_service.gd:28)
       [8] _process (res://gameplay/arsenal_review.gd:203)
SCRIPT ERROR: Trying to assign an array of type "Array" to a variable of type "Array[String]".
   at: BattlefieldGeometry.get_obstacle_ids_at_point (res://battle/geometry/battlefield_geometry.gd:585)
   GDScript backtrace (most recent call first):
       [0] get_obstacle_ids_at_point (res://battle/geometry/battlefield_geometry.gd:585)
       [1] get_obstacle_ids_in_rect (res://battle/geometry/battlefield_geometry.gd:599)
       [2] _resolve_legal_translation (res://battle/geometry/battle_spatial_service.gd:245)
       [3] resolve_translation (res://battle/geometry/battle_spatial_service.gd:95)
       [4] _advance_participant (res://battle/runtime/battle_movement_service.gd:103)
       [5] advance (res://battle/runtime/battle_movement_service.gd:52)
       [6] _advance_validated (res://battle/runtime/battle_runtime_service.gd:152)
       [7] advance (res://battle/runtime/battle_runtime_service.gd:28)
       [8] _process (res://gameplay/arsenal_review.gd:203)
SCRIPT ERROR: Trying to assign an array of type "Array" to a variable of type "Array[String]".
   at: BattlefieldGeometry.get_obstacle_ids_at_point (res://battle/geometry/battlefield_geometry.gd:585)
   GDScript backtrace (most recent call first):
       [0] get_obstacle_ids_at_point (res://battle/geometry/battlefield_geometry.gd:585)
       [1] get_movement_blocking_obstacle_id_at (res://battle/geometry/battlefield_geometry.gd:259)
       [2] _blocking_obstacle_at (res://battle/geometry/battle_spatial_service.gd:414)
       [3] _resolve_legal_translation (res://battle/geometry/battle_spatial_service.gd:294)
       [4] resolve_translation (res://battle/geometry/battle_spatial_service.gd:95)
       [5] _advance_participant (res://battle/runtime/battle_movement_service.gd:103)
       [6] advance (res://battle/runtime/battle_movement_service.gd:52)
       [7] _advance_validated (res://battle/runtime/battle_runtime_service.gd:152)
       [8] advance (res://battle/runtime/battle_runtime_service.gd:28)
       [9] _process (res://gameplay/arsenal_review.gd:203)
SCRIPT ERROR: Trying to assign an array of type "Array" to a variable of type "Array[String]".
   at: BattlefieldGeometry.get_obstacle_ids_at_point (res://battle/geometry/battlefield_geometry.gd:585)
   GDScript backtrace (most recent call first):
       [0] get_obstacle_ids_at_point (res://battle/geometry/battlefield_geometry.gd:585)
       [1] get_obstacle_ids_in_rect (res://battle/geometry/battlefield_geometry.gd:599)
       [2] _trace_segment (res://battle/combat/battle_line_of_sight_service.gd:191)
       [3] _trace_segment_cached (res://battle/combat/battle_line_of_sight_service.gd:143)
       [4] check_participant_to_participant (res://battle/combat/battle_line_of_sight_service.gd:57)
       [5] _healthy_no_role_cover_key (res://battle/combat/battle_combat_behavior_service.gd:1772)
       [6] _healthy_keep_no_role_cover_decision (res://battle/combat/battle_combat_behavior_service.gd:1844)
       [7] _update_healthy_role_cover_behavior (res://battle/combat/battle_combat_behavior_service.gd:893)
       [8] advance (res://battle/combat/battle_combat_behavior_service.gd:242)
       [9] _advance_validated (res://battle/runtime/battle_runtime_service.gd:116)
       [10] advance (res://battle/runtime/battle_runtime_service.gd:28)
       [11] _process (res://gameplay/arsenal_review.gd:203)
SCRIPT ERROR: Trying to assign an array of type "Array" to a variable of type "Array[String]".
   at: BattlefieldGeometry.get_obstacle_ids_at_point (res://battle/geometry/battlefield_geometry.gd:585)
   GDScript backtrace (most recent call first):
       [0] get_obstacle_ids_at_point (res://battle/geometry/battlefield_geometry.gd:585)
       [1] get_movement_blocking_obstacle_id_at (res://battle/geometry/battlefield_geometry.gd:259)
       [2] cover_hustle_multiplier (res://battle/runtime/battle_movement_service.gd:164)
       [3] _advance_participant (res://battle/runtime/battle_movement_service.gd:78)
       [4] advance (res://battle/runtime/battle_movement_service.gd:52)
       [5] _advance_validated (res://battle/runtime/battle_runtime_service.gd:152)
       [6] advance (res://battle/runtime/battle_runtime_service.gd:28)
       [7] _process (res://gameplay/arsenal_review.gd:203)
SCRIPT ERROR: Trying to assign an array of type "Array" to a variable of type "Array[String]".
   at: BattlefieldGeometry.get_obstacle_ids_at_point (res://battle/geometry/battlefield_geometry.gd:585)
   GDScript backtrace (most recent call first):
       [0] get_obstacle_ids_at_point (res://battle/geometry/battlefield_geometry.gd:585)
       [1] get_movement_blocking_obstacle_id_at (res://battle/geometry/battlefield_geometry.gd:259)
       [2] _blocking_obstacle_at (res://battle/geometry/battle_spatial_service.gd:414)
       [3] resolve_translation (res://battle/geometry/battle_spatial_service.gd:65)
       [4] _advance_participant (res://battle/runtime/battle_movement_service.gd:103)
       [5] advance (res://battle/runtime/battle_movement_service.gd:52)
       [6] _advance_validated (res://battle/runtime/battle_runtime_service.gd:152)
       [7] advance (res://battle/runtime/battle_runtime_service.gd:28)
       [8] _process (res://gameplay/arsenal_review.gd:203)
SCRIPT ERROR: Trying to assign an array of type "Array" to a variable of type "Array[String]".
   at: BattlefieldGeometry.get_obstacle_ids_at_point (res://battle/geometry/battlefield_geometry.gd:585)
   GDScript backtrace (most recent call first):
       [0] get_obstacle_ids_at_point (res://battle/geometry/battlefield_geometry.gd:585)
       [1] get_obstacle_ids_in_rect (res://battle/geometry/battlefield_geometry.gd:599)
       [2] _resolve_legal_translation (res://battle/geometry/battle_spatial_service.gd:245)
       [3] resolve_translation (res://battle/geometry/battle_spatial_service.gd:95)
       [4] _advance_participant (res://battle/runtime/battle_movement_service.gd:103)
       [5] advance (res://battle/runtime/battle_movement_service.gd:52)
       [6] _advance_validated (res://battle/runtime/battle_runtime_service.gd:152)
       [7] advance (res://battle/runtime/battle_runtime_service.gd:28)
       [8] _process (res://gameplay/arsenal_review.gd:203)
SCRIPT ERROR: Trying to assign an array of type "Array" to a variable of type "Array[String]".
   at: BattlefieldGeometry.get_obstacle_ids_at_point (res://battle/geometry/battlefield_geometry.gd:585)
   GDScript backtrace (most recent call first):
       [0] get_obstacle_ids_at_point (res://battle/geometry/battlefield_geometry.gd:585)
       [1] get_movement_blocking_obstacle_id_at (res://battle/geometry/battlefield_geometry.gd:259)
       [2] _blocking_obstacle_at (res://battle/geometry/battle_spatial_service.gd:414)
       [3] _resolve_legal_translation (res://battle/geometry/battle_spatial_service.gd:294)
       [4] resolve_translation (res://battle/geometry/battle_spatial_service.gd:95)
       [5] _advance_participant (res://battle/runtime/battle_movement_service.gd:103)
       [6] advance (res://battle/runtime/battle_movement_service.gd:52)
       [7] _advance_validated (res://battle/runtime/battle_runtime_service.gd:152)
       [8] advance (res://battle/runtime/battle_runtime_service.gd:28)
       [9] _process (res://gameplay/arsenal_review.gd:203)
SCRIPT ERROR: Trying to assign an array of type "Array" to a variable of type "Array[String]".
   at: BattlefieldGeometry.get_obstacle_ids_at_point (res://battle/geometry/battlefield_geometry.gd:585)
   GDScript backtrace (most recent call first):
       [0] get_obstacle_ids_at_point (res://battle/geometry/battlefield_geometry.gd:585)
       [1] get_movement_blocking_obstacle_id_at (res://battle/geometry/battlefield_geometry.gd:259)
       [2] _blocking_obstacle_at (res://battle/geometry/battle_spatial_service.gd:414)
       [3] resolve_translation (res://battle/geometry/battle_spatial_service.gd:65)
       [4] _advance_participant (res://battle/runtime/battle_movement_service.gd:103)
       [5] advance (res://battle/runtime/battle_movement_service.gd:52)
       [6] _advance_validated (res://battle/runtime/battle_runtime_service.gd:152)
       [7] advance (res://battle/runtime/battle_runtime_service.gd:28)
       [8] _process (res://gameplay/arsenal_review.gd:203)
SCRIPT ERROR: Trying to assign an array of type "Array" to a variable of type "Array[String]".
   at: BattlefieldGeometry.get_obstacle_ids_at_point (res://battle/geometry/battlefield_geometry.gd:585)
   GDScript backtrace (most recent call first):
       [0] get_obstacle_ids_at_point (res://battle/geometry/battlefield_geometry.gd:585)
       [1] get_obstacle_ids_in_rect (res://battle/geometry/battlefield_geometry.gd:599)
       [2] _resolve_legal_translation (res://battle/geometry/battle_spatial_service.gd:245)
       [3] resolve_translation (res://battle/geometry/battle_spatial_service.gd:95)
       [4] _advance_participant (res://battle/runtime/battle_movement_service.gd:103)
       [5] advance (res://battle/runtime/battle_movement_service.gd:52)
       [6] _advance_validated (res://battle/runtime/battle_runtime_service.gd:152)
       [7] advance (res://battle/runtime/battle_runtime_service.gd:28)
       [8] _process (res://gameplay/arsenal_review.gd:203)
SCRIPT ERROR: Trying to assign an array of type "Array" to a variable of type "Array[String]".
   at: BattlefieldGeometry.get_obstacle_ids_at_point (res://battle/geometry/battlefield_geometry.gd:585)
   GDScript backtrace (most recent call first):
       [0] get_obstacle_ids_at_point (res://battle/geometry/battlefield_geometry.gd:585)
       [1] get_movement_blocking_obstacle_id_at (res://battle/geometry/battlefield_geometry.gd:259)
       [2] _blocking_obstacle_at (res://battle/geometry/battle_spatial_service.gd:414)
       [3] _resolve_legal_translation (res://battle/geometry/battle_spatial_service.gd:294)
       [4] resolve_translation (res://battle/geometry/battle_spatial_service.gd:95)
       [5] _advance_participant (res://battle/runtime/battle_movement_service.gd:103)
       [6] advance (res://battle/runtime/battle_movement_service.gd:52)
       [7] _advance_validated (res://battle/runtime/battle_runtime_service.gd:152)
       [8] advance (res://battle/runtime/battle_runtime_service.gd:28)
       [9] _process (res://gameplay/arsenal_review.gd:203)
SCRIPT ERROR: Trying to assign an array of type "Array" to a variable of type "Array[String]".
   at: BattlefieldGeometry.get_obstacle_ids_at_point (res://battle/geometry/battlefield_geometry.gd:585)
   GDScript backtrace (most recent call first):
       [0] get_obstacle_ids_at_point (res://battle/geometry/battlefield_geometry.gd:585)
       [1] get_obstacle_ids_in_rect (res://battle/geometry/battlefield_geometry.gd:599)
       [2] _trace_segment (res://battle/combat/battle_line_of_sight_service.gd:191)
       [3] _trace_segment_cached (res://battle/combat/battle_line_of_sight_service.gd:143)
       [4] check_participant_to_participant (res://battle/combat/battle_line_of_sight_service.gd:57)
       [5] _healthy_no_role_cover_key (res://battle/combat/battle_combat_behavior_service.gd:1772)
       [6] _healthy_keep_no_role_cover_decision (res://battle/combat/battle_combat_behavior_service.gd:1844)
       [7] _update_healthy_role_cover_behavior (res://battle/combat/battle_combat_behavior_service.gd:893)
       [8] advance (res://battle/combat/battle_combat_behavior_service.gd:242)
       [9] _advance_validated (res://battle/runtime/battle_runtime_service.gd:116)
       [10] advance (res://battle/runtime/battle_runtime_service.gd:28)
       [11] _process (res://gameplay/arsenal_review.gd:203)
SCRIPT ERROR: Trying to assign an array of type "Array" to a variable of type "Array[String]".
   at: BattlefieldGeometry.get_obstacle_ids_at_point (res://battle/geometry/battlefield_geometry.gd:585)
   GDScript backtrace (most recent call first):
       [0] get_obstacle_ids_at_point (res://battle/geometry/battlefield_geometry.gd:585)
       [1] get_movement_blocking_obstacle_id_at (res://battle/geometry/battlefield_geometry.gd:259)
       [2] cover_hustle_multiplier (res://battle/runtime/battle_movement_service.gd:164)
       [3] _advance_participant (res://battle/runtime/battle_movement_service.gd:78)
       [4] advance (res://battle/runtime/battle_movement_service.gd:52)
       [5] _advance_validated (res://battle/runtime/battle_runtime_service.gd:152)
       [6] advance (res://battle/runtime/battle_runtime_service.gd:28)
       [7] _process (res://gameplay/arsenal_review.gd:203)
SCRIPT ERROR: Trying to assign an array of type "Array" to a variable of type "Array[String]".
   at: BattlefieldGeometry.get_obstacle_ids_at_point (res://battle/geometry/battlefield_geometry.gd:585)
   GDScript backtrace (most recent call first):
       [0] get_obstacle_ids_at_point (res://battle/geometry/battlefield_geometry.gd:585)
       [1] get_movement_blocking_obstacle_id_at (res://battle/geometry/battlefield_geometry.gd:259)
       [2] _blocking_obstacle_at (res://battle/geometry/battle_spatial_service.gd:414)
       [3] resolve_translation (res://battle/geometry/battle_spatial_service.gd:65)
       [4] _advance_participant (res://battle/runtime/battle_movement_service.gd:103)
       [5] advance (res://battle/runtime/battle_movement_service.gd:52)
       [6] _advance_validated (res://battle/runtime/battle_runtime_service.gd:152)
       [7] advance (res://battle/runtime/battle_runtime_service.gd:28)
       [8] _process (res://gameplay/arsenal_review.gd:203)
SCRIPT ERROR: Trying to assign an array of type "Array" to a variable of type "Array[String]".
   at: BattlefieldGeometry.get_obstacle_ids_at_point (res://battle/geometry/battlefield_geometry.gd:585)
   GDScript backtrace (most recent call first):
       [0] get_obstacle_ids_at_point (res://battle/geometry/battlefield_geometry.gd:585)
       [1] get_obstacle_ids_in_rect (res://battle/geometry/battlefield_geometry.gd:599)
       [2] _resolve_legal_translation (res://battle/geometry/battle_spatial_service.gd:245)
       [3] resolve_translation (res://battle/geometry/battle_spatial_service.gd:95)
       [4] _advance_participant (res://battle/runtime/battle_movement_service.gd:103)
       [5] advance (res://battle/runtime/battle_movement_service.gd:52)
       [6] _advance_validated (res://battle/runtime/battle_runtime_service.gd:152)
       [7] advance (res://battle/runtime/battle_runtime_service.gd:28)
       [8] _process (res://gameplay/arsenal_review.gd:203)
SCRIPT ERROR: Trying to assign an array of type "Array" to a variable of type "Array[String]".
   at: BattlefieldGeometry.get_obstacle_ids_at_point (res://battle/geometry/battlefield_geometry.gd:585)
   GDScript backtrace (most recent call first):
       [0] get_obstacle_ids_at_point (res://battle/geometry/battlefield_geometry.gd:585)
       [1] get_movement_blocking_obstacle_id_at (res://battle/geometry/battlefield_geometry.gd:259)
       [2] _blocking_obstacle_at (res://battle/geometry/battle_spatial_service.gd:414)
       [3] _resolve_legal_translation (res://battle/geometry/battle_spatial_service.gd:294)
       [4] resolve_translation (res://battle/geometry/battle_spatial_service.gd:95)
       [5] _advance_participant (res://battle/runtime/battle_movement_service.gd:103)
       [6] advance (res://battle/runtime/battle_movement_service.gd:52)
       [7] _advance_validated (res://battle/runtime/battle_runtime_service.gd:152)
       [8] advance (res://battle/runtime/battle_runtime_service.gd:28)
       [9] _process (res://gameplay/arsenal_review.gd:203)
SCRIPT ERROR: Trying to assign an array of type "Array" to a variable of type "Array[String]".
   at: BattlefieldGeometry.get_obstacle_ids_at_point (res://battle/geometry/battlefield_geometry.gd:585)
   GDScript backtrace (most recent call first):
       [0] get_obstacle_ids_at_point (res://battle/geometry/battlefield_geometry.gd:585)
       [1] get_movement_blocking_obstacle_id_at (res://battle/geometry/battlefield_geometry.gd:259)
       [2] _blocking_obstacle_at (res://battle/geometry/battle_spatial_service.gd:414)
       [3] resolve_translation (res://battle/geometry/battle_spatial_service.gd:65)
       [4] _advance_participant (res://battle/runtime/battle_movement_service.gd:103)
       [5] advance (res://battle/runtime/battle_movement_service.gd:52)
       [6] _advance_validated (res://battle/runtime/battle_runtime_service.gd:152)
       [7] advance (res://battle/runtime/battle_runtime_service.gd:28)
       [8] _process (res://gameplay/arsenal_review.gd:203)
SCRIPT ERROR: Trying to assign an array of type "Array" to a variable of type "Array[String]".
   at: BattlefieldGeometry.get_obstacle_ids_at_point (res://battle/geometry/battlefield_geometry.gd:585)
   GDScript backtrace (most recent call first):
       [0] get_obstacle_ids_at_point (res://battle/geometry/battlefield_geometry.gd:585)
       [1] get_obstacle_ids_in_rect (res://battle/geometry/battlefield_geometry.gd:599)
       [2] _resolve_legal_translation (res://battle/geometry/battle_spatial_service.gd:245)
       [3] resolve_translation (res://battle/geometry/battle_spatial_service.gd:95)
       [4] _advance_participant (res://battle/runtime/battle_movement_service.gd:103)
       [5] advance (res://battle/runtime/battle_movement_service.gd:52)
       [6] _advance_validated (res://battle/runtime/battle_runtime_service.gd:152)
       [7] advance (res://battle/runtime/battle_runtime_service.gd:28)
       [8] _process (res://gameplay/arsenal_review.gd:203)
SCRIPT ERROR: Trying to assign an array of type "Array" to a variable of type "Array[String]".
   at: BattlefieldGeometry.get_obstacle_ids_at_point (res://battle/geometry/battlefield_geometry.gd:585)
   GDScript backtrace (most recent call first):
       [0] get_obstacle_ids_at_point (res://battle/geometry/battlefield_geometry.gd:585)
       [1] get_movement_blocking_obstacle_id_at (res://battle/geometry/battlefield_geometry.gd:259)
       [2] _blocking_obstacle_at (res://battle/geometry/battle_spatial_service.gd:414)
       [3] _resolve_legal_translation (res://battle/geometry/battle_spatial_service.gd:294)
       [4] resolve_translation (res://battle/geometry/battle_spatial_service.gd:95)
       [5] _advance_participant (res://battle/runtime/battle_movement_service.gd:103)
       [6] advance (res://battle/runtime/battle_movement_service.gd:52)
       [7] _advance_validated (res://battle/runtime/battle_runtime_service.gd:152)
       [8] advance (res://battle/runtime/battle_runtime_service.gd:28)
       [9] _process (res://gameplay/arsenal_review.gd:203)
SCRIPT ERROR: Trying to assign an array of type "Array" to a variable of type "Array[String]".
   at: BattlefieldGeometry.get_obstacle_ids_at_point (res://battle/geometry/battlefield_geometry.gd:585)
   GDScript backtrace (most recent call first):
       [0] get_obstacle_ids_at_point (res://battle/geometry/battlefield_geometry.gd:585)
       [1] get_obstacle_ids_in_rect (res://battle/geometry/battlefield_geometry.gd:599)
       [2] _trace_segment (res://battle/combat/battle_line_of_sight_service.gd:191)
       [3] _trace_segment_cached (res://battle/combat/battle_line_of_sight_service.gd:143)
       [4] check_participant_to_participant (res://battle/combat/battle_line_of_sight_service.gd:57)
       [5] _healthy_no_role_cover_key (res://battle/combat/battle_combat_behavior_service.gd:1772)
       [6] _healthy_keep_no_role_cover_decision (res://battle/combat/battle_combat_behavior_service.gd:1844)
       [7] _update_healthy_role_cover_behavior (res://battle/combat/battle_combat_behavior_service.gd:893)
       [8] advance (res://battle/combat/battle_combat_behavior_service.gd:242)
       [9] _advance_validated (res://battle/runtime/battle_runtime_service.gd:116)
       [10] advance (res://battle/runtime/battle_runtime_service.gd:28)
       [11] _process (res://gameplay/arsenal_review.gd:203)
SCRIPT ERROR: Trying to assign an array of type "Array" to a variable of type "Array[String]".
   at: BattlefieldGeometry.get_obstacle_ids_at_point (res://battle/geometry/battlefield_geometry.gd:585)
   GDScript backtrace (most recent call first):
       [0] get_obstacle_ids_at_point (res://battle/geometry/battlefield_geometry.gd:585)
       [1] get_movement_blocking_obstacle_id_at (res://battle/geometry/battlefield_geometry.gd:259)
       [2] cover_hustle_multiplier (res://battle/runtime/battle_movement_service.gd:164)
       [3] _advance_participant (res://battle/runtime/battle_movement_service.gd:78)
       [4] advance (res://battle/runtime/battle_movement_service.gd:52)
       [5] _advance_validated (res://battle/runtime/battle_runtime_service.gd:152)
       [6] advance (res://battle/runtime/battle_runtime_service.gd:28)
       [7] _process (res://gameplay/arsenal_review.gd:203)
SCRIPT ERROR: Trying to assign an array of type "Array" to a variable of type "Array[String]".
   at: BattlefieldGeometry.get_obstacle_ids_at_point (res://battle/geometry/battlefield_geometry.gd:585)
   GDScript backtrace (most recent call first):
       [0] get_obstacle_ids_at_point (res://battle/geometry/battlefield_geometry.gd:585)
       [1] get_movement_blocking_obstacle_id_at (res://battle/geometry/battlefield_geometry.gd:259)
       [2] _blocking_obstacle_at (res://battle/geometry/battle_spatial_service.gd:414)
       [3] resolve_translation (res://battle/geometry/battle_spatial_service.gd:65)
       [4] _advance_participant (res://battle/runtime/battle_movement_service.gd:103)
       [5] advance (res://battle/runtime/battle_movement_service.gd:52)
       [6] _advance_validated (res://battle/runtime/battle_runtime_service.gd:152)
       [7] advance (res://battle/runtime/battle_runtime_service.gd:28)
       [8] _process (res://gameplay/arsenal_review.gd:203)
SCRIPT ERROR: Trying to assign an array of type "Array" to a variable of type "Array[String]".
   at: BattlefieldGeometry.get_obstacle_ids_at_point (res://battle/geometry/battlefield_geometry.gd:585)
   GDScript backtrace (most recent call first):
       [0] get_obstacle_ids_at_point (res://battle/geometry/battlefield_geometry.gd:585)
       [1] get_obstacle_ids_in_rect (res://battle/geometry/battlefield_geometry.gd:599)
       [2] _resolve_legal_translation (res://battle/geometry/battle_spatial_service.gd:245)
       [3] resolve_translation (res://battle/geometry/battle_spatial_service.gd:95)
       [4] _advance_participant (res://battle/runtime/battle_movement_service.gd:103)
       [5] advance (res://battle/runtime/battle_movement_service.gd:52)
       [6] _advance_validated (res://battle/runtime/battle_runtime_service.gd:152)
       [7] advance (res://battle/runtime/battle_runtime_service.gd:28)
       [8] _process (res://gameplay/arsenal_review.gd:203)
SCRIPT ERROR: Trying to assign an array of type "Array" to a variable of type "Array[String]".
   at: BattlefieldGeometry.get_obstacle_ids_at_point (res://battle/geometry/battlefield_geometry.gd:585)
   GDScript backtrace (most recent call first):
       [0] get_obstacle_ids_at_point (res://battle/geometry/battlefield_geometry.gd:585)
       [1] get_movement_blocking_obstacle_id_at (res://battle/geometry/battlefield_geometry.gd:259)
       [2] _blocking_obstacle_at (res://battle/geometry/battle_spatial_service.gd:414)
       [3] _resolve_legal_translation (res://battle/geometry/battle_spatial_service.gd:294)
       [4] resolve_translation (res://battle/geometry/battle_spatial_service.gd:95)
       [5] _advance_participant (res://battle/runtime/battle_movement_service.gd:103)
       [6] advance (res://battle/runtime/battle_movement_service.gd:52)
       [7] _advance_validated (res://battle/runtime/battle_runtime_service.gd:152)
       [8] advance (res://battle/runtime/battle_runtime_service.gd:28)
       [9] _process (res://gameplay/arsenal_review.gd:203)
SCRIPT ERROR: Trying to assign an array of type "Array" to a variable of type "Array[String]".
   at: BattlefieldGeometry.get_obstacle_ids_at_point (res://battle/geometry/battlefield_geometry.gd:585)
   GDScript backtrace (most recent call first):
       [0] get_obstacle_ids_at_point (res://battle/geometry/battlefield_geometry.gd:585)
       [1] get_movement_blocking_obstacle_id_at (res://battle/geometry/battlefield_geometry.gd:259)
       [2] _blocking_obstacle_at (res://battle/geometry/battle_spatial_service.gd:414)
       [3] resolve_translation (res://battle/geometry/battle_spatial_service.gd:65)
       [4] _advance_participant (res://battle/runtime/battle_movement_service.gd:103)
       [5] advance (res://battle/runtime/battle_movement_service.gd:52)
       [6] _advance_validated (res://battle/runtime/battle_runtime_service.gd:152)
       [7] advance (res://battle/runtime/battle_runtime_service.gd:28)
       [8] _process (res://gameplay/arsenal_review.gd:203)
SCRIPT ERROR: Trying to assign an array of type "Array" to a variable of type "Array[String]".
   at: BattlefieldGeometry.get_obstacle_ids_at_point (res://battle/geometry/battlefield_geometry.gd:585)
   GDScript backtrace (most recent call first):
       [0] get_obstacle_ids_at_point (res://battle/geometry/battlefield_geometry.gd:585)
       [1] get_obstacle_ids_in_rect (res://battle/geometry/battlefield_geometry.gd:599)
       [2] _resolve_legal_translation (res://battle/geometry/battle_spatial_service.gd:245)
       [3] resolve_translation (res://battle/geometry/battle_spatial_service.gd:95)
       [4] _advance_participant (res://battle/runtime/battle_movement_service.gd:103)
       [5] advance (res://battle/runtime/battle_movement_service.gd:52)
       [6] _advance_validated (res://battle/runtime/battle_runtime_service.gd:152)
       [7] advance (res://battle/runtime/battle_runtime_service.gd:28)
       [8] _process (res://gameplay/arsenal_review.gd:203)
SCRIPT ERROR: Trying to assign an array of type "Array" to a variable of type "Array[String]".
   at: BattlefieldGeometry.get_obstacle_ids_at_point (res://battle/geometry/battlefield_geometry.gd:585)
   GDScript backtrace (most recent call first):
       [0] get_obstacle_ids_at_point (res://battle/geometry/battlefield_geometry.gd:585)
       [1] get_movement_blocking_obstacle_id_at (res://battle/geometry/battlefield_geometry.gd:259)
       [2] _blocking_obstacle_at (res://battle/geometry/battle_spatial_service.gd:414)
       [3] _resolve_legal_translation (res://battle/geometry/battle_spatial_service.gd:294)
       [4] resolve_translation (res://battle/geometry/battle_spatial_service.gd:95)
       [5] _advance_participant (res://battle/runtime/battle_movement_service.gd:103)
       [6] advance (res://battle/runtime/battle_movement_service.gd:52)
       [7] _advance_validated (res://battle/runtime/battle_runtime_service.gd:152)
       [8] advance (res://battle/runtime/battle_runtime_service.gd:28)
       [9] _process (res://gameplay/arsenal_review.gd:203)
SCRIPT ERROR: Trying to assign an array of type "Array" to a variable of type "Array[String]".
   at: BattlefieldGeometry.get_obstacle_ids_at_point (res://battle/geometry/battlefield_geometry.gd:585)
   GDScript backtrace (most recent call first):
       [0] get_obstacle_ids_at_point (res://battle/geometry/battlefield_geometry.gd:585)
       [1] get_obstacle_ids_in_rect (res://battle/geometry/battlefield_geometry.gd:599)
       [2] _trace_segment (res://battle/combat/battle_line_of_sight_service.gd:191)
       [3] _trace_segment_cached (res://battle/combat/battle_line_of_sight_service.gd:143)
       [4] check_participant_to_participant (res://battle/combat/battle_line_of_sight_service.gd:57)
       [5] _healthy_no_role_cover_key (res://battle/combat/battle_combat_behavior_service.gd:1772)
       [6] _healthy_keep_no_role_cover_decision (res://battle/combat/battle_combat_behavior_service.gd:1844)
       [7] _update_healthy_role_cover_behavior (res://battle/combat/battle_combat_behavior_service.gd:893)
       [8] advance (res://battle/combat/battle_combat_behavior_service.gd:242)
       [9] _advance_validated (res://battle/runtime/battle_runtime_service.gd:116)
       [10] advance (res://battle/runtime/battle_runtime_service.gd:28)
       [11] _process (res://gameplay/arsenal_review.gd:203)
SCRIPT ERROR: Trying to assign an array of type "Array" to a variable of type "Array[String]".
   at: BattlefieldGeometry.get_obstacle_ids_at_point (res://battle/geometry/battlefield_geometry.gd:585)
   GDScript backtrace (most recent call first):
       [0] get_obstacle_ids_at_point (res://battle/geometry/battlefield_geometry.gd:585)
       [1] get_movement_blocking_obstacle_id_at (res://battle/geometry/battlefield_geometry.gd:259)
       [2] cover_hustle_multiplier (res://battle/runtime/battle_movement_service.gd:164)
       [3] _advance_participant (res://battle/runtime/battle_movement_service.gd:78)
       [4] advance (res://battle/runtime/battle_movement_service.gd:52)
       [5] _advance_validated (res://battle/runtime/battle_runtime_service.gd:152)
       [6] advance (res://battle/runtime/battle_runtime_service.gd:28)
       [7] _process (res://gameplay/arsenal_review.gd:203)
SCRIPT ERROR: Trying to assign an array of type "Array" to a variable of type "Array[String]".
   at: BattlefieldGeometry.get_obstacle_ids_at_point (res://battle/geometry/battlefield_geometry.gd:585)
   GDScript backtrace (most recent call first):
       [0] get_obstacle_ids_at_point (res://battle/geometry/battlefield_geometry.gd:585)
       [1] get_movement_blocking_obstacle_id_at (res://battle/geometry/battlefield_geometry.gd:259)
       [2] _blocking_obstacle_at (res://battle/geometry/battle_spatial_service.gd:414)
       [3] resolve_translation (res://battle/geometry/battle_spatial_service.gd:65)
       [4] _advance_participant (res://battle/runtime/battle_movement_service.gd:103)
       [5] advance (res://battle/runtime/battle_movement_service.gd:52)
       [6] _advance_validated (res://battle/runtime/battle_runtime_service.gd:152)
       [7] advance (res://battle/runtime/battle_runtime_service.gd:28)
       [8] _process (res://gameplay/arsenal_review.gd:203)
SCRIPT ERROR: Trying to assign an array of type "Array" to a variable of type "Array[String]".
   at: BattlefieldGeometry.get_obstacle_ids_at_point (res://battle/geometry/battlefield_geometry.gd:585)
   GDScript backtrace (most recent call first):
       [0] get_obstacle_ids_at_point (res://battle/geometry/battlefield_geometry.gd:585)
       [1] get_obstacle_ids_in_rect (res://battle/geometry/battlefield_geometry.gd:599)
       [2] _resolve_legal_translation (res://battle/geometry/battle_spatial_service.gd:245)
       [3] resolve_translation (res://battle/geometry/battle_spatial_service.gd:95)
       [4] _advance_participant (res://battle/runtime/battle_movement_service.gd:103)
       [5] advance (res://battle/runtime/battle_movement_service.gd:52)
       [6] _advance_validated (res://battle/runtime/battle_runtime_service.gd:152)
       [7] advance (res://battle/runtime/battle_runtime_service.gd:28)
       [8] _process (res://gameplay/arsenal_review.gd:203)
SCRIPT ERROR: Trying to assign an array of type "Array" to a variable of type "Array[String]".
   at: BattlefieldGeometry.get_obstacle_ids_at_point (res://battle/geometry/battlefield_geometry.gd:585)
   GDScript backtrace (most recent call first):
       [0] get_obstacle_ids_at_point (res://battle/geometry/battlefield_geometry.gd:585)
       [1] get_movement_blocking_obstacle_id_at (res://battle/geometry/battlefield_geometry.gd:259)
       [2] _blocking_obstacle_at (res://battle/geometry/battle_spatial_service.gd:414)
       [3] _resolve_legal_translation (res://battle/geometry/battle_spatial_service.gd:294)
       [4] resolve_translation (res://battle/geometry/battle_spatial_service.gd:95)
       [5] _advance_participant (res://battle/runtime/battle_movement_service.gd:103)
       [6] advance (res://battle/runtime/battle_movement_service.gd:52)
       [7] _advance_validated (res://battle/runtime/battle_runtime_service.gd:152)
       [8] advance (res://battle/runtime/battle_runtime_service.gd:28)
       [9] _process (res://gameplay/arsenal_review.gd:203)
SCRIPT ERROR: Trying to assign an array of type "Array" to a variable of type "Array[String]".
   at: BattlefieldGeometry.get_obstacle_ids_at_point (res://battle/geometry/battlefield_geometry.gd:585)
   GDScript backtrace (most recent call first):
       [0] get_obstacle_ids_at_point (res://battle/geometry/battlefield_geometry.gd:585)
       [1] get_movement_blocking_obstacle_id_at (res://battle/geometry/battlefield_geometry.gd:259)
       [2] _blocking_obstacle_at (res://battle/geometry/battle_spatial_service.gd:414)
       [3] resolve_translation (res://battle/geometry/battle_spatial_service.gd:65)
       [4] _advance_participant (res://battle/runtime/battle_movement_service.gd:103)
       [5] advance (res://battle/runtime/battle_movement_service.gd:52)
       [6] _advance_validated (res://battle/runtime/battle_runtime_service.gd:152)
       [7] advance (res://battle/runtime/battle_runtime_service.gd:28)
       [8] _process (res://gameplay/arsenal_review.gd:203)
SCRIPT ERROR: Trying to assign an array of type "Array" to a variable of type "Array[String]".
   at: BattlefieldGeometry.get_obstacle_ids_at_point (res://battle/geometry/battlefield_geometry.gd:585)
   GDScript backtrace (most recent call first):
       [0] get_obstacle_ids_at_point (res://battle/geometry/battlefield_geometry.gd:585)
       [1] get_obstacle_ids_in_rect (res://battle/geometry/battlefield_geometry.gd:599)
       [2] _resolve_legal_translation (res://battle/geometry/battle_spatial_service.gd:245)
       [3] resolve_translation (res://battle/geometry/battle_spatial_service.gd:95)
       [4] _advance_participant (res://battle/runtime/battle_movement_service.gd:103)
       [5] advance (res://battle/runtime/battle_movement_service.gd:52)
       [6] _advance_validated (res://battle/runtime/battle_runtime_service.gd:152)
       [7] advance (res://battle/runtime/battle_runtime_service.gd:28)
       [8] _process (res://gameplay/arsenal_review.gd:203)
SCRIPT ERROR: Trying to assign an array of type "Array" to a variable of type "Array[String]".
   at: BattlefieldGeometry.get_obstacle_ids_at_point (res://battle/geometry/battlefield_geometry.gd:585)
   GDScript backtrace (most recent call first):
       [0] get_obstacle_ids_at_point (res://battle/geometry/battlefield_geometry.gd:585)
       [1] get_movement_blocking_obstacle_id_at (res://battle/geometry/battlefield_geometry.gd:259)
       [2] _blocking_obstacle_at (res://battle/geometry/battle_spatial_service.gd:414)
       [3] _resolve_legal_translation (res://battle/geometry/battle_spatial_service.gd:294)
       [4] resolve_translation (res://battle/geometry/battle_spatial_service.gd:95)
       [5] _advance_participant (res://battle/runtime/battle_movement_service.gd:103)
       [6] advance (res://battle/runtime/battle_movement_service.gd:52)
       [7] _advance_validated (res://battle/runtime/battle_runtime_service.gd:152)
       [8] advance (res://battle/runtime/battle_runtime_service.gd:28)
       [9] _process (res://gameplay/arsenal_review.gd:203)
SCRIPT ERROR: Trying to assign an array of type "Array" to a variable of type "Array[String]".
   at: BattlefieldGeometry.get_obstacle_ids_at_point (res://battle/geometry/battlefield_geometry.gd:585)
   GDScript backtrace (most recent call first):
       [0] get_obstacle_ids_at_point (res://battle/geometry/battlefield_geometry.gd:585)
       [1] get_obstacle_ids_in_rect (res://battle/geometry/battlefield_geometry.gd:599)
       [2] _trace_segment (res://battle/combat/battle_line_of_sight_service.gd:191)
       [3] _trace_segment_cached (res://battle/combat/battle_line_of_sight_service.gd:143)
       [4] check_participant_to_participant (res://battle/combat/battle_line_of_sight_service.gd:57)
       [5] _healthy_no_role_cover_key (res://battle/combat/battle_combat_behavior_service.gd:1772)
       [6] _healthy_keep_no_role_cover_decision (res://battle/combat/battle_combat_behavior_service.gd:1844)
       [7] _update_healthy_role_cover_behavior (res://battle/combat/battle_combat_behavior_service.gd:893)
       [8] advance (res://battle/combat/battle_combat_behavior_service.gd:242)
       [9] _advance_validated (res://battle/runtime/battle_runtime_service.gd:116)
       [10] advance (res://battle/runtime/battle_runtime_service.gd:28)
       [11] _process (res://gameplay/arsenal_review.gd:203)
SCRIPT ERROR: Trying to assign an array of type "Array" to a variable of type "Array[String]".
   at: BattlefieldGeometry.get_obstacle_ids_at_point (res://battle/geometry/battlefield_geometry.gd:585)
   GDScript backtrace (most recent call first):
       [0] get_obstacle_ids_at_point (res://battle/geometry/battlefield_geometry.gd:585)
       [1] get_movement_blocking_obstacle_id_at (res://battle/geometry/battlefield_geometry.gd:259)
       [2] cover_hustle_multiplier (res://battle/runtime/battle_movement_service.gd:164)
       [3] _advance_participant (res://battle/runtime/battle_movement_service.gd:78)
       [4] advance (res://battle/runtime/battle_movement_service.gd:52)
       [5] _advance_validated (res://battle/runtime/battle_runtime_service.gd:152)
       [6] advance (res://battle/runtime/battle_runtime_service.gd:28)
       [7] _process (res://gameplay/arsenal_review.gd:203)
SCRIPT ERROR: Trying to assign an array of type "Array" to a variable of type "Array[String]".
   at: BattlefieldGeometry.get_obstacle_ids_at_point (res://battle/geometry/battlefield_geometry.gd:585)
   GDScript backtrace (most recent call first):
       [0] get_obstacle_ids_at_point (res://battle/geometry/battlefield_geometry.gd:585)
       [1] get_movement_blocking_obstacle_id_at (res://battle/geometry/battlefield_geometry.gd:259)
       [2] _blocking_obstacle_at (res://battle/geometry/battle_spatial_service.gd:414)
       [3] resolve_translation (res://battle/geometry/battle_spatial_service.gd:65)
       [4] _advance_participant (res://battle/runtime/battle_movement_service.gd:103)
       [5] advance (res://battle/runtime/battle_movement_service.gd:52)
       [6] _advance_validated (res://battle/runtime/battle_runtime_service.gd:152)
       [7] advance (res://battle/runtime/battle_runtime_service.gd:28)
       [8] _process (res://gameplay/arsenal_review.gd:203)
SCRIPT ERROR: Trying to assign an array of type "Array" to a variable of type "Array[String]".
   at: BattlefieldGeometry.get_obstacle_ids_at_point (res://battle/geometry/battlefield_geometry.gd:585)
   GDScript backtrace (most recent call first):
       [0] get_obstacle_ids_at_point (res://battle/geometry/battlefield_geometry.gd:585)
       [1] get_obstacle_ids_in_rect (res://battle/geometry/battlefield_geometry.gd:599)
       [2] _resolve_legal_translation (res://battle/geometry/battle_spatial_service.gd:245)
       [3] resolve_translation (res://battle/geometry/battle_spatial_service.gd:95)
       [4] _advance_participant (res://battle/runtime/battle_movement_service.gd:103)
       [5] advance (res://battle/runtime/battle_movement_service.gd:52)
       [6] _advance_validated (res://battle/runtime/battle_runtime_service.gd:152)
       [7] advance (res://battle/runtime/battle_runtime_service.gd:28)
       [8] _process (res://gameplay/arsenal_review.gd:203)
SCRIPT ERROR: Trying to assign an array of type "Array" to a variable of type "Array[String]".
   at: BattlefieldGeometry.get_obstacle_ids_at_point (res://battle/geometry/battlefield_geometry.gd:585)
   GDScript backtrace (most recent call first):
       [0] get_obstacle_ids_at_point (res://battle/geometry/battlefield_geometry.gd:585)
       [1] get_movement_blocking_obstacle_id_at (res://battle/geometry/battlefield_geometry.gd:259)
       [2] _blocking_obstacle_at (res://battle/geometry/battle_spatial_service.gd:414)
       [3] _resolve_legal_translation (res://battle/geometry/battle_spatial_service.gd:294)
       [4] resolve_translation (res://battle/geometry/battle_spatial_service.gd:95)
       [5] _advance_participant (res://battle/runtime/battle_movement_service.gd:103)
       [6] advance (res://battle/runtime/battle_movement_service.gd:52)
       [7] _advance_validated (res://battle/runtime/battle_runtime_service.gd:152)
       [8] advance (res://battle/runtime/battle_runtime_service.gd:28)
       [9] _process (res://gameplay/arsenal_review.gd:203)
SCRIPT ERROR: Trying to assign an array of type "Array" to a variable of type "Array[String]".
   at: BattlefieldGeometry.get_obstacle_ids_at_point (res://battle/geometry/battlefield_geometry.gd:585)
   GDScript backtrace (most recent call first):
       [0] get_obstacle_ids_at_point (res://battle/geometry/battlefield_geometry.gd:585)
       [1] get_movement_blocking_obstacle_id_at (res://battle/geometry/battlefield_geometry.gd:259)
       [2] _blocking_obstacle_at (res://battle/geometry/battle_spatial_service.gd:414)
       [3] resolve_translation (res://battle/geometry/battle_spatial_service.gd:65)
       [4] _advance_participant (res://battle/runtime/battle_movement_service.gd:103)
       [5] advance (res://battle/runtime/battle_movement_service.gd:52)
       [6] _advance_validated (res://battle/runtime/battle_runtime_service.gd:152)
       [7] advance (res://battle/runtime/battle_runtime_service.gd:28)
       [8] _process (res://gameplay/arsenal_review.gd:203)
SCRIPT ERROR: Trying to assign an array of type "Array" to a variable of type "Array[String]".
   at: BattlefieldGeometry.get_obstacle_ids_at_point (res://battle/geometry/battlefield_geometry.gd:585)
   GDScript backtrace (most recent call first):
       [0] get_obstacle_ids_at_point (res://battle/geometry/battlefield_geometry.gd:585)
       [1] get_obstacle_ids_in_rect (res://battle/geometry/battlefield_geometry.gd:599)
       [2] _resolve_legal_translation (res://battle/geometry/battle_spatial_service.gd:245)
       [3] resolve_translation (res://battle/geometry/battle_spatial_service.gd:95)
       [4] _advance_participant (res://battle/runtime/battle_movement_service.gd:103)
       [5] advance (res://battle/runtime/battle_movement_service.gd:52)
       [6] _advance_validated (res://battle/runtime/battle_runtime_service.gd:152)
       [7] advance (res://battle/runtime/battle_runtime_service.gd:28)
       [8] _process (res://gameplay/arsenal_review.gd:203)
SCRIPT ERROR: Trying to assign an array of type "Array" to a variable of type "Array[String]".
   at: BattlefieldGeometry.get_obstacle_ids_at_point (res://battle/geometry/battlefield_geometry.gd:585)
   GDScript backtrace (most recent call first):
       [0] get_obstacle_ids_at_point (res://battle/geometry/battlefield_geometry.gd:585)
       [1] get_movement_blocking_obstacle_id_at (res://battle/geometry/battlefield_geometry.gd:259)
       [2] _blocking_obstacle_at (res://battle/geometry/battle_spatial_service.gd:414)
       [3] _resolve_legal_translation (res://battle/geometry/battle_spatial_service.gd:294)
       [4] resolve_translation (res://battle/geometry/battle_spatial_service.gd:95)
       [5] _advance_participant (res://battle/runtime/battle_movement_service.gd:103)
       [6] advance (res://battle/runtime/battle_movement_service.gd:52)
       [7] _advance_validated (res://battle/runtime/battle_runtime_service.gd:152)
       [8] advance (res://battle/runtime/battle_runtime_service.gd:28)
       [9] _process (res://gameplay/arsenal_review.gd:203)
SCRIPT ERROR: Trying to assign an array of type "Array" to a variable of type "Array[String]".
   at: BattlefieldGeometry.get_obstacle_ids_at_point (res://battle/geometry/battlefield_geometry.gd:585)
   GDScript backtrace (most recent call first):
       [0] get_obstacle_ids_at_point (res://battle/geometry/battlefield_geometry.gd:585)
       [1] get_obstacle_ids_in_rect (res://battle/geometry/battlefield_geometry.gd:599)
       [2] _trace_segment (res://battle/combat/battle_line_of_sight_service.gd:191)
       [3] _trace_segment_cached (res://battle/combat/battle_line_of_sight_service.gd:143)
       [4] check_participant_to_participant (res://battle/combat/battle_line_of_sight_service.gd:57)
       [5] _healthy_no_role_cover_key (res://battle/combat/battle_combat_behavior_service.gd:1772)
       [6] _healthy_keep_no_role_cover_decision (res://battle/combat/battle_combat_behavior_service.gd:1844)
       [7] _update_healthy_role_cover_behavior (res://battle/combat/battle_combat_behavior_service.gd:893)
       [8] advance (res://battle/combat/battle_combat_behavior_service.gd:242)
       [9] _advance_validated (res://battle/runtime/battle_runtime_service.gd:116)
       [10] advance (res://battle/runtime/battle_runtime_service.gd:28)
       [11] _process (res://gameplay/arsenal_review.gd:203)
SCRIPT ERROR: Trying to assign an array of type "Array" to a variable of type "Array[String]".
   at: BattlefieldGeometry.get_obstacle_ids_at_point (res://battle/geometry/battlefield_geometry.gd:585)
   GDScript backtrace (most recent call first):
       [0] get_obstacle_ids_at_point (res://battle/geometry/battlefield_geometry.gd:585)
       [1] get_movement_blocking_obstacle_id_at (res://battle/geometry/battlefield_geometry.gd:259)
       [2] cover_hustle_multiplier (res://battle/runtime/battle_movement_service.gd:164)
       [3] _advance_participant (res://battle/runtime/battle_movement_service.gd:78)
       [4] advance (res://battle/runtime/battle_movement_service.gd:52)
       [5] _advance_validated (res://battle/runtime/battle_runtime_service.gd:152)
       [6] advance (res://battle/runtime/battle_runtime_service.gd:28)
       [7] _process (res://gameplay/arsenal_review.gd:203)
SCRIPT ERROR: Trying to assign an array of type "Array" to a variable of type "Array[String]".
   at: BattlefieldGeometry.get_obstacle_ids_at_point (res://battle/geometry/battlefield_geometry.gd:585)
   GDScript backtrace (most recent call first):
       [0] get_obstacle_ids_at_point (res://battle/geometry/battlefield_geometry.gd:585)
       [1] get_movement_blocking_obstacle_id_at (res://battle/geometry/battlefield_geometry.gd:259)
       [2] _blocking_obstacle_at (res://battle/geometry/battle_spatial_service.gd:414)
       [3] resolve_translation (res://battle/geometry/battle_spatial_service.gd:65)
       [4] _advance_participant (res://battle/runtime/battle_movement_service.gd:103)
       [5] advance (res://battle/runtime/battle_movement_service.gd:52)
       [6] _advance_validated (res://battle/runtime/battle_runtime_service.gd:152)
       [7] advance (res://battle/runtime/battle_runtime_service.gd:28)
       [8] _process (res://gameplay/arsenal_review.gd:203)
SCRIPT ERROR: Trying to assign an array of type "Array" to a variable of type "Array[String]".
   at: BattlefieldGeometry.get_obstacle_ids_at_point (res://battle/geometry/battlefield_geometry.gd:585)
   GDScript backtrace (most recent call first):
       [0] get_obstacle_ids_at_point (res://battle/geometry/battlefield_geometry.gd:585)
       [1] get_obstacle_ids_in_rect (res://battle/geometry/battlefield_geometry.gd:599)
       [2] _resolve_legal_translation (res://battle/geometry/battle_spatial_service.gd:245)
       [3] resolve_translation (res://battle/geometry/battle_spatial_service.gd:95)
       [4] _advance_participant (res://battle/runtime/battle_movement_service.gd:103)
       [5] advance (res://battle/runtime/battle_movement_service.gd:52)
       [6] _advance_validated (res://battle/runtime/battle_runtime_service.gd:152)
       [7] advance (res://battle/runtime/battle_runtime_service.gd:28)
       [8] _process (res://gameplay/arsenal_review.gd:203)
SCRIPT ERROR: Trying to assign an array of type "Array" to a variable of type "Array[String]".
   at: BattlefieldGeometry.get_obstacle_ids_at_point (res://battle/geometry/battlefield_geometry.gd:585)
   GDScript backtrace (most recent call first):
       [0] get_obstacle_ids_at_point (res://battle/geometry/battlefield_geometry.gd:585)
       [1] get_movement_blocking_obstacle_id_at (res://battle/geometry/battlefield_geometry.gd:259)
       [2] _blocking_obstacle_at (res://battle/geometry/battle_spatial_service.gd:414)
       [3] _resolve_legal_translation (res://battle/geometry/battle_spatial_service.gd:294)
       [4] resolve_translation (res://battle/geometry/battle_spatial_service.gd:95)
       [5] _advance_participant (res://battle/runtime/battle_movement_service.gd:103)
       [6] advance (res://battle/runtime/battle_movement_service.gd:52)
       [7] _advance_validated (res://battle/runtime/battle_runtime_service.gd:152)
       [8] advance (res://battle/runtime/battle_runtime_service.gd:28)
       [9] _process (res://gameplay/arsenal_review.gd:203)
SCRIPT ERROR: Trying to assign an array of type "Array" to a variable of type "Array[String]".
   at: BattlefieldGeometry.get_obstacle_ids_at_point (res://battle/geometry/battlefield_geometry.gd:585)
   GDScript backtrace (most recent call first):
       [0] get_obstacle_ids_at_point (res://battle/geometry/battlefield_geometry.gd:585)
       [1] get_movement_blocking_obstacle_id_at (res://battle/geometry/battlefield_geometry.gd:259)
       [2] _blocking_obstacle_at (res://battle/geometry/battle_spatial_service.gd:414)
       [3] resolve_translation (res://battle/geometry/battle_spatial_service.gd:65)
       [4] _advance_participant (res://battle/runtime/battle_movement_service.gd:103)
       [5] advance (res://battle/runtime/battle_movement_service.gd:52)
       [6] _advance_validated (res://battle/runtime/battle_runtime_service.gd:152)
       [7] advance (res://battle/runtime/battle_runtime_service.gd:28)
       [8] _process (res://gameplay/arsenal_review.gd:203)
SCRIPT ERROR: Trying to assign an array of type "Array" to a variable of type "Array[String]".
   at: BattlefieldGeometry.get_obstacle_ids_at_point (res://battle/geometry/battlefield_geometry.gd:585)
   GDScript backtrace (most recent call first):
       [0] get_obstacle_ids_at_point (res://battle/geometry/battlefield_geometry.gd:585)
       [1] get_obstacle_ids_in_rect (res://battle/geometry/battlefield_geometry.gd:599)
       [2] _resolve_legal_translation (res://battle/geometry/battle_spatial_service.gd:245)
       [3] resolve_translation (res://battle/geometry/battle_spatial_service.gd:95)
       [4] _advance_participant (res://battle/runtime/battle_movement_service.gd:103)
       [5] advance (res://battle/runtime/battle_movement_service.gd:52)
       [6] _advance_validated (res://battle/runtime/battle_runtime_service.gd:152)
       [7] advance (res://battle/runtime/battle_runtime_service.gd:28)
       [8] _process (res://gameplay/arsenal_review.gd:203)
SCRIPT ERROR: Trying to assign an array of type "Array" to a variable of type "Array[String]".
   at: BattlefieldGeometry.get_obstacle_ids_at_point (res://battle/geometry/battlefield_geometry.gd:585)
   GDScript backtrace (most recent call first):
       [0] get_obstacle_ids_at_point (res://battle/geometry/battlefield_geometry.gd:585)
       [1] get_movement_blocking_obstacle_id_at (res://battle/geometry/battlefield_geometry.gd:259)
       [2] _blocking_obstacle_at (res://battle/geometry/battle_spatial_service.gd:414)
       [3] _resolve_legal_translation (res://battle/geometry/battle_spatial_service.gd:294)
       [4] resolve_translation (res://battle/geometry/battle_spatial_service.gd:95)
       [5] _advance_participant (res://battle/runtime/battle_movement_service.gd:103)
       [6] advance (res://battle/runtime/battle_movement_service.gd:52)
       [7] _advance_validated (res://battle/runtime/battle_runtime_service.gd:152)
       [8] advance (res://battle/runtime/battle_runtime_service.gd:28)
       [9] _process (res://gameplay/arsenal_review.gd:203)
SCRIPT ERROR: Trying to assign an array of type "Array" to a variable of type "Array[String]".
   at: BattlefieldGeometry.get_obstacle_ids_at_point (res://battle/geometry/battlefield_geometry.gd:585)
   GDScript backtrace (most recent call first):
       [0] get_obstacle_ids_at_point (res://battle/geometry/battlefield_geometry.gd:585)
       [1] get_obstacle_ids_in_rect (res://battle/geometry/battlefield_geometry.gd:599)
       [2] _trace_segment (res://battle/combat/battle_line_of_sight_service.gd:191)
       [3] _trace_segment_cached (res://battle/combat/battle_line_of_sight_service.gd:143)
       [4] check_participant_to_participant (res://battle/combat/battle_line_of_sight_service.gd:57)
       [5] _healthy_no_role_cover_key (res://battle/combat/battle_combat_behavior_service.gd:1772)
       [6] _healthy_keep_no_role_cover_decision (res://battle/combat/battle_combat_behavior_service.gd:1844)
       [7] _update_healthy_role_cover_behavior (res://battle/combat/battle_combat_behavior_service.gd:893)
       [8] advance (res://battle/combat/battle_combat_behavior_service.gd:242)
       [9] _advance_validated (res://battle/runtime/battle_runtime_service.gd:116)
       [10] advance (res://battle/runtime/battle_runtime_service.gd:28)
       [11] _process (res://gameplay/arsenal_review.gd:203)
SCRIPT ERROR: Trying to assign an array of type "Array" to a variable of type "Array[String]".
   at: BattlefieldGeometry.get_obstacle_ids_at_point (res://battle/geometry/battlefield_geometry.gd:585)
   GDScript backtrace (most recent call first):
       [0] get_obstacle_ids_at_point (res://battle/geometry/battlefield_geometry.gd:585)
       [1] get_movement_blocking_obstacle_id_at (res://battle/geometry/battlefield_geometry.gd:259)
       [2] cover_hustle_multiplier (res://battle/runtime/battle_movement_service.gd:164)
       [3] _advance_participant (res://battle/runtime/battle_movement_service.gd:78)
       [4] advance (res://battle/runtime/battle_movement_service.gd:52)
       [5] _advance_validated (res://battle/runtime/battle_runtime_service.gd:152)
       [6] advance (res://battle/runtime/battle_runtime_service.gd:28)
       [7] _process (res://gameplay/arsenal_review.gd:203)
SCRIPT ERROR: Trying to assign an array of type "Array" to a variable of type "Array[String]".
   at: BattlefieldGeometry.get_obstacle_ids_at_point (res://battle/geometry/battlefield_geometry.gd:585)
   GDScript backtrace (most recent call first):
       [0] get_obstacle_ids_at_point (res://battle/geometry/battlefield_geometry.gd:585)
       [1] get_movement_blocking_obstacle_id_at (res://battle/geometry/battlefield_geometry.gd:259)
       [2] _blocking_obstacle_at (res://battle/geometry/battle_spatial_service.gd:414)
       [3] resolve_translation (res://battle/geometry/battle_spatial_service.gd:65)
       [4] _advance_participant (res://battle/runtime/battle_movement_service.gd:103)
       [5] advance (res://battle/runtime/battle_movement_service.gd:52)
       [6] _advance_validated (res://battle/runtime/battle_runtime_service.gd:152)
       [7] advance (res://battle/runtime/battle_runtime_service.gd:28)
       [8] _process (res://gameplay/arsenal_review.gd:203)
SCRIPT ERROR: Trying to assign an array of type "Array" to a variable of type "Array[String]".
   at: BattlefieldGeometry.get_obstacle_ids_at_point (res://battle/geometry/battlefield_geometry.gd:585)
   GDScript backtrace (most recent call first):
       [0] get_obstacle_ids_at_point (res://battle/geometry/battlefield_geometry.gd:585)
       [1] get_obstacle_ids_in_rect (res://battle/geometry/battlefield_geometry.gd:599)
       [2] _resolve_legal_translation (res://battle/geometry/battle_spatial_service.gd:245)
       [3] resolve_translation (res://battle/geometry/battle_spatial_service.gd:95)
       [4] _advance_participant (res://battle/runtime/battle_movement_service.gd:103)
       [5] advance (res://battle/runtime/battle_movement_service.gd:52)
       [6] _advance_validated (res://battle/runtime/battle_runtime_service.gd:152)
       [7] advance (res://battle/runtime/battle_runtime_service.gd:28)
       [8] _process (res://gameplay/arsenal_review.gd:203)
SCRIPT ERROR: Trying to assign an array of type "Array" to a variable of type "Array[String]".
   at: BattlefieldGeometry.get_obstacle_ids_at_point (res://battle/geometry/battlefield_geometry.gd:585)
   GDScript backtrace (most recent call first):
       [0] get_obstacle_ids_at_point (res://battle/geometry/battlefield_geometry.gd:585)
       [1] get_movement_blocking_obstacle_id_at (res://battle/geometry/battlefield_geometry.gd:259)
       [2] _blocking_obstacle_at (res://battle/geometry/battle_spatial_service.gd:414)
       [3] _resolve_legal_translation (res://battle/geometry/battle_spatial_service.gd:294)
       [4] resolve_translation (res://battle/geometry/battle_spatial_service.gd:95)
       [5] _advance_participant (res://battle/runtime/battle_movement_service.gd:103)
       [6] advance (res://battle/runtime/battle_movement_service.gd:52)
       [7] _advance_validated (res://battle/runtime/battle_runtime_service.gd:152)
       [8] advance (res://battle/runtime/battle_runtime_service.gd:28)
       [9] _process (res://gameplay/arsenal_review.gd:203)
SCRIPT ERROR: Trying to assign an array of type "Array" to a variable of type "Array[String]".
   at: BattlefieldGeometry.get_obstacle_ids_at_point (res://battle/geometry/battlefield_geometry.gd:585)
   GDScript backtrace (most recent call first):
       [0] get_obstacle_ids_at_point (res://battle/geometry/battlefield_geometry.gd:585)
       [1] get_movement_blocking_obstacle_id_at (res://battle/geometry/battlefield_geometry.gd:259)
       [2] _blocking_obstacle_at (res://battle/geometry/battle_spatial_service.gd:414)
       [3] resolve_translation (res://battle/geometry/battle_spatial_service.gd:65)
       [4] _advance_participant (res://battle/runtime/battle_movement_service.gd:103)
       [5] advance (res://battle/runtime/battle_movement_service.gd:52)
       [6] _advance_validated (res://battle/runtime/battle_runtime_service.gd:152)
       [7] advance (res://battle/runtime/battle_runtime_service.gd:28)
       [8] _process (res://gameplay/arsenal_review.gd:203)
SCRIPT ERROR: Trying to assign an array of type "Array" to a variable of type "Array[String]".
   at: BattlefieldGeometry.get_obstacle_ids_at_point (res://battle/geometry/battlefield_geometry.gd:585)
   GDScript backtrace (most recent call first):
       [0] get_obstacle_ids_at_point (res://battle/geometry/battlefield_geometry.gd:585)
       [1] get_obstacle_ids_in_rect (res://battle/geometry/battlefield_geometry.gd:599)
       [2] _resolve_legal_translation (res://battle/geometry/battle_spatial_service.gd:245)
       [3] resolve_translation (res://battle/geometry/battle_spatial_service.gd:95)
       [4] _advance_participant (res://battle/runtime/battle_movement_service.gd:103)
       [5] advance (res://battle/runtime/battle_movement_service.gd:52)
       [6] _advance_validated (res://battle/runtime/battle_runtime_service.gd:152)
       [7] advance (res://battle/runtime/battle_runtime_service.gd:28)
       [8] _process (res://gameplay/arsenal_review.gd:203)
SCRIPT ERROR: Trying to assign an array of type "Array" to a variable of type "Array[String]".
   at: BattlefieldGeometry.get_obstacle_ids_at_point (res://battle/geometry/battlefield_geometry.gd:585)
   GDScript backtrace (most recent call first):
       [0] get_obstacle_ids_at_point (res://battle/geometry/battlefield_geometry.gd:585)
       [1] get_movement_blocking_obstacle_id_at (res://battle/geometry/battlefield_geometry.gd:259)
       [2] _blocking_obstacle_at (res://battle/geometry/battle_spatial_service.gd:414)
       [3] _resolve_legal_translation (res://battle/geometry/battle_spatial_service.gd:294)
       [4] resolve_translation (res://battle/geometry/battle_spatial_service.gd:95)
       [5] _advance_participant (res://battle/runtime/battle_movement_service.gd:103)
       [6] advance (res://battle/runtime/battle_movement_service.gd:52)
       [7] _advance_validated (res://battle/runtime/battle_runtime_service.gd:152)
       [8] advance (res://battle/runtime/battle_runtime_service.gd:28)
       [9] _process (res://gameplay/arsenal_review.gd:203)
SCRIPT ERROR: Trying to assign an array of type "Array" to a variable of type "Array[String]".
   at: BattlefieldGeometry.get_obstacle_ids_at_point (res://battle/geometry/battlefield_geometry.gd:585)
   GDScript backtrace (most recent call first):
       [0] get_obstacle_ids_at_point (res://battle/geometry/battlefield_geometry.gd:585)
       [1] get_obstacle_ids_in_rect (res://battle/geometry/battlefield_geometry.gd:599)
       [2] _trace_segment (res://battle/combat/battle_line_of_sight_service.gd:191)
       [3] _trace_segment_cached (res://battle/combat/battle_line_of_sight_service.gd:143)
       [4] check_participant_to_participant (res://battle/combat/battle_line_of_sight_service.gd:57)
       [5] _healthy_no_role_cover_key (res://battle/combat/battle_combat_behavior_service.gd:1772)
       [6] _healthy_keep_no_role_cover_decision (res://battle/combat/battle_combat_behavior_service.gd:1844)
       [7] _update_healthy_role_cover_behavior (res://battle/combat/battle_combat_behavior_service.gd:893)
       [8] advance (res://battle/combat/battle_combat_behavior_service.gd:242)
       [9] _advance_validated (res://battle/runtime/battle_runtime_service.gd:116)
       [10] advance (res://battle/runtime/battle_runtime_service.gd:28)
       [11] _process (res://gameplay/arsenal_review.gd:203)
SCRIPT ERROR: Trying to assign an array of type "Array" to a variable of type "Array[String]".
   at: BattlefieldGeometry.get_obstacle_ids_at_point (res://battle/geometry/battlefield_geometry.gd:585)
   GDScript backtrace (most recent call first):
       [0] get_obstacle_ids_at_point (res://battle/geometry/battlefield_geometry.gd:585)
       [1] get_movement_blocking_obstacle_id_at (res://battle/geometry/battlefield_geometry.gd:259)
       [2] cover_hustle_multiplier (res://battle/runtime/battle_movement_service.gd:164)
       [3] _advance_participant (res://battle/runtime/battle_movement_service.gd:78)
       [4] advance (res://battle/runtime/battle_movement_service.gd:52)
       [5] _advance_validated (res://battle/runtime/battle_runtime_service.gd:152)
       [6] advance (res://battle/runtime/battle_runtime_service.gd:28)
       [7] _process (res://gameplay/arsenal_review.gd:203)
SCRIPT ERROR: Trying to assign an array of type "Array" to a variable of type "Array[String]".
   at: BattlefieldGeometry.get_obstacle_ids_at_point (res://battle/geometry/battlefield_geometry.gd:585)
   GDScript backtrace (most recent call first):
       [0] get_obstacle_ids_at_point (res://battle/geometry/battlefield_geometry.gd:585)
       [1] get_movement_blocking_obstacle_id_at (res://battle/geometry/battlefield_geometry.gd:259)
       [2] _blocking_obstacle_at (res://battle/geometry/battle_spatial_service.gd:414)
       [3] resolve_translation (res://battle/geometry/battle_spatial_service.gd:65)
       [4] _advance_participant (res://battle/runtime/battle_movement_service.gd:103)
       [5] advance (res://battle/runtime/battle_movement_service.gd:52)
       [6] _advance_validated (res://battle/runtime/battle_runtime_service.gd:152)
       [7] advance (res://battle/runtime/battle_runtime_service.gd:28)
       [8] _process (res://gameplay/arsenal_review.gd:203)
SCRIPT ERROR: Trying to assign an array of type "Array" to a variable of type "Array[String]".
   at: BattlefieldGeometry.get_obstacle_ids_at_point (res://battle/geometry/battlefield_geometry.gd:585)
   GDScript backtrace (most recent call first):
       [0] get_obstacle_ids_at_point (res://battle/geometry/battlefield_geometry.gd:585)
       [1] get_obstacle_ids_in_rect (res://battle/geometry/battlefield_geometry.gd:599)
       [2] _resolve_legal_translation (res://battle/geometry/battle_spatial_service.gd:245)
       [3] resolve_translation (res://battle/geometry/battle_spatial_service.gd:95)
       [4] _advance_participant (res://battle/runtime/battle_movement_service.gd:103)
       [5] advance (res://battle/runtime/battle_movement_service.gd:52)
       [6] _advance_validated (res://battle/runtime/battle_runtime_service.gd:152)
       [7] advance (res://battle/runtime/battle_runtime_service.gd:28)
       [8] _process (res://gameplay/arsenal_review.gd:203)
SCRIPT ERROR: Trying to assign an array of type "Array" to a variable of type "Array[String]".
   at: BattlefieldGeometry.get_obstacle_ids_at_point (res://battle/geometry/battlefield_geometry.gd:585)
   GDScript backtrace (most recent call first):
       [0] get_obstacle_ids_at_point (res://battle/geometry/battlefield_geometry.gd:585)
       [1] get_movement_blocking_obstacle_id_at (res://battle/geometry/battlefield_geometry.gd:259)
       [2] _blocking_obstacle_at (res://battle/geometry/battle_spatial_service.gd:414)
       [3] _resolve_legal_translation (res://battle/geometry/battle_spatial_service.gd:294)
       [4] resolve_translation (res://battle/geometry/battle_spatial_service.gd:95)
       [5] _advance_participant (res://battle/runtime/battle_movement_service.gd:103)
       [6] advance (res://battle/runtime/battle_movement_service.gd:52)
       [7] _advance_validated (res://battle/runtime/battle_runtime_service.gd:152)
       [8] advance (res://battle/runtime/battle_runtime_service.gd:28)
       [9] _process (res://gameplay/arsenal_review.gd:203)
SCRIPT ERROR: Trying to assign an array of type "Array" to a variable of type "Array[String]".
   at: BattlefieldGeometry.get_obstacle_ids_at_point (res://battle/geometry/battlefield_geometry.gd:585)
   GDScript backtrace (most recent call first):
       [0] get_obstacle_ids_at_point (res://battle/geometry/battlefield_geometry.gd:585)
       [1] get_movement_blocking_obstacle_id_at (res://battle/geometry/battlefield_geometry.gd:259)
       [2] _blocking_obstacle_at (res://battle/geometry/battle_spatial_service.gd:414)
       [3] resolve_translation (res://battle/geometry/battle_spatial_service.gd:65)
       [4] _advance_participant (res://battle/runtime/battle_movement_service.gd:103)
       [5] advance (res://battle/runtime/battle_movement_service.gd:52)
       [6] _advance_validated (res://battle/runtime/battle_runtime_service.gd:152)
       [7] advance (res://battle/runtime/battle_runtime_service.gd:28)
       [8] _process (res://gameplay/arsenal_review.gd:203)
SCRIPT ERROR: Trying to assign an array of type "Array" to a variable of type "Array[String]".
   at: BattlefieldGeometry.get_obstacle_ids_at_point (res://battle/geometry/battlefield_geometry.gd:585)
   GDScript backtrace (most recent call first):
       [0] get_obstacle_ids_at_point (res://battle/geometry/battlefield_geometry.gd:585)
       [1] get_obstacle_ids_in_rect (res://battle/geometry/battlefield_geometry.gd:599)
       [2] _resolve_legal_translation (res://battle/geometry/battle_spatial_service.gd:245)
       [3] resolve_translation (res://battle/geometry/battle_spatial_service.gd:95)
       [4] _advance_participant (res://battle/runtime/battle_movement_service.gd:103)
       [5] advance (res://battle/runtime/battle_movement_service.gd:52)
       [6] _advance_validated (res://battle/runtime/battle_runtime_service.gd:152)
       [7] advance (res://battle/runtime/battle_runtime_service.gd:28)
       [8] _process (res://gameplay/arsenal_review.gd:203)
SCRIPT ERROR: Trying to assign an array of type "Array" to a variable of type "Array[String]".
   at: BattlefieldGeometry.get_obstacle_ids_at_point (res://battle/geometry/battlefield_geometry.gd:585)
   GDScript backtrace (most recent call first):
       [0] get_obstacle_ids_at_point (res://battle/geometry/battlefield_geometry.gd:585)
       [1] get_movement_blocking_obstacle_id_at (res://battle/geometry/battlefield_geometry.gd:259)
       [2] _blocking_obstacle_at (res://battle/geometry/battle_spatial_service.gd:414)
       [3] _resolve_legal_translation (res://battle/geometry/battle_spatial_service.gd:294)
       [4] resolve_translation (res://battle/geometry/battle_spatial_service.gd:95)
       [5] _advance_participant (res://battle/runtime/battle_movement_service.gd:103)
       [6] advance (res://battle/runtime/battle_movement_service.gd:52)
       [7] _advance_validated (res://battle/runtime/battle_runtime_service.gd:152)
       [8] advance (res://battle/runtime/battle_runtime_service.gd:28)
       [9] _process (res://gameplay/arsenal_review.gd:203)
SCRIPT ERROR: Trying to assign an array of type "Array" to a variable of type "Array[String]".
   at: BattlefieldGeometry.get_obstacle_ids_at_point (res://battle/geometry/battlefield_geometry.gd:585)
   GDScript backtrace (most recent call first):
       [0] get_obstacle_ids_at_point (res://battle/geometry/battlefield_geometry.gd:585)
       [1] get_obstacle_ids_in_rect (res://battle/geometry/battlefield_geometry.gd:599)
       [2] _trace_segment (res://battle/combat/battle_line_of_sight_service.gd:191)
       [3] _trace_segment_cached (res://battle/combat/battle_line_of_sight_service.gd:143)
       [4] check_participant_to_participant (res://battle/combat/battle_line_of_sight_service.gd:57)
       [5] _healthy_no_role_cover_key (res://battle/combat/battle_combat_behavior_service.gd:1772)
       [6] _healthy_keep_no_role_cover_decision (res://battle/combat/battle_combat_behavior_service.gd:1844)
       [7] _update_healthy_role_cover_behavior (res://battle/combat/battle_combat_behavior_service.gd:893)
       [8] advance (res://battle/combat/battle_combat_behavior_service.gd:242)
       [9] _advance_validated (res://battle/runtime/battle_runtime_service.gd:116)
       [10] advance (res://battle/runtime/battle_runtime_service.gd:28)
       [11] _process (res://gameplay/arsenal_review.gd:203)
SCRIPT ERROR: Trying to assign an array of type "Array" to a variable of type "Array[String]".
   at: BattlefieldGeometry.get_obstacle_ids_at_point (res://battle/geometry/battlefield_geometry.gd:585)
   GDScript backtrace (most recent call first):
       [0] get_obstacle_ids_at_point (res://battle/geometry/battlefield_geometry.gd:585)
       [1] get_movement_blocking_obstacle_id_at (res://battle/geometry/battlefield_geometry.gd:259)
       [2] cover_hustle_multiplier (res://battle/runtime/battle_movement_service.gd:164)
       [3] _advance_participant (res://battle/runtime/battle_movement_service.gd:78)
       [4] advance (res://battle/runtime/battle_movement_service.gd:52)
       [5] _advance_validated (res://battle/runtime/battle_runtime_service.gd:152)
       [6] advance (res://battle/runtime/battle_runtime_service.gd:28)
       [7] _process (res://gameplay/arsenal_review.gd:203)
SCRIPT ERROR: Trying to assign an array of type "Array" to a variable of type "Array[String]".
   at: BattlefieldGeometry.get_obstacle_ids_at_point (res://battle/geometry/battlefield_geometry.gd:585)
   GDScript backtrace (most recent call first):
       [0] get_obstacle_ids_at_point (res://battle/geometry/battlefield_geometry.gd:585)
       [1] get_movement_blocking_obstacle_id_at (res://battle/geometry/battlefield_geometry.gd:259)
       [2] _blocking_obstacle_at (res://battle/geometry/battle_spatial_service.gd:414)
       [3] resolve_translation (res://battle/geometry/battle_spatial_service.gd:65)
       [4] _advance_participant (res://battle/runtime/battle_movement_service.gd:103)
       [5] advance (res://battle/runtime/battle_movement_service.gd:52)
       [6] _advance_validated (res://battle/runtime/battle_runtime_service.gd:152)
       [7] advance (res://battle/runtime/battle_runtime_service.gd:28)
       [8] _process (res://gameplay/arsenal_review.gd:203)
SCRIPT ERROR: Trying to assign an array of type "Array" to a variable of type "Array[String]".
   at: BattlefieldGeometry.get_obstacle_ids_at_point (res://battle/geometry/battlefield_geometry.gd:585)
   GDScript backtrace (most recent call first):
       [0] get_obstacle_ids_at_point (res://battle/geometry/battlefield_geometry.gd:585)
       [1] get_obstacle_ids_in_rect (res://battle/geometry/battlefield_geometry.gd:599)
       [2] _resolve_legal_translation (res://battle/geometry/battle_spatial_service.gd:245)
       [3] resolve_translation (res://battle/geometry/battle_spatial_service.gd:95)
       [4] _advance_participant (res://battle/runtime/battle_movement_service.gd:103)
       [5] advance (res://battle/runtime/battle_movement_service.gd:52)
       [6] _advance_validated (res://battle/runtime/battle_runtime_service.gd:152)
       [7] advance (res://battle/runtime/battle_runtime_service.gd:28)
       [8] _process (res://gameplay/arsenal_review.gd:203)
SCRIPT ERROR: Trying to assign an array of type "Array" to a variable of type "Array[String]".
   at: BattlefieldGeometry.get_obstacle_ids_at_point (res://battle/geometry/battlefield_geometry.gd:585)
   GDScript backtrace (most recent call first):
       [0] get_obstacle_ids_at_point (res://battle/geometry/battlefield_geometry.gd:585)
       [1] get_movement_blocking_obstacle_id_at (res://battle/geometry/battlefield_geometry.gd:259)
       [2] _blocking_obstacle_at (res://battle/geometry/battle_spatial_service.gd:414)
       [3] _resolve_legal_translation (res://battle/geometry/battle_spatial_service.gd:294)
       [4] resolve_translation (res://battle/geometry/battle_spatial_service.gd:95)
       [5] _advance_participant (res://battle/runtime/battle_movement_service.gd:103)
       [6] advance (res://battle/runtime/battle_movement_service.gd:52)
       [7] _advance_validated (res://battle/runtime/battle_runtime_service.gd:152)
       [8] advance (res://battle/runtime/battle_runtime_service.gd:28)
       [9] _process (res://gameplay/arsenal_review.gd:203)
SCRIPT ERROR: Trying to assign an array of type "Array" to a variable of type "Array[String]".
   at: BattlefieldGeometry.get_obstacle_ids_at_point (res://battle/geometry/battlefield_geometry.gd:585)
   GDScript backtrace (most recent call first):
       [0] get_obstacle_ids_at_point (res://battle/geometry/battlefield_geometry.gd:585)
       [1] get_movement_blocking_obstacle_id_at (res://battle/geometry/battlefield_geometry.gd:259)
       [2] _blocking_obstacle_at (res://battle/geometry/battle_spatial_service.gd:414)
       [3] resolve_translation (res://battle/geometry/battle_spatial_service.gd:65)
       [4] _advance_participant (res://battle/runtime/battle_movement_service.gd:103)
       [5] advance (res://battle/runtime/battle_movement_service.gd:52)
       [6] _advance_validated (res://battle/runtime/battle_runtime_service.gd:152)
       [7] advance (res://battle/runtime/battle_runtime_service.gd:28)
       [8] _process (res://gameplay/arsenal_review.gd:203)
SCRIPT ERROR: Trying to assign an array of type "Array" to a variable of type "Array[String]".
   at: BattlefieldGeometry.get_obstacle_ids_at_point (res://battle/geometry/battlefield_geometry.gd:585)
   GDScript backtrace (most recent call first):
       [0] get_obstacle_ids_at_point (res://battle/geometry/battlefield_geometry.gd:585)
       [1] get_obstacle_ids_in_rect (res://battle/geometry/battlefield_geometry.gd:599)
       [2] _resolve_legal_translation (res://battle/geometry/battle_spatial_service.gd:245)
       [3] resolve_translation (res://battle/geometry/battle_spatial_service.gd:95)
       [4] _advance_participant (res://battle/runtime/battle_movement_service.gd:103)
       [5] advance (res://battle/runtime/battle_movement_service.gd:52)
       [6] _advance_validated (res://battle/runtime/battle_runtime_service.gd:152)
       [7] advance (res://battle/runtime/battle_runtime_service.gd:28)
       [8] _process (res://gameplay/arsenal_review.gd:203)
SCRIPT ERROR: Trying to assign an array of type "Array" to a variable of type "Array[String]".
   at: BattlefieldGeometry.get_obstacle_ids_at_point (res://battle/geometry/battlefield_geometry.gd:585)
   GDScript backtrace (most recent call first):
       [0] get_obstacle_ids_at_point (res://battle/geometry/battlefield_geometry.gd:585)
       [1] get_movement_blocking_obstacle_id_at (res://battle/geometry/battlefield_geometry.gd:259)
       [2] _blocking_obstacle_at (res://battle/geometry/battle_spatial_service.gd:414)
       [3] _resolve_legal_translation (res://battle/geometry/battle_spatial_service.gd:294)
       [4] resolve_translation (res://battle/geometry/battle_spatial_service.gd:95)
       [5] _advance_participant (res://battle/runtime/battle_movement_service.gd:103)
       [6] advance (res://battle/runtime/battle_movement_service.gd:52)
       [7] _advance_validated (res://battle/runtime/battle_runtime_service.gd:152)
       [8] advance (res://battle/runtime/battle_runtime_service.gd:28)
       [9] _process (res://gameplay/arsenal_review.gd:203)
SCRIPT ERROR: Trying to assign an array of type "Array" to a variable of type "Array[String]".
   at: BattlefieldGeometry.get_obstacle_ids_at_point (res://battle/geometry/battlefield_geometry.gd:585)
   GDScript backtrace (most recent call first):
       [0] get_obstacle_ids_at_point (res://battle/geometry/battlefield_geometry.gd:585)
       [1] get_obstacle_ids_in_rect (res://battle/geometry/battlefield_geometry.gd:599)
       [2] _trace_segment (res://battle/combat/battle_line_of_sight_service.gd:191)
       [3] _trace_segment_cached (res://battle/combat/battle_line_of_sight_service.gd:143)
       [4] check_participant_to_participant (res://battle/combat/battle_line_of_sight_service.gd:57)
       [5] _healthy_no_role_cover_key (res://battle/combat/battle_combat_behavior_service.gd:1772)
       [6] _healthy_keep_no_role_cover_decision (res://battle/combat/battle_combat_behavior_service.gd:1844)
       [7] _update_healthy_role_cover_behavior (res://battle/combat/battle_combat_behavior_service.gd:893)
       [8] advance (res://battle/combat/battle_combat_behavior_service.gd:242)
       [9] _advance_validated (res://battle/runtime/battle_runtime_service.gd:116)
       [10] advance (res://battle/runtime/battle_runtime_service.gd:28)
       [11] _process (res://gameplay/arsenal_review.gd:203)
SCRIPT ERROR: Trying to assign an array of type "Array" to a variable of type "Array[String]".
   at: BattlefieldGeometry.get_obstacle_ids_at_point (res://battle/geometry/battlefield_geometry.gd:585)
   GDScript backtrace (most recent call first):
       [0] get_obstacle_ids_at_point (res://battle/geometry/battlefield_geometry.gd:585)
       [1] get_movement_blocking_obstacle_id_at (res://battle/geometry/battlefield_geometry.gd:259)
       [2] cover_hustle_multiplier (res://battle/runtime/battle_movement_service.gd:164)
       [3] _advance_participant (res://battle/runtime/battle_movement_service.gd:78)
       [4] advance (res://battle/runtime/battle_movement_service.gd:52)
       [5] _advance_validated (res://battle/runtime/battle_runtime_service.gd:152)
       [6] advance (res://battle/runtime/battle_runtime_service.gd:28)
       [7] _process (res://gameplay/arsenal_review.gd:203)
SCRIPT ERROR: Trying to assign an array of type "Array" to a variable of type "Array[String]".
   at: BattlefieldGeometry.get_obstacle_ids_at_point (res://battle/geometry/battlefield_geometry.gd:585)
   GDScript backtrace (most recent call first):
       [0] get_obstacle_ids_at_point (res://battle/geometry/battlefield_geometry.gd:585)
       [1] get_movement_blocking_obstacle_id_at (res://battle/geometry/battlefield_geometry.gd:259)
       [2] _blocking_obstacle_at (res://battle/geometry/battle_spatial_service.gd:414)
       [3] resolve_translation (res://battle/geometry/battle_spatial_service.gd:65)
       [4] _advance_participant (res://battle/runtime/battle_movement_service.gd:103)
       [5] advance (res://battle/runtime/battle_movement_service.gd:52)
       [6] _advance_validated (res://battle/runtime/battle_runtime_service.gd:152)
       [7] advance (res://battle/runtime/battle_runtime_service.gd:28)
       [8] _process (res://gameplay/arsenal_review.gd:203)
SCRIPT ERROR: Trying to assign an array of type "Array" to a variable of type "Array[String]".
   at: BattlefieldGeometry.get_obstacle_ids_at_point (res://battle/geometry/battlefield_geometry.gd:585)
   GDScript backtrace (most recent call first):
       [0] get_obstacle_ids_at_point (res://battle/geometry/battlefield_geometry.gd:585)
       [1] get_obstacle_ids_in_rect (res://battle/geometry/battlefield_geometry.gd:599)
       [2] _resolve_legal_translation (res://battle/geometry/battle_spatial_service.gd:245)
       [3] resolve_translation (res://battle/geometry/battle_spatial_service.gd:95)
       [4] _advance_participant (res://battle/runtime/battle_movement_service.gd:103)
       [5] advance (res://battle/runtime/battle_movement_service.gd:52)
       [6] _advance_validated (res://battle/runtime/battle_runtime_service.gd:152)
       [7] advance (res://battle/runtime/battle_runtime_service.gd:28)
       [8] _process (res://gameplay/arsenal_review.gd:203)
SCRIPT ERROR: Trying to assign an array of type "Array" to a variable of type "Array[String]".
   at: BattlefieldGeometry.get_obstacle_ids_at_point (res://battle/geometry/battlefield_geometry.gd:585)
   GDScript backtrace (most recent call first):
       [0] get_obstacle_ids_at_point (res://battle/geometry/battlefield_geometry.gd:585)
       [1] get_movement_blocking_obstacle_id_at (res://battle/geometry/battlefield_geometry.gd:259)
       [2] _blocking_obstacle_at (res://battle/geometry/battle_spatial_service.gd:414)
       [3] _resolve_legal_translation (res://battle/geometry/battle_spatial_service.gd:294)
       [4] resolve_translation (res://battle/geometry/battle_spatial_service.gd:95)
       [5] _advance_participant (res://battle/runtime/battle_movement_service.gd:103)
       [6] advance (res://battle/runtime/battle_movement_service.gd:52)
       [7] _advance_validated (res://battle/runtime/battle_runtime_service.gd:152)
       [8] advance (res://battle/runtime/battle_runtime_service.gd:28)
       [9] _process (res://gameplay/arsenal_review.gd:203)
SCRIPT ERROR: Trying to assign an array of type "Array" to a variable of type "Array[String]".
   at: BattlefieldGeometry.get_obstacle_ids_at_point (res://battle/geometry/battlefield_geometry.gd:585)
   GDScript backtrace (most recent call first):
       [0] get_obstacle_ids_at_point (res://battle/geometry/battlefield_geometry.gd:585)
       [1] get_movement_blocking_obstacle_id_at (res://battle/geometry/battlefield_geometry.gd:259)
       [2] _blocking_obstacle_at (res://battle/geometry/battle_spatial_service.gd:414)
       [3] resolve_translation (res://battle/geometry/battle_spatial_service.gd:65)
       [4] _advance_participant (res://battle/runtime/battle_movement_service.gd:103)
       [5] advance (res://battle/runtime/battle_movement_service.gd:52)
       [6] _advance_validated (res://battle/runtime/battle_runtime_service.gd:152)
       [7] advance (res://battle/runtime/battle_runtime_service.gd:28)
       [8] _process (res://gameplay/arsenal_review.gd:203)
SCRIPT ERROR: Trying to assign an array of type "Array" to a variable of type "Array[String]".
   at: BattlefieldGeometry.get_obstacle_ids_at_point (res://battle/geometry/battlefield_geometry.gd:585)
   GDScript backtrace (most recent call first):
       [0] get_obstacle_ids_at_point (res://battle/geometry/battlefield_geometry.gd:585)
       [1] get_obstacle_ids_in_rect (res://battle/geometry/battlefield_geometry.gd:599)
       [2] _resolve_legal_translation (res://battle/geometry/battle_spatial_service.gd:245)
       [3] resolve_translation (res://battle/geometry/battle_spatial_service.gd:95)
       [4] _advance_participant (res://battle/runtime/battle_movement_service.gd:103)
       [5] advance (res://battle/runtime/battle_movement_service.gd:52)
       [6] _advance_validated (res://battle/runtime/battle_runtime_service.gd:152)
       [7] advance (res://battle/runtime/battle_runtime_service.gd:28)
       [8] _process (res://gameplay/arsenal_review.gd:203)
SCRIPT ERROR: Trying to assign an array of type "Array" to a variable of type "Array[String]".
   at: BattlefieldGeometry.get_obstacle_ids_at_point (res://battle/geometry/battlefield_geometry.gd:585)
   GDScript backtrace (most recent call first):
       [0] get_obstacle_ids_at_point (res://battle/geometry/battlefield_geometry.gd:585)
       [1] get_movement_blocking_obstacle_id_at (res://battle/geometry/battlefield_geometry.gd:259)
       [2] _blocking_obstacle_at (res://battle/geometry/battle_spatial_service.gd:414)
       [3] _resolve_legal_translation (res://battle/geometry/battle_spatial_service.gd:294)
       [4] resolve_translation (res://battle/geometry/battle_spatial_service.gd:95)
       [5] _advance_participant (res://battle/runtime/battle_movement_service.gd:103)
       [6] advance (res://battle/runtime/battle_movement_service.gd:52)
       [7] _advance_validated (res://battle/runtime/battle_runtime_service.gd:152)
       [8] advance (res://battle/runtime/battle_runtime_service.gd:28)
       [9] _process (res://gameplay/arsenal_review.gd:203)
SCRIPT ERROR: Trying to assign an array of type "Array" to a variable of type "Array[String]".
   at: BattlefieldGeometry.get_obstacle_ids_at_point (res://battle/geometry/battlefield_geometry.gd:585)
   GDScript backtrace (most recent call first):
       [0] get_obstacle_ids_at_point (res://battle/geometry/battlefield_geometry.gd:585)
       [1] get_obstacle_ids_in_rect (res://battle/geometry/battlefield_geometry.gd:599)
       [2] _trace_segment (res://battle/combat/battle_line_of_sight_service.gd:191)
       [3] _trace_segment_cached (res://battle/combat/battle_line_of_sight_service.gd:143)
       [4] check_participant_to_participant (res://battle/combat/battle_line_of_sight_service.gd:57)
       [5] _healthy_no_role_cover_key (res://battle/combat/battle_combat_behavior_service.gd:1772)
       [6] _healthy_keep_no_role_cover_decision (res://battle/combat/battle_combat_behavior_service.gd:1844)
       [7] _update_healthy_role_cover_behavior (res://battle/combat/battle_combat_behavior_service.gd:893)
       [8] advance (res://battle/combat/battle_combat_behavior_service.gd:242)
       [9] _advance_validated (res://battle/runtime/battle_runtime_service.gd:116)
       [10] advance (res://battle/runtime/battle_runtime_service.gd:28)
       [11] _process (res://gameplay/arsenal_review.gd:203)
SCRIPT ERROR: Trying to assign an array of type "Array" to a variable of type "Array[String]".
   at: BattlefieldGeometry.get_obstacle_ids_at_point (res://battle/geometry/battlefield_geometry.gd:585)
   GDScript backtrace (most recent call first):
       [0] get_obstacle_ids_at_point (res://battle/geometry/battlefield_geometry.gd:585)
       [1] get_movement_blocking_obstacle_id_at (res://battle/geometry/battlefield_geometry.gd:259)
       [2] cover_hustle_multiplier (res://battle/runtime/battle_movement_service.gd:164)
       [3] _advance_participant (res://battle/runtime/battle_movement_service.gd:78)
       [4] advance (res://battle/runtime/battle_movement_service.gd:52)
       [5] _advance_validated (res://battle/runtime/battle_runtime_service.gd:152)
       [6] advance (res://battle/runtime/battle_runtime_service.gd:28)
       [7] _process (res://gameplay/arsenal_review.gd:203)
SCRIPT ERROR: Trying to assign an array of type "Array" to a variable of type "Array[String]".
   at: BattlefieldGeometry.get_obstacle_ids_at_point (res://battle/geometry/battlefield_geometry.gd:585)
   GDScript backtrace (most recent call first):
       [0] get_obstacle_ids_at_point (res://battle/geometry/battlefield_geometry.gd:585)
       [1] get_movement_blocking_obstacle_id_at (res://battle/geometry/battlefield_geometry.gd:259)
       [2] _blocking_obstacle_at (res://battle/geometry/battle_spatial_service.gd:414)
       [3] resolve_translation (res://battle/geometry/battle_spatial_service.gd:65)
       [4] _advance_participant (res://battle/runtime/battle_movement_service.gd:103)
       [5] advance (res://battle/runtime/battle_movement_service.gd:52)
       [6] _advance_validated (res://battle/runtime/battle_runtime_service.gd:152)
       [7] advance (res://battle/runtime/battle_runtime_service.gd:28)
       [8] _process (res://gameplay/arsenal_review.gd:203)
SCRIPT ERROR: Trying to assign an array of type "Array" to a variable of type "Array[String]".
   at: BattlefieldGeometry.get_obstacle_ids_at_point (res://battle/geometry/battlefield_geometry.gd:585)
   GDScript backtrace (most recent call first):
       [0] get_obstacle_ids_at_point (res://battle/geometry/battlefield_geometry.gd:585)
       [1] get_obstacle_ids_in_rect (res://battle/geometry/battlefield_geometry.gd:599)
       [2] _resolve_legal_translation (res://battle/geometry/battle_spatial_service.gd:245)
       [3] resolve_translation (res://battle/geometry/battle_spatial_service.gd:95)
       [4] _advance_participant (res://battle/runtime/battle_movement_service.gd:103)
       [5] advance (res://battle/runtime/battle_movement_service.gd:52)
       [6] _advance_validated (res://battle/runtime/battle_runtime_service.gd:152)
       [7] advance (res://battle/runtime/battle_runtime_service.gd:28)
       [8] _process (res://gameplay/arsenal_review.gd:203)
SCRIPT ERROR: Trying to assign an array of type "Array" to a variable of type "Array[String]".
   at: BattlefieldGeometry.get_obstacle_ids_at_point (res://battle/geometry/battlefield_geometry.gd:585)
   GDScript backtrace (most recent call first):
       [0] get_obstacle_ids_at_point (res://battle/geometry/battlefield_geometry.gd:585)
       [1] get_movement_blocking_obstacle_id_at (res://battle/geometry/battlefield_geometry.gd:259)
       [2] _blocking_obstacle_at (res://battle/geometry/battle_spatial_service.gd:414)
       [3] _resolve_legal_translation (res://battle/geometry/battle_spatial_service.gd:294)
       [4] resolve_translation (res://battle/geometry/battle_spatial_service.gd:95)
       [5] _advance_participant (res://battle/runtime/battle_movement_service.gd:103)
       [6] advance (res://battle/runtime/battle_movement_service.gd:52)
       [7] _advance_validated (res://battle/runtime/battle_runtime_service.gd:152)
       [8] advance (res://battle/runtime/battle_runtime_service.gd:28)
       [9] _process (res://gameplay/arsenal_review.gd:203)
SCRIPT ERROR: Trying to assign an array of type "Array" to a variable of type "Array[String]".
   at: BattlefieldGeometry.get_obstacle_ids_at_point (res://battle/geometry/battlefield_geometry.gd:585)
   GDScript backtrace (most recent call first):
       [0] get_obstacle_ids_at_point (res://battle/geometry/battlefield_geometry.gd:585)
       [1] get_movement_blocking_obstacle_id_at (res://battle/geometry/battlefield_geometry.gd:259)
       [2] _blocking_obstacle_at (res://battle/geometry/battle_spatial_service.gd:414)
       [3] resolve_translation (res://battle/geometry/battle_spatial_service.gd:65)
       [4] _advance_participant (res://battle/runtime/battle_movement_service.gd:103)
       [5] advance (res://battle/runtime/battle_movement_service.gd:52)
       [6] _advance_validated (res://battle/runtime/battle_runtime_service.gd:152)
       [7] advance (res://battle/runtime/battle_runtime_service.gd:28)
       [8] _process (res://gameplay/arsenal_review.gd:203)
SCRIPT ERROR: Trying to assign an array of type "Array" to a variable of type "Array[String]".
   at: BattlefieldGeometry.get_obstacle_ids_at_point (res://battle/geometry/battlefield_geometry.gd:585)
   GDScript backtrace (most recent call first):
       [0] get_obstacle_ids_at_point (res://battle/geometry/battlefield_geometry.gd:585)
       [1] get_obstacle_ids_in_rect (res://battle/geometry/battlefield_geometry.gd:599)
       [2] _resolve_legal_translation (res://battle/geometry/battle_spatial_service.gd:245)
       [3] resolve_translation (res://battle/geometry/battle_spatial_service.gd:95)
       [4] _advance_participant (res://battle/runtime/battle_movement_service.gd:103)
       [5] advance (res://battle/runtime/battle_movement_service.gd:52)
       [6] _advance_validated (res://battle/runtime/battle_runtime_service.gd:152)
       [7] advance (res://battle/runtime/battle_runtime_service.gd:28)
       [8] _process (res://gameplay/arsenal_review.gd:203)
SCRIPT ERROR: Trying to assign an array of type "Array" to a variable of type "Array[String]".
   at: BattlefieldGeometry.get_obstacle_ids_at_point (res://battle/geometry/battlefield_geometry.gd:585)
   GDScript backtrace (most recent call first):
       [0] get_obstacle_ids_at_point (res://battle/geometry/battlefield_geometry.gd:585)
       [1] get_movement_blocking_obstacle_id_at (res://battle/geometry/battlefield_geometry.gd:259)
       [2] _blocking_obstacle_at (res://battle/geometry/battle_spatial_service.gd:414)
       [3] _resolve_legal_translation (res://battle/geometry/battle_spatial_service.gd:294)
       [4] resolve_translation (res://battle/geometry/battle_spatial_service.gd:95)
       [5] _advance_participant (res://battle/runtime/battle_movement_service.gd:103)
       [6] advance (res://battle/runtime/battle_movement_service.gd:52)
       [7] _advance_validated (res://battle/runtime/battle_runtime_service.gd:152)
       [8] advance (res://battle/runtime/battle_runtime_service.gd:28)
       [9] _process (res://gameplay/arsenal_review.gd:203)
SCRIPT ERROR: Trying to assign an array of type "Array" to a variable of type "Array[String]".
   at: BattlefieldGeometry.get_obstacle_ids_at_point (res://battle/geometry/battlefield_geometry.gd:585)
   GDScript backtrace (most recent call first):
       [0] get_obstacle_ids_at_point (res://battle/geometry/battlefield_geometry.gd:585)
       [1] get_obstacle_ids_in_rect (res://battle/geometry/battlefield_geometry.gd:599)
       [2] _trace_segment (res://battle/combat/battle_line_of_sight_service.gd:191)
       [3] _trace_segment_cached (res://battle/combat/battle_line_of_sight_service.gd:143)
       [4] check_participant_to_participant (res://battle/combat/battle_line_of_sight_service.gd:57)
       [5] _healthy_no_role_cover_key (res://battle/combat/battle_combat_behavior_service.gd:1772)
       [6] _healthy_keep_no_role_cover_decision (res://battle/combat/battle_combat_behavior_service.gd:1844)
       [7] _update_healthy_role_cover_behavior (res://battle/combat/battle_combat_behavior_service.gd:893)
       [8] advance (res://battle/combat/battle_combat_behavior_service.gd:242)
       [9] _advance_validated (res://battle/runtime/battle_runtime_service.gd:116)
       [10] advance (res://battle/runtime/battle_runtime_service.gd:28)
       [11] _process (res://gameplay/arsenal_review.gd:203)
SCRIPT ERROR: Trying to assign an array of type "Array" to a variable of type "Array[String]".
   at: BattlefieldGeometry.get_obstacle_ids_at_point (res://battle/geometry/battlefield_geometry.gd:585)
   GDScript backtrace (most recent call first):
       [0] get_obstacle_ids_at_point (res://battle/geometry/battlefield_geometry.gd:585)
       [1] get_movement_blocking_obstacle_id_at (res://battle/geometry/battlefield_geometry.gd:259)
       [2] cover_hustle_multiplier (res://battle/runtime/battle_movement_service.gd:164)
       [3] _advance_participant (res://battle/runtime/battle_movement_service.gd:78)
       [4] advance (res://battle/runtime/battle_movement_service.gd:52)
       [5] _advance_validated (res://battle/runtime/battle_runtime_service.gd:152)
       [6] advance (res://battle/runtime/battle_runtime_service.gd:28)
       [7] _process (res://gameplay/arsenal_review.gd:203)
SCRIPT ERROR: Trying to assign an array of type "Array" to a variable of type "Array[String]".
   at: BattlefieldGeometry.get_obstacle_ids_at_point (res://battle/geometry/battlefield_geometry.gd:585)
   GDScript backtrace (most recent call first):
       [0] get_obstacle_ids_at_point (res://battle/geometry/battlefield_geometry.gd:585)
       [1] get_movement_blocking_obstacle_id_at (res://battle/geometry/battlefield_geometry.gd:259)
       [2] _blocking_obstacle_at (res://battle/geometry/battle_spatial_service.gd:414)
       [3] resolve_translation (res://battle/geometry/battle_spatial_service.gd:65)
       [4] _advance_participant (res://battle/runtime/battle_movement_service.gd:103)
       [5] advance (res://battle/runtime/battle_movement_service.gd:52)
       [6] _advance_validated (res://battle/runtime/battle_runtime_service.gd:152)
       [7] advance (res://battle/runtime/battle_runtime_service.gd:28)
       [8] _process (res://gameplay/arsenal_review.gd:203)
SCRIPT ERROR: Trying to assign an array of type "Array" to a variable of type "Array[String]".
   at: BattlefieldGeometry.get_obstacle_ids_at_point (res://battle/geometry/battlefield_geometry.gd:585)
   GDScript backtrace (most recent call first):
       [0] get_obstacle_ids_at_point (res://battle/geometry/battlefield_geometry.gd:585)
       [1] get_obstacle_ids_in_rect (res://battle/geometry/battlefield_geometry.gd:599)
       [2] _resolve_legal_translation (res://battle/geometry/battle_spatial_service.gd:245)
       [3] resolve_translation (res://battle/geometry/battle_spatial_service.gd:95)
       [4] _advance_participant (res://battle/runtime/battle_movement_service.gd:103)
       [5] advance (res://battle/runtime/battle_movement_service.gd:52)
       [6] _advance_validated (res://battle/runtime/battle_runtime_service.gd:152)
       [7] advance (res://battle/runtime/battle_runtime_service.gd:28)
       [8] _process (res://gameplay/arsenal_review.gd:203)
SCRIPT ERROR: Trying to assign an array of type "Array" to a variable of type "Array[String]".
   at: BattlefieldGeometry.get_obstacle_ids_at_point (res://battle/geometry/battlefield_geometry.gd:585)
   GDScript backtrace (most recent call first):
       [0] get_obstacle_ids_at_point (res://battle/geometry/battlefield_geometry.gd:585)
       [1] get_movement_blocking_obstacle_id_at (res://battle/geometry/battlefield_geometry.gd:259)
       [2] _blocking_obstacle_at (res://battle/geometry/battle_spatial_service.gd:414)
       [3] _resolve_legal_translation (res://battle/geometry/battle_spatial_service.gd:294)
       [4] resolve_translation (res://battle/geometry/battle_spatial_service.gd:95)
       [5] _advance_participant (res://battle/runtime/battle_movement_service.gd:103)
       [6] advance (res://battle/runtime/battle_movement_service.gd:52)
       [7] _advance_validated (res://battle/runtime/battle_runtime_service.gd:152)
       [8] advance (res://battle/runtime/battle_runtime_service.gd:28)
       [9] _process (res://gameplay/arsenal_review.gd:203)
SCRIPT ERROR: Trying to assign an array of type "Array" to a variable of type "Array[String]".
   at: BattlefieldGeometry.get_obstacle_ids_at_point (res://battle/geometry/battlefield_geometry.gd:585)
   GDScript backtrace (most recent call first):
       [0] get_obstacle_ids_at_point (res://battle/geometry/battlefield_geometry.gd:585)
       [1] get_movement_blocking_obstacle_id_at (res://battle/geometry/battlefield_geometry.gd:259)
       [2] _blocking_obstacle_at (res://battle/geometry/battle_spatial_service.gd:414)
       [3] resolve_translation (res://battle/geometry/battle_spatial_service.gd:65)
       [4] _advance_participant (res://battle/runtime/battle_movement_service.gd:103)
       [5] advance (res://battle/runtime/battle_movement_service.gd:52)
       [6] _advance_validated (res://battle/runtime/battle_runtime_service.gd:152)
       [7] advance (res://battle/runtime/battle_runtime_service.gd:28)
       [8] _process (res://gameplay/arsenal_review.gd:203)
SCRIPT ERROR: Trying to assign an array of type "Array" to a variable of type "Array[String]".
   at: BattlefieldGeometry.get_obstacle_ids_at_point (res://battle/geometry/battlefield_geometry.gd:585)
   GDScript backtrace (most recent call first):
       [0] get_obstacle_ids_at_point (res://battle/geometry/battlefield_geometry.gd:585)
       [1] get_obstacle_ids_in_rect (res://battle/geometry/battlefield_geometry.gd:599)
       [2] _resolve_legal_translation (res://battle/geometry/battle_spatial_service.gd:245)
       [3] resolve_translation (res://battle/geometry/battle_spatial_service.gd:95)
       [4] _advance_participant (res://battle/runtime/battle_movement_service.gd:103)
       [5] advance (res://battle/runtime/battle_movement_service.gd:52)
       [6] _advance_validated (res://battle/runtime/battle_runtime_service.gd:152)
       [7] advance (res://battle/runtime/battle_runtime_service.gd:28)
       [8] _process (res://gameplay/arsenal_review.gd:203)
SCRIPT ERROR: Trying to assign an array of type "Array" to a variable of type "Array[String]".
   at: BattlefieldGeometry.get_obstacle_ids_at_point (res://battle/geometry/battlefield_geometry.gd:585)
   GDScript backtrace (most recent call first):
       [0] get_obstacle_ids_at_point (res://battle/geometry/battlefield_geometry.gd:585)
       [1] get_movement_blocking_obstacle_id_at (res://battle/geometry/battlefield_geometry.gd:259)
       [2] _blocking_obstacle_at (res://battle/geometry/battle_spatial_service.gd:414)
       [3] _resolve_legal_translation (res://battle/geometry/battle_spatial_service.gd:294)
       [4] resolve_translation (res://battle/geometry/battle_spatial_service.gd:95)
       [5] _advance_participant (res://battle/runtime/battle_movement_service.gd:103)
       [6] advance (res://battle/runtime/battle_movement_service.gd:52)
       [7] _advance_validated (res://battle/runtime/battle_runtime_service.gd:152)
       [8] advance (res://battle/runtime/battle_runtime_service.gd:28)
       [9] _process (res://gameplay/arsenal_review.gd:203)
SCRIPT ERROR: Trying to assign an array of type "Array" to a variable of type "Array[String]".
   at: BattlefieldGeometry.get_obstacle_ids_at_point (res://battle/geometry/battlefield_geometry.gd:585)
   GDScript backtrace (most recent call first):
       [0] get_obstacle_ids_at_point (res://battle/geometry/battlefield_geometry.gd:585)
       [1] get_obstacle_ids_in_rect (res://battle/geometry/battlefield_geometry.gd:599)
       [2] _trace_segment (res://battle/combat/battle_line_of_sight_service.gd:191)
       [3] _trace_segment_cached (res://battle/combat/battle_line_of_sight_service.gd:143)
       [4] check_participant_to_participant (res://battle/combat/battle_line_of_sight_service.gd:57)
       [5] _healthy_no_role_cover_key (res://battle/combat/battle_combat_behavior_service.gd:1772)
       [6] _healthy_keep_no_role_cover_decision (res://battle/combat/battle_combat_behavior_service.gd:1844)
       [7] _update_healthy_role_cover_behavior (res://battle/combat/battle_combat_behavior_service.gd:893)
       [8] advance (res://battle/combat/battle_combat_behavior_service.gd:242)
       [9] _advance_validated (res://battle/runtime/battle_runtime_service.gd:116)
       [10] advance (res://battle/runtime/battle_runtime_service.gd:28)
       [11] _process (res://gameplay/arsenal_review.gd:203)
SCRIPT ERROR: Trying to assign an array of type "Array" to a variable of type "Array[String]".
   at: BattlefieldGeometry.get_obstacle_ids_at_point (res://battle/geometry/battlefield_geometry.gd:585)
   GDScript backtrace (most recent call first):
       [0] get_obstacle_ids_at_point (res://battle/geometry/battlefield_geometry.gd:585)
       [1] get_movement_blocking_obstacle_id_at (res://battle/geometry/battlefield_geometry.gd:259)
       [2] cover_hustle_multiplier (res://battle/runtime/battle_movement_service.gd:164)
       [3] _advance_participant (res://battle/runtime/battle_movement_service.gd:78)
       [4] advance (res://battle/runtime/battle_movement_service.gd:52)
       [5] _advance_validated (res://battle/runtime/battle_runtime_service.gd:152)
       [6] advance (res://battle/runtime/battle_runtime_service.gd:28)
       [7] _process (res://gameplay/arsenal_review.gd:203)
SCRIPT ERROR: Trying to assign an array of type "Array" to a variable of type "Array[String]".
   at: BattlefieldGeometry.get_obstacle_ids_at_point (res://battle/geometry/battlefield_geometry.gd:585)
   GDScript backtrace (most recent call first):
       [0] get_obstacle_ids_at_point (res://battle/geometry/battlefield_geometry.gd:585)
       [1] get_movement_blocking_obstacle_id_at (res://battle/geometry/battlefield_geometry.gd:259)
       [2] _blocking_obstacle_at (res://battle/geometry/battle_spatial_service.gd:414)
       [3] resolve_translation (res://battle/geometry/battle_spatial_service.gd:65)
       [4] _advance_participant (res://battle/runtime/battle_movement_service.gd:103)
       [5] advance (res://battle/runtime/battle_movement_service.gd:52)
       [6] _advance_validated (res://battle/runtime/battle_runtime_service.gd:152)
       [7] advance (res://battle/runtime/battle_runtime_service.gd:28)
       [8] _process (res://gameplay/arsenal_review.gd:203)
SCRIPT ERROR: Trying to assign an array of type "Array" to a variable of type "Array[String]".
   at: BattlefieldGeometry.get_obstacle_ids_at_point (res://battle/geometry/battlefield_geometry.gd:585)
   GDScript backtrace (most recent call first):
       [0] get_obstacle_ids_at_point (res://battle/geometry/battlefield_geometry.gd:585)
       [1] get_obstacle_ids_in_rect (res://battle/geometry/battlefield_geometry.gd:599)
       [2] _resolve_legal_translation (res://battle/geometry/battle_spatial_service.gd:245)
       [3] resolve_translation (res://battle/geometry/battle_spatial_service.gd:95)
       [4] _advance_participant (res://battle/runtime/battle_movement_service.gd:103)
       [5] advance (res://battle/runtime/battle_movement_service.gd:52)
       [6] _advance_validated (res://battle/runtime/battle_runtime_service.gd:152)
       [7] advance (res://battle/runtime/battle_runtime_service.gd:28)
       [8] _process (res://gameplay/arsenal_review.gd:203)
SCRIPT ERROR: Trying to assign an array of type "Array" to a variable of type "Array[String]".
   at: BattlefieldGeometry.get_obstacle_ids_at_point (res://battle/geometry/battlefield_geometry.gd:585)
   GDScript backtrace (most recent call first):
       [0] get_obstacle_ids_at_point (res://battle/geometry/battlefield_geometry.gd:585)
       [1] get_movement_blocking_obstacle_id_at (res://battle/geometry/battlefield_geometry.gd:259)
       [2] _blocking_obstacle_at (res://battle/geometry/battle_spatial_service.gd:414)
       [3] _resolve_legal_translation (res://battle/geometry/battle_spatial_service.gd:294)
       [4] resolve_translation (res://battle/geometry/battle_spatial_service.gd:95)
       [5] _advance_participant (res://battle/runtime/battle_movement_service.gd:103)
       [6] advance (res://battle/runtime/battle_movement_service.gd:52)
       [7] _advance_validated (res://battle/runtime/battle_runtime_service.gd:152)
       [8] advance (res://battle/runtime/battle_runtime_service.gd:28)
       [9] _process (res://gameplay/arsenal_review.gd:203)
SCRIPT ERROR: Trying to assign an array of type "Array" to a variable of type "Array[String]".
   at: BattlefieldGeometry.get_obstacle_ids_at_point (res://battle/geometry/battlefield_geometry.gd:585)
   GDScript backtrace (most recent call first):
       [0] get_obstacle_ids_at_point (res://battle/geometry/battlefield_geometry.gd:585)
       [1] get_movement_blocking_obstacle_id_at (res://battle/geometry/battlefield_geometry.gd:259)
       [2] _blocking_obstacle_at (res://battle/geometry/battle_spatial_service.gd:414)
       [3] resolve_translation (res://battle/geometry/battle_spatial_service.gd:65)
       [4] _advance_participant (res://battle/runtime/battle_movement_service.gd:103)
       [5] advance (res://battle/runtime/battle_movement_service.gd:52)
       [6] _advance_validated (res://battle/runtime/battle_runtime_service.gd:152)
       [7] advance (res://battle/runtime/battle_runtime_service.gd:28)
       [8] _process (res://gameplay/arsenal_review.gd:203)
SCRIPT ERROR: Trying to assign an array of type "Array" to a variable of type "Array[String]".
   at: BattlefieldGeometry.get_obstacle_ids_at_point (res://battle/geometry/battlefield_geometry.gd:585)
   GDScript backtrace (most recent call first):
       [0] get_obstacle_ids_at_point (res://battle/geometry/battlefield_geometry.gd:585)
       [1] get_obstacle_ids_in_rect (res://battle/geometry/battlefield_geometry.gd:599)
       [2] _resolve_legal_translation (res://battle/geometry/battle_spatial_service.gd:245)
       [3] resolve_translation (res://battle/geometry/battle_spatial_service.gd:95)
       [4] _advance_participant (res://battle/runtime/battle_movement_service.gd:103)
       [5] advance (res://battle/runtime/battle_movement_service.gd:52)
       [6] _advance_validated (res://battle/runtime/battle_runtime_service.gd:152)
       [7] advance (res://battle/runtime/battle_runtime_service.gd:28)
       [8] _process (res://gameplay/arsenal_review.gd:203)
SCRIPT ERROR: Trying to assign an array of type "Array" to a variable of type "Array[String]".
   at: BattlefieldGeometry.get_obstacle_ids_at_point (res://battle/geometry/battlefield_geometry.gd:585)
   GDScript backtrace (most recent call first):
       [0] get_obstacle_ids_at_point (res://battle/geometry/battlefield_geometry.gd:585)
       [1] get_movement_blocking_obstacle_id_at (res://battle/geometry/battlefield_geometry.gd:259)
       [2] _blocking_obstacle_at (res://battle/geometry/battle_spatial_service.gd:414)
       [3] _resolve_legal_translation (res://battle/geometry/battle_spatial_service.gd:294)
       [4] resolve_translation (res://battle/geometry/battle_spatial_service.gd:95)
       [5] _advance_participant (res://battle/runtime/battle_movement_service.gd:103)
       [6] advance (res://battle/runtime/battle_movement_service.gd:52)
       [7] _advance_validated (res://battle/runtime/battle_runtime_service.gd:152)
       [8] advance (res://battle/runtime/battle_runtime_service.gd:28)
       [9] _process (res://gameplay/arsenal_review.gd:203)
SCRIPT ERROR: Trying to assign an array of type "Array" to a variable of type "Array[String]".
   at: BattlefieldGeometry.get_obstacle_ids_at_point (res://battle/geometry/battlefield_geometry.gd:585)
   GDScript backtrace (most recent call first):
       [0] get_obstacle_ids_at_point (res://battle/geometry/battlefield_geometry.gd:585)
       [1] get_obstacle_ids_in_rect (res://battle/geometry/battlefield_geometry.gd:599)
       [2] _trace_segment (res://battle/combat/battle_line_of_sight_service.gd:191)
       [3] _trace_segment_cached (res://battle/combat/battle_line_of_sight_service.gd:143)
       [4] check_participant_to_participant (res://battle/combat/battle_line_of_sight_service.gd:57)
       [5] _healthy_no_role_cover_key (res://battle/combat/battle_combat_behavior_service.gd:1772)
       [6] _healthy_keep_no_role_cover_decision (res://battle/combat/battle_combat_behavior_service.gd:1844)
       [7] _update_healthy_role_cover_behavior (res://battle/combat/battle_combat_behavior_service.gd:893)
       [8] advance (res://battle/combat/battle_combat_behavior_service.gd:242)
       [9] _advance_validated (res://battle/runtime/battle_runtime_service.gd:116)
       [10] advance (res://battle/runtime/battle_runtime_service.gd:28)
       [11] _process (res://gameplay/arsenal_review.gd:203)
SCRIPT ERROR: Trying to assign an array of type "Array" to a variable of type "Array[String]".
   at: BattlefieldGeometry.get_obstacle_ids_at_point (res://battle/geometry/battlefield_geometry.gd:585)
   GDScript backtrace (most recent call first):
       [0] get_obstacle_ids_at_point (res://battle/geometry/battlefield_geometry.gd:585)
       [1] get_movement_blocking_obstacle_id_at (res://battle/geometry/battlefield_geometry.gd:259)
       [2] cover_hustle_multiplier (res://battle/runtime/battle_movement_service.gd:164)
       [3] _advance_participant (res://battle/runtime/battle_movement_service.gd:78)
       [4] advance (res://battle/runtime/battle_movement_service.gd:52)
       [5] _advance_validated (res://battle/runtime/battle_runtime_service.gd:152)
       [6] advance (res://battle/runtime/battle_runtime_service.gd:28)
       [7] _process (res://gameplay/arsenal_review.gd:203)
SCRIPT ERROR: Trying to assign an array of type "Array" to a variable of type "Array[String]".
   at: BattlefieldGeometry.get_obstacle_ids_at_point (res://battle/geometry/battlefield_geometry.gd:585)
   GDScript backtrace (most recent call first):
       [0] get_obstacle_ids_at_point (res://battle/geometry/battlefield_geometry.gd:585)
       [1] get_movement_blocking_obstacle_id_at (res://battle/geometry/battlefield_geometry.gd:259)
       [2] _blocking_obstacle_at (res://battle/geometry/battle_spatial_service.gd:414)
       [3] resolve_translation (res://battle/geometry/battle_spatial_service.gd:65)
       [4] _advance_participant (res://battle/runtime/battle_movement_service.gd:103)
       [5] advance (res://battle/runtime/battle_movement_service.gd:52)
       [6] _advance_validated (res://battle/runtime/battle_runtime_service.gd:152)
       [7] advance (res://battle/runtime/battle_runtime_service.gd:28)
       [8] _process (res://gameplay/arsenal_review.gd:203)
SCRIPT ERROR: Trying to assign an array of type "Array" to a variable of type "Array[String]".
   at: BattlefieldGeometry.get_obstacle_ids_at_point (res://battle/geometry/battlefield_geometry.gd:585)
   GDScript backtrace (most recent call first):
       [0] get_obstacle_ids_at_point (res://battle/geometry/battlefield_geometry.gd:585)
       [1] get_obstacle_ids_in_rect (res://battle/geometry/battlefield_geometry.gd:599)
       [2] _resolve_legal_translation (res://battle/geometry/battle_spatial_service.gd:245)
       [3] resolve_translation (res://battle/geometry/battle_spatial_service.gd:95)
       [4] _advance_participant (res://battle/runtime/battle_movement_service.gd:103)
       [5] advance (res://battle/runtime/battle_movement_service.gd:52)
       [6] _advance_validated (res://battle/runtime/battle_runtime_service.gd:152)
       [7] advance (res://battle/runtime/battle_runtime_service.gd:28)
       [8] _process (res://gameplay/arsenal_review.gd:203)
SCRIPT ERROR: Trying to assign an array of type "Array" to a variable of type "Array[String]".
   at: BattlefieldGeometry.get_obstacle_ids_at_point (res://battle/geometry/battlefield_geometry.gd:585)
   GDScript backtrace (most recent call first):
       [0] get_obstacle_ids_at_point (res://battle/geometry/battlefield_geometry.gd:585)
       [1] get_movement_blocking_obstacle_id_at (res://battle/geometry/battlefield_geometry.gd:259)
       [2] _blocking_obstacle_at (res://battle/geometry/battle_spatial_service.gd:414)
       [3] _resolve_legal_translation (res://battle/geometry/battle_spatial_service.gd:294)
       [4] resolve_translation (res://battle/geometry/battle_spatial_service.gd:95)
       [5] _advance_participant (res://battle/runtime/battle_movement_service.gd:103)
       [6] advance (res://battle/runtime/battle_movement_service.gd:52)
       [7] _advance_validated (res://battle/runtime/battle_runtime_service.gd:152)
       [8] advance (res://battle/runtime/battle_runtime_service.gd:28)
       [9] _process (res://gameplay/arsenal_review.gd:203)
SCRIPT ERROR: Trying to assign an array of type "Array" to a variable of type "Array[String]".
   at: BattlefieldGeometry.get_obstacle_ids_at_point (res://battle/geometry/battlefield_geometry.gd:585)
   GDScript backtrace (most recent call first):
       [0] get_obstacle_ids_at_point (res://battle/geometry/battlefield_geometry.gd:585)
       [1] get_movement_blocking_obstacle_id_at (res://battle/geometry/battlefield_geometry.gd:259)
       [2] _blocking_obstacle_at (res://battle/geometry/battle_spatial_service.gd:414)
       [3] resolve_translation (res://battle/geometry/battle_spatial_service.gd:65)
       [4] _advance_participant (res://battle/runtime/battle_movement_service.gd:103)
       [5] advance (res://battle/runtime/battle_movement_service.gd:52)
       [6] _advance_validated (res://battle/runtime/battle_runtime_service.gd:152)
       [7] advance (res://battle/runtime/battle_runtime_service.gd:28)
       [8] _process (res://gameplay/arsenal_review.gd:203)
SCRIPT ERROR: Trying to assign an array of type "Array" to a variable of type "Array[String]".
   at: BattlefieldGeometry.get_obstacle_ids_at_point (res://battle/geometry/battlefield_geometry.gd:585)
   GDScript backtrace (most recent call first):
       [0] get_obstacle_ids_at_point (res://battle/geometry/battlefield_geometry.gd:585)
       [1] get_obstacle_ids_in_rect (res://battle/geometry/battlefield_geometry.gd:599)
       [2] _resolve_legal_translation (res://battle/geometry/battle_spatial_service.gd:245)
       [3] resolve_translation (res://battle/geometry/battle_spatial_service.gd:95)
       [4] _advance_participant (res://battle/runtime/battle_movement_service.gd:103)
       [5] advance (res://battle/runtime/battle_movement_service.gd:52)
       [6] _advance_validated (res://battle/runtime/battle_runtime_service.gd:152)
       [7] advance (res://battle/runtime/battle_runtime_service.gd:28)
       [8] _process (res://gameplay/arsenal_review.gd:203)
SCRIPT ERROR: Trying to assign an array of type "Array" to a variable of type "Array[String]".
   at: BattlefieldGeometry.get_obstacle_ids_at_point (res://battle/geometry/battlefield_geometry.gd:585)
   GDScript backtrace (most recent call first):
       [0] get_obstacle_ids_at_point (res://battle/geometry/battlefield_geometry.gd:585)
       [1] get_movement_blocking_obstacle_id_at (res://battle/geometry/battlefield_geometry.gd:259)
       [2] _blocking_obstacle_at (res://battle/geometry/battle_spatial_service.gd:414)
       [3] _resolve_legal_translation (res://battle/geometry/battle_spatial_service.gd:294)
       [4] resolve_translation (res://battle/geometry/battle_spatial_service.gd:95)
       [5] _advance_participant (res://battle/runtime/battle_movement_service.gd:103)
       [6] advance (res://battle/runtime/battle_movement_service.gd:52)
       [7] _advance_validated (res://battle/runtime/battle_runtime_service.gd:152)
       [8] advance (res://battle/runtime/battle_runtime_service.gd:28)
       [9] _process (res://gameplay/arsenal_review.gd:203)
SCRIPT ERROR: Trying to assign an array of type "Array" to a variable of type "Array[String]".
   at: BattlefieldGeometry.get_obstacle_ids_at_point (res://battle/geometry/battlefield_geometry.gd:585)
   GDScript backtrace (most recent call first):
       [0] get_obstacle_ids_at_point (res://battle/geometry/battlefield_geometry.gd:585)
       [1] get_obstacle_ids_in_rect (res://battle/geometry/battlefield_geometry.gd:599)
       [2] _trace_segment (res://battle/combat/battle_line_of_sight_service.gd:191)
       [3] _trace_segment_cached (res://battle/combat/battle_line_of_sight_service.gd:143)
       [4] check_participant_to_participant (res://battle/combat/battle_line_of_sight_service.gd:57)
       [5] _healthy_no_role_cover_key (res://battle/combat/battle_combat_behavior_service.gd:1772)
       [6] _healthy_keep_no_role_cover_decision (res://battle/combat/battle_combat_behavior_service.gd:1844)
       [7] _update_healthy_role_cover_behavior (res://battle/combat/battle_combat_behavior_service.gd:893)
       [8] advance (res://battle/combat/battle_combat_behavior_service.gd:242)
       [9] _advance_validated (res://battle/runtime/battle_runtime_service.gd:116)
       [10] advance (res://battle/runtime/battle_runtime_service.gd:28)
       [11] _process (res://gameplay/arsenal_review.gd:203)
SCRIPT ERROR: Trying to assign an array of type "Array" to a variable of type "Array[String]".
   at: BattlefieldGeometry.get_obstacle_ids_at_point (res://battle/geometry/battlefield_geometry.gd:585)
   GDScript backtrace (most recent call first):
       [0] get_obstacle_ids_at_point (res://battle/geometry/battlefield_geometry.gd:585)
       [1] get_movement_blocking_obstacle_id_at (res://battle/geometry/battlefield_geometry.gd:259)
       [2] cover_hustle_multiplier (res://battle/runtime/battle_movement_service.gd:164)
       [3] _advance_participant (res://battle/runtime/battle_movement_service.gd:78)
       [4] advance (res://battle/runtime/battle_movement_service.gd:52)
       [5] _advance_validated (res://battle/runtime/battle_runtime_service.gd:152)
       [6] advance (res://battle/runtime/battle_runtime_service.gd:28)
       [7] _process (res://gameplay/arsenal_review.gd:203)
SCRIPT ERROR: Trying to assign an array of type "Array" to a variable of type "Array[String]".
   at: BattlefieldGeometry.get_obstacle_ids_at_point (res://battle/geometry/battlefield_geometry.gd:585)
   GDScript backtrace (most recent call first):
       [0] get_obstacle_ids_at_point (res://battle/geometry/battlefield_geometry.gd:585)
       [1] get_movement_blocking_obstacle_id_at (res://battle/geometry/battlefield_geometry.gd:259)
       [2] _blocking_obstacle_at (res://battle/geometry/battle_spatial_service.gd:414)
       [3] resolve_translation (res://battle/geometry/battle_spatial_service.gd:65)
       [4] _advance_participant (res://battle/runtime/battle_movement_service.gd:103)
       [5] advance (res://battle/runtime/battle_movement_service.gd:52)
       [6] _advance_validated (res://battle/runtime/battle_runtime_service.gd:152)
       [7] advance (res://battle/runtime/battle_runtime_service.gd:28)
       [8] _process (res://gameplay/arsenal_review.gd:203)
SCRIPT ERROR: Trying to assign an array of type "Array" to a variable of type "Array[String]".
   at: BattlefieldGeometry.get_obstacle_ids_at_point (res://battle/geometry/battlefield_geometry.gd:585)
   GDScript backtrace (most recent call first):
       [0] get_obstacle_ids_at_point (res://battle/geometry/battlefield_geometry.gd:585)
       [1] get_obstacle_ids_in_rect (res://battle/geometry/battlefield_geometry.gd:599)
       [2] _resolve_legal_translation (res://battle/geometry/battle_spatial_service.gd:245)
       [3] resolve_translation (res://battle/geometry/battle_spatial_service.gd:95)
       [4] _advance_participant (res://battle/runtime/battle_movement_service.gd:103)
       [5] advance (res://battle/runtime/battle_movement_service.gd:52)
       [6] _advance_validated (res://battle/runtime/battle_runtime_service.gd:152)
       [7] advance (res://battle/runtime/battle_runtime_service.gd:28)
       [8] _process (res://gameplay/arsenal_review.gd:203)
SCRIPT ERROR: Trying to assign an array of type "Array" to a variable of type "Array[String]".
   at: BattlefieldGeometry.get_obstacle_ids_at_point (res://battle/geometry/battlefield_geometry.gd:585)
   GDScript backtrace (most recent call first):
       [0] get_obstacle_ids_at_point (res://battle/geometry/battlefield_geometry.gd:585)
       [1] get_movement_blocking_obstacle_id_at (res://battle/geometry/battlefield_geometry.gd:259)
       [2] _blocking_obstacle_at (res://battle/geometry/battle_spatial_service.gd:414)
       [3] _resolve_legal_translation (res://battle/geometry/battle_spatial_service.gd:294)
       [4] resolve_translation (res://battle/geometry/battle_spatial_service.gd:95)
       [5] _advance_participant (res://battle/runtime/battle_movement_service.gd:103)
       [6] advance (res://battle/runtime/battle_movement_service.gd:52)
       [7] _advance_validated (res://battle/runtime/battle_runtime_service.gd:152)
       [8] advance (res://battle/runtime/battle_runtime_service.gd:28)
       [9] _process (res://gameplay/arsenal_review.gd:203)
SCRIPT ERROR: Trying to assign an array of type "Array" to a variable of type "Array[String]".
   at: BattlefieldGeometry.get_obstacle_ids_at_point (res://battle/geometry/battlefield_geometry.gd:585)
   GDScript backtrace (most recent call first):
       [0] get_obstacle_ids_at_point (res://battle/geometry/battlefield_geometry.gd:585)
       [1] get_movement_blocking_obstacle_id_at (res://battle/geometry/battlefield_geometry.gd:259)
       [2] _blocking_obstacle_at (res://battle/geometry/battle_spatial_service.gd:414)
       [3] resolve_translation (res://battle/geometry/battle_spatial_service.gd:65)
       [4] _advance_participant (res://battle/runtime/battle_movement_service.gd:103)
       [5] advance (res://battle/runtime/battle_movement_service.gd:52)
       [6] _advance_validated (res://battle/runtime/battle_runtime_service.gd:152)
       [7] advance (res://battle/runtime/battle_runtime_service.gd:28)
       [8] _process (res://gameplay/arsenal_review.gd:203)
SCRIPT ERROR: Trying to assign an array of type "Array" to a variable of type "Array[String]".
   at: BattlefieldGeometry.get_obstacle_ids_at_point (res://battle/geometry/battlefield_geometry.gd:585)
   GDScript backtrace (most recent call first):
       [0] get_obstacle_ids_at_point (res://battle/geometry/battlefield_geometry.gd:585)
       [1] get_obstacle_ids_in_rect (res://battle/geometry/battlefield_geometry.gd:599)
       [2] _resolve_legal_translation (res://battle/geometry/battle_spatial_service.gd:245)
       [3] resolve_translation (res://battle/geometry/battle_spatial_service.gd:95)
       [4] _advance_participant (res://battle/runtime/battle_movement_service.gd:103)
       [5] advance (res://battle/runtime/battle_movement_service.gd:52)
       [6] _advance_validated (res://battle/runtime/battle_runtime_service.gd:152)
       [7] advance (res://battle/runtime/battle_runtime_service.gd:28)
       [8] _process (res://gameplay/arsenal_review.gd:203)
SCRIPT ERROR: Trying to assign an array of type "Array" to a variable of type "Array[String]".
   at: BattlefieldGeometry.get_obstacle_ids_at_point (res://battle/geometry/battlefield_geometry.gd:585)
   GDScript backtrace (most recent call first):
       [0] get_obstacle_ids_at_point (res://battle/geometry/battlefield_geometry.gd:585)
       [1] get_movement_blocking_obstacle_id_at (res://battle/geometry/battlefield_geometry.gd:259)
       [2] _blocking_obstacle_at (res://battle/geometry/battle_spatial_service.gd:414)
       [3] _resolve_legal_translation (res://battle/geometry/battle_spatial_service.gd:294)
       [4] resolve_translation (res://battle/geometry/battle_spatial_service.gd:95)
       [5] _advance_participant (res://battle/runtime/battle_movement_service.gd:103)
       [6] advance (res://battle/runtime/battle_movement_service.gd:52)
       [7] _advance_validated (res://battle/runtime/battle_runtime_service.gd:152)
       [8] advance (res://battle/runtime/battle_runtime_service.gd:28)
       [9] _process (res://gameplay/arsenal_review.gd:203)
SCRIPT ERROR: Trying to assign an array of type "Array" to a variable of type "Array[String]".
   at: BattlefieldGeometry.get_obstacle_ids_at_point (res://battle/geometry/battlefield_geometry.gd:585)
   GDScript backtrace (most recent call first):
       [0] get_obstacle_ids_at_point (res://battle/geometry/battlefield_geometry.gd:585)
       [1] get_obstacle_ids_in_rect (res://battle/geometry/battlefield_geometry.gd:599)
       [2] _trace_segment (res://battle/combat/battle_line_of_sight_service.gd:191)
       [3] _trace_segment_cached (res://battle/combat/battle_line_of_sight_service.gd:143)
       [4] check_participant_to_participant (res://battle/combat/battle_line_of_sight_service.gd:57)
       [5] _healthy_no_role_cover_key (res://battle/combat/battle_combat_behavior_service.gd:1772)
       [6] _healthy_keep_no_role_cover_decision (res://battle/combat/battle_combat_behavior_service.gd:1844)
       [7] _update_healthy_role_cover_behavior (res://battle/combat/battle_combat_behavior_service.gd:893)
       [8] advance (res://battle/combat/battle_combat_behavior_service.gd:242)
       [9] _advance_validated (res://battle/runtime/battle_runtime_service.gd:116)
       [10] advance (res://battle/runtime/battle_runtime_service.gd:28)
       [11] _process (res://gameplay/arsenal_review.gd:203)
SCRIPT ERROR: Trying to assign an array of type "Array" to a variable of type "Array[String]".
   at: BattlefieldGeometry.get_obstacle_ids_at_point (res://battle/geometry/battlefield_geometry.gd:585)
   GDScript backtrace (most recent call first):
       [0] get_obstacle_ids_at_point (res://battle/geometry/battlefield_geometry.gd:585)
       [1] get_movement_blocking_obstacle_id_at (res://battle/geometry/battlefield_geometry.gd:259)
       [2] cover_hustle_multiplier (res://battle/runtime/battle_movement_service.gd:164)
       [3] _advance_participant (res://battle/runtime/battle_movement_service.gd:78)
       [4] advance (res://battle/runtime/battle_movement_service.gd:52)
       [5] _advance_validated (res://battle/runtime/battle_runtime_service.gd:152)
       [6] advance (res://battle/runtime/battle_runtime_service.gd:28)
       [7] _process (res://gameplay/arsenal_review.gd:203)
SCRIPT ERROR: Trying to assign an array of type "Array" to a variable of type "Array[String]".
   at: BattlefieldGeometry.get_obstacle_ids_at_point (res://battle/geometry/battlefield_geometry.gd:585)
   GDScript backtrace (most recent call first):
       [0] get_obstacle_ids_at_point (res://battle/geometry/battlefield_geometry.gd:585)
       [1] get_movement_blocking_obstacle_id_at (res://battle/geometry/battlefield_geometry.gd:259)
       [2] _blocking_obstacle_at (res://battle/geometry/battle_spatial_service.gd:414)
       [3] resolve_translation (res://battle/geometry/battle_spatial_service.gd:65)
       [4] _advance_participant (res://battle/runtime/battle_movement_service.gd:103)
       [5] advance (res://battle/runtime/battle_movement_service.gd:52)
       [6] _advance_validated (res://battle/runtime/battle_runtime_service.gd:152)
       [7] advance (res://battle/runtime/battle_runtime_service.gd:28)
       [8] _process (res://gameplay/arsenal_review.gd:203)
SCRIPT ERROR: Trying to assign an array of type "Array" to a variable of type "Array[String]".
   at: BattlefieldGeometry.get_obstacle_ids_at_point (res://battle/geometry/battlefield_geometry.gd:585)
   GDScript backtrace (most recent call first):
       [0] get_obstacle_ids_at_point (res://battle/geometry/battlefield_geometry.gd:585)
       [1] get_obstacle_ids_in_rect (res://battle/geometry/battlefield_geometry.gd:599)
       [2] _resolve_legal_translation (res://battle/geometry/battle_spatial_service.gd:245)
       [3] resolve_translation (res://battle/geometry/battle_spatial_service.gd:95)
       [4] _advance_participant (res://battle/runtime/battle_movement_service.gd:103)
       [5] advance (res://battle/runtime/battle_movement_service.gd:52)
       [6] _advance_validated (res://battle/runtime/battle_runtime_service.gd:152)
       [7] advance (res://battle/runtime/battle_runtime_service.gd:28)
       [8] _process (res://gameplay/arsenal_review.gd:203)
SCRIPT ERROR: Trying to assign an array of type "Array" to a variable of type "Array[String]".
   at: BattlefieldGeometry.get_obstacle_ids_at_point (res://battle/geometry/battlefield_geometry.gd:585)
   GDScript backtrace (most recent call first):
       [0] get_obstacle_ids_at_point (res://battle/geometry/battlefield_geometry.gd:585)
       [1] get_movement_blocking_obstacle_id_at (res://battle/geometry/battlefield_geometry.gd:259)
       [2] _blocking_obstacle_at (res://battle/geometry/battle_spatial_service.gd:414)
       [3] _resolve_legal_translation (res://battle/geometry/battle_spatial_service.gd:294)
       [4] resolve_translation (res://battle/geometry/battle_spatial_service.gd:95)
       [5] _advance_participant (res://battle/runtime/battle_movement_service.gd:103)
       [6] advance (res://battle/runtime/battle_movement_service.gd:52)
       [7] _advance_validated (res://battle/runtime/battle_runtime_service.gd:152)
       [8] advance (res://battle/runtime/battle_runtime_service.gd:28)
       [9] _process (res://gameplay/arsenal_review.gd:203)
SCRIPT ERROR: Trying to assign an array of type "Array" to a variable of type "Array[String]".
   at: BattlefieldGeometry.get_obstacle_ids_at_point (res://battle/geometry/battlefield_geometry.gd:585)
   GDScript backtrace (most recent call first):
       [0] get_obstacle_ids_at_point (res://battle/geometry/battlefield_geometry.gd:585)
       [1] get_movement_blocking_obstacle_id_at (res://battle/geometry/battlefield_geometry.gd:259)
       [2] _blocking_obstacle_at (res://battle/geometry/battle_spatial_service.gd:414)
       [3] resolve_translation (res://battle/geometry/battle_spatial_service.gd:65)
       [4] _advance_participant (res://battle/runtime/battle_movement_service.gd:103)
       [5] advance (res://battle/runtime/battle_movement_service.gd:52)
       [6] _advance_validated (res://battle/runtime/battle_runtime_service.gd:152)
       [7] advance (res://battle/runtime/battle_runtime_service.gd:28)
       [8] _process (res://gameplay/arsenal_review.gd:203)
SCRIPT ERROR: Trying to assign an array of type "Array" to a variable of type "Array[String]".
   at: BattlefieldGeometry.get_obstacle_ids_at_point (res://battle/geometry/battlefield_geometry.gd:585)
   GDScript backtrace (most recent call first):
       [0] get_obstacle_ids_at_point (res://battle/geometry/battlefield_geometry.gd:585)
       [1] get_obstacle_ids_in_rect (res://battle/geometry/battlefield_geometry.gd:599)
       [2] _resolve_legal_translation (res://battle/geometry/battle_spatial_service.gd:245)
       [3] resolve_translation (res://battle/geometry/battle_spatial_service.gd:95)
       [4] _advance_participant (res://battle/runtime/battle_movement_service.gd:103)
       [5] advance (res://battle/runtime/battle_movement_service.gd:52)
       [6] _advance_validated (res://battle/runtime/battle_runtime_service.gd:152)
       [7] advance (res://battle/runtime/battle_runtime_service.gd:28)
       [8] _process (res://gameplay/arsenal_review.gd:203)
SCRIPT ERROR: Trying to assign an array of type "Array" to a variable of type "Array[String]".
   at: BattlefieldGeometry.get_obstacle_ids_at_point (res://battle/geometry/battlefield_geometry.gd:585)
   GDScript backtrace (most recent call first):
       [0] get_obstacle_ids_at_point (res://battle/geometry/battlefield_geometry.gd:585)
       [1] get_movement_blocking_obstacle_id_at (res://battle/geometry/battlefield_geometry.gd:259)
       [2] _blocking_obstacle_at (res://battle/geometry/battle_spatial_service.gd:414)
       [3] _resolve_legal_translation (res://battle/geometry/battle_spatial_service.gd:294)
       [4] resolve_translation (res://battle/geometry/battle_spatial_service.gd:95)
       [5] _advance_participant (res://battle/runtime/battle_movement_service.gd:103)
       [6] advance (res://battle/runtime/battle_movement_service.gd:52)
       [7] _advance_validated (res://battle/runtime/battle_runtime_service.gd:152)
       [8] advance (res://battle/runtime/battle_runtime_service.gd:28)
       [9] _process (res://gameplay/arsenal_review.gd:203)
SCRIPT ERROR: Trying to assign an array of type "Array" to a variable of type "Array[String]".
   at: BattlefieldGeometry.get_obstacle_ids_at_point (res://battle/geometry/battlefield_geometry.gd:585)
   GDScript backtrace (most recent call first):
       [0] get_obstacle_ids_at_point (res://battle/geometry/battlefield_geometry.gd:585)
       [1] get_obstacle_ids_in_rect (res://battle/geometry/battlefield_geometry.gd:599)
       [2] _trace_segment (res://battle/combat/battle_line_of_sight_service.gd:191)
       [3] _trace_segment_cached (res://battle/combat/battle_line_of_sight_service.gd:143)
       [4] check_participant_to_participant (res://battle/combat/battle_line_of_sight_service.gd:57)
       [5] _healthy_no_role_cover_key (res://battle/combat/battle_combat_behavior_service.gd:1772)
       [6] _healthy_keep_no_role_cover_decision (res://battle/combat/battle_combat_behavior_service.gd:1844)
       [7] _update_healthy_role_cover_behavior (res://battle/combat/battle_combat_behavior_service.gd:893)
       [8] advance (res://battle/combat/battle_combat_behavior_service.gd:242)
       [9] _advance_validated (res://battle/runtime/battle_runtime_service.gd:116)
       [10] advance (res://battle/runtime/battle_runtime_service.gd:28)
       [11] _process (res://gameplay/arsenal_review.gd:203)
SCRIPT ERROR: Trying to assign an array of type "Array" to a variable of type "Array[String]".
   at: BattlefieldGeometry.get_obstacle_ids_at_point (res://battle/geometry/battlefield_geometry.gd:585)
   GDScript backtrace (most recent call first):
       [0] get_obstacle_ids_at_point (res://battle/geometry/battlefield_geometry.gd:585)
       [1] get_movement_blocking_obstacle_id_at (res://battle/geometry/battlefield_geometry.gd:259)
       [2] cover_hustle_multiplier (res://battle/runtime/battle_movement_service.gd:164)
       [3] _advance_participant (res://battle/runtime/battle_movement_service.gd:78)
       [4] advance (res://battle/runtime/battle_movement_service.gd:52)
       [5] _advance_validated (res://battle/runtime/battle_runtime_service.gd:152)
       [6] advance (res://battle/runtime/battle_runtime_service.gd:28)
       [7] _process (res://gameplay/arsenal_review.gd:203)
SCRIPT ERROR: Trying to assign an array of type "Array" to a variable of type "Array[String]".
   at: BattlefieldGeometry.get_obstacle_ids_at_point (res://battle/geometry/battlefield_geometry.gd:585)
   GDScript backtrace (most recent call first):
       [0] get_obstacle_ids_at_point (res://battle/geometry/battlefield_geometry.gd:585)
       [1] get_movement_blocking_obstacle_id_at (res://battle/geometry/battlefield_geometry.gd:259)
       [2] _blocking_obstacle_at (res://battle/geometry/battle_spatial_service.gd:414)
       [3] resolve_translation (res://battle/geometry/battle_spatial_service.gd:65)
       [4] _advance_participant (res://battle/runtime/battle_movement_service.gd:103)
       [5] advance (res://battle/runtime/battle_movement_service.gd:52)
       [6] _advance_validated (res://battle/runtime/battle_runtime_service.gd:152)
       [7] advance (res://battle/runtime/battle_runtime_service.gd:28)
       [8] _process (res://gameplay/arsenal_review.gd:203)
SCRIPT ERROR: Trying to assign an array of type "Array" to a variable of type "Array[String]".
   at: BattlefieldGeometry.get_obstacle_ids_at_point (res://battle/geometry/battlefield_geometry.gd:585)
   GDScript backtrace (most recent call first):
       [0] get_obstacle_ids_at_point (res://battle/geometry/battlefield_geometry.gd:585)
       [1] get_obstacle_ids_in_rect (res://battle/geometry/battlefield_geometry.gd:599)
       [2] _resolve_legal_translation (res://battle/geometry/battle_spatial_service.gd:245)
       [3] resolve_translation (res://battle/geometry/battle_spatial_service.gd:95)
       [4] _advance_participant (res://battle/runtime/battle_movement_service.gd:103)
       [5] advance (res://battle/runtime/battle_movement_service.gd:52)
       [6] _advance_validated (res://battle/runtime/battle_runtime_service.gd:152)
       [7] advance (res://battle/runtime/battle_runtime_service.gd:28)
       [8] _process (res://gameplay/arsenal_review.gd:203)
SCRIPT ERROR: Trying to assign an array of type "Array" to a variable of type "Array[String]".
   at: BattlefieldGeometry.get_obstacle_ids_at_point (res://battle/geometry/battlefield_geometry.gd:585)
   GDScript backtrace (most recent call first):
       [0] get_obstacle_ids_at_point (res://battle/geometry/battlefield_geometry.gd:585)
       [1] get_movement_blocking_obstacle_id_at (res://battle/geometry/battlefield_geometry.gd:259)
       [2] _blocking_obstacle_at (res://battle/geometry/battle_spatial_service.gd:414)
       [3] _resolve_legal_translation (res://battle/geometry/battle_spatial_service.gd:294)
       [4] resolve_translation (res://battle/geometry/battle_spatial_service.gd:95)
       [5] _advance_participant (res://battle/runtime/battle_movement_service.gd:103)
       [6] advance (res://battle/runtime/battle_movement_service.gd:52)
       [7] _advance_validated (res://battle/runtime/battle_runtime_service.gd:152)
       [8] advance (res://battle/runtime/battle_runtime_service.gd:28)
       [9] _process (res://gameplay/arsenal_review.gd:203)
SCRIPT ERROR: Trying to assign an array of type "Array" to a variable of type "Array[String]".
   at: BattlefieldGeometry.get_obstacle_ids_at_point (res://battle/geometry/battlefield_geometry.gd:585)
   GDScript backtrace (most recent call first):
       [0] get_obstacle_ids_at_point (res://battle/geometry/battlefield_geometry.gd:585)
       [1] get_movement_blocking_obstacle_id_at (res://battle/geometry/battlefield_geometry.gd:259)
       [2] _blocking_obstacle_at (res://battle/geometry/battle_spatial_service.gd:414)
       [3] resolve_translation (res://battle/geometry/battle_spatial_service.gd:65)
       [4] _advance_participant (res://battle/runtime/battle_movement_service.gd:103)
       [5] advance (res://battle/runtime/battle_movement_service.gd:52)
       [6] _advance_validated (res://battle/runtime/battle_runtime_service.gd:152)
       [7] advance (res://battle/runtime/battle_runtime_service.gd:28)
       [8] _process (res://gameplay/arsenal_review.gd:203)
SCRIPT ERROR: Trying to assign an array of type "Array" to a variable of type "Array[String]".
   at: BattlefieldGeometry.get_obstacle_ids_at_point (res://battle/geometry/battlefield_geometry.gd:585)
   GDScript backtrace (most recent call first):
       [0] get_obstacle_ids_at_point (res://battle/geometry/battlefield_geometry.gd:585)
       [1] get_obstacle_ids_in_rect (res://battle/geometry/battlefield_geometry.gd:599)
       [2] _resolve_legal_translation (res://battle/geometry/battle_spatial_service.gd:245)
       [3] resolve_translation (res://battle/geometry/battle_spatial_service.gd:95)
       [4] _advance_participant (res://battle/runtime/battle_movement_service.gd:103)
       [5] advance (res://battle/runtime/battle_movement_service.gd:52)
       [6] _advance_validated (res://battle/runtime/battle_runtime_service.gd:152)
       [7] advance (res://battle/runtime/battle_runtime_service.gd:28)
       [8] _process (res://gameplay/arsenal_review.gd:203)
SCRIPT ERROR: Trying to assign an array of type "Array" to a variable of type "Array[String]".
   at: BattlefieldGeometry.get_obstacle_ids_at_point (res://battle/geometry/battlefield_geometry.gd:585)
   GDScript backtrace (most recent call first):
       [0] get_obstacle_ids_at_point (res://battle/geometry/battlefield_geometry.gd:585)
       [1] get_movement_blocking_obstacle_id_at (res://battle/geometry/battlefield_geometry.gd:259)
       [2] _blocking_obstacle_at (res://battle/geometry/battle_spatial_service.gd:414)
       [3] _resolve_legal_translation (res://battle/geometry/battle_spatial_service.gd:294)
       [4] resolve_translation (res://battle/geometry/battle_spatial_service.gd:95)
       [5] _advance_participant (res://battle/runtime/battle_movement_service.gd:103)
       [6] advance (res://battle/runtime/battle_movement_service.gd:52)
       [7] _advance_validated (res://battle/runtime/battle_runtime_service.gd:152)
       [8] advance (res://battle/runtime/battle_runtime_service.gd:28)
       [9] _process (res://gameplay/arsenal_review.gd:203)
SCRIPT ERROR: Trying to assign an array of type "Array" to a variable of type "Array[String]".
   at: BattlefieldGeometry.get_obstacle_ids_at_point (res://battle/geometry/battlefield_geometry.gd:585)
   GDScript backtrace (most recent call first):
       [0] get_obstacle_ids_at_point (res://battle/geometry/battlefield_geometry.gd:585)
       [1] get_obstacle_ids_in_rect (res://battle/geometry/battlefield_geometry.gd:599)
       [2] _trace_segment (res://battle/combat/battle_line_of_sight_service.gd:191)
       [3] _trace_segment_cached (res://battle/combat/battle_line_of_sight_service.gd:143)
       [4] check_participant_to_participant (res://battle/combat/battle_line_of_sight_service.gd:57)
       [5] _healthy_no_role_cover_key (res://battle/combat/battle_combat_behavior_service.gd:1772)
       [6] _healthy_keep_no_role_cover_decision (res://battle/combat/battle_combat_behavior_service.gd:1844)
       [7] _update_healthy_role_cover_behavior (res://battle/combat/battle_combat_behavior_service.gd:893)
       [8] advance (res://battle/combat/battle_combat_behavior_service.gd:242)
       [9] _advance_validated (res://battle/runtime/battle_runtime_service.gd:116)
       [10] advance (res://battle/runtime/battle_runtime_service.gd:28)
       [11] _process (res://gameplay/arsenal_review.gd:203)
SCRIPT ERROR: Trying to assign an array of type "Array" to a variable of type "Array[String]".
   at: BattlefieldGeometry.get_obstacle_ids_at_point (res://battle/geometry/battlefield_geometry.gd:585)
   GDScript backtrace (most recent call first):
       [0] get_obstacle_ids_at_point (res://battle/geometry/battlefield_geometry.gd:585)
       [1] get_movement_blocking_obstacle_id_at (res://battle/geometry/battlefield_geometry.gd:259)
       [2] cover_hustle_multiplier (res://battle/runtime/battle_movement_service.gd:164)
       [3] _advance_participant (res://battle/runtime/battle_movement_service.gd:78)
       [4] advance (res://battle/runtime/battle_movement_service.gd:52)
       [5] _advance_validated (res://battle/runtime/battle_runtime_service.gd:152)
       [6] advance (res://battle/runtime/battle_runtime_service.gd:28)
       [7] _process (res://gameplay/arsenal_review.gd:203)
SCRIPT ERROR: Trying to assign an array of type "Array" to a variable of type "Array[String]".
   at: BattlefieldGeometry.get_obstacle_ids_at_point (res://battle/geometry/battlefield_geometry.gd:585)
   GDScript backtrace (most recent call first):
       [0] get_obstacle_ids_at_point (res://battle/geometry/battlefield_geometry.gd:585)
       [1] get_movement_blocking_obstacle_id_at (res://battle/geometry/battlefield_geometry.gd:259)
       [2] _blocking_obstacle_at (res://battle/geometry/battle_spatial_service.gd:414)
       [3] resolve_translation (res://battle/geometry/battle_spatial_service.gd:65)
       [4] _advance_participant (res://battle/runtime/battle_movement_service.gd:103)
       [5] advance (res://battle/runtime/battle_movement_service.gd:52)
       [6] _advance_validated (res://battle/runtime/battle_runtime_service.gd:152)
       [7] advance (res://battle/runtime/battle_runtime_service.gd:28)
       [8] _process (res://gameplay/arsenal_review.gd:203)
SCRIPT ERROR: Trying to assign an array of type "Array" to a variable of type "Array[String]".
   at: BattlefieldGeometry.get_obstacle_ids_at_point (res://battle/geometry/battlefield_geometry.gd:585)
   GDScript backtrace (most recent call first):
       [0] get_obstacle_ids_at_point (res://battle/geometry/battlefield_geometry.gd:585)
       [1] get_obstacle_ids_in_rect (res://battle/geometry/battlefield_geometry.gd:599)
       [2] _resolve_legal_translation (res://battle/geometry/battle_spatial_service.gd:245)
       [3] resolve_translation (res://battle/geometry/battle_spatial_service.gd:95)
       [4] _advance_participant (res://battle/runtime/battle_movement_service.gd:103)
       [5] advance (res://battle/runtime/battle_movement_service.gd:52)
       [6] _advance_validated (res://battle/runtime/battle_runtime_service.gd:152)
       [7] advance (res://battle/runtime/battle_runtime_service.gd:28)
       [8] _process (res://gameplay/arsenal_review.gd:203)
SCRIPT ERROR: Trying to assign an array of type "Array" to a variable of type "Array[String]".
   at: BattlefieldGeometry.get_obstacle_ids_at_point (res://battle/geometry/battlefield_geometry.gd:585)
   GDScript backtrace (most recent call first):
       [0] get_obstacle_ids_at_point (res://battle/geometry/battlefield_geometry.gd:585)
       [1] get_movement_blocking_obstacle_id_at (res://battle/geometry/battlefield_geometry.gd:259)
       [2] _blocking_obstacle_at (res://battle/geometry/battle_spatial_service.gd:414)
       [3] _resolve_legal_translation (res://battle/geometry/battle_spatial_service.gd:294)
       [4] resolve_translation (res://battle/geometry/battle_spatial_service.gd:95)
       [5] _advance_participant (res://battle/runtime/battle_movement_service.gd:103)
       [6] advance (res://battle/runtime/battle_movement_service.gd:52)
       [7] _advance_validated (res://battle/runtime/battle_runtime_service.gd:152)
       [8] advance (res://battle/runtime/battle_runtime_service.gd:28)
       [9] _process (res://gameplay/arsenal_review.gd:203)
SCRIPT ERROR: Trying to assign an array of type "Array" to a variable of type "Array[String]".
   at: BattlefieldGeometry.get_obstacle_ids_at_point (res://battle/geometry/battlefield_geometry.gd:585)
   GDScript backtrace (most recent call first):
       [0] get_obstacle_ids_at_point (res://battle/geometry/battlefield_geometry.gd:585)
       [1] get_movement_blocking_obstacle_id_at (res://battle/geometry/battlefield_geometry.gd:259)
       [2] _blocking_obstacle_at (res://battle/geometry/battle_spatial_service.gd:414)
       [3] resolve_translation (res://battle/geometry/battle_spatial_service.gd:65)
       [4] _advance_participant (res://battle/runtime/battle_movement_service.gd:103)
       [5] advance (res://battle/runtime/battle_movement_service.gd:52)
       [6] _advance_validated (res://battle/runtime/battle_runtime_service.gd:152)
       [7] advance (res://battle/runtime/battle_runtime_service.gd:28)
       [8] _process (res://gameplay/arsenal_review.gd:203)
SCRIPT ERROR: Trying to assign an array of type "Array" to a variable of type "Array[String]".
   at: BattlefieldGeometry.get_obstacle_ids_at_point (res://battle/geometry/battlefield_geometry.gd:585)
   GDScript backtrace (most recent call first):
       [0] get_obstacle_ids_at_point (res://battle/geometry/battlefield_geometry.gd:585)
       [1] get_obstacle_ids_in_rect (res://battle/geometry/battlefield_geometry.gd:599)
       [2] _resolve_legal_translation (res://battle/geometry/battle_spatial_service.gd:245)
       [3] resolve_translation (res://battle/geometry/battle_spatial_service.gd:95)
       [4] _advance_participant (res://battle/runtime/battle_movement_service.gd:103)
       [5] advance (res://battle/runtime/battle_movement_service.gd:52)
       [6] _advance_validated (res://battle/runtime/battle_runtime_service.gd:152)
       [7] advance (res://battle/runtime/battle_runtime_service.gd:28)
       [8] _process (res://gameplay/arsenal_review.gd:203)
SCRIPT ERROR: Trying to assign an array of type "Array" to a variable of type "Array[String]".
   at: BattlefieldGeometry.get_obstacle_ids_at_point (res://battle/geometry/battlefield_geometry.gd:585)
   GDScript backtrace (most recent call first):
       [0] get_obstacle_ids_at_point (res://battle/geometry/battlefield_geometry.gd:585)
       [1] get_movement_blocking_obstacle_id_at (res://battle/geometry/battlefield_geometry.gd:259)
       [2] _blocking_obstacle_at (res://battle/geometry/battle_spatial_service.gd:414)
       [3] _resolve_legal_translation (res://battle/geometry/battle_spatial_service.gd:294)
       [4] resolve_translation (res://battle/geometry/battle_spatial_service.gd:95)
       [5] _advance_participant (res://battle/runtime/battle_movement_service.gd:103)
       [6] advance (res://battle/runtime/battle_movement_service.gd:52)
       [7] _advance_validated (res://battle/runtime/battle_runtime_service.gd:152)
       [8] advance (res://battle/runtime/battle_runtime_service.gd:28)
       [9] _process (res://gameplay/arsenal_review.gd:203)
SCRIPT ERROR: Trying to assign an array of type "Array" to a variable of type "Array[String]".
   at: BattlefieldGeometry.get_obstacle_ids_at_point (res://battle/geometry/battlefield_geometry.gd:585)
   GDScript backtrace (most recent call first):
       [0] get_obstacle_ids_at_point (res://battle/geometry/battlefield_geometry.gd:585)
       [1] get_obstacle_ids_in_rect (res://battle/geometry/battlefield_geometry.gd:599)
       [2] _trace_segment (res://battle/combat/battle_line_of_sight_service.gd:191)
       [3] _trace_segment_cached (res://battle/combat/battle_line_of_sight_service.gd:143)
       [4] check_participant_to_participant (res://battle/combat/battle_line_of_sight_service.gd:57)
       [5] _healthy_no_role_cover_key (res://battle/combat/battle_combat_behavior_service.gd:1772)
       [6] _healthy_keep_no_role_cover_decision (res://battle/combat/battle_combat_behavior_service.gd:1844)
       [7] _update_healthy_role_cover_behavior (res://battle/combat/battle_combat_behavior_service.gd:893)
       [8] advance (res://battle/combat/battle_combat_behavior_service.gd:242)
       [9] _advance_validated (res://battle/runtime/battle_runtime_service.gd:116)
       [10] advance (res://battle/runtime/battle_runtime_service.gd:28)
       [11] _process (res://gameplay/arsenal_review.gd:203)
SCRIPT ERROR: Trying to assign an array of type "Array" to a variable of type "Array[String]".
   at: BattlefieldGeometry.get_obstacle_ids_at_point (res://battle/geometry/battlefield_geometry.gd:585)
   GDScript backtrace (most recent call first):
       [0] get_obstacle_ids_at_point (res://battle/geometry/battlefield_geometry.gd:585)
       [1] get_movement_blocking_obstacle_id_at (res://battle/geometry/battlefield_geometry.gd:259)
       [2] cover_hustle_multiplier (res://battle/runtime/battle_movement_service.gd:164)
       [3] _advance_participant (res://battle/runtime/battle_movement_service.gd:78)
       [4] advance (res://battle/runtime/battle_movement_service.gd:52)
       [5] _advance_validated (res://battle/runtime/battle_runtime_service.gd:152)
       [6] advance (res://battle/runtime/battle_runtime_service.gd:28)
       [7] _process (res://gameplay/arsenal_review.gd:203)
SCRIPT ERROR: Trying to assign an array of type "Array" to a variable of type "Array[String]".
   at: BattlefieldGeometry.get_obstacle_ids_at_point (res://battle/geometry/battlefield_geometry.gd:585)
   GDScript backtrace (most recent call first):
       [0] get_obstacle_ids_at_point (res://battle/geometry/battlefield_geometry.gd:585)
       [1] get_movement_blocking_obstacle_id_at (res://battle/geometry/battlefield_geometry.gd:259)
       [2] _blocking_obstacle_at (res://battle/geometry/battle_spatial_service.gd:414)
       [3] resolve_translation (res://battle/geometry/battle_spatial_service.gd:65)
       [4] _advance_participant (res://battle/runtime/battle_movement_service.gd:103)
       [5] advance (res://battle/runtime/battle_movement_service.gd:52)
       [6] _advance_validated (res://battle/runtime/battle_runtime_service.gd:152)
       [7] advance (res://battle/runtime/battle_runtime_service.gd:28)
       [8] _process (res://gameplay/arsenal_review.gd:203)
SCRIPT ERROR: Trying to assign an array of type "Array" to a variable of type "Array[String]".
   at: BattlefieldGeometry.get_obstacle_ids_at_point (res://battle/geometry/battlefield_geometry.gd:585)
   GDScript backtrace (most recent call first):
       [0] get_obstacle_ids_at_point (res://battle/geometry/battlefield_geometry.gd:585)
       [1] get_obstacle_ids_in_rect (res://battle/geometry/battlefield_geometry.gd:599)
       [2] _resolve_legal_translation (res://battle/geometry/battle_spatial_service.gd:245)
       [3] resolve_translation (res://battle/geometry/battle_spatial_service.gd:95)
       [4] _advance_participant (res://battle/runtime/battle_movement_service.gd:103)
       [5] advance (res://battle/runtime/battle_movement_service.gd:52)
       [6] _advance_validated (res://battle/runtime/battle_runtime_service.gd:152)
       [7] advance (res://battle/runtime/battle_runtime_service.gd:28)
       [8] _process (res://gameplay/arsenal_review.gd:203)
SCRIPT ERROR: Trying to assign an array of type "Array" to a variable of type "Array[String]".
   at: BattlefieldGeometry.get_obstacle_ids_at_point (res://battle/geometry/battlefield_geometry.gd:585)
   GDScript backtrace (most recent call first):
       [0] get_obstacle_ids_at_point (res://battle/geometry/battlefield_geometry.gd:585)
       [1] get_movement_blocking_obstacle_id_at (res://battle/geometry/battlefield_geometry.gd:259)
       [2] _blocking_obstacle_at (res://battle/geometry/battle_spatial_service.gd:414)
       [3] _resolve_legal_translation (res://battle/geometry/battle_spatial_service.gd:294)
       [4] resolve_translation (res://battle/geometry/battle_spatial_service.gd:95)
       [5] _advance_participant (res://battle/runtime/battle_movement_service.gd:103)
       [6] advance (res://battle/runtime/battle_movement_service.gd:52)
       [7] _advance_validated (res://battle/runtime/battle_runtime_service.gd:152)
       [8] advance (res://battle/runtime/battle_runtime_service.gd:28)
       [9] _process (res://gameplay/arsenal_review.gd:203)
SCRIPT ERROR: Trying to assign an array of type "Array" to a variable of type "Array[String]".
   at: BattlefieldGeometry.get_obstacle_ids_at_point (res://battle/geometry/battlefield_geometry.gd:585)
   GDScript backtrace (most recent call first):
       [0] get_obstacle_ids_at_point (res://battle/geometry/battlefield_geometry.gd:585)
       [1] get_movement_blocking_obstacle_id_at (res://battle/geometry/battlefield_geometry.gd:259)
       [2] _blocking_obstacle_at (res://battle/geometry/battle_spatial_service.gd:414)
       [3] resolve_translation (res://battle/geometry/battle_spatial_service.gd:65)
       [4] _advance_participant (res://battle/runtime/battle_movement_service.gd:103)
       [5] advance (res://battle/runtime/battle_movement_service.gd:52)
       [6] _advance_validated (res://battle/runtime/battle_runtime_service.gd:152)
       [7] advance (res://battle/runtime/battle_runtime_service.gd:28)
       [8] _process (res://gameplay/arsenal_review.gd:203)
SCRIPT ERROR: Trying to assign an array of type "Array" to a variable of type "Array[String]".
   at: BattlefieldGeometry.get_obstacle_ids_at_point (res://battle/geometry/battlefield_geometry.gd:585)
   GDScript backtrace (most recent call first):
       [0] get_obstacle_ids_at_point (res://battle/geometry/battlefield_geometry.gd:585)
       [1] get_obstacle_ids_in_rect (res://battle/geometry/battlefield_geometry.gd:599)
       [2] _resolve_legal_translation (res://battle/geometry/battle_spatial_service.gd:245)
       [3] resolve_translation (res://battle/geometry/battle_spatial_service.gd:95)
       [4] _advance_participant (res://battle/runtime/battle_movement_service.gd:103)
       [5] advance (res://battle/runtime/battle_movement_service.gd:52)
       [6] _advance_validated (res://battle/runtime/battle_runtime_service.gd:152)
       [7] advance (res://battle/runtime/battle_runtime_service.gd:28)
       [8] _process (res://gameplay/arsenal_review.gd:203)
SCRIPT ERROR: Trying to assign an array of type "Array" to a variable of type "Array[String]".
   at: BattlefieldGeometry.get_obstacle_ids_at_point (res://battle/geometry/battlefield_geometry.gd:585)
   GDScript backtrace (most recent call first):
       [0] get_obstacle_ids_at_point (res://battle/geometry/battlefield_geometry.gd:585)
       [1] get_movement_blocking_obstacle_id_at (res://battle/geometry/battlefield_geometry.gd:259)
       [2] _blocking_obstacle_at (res://battle/geometry/battle_spatial_service.gd:414)
       [3] _resolve_legal_translation (res://battle/geometry/battle_spatial_service.gd:294)
       [4] resolve_translation (res://battle/geometry/battle_spatial_service.gd:95)
       [5] _advance_participant (res://battle/runtime/battle_movement_service.gd:103)
       [6] advance (res://battle/runtime/battle_movement_service.gd:52)
       [7] _advance_validated (res://battle/runtime/battle_runtime_service.gd:152)
       [8] advance (res://battle/runtime/battle_runtime_service.gd:28)
       [9] _process (res://gameplay/arsenal_review.gd:203)
SCRIPT ERROR: Trying to assign an array of type "Array" to a variable of type "Array[String]".
   at: BattlefieldGeometry.get_obstacle_ids_at_point (res://battle/geometry/battlefield_geometry.gd:585)
   GDScript backtrace (most recent call first):
       [0] get_obstacle_ids_at_point (res://battle/geometry/battlefield_geometry.gd:585)
       [1] get_obstacle_ids_in_rect (res://battle/geometry/battlefield_geometry.gd:599)
       [2] _trace_segment (res://battle/combat/battle_line_of_sight_service.gd:191)
       [3] _trace_segment_cached (res://battle/combat/battle_line_of_sight_service.gd:143)
       [4] check_participant_to_participant (res://battle/combat/battle_line_of_sight_service.gd:57)
       [5] _healthy_no_role_cover_key (res://battle/combat/battle_combat_behavior_service.gd:1772)
       [6] _healthy_keep_no_role_cover_decision (res://battle/combat/battle_combat_behavior_service.gd:1844)
       [7] _update_healthy_role_cover_behavior (res://battle/combat/battle_combat_behavior_service.gd:893)
       [8] advance (res://battle/combat/battle_combat_behavior_service.gd:242)
       [9] _advance_validated (res://battle/runtime/battle_runtime_service.gd:116)
       [10] advance (res://battle/runtime/battle_runtime_service.gd:28)
       [11] _process (res://gameplay/arsenal_review.gd:203)
SCRIPT ERROR: Trying to assign an array of type "Array" to a variable of type "Array[String]".
   at: BattlefieldGeometry.get_obstacle_ids_at_point (res://battle/geometry/battlefield_geometry.gd:585)
   GDScript backtrace (most recent call first):
       [0] get_obstacle_ids_at_point (res://battle/geometry/battlefield_geometry.gd:585)
       [1] get_movement_blocking_obstacle_id_at (res://battle/geometry/battlefield_geometry.gd:259)
       [2] _blocking_obstacle_id (res://battle/navigation/battle_navigation_service.gd:610)
       [3] _find_path (res://battle/navigation/battle_navigation_service.gd:156)
       [4] find_path (res://battle/navigation/battle_navigation_service.gd:96)
       [5] _find_combat_navigation_path (res://battle/combat/battle_combat_behavior_service.gd:2014)
       [6] _update_combat_movement (res://battle/combat/battle_combat_behavior_service.gd:2437)
       [7] advance (res://battle/combat/battle_combat_behavior_service.gd:279)
       [8] _advance_validated (res://battle/runtime/battle_runtime_service.gd:116)
       [9] advance (res://battle/runtime/battle_runtime_service.gd:28)
       [10] _process (res://gameplay/arsenal_review.gd:203)
SCRIPT ERROR: Trying to assign an array of type "Array" to a variable of type "Array[String]".
   at: BattlefieldGeometry.get_obstacle_ids_at_point (res://battle/geometry/battlefield_geometry.gd:585)
   GDScript backtrace (most recent call first):
       [0] get_obstacle_ids_at_point (res://battle/geometry/battlefield_geometry.gd:585)
       [1] get_movement_blocking_obstacle_id_at (res://battle/geometry/battlefield_geometry.gd:259)
       [2] _blocking_obstacle_at (res://battle/geometry/battle_spatial_service.gd:414)
       [3] resolve_translation (res://battle/geometry/battle_spatial_service.gd:65)
       [4] is_translation_clear (res://battle/geometry/battle_spatial_service.gd:155)
       [5] _find_path (res://battle/navigation/battle_navigation_service.gd:194)
       [6] find_path (res://battle/navigation/battle_navigation_service.gd:96)
       [7] _find_combat_navigation_path (res://battle/combat/battle_combat_behavior_service.gd:2014)
       [8] _update_combat_movement (res://battle/combat/battle_combat_behavior_service.gd:2437)
       [9] advance (res://battle/combat/battle_combat_behavior_service.gd:279)
       [10] _advance_validated (res://battle/runtime/battle_runtime_service.gd:116)
       [11] advance (res://battle/runtime/battle_runtime_service.gd:28)
       [12] _process (res://gameplay/arsenal_review.gd:203)
SCRIPT ERROR: Trying to assign an array of type "Array" to a variable of type "Array[String]".
   at: BattlefieldGeometry.get_obstacle_ids_at_point (res://battle/geometry/battlefield_geometry.gd:585)
   GDScript backtrace (most recent call first):
       [0] get_obstacle_ids_at_point (res://battle/geometry/battlefield_geometry.gd:585)
       [1] get_obstacle_ids_in_rect (res://battle/geometry/battlefield_geometry.gd:599)
       [2] _resolve_legal_translation (res://battle/geometry/battle_spatial_service.gd:245)
       [3] resolve_translation (res://battle/geometry/battle_spatial_service.gd:95)
       [4] is_translation_clear (res://battle/geometry/battle_spatial_service.gd:155)
       [5] _find_path (res://battle/navigation/battle_navigation_service.gd:194)
       [6] find_path (res://battle/navigation/battle_navigation_service.gd:96)
       [7] _find_combat_navigation_path (res://battle/combat/battle_combat_behavior_service.gd:2014)
       [8] _update_combat_movement (res://battle/combat/battle_combat_behavior_service.gd:2437)
       [9] advance (res://battle/combat/battle_combat_behavior_service.gd:279)
       [10] _advance_validated (res://battle/runtime/battle_runtime_service.gd:116)
       [11] advance (res://battle/runtime/battle_runtime_service.gd:28)
       [12] _process (res://gameplay/arsenal_review.gd:203)
SCRIPT ERROR: Trying to assign an array of type "Array" to a variable of type "Array[String]".
   at: BattlefieldGeometry.get_obstacle_ids_at_point (res://battle/geometry/battlefield_geometry.gd:585)
   GDScript backtrace (most recent call first):
       [0] get_obstacle_ids_at_point (res://battle/geometry/battlefield_geometry.gd:585)
       [1] get_movement_blocking_obstacle_id_at (res://battle/geometry/battlefield_geometry.gd:259)
       [2] cover_hustle_multiplier (res://battle/runtime/battle_movement_service.gd:164)
       [3] _advance_participant (res://battle/runtime/battle_movement_service.gd:78)
       [4] advance (res://battle/runtime/battle_movement_service.gd:52)
       [5] _advance_validated (res://battle/runtime/battle_runtime_service.gd:152)
       [6] advance (res://battle/runtime/battle_runtime_service.gd:28)
       [7] _process (res://gameplay/arsenal_review.gd:203)
SCRIPT ERROR: Trying to assign an array of type "Array" to a variable of type "Array[String]".
   at: BattlefieldGeometry.get_obstacle_ids_at_point (res://battle/geometry/battlefield_geometry.gd:585)
   GDScript backtrace (most recent call first):
       [0] get_obstacle_ids_at_point (res://battle/geometry/battlefield_geometry.gd:585)
       [1] get_movement_blocking_obstacle_id_at (res://battle/geometry/battlefield_geometry.gd:259)
       [2] _blocking_obstacle_at (res://battle/geometry/battle_spatial_service.gd:414)
       [3] resolve_translation (res://battle/geometry/battle_spatial_service.gd:65)
       [4] _advance_participant (res://battle/runtime/battle_movement_service.gd:103)
       [5] advance (res://battle/runtime/battle_movement_service.gd:52)
       [6] _advance_validated (res://battle/runtime/battle_runtime_service.gd:152)
       [7] advance (res://battle/runtime/battle_runtime_service.gd:28)
       [8] _process (res://gameplay/arsenal_review.gd:203)
SCRIPT ERROR: Trying to assign an array of type "Array" to a variable of type "Array[String]".
   at: BattlefieldGeometry.get_obstacle_ids_at_point (res://battle/geometry/battlefield_geometry.gd:585)
   GDScript backtrace (most recent call first):
       [0] get_obstacle_ids_at_point (res://battle/geometry/battlefield_geometry.gd:585)
       [1] get_obstacle_ids_in_rect (res://battle/geometry/battlefield_geometry.gd:599)
       [2] _resolve_legal_translation (res://battle/geometry/battle_spatial_service.gd:245)
       [3] resolve_translation (res://battle/geometry/battle_spatial_service.gd:95)
       [4] _advance_participant (res://battle/runtime/battle_movement_service.gd:103)
       [5] advance (res://battle/runtime/battle_movement_service.gd:52)
       [6] _advance_validated (res://battle/runtime/battle_runtime_service.gd:152)
       [7] advance (res://battle/runtime/battle_runtime_service.gd:28)
       [8] _process (res://gameplay/arsenal_review.gd:203)
SCRIPT ERROR: Trying to assign an array of type "Array" to a variable of type "Array[String]".
   at: BattlefieldGeometry.get_obstacle_ids_at_point (res://battle/geometry/battlefield_geometry.gd:585)
   GDScript backtrace (most recent call first):
       [0] get_obstacle_ids_at_point (res://battle/geometry/battlefield_geometry.gd:585)
       [1] get_movement_blocking_obstacle_id_at (res://battle/geometry/battlefield_geometry.gd:259)
       [2] _blocking_obstacle_at (res://battle/geometry/battle_spatial_service.gd:414)
       [3] _resolve_legal_translation (res://battle/geometry/battle_spatial_service.gd:294)
       [4] resolve_translation (res://battle/geometry/battle_spatial_service.gd:95)
       [5] _advance_participant (res://battle/runtime/battle_movement_service.gd:103)
       [6] advance (res://battle/runtime/battle_movement_service.gd:52)
       [7] _advance_validated (res://battle/runtime/battle_runtime_service.gd:152)
       [8] advance (res://battle/runtime/battle_runtime_service.gd:28)
       [9] _process (res://gameplay/arsenal_review.gd:203)
SCRIPT ERROR: Trying to assign an array of type "Array" to a variable of type "Array[String]".
   at: BattlefieldGeometry.get_obstacle_ids_at_point (res://battle/geometry/battlefield_geometry.gd:585)
   GDScript backtrace (most recent call first):
       [0] get_obstacle_ids_at_point (res://battle/geometry/battlefield_geometry.gd:585)
       [1] get_movement_blocking_obstacle_id_at (res://battle/geometry/battlefield_geometry.gd:259)
       [2] _blocking_obstacle_at (res://battle/geometry/battle_spatial_service.gd:414)
       [3] resolve_translation (res://battle/geometry/battle_spatial_service.gd:65)
       [4] _advance_participant (res://battle/runtime/battle_movement_service.gd:103)
       [5] advance (res://battle/runtime/battle_movement_service.gd:52)
       [6] _advance_validated (res://battle/runtime/battle_runtime_service.gd:152)
       [7] advance (res://battle/runtime/battle_runtime_service.gd:28)
       [8] _process (res://gameplay/arsenal_review.gd:203)
SCRIPT ERROR: Trying to assign an array of type "Array" to a variable of type "Array[String]".
   at: BattlefieldGeometry.get_obstacle_ids_at_point (res://battle/geometry/battlefield_geometry.gd:585)
   GDScript backtrace (most recent call first):
       [0] get_obstacle_ids_at_point (res://battle/geometry/battlefield_geometry.gd:585)
       [1] get_obstacle_ids_in_rect (res://battle/geometry/battlefield_geometry.gd:599)
       [2] _resolve_legal_translation (res://battle/geometry/battle_spatial_service.gd:245)
       [3] resolve_translation (res://battle/geometry/battle_spatial_service.gd:95)
       [4] _advance_participant (res://battle/runtime/battle_movement_service.gd:103)
       [5] advance (res://battle/runtime/battle_movement_service.gd:52)
       [6] _advance_validated (res://battle/runtime/battle_runtime_service.gd:152)
       [7] advance (res://battle/runtime/battle_runtime_service.gd:28)
       [8] _process (res://gameplay/arsenal_review.gd:203)
SCRIPT ERROR: Trying to assign an array of type "Array" to a variable of type "Array[String]".
   at: BattlefieldGeometry.get_obstacle_ids_at_point (res://battle/geometry/battlefield_geometry.gd:585)
   GDScript backtrace (most recent call first):
       [0] get_obstacle_ids_at_point (res://battle/geometry/battlefield_geometry.gd:585)
       [1] get_movement_blocking_obstacle_id_at (res://battle/geometry/battlefield_geometry.gd:259)
       [2] _blocking_obstacle_at (res://battle/geometry/battle_spatial_service.gd:414)
       [3] _resolve_legal_translation (res://battle/geometry/battle_spatial_service.gd:294)
       [4] resolve_translation (res://battle/geometry/battle_spatial_service.gd:95)
       [5] _advance_participant (res://battle/runtime/battle_movement_service.gd:103)
       [6] advance (res://battle/runtime/battle_movement_service.gd:52)
       [7] _advance_validated (res://battle/runtime/battle_runtime_service.gd:152)
       [8] advance (res://battle/runtime/battle_runtime_service.gd:28)
       [9] _process (res://gameplay/arsenal_review.gd:203)
SCRIPT ERROR: Trying to assign an array of type "Array" to a variable of type "Array[String]".
   at: BattlefieldGeometry.get_obstacle_ids_at_point (res://battle/geometry/battlefield_geometry.gd:585)
   GDScript backtrace (most recent call first):
       [0] get_obstacle_ids_at_point (res://battle/geometry/battlefield_geometry.gd:585)
       [1] get_obstacle_ids_in_rect (res://battle/geometry/battlefield_geometry.gd:599)
       [2] _trace_segment (res://battle/combat/battle_line_of_sight_service.gd:191)
       [3] _trace_segment_cached (res://battle/combat/battle_line_of_sight_service.gd:143)
       [4] check_participant_to_participant (res://battle/combat/battle_line_of_sight_service.gd:57)
       [5] _healthy_no_role_cover_key (res://battle/combat/battle_combat_behavior_service.gd:1772)
       [6] _healthy_keep_no_role_cover_decision (res://battle/combat/battle_combat_behavior_service.gd:1844)
       [7] _update_healthy_role_cover_behavior (res://battle/combat/battle_combat_behavior_service.gd:893)
       [8] advance (res://battle/combat/battle_combat_behavior_service.gd:242)
       [9] _advance_validated (res://battle/runtime/battle_runtime_service.gd:116)
       [10] advance (res://battle/runtime/battle_runtime_service.gd:28)
       [11] _process (res://gameplay/arsenal_review.gd:203)
SCRIPT ERROR: Trying to assign an array of type "Array" to a variable of type "Array[String]".
   at: BattlefieldGeometry.get_obstacle_ids_at_point (res://battle/geometry/battlefield_geometry.gd:585)
   GDScript backtrace (most recent call first):
       [0] get_obstacle_ids_at_point (res://battle/geometry/battlefield_geometry.gd:585)
       [1] get_movement_blocking_obstacle_id_at (res://battle/geometry/battlefield_geometry.gd:259)
       [2] cover_hustle_multiplier (res://battle/runtime/battle_movement_service.gd:164)
       [3] _advance_participant (res://battle/runtime/battle_movement_service.gd:78)
       [4] advance (res://battle/runtime/battle_movement_service.gd:52)
       [5] _advance_validated (res://battle/runtime/battle_runtime_service.gd:152)
       [6] advance (res://battle/runtime/battle_runtime_service.gd:28)
       [7] _process (res://gameplay/arsenal_review.gd:203)
SCRIPT ERROR: Trying to assign an array of type "Array" to a variable of type "Array[String]".
   at: BattlefieldGeometry.get_obstacle_ids_at_point (res://battle/geometry/battlefield_geometry.gd:585)
   GDScript backtrace (most recent call first):
       [0] get_obstacle_ids_at_point (res://battle/geometry/battlefield_geometry.gd:585)
       [1] get_movement_blocking_obstacle_id_at (res://battle/geometry/battlefield_geometry.gd:259)
       [2] _blocking_obstacle_at (res://battle/geometry/battle_spatial_service.gd:414)
       [3] resolve_translation (res://battle/geometry/battle_spatial_service.gd:65)
       [4] _advance_participant (res://battle/runtime/battle_movement_service.gd:103)
       [5] advance (res://battle/runtime/battle_movement_service.gd:52)
       [6] _advance_validated (res://battle/runtime/battle_runtime_service.gd:152)
       [7] advance (res://battle/runtime/battle_runtime_service.gd:28)
       [8] _process (res://gameplay/arsenal_review.gd:203)
SCRIPT ERROR: Trying to assign an array of type "Array" to a variable of type "Array[String]".
   at: BattlefieldGeometry.get_obstacle_ids_at_point (res://battle/geometry/battlefield_geometry.gd:585)
   GDScript backtrace (most recent call first):
       [0] get_obstacle_ids_at_point (res://battle/geometry/battlefield_geometry.gd:585)
       [1] get_obstacle_ids_in_rect (res://battle/geometry/battlefield_geometry.gd:599)
       [2] _resolve_legal_translation (res://battle/geometry/battle_spatial_service.gd:245)
       [3] resolve_translation (res://battle/geometry/battle_spatial_service.gd:95)
       [4] _advance_participant (res://battle/runtime/battle_movement_service.gd:103)
       [5] advance (res://battle/runtime/battle_movement_service.gd:52)
       [6] _advance_validated (res://battle/runtime/battle_runtime_service.gd:152)
       [7] advance (res://battle/runtime/battle_runtime_service.gd:28)
       [8] _process (res://gameplay/arsenal_review.gd:203)
SCRIPT ERROR: Trying to assign an array of type "Array" to a variable of type "Array[String]".
   at: BattlefieldGeometry.get_obstacle_ids_at_point (res://battle/geometry/battlefield_geometry.gd:585)
   GDScript backtrace (most recent call first):
       [0] get_obstacle_ids_at_point (res://battle/geometry/battlefield_geometry.gd:585)
       [1] get_movement_blocking_obstacle_id_at (res://battle/geometry/battlefield_geometry.gd:259)
       [2] _blocking_obstacle_at (res://battle/geometry/battle_spatial_service.gd:414)
       [3] _resolve_legal_translation (res://battle/geometry/battle_spatial_service.gd:294)
       [4] resolve_translation (res://battle/geometry/battle_spatial_service.gd:95)
       [5] _advance_participant (res://battle/runtime/battle_movement_service.gd:103)
       [6] advance (res://battle/runtime/battle_movement_service.gd:52)
       [7] _advance_validated (res://battle/runtime/battle_runtime_service.gd:152)
       [8] advance (res://battle/runtime/battle_runtime_service.gd:28)
       [9] _process (res://gameplay/arsenal_review.gd:203)
SCRIPT ERROR: Trying to assign an array of type "Array" to a variable of type "Array[String]".
   at: BattlefieldGeometry.get_obstacle_ids_at_point (res://battle/geometry/battlefield_geometry.gd:585)
   GDScript backtrace (most recent call first):
       [0] get_obstacle_ids_at_point (res://battle/geometry/battlefield_geometry.gd:585)
       [1] get_movement_blocking_obstacle_id_at (res://battle/geometry/battlefield_geometry.gd:259)
       [2] _blocking_obstacle_at (res://battle/geometry/battle_spatial_service.gd:414)
       [3] resolve_translation (res://battle/geometry/battle_spatial_service.gd:65)
       [4] _advance_participant (res://battle/runtime/battle_movement_service.gd:103)
       [5] advance (res://battle/runtime/battle_movement_service.gd:52)
       [6] _advance_validated (res://battle/runtime/battle_runtime_service.gd:152)
       [7] advance (res://battle/runtime/battle_runtime_service.gd:28)
       [8] _process (res://gameplay/arsenal_review.gd:203)
SCRIPT ERROR: Trying to assign an array of type "Array" to a variable of type "Array[String]".
   at: BattlefieldGeometry.get_obstacle_ids_at_point (res://battle/geometry/battlefield_geometry.gd:585)
   GDScript backtrace (most recent call first):
       [0] get_obstacle_ids_at_point (res://battle/geometry/battlefield_geometry.gd:585)
       [1] get_obstacle_ids_in_rect (res://battle/geometry/battlefield_geometry.gd:599)
       [2] _resolve_legal_translation (res://battle/geometry/battle_spatial_service.gd:245)
       [3] resolve_translation (res://battle/geometry/battle_spatial_service.gd:95)
       [4] _advance_participant (res://battle/runtime/battle_movement_service.gd:103)
       [5] advance (res://battle/runtime/battle_movement_service.gd:52)
       [6] _advance_validated (res://battle/runtime/battle_runtime_service.gd:152)
       [7] advance (res://battle/runtime/battle_runtime_service.gd:28)
       [8] _process (res://gameplay/arsenal_review.gd:203)
SCRIPT ERROR: Trying to assign an array of type "Array" to a variable of type "Array[String]".
   at: BattlefieldGeometry.get_obstacle_ids_at_point (res://battle/geometry/battlefield_geometry.gd:585)
   GDScript backtrace (most recent call first):
       [0] get_obstacle_ids_at_point (res://battle/geometry/battlefield_geometry.gd:585)
       [1] get_movement_blocking_obstacle_id_at (res://battle/geometry/battlefield_geometry.gd:259)
       [2] _blocking_obstacle_at (res://battle/geometry/battle_spatial_service.gd:414)
       [3] _resolve_legal_translation (res://battle/geometry/battle_spatial_service.gd:294)
       [4] resolve_translation (res://battle/geometry/battle_spatial_service.gd:95)
       [5] _advance_participant (res://battle/runtime/battle_movement_service.gd:103)
       [6] advance (res://battle/runtime/battle_movement_service.gd:52)
       [7] _advance_validated (res://battle/runtime/battle_runtime_service.gd:152)
       [8] advance (res://battle/runtime/battle_runtime_service.gd:28)
       [9] _process (res://gameplay/arsenal_review.gd:203)
SCRIPT ERROR: Trying to assign an array of type "Array" to a variable of type "Array[String]".
   at: BattlefieldGeometry.get_obstacle_ids_at_point (res://battle/geometry/battlefield_geometry.gd:585)
   GDScript backtrace (most recent call first):
       [0] get_obstacle_ids_at_point (res://battle/geometry/battlefield_geometry.gd:585)
       [1] get_obstacle_ids_in_rect (res://battle/geometry/battlefield_geometry.gd:599)
       [2] _trace_segment (res://battle/combat/battle_line_of_sight_service.gd:191)
       [3] _trace_segment_cached (res://battle/combat/battle_line_of_sight_service.gd:143)
       [4] check_participant_to_participant (res://battle/combat/battle_line_of_sight_service.gd:57)
       [5] _healthy_no_role_cover_key (res://battle/combat/battle_combat_behavior_service.gd:1772)
       [6] _healthy_keep_no_role_cover_decision (res://battle/combat/battle_combat_behavior_service.gd:1844)
       [7] _update_healthy_role_cover_behavior (res://battle/combat/battle_combat_behavior_service.gd:893)
       [8] advance (res://battle/combat/battle_combat_behavior_service.gd:242)
       [9] _advance_validated (res://battle/runtime/battle_runtime_service.gd:116)
       [10] advance (res://battle/runtime/battle_runtime_service.gd:28)
       [11] _process (res://gameplay/arsenal_review.gd:203)
SCRIPT ERROR: Trying to assign an array of type "Array" to a variable of type "Array[String]".
   at: BattlefieldGeometry.get_obstacle_ids_at_point (res://battle/geometry/battlefield_geometry.gd:585)
   GDScript backtrace (most recent call first):
       [0] get_obstacle_ids_at_point (res://battle/geometry/battlefield_geometry.gd:585)
       [1] get_movement_blocking_obstacle_id_at (res://battle/geometry/battlefield_geometry.gd:259)
       [2] cover_hustle_multiplier (res://battle/runtime/battle_movement_service.gd:164)
       [3] _advance_participant (res://battle/runtime/battle_movement_service.gd:78)
       [4] advance (res://battle/runtime/battle_movement_service.gd:52)
       [5] _advance_validated (res://battle/runtime/battle_runtime_service.gd:152)
       [6] advance (res://battle/runtime/battle_runtime_service.gd:28)
       [7] _process (res://gameplay/arsenal_review.gd:203)
SCRIPT ERROR: Trying to assign an array of type "Array" to a variable of type "Array[String]".
   at: BattlefieldGeometry.get_obstacle_ids_at_point (res://battle/geometry/battlefield_geometry.gd:585)
   GDScript backtrace (most recent call first):
       [0] get_obstacle_ids_at_point (res://battle/geometry/battlefield_geometry.gd:585)
       [1] get_movement_blocking_obstacle_id_at (res://battle/geometry/battlefield_geometry.gd:259)
       [2] _blocking_obstacle_at (res://battle/geometry/battle_spatial_service.gd:414)
       [3] resolve_translation (res://battle/geometry/battle_spatial_service.gd:65)
       [4] _advance_participant (res://battle/runtime/battle_movement_service.gd:103)
       [5] advance (res://battle/runtime/battle_movement_service.gd:52)
       [6] _advance_validated (res://battle/runtime/battle_runtime_service.gd:152)
       [7] advance (res://battle/runtime/battle_runtime_service.gd:28)
       [8] _process (res://gameplay/arsenal_review.gd:203)
SCRIPT ERROR: Trying to assign an array of type "Array" to a variable of type "Array[String]".
   at: BattlefieldGeometry.get_obstacle_ids_at_point (res://battle/geometry/battlefield_geometry.gd:585)
   GDScript backtrace (most recent call first):
       [0] get_obstacle_ids_at_point (res://battle/geometry/battlefield_geometry.gd:585)
       [1] get_obstacle_ids_in_rect (res://battle/geometry/battlefield_geometry.gd:599)
       [2] _resolve_legal_translation (res://battle/geometry/battle_spatial_service.gd:245)
       [3] resolve_translation (res://battle/geometry/battle_spatial_service.gd:95)
       [4] _advance_participant (res://battle/runtime/battle_movement_service.gd:103)
       [5] advance (res://battle/runtime/battle_movement_service.gd:52)
       [6] _advance_validated (res://battle/runtime/battle_runtime_service.gd:152)
       [7] advance (res://battle/runtime/battle_runtime_service.gd:28)
       [8] _process (res://gameplay/arsenal_review.gd:203)
SCRIPT ERROR: Trying to assign an array of type "Array" to a variable of type "Array[String]".
   at: BattlefieldGeometry.get_obstacle_ids_at_point (res://battle/geometry/battlefield_geometry.gd:585)
   GDScript backtrace (most recent call first):
       [0] get_obstacle_ids_at_point (res://battle/geometry/battlefield_geometry.gd:585)
       [1] get_movement_blocking_obstacle_id_at (res://battle/geometry/battlefield_geometry.gd:259)
       [2] _blocking_obstacle_at (res://battle/geometry/battle_spatial_service.gd:414)
       [3] _resolve_legal_translation (res://battle/geometry/battle_spatial_service.gd:294)
       [4] resolve_translation (res://battle/geometry/battle_spatial_service.gd:95)
       [5] _advance_participant (res://battle/runtime/battle_movement_service.gd:103)
       [6] advance (res://battle/runtime/battle_movement_service.gd:52)
       [7] _advance_validated (res://battle/runtime/battle_runtime_service.gd:152)
       [8] advance (res://battle/runtime/battle_runtime_service.gd:28)
       [9] _process (res://gameplay/arsenal_review.gd:203)
SCRIPT ERROR: Trying to assign an array of type "Array" to a variable of type "Array[String]".
   at: BattlefieldGeometry.get_obstacle_ids_at_point (res://battle/geometry/battlefield_geometry.gd:585)
   GDScript backtrace (most recent call first):
       [0] get_obstacle_ids_at_point (res://battle/geometry/battlefield_geometry.gd:585)
       [1] get_movement_blocking_obstacle_id_at (res://battle/geometry/battlefield_geometry.gd:259)
       [2] _blocking_obstacle_at (res://battle/geometry/battle_spatial_service.gd:414)
       [3] resolve_translation (res://battle/geometry/battle_spatial_service.gd:65)
       [4] _advance_participant (res://battle/runtime/battle_movement_service.gd:103)
       [5] advance (res://battle/runtime/battle_movement_service.gd:52)
       [6] _advance_validated (res://battle/runtime/battle_runtime_service.gd:152)
       [7] advance (res://battle/runtime/battle_runtime_service.gd:28)
       [8] _process (res://gameplay/arsenal_review.gd:203)
SCRIPT ERROR: Trying to assign an array of type "Array" to a variable of type "Array[String]".
   at: BattlefieldGeometry.get_obstacle_ids_at_point (res://battle/geometry/battlefield_geometry.gd:585)
   GDScript backtrace (most recent call first):
       [0] get_obstacle_ids_at_point (res://battle/geometry/battlefield_geometry.gd:585)
       [1] get_obstacle_ids_in_rect (res://battle/geometry/battlefield_geometry.gd:599)
       [2] _resolve_legal_translation (res://battle/geometry/battle_spatial_service.gd:245)
       [3] resolve_translation (res://battle/geometry/battle_spatial_service.gd:95)
       [4] _advance_participant (res://battle/runtime/battle_movement_service.gd:103)
       [5] advance (res://battle/runtime/battle_movement_service.gd:52)
       [6] _advance_validated (res://battle/runtime/battle_runtime_service.gd:152)
       [7] advance (res://battle/runtime/battle_runtime_service.gd:28)
       [8] _process (res://gameplay/arsenal_review.gd:203)
SCRIPT ERROR: Trying to assign an array of type "Array" to a variable of type "Array[String]".
   at: BattlefieldGeometry.get_obstacle_ids_at_point (res://battle/geometry/battlefield_geometry.gd:585)
   GDScript backtrace (most recent call first):
       [0] get_obstacle_ids_at_point (res://battle/geometry/battlefield_geometry.gd:585)
       [1] get_movement_blocking_obstacle_id_at (res://battle/geometry/battlefield_geometry.gd:259)
       [2] _blocking_obstacle_at (res://battle/geometry/battle_spatial_service.gd:414)
       [3] _resolve_legal_translation (res://battle/geometry/battle_spatial_service.gd:294)
       [4] resolve_translation (res://battle/geometry/battle_spatial_service.gd:95)
       [5] _advance_participant (res://battle/runtime/battle_movement_service.gd:103)
       [6] advance (res://battle/runtime/battle_movement_service.gd:52)
       [7] _advance_validated (res://battle/runtime/battle_runtime_service.gd:152)
       [8] advance (res://battle/runtime/battle_runtime_service.gd:28)
       [9] _process (res://gameplay/arsenal_review.gd:203)
SCRIPT ERROR: Trying to assign an array of type "Array" to a variable of type "Array[String]".
   at: BattlefieldGeometry.get_obstacle_ids_at_point (res://battle/geometry/battlefield_geometry.gd:585)
   GDScript backtrace (most recent call first):
       [0] get_obstacle_ids_at_point (res://battle/geometry/battlefield_geometry.gd:585)
       [1] get_obstacle_ids_in_rect (res://battle/geometry/battlefield_geometry.gd:599)
       [2] _trace_segment (res://battle/combat/battle_line_of_sight_service.gd:191)
       [3] _trace_segment_cached (res://battle/combat/battle_line_of_sight_service.gd:143)
       [4] check_participant_to_participant (res://battle/combat/battle_line_of_sight_service.gd:57)
       [5] _healthy_no_role_cover_key (res://battle/combat/battle_combat_behavior_service.gd:1772)
       [6] _healthy_keep_no_role_cover_decision (res://battle/combat/battle_combat_behavior_service.gd:1844)
       [7] _update_healthy_role_cover_behavior (res://battle/combat/battle_combat_behavior_service.gd:893)
       [8] advance (res://battle/combat/battle_combat_behavior_service.gd:242)
       [9] _advance_validated (res://battle/runtime/battle_runtime_service.gd:116)
       [10] advance (res://battle/runtime/battle_runtime_service.gd:28)
       [11] _process (res://gameplay/arsenal_review.gd:203)
SCRIPT ERROR: Trying to assign an array of type "Array" to a variable of type "Array[String]".
   at: BattlefieldGeometry.get_obstacle_ids_at_point (res://battle/geometry/battlefield_geometry.gd:585)
   GDScript backtrace (most recent call first):
       [0] get_obstacle_ids_at_point (res://battle/geometry/battlefield_geometry.gd:585)
       [1] get_movement_blocking_obstacle_id_at (res://battle/geometry/battlefield_geometry.gd:259)
       [2] cover_hustle_multiplier (res://battle/runtime/battle_movement_service.gd:164)
       [3] _advance_participant (res://battle/runtime/battle_movement_service.gd:78)
       [4] advance (res://battle/runtime/battle_movement_service.gd:52)
       [5] _advance_validated (res://battle/runtime/battle_runtime_service.gd:152)
       [6] advance (res://battle/runtime/battle_runtime_service.gd:28)
       [7] _process (res://gameplay/arsenal_review.gd:203)
SCRIPT ERROR: Trying to assign an array of type "Array" to a variable of type "Array[String]".
   at: BattlefieldGeometry.get_obstacle_ids_at_point (res://battle/geometry/battlefield_geometry.gd:585)
   GDScript backtrace (most recent call first):
       [0] get_obstacle_ids_at_point (res://battle/geometry/battlefield_geometry.gd:585)
       [1] get_movement_blocking_obstacle_id_at (res://battle/geometry/battlefield_geometry.gd:259)
       [2] _blocking_obstacle_at (res://battle/geometry/battle_spatial_service.gd:414)
       [3] resolve_translation (res://battle/geometry/battle_spatial_service.gd:65)
       [4] _advance_participant (res://battle/runtime/battle_movement_service.gd:103)
       [5] advance (res://battle/runtime/battle_movement_service.gd:52)
       [6] _advance_validated (res://battle/runtime/battle_runtime_service.gd:152)
       [7] advance (res://battle/runtime/battle_runtime_service.gd:28)
       [8] _process (res://gameplay/arsenal_review.gd:203)
SCRIPT ERROR: Trying to assign an array of type "Array" to a variable of type "Array[String]".
   at: BattlefieldGeometry.get_obstacle_ids_at_point (res://battle/geometry/battlefield_geometry.gd:585)
   GDScript backtrace (most recent call first):
       [0] get_obstacle_ids_at_point (res://battle/geometry/battlefield_geometry.gd:585)
       [1] get_obstacle_ids_in_rect (res://battle/geometry/battlefield_geometry.gd:599)
       [2] _resolve_legal_translation (res://battle/geometry/battle_spatial_service.gd:245)
       [3] resolve_translation (res://battle/geometry/battle_spatial_service.gd:95)
       [4] _advance_participant (res://battle/runtime/battle_movement_service.gd:103)
       [5] advance (res://battle/runtime/battle_movement_service.gd:52)
       [6] _advance_validated (res://battle/runtime/battle_runtime_service.gd:152)
       [7] advance (res://battle/runtime/battle_runtime_service.gd:28)
       [8] _process (res://gameplay/arsenal_review.gd:203)
SCRIPT ERROR: Trying to assign an array of type "Array" to a variable of type "Array[String]".
   at: BattlefieldGeometry.get_obstacle_ids_at_point (res://battle/geometry/battlefield_geometry.gd:585)
   GDScript backtrace (most recent call first):
       [0] get_obstacle_ids_at_point (res://battle/geometry/battlefield_geometry.gd:585)
       [1] get_movement_blocking_obstacle_id_at (res://battle/geometry/battlefield_geometry.gd:259)
       [2] _blocking_obstacle_at (res://battle/geometry/battle_spatial_service.gd:414)
       [3] _resolve_legal_translation (res://battle/geometry/battle_spatial_service.gd:294)
       [4] resolve_translation (res://battle/geometry/battle_spatial_service.gd:95)
       [5] _advance_participant (res://battle/runtime/battle_movement_service.gd:103)
       [6] advance (res://battle/runtime/battle_movement_service.gd:52)
       [7] _advance_validated (res://battle/runtime/battle_runtime_service.gd:152)
       [8] advance (res://battle/runtime/battle_runtime_service.gd:28)
       [9] _process (res://gameplay/arsenal_review.gd:203)
SCRIPT ERROR: Trying to assign an array of type "Array" to a variable of type "Array[String]".
   at: BattlefieldGeometry.get_obstacle_ids_at_point (res://battle/geometry/battlefield_geometry.gd:585)
   GDScript backtrace (most recent call first):
       [0] get_obstacle_ids_at_point (res://battle/geometry/battlefield_geometry.gd:585)
       [1] get_movement_blocking_obstacle_id_at (res://battle/geometry/battlefield_geometry.gd:259)
       [2] _blocking_obstacle_at (res://battle/geometry/battle_spatial_service.gd:414)
       [3] resolve_translation (res://battle/geometry/battle_spatial_service.gd:65)
       [4] _advance_participant (res://battle/runtime/battle_movement_service.gd:103)
       [5] advance (res://battle/runtime/battle_movement_service.gd:52)
       [6] _advance_validated (res://battle/runtime/battle_runtime_service.gd:152)
       [7] advance (res://battle/runtime/battle_runtime_service.gd:28)
       [8] _process (res://gameplay/arsenal_review.gd:203)
SCRIPT ERROR: Trying to assign an array of type "Array" to a variable of type "Array[String]".
   at: BattlefieldGeometry.get_obstacle_ids_at_point (res://battle/geometry/battlefield_geometry.gd:585)
   GDScript backtrace (most recent call first):
       [0] get_obstacle_ids_at_point (res://battle/geometry/battlefield_geometry.gd:585)
       [1] get_obstacle_ids_in_rect (res://battle/geometry/battlefield_geometry.gd:599)
       [2] _resolve_legal_translation (res://battle/geometry/battle_spatial_service.gd:245)
       [3] resolve_translation (res://battle/geometry/battle_spatial_service.gd:95)
       [4] _advance_participant (res://battle/runtime/battle_movement_service.gd:103)
       [5] advance (res://battle/runtime/battle_movement_service.gd:52)
       [6] _advance_validated (res://battle/runtime/battle_runtime_service.gd:152)
       [7] advance (res://battle/runtime/battle_runtime_service.gd:28)
       [8] _process (res://gameplay/arsenal_review.gd:203)
SCRIPT ERROR: Trying to assign an array of type "Array" to a variable of type "Array[String]".
   at: BattlefieldGeometry.get_obstacle_ids_at_point (res://battle/geometry/battlefield_geometry.gd:585)
   GDScript backtrace (most recent call first):
       [0] get_obstacle_ids_at_point (res://battle/geometry/battlefield_geometry.gd:585)
       [1] get_movement_blocking_obstacle_id_at (res://battle/geometry/battlefield_geometry.gd:259)
       [2] _blocking_obstacle_at (res://battle/geometry/battle_spatial_service.gd:414)
       [3] _resolve_legal_translation (res://battle/geometry/battle_spatial_service.gd:294)
       [4] resolve_translation (res://battle/geometry/battle_spatial_service.gd:95)
       [5] _advance_participant (res://battle/runtime/battle_movement_service.gd:103)
       [6] advance (res://battle/runtime/battle_movement_service.gd:52)
       [7] _advance_validated (res://battle/runtime/battle_runtime_service.gd:152)
       [8] advance (res://battle/runtime/battle_runtime_service.gd:28)
       [9] _process (res://gameplay/arsenal_review.gd:203)
SCRIPT ERROR: Trying to assign an array of type "Array" to a variable of type "Array[String]".
   at: BattlefieldGeometry.get_obstacle_ids_at_point (res://battle/geometry/battlefield_geometry.gd:585)
   GDScript backtrace (most recent call first):
       [0] get_obstacle_ids_at_point (res://battle/geometry/battlefield_geometry.gd:585)
       [1] get_obstacle_ids_in_rect (res://battle/geometry/battlefield_geometry.gd:599)
       [2] _trace_segment (res://battle/combat/battle_line_of_sight_service.gd:191)
       [3] _trace_segment_cached (res://battle/combat/battle_line_of_sight_service.gd:143)
       [4] check_participant_to_participant (res://battle/combat/battle_line_of_sight_service.gd:57)
       [5] _healthy_no_role_cover_key (res://battle/combat/battle_combat_behavior_service.gd:1772)
       [6] _healthy_keep_no_role_cover_decision (res://battle/combat/battle_combat_behavior_service.gd:1844)
       [7] _update_healthy_role_cover_behavior (res://battle/combat/battle_combat_behavior_service.gd:893)
       [8] advance (res://battle/combat/battle_combat_behavior_service.gd:242)
       [9] _advance_validated (res://battle/runtime/battle_runtime_service.gd:116)
       [10] advance (res://battle/runtime/battle_runtime_service.gd:28)
       [11] _process (res://gameplay/arsenal_review.gd:203)
SCRIPT ERROR: Trying to assign an array of type "Array" to a variable of type "Array[String]".
   at: BattlefieldGeometry.get_obstacle_ids_at_point (res://battle/geometry/battlefield_geometry.gd:585)
   GDScript backtrace (most recent call first):
       [0] get_obstacle_ids_at_point (res://battle/geometry/battlefield_geometry.gd:585)
       [1] get_movement_blocking_obstacle_id_at (res://battle/geometry/battlefield_geometry.gd:259)
       [2] cover_hustle_multiplier (res://battle/runtime/battle_movement_service.gd:164)
       [3] _advance_participant (res://battle/runtime/battle_movement_service.gd:78)
       [4] advance (res://battle/runtime/battle_movement_service.gd:52)
       [5] _advance_validated (res://battle/runtime/battle_runtime_service.gd:152)
       [6] advance (res://battle/runtime/battle_runtime_service.gd:28)
       [7] _process (res://gameplay/arsenal_review.gd:203)
SCRIPT ERROR: Trying to assign an array of type "Array" to a variable of type "Array[String]".
   at: BattlefieldGeometry.get_obstacle_ids_at_point (res://battle/geometry/battlefield_geometry.gd:585)
   GDScript backtrace (most recent call first):
       [0] get_obstacle_ids_at_point (res://battle/geometry/battlefield_geometry.gd:585)
       [1] get_movement_blocking_obstacle_id_at (res://battle/geometry/battlefield_geometry.gd:259)
       [2] _blocking_obstacle_at (res://battle/geometry/battle_spatial_service.gd:414)
       [3] resolve_translation (res://battle/geometry/battle_spatial_service.gd:65)
       [4] _advance_participant (res://battle/runtime/battle_movement_service.gd:103)
       [5] advance (res://battle/runtime/battle_movement_service.gd:52)
       [6] _advance_validated (res://battle/runtime/battle_runtime_service.gd:152)
       [7] advance (res://battle/runtime/battle_runtime_service.gd:28)
       [8] _process (res://gameplay/arsenal_review.gd:203)
SCRIPT ERROR: Trying to assign an array of type "Array" to a variable of type "Array[String]".
   at: BattlefieldGeometry.get_obstacle_ids_at_point (res://battle/geometry/battlefield_geometry.gd:585)
   GDScript backtrace (most recent call first):
       [0] get_obstacle_ids_at_point (res://battle/geometry/battlefield_geometry.gd:585)
       [1] get_obstacle_ids_in_rect (res://battle/geometry/battlefield_geometry.gd:599)
       [2] _resolve_legal_translation (res://battle/geometry/battle_spatial_service.gd:245)
       [3] resolve_translation (res://battle/geometry/battle_spatial_service.gd:95)
       [4] _advance_participant (res://battle/runtime/battle_movement_service.gd:103)
       [5] advance (res://battle/runtime/battle_movement_service.gd:52)
       [6] _advance_validated (res://battle/runtime/battle_runtime_service.gd:152)
       [7] advance (res://battle/runtime/battle_runtime_service.gd:28)
       [8] _process (res://gameplay/arsenal_review.gd:203)
SCRIPT ERROR: Trying to assign an array of type "Array" to a variable of type "Array[String]".
   at: BattlefieldGeometry.get_obstacle_ids_at_point (res://battle/geometry/battlefield_geometry.gd:585)
   GDScript backtrace (most recent call first):
       [0] get_obstacle_ids_at_point (res://battle/geometry/battlefield_geometry.gd:585)
       [1] get_movement_blocking_obstacle_id_at (res://battle/geometry/battlefield_geometry.gd:259)
       [2] _blocking_obstacle_at (res://battle/geometry/battle_spatial_service.gd:414)
       [3] _resolve_legal_translation (res://battle/geometry/battle_spatial_service.gd:294)
       [4] resolve_translation (res://battle/geometry/battle_spatial_service.gd:95)
       [5] _advance_participant (res://battle/runtime/battle_movement_service.gd:103)
       [6] advance (res://battle/runtime/battle_movement_service.gd:52)
       [7] _advance_validated (res://battle/runtime/battle_runtime_service.gd:152)
       [8] advance (res://battle/runtime/battle_runtime_service.gd:28)
       [9] _process (res://gameplay/arsenal_review.gd:203)
SCRIPT ERROR: Trying to assign an array of type "Array" to a variable of type "Array[String]".
   at: BattlefieldGeometry.get_obstacle_ids_at_point (res://battle/geometry/battlefield_geometry.gd:585)
   GDScript backtrace (most recent call first):
       [0] get_obstacle_ids_at_point (res://battle/geometry/battlefield_geometry.gd:585)
       [1] get_movement_blocking_obstacle_id_at (res://battle/geometry/battlefield_geometry.gd:259)
       [2] _blocking_obstacle_at (res://battle/geometry/battle_spatial_service.gd:414)
       [3] resolve_translation (res://battle/geometry/battle_spatial_service.gd:65)
       [4] _advance_participant (res://battle/runtime/battle_movement_service.gd:103)
       [5] advance (res://battle/runtime/battle_movement_service.gd:52)
       [6] _advance_validated (res://battle/runtime/battle_runtime_service.gd:152)
       [7] advance (res://battle/runtime/battle_runtime_service.gd:28)
       [8] _process (res://gameplay/arsenal_review.gd:203)
SCRIPT ERROR: Trying to assign an array of type "Array" to a variable of type "Array[String]".
   at: BattlefieldGeometry.get_obstacle_ids_at_point (res://battle/geometry/battlefield_geometry.gd:585)
   GDScript backtrace (most recent call first):
       [0] get_obstacle_ids_at_point (res://battle/geometry/battlefield_geometry.gd:585)
       [1] get_obstacle_ids_in_rect (res://battle/geometry/battlefield_geometry.gd:599)
       [2] _resolve_legal_translation (res://battle/geometry/battle_spatial_service.gd:245)
       [3] resolve_translation (res://battle/geometry/battle_spatial_service.gd:95)
       [4] _advance_participant (res://battle/runtime/battle_movement_service.gd:103)
       [5] advance (res://battle/runtime/battle_movement_service.gd:52)
       [6] _advance_validated (res://battle/runtime/battle_runtime_service.gd:152)
       [7] advance (res://battle/runtime/battle_runtime_service.gd:28)
       [8] _process (res://gameplay/arsenal_review.gd:203)
SCRIPT ERROR: Trying to assign an array of type "Array" to a variable of type "Array[String]".
   at: BattlefieldGeometry.get_obstacle_ids_at_point (res://battle/geometry/battlefield_geometry.gd:585)
   GDScript backtrace (most recent call first):
       [0] get_obstacle_ids_at_point (res://battle/geometry/battlefield_geometry.gd:585)
       [1] get_movement_blocking_obstacle_id_at (res://battle/geometry/battlefield_geometry.gd:259)
       [2] _blocking_obstacle_at (res://battle/geometry/battle_spatial_service.gd:414)
       [3] _resolve_legal_translation (res://battle/geometry/battle_spatial_service.gd:294)
       [4] resolve_translation (res://battle/geometry/battle_spatial_service.gd:95)
       [5] _advance_participant (res://battle/runtime/battle_movement_service.gd:103)
       [6] advance (res://battle/runtime/battle_movement_service.gd:52)
       [7] _advance_validated (res://battle/runtime/battle_runtime_service.gd:152)
       [8] advance (res://battle/runtime/battle_runtime_service.gd:28)
       [9] _process (res://gameplay/arsenal_review.gd:203)
SCRIPT ERROR: Trying to assign an array of type "Array" to a variable of type "Array[String]".
   at: BattlefieldGeometry.get_obstacle_ids_at_point (res://battle/geometry/battlefield_geometry.gd:585)
   GDScript backtrace (most recent call first):
       [0] get_obstacle_ids_at_point (res://battle/geometry/battlefield_geometry.gd:585)
       [1] get_obstacle_ids_in_rect (res://battle/geometry/battlefield_geometry.gd:599)
       [2] _trace_segment (res://battle/combat/battle_line_of_sight_service.gd:191)
       [3] _trace_segment_cached (res://battle/combat/battle_line_of_sight_service.gd:143)
       [4] check_participant_to_participant (res://battle/combat/battle_line_of_sight_service.gd:57)
       [5] _healthy_no_role_cover_key (res://battle/combat/battle_combat_behavior_service.gd:1772)
       [6] _healthy_keep_no_role_cover_decision (res://battle/combat/battle_combat_behavior_service.gd:1844)
       [7] _update_healthy_role_cover_behavior (res://battle/combat/battle_combat_behavior_service.gd:893)
       [8] advance (res://battle/combat/battle_combat_behavior_service.gd:242)
       [9] _advance_validated (res://battle/runtime/battle_runtime_service.gd:116)
       [10] advance (res://battle/runtime/battle_runtime_service.gd:28)
       [11] _process (res://gameplay/arsenal_review.gd:203)
SCRIPT ERROR: Trying to assign an array of type "Array" to a variable of type "Array[String]".
   at: BattlefieldGeometry.get_obstacle_ids_at_point (res://battle/geometry/battlefield_geometry.gd:585)
   GDScript backtrace (most recent call first):
       [0] get_obstacle_ids_at_point (res://battle/geometry/battlefield_geometry.gd:585)
       [1] get_movement_blocking_obstacle_id_at (res://battle/geometry/battlefield_geometry.gd:259)
       [2] cover_hustle_multiplier (res://battle/runtime/battle_movement_service.gd:164)
       [3] _advance_participant (res://battle/runtime/battle_movement_service.gd:78)
       [4] advance (res://battle/runtime/battle_movement_service.gd:52)
       [5] _advance_validated (res://battle/runtime/battle_runtime_service.gd:152)
       [6] advance (res://battle/runtime/battle_runtime_service.gd:28)
       [7] _process (res://gameplay/arsenal_review.gd:203)
SCRIPT ERROR: Trying to assign an array of type "Array" to a variable of type "Array[String]".
   at: BattlefieldGeometry.get_obstacle_ids_at_point (res://battle/geometry/battlefield_geometry.gd:585)
   GDScript backtrace (most recent call first):
       [0] get_obstacle_ids_at_point (res://battle/geometry/battlefield_geometry.gd:585)
       [1] get_movement_blocking_obstacle_id_at (res://battle/geometry/battlefield_geometry.gd:259)
       [2] _blocking_obstacle_at (res://battle/geometry/battle_spatial_service.gd:414)
       [3] resolve_translation (res://battle/geometry/battle_spatial_service.gd:65)
       [4] _advance_participant (res://battle/runtime/battle_movement_service.gd:103)
       [5] advance (res://battle/runtime/battle_movement_service.gd:52)
       [6] _advance_validated (res://battle/runtime/battle_runtime_service.gd:152)
       [7] advance (res://battle/runtime/battle_runtime_service.gd:28)
       [8] _process (res://gameplay/arsenal_review.gd:203)
SCRIPT ERROR: Trying to assign an array of type "Array" to a variable of type "Array[String]".
   at: BattlefieldGeometry.get_obstacle_ids_at_point (res://battle/geometry/battlefield_geometry.gd:585)
   GDScript backtrace (most recent call first):
       [0] get_obstacle_ids_at_point (res://battle/geometry/battlefield_geometry.gd:585)
       [1] get_obstacle_ids_in_rect (res://battle/geometry/battlefield_geometry.gd:599)
       [2] _resolve_legal_translation (res://battle/geometry/battle_spatial_service.gd:245)
       [3] resolve_translation (res://battle/geometry/battle_spatial_service.gd:95)
       [4] _advance_participant (res://battle/runtime/battle_movement_service.gd:103)
       [5] advance (res://battle/runtime/battle_movement_service.gd:52)
       [6] _advance_validated (res://battle/runtime/battle_runtime_service.gd:152)
       [7] advance (res://battle/runtime/battle_runtime_service.gd:28)
       [8] _process (res://gameplay/arsenal_review.gd:203)
SCRIPT ERROR: Trying to assign an array of type "Array" to a variable of type "Array[String]".
   at: BattlefieldGeometry.get_obstacle_ids_at_point (res://battle/geometry/battlefield_geometry.gd:585)
   GDScript backtrace (most recent call first):
       [0] get_obstacle_ids_at_point (res://battle/geometry/battlefield_geometry.gd:585)
       [1] get_movement_blocking_obstacle_id_at (res://battle/geometry/battlefield_geometry.gd:259)
       [2] _blocking_obstacle_at (res://battle/geometry/battle_spatial_service.gd:414)
       [3] _resolve_legal_translation (res://battle/geometry/battle_spatial_service.gd:294)
       [4] resolve_translation (res://battle/geometry/battle_spatial_service.gd:95)
       [5] _advance_participant (res://battle/runtime/battle_movement_service.gd:103)
       [6] advance (res://battle/runtime/battle_movement_service.gd:52)
       [7] _advance_validated (res://battle/runtime/battle_runtime_service.gd:152)
       [8] advance (res://battle/runtime/battle_runtime_service.gd:28)
       [9] _process (res://gameplay/arsenal_review.gd:203)
SCRIPT ERROR: Trying to assign an array of type "Array" to a variable of type "Array[String]".
   at: BattlefieldGeometry.get_obstacle_ids_at_point (res://battle/geometry/battlefield_geometry.gd:585)
   GDScript backtrace (most recent call first):
       [0] get_obstacle_ids_at_point (res://battle/geometry/battlefield_geometry.gd:585)
       [1] get_movement_blocking_obstacle_id_at (res://battle/geometry/battlefield_geometry.gd:259)
       [2] _blocking_obstacle_at (res://battle/geometry/battle_spatial_service.gd:414)
       [3] resolve_translation (res://battle/geometry/battle_spatial_service.gd:65)
       [4] _advance_participant (res://battle/runtime/battle_movement_service.gd:103)
       [5] advance (res://battle/runtime/battle_movement_service.gd:52)
       [6] _advance_validated (res://battle/runtime/battle_runtime_service.gd:152)
       [7] advance (res://battle/runtime/battle_runtime_service.gd:28)
       [8] _process (res://gameplay/arsenal_review.gd:203)
SCRIPT ERROR: Trying to assign an array of type "Array" to a variable of type "Array[String]".
   at: BattlefieldGeometry.get_obstacle_ids_at_point (res://battle/geometry/battlefield_geometry.gd:585)
   GDScript backtrace (most recent call first):
       [0] get_obstacle_ids_at_point (res://battle/geometry/battlefield_geometry.gd:585)
       [1] get_obstacle_ids_in_rect (res://battle/geometry/battlefield_geometry.gd:599)
       [2] _resolve_legal_translation (res://battle/geometry/battle_spatial_service.gd:245)
       [3] resolve_translation (res://battle/geometry/battle_spatial_service.gd:95)
       [4] _advance_participant (res://battle/runtime/battle_movement_service.gd:103)
       [5] advance (res://battle/runtime/battle_movement_service.gd:52)
       [6] _advance_validated (res://battle/runtime/battle_runtime_service.gd:152)
       [7] advance (res://battle/runtime/battle_runtime_service.gd:28)
       [8] _process (res://gameplay/arsenal_review.gd:203)
SCRIPT ERROR: Trying to assign an array of type "Array" to a variable of type "Array[String]".
   at: BattlefieldGeometry.get_obstacle_ids_at_point (res://battle/geometry/battlefield_geometry.gd:585)
   GDScript backtrace (most recent call first):
       [0] get_obstacle_ids_at_point (res://battle/geometry/battlefield_geometry.gd:585)
       [1] get_movement_blocking_obstacle_id_at (res://battle/geometry/battlefield_geometry.gd:259)
       [2] _blocking_obstacle_at (res://battle/geometry/battle_spatial_service.gd:414)
       [3] _resolve_legal_translation (res://battle/geometry/battle_spatial_service.gd:294)
       [4] resolve_translation (res://battle/geometry/battle_spatial_service.gd:95)
       [5] _advance_participant (res://battle/runtime/battle_movement_service.gd:103)
       [6] advance (res://battle/runtime/battle_movement_service.gd:52)
       [7] _advance_validated (res://battle/runtime/battle_runtime_service.gd:152)
       [8] advance (res://battle/runtime/battle_runtime_service.gd:28)
       [9] _process (res://gameplay/arsenal_review.gd:203)
SCRIPT ERROR: Trying to assign an array of type "Array" to a variable of type "Array[String]".
   at: BattlefieldGeometry.get_obstacle_ids_at_point (res://battle/geometry/battlefield_geometry.gd:585)
   GDScript backtrace (most recent call first):
       [0] get_obstacle_ids_at_point (res://battle/geometry/battlefield_geometry.gd:585)
       [1] get_obstacle_ids_in_rect (res://battle/geometry/battlefield_geometry.gd:599)
       [2] _trace_segment (res://battle/combat/battle_line_of_sight_service.gd:191)
       [3] _trace_segment_cached (res://battle/combat/battle_line_of_sight_service.gd:143)
       [4] check_participant_to_participant (res://battle/combat/battle_line_of_sight_service.gd:57)
       [5] _healthy_no_role_cover_key (res://battle/combat/battle_combat_behavior_service.gd:1772)
       [6] _healthy_keep_no_role_cover_decision (res://battle/combat/battle_combat_behavior_service.gd:1844)
       [7] _update_healthy_role_cover_behavior (res://battle/combat/battle_combat_behavior_service.gd:893)
       [8] advance (res://battle/combat/battle_combat_behavior_service.gd:242)
       [9] _advance_validated (res://battle/runtime/battle_runtime_service.gd:116)
       [10] advance (res://battle/runtime/battle_runtime_service.gd:28)
       [11] _process (res://gameplay/arsenal_review.gd:203)
SCRIPT ERROR: Trying to assign an array of type "Array" to a variable of type "Array[String]".
   at: BattlefieldGeometry.get_obstacle_ids_at_point (res://battle/geometry/battlefield_geometry.gd:585)
   GDScript backtrace (most recent call first):
       [0] get_obstacle_ids_at_point (res://battle/geometry/battlefield_geometry.gd:585)
       [1] get_movement_blocking_obstacle_id_at (res://battle/geometry/battlefield_geometry.gd:259)
       [2] cover_hustle_multiplier (res://battle/runtime/battle_movement_service.gd:164)
       [3] _advance_participant (res://battle/runtime/battle_movement_service.gd:78)
       [4] advance (res://battle/runtime/battle_movement_service.gd:52)
       [5] _advance_validated (res://battle/runtime/battle_runtime_service.gd:152)
       [6] advance (res://battle/runtime/battle_runtime_service.gd:28)
       [7] _process (res://gameplay/arsenal_review.gd:203)
SCRIPT ERROR: Trying to assign an array of type "Array" to a variable of type "Array[String]".
   at: BattlefieldGeometry.get_obstacle_ids_at_point (res://battle/geometry/battlefield_geometry.gd:585)
   GDScript backtrace (most recent call first):
       [0] get_obstacle_ids_at_point (res://battle/geometry/battlefield_geometry.gd:585)
       [1] get_movement_blocking_obstacle_id_at (res://battle/geometry/battlefield_geometry.gd:259)
       [2] _blocking_obstacle_at (res://battle/geometry/battle_spatial_service.gd:414)
       [3] resolve_translation (res://battle/geometry/battle_spatial_service.gd:65)
       [4] _advance_participant (res://battle/runtime/battle_movement_service.gd:103)
       [5] advance (res://battle/runtime/battle_movement_service.gd:52)
       [6] _advance_validated (res://battle/runtime/battle_runtime_service.gd:152)
       [7] advance (res://battle/runtime/battle_runtime_service.gd:28)
       [8] _process (res://gameplay/arsenal_review.gd:203)
SCRIPT ERROR: Trying to assign an array of type "Array" to a variable of type "Array[String]".
   at: BattlefieldGeometry.get_obstacle_ids_at_point (res://battle/geometry/battlefield_geometry.gd:585)
   GDScript backtrace (most recent call first):
       [0] get_obstacle_ids_at_point (res://battle/geometry/battlefield_geometry.gd:585)
       [1] get_obstacle_ids_in_rect (res://battle/geometry/battlefield_geometry.gd:599)
       [2] _resolve_legal_translation (res://battle/geometry/battle_spatial_service.gd:245)
       [3] resolve_translation (res://battle/geometry/battle_spatial_service.gd:95)
       [4] _advance_participant (res://battle/runtime/battle_movement_service.gd:103)
       [5] advance (res://battle/runtime/battle_movement_service.gd:52)
       [6] _advance_validated (res://battle/runtime/battle_runtime_service.gd:152)
       [7] advance (res://battle/runtime/battle_runtime_service.gd:28)
       [8] _process (res://gameplay/arsenal_review.gd:203)
SCRIPT ERROR: Trying to assign an array of type "Array" to a variable of type "Array[String]".
   at: BattlefieldGeometry.get_obstacle_ids_at_point (res://battle/geometry/battlefield_geometry.gd:585)
   GDScript backtrace (most recent call first):
       [0] get_obstacle_ids_at_point (res://battle/geometry/battlefield_geometry.gd:585)
       [1] get_movement_blocking_obstacle_id_at (res://battle/geometry/battlefield_geometry.gd:259)
       [2] _blocking_obstacle_at (res://battle/geometry/battle_spatial_service.gd:414)
       [3] _resolve_legal_translation (res://battle/geometry/battle_spatial_service.gd:294)
       [4] resolve_translation (res://battle/geometry/battle_spatial_service.gd:95)
       [5] _advance_participant (res://battle/runtime/battle_movement_service.gd:103)
       [6] advance (res://battle/runtime/battle_movement_service.gd:52)
       [7] _advance_validated (res://battle/runtime/battle_runtime_service.gd:152)
       [8] advance (res://battle/runtime/battle_runtime_service.gd:28)
       [9] _process (res://gameplay/arsenal_review.gd:203)
SCRIPT ERROR: Trying to assign an array of type "Array" to a variable of type "Array[String]".
   at: BattlefieldGeometry.get_obstacle_ids_at_point (res://battle/geometry/battlefield_geometry.gd:585)
   GDScript backtrace (most recent call first):
       [0] get_obstacle_ids_at_point (res://battle/geometry/battlefield_geometry.gd:585)
       [1] get_movement_blocking_obstacle_id_at (res://battle/geometry/battlefield_geometry.gd:259)
       [2] _blocking_obstacle_at (res://battle/geometry/battle_spatial_service.gd:414)
       [3] resolve_translation (res://battle/geometry/battle_spatial_service.gd:65)
       [4] _advance_participant (res://battle/runtime/battle_movement_service.gd:103)
       [5] advance (res://battle/runtime/battle_movement_service.gd:52)
       [6] _advance_validated (res://battle/runtime/battle_runtime_service.gd:152)
       [7] advance (res://battle/runtime/battle_runtime_service.gd:28)
       [8] _process (res://gameplay/arsenal_review.gd:203)
SCRIPT ERROR: Trying to assign an array of type "Array" to a variable of type "Array[String]".
   at: BattlefieldGeometry.get_obstacle_ids_at_point (res://battle/geometry/battlefield_geometry.gd:585)
   GDScript backtrace (most recent call first):
       [0] get_obstacle_ids_at_point (res://battle/geometry/battlefield_geometry.gd:585)
       [1] get_obstacle_ids_in_rect (res://battle/geometry/battlefield_geometry.gd:599)
       [2] _resolve_legal_translation (res://battle/geometry/battle_spatial_service.gd:245)
       [3] resolve_translation (res://battle/geometry/battle_spatial_service.gd:95)
       [4] _advance_participant (res://battle/runtime/battle_movement_service.gd:103)
       [5] advance (res://battle/runtime/battle_movement_service.gd:52)
       [6] _advance_validated (res://battle/runtime/battle_runtime_service.gd:152)
       [7] advance (res://battle/runtime/battle_runtime_service.gd:28)
       [8] _process (res://gameplay/arsenal_review.gd:203)
SCRIPT ERROR: Trying to assign an array of type "Array" to a variable of type "Array[String]".
   at: BattlefieldGeometry.get_obstacle_ids_at_point (res://battle/geometry/battlefield_geometry.gd:585)
   GDScript backtrace (most recent call first):
       [0] get_obstacle_ids_at_point (res://battle/geometry/battlefield_geometry.gd:585)
       [1] get_movement_blocking_obstacle_id_at (res://battle/geometry/battlefield_geometry.gd:259)
       [2] _blocking_obstacle_at (res://battle/geometry/battle_spatial_service.gd:414)
       [3] _resolve_legal_translation (res://battle/geometry/battle_spatial_service.gd:294)
       [4] resolve_translation (res://battle/geometry/battle_spatial_service.gd:95)
       [5] _advance_participant (res://battle/runtime/battle_movement_service.gd:103)
       [6] advance (res://battle/runtime/battle_movement_service.gd:52)
       [7] _advance_validated (res://battle/runtime/battle_runtime_service.gd:152)
       [8] advance (res://battle/runtime/battle_runtime_service.gd:28)
       [9] _process (res://gameplay/arsenal_review.gd:203)
SCRIPT ERROR: Trying to assign an array of type "Array" to a variable of type "Array[String]".
   at: BattlefieldGeometry.get_obstacle_ids_at_point (res://battle/geometry/battlefield_geometry.gd:585)
   GDScript backtrace (most recent call first):
       [0] get_obstacle_ids_at_point (res://battle/geometry/battlefield_geometry.gd:585)
       [1] get_obstacle_ids_in_rect (res://battle/geometry/battlefield_geometry.gd:599)
       [2] _trace_segment (res://battle/combat/battle_line_of_sight_service.gd:191)
       [3] _trace_segment_cached (res://battle/combat/battle_line_of_sight_service.gd:143)
       [4] check_participant_to_participant (res://battle/combat/battle_line_of_sight_service.gd:57)
       [5] _healthy_no_role_cover_key (res://battle/combat/battle_combat_behavior_service.gd:1772)
       [6] _healthy_keep_no_role_cover_decision (res://battle/combat/battle_combat_behavior_service.gd:1844)
       [7] _update_healthy_role_cover_behavior (res://battle/combat/battle_combat_behavior_service.gd:893)
       [8] advance (res://battle/combat/battle_combat_behavior_service.gd:242)
       [9] _advance_validated (res://battle/runtime/battle_runtime_service.gd:116)
       [10] advance (res://battle/runtime/battle_runtime_service.gd:28)
       [11] _process (res://gameplay/arsenal_review.gd:203)
SCRIPT ERROR: Trying to assign an array of type "Array" to a variable of type "Array[String]".
   at: BattlefieldGeometry.get_obstacle_ids_at_point (res://battle/geometry/battlefield_geometry.gd:585)
   GDScript backtrace (most recent call first):
       [0] get_obstacle_ids_at_point (res://battle/geometry/battlefield_geometry.gd:585)
       [1] get_movement_blocking_obstacle_id_at (res://battle/geometry/battlefield_geometry.gd:259)
       [2] cover_hustle_multiplier (res://battle/runtime/battle_movement_service.gd:164)
       [3] _advance_participant (res://battle/runtime/battle_movement_service.gd:78)
       [4] advance (res://battle/runtime/battle_movement_service.gd:52)
       [5] _advance_validated (res://battle/runtime/battle_runtime_service.gd:152)
       [6] advance (res://battle/runtime/battle_runtime_service.gd:28)
       [7] _process (res://gameplay/arsenal_review.gd:203)
SCRIPT ERROR: Trying to assign an array of type "Array" to a variable of type "Array[String]".
   at: BattlefieldGeometry.get_obstacle_ids_at_point (res://battle/geometry/battlefield_geometry.gd:585)
   GDScript backtrace (most recent call first):
       [0] get_obstacle_ids_at_point (res://battle/geometry/battlefield_geometry.gd:585)
       [1] get_movement_blocking_obstacle_id_at (res://battle/geometry/battlefield_geometry.gd:259)
       [2] _blocking_obstacle_at (res://battle/geometry/battle_spatial_service.gd:414)
       [3] resolve_translation (res://battle/geometry/battle_spatial_service.gd:65)
       [4] _advance_participant (res://battle/runtime/battle_movement_service.gd:103)
       [5] advance (res://battle/runtime/battle_movement_service.gd:52)
       [6] _advance_validated (res://battle/runtime/battle_runtime_service.gd:152)
       [7] advance (res://battle/runtime/battle_runtime_service.gd:28)
       [8] _process (res://gameplay/arsenal_review.gd:203)
SCRIPT ERROR: Trying to assign an array of type "Array" to a variable of type "Array[String]".
   at: BattlefieldGeometry.get_obstacle_ids_at_point (res://battle/geometry/battlefield_geometry.gd:585)
   GDScript backtrace (most recent call first):
       [0] get_obstacle_ids_at_point (res://battle/geometry/battlefield_geometry.gd:585)
       [1] get_obstacle_ids_in_rect (res://battle/geometry/battlefield_geometry.gd:599)
       [2] _resolve_legal_translation (res://battle/geometry/battle_spatial_service.gd:245)
       [3] resolve_translation (res://battle/geometry/battle_spatial_service.gd:95)
       [4] _advance_participant (res://battle/runtime/battle_movement_service.gd:103)
       [5] advance (res://battle/runtime/battle_movement_service.gd:52)
       [6] _advance_validated (res://battle/runtime/battle_runtime_service.gd:152)
       [7] advance (res://battle/runtime/battle_runtime_service.gd:28)
       [8] _process (res://gameplay/arsenal_review.gd:203)
SCRIPT ERROR: Trying to assign an array of type "Array" to a variable of type "Array[String]".
   at: BattlefieldGeometry.get_obstacle_ids_at_point (res://battle/geometry/battlefield_geometry.gd:585)
   GDScript backtrace (most recent call first):
       [0] get_obstacle_ids_at_point (res://battle/geometry/battlefield_geometry.gd:585)
       [1] get_movement_blocking_obstacle_id_at (res://battle/geometry/battlefield_geometry.gd:259)
       [2] _blocking_obstacle_at (res://battle/geometry/battle_spatial_service.gd:414)
       [3] _resolve_legal_translation (res://battle/geometry/battle_spatial_service.gd:294)
       [4] resolve_translation (res://battle/geometry/battle_spatial_service.gd:95)
       [5] _advance_participant (res://battle/runtime/battle_movement_service.gd:103)
       [6] advance (res://battle/runtime/battle_movement_service.gd:52)
       [7] _advance_validated (res://battle/runtime/battle_runtime_service.gd:152)
       [8] advance (res://battle/runtime/battle_runtime_service.gd:28)
       [9] _process (res://gameplay/arsenal_review.gd:203)
SCRIPT ERROR: Trying to assign an array of type "Array" to a variable of type "Array[String]".
   at: BattlefieldGeometry.get_obstacle_ids_at_point (res://battle/geometry/battlefield_geometry.gd:585)
   GDScript backtrace (most recent call first):
       [0] get_obstacle_ids_at_point (res://battle/geometry/battlefield_geometry.gd:585)
       [1] get_movement_blocking_obstacle_id_at (res://battle/geometry/battlefield_geometry.gd:259)
       [2] _blocking_obstacle_at (res://battle/geometry/battle_spatial_service.gd:414)
       [3] resolve_translation (res://battle/geometry/battle_spatial_service.gd:65)
       [4] _advance_participant (res://battle/runtime/battle_movement_service.gd:103)
       [5] advance (res://battle/runtime/battle_movement_service.gd:52)
       [6] _advance_validated (res://battle/runtime/battle_runtime_service.gd:152)
       [7] advance (res://battle/runtime/battle_runtime_service.gd:28)
       [8] _process (res://gameplay/arsenal_review.gd:203)
SCRIPT ERROR: Trying to assign an array of type "Array" to a variable of type "Array[String]".
   at: BattlefieldGeometry.get_obstacle_ids_at_point (res://battle/geometry/battlefield_geometry.gd:585)
   GDScript backtrace (most recent call first):
       [0] get_obstacle_ids_at_point (res://battle/geometry/battlefield_geometry.gd:585)
       [1] get_obstacle_ids_in_rect (res://battle/geometry/battlefield_geometry.gd:599)
       [2] _resolve_legal_translation (res://battle/geometry/battle_spatial_service.gd:245)
       [3] resolve_translation (res://battle/geometry/battle_spatial_service.gd:95)
       [4] _advance_participant (res://battle/runtime/battle_movement_service.gd:103)
       [5] advance (res://battle/runtime/battle_movement_service.gd:52)
       [6] _advance_validated (res://battle/runtime/battle_runtime_service.gd:152)
       [7] advance (res://battle/runtime/battle_runtime_service.gd:28)
       [8] _process (res://gameplay/arsenal_review.gd:203)
SCRIPT ERROR: Trying to assign an array of type "Array" to a variable of type "Array[String]".
   at: BattlefieldGeometry.get_obstacle_ids_at_point (res://battle/geometry/battlefield_geometry.gd:585)
   GDScript backtrace (most recent call first):
       [0] get_obstacle_ids_at_point (res://battle/geometry/battlefield_geometry.gd:585)
       [1] get_movement_blocking_obstacle_id_at (res://battle/geometry/battlefield_geometry.gd:259)
       [2] _blocking_obstacle_at (res://battle/geometry/battle_spatial_service.gd:414)
       [3] _resolve_legal_translation (res://battle/geometry/battle_spatial_service.gd:294)
       [4] resolve_translation (res://battle/geometry/battle_spatial_service.gd:95)
       [5] _advance_participant (res://battle/runtime/battle_movement_service.gd:103)
       [6] advance (res://battle/runtime/battle_movement_service.gd:52)
       [7] _advance_validated (res://battle/runtime/battle_runtime_service.gd:152)
       [8] advance (res://battle/runtime/battle_runtime_service.gd:28)
       [9] _process (res://gameplay/arsenal_review.gd:203)
SCRIPT ERROR: Trying to assign an array of type "Array" to a variable of type "Array[String]".
   at: BattlefieldGeometry.get_obstacle_ids_at_point (res://battle/geometry/battlefield_geometry.gd:585)
   GDScript backtrace (most recent call first):
       [0] get_obstacle_ids_at_point (res://battle/geometry/battlefield_geometry.gd:585)
       [1] get_obstacle_ids_in_rect (res://battle/geometry/battlefield_geometry.gd:599)
       [2] _trace_segment (res://battle/combat/battle_line_of_sight_service.gd:191)
       [3] _trace_segment_cached (res://battle/combat/battle_line_of_sight_service.gd:143)
       [4] check_participant_to_participant (res://battle/combat/battle_line_of_sight_service.gd:57)
       [5] _healthy_no_role_cover_key (res://battle/combat/battle_combat_behavior_service.gd:1772)
       [6] _healthy_keep_no_role_cover_decision (res://battle/combat/battle_combat_behavior_service.gd:1844)
       [7] _update_healthy_role_cover_behavior (res://battle/combat/battle_combat_behavior_service.gd:893)
       [8] advance (res://battle/combat/battle_combat_behavior_service.gd:242)
       [9] _advance_validated (res://battle/runtime/battle_runtime_service.gd:116)
       [10] advance (res://battle/runtime/battle_runtime_service.gd:28)
       [11] _process (res://gameplay/arsenal_review.gd:203)
SCRIPT ERROR: Trying to assign an array of type "Array" to a variable of type "Array[String]".
   at: BattlefieldGeometry.get_obstacle_ids_at_point (res://battle/geometry/battlefield_geometry.gd:585)
   GDScript backtrace (most recent call first):
       [0] get_obstacle_ids_at_point (res://battle/geometry/battlefield_geometry.gd:585)
       [1] get_movement_blocking_obstacle_id_at (res://battle/geometry/battlefield_geometry.gd:259)
       [2] cover_hustle_multiplier (res://battle/runtime/battle_movement_service.gd:164)
       [3] _advance_participant (res://battle/runtime/battle_movement_service.gd:78)
       [4] advance (res://battle/runtime/battle_movement_service.gd:52)
       [5] _advance_validated (res://battle/runtime/battle_runtime_service.gd:152)
       [6] advance (res://battle/runtime/battle_runtime_service.gd:28)
       [7] _process (res://gameplay/arsenal_review.gd:203)
SCRIPT ERROR: Trying to assign an array of type "Array" to a variable of type "Array[String]".
   at: BattlefieldGeometry.get_obstacle_ids_at_point (res://battle/geometry/battlefield_geometry.gd:585)
   GDScript backtrace (most recent call first):
       [0] get_obstacle_ids_at_point (res://battle/geometry/battlefield_geometry.gd:585)
       [1] get_movement_blocking_obstacle_id_at (res://battle/geometry/battlefield_geometry.gd:259)
       [2] _blocking_obstacle_at (res://battle/geometry/battle_spatial_service.gd:414)
       [3] resolve_translation (res://battle/geometry/battle_spatial_service.gd:65)
       [4] _advance_participant (res://battle/runtime/battle_movement_service.gd:103)
       [5] advance (res://battle/runtime/battle_movement_service.gd:52)
       [6] _advance_validated (res://battle/runtime/battle_runtime_service.gd:152)
       [7] advance (res://battle/runtime/battle_runtime_service.gd:28)
       [8] _process (res://gameplay/arsenal_review.gd:203)
SCRIPT ERROR: Trying to assign an array of type "Array" to a variable of type "Array[String]".
   at: BattlefieldGeometry.get_obstacle_ids_at_point (res://battle/geometry/battlefield_geometry.gd:585)
   GDScript backtrace (most recent call first):
       [0] get_obstacle_ids_at_point (res://battle/geometry/battlefield_geometry.gd:585)
       [1] get_obstacle_ids_in_rect (res://battle/geometry/battlefield_geometry.gd:599)
       [2] _resolve_legal_translation (res://battle/geometry/battle_spatial_service.gd:245)
       [3] resolve_translation (res://battle/geometry/battle_spatial_service.gd:95)
       [4] _advance_participant (res://battle/runtime/battle_movement_service.gd:103)
       [5] advance (res://battle/runtime/battle_movement_service.gd:52)
       [6] _advance_validated (res://battle/runtime/battle_runtime_service.gd:152)
       [7] advance (res://battle/runtime/battle_runtime_service.gd:28)
       [8] _process (res://gameplay/arsenal_review.gd:203)
SCRIPT ERROR: Trying to assign an array of type "Array" to a variable of type "Array[String]".
   at: BattlefieldGeometry.get_obstacle_ids_at_point (res://battle/geometry/battlefield_geometry.gd:585)
   GDScript backtrace (most recent call first):
       [0] get_obstacle_ids_at_point (res://battle/geometry/battlefield_geometry.gd:585)
       [1] get_movement_blocking_obstacle_id_at (res://battle/geometry/battlefield_geometry.gd:259)
       [2] _blocking_obstacle_at (res://battle/geometry/battle_spatial_service.gd:414)
       [3] _resolve_legal_translation (res://battle/geometry/battle_spatial_service.gd:294)
       [4] resolve_translation (res://battle/geometry/battle_spatial_service.gd:95)
       [5] _advance_participant (res://battle/runtime/battle_movement_service.gd:103)
       [6] advance (res://battle/runtime/battle_movement_service.gd:52)
       [7] _advance_validated (res://battle/runtime/battle_runtime_service.gd:152)
       [8] advance (res://battle/runtime/battle_runtime_service.gd:28)
       [9] _process (res://gameplay/arsenal_review.gd:203)
SCRIPT ERROR: Trying to assign an array of type "Array" to a variable of type "Array[String]".
   at: BattlefieldGeometry.get_obstacle_ids_at_point (res://battle/geometry/battlefield_geometry.gd:585)
   GDScript backtrace (most recent call first):
       [0] get_obstacle_ids_at_point (res://battle/geometry/battlefield_geometry.gd:585)
       [1] get_movement_blocking_obstacle_id_at (res://battle/geometry/battlefield_geometry.gd:259)
       [2] _blocking_obstacle_at (res://battle/geometry/battle_spatial_service.gd:414)
       [3] resolve_translation (res://battle/geometry/battle_spatial_service.gd:65)
       [4] _advance_participant (res://battle/runtime/battle_movement_service.gd:103)
       [5] advance (res://battle/runtime/battle_movement_service.gd:52)
       [6] _advance_validated (res://battle/runtime/battle_runtime_service.gd:152)
       [7] advance (res://battle/runtime/battle_runtime_service.gd:28)
       [8] _process (res://gameplay/arsenal_review.gd:203)
SCRIPT ERROR: Trying to assign an array of type "Array" to a variable of type "Array[String]".
   at: BattlefieldGeometry.get_obstacle_ids_at_point (res://battle/geometry/battlefield_geometry.gd:585)
   GDScript backtrace (most recent call first):
       [0] get_obstacle_ids_at_point (res://battle/geometry/battlefield_geometry.gd:585)
       [1] get_obstacle_ids_in_rect (res://battle/geometry/battlefield_geometry.gd:599)
       [2] _resolve_legal_translation (res://battle/geometry/battle_spatial_service.gd:245)
       [3] resolve_translation (res://battle/geometry/battle_spatial_service.gd:95)
       [4] _advance_participant (res://battle/runtime/battle_movement_service.gd:103)
       [5] advance (res://battle/runtime/battle_movement_service.gd:52)
       [6] _advance_validated (res://battle/runtime/battle_runtime_service.gd:152)
       [7] advance (res://battle/runtime/battle_runtime_service.gd:28)
       [8] _process (res://gameplay/arsenal_review.gd:203)
SCRIPT ERROR: Trying to assign an array of type "Array" to a variable of type "Array[String]".
   at: BattlefieldGeometry.get_obstacle_ids_at_point (res://battle/geometry/battlefield_geometry.gd:585)
   GDScript backtrace (most recent call first):
       [0] get_obstacle_ids_at_point (res://battle/geometry/battlefield_geometry.gd:585)
       [1] get_movement_blocking_obstacle_id_at (res://battle/geometry/battlefield_geometry.gd:259)
       [2] _blocking_obstacle_at (res://battle/geometry/battle_spatial_service.gd:414)
       [3] _resolve_legal_translation (res://battle/geometry/battle_spatial_service.gd:294)
       [4] resolve_translation (res://battle/geometry/battle_spatial_service.gd:95)
       [5] _advance_participant (res://battle/runtime/battle_movement_service.gd:103)
       [6] advance (res://battle/runtime/battle_movement_service.gd:52)
       [7] _advance_validated (res://battle/runtime/battle_runtime_service.gd:152)
       [8] advance (res://battle/runtime/battle_runtime_service.gd:28)
       [9] _process (res://gameplay/arsenal_review.gd:203)
SCRIPT ERROR: Trying to assign an array of type "Array" to a variable of type "Array[String]".
   at: BattlefieldGeometry.get_obstacle_ids_at_point (res://battle/geometry/battlefield_geometry.gd:585)
   GDScript backtrace (most recent call first):
       [0] get_obstacle_ids_at_point (res://battle/geometry/battlefield_geometry.gd:585)
       [1] get_obstacle_ids_in_rect (res://battle/geometry/battlefield_geometry.gd:599)
       [2] _trace_segment (res://battle/combat/battle_line_of_sight_service.gd:191)
       [3] _trace_segment_cached (res://battle/combat/battle_line_of_sight_service.gd:143)
       [4] check_participant_to_participant (res://battle/combat/battle_line_of_sight_service.gd:57)
       [5] _healthy_no_role_cover_key (res://battle/combat/battle_combat_behavior_service.gd:1772)
       [6] _healthy_keep_no_role_cover_decision (res://battle/combat/battle_combat_behavior_service.gd:1844)
       [7] _update_healthy_role_cover_behavior (res://battle/combat/battle_combat_behavior_service.gd:893)
       [8] advance (res://battle/combat/battle_combat_behavior_service.gd:242)
       [9] _advance_validated (res://battle/runtime/battle_runtime_service.gd:116)
       [10] advance (res://battle/runtime/battle_runtime_service.gd:28)
       [11] _process (res://gameplay/arsenal_review.gd:203)
SCRIPT ERROR: Trying to assign an array of type "Array" to a variable of type "Array[String]".
   at: BattlefieldGeometry.get_obstacle_ids_at_point (res://battle/geometry/battlefield_geometry.gd:585)
   GDScript backtrace (most recent call first):
       [0] get_obstacle_ids_at_point (res://battle/geometry/battlefield_geometry.gd:585)
       [1] get_movement_blocking_obstacle_id_at (res://battle/geometry/battlefield_geometry.gd:259)
       [2] cover_hustle_multiplier (res://battle/runtime/battle_movement_service.gd:164)
       [3] _advance_participant (res://battle/runtime/battle_movement_service.gd:78)
       [4] advance (res://battle/runtime/battle_movement_service.gd:52)
       [5] _advance_validated (res://battle/runtime/battle_runtime_service.gd:152)
       [6] advance (res://battle/runtime/battle_runtime_service.gd:28)
       [7] _process (res://gameplay/arsenal_review.gd:203)
SCRIPT ERROR: Trying to assign an array of type "Array" to a variable of type "Array[String]".
   at: BattlefieldGeometry.get_obstacle_ids_at_point (res://battle/geometry/battlefield_geometry.gd:585)
   GDScript backtrace (most recent call first):
       [0] get_obstacle_ids_at_point (res://battle/geometry/battlefield_geometry.gd:585)
       [1] get_movement_blocking_obstacle_id_at (res://battle/geometry/battlefield_geometry.gd:259)
       [2] _blocking_obstacle_at (res://battle/geometry/battle_spatial_service.gd:414)
       [3] resolve_translation (res://battle/geometry/battle_spatial_service.gd:65)
       [4] _advance_participant (res://battle/runtime/battle_movement_service.gd:103)
       [5] advance (res://battle/runtime/battle_movement_service.gd:52)
       [6] _advance_validated (res://battle/runtime/battle_runtime_service.gd:152)
       [7] advance (res://battle/runtime/battle_runtime_service.gd:28)
       [8] _process (res://gameplay/arsenal_review.gd:203)
SCRIPT ERROR: Trying to assign an array of type "Array" to a variable of type "Array[String]".
   at: BattlefieldGeometry.get_obstacle_ids_at_point (res://battle/geometry/battlefield_geometry.gd:585)
   GDScript backtrace (most recent call first):
       [0] get_obstacle_ids_at_point (res://battle/geometry/battlefield_geometry.gd:585)
       [1] get_obstacle_ids_in_rect (res://battle/geometry/battlefield_geometry.gd:599)
       [2] _resolve_legal_translation (res://battle/geometry/battle_spatial_service.gd:245)
       [3] resolve_translation (res://battle/geometry/battle_spatial_service.gd:95)
       [4] _advance_participant (res://battle/runtime/battle_movement_service.gd:103)
       [5] advance (res://battle/runtime/battle_movement_service.gd:52)
       [6] _advance_validated (res://battle/runtime/battle_runtime_service.gd:152)
       [7] advance (res://battle/runtime/battle_runtime_service.gd:28)
       [8] _process (res://gameplay/arsenal_review.gd:203)
SCRIPT ERROR: Trying to assign an array of type "Array" to a variable of type "Array[String]".
   at: BattlefieldGeometry.get_obstacle_ids_at_point (res://battle/geometry/battlefield_geometry.gd:585)
   GDScript backtrace (most recent call first):
       [0] get_obstacle_ids_at_point (res://battle/geometry/battlefield_geometry.gd:585)
       [1] get_movement_blocking_obstacle_id_at (res://battle/geometry/battlefield_geometry.gd:259)
       [2] _blocking_obstacle_at (res://battle/geometry/battle_spatial_service.gd:414)
       [3] _resolve_legal_translation (res://battle/geometry/battle_spatial_service.gd:294)
       [4] resolve_translation (res://battle/geometry/battle_spatial_service.gd:95)
       [5] _advance_participant (res://battle/runtime/battle_movement_service.gd:103)
       [6] advance (res://battle/runtime/battle_movement_service.gd:52)
       [7] _advance_validated (res://battle/runtime/battle_runtime_service.gd:152)
       [8] advance (res://battle/runtime/battle_runtime_service.gd:28)
       [9] _process (res://gameplay/arsenal_review.gd:203)
SCRIPT ERROR: Trying to assign an array of type "Array" to a variable of type "Array[String]".
   at: BattlefieldGeometry.get_obstacle_ids_at_point (res://battle/geometry/battlefield_geometry.gd:585)
   GDScript backtrace (most recent call first):
       [0] get_obstacle_ids_at_point (res://battle/geometry/battlefield_geometry.gd:585)
       [1] get_movement_blocking_obstacle_id_at (res://battle/geometry/battlefield_geometry.gd:259)
       [2] _blocking_obstacle_at (res://battle/geometry/battle_spatial_service.gd:414)
       [3] resolve_translation (res://battle/geometry/battle_spatial_service.gd:65)
       [4] _advance_participant (res://battle/runtime/battle_movement_service.gd:103)
       [5] advance (res://battle/runtime/battle_movement_service.gd:52)
       [6] _advance_validated (res://battle/runtime/battle_runtime_service.gd:152)
       [7] advance (res://battle/runtime/battle_runtime_service.gd:28)
       [8] _process (res://gameplay/arsenal_review.gd:203)
SCRIPT ERROR: Trying to assign an array of type "Array" to a variable of type "Array[String]".
   at: BattlefieldGeometry.get_obstacle_ids_at_point (res://battle/geometry/battlefield_geometry.gd:585)
   GDScript backtrace (most recent call first):
       [0] get_obstacle_ids_at_point (res://battle/geometry/battlefield_geometry.gd:585)
       [1] get_obstacle_ids_in_rect (res://battle/geometry/battlefield_geometry.gd:599)
       [2] _resolve_legal_translation (res://battle/geometry/battle_spatial_service.gd:245)
       [3] resolve_translation (res://battle/geometry/battle_spatial_service.gd:95)
       [4] _advance_participant (res://battle/runtime/battle_movement_service.gd:103)
       [5] advance (res://battle/runtime/battle_movement_service.gd:52)
       [6] _advance_validated (res://battle/runtime/battle_runtime_service.gd:152)
       [7] advance (res://battle/runtime/battle_runtime_service.gd:28)
       [8] _process (res://gameplay/arsenal_review.gd:203)
SCRIPT ERROR: Trying to assign an array of type "Array" to a variable of type "Array[String]".
   at: BattlefieldGeometry.get_obstacle_ids_at_point (res://battle/geometry/battlefield_geometry.gd:585)
   GDScript backtrace (most recent call first):
       [0] get_obstacle_ids_at_point (res://battle/geometry/battlefield_geometry.gd:585)
       [1] get_movement_blocking_obstacle_id_at (res://battle/geometry/battlefield_geometry.gd:259)
       [2] _blocking_obstacle_at (res://battle/geometry/battle_spatial_service.gd:414)
       [3] _resolve_legal_translation (res://battle/geometry/battle_spatial_service.gd:294)
       [4] resolve_translation (res://battle/geometry/battle_spatial_service.gd:95)
       [5] _advance_participant (res://battle/runtime/battle_movement_service.gd:103)
       [6] advance (res://battle/runtime/battle_movement_service.gd:52)
       [7] _advance_validated (res://battle/runtime/battle_runtime_service.gd:152)
       [8] advance (res://battle/runtime/battle_runtime_service.gd:28)
       [9] _process (res://gameplay/arsenal_review.gd:203)
SCRIPT ERROR: Trying to assign an array of type "Array" to a variable of type "Array[String]".
   at: BattlefieldGeometry.get_obstacle_ids_at_point (res://battle/geometry/battlefield_geometry.gd:585)
   GDScript backtrace (most recent call first):
       [0] get_obstacle_ids_at_point (res://battle/geometry/battlefield_geometry.gd:585)
       [1] get_obstacle_ids_in_rect (res://battle/geometry/battlefield_geometry.gd:599)
       [2] _trace_segment (res://battle/combat/battle_line_of_sight_service.gd:191)
       [3] _trace_segment_cached (res://battle/combat/battle_line_of_sight_service.gd:143)
       [4] check_participant_to_participant (res://battle/combat/battle_line_of_sight_service.gd:57)
       [5] _healthy_no_role_cover_key (res://battle/combat/battle_combat_behavior_service.gd:1772)
       [6] _healthy_keep_no_role_cover_decision (res://battle/combat/battle_combat_behavior_service.gd:1844)
       [7] _update_healthy_role_cover_behavior (res://battle/combat/battle_combat_behavior_service.gd:893)
       [8] advance (res://battle/combat/battle_combat_behavior_service.gd:242)
       [9] _advance_validated (res://battle/runtime/battle_runtime_service.gd:116)
       [10] advance (res://battle/runtime/battle_runtime_service.gd:28)
       [11] _process (res://gameplay/arsenal_review.gd:203)
SCRIPT ERROR: Trying to assign an array of type "Array" to a variable of type "Array[String]".
   at: BattlefieldGeometry.get_obstacle_ids_at_point (res://battle/geometry/battlefield_geometry.gd:585)
   GDScript backtrace (most recent call first):
       [0] get_obstacle_ids_at_point (res://battle/geometry/battlefield_geometry.gd:585)
       [1] get_movement_blocking_obstacle_id_at (res://battle/geometry/battlefield_geometry.gd:259)
       [2] cover_hustle_multiplier (res://battle/runtime/battle_movement_service.gd:164)
       [3] _advance_participant (res://battle/runtime/battle_movement_service.gd:78)
       [4] advance (res://battle/runtime/battle_movement_service.gd:52)
       [5] _advance_validated (res://battle/runtime/battle_runtime_service.gd:152)
       [6] advance (res://battle/runtime/battle_runtime_service.gd:28)
       [7] _process (res://gameplay/arsenal_review.gd:203)
SCRIPT ERROR: Trying to assign an array of type "Array" to a variable of type "Array[String]".
   at: BattlefieldGeometry.get_obstacle_ids_at_point (res://battle/geometry/battlefield_geometry.gd:585)
   GDScript backtrace (most recent call first):
       [0] get_obstacle_ids_at_point (res://battle/geometry/battlefield_geometry.gd:585)
       [1] get_movement_blocking_obstacle_id_at (res://battle/geometry/battlefield_geometry.gd:259)
       [2] _blocking_obstacle_at (res://battle/geometry/battle_spatial_service.gd:414)
       [3] resolve_translation (res://battle/geometry/battle_spatial_service.gd:65)
       [4] _advance_participant (res://battle/runtime/battle_movement_service.gd:103)
       [5] advance (res://battle/runtime/battle_movement_service.gd:52)
       [6] _advance_validated (res://battle/runtime/battle_runtime_service.gd:152)
       [7] advance (res://battle/runtime/battle_runtime_service.gd:28)
       [8] _process (res://gameplay/arsenal_review.gd:203)
SCRIPT ERROR: Trying to assign an array of type "Array" to a variable of type "Array[String]".
   at: BattlefieldGeometry.get_obstacle_ids_at_point (res://battle/geometry/battlefield_geometry.gd:585)
   GDScript backtrace (most recent call first):
       [0] get_obstacle_ids_at_point (res://battle/geometry/battlefield_geometry.gd:585)
       [1] get_obstacle_ids_in_rect (res://battle/geometry/battlefield_geometry.gd:599)
       [2] _resolve_legal_translation (res://battle/geometry/battle_spatial_service.gd:245)
       [3] resolve_translation (res://battle/geometry/battle_spatial_service.gd:95)
       [4] _advance_participant (res://battle/runtime/battle_movement_service.gd:103)
       [5] advance (res://battle/runtime/battle_movement_service.gd:52)
       [6] _advance_validated (res://battle/runtime/battle_runtime_service.gd:152)
       [7] advance (res://battle/runtime/battle_runtime_service.gd:28)
       [8] _process (res://gameplay/arsenal_review.gd:203)
SCRIPT ERROR: Trying to assign an array of type "Array" to a variable of type "Array[String]".
   at: BattlefieldGeometry.get_obstacle_ids_at_point (res://battle/geometry/battlefield_geometry.gd:585)
   GDScript backtrace (most recent call first):
       [0] get_obstacle_ids_at_point (res://battle/geometry/battlefield_geometry.gd:585)
       [1] get_movement_blocking_obstacle_id_at (res://battle/geometry/battlefield_geometry.gd:259)
       [2] _blocking_obstacle_at (res://battle/geometry/battle_spatial_service.gd:414)
       [3] _resolve_legal_translation (res://battle/geometry/battle_spatial_service.gd:294)
       [4] resolve_translation (res://battle/geometry/battle_spatial_service.gd:95)
       [5] _advance_participant (res://battle/runtime/battle_movement_service.gd:103)
       [6] advance (res://battle/runtime/battle_movement_service.gd:52)
       [7] _advance_validated (res://battle/runtime/battle_runtime_service.gd:152)
       [8] advance (res://battle/runtime/battle_runtime_service.gd:28)
       [9] _process (res://gameplay/arsenal_review.gd:203)
SCRIPT ERROR: Trying to assign an array of type "Array" to a variable of type "Array[String]".
   at: BattlefieldGeometry.get_obstacle_ids_at_point (res://battle/geometry/battlefield_geometry.gd:585)
   GDScript backtrace (most recent call first):
       [0] get_obstacle_ids_at_point (res://battle/geometry/battlefield_geometry.gd:585)
       [1] get_movement_blocking_obstacle_id_at (res://battle/geometry/battlefield_geometry.gd:259)
       [2] _blocking_obstacle_at (res://battle/geometry/battle_spatial_service.gd:414)
       [3] resolve_translation (res://battle/geometry/battle_spatial_service.gd:65)
       [4] _advance_participant (res://battle/runtime/battle_movement_service.gd:103)
       [5] advance (res://battle/runtime/battle_movement_service.gd:52)
       [6] _advance_validated (res://battle/runtime/battle_runtime_service.gd:152)
       [7] advance (res://battle/runtime/battle_runtime_service.gd:28)
       [8] _process (res://gameplay/arsenal_review.gd:203)
SCRIPT ERROR: Trying to assign an array of type "Array" to a variable of type "Array[String]".
   at: BattlefieldGeometry.get_obstacle_ids_at_point (res://battle/geometry/battlefield_geometry.gd:585)
   GDScript backtrace (most recent call first):
       [0] get_obstacle_ids_at_point (res://battle/geometry/battlefield_geometry.gd:585)
       [1] get_obstacle_ids_in_rect (res://battle/geometry/battlefield_geometry.gd:599)
       [2] _resolve_legal_translation (res://battle/geometry/battle_spatial_service.gd:245)
       [3] resolve_translation (res://battle/geometry/battle_spatial_service.gd:95)
       [4] _advance_participant (res://battle/runtime/battle_movement_service.gd:103)
       [5] advance (res://battle/runtime/battle_movement_service.gd:52)
       [6] _advance_validated (res://battle/runtime/battle_runtime_service.gd:152)
       [7] advance (res://battle/runtime/battle_runtime_service.gd:28)
       [8] _process (res://gameplay/arsenal_review.gd:203)
SCRIPT ERROR: Trying to assign an array of type "Array" to a variable of type "Array[String]".
   at: BattlefieldGeometry.get_obstacle_ids_at_point (res://battle/geometry/battlefield_geometry.gd:585)
   GDScript backtrace (most recent call first):
       [0] get_obstacle_ids_at_point (res://battle/geometry/battlefield_geometry.gd:585)
       [1] get_movement_blocking_obstacle_id_at (res://battle/geometry/battlefield_geometry.gd:259)
       [2] _blocking_obstacle_at (res://battle/geometry/battle_spatial_service.gd:414)
       [3] _resolve_legal_translation (res://battle/geometry/battle_spatial_service.gd:294)
       [4] resolve_translation (res://battle/geometry/battle_spatial_service.gd:95)
       [5] _advance_participant (res://battle/runtime/battle_movement_service.gd:103)
       [6] advance (res://battle/runtime/battle_movement_service.gd:52)
       [7] _advance_validated (res://battle/runtime/battle_runtime_service.gd:152)
       [8] advance (res://battle/runtime/battle_runtime_service.gd:28)
       [9] _process (res://gameplay/arsenal_review.gd:203)
SCRIPT ERROR: Trying to assign an array of type "Array" to a variable of type "Array[String]".
   at: BattlefieldGeometry.get_obstacle_ids_at_point (res://battle/geometry/battlefield_geometry.gd:585)
   GDScript backtrace (most recent call first):
       [0] get_obstacle_ids_at_point (res://battle/geometry/battlefield_geometry.gd:585)
       [1] get_obstacle_ids_in_rect (res://battle/geometry/battlefield_geometry.gd:599)
       [2] _trace_segment (res://battle/combat/battle_line_of_sight_service.gd:191)
       [3] _trace_segment_cached (res://battle/combat/battle_line_of_sight_service.gd:143)
       [4] check_participant_to_participant (res://battle/combat/battle_line_of_sight_service.gd:57)
       [5] _healthy_no_role_cover_key (res://battle/combat/battle_combat_behavior_service.gd:1772)
       [6] _healthy_keep_no_role_cover_decision (res://battle/combat/battle_combat_behavior_service.gd:1844)
       [7] _update_healthy_role_cover_behavior (res://battle/combat/battle_combat_behavior_service.gd:893)
       [8] advance (res://battle/combat/battle_combat_behavior_service.gd:242)
       [9] _advance_validated (res://battle/runtime/battle_runtime_service.gd:116)
       [10] advance (res://battle/runtime/battle_runtime_service.gd:28)
       [11] _process (res://gameplay/arsenal_review.gd:203)
SCRIPT ERROR: Trying to assign an array of type "Array" to a variable of type "Array[String]".
   at: BattlefieldGeometry.get_obstacle_ids_at_point (res://battle/geometry/battlefield_geometry.gd:585)
   GDScript backtrace (most recent call first):
       [0] get_obstacle_ids_at_point (res://battle/geometry/battlefield_geometry.gd:585)
       [1] get_movement_blocking_obstacle_id_at (res://battle/geometry/battlefield_geometry.gd:259)
       [2] cover_hustle_multiplier (res://battle/runtime/battle_movement_service.gd:164)
       [3] _advance_participant (res://battle/runtime/battle_movement_service.gd:78)
       [4] advance (res://battle/runtime/battle_movement_service.gd:52)
       [5] _advance_validated (res://battle/runtime/battle_runtime_service.gd:152)
       [6] advance (res://battle/runtime/battle_runtime_service.gd:28)
       [7] _process (res://gameplay/arsenal_review.gd:203)
SCRIPT ERROR: Trying to assign an array of type "Array" to a variable of type "Array[String]".
   at: BattlefieldGeometry.get_obstacle_ids_at_point (res://battle/geometry/battlefield_geometry.gd:585)
   GDScript backtrace (most recent call first):
       [0] get_obstacle_ids_at_point (res://battle/geometry/battlefield_geometry.gd:585)
       [1] get_movement_blocking_obstacle_id_at (res://battle/geometry/battlefield_geometry.gd:259)
       [2] _blocking_obstacle_at (res://battle/geometry/battle_spatial_service.gd:414)
       [3] resolve_translation (res://battle/geometry/battle_spatial_service.gd:65)
       [4] _advance_participant (res://battle/runtime/battle_movement_service.gd:103)
       [5] advance (res://battle/runtime/battle_movement_service.gd:52)
       [6] _advance_validated (res://battle/runtime/battle_runtime_service.gd:152)
       [7] advance (res://battle/runtime/battle_runtime_service.gd:28)
       [8] _process (res://gameplay/arsenal_review.gd:203)
SCRIPT ERROR: Trying to assign an array of type "Array" to a variable of type "Array[String]".
   at: BattlefieldGeometry.get_obstacle_ids_at_point (res://battle/geometry/battlefield_geometry.gd:585)
   GDScript backtrace (most recent call first):
       [0] get_obstacle_ids_at_point (res://battle/geometry/battlefield_geometry.gd:585)
       [1] get_obstacle_ids_in_rect (res://battle/geometry/battlefield_geometry.gd:599)
       [2] _resolve_legal_translation (res://battle/geometry/battle_spatial_service.gd:245)
       [3] resolve_translation (res://battle/geometry/battle_spatial_service.gd:95)
       [4] _advance_participant (res://battle/runtime/battle_movement_service.gd:103)
       [5] advance (res://battle/runtime/battle_movement_service.gd:52)
       [6] _advance_validated (res://battle/runtime/battle_runtime_service.gd:152)
       [7] advance (res://battle/runtime/battle_runtime_service.gd:28)
       [8] _process (res://gameplay/arsenal_review.gd:203)
SCRIPT ERROR: Trying to assign an array of type "Array" to a variable of type "Array[String]".
   at: BattlefieldGeometry.get_obstacle_ids_at_point (res://battle/geometry/battlefield_geometry.gd:585)
   GDScript backtrace (most recent call first):
       [0] get_obstacle_ids_at_point (res://battle/geometry/battlefield_geometry.gd:585)
       [1] get_movement_blocking_obstacle_id_at (res://battle/geometry/battlefield_geometry.gd:259)
       [2] _blocking_obstacle_at (res://battle/geometry/battle_spatial_service.gd:414)
       [3] _resolve_legal_translation (res://battle/geometry/battle_spatial_service.gd:294)
       [4] resolve_translation (res://battle/geometry/battle_spatial_service.gd:95)
       [5] _advance_participant (res://battle/runtime/battle_movement_service.gd:103)
       [6] advance (res://battle/runtime/battle_movement_service.gd:52)
       [7] _advance_validated (res://battle/runtime/battle_runtime_service.gd:152)
       [8] advance (res://battle/runtime/battle_runtime_service.gd:28)
       [9] _process (res://gameplay/arsenal_review.gd:203)
SCRIPT ERROR: Trying to assign an array of type "Array" to a variable of type "Array[String]".
   at: BattlefieldGeometry.get_obstacle_ids_at_point (res://battle/geometry/battlefield_geometry.gd:585)
   GDScript backtrace (most recent call first):
       [0] get_obstacle_ids_at_point (res://battle/geometry/battlefield_geometry.gd:585)
       [1] get_movement_blocking_obstacle_id_at (res://battle/geometry/battlefield_geometry.gd:259)
       [2] _blocking_obstacle_at (res://battle/geometry/battle_spatial_service.gd:414)
       [3] resolve_translation (res://battle/geometry/battle_spatial_service.gd:65)
       [4] _advance_participant (res://battle/runtime/battle_movement_service.gd:103)
       [5] advance (res://battle/runtime/battle_movement_service.gd:52)
       [6] _advance_validated (res://battle/runtime/battle_runtime_service.gd:152)
       [7] advance (res://battle/runtime/battle_runtime_service.gd:28)
       [8] _process (res://gameplay/arsenal_review.gd:203)
SCRIPT ERROR: Trying to assign an array of type "Array" to a variable of type "Array[String]".
   at: BattlefieldGeometry.get_obstacle_ids_at_point (res://battle/geometry/battlefield_geometry.gd:585)
   GDScript backtrace (most recent call first):
       [0] get_obstacle_ids_at_point (res://battle/geometry/battlefield_geometry.gd:585)
       [1] get_obstacle_ids_in_rect (res://battle/geometry/battlefield_geometry.gd:599)
       [2] _resolve_legal_translation (res://battle/geometry/battle_spatial_service.gd:245)
       [3] resolve_translation (res://battle/geometry/battle_spatial_service.gd:95)
       [4] _advance_participant (res://battle/runtime/battle_movement_service.gd:103)
       [5] advance (res://battle/runtime/battle_movement_service.gd:52)
       [6] _advance_validated (res://battle/runtime/battle_runtime_service.gd:152)
       [7] advance (res://battle/runtime/battle_runtime_service.gd:28)
       [8] _process (res://gameplay/arsenal_review.gd:203)
SCRIPT ERROR: Trying to assign an array of type "Array" to a variable of type "Array[String]".
   at: BattlefieldGeometry.get_obstacle_ids_at_point (res://battle/geometry/battlefield_geometry.gd:585)
   GDScript backtrace (most recent call first):
       [0] get_obstacle_ids_at_point (res://battle/geometry/battlefield_geometry.gd:585)
       [1] get_movement_blocking_obstacle_id_at (res://battle/geometry/battlefield_geometry.gd:259)
       [2] _blocking_obstacle_at (res://battle/geometry/battle_spatial_service.gd:414)
       [3] _resolve_legal_translation (res://battle/geometry/battle_spatial_service.gd:294)
       [4] resolve_translation (res://battle/geometry/battle_spatial_service.gd:95)
       [5] _advance_participant (res://battle/runtime/battle_movement_service.gd:103)
       [6] advance (res://battle/runtime/battle_movement_service.gd:52)
       [7] _advance_validated (res://battle/runtime/battle_runtime_service.gd:152)
       [8] advance (res://battle/runtime/battle_runtime_service.gd:28)
       [9] _process (res://gameplay/arsenal_review.gd:203)
SCRIPT ERROR: Trying to assign an array of type "Array" to a variable of type "Array[String]".
   at: BattlefieldGeometry.get_obstacle_ids_at_point (res://battle/geometry/battlefield_geometry.gd:585)
   GDScript backtrace (most recent call first):
       [0] get_obstacle_ids_at_point (res://battle/geometry/battlefield_geometry.gd:585)
       [1] get_obstacle_ids_in_rect (res://battle/geometry/battlefield_geometry.gd:599)
       [2] _trace_segment (res://battle/combat/battle_line_of_sight_service.gd:191)
       [3] _trace_segment_cached (res://battle/combat/battle_line_of_sight_service.gd:143)
       [4] check_participant_to_participant (res://battle/combat/battle_line_of_sight_service.gd:57)
       [5] _healthy_no_role_cover_key (res://battle/combat/battle_combat_behavior_service.gd:1772)
       [6] _healthy_keep_no_role_cover_decision (res://battle/combat/battle_combat_behavior_service.gd:1844)
       [7] _update_healthy_role_cover_behavior (res://battle/combat/battle_combat_behavior_service.gd:893)
       [8] advance (res://battle/combat/battle_combat_behavior_service.gd:242)
       [9] _advance_validated (res://battle/runtime/battle_runtime_service.gd:116)
       [10] advance (res://battle/runtime/battle_runtime_service.gd:28)
       [11] _process (res://gameplay/arsenal_review.gd:203)
SCRIPT ERROR: Trying to assign an array of type "Array" to a variable of type "Array[String]".
   at: BattlefieldGeometry.get_obstacle_ids_at_point (res://battle/geometry/battlefield_geometry.gd:585)
   GDScript backtrace (most recent call first):
       [0] get_obstacle_ids_at_point (res://battle/geometry/battlefield_geometry.gd:585)
       [1] get_movement_blocking_obstacle_id_at (res://battle/geometry/battlefield_geometry.gd:259)
       [2] cover_hustle_multiplier (res://battle/runtime/battle_movement_service.gd:164)
       [3] _advance_participant (res://battle/runtime/battle_movement_service.gd:78)
       [4] advance (res://battle/runtime/battle_movement_service.gd:52)
       [5] _advance_validated (res://battle/runtime/battle_runtime_service.gd:152)
       [6] advance (res://battle/runtime/battle_runtime_service.gd:28)
       [7] _process (res://gameplay/arsenal_review.gd:203)
SCRIPT ERROR: Trying to assign an array of type "Array" to a variable of type "Array[String]".
   at: BattlefieldGeometry.get_obstacle_ids_at_point (res://battle/geometry/battlefield_geometry.gd:585)
   GDScript backtrace (most recent call first):
       [0] get_obstacle_ids_at_point (res://battle/geometry/battlefield_geometry.gd:585)
       [1] get_movement_blocking_obstacle_id_at (res://battle/geometry/battlefield_geometry.gd:259)
       [2] _blocking_obstacle_at (res://battle/geometry/battle_spatial_service.gd:414)
       [3] resolve_translation (res://battle/geometry/battle_spatial_service.gd:65)
       [4] _advance_participant (res://battle/runtime/battle_movement_service.gd:103)
       [5] advance (res://battle/runtime/battle_movement_service.gd:52)
       [6] _advance_validated (res://battle/runtime/battle_runtime_service.gd:152)
       [7] advance (res://battle/runtime/battle_runtime_service.gd:28)
       [8] _process (res://gameplay/arsenal_review.gd:203)
SCRIPT ERROR: Trying to assign an array of type "Array" to a variable of type "Array[String]".
   at: BattlefieldGeometry.get_obstacle_ids_at_point (res://battle/geometry/battlefield_geometry.gd:585)
   GDScript backtrace (most recent call first):
       [0] get_obstacle_ids_at_point (res://battle/geometry/battlefield_geometry.gd:585)
       [1] get_obstacle_ids_in_rect (res://battle/geometry/battlefield_geometry.gd:599)
       [2] _resolve_legal_translation (res://battle/geometry/battle_spatial_service.gd:245)
       [3] resolve_translation (res://battle/geometry/battle_spatial_service.gd:95)
       [4] _advance_participant (res://battle/runtime/battle_movement_service.gd:103)
       [5] advance (res://battle/runtime/battle_movement_service.gd:52)
       [6] _advance_validated (res://battle/runtime/battle_runtime_service.gd:152)
       [7] advance (res://battle/runtime/battle_runtime_service.gd:28)
       [8] _process (res://gameplay/arsenal_review.gd:203)
SCRIPT ERROR: Trying to assign an array of type "Array" to a variable of type "Array[String]".
   at: BattlefieldGeometry.get_obstacle_ids_at_point (res://battle/geometry/battlefield_geometry.gd:585)
   GDScript backtrace (most recent call first):
       [0] get_obstacle_ids_at_point (res://battle/geometry/battlefield_geometry.gd:585)
       [1] get_movement_blocking_obstacle_id_at (res://battle/geometry/battlefield_geometry.gd:259)
       [2] _blocking_obstacle_at (res://battle/geometry/battle_spatial_service.gd:414)
       [3] _resolve_legal_translation (res://battle/geometry/battle_spatial_service.gd:294)
       [4] resolve_translation (res://battle/geometry/battle_spatial_service.gd:95)
       [5] _advance_participant (res://battle/runtime/battle_movement_service.gd:103)
       [6] advance (res://battle/runtime/battle_movement_service.gd:52)
       [7] _advance_validated (res://battle/runtime/battle_runtime_service.gd:152)
       [8] advance (res://battle/runtime/battle_runtime_service.gd:28)
       [9] _process (res://gameplay/arsenal_review.gd:203)
SCRIPT ERROR: Trying to assign an array of type "Array" to a variable of type "Array[String]".
   at: BattlefieldGeometry.get_obstacle_ids_at_point (res://battle/geometry/battlefield_geometry.gd:585)
   GDScript backtrace (most recent call first):
       [0] get_obstacle_ids_at_point (res://battle/geometry/battlefield_geometry.gd:585)
       [1] get_movement_blocking_obstacle_id_at (res://battle/geometry/battlefield_geometry.gd:259)
       [2] _blocking_obstacle_at (res://battle/geometry/battle_spatial_service.gd:414)
       [3] resolve_translation (res://battle/geometry/battle_spatial_service.gd:65)
       [4] _advance_participant (res://battle/runtime/battle_movement_service.gd:103)
       [5] advance (res://battle/runtime/battle_movement_service.gd:52)
       [6] _advance_validated (res://battle/runtime/battle_runtime_service.gd:152)
       [7] advance (res://battle/runtime/battle_runtime_service.gd:28)
       [8] _process (res://gameplay/arsenal_review.gd:203)
SCRIPT ERROR: Trying to assign an array of type "Array" to a variable of type "Array[String]".
   at: BattlefieldGeometry.get_obstacle_ids_at_point (res://battle/geometry/battlefield_geometry.gd:585)
   GDScript backtrace (most recent call first):
       [0] get_obstacle_ids_at_point (res://battle/geometry/battlefield_geometry.gd:585)
       [1] get_obstacle_ids_in_rect (res://battle/geometry/battlefield_geometry.gd:599)
       [2] _resolve_legal_translation (res://battle/geometry/battle_spatial_service.gd:245)
       [3] resolve_translation (res://battle/geometry/battle_spatial_service.gd:95)
       [4] _advance_participant (res://battle/runtime/battle_movement_service.gd:103)
       [5] advance (res://battle/runtime/battle_movement_service.gd:52)
       [6] _advance_validated (res://battle/runtime/battle_runtime_service.gd:152)
       [7] advance (res://battle/runtime/battle_runtime_service.gd:28)
       [8] _process (res://gameplay/arsenal_review.gd:203)
SCRIPT ERROR: Trying to assign an array of type "Array" to a variable of type "Array[String]".
   at: BattlefieldGeometry.get_obstacle_ids_at_point (res://battle/geometry/battlefield_geometry.gd:585)
   GDScript backtrace (most recent call first):
       [0] get_obstacle_ids_at_point (res://battle/geometry/battlefield_geometry.gd:585)
       [1] get_movement_blocking_obstacle_id_at (res://battle/geometry/battlefield_geometry.gd:259)
       [2] _blocking_obstacle_at (res://battle/geometry/battle_spatial_service.gd:414)
       [3] _resolve_legal_translation (res://battle/geometry/battle_spatial_service.gd:294)
       [4] resolve_translation (res://battle/geometry/battle_spatial_service.gd:95)
       [5] _advance_participant (res://battle/runtime/battle_movement_service.gd:103)
       [6] advance (res://battle/runtime/battle_movement_service.gd:52)
       [7] _advance_validated (res://battle/runtime/battle_runtime_service.gd:152)
       [8] advance (res://battle/runtime/battle_runtime_service.gd:28)
       [9] _process (res://gameplay/arsenal_review.gd:203)
SCRIPT ERROR: Trying to assign an array of type "Array" to a variable of type "Array[String]".
   at: BattlefieldGeometry.get_obstacle_ids_at_point (res://battle/geometry/battlefield_geometry.gd:585)
   GDScript backtrace (most recent call first):
       [0] get_obstacle_ids_at_point (res://battle/geometry/battlefield_geometry.gd:585)
       [1] get_obstacle_ids_in_rect (res://battle/geometry/battlefield_geometry.gd:599)
       [2] _trace_segment (res://battle/combat/battle_line_of_sight_service.gd:191)
       [3] _trace_segment_cached (res://battle/combat/battle_line_of_sight_service.gd:143)
       [4] check_participant_to_participant (res://battle/combat/battle_line_of_sight_service.gd:57)
       [5] _healthy_no_role_cover_key (res://battle/combat/battle_combat_behavior_service.gd:1772)
       [6] _healthy_keep_no_role_cover_decision (res://battle/combat/battle_combat_behavior_service.gd:1844)
       [7] _update_healthy_role_cover_behavior (res://battle/combat/battle_combat_behavior_service.gd:893)
       [8] advance (res://battle/combat/battle_combat_behavior_service.gd:242)
       [9] _advance_validated (res://battle/runtime/battle_runtime_service.gd:116)
       [10] advance (res://battle/runtime/battle_runtime_service.gd:28)
       [11] _process (res://gameplay/arsenal_review.gd:203)
SCRIPT ERROR: Trying to assign an array of type "Array" to a variable of type "Array[String]".
   at: BattlefieldGeometry.get_obstacle_ids_at_point (res://battle/geometry/battlefield_geometry.gd:585)
   GDScript backtrace (most recent call first):
       [0] get_obstacle_ids_at_point (res://battle/geometry/battlefield_geometry.gd:585)
       [1] get_movement_blocking_obstacle_id_at (res://battle/geometry/battlefield_geometry.gd:259)
       [2] cover_hustle_multiplier (res://battle/runtime/battle_movement_service.gd:164)
       [3] _advance_participant (res://battle/runtime/battle_movement_service.gd:78)
       [4] advance (res://battle/runtime/battle_movement_service.gd:52)
       [5] _advance_validated (res://battle/runtime/battle_runtime_service.gd:152)
       [6] advance (res://battle/runtime/battle_runtime_service.gd:28)
       [7] _process (res://gameplay/arsenal_review.gd:203)
SCRIPT ERROR: Trying to assign an array of type "Array" to a variable of type "Array[String]".
   at: BattlefieldGeometry.get_obstacle_ids_at_point (res://battle/geometry/battlefield_geometry.gd:585)
   GDScript backtrace (most recent call first):
       [0] get_obstacle_ids_at_point (res://battle/geometry/battlefield_geometry.gd:585)
       [1] get_movement_blocking_obstacle_id_at (res://battle/geometry/battlefield_geometry.gd:259)
       [2] _blocking_obstacle_at (res://battle/geometry/battle_spatial_service.gd:414)
       [3] resolve_translation (res://battle/geometry/battle_spatial_service.gd:65)
       [4] _advance_participant (res://battle/runtime/battle_movement_service.gd:103)
       [5] advance (res://battle/runtime/battle_movement_service.gd:52)
       [6] _advance_validated (res://battle/runtime/battle_runtime_service.gd:152)
       [7] advance (res://battle/runtime/battle_runtime_service.gd:28)
       [8] _process (res://gameplay/arsenal_review.gd:203)
SCRIPT ERROR: Trying to assign an array of type "Array" to a variable of type "Array[String]".
   at: BattlefieldGeometry.get_obstacle_ids_at_point (res://battle/geometry/battlefield_geometry.gd:585)
   GDScript backtrace (most recent call first):
       [0] get_obstacle_ids_at_point (res://battle/geometry/battlefield_geometry.gd:585)
       [1] get_obstacle_ids_in_rect (res://battle/geometry/battlefield_geometry.gd:599)
       [2] _resolve_legal_translation (res://battle/geometry/battle_spatial_service.gd:245)
       [3] resolve_translation (res://battle/geometry/battle_spatial_service.gd:95)
       [4] _advance_participant (res://battle/runtime/battle_movement_service.gd:103)
       [5] advance (res://battle/runtime/battle_movement_service.gd:52)
       [6] _advance_validated (res://battle/runtime/battle_runtime_service.gd:152)
       [7] advance (res://battle/runtime/battle_runtime_service.gd:28)
       [8] _process (res://gameplay/arsenal_review.gd:203)
SCRIPT ERROR: Trying to assign an array of type "Array" to a variable of type "Array[String]".
   at: BattlefieldGeometry.get_obstacle_ids_at_point (res://battle/geometry/battlefield_geometry.gd:585)
   GDScript backtrace (most recent call first):
       [0] get_obstacle_ids_at_point (res://battle/geometry/battlefield_geometry.gd:585)
       [1] get_movement_blocking_obstacle_id_at (res://battle/geometry/battlefield_geometry.gd:259)
       [2] _blocking_obstacle_at (res://battle/geometry/battle_spatial_service.gd:414)
       [3] _resolve_legal_translation (res://battle/geometry/battle_spatial_service.gd:294)
       [4] resolve_translation (res://battle/geometry/battle_spatial_service.gd:95)
       [5] _advance_participant (res://battle/runtime/battle_movement_service.gd:103)
       [6] advance (res://battle/runtime/battle_movement_service.gd:52)
       [7] _advance_validated (res://battle/runtime/battle_runtime_service.gd:152)
       [8] advance (res://battle/runtime/battle_runtime_service.gd:28)
       [9] _process (res://gameplay/arsenal_review.gd:203)
SCRIPT ERROR: Trying to assign an array of type "Array" to a variable of type "Array[String]".
   at: BattlefieldGeometry.get_obstacle_ids_at_point (res://battle/geometry/battlefield_geometry.gd:585)
   GDScript backtrace (most recent call first):
       [0] get_obstacle_ids_at_point (res://battle/geometry/battlefield_geometry.gd:585)
       [1] get_movement_blocking_obstacle_id_at (res://battle/geometry/battlefield_geometry.gd:259)
       [2] _blocking_obstacle_at (res://battle/geometry/battle_spatial_service.gd:414)
       [3] resolve_translation (res://battle/geometry/battle_spatial_service.gd:65)
       [4] _advance_participant (res://battle/runtime/battle_movement_service.gd:103)
       [5] advance (res://battle/runtime/battle_movement_service.gd:52)
       [6] _advance_validated (res://battle/runtime/battle_runtime_service.gd:152)
       [7] advance (res://battle/runtime/battle_runtime_service.gd:28)
       [8] _process (res://gameplay/arsenal_review.gd:203)
SCRIPT ERROR: Trying to assign an array of type "Array" to a variable of type "Array[String]".
   at: BattlefieldGeometry.get_obstacle_ids_at_point (res://battle/geometry/battlefield_geometry.gd:585)
   GDScript backtrace (most recent call first):
       [0] get_obstacle_ids_at_point (res://battle/geometry/battlefield_geometry.gd:585)
       [1] get_obstacle_ids_in_rect (res://battle/geometry/battlefield_geometry.gd:599)
       [2] _resolve_legal_translation (res://battle/geometry/battle_spatial_service.gd:245)
       [3] resolve_translation (res://battle/geometry/battle_spatial_service.gd:95)
       [4] _advance_participant (res://battle/runtime/battle_movement_service.gd:103)
       [5] advance (res://battle/runtime/battle_movement_service.gd:52)
       [6] _advance_validated (res://battle/runtime/battle_runtime_service.gd:152)
       [7] advance (res://battle/runtime/battle_runtime_service.gd:28)
       [8] _process (res://gameplay/arsenal_review.gd:203)
SCRIPT ERROR: Trying to assign an array of type "Array" to a variable of type "Array[String]".
   at: BattlefieldGeometry.get_obstacle_ids_at_point (res://battle/geometry/battlefield_geometry.gd:585)
   GDScript backtrace (most recent call first):
       [0] get_obstacle_ids_at_point (res://battle/geometry/battlefield_geometry.gd:585)
       [1] get_movement_blocking_obstacle_id_at (res://battle/geometry/battlefield_geometry.gd:259)
       [2] _blocking_obstacle_at (res://battle/geometry/battle_spatial_service.gd:414)
       [3] _resolve_legal_translation (res://battle/geometry/battle_spatial_service.gd:294)
       [4] resolve_translation (res://battle/geometry/battle_spatial_service.gd:95)
       [5] _advance_participant (res://battle/runtime/battle_movement_service.gd:103)
       [6] advance (res://battle/runtime/battle_movement_service.gd:52)
       [7] _advance_validated (res://battle/runtime/battle_runtime_service.gd:152)
       [8] advance (res://battle/runtime/battle_runtime_service.gd:28)
       [9] _process (res://gameplay/arsenal_review.gd:203)
SCRIPT ERROR: Trying to assign an array of type "Array" to a variable of type "Array[String]".
   at: BattlefieldGeometry.get_obstacle_ids_at_point (res://battle/geometry/battlefield_geometry.gd:585)
   GDScript backtrace (most recent call first):
       [0] get_obstacle_ids_at_point (res://battle/geometry/battlefield_geometry.gd:585)
       [1] get_obstacle_ids_in_rect (res://battle/geometry/battlefield_geometry.gd:599)
       [2] _trace_segment (res://battle/combat/battle_line_of_sight_service.gd:191)
       [3] _trace_segment_cached (res://battle/combat/battle_line_of_sight_service.gd:143)
       [4] check_participant_to_participant (res://battle/combat/battle_line_of_sight_service.gd:57)
       [5] _healthy_no_role_cover_key (res://battle/combat/battle_combat_behavior_service.gd:1772)
       [6] _healthy_keep_no_role_cover_decision (res://battle/combat/battle_combat_behavior_service.gd:1844)
       [7] _update_healthy_role_cover_behavior (res://battle/combat/battle_combat_behavior_service.gd:893)
       [8] advance (res://battle/combat/battle_combat_behavior_service.gd:242)
       [9] _advance_validated (res://battle/runtime/battle_runtime_service.gd:116)
       [10] advance (res://battle/runtime/battle_runtime_service.gd:28)
       [11] _process (res://gameplay/arsenal_review.gd:203)
SCRIPT ERROR: Trying to assign an array of type "Array" to a variable of type "Array[String]".
   at: BattlefieldGeometry.get_obstacle_ids_at_point (res://battle/geometry/battlefield_geometry.gd:585)
   GDScript backtrace (most recent call first):
       [0] get_obstacle_ids_at_point (res://battle/geometry/battlefield_geometry.gd:585)
       [1] get_movement_blocking_obstacle_id_at (res://battle/geometry/battlefield_geometry.gd:259)
       [2] cover_hustle_multiplier (res://battle/runtime/battle_movement_service.gd:164)
       [3] _advance_participant (res://battle/runtime/battle_movement_service.gd:78)
       [4] advance (res://battle/runtime/battle_movement_service.gd:52)
       [5] _advance_validated (res://battle/runtime/battle_runtime_service.gd:152)
       [6] advance (res://battle/runtime/battle_runtime_service.gd:28)
       [7] _process (res://gameplay/arsenal_review.gd:203)
SCRIPT ERROR: Trying to assign an array of type "Array" to a variable of type "Array[String]".
   at: BattlefieldGeometry.get_obstacle_ids_at_point (res://battle/geometry/battlefield_geometry.gd:585)
   GDScript backtrace (most recent call first):
       [0] get_obstacle_ids_at_point (res://battle/geometry/battlefield_geometry.gd:585)
       [1] get_movement_blocking_obstacle_id_at (res://battle/geometry/battlefield_geometry.gd:259)
       [2] _blocking_obstacle_at (res://battle/geometry/battle_spatial_service.gd:414)
       [3] resolve_translation (res://battle/geometry/battle_spatial_service.gd:65)
       [4] _advance_participant (res://battle/runtime/battle_movement_service.gd:103)
       [5] advance (res://battle/runtime/battle_movement_service.gd:52)
       [6] _advance_validated (res://battle/runtime/battle_runtime_service.gd:152)
       [7] advance (res://battle/runtime/battle_runtime_service.gd:28)
       [8] _process (res://gameplay/arsenal_review.gd:203)
SCRIPT ERROR: Trying to assign an array of type "Array" to a variable of type "Array[String]".
   at: BattlefieldGeometry.get_obstacle_ids_at_point (res://battle/geometry/battlefield_geometry.gd:585)
   GDScript backtrace (most recent call first):
       [0] get_obstacle_ids_at_point (res://battle/geometry/battlefield_geometry.gd:585)
       [1] get_obstacle_ids_in_rect (res://battle/geometry/battlefield_geometry.gd:599)
       [2] _resolve_legal_translation (res://battle/geometry/battle_spatial_service.gd:245)
       [3] resolve_translation (res://battle/geometry/battle_spatial_service.gd:95)
       [4] _advance_participant (res://battle/runtime/battle_movement_service.gd:103)
       [5] advance (res://battle/runtime/battle_movement_service.gd:52)
       [6] _advance_validated (res://battle/runtime/battle_runtime_service.gd:152)
       [7] advance (res://battle/runtime/battle_runtime_service.gd:28)
       [8] _process (res://gameplay/arsenal_review.gd:203)
SCRIPT ERROR: Trying to assign an array of type "Array" to a variable of type "Array[String]".
   at: BattlefieldGeometry.get_obstacle_ids_at_point (res://battle/geometry/battlefield_geometry.gd:585)
   GDScript backtrace (most recent call first):
       [0] get_obstacle_ids_at_point (res://battle/geometry/battlefield_geometry.gd:585)
       [1] get_movement_blocking_obstacle_id_at (res://battle/geometry/battlefield_geometry.gd:259)
       [2] _blocking_obstacle_at (res://battle/geometry/battle_spatial_service.gd:414)
       [3] _resolve_legal_translation (res://battle/geometry/battle_spatial_service.gd:294)
       [4] resolve_translation (res://battle/geometry/battle_spatial_service.gd:95)
       [5] _advance_participant (res://battle/runtime/battle_movement_service.gd:103)
       [6] advance (res://battle/runtime/battle_movement_service.gd:52)
       [7] _advance_validated (res://battle/runtime/battle_runtime_service.gd:152)
       [8] advance (res://battle/runtime/battle_runtime_service.gd:28)
       [9] _process (res://gameplay/arsenal_review.gd:203)
SCRIPT ERROR: Trying to assign an array of type "Array" to a variable of type "Array[String]".
   at: BattlefieldGeometry.get_obstacle_ids_at_point (res://battle/geometry/battlefield_geometry.gd:585)
   GDScript backtrace (most recent call first):
       [0] get_obstacle_ids_at_point (res://battle/geometry/battlefield_geometry.gd:585)
       [1] get_movement_blocking_obstacle_id_at (res://battle/geometry/battlefield_geometry.gd:259)
       [2] _blocking_obstacle_at (res://battle/geometry/battle_spatial_service.gd:414)
       [3] resolve_translation (res://battle/geometry/battle_spatial_service.gd:65)
       [4] _advance_participant (res://battle/runtime/battle_movement_service.gd:103)
       [5] advance (res://battle/runtime/battle_movement_service.gd:52)
       [6] _advance_validated (res://battle/runtime/battle_runtime_service.gd:152)
       [7] advance (res://battle/runtime/battle_runtime_service.gd:28)
       [8] _process (res://gameplay/arsenal_review.gd:203)
SCRIPT ERROR: Trying to assign an array of type "Array" to a variable of type "Array[String]".
   at: BattlefieldGeometry.get_obstacle_ids_at_point (res://battle/geometry/battlefield_geometry.gd:585)
   GDScript backtrace (most recent call first):
       [0] get_obstacle_ids_at_point (res://battle/geometry/battlefield_geometry.gd:585)
       [1] get_obstacle_ids_in_rect (res://battle/geometry/battlefield_geometry.gd:599)
       [2] _resolve_legal_translation (res://battle/geometry/battle_spatial_service.gd:245)
       [3] resolve_translation (res://battle/geometry/battle_spatial_service.gd:95)
       [4] _advance_participant (res://battle/runtime/battle_movement_service.gd:103)
       [5] advance (res://battle/runtime/battle_movement_service.gd:52)
       [6] _advance_validated (res://battle/runtime/battle_runtime_service.gd:152)
       [7] advance (res://battle/runtime/battle_runtime_service.gd:28)
       [8] _process (res://gameplay/arsenal_review.gd:203)
SCRIPT ERROR: Trying to assign an array of type "Array" to a variable of type "Array[String]".
   at: BattlefieldGeometry.get_obstacle_ids_at_point (res://battle/geometry/battlefield_geometry.gd:585)
   GDScript backtrace (most recent call first):
       [0] get_obstacle_ids_at_point (res://battle/geometry/battlefield_geometry.gd:585)
       [1] get_movement_blocking_obstacle_id_at (res://battle/geometry/battlefield_geometry.gd:259)
       [2] _blocking_obstacle_at (res://battle/geometry/battle_spatial_service.gd:414)
       [3] _resolve_legal_translation (res://battle/geometry/battle_spatial_service.gd:294)
       [4] resolve_translation (res://battle/geometry/battle_spatial_service.gd:95)
       [5] _advance_participant (res://battle/runtime/battle_movement_service.gd:103)
       [6] advance (res://battle/runtime/battle_movement_service.gd:52)
       [7] _advance_validated (res://battle/runtime/battle_runtime_service.gd:152)
       [8] advance (res://battle/runtime/battle_runtime_service.gd:28)
       [9] _process (res://gameplay/arsenal_review.gd:203)
SCRIPT ERROR: Trying to assign an array of type "Array" to a variable of type "Array[String]".
   at: BattlefieldGeometry.get_obstacle_ids_at_point (res://battle/geometry/battlefield_geometry.gd:585)
   GDScript backtrace (most recent call first):
       [0] get_obstacle_ids_at_point (res://battle/geometry/battlefield_geometry.gd:585)
       [1] get_obstacle_ids_in_rect (res://battle/geometry/battlefield_geometry.gd:599)
       [2] _trace_segment (res://battle/combat/battle_line_of_sight_service.gd:191)
       [3] _trace_segment_cached (res://battle/combat/battle_line_of_sight_service.gd:143)
       [4] check_participant_to_participant (res://battle/combat/battle_line_of_sight_service.gd:57)
       [5] _healthy_no_role_cover_key (res://battle/combat/battle_combat_behavior_service.gd:1772)
       [6] _healthy_keep_no_role_cover_decision (res://battle/combat/battle_combat_behavior_service.gd:1844)
       [7] _update_healthy_role_cover_behavior (res://battle/combat/battle_combat_behavior_service.gd:893)
       [8] advance (res://battle/combat/battle_combat_behavior_service.gd:242)
       [9] _advance_validated (res://battle/runtime/battle_runtime_service.gd:116)
       [10] advance (res://battle/runtime/battle_runtime_service.gd:28)
       [11] _process (res://gameplay/arsenal_review.gd:203)
SCRIPT ERROR: Trying to assign an array of type "Array" to a variable of type "Array[String]".
   at: BattlefieldGeometry.get_obstacle_ids_at_point (res://battle/geometry/battlefield_geometry.gd:585)
   GDScript backtrace (most recent call first):
       [0] get_obstacle_ids_at_point (res://battle/geometry/battlefield_geometry.gd:585)
       [1] get_movement_blocking_obstacle_id_at (res://battle/geometry/battlefield_geometry.gd:259)
       [2] cover_hustle_multiplier (res://battle/runtime/battle_movement_service.gd:164)
       [3] _advance_participant (res://battle/runtime/battle_movement_service.gd:78)
       [4] advance (res://battle/runtime/battle_movement_service.gd:52)
       [5] _advance_validated (res://battle/runtime/battle_runtime_service.gd:152)
       [6] advance (res://battle/runtime/battle_runtime_service.gd:28)
       [7] _process (res://gameplay/arsenal_review.gd:203)
SCRIPT ERROR: Trying to assign an array of type "Array" to a variable of type "Array[String]".
   at: BattlefieldGeometry.get_obstacle_ids_at_point (res://battle/geometry/battlefield_geometry.gd:585)
   GDScript backtrace (most recent call first):
       [0] get_obstacle_ids_at_point (res://battle/geometry/battlefield_geometry.gd:585)
       [1] get_movement_blocking_obstacle_id_at (res://battle/geometry/battlefield_geometry.gd:259)
       [2] _blocking_obstacle_at (res://battle/geometry/battle_spatial_service.gd:414)
       [3] resolve_translation (res://battle/geometry/battle_spatial_service.gd:65)
       [4] _advance_participant (res://battle/runtime/battle_movement_service.gd:103)
       [5] advance (res://battle/runtime/battle_movement_service.gd:52)
       [6] _advance_validated (res://battle/runtime/battle_runtime_service.gd:152)
       [7] advance (res://battle/runtime/battle_runtime_service.gd:28)
       [8] _process (res://gameplay/arsenal_review.gd:203)
SCRIPT ERROR: Trying to assign an array of type "Array" to a variable of type "Array[String]".
   at: BattlefieldGeometry.get_obstacle_ids_at_point (res://battle/geometry/battlefield_geometry.gd:585)
   GDScript backtrace (most recent call first):
       [0] get_obstacle_ids_at_point (res://battle/geometry/battlefield_geometry.gd:585)
       [1] get_obstacle_ids_in_rect (res://battle/geometry/battlefield_geometry.gd:599)
       [2] _resolve_legal_translation (res://battle/geometry/battle_spatial_service.gd:245)
       [3] resolve_translation (res://battle/geometry/battle_spatial_service.gd:95)
       [4] _advance_participant (res://battle/runtime/battle_movement_service.gd:103)
       [5] advance (res://battle/runtime/battle_movement_service.gd:52)
       [6] _advance_validated (res://battle/runtime/battle_runtime_service.gd:152)
       [7] advance (res://battle/runtime/battle_runtime_service.gd:28)
       [8] _process (res://gameplay/arsenal_review.gd:203)
SCRIPT ERROR: Trying to assign an array of type "Array" to a variable of type "Array[String]".
   at: BattlefieldGeometry.get_obstacle_ids_at_point (res://battle/geometry/battlefield_geometry.gd:585)
   GDScript backtrace (most recent call first):
       [0] get_obstacle_ids_at_point (res://battle/geometry/battlefield_geometry.gd:585)
       [1] get_movement_blocking_obstacle_id_at (res://battle/geometry/battlefield_geometry.gd:259)
       [2] _blocking_obstacle_at (res://battle/geometry/battle_spatial_service.gd:414)
       [3] _resolve_legal_translation (res://battle/geometry/battle_spatial_service.gd:294)
       [4] resolve_translation (res://battle/geometry/battle_spatial_service.gd:95)
       [5] _advance_participant (res://battle/runtime/battle_movement_service.gd:103)
       [6] advance (res://battle/runtime/battle_movement_service.gd:52)
       [7] _advance_validated (res://battle/runtime/battle_runtime_service.gd:152)
       [8] advance (res://battle/runtime/battle_runtime_service.gd:28)
       [9] _process (res://gameplay/arsenal_review.gd:203)
SCRIPT ERROR: Trying to assign an array of type "Array" to a variable of type "Array[String]".
   at: BattlefieldGeometry.get_obstacle_ids_at_point (res://battle/geometry/battlefield_geometry.gd:585)
   GDScript backtrace (most recent call first):
       [0] get_obstacle_ids_at_point (res://battle/geometry/battlefield_geometry.gd:585)
       [1] get_movement_blocking_obstacle_id_at (res://battle/geometry/battlefield_geometry.gd:259)
       [2] _blocking_obstacle_at (res://battle/geometry/battle_spatial_service.gd:414)
       [3] resolve_translation (res://battle/geometry/battle_spatial_service.gd:65)
       [4] _advance_participant (res://battle/runtime/battle_movement_service.gd:103)
       [5] advance (res://battle/runtime/battle_movement_service.gd:52)
       [6] _advance_validated (res://battle/runtime/battle_runtime_service.gd:152)
       [7] advance (res://battle/runtime/battle_runtime_service.gd:28)
       [8] _process (res://gameplay/arsenal_review.gd:203)
SCRIPT ERROR: Trying to assign an array of type "Array" to a variable of type "Array[String]".
   at: BattlefieldGeometry.get_obstacle_ids_at_point (res://battle/geometry/battlefield_geometry.gd:585)
   GDScript backtrace (most recent call first):
       [0] get_obstacle_ids_at_point (res://battle/geometry/battlefield_geometry.gd:585)
       [1] get_obstacle_ids_in_rect (res://battle/geometry/battlefield_geometry.gd:599)
       [2] _resolve_legal_translation (res://battle/geometry/battle_spatial_service.gd:245)
       [3] resolve_translation (res://battle/geometry/battle_spatial_service.gd:95)
       [4] _advance_participant (res://battle/runtime/battle_movement_service.gd:103)
       [5] advance (res://battle/runtime/battle_movement_service.gd:52)
       [6] _advance_validated (res://battle/runtime/battle_runtime_service.gd:152)
       [7] advance (res://battle/runtime/battle_runtime_service.gd:28)
       [8] _process (res://gameplay/arsenal_review.gd:203)
SCRIPT ERROR: Trying to assign an array of type "Array" to a variable of type "Array[String]".
   at: BattlefieldGeometry.get_obstacle_ids_at_point (res://battle/geometry/battlefield_geometry.gd:585)
   GDScript backtrace (most recent call first):
       [0] get_obstacle_ids_at_point (res://battle/geometry/battlefield_geometry.gd:585)
       [1] get_movement_blocking_obstacle_id_at (res://battle/geometry/battlefield_geometry.gd:259)
       [2] _blocking_obstacle_at (res://battle/geometry/battle_spatial_service.gd:414)
       [3] _resolve_legal_translation (res://battle/geometry/battle_spatial_service.gd:294)
       [4] resolve_translation (res://battle/geometry/battle_spatial_service.gd:95)
       [5] _advance_participant (res://battle/runtime/battle_movement_service.gd:103)
       [6] advance (res://battle/runtime/battle_movement_service.gd:52)
       [7] _advance_validated (res://battle/runtime/battle_runtime_service.gd:152)
       [8] advance (res://battle/runtime/battle_runtime_service.gd:28)
       [9] _process (res://gameplay/arsenal_review.gd:203)
SCRIPT ERROR: Trying to assign an array of type "Array" to a variable of type "Array[String]".
   at: BattlefieldGeometry.get_obstacle_ids_at_point (res://battle/geometry/battlefield_geometry.gd:585)
   GDScript backtrace (most recent call first):
       [0] get_obstacle_ids_at_point (res://battle/geometry/battlefield_geometry.gd:585)
       [1] get_obstacle_ids_in_rect (res://battle/geometry/battlefield_geometry.gd:599)
       [2] _trace_segment (res://battle/combat/battle_line_of_sight_service.gd:191)
       [3] _trace_segment_cached (res://battle/combat/battle_line_of_sight_service.gd:143)
       [4] check_participant_to_participant (res://battle/combat/battle_line_of_sight_service.gd:57)
       [5] _healthy_no_role_cover_key (res://battle/combat/battle_combat_behavior_service.gd:1772)
       [6] _healthy_keep_no_role_cover_decision (res://battle/combat/battle_combat_behavior_service.gd:1844)
       [7] _update_healthy_role_cover_behavior (res://battle/combat/battle_combat_behavior_service.gd:893)
       [8] advance (res://battle/combat/battle_combat_behavior_service.gd:242)
       [9] _advance_validated (res://battle/runtime/battle_runtime_service.gd:116)
       [10] advance (res://battle/runtime/battle_runtime_service.gd:28)
       [11] _process (res://gameplay/arsenal_review.gd:203)
SCRIPT ERROR: Trying to assign an array of type "Array" to a variable of type "Array[String]".
   at: BattlefieldGeometry.get_obstacle_ids_at_point (res://battle/geometry/battlefield_geometry.gd:585)
   GDScript backtrace (most recent call first):
       [0] get_obstacle_ids_at_point (res://battle/geometry/battlefield_geometry.gd:585)
       [1] get_movement_blocking_obstacle_id_at (res://battle/geometry/battlefield_geometry.gd:259)
       [2] cover_hustle_multiplier (res://battle/runtime/battle_movement_service.gd:164)
       [3] _advance_participant (res://battle/runtime/battle_movement_service.gd:78)
       [4] advance (res://battle/runtime/battle_movement_service.gd:52)
       [5] _advance_validated (res://battle/runtime/battle_runtime_service.gd:152)
       [6] advance (res://battle/runtime/battle_runtime_service.gd:28)
       [7] _process (res://gameplay/arsenal_review.gd:203)
SCRIPT ERROR: Trying to assign an array of type "Array" to a variable of type "Array[String]".
   at: BattlefieldGeometry.get_obstacle_ids_at_point (res://battle/geometry/battlefield_geometry.gd:585)
   GDScript backtrace (most recent call first):
       [0] get_obstacle_ids_at_point (res://battle/geometry/battlefield_geometry.gd:585)
       [1] get_movement_blocking_obstacle_id_at (res://battle/geometry/battlefield_geometry.gd:259)
       [2] _blocking_obstacle_at (res://battle/geometry/battle_spatial_service.gd:414)
       [3] resolve_translation (res://battle/geometry/battle_spatial_service.gd:65)
       [4] _advance_participant (res://battle/runtime/battle_movement_service.gd:103)
       [5] advance (res://battle/runtime/battle_movement_service.gd:52)
       [6] _advance_validated (res://battle/runtime/battle_runtime_service.gd:152)
       [7] advance (res://battle/runtime/battle_runtime_service.gd:28)
       [8] _process (res://gameplay/arsenal_review.gd:203)
SCRIPT ERROR: Trying to assign an array of type "Array" to a variable of type "Array[String]".
   at: BattlefieldGeometry.get_obstacle_ids_at_point (res://battle/geometry/battlefield_geometry.gd:585)
   GDScript backtrace (most recent call first):
       [0] get_obstacle_ids_at_point (res://battle/geometry/battlefield_geometry.gd:585)
       [1] get_obstacle_ids_in_rect (res://battle/geometry/battlefield_geometry.gd:599)
       [2] _resolve_legal_translation (res://battle/geometry/battle_spatial_service.gd:245)
       [3] resolve_translation (res://battle/geometry/battle_spatial_service.gd:95)
       [4] _advance_participant (res://battle/runtime/battle_movement_service.gd:103)
       [5] advance (res://battle/runtime/battle_movement_service.gd:52)
       [6] _advance_validated (res://battle/runtime/battle_runtime_service.gd:152)
       [7] advance (res://battle/runtime/battle_runtime_service.gd:28)
       [8] _process (res://gameplay/arsenal_review.gd:203)
SCRIPT ERROR: Trying to assign an array of type "Array" to a variable of type "Array[String]".
   at: BattlefieldGeometry.get_obstacle_ids_at_point (res://battle/geometry/battlefield_geometry.gd:585)
   GDScript backtrace (most recent call first):
       [0] get_obstacle_ids_at_point (res://battle/geometry/battlefield_geometry.gd:585)
       [1] get_movement_blocking_obstacle_id_at (res://battle/geometry/battlefield_geometry.gd:259)
       [2] _blocking_obstacle_at (res://battle/geometry/battle_spatial_service.gd:414)
       [3] _resolve_legal_translation (res://battle/geometry/battle_spatial_service.gd:294)
       [4] resolve_translation (res://battle/geometry/battle_spatial_service.gd:95)
       [5] _advance_participant (res://battle/runtime/battle_movement_service.gd:103)
       [6] advance (res://battle/runtime/battle_movement_service.gd:52)
       [7] _advance_validated (res://battle/runtime/battle_runtime_service.gd:152)
       [8] advance (res://battle/runtime/battle_runtime_service.gd:28)
       [9] _process (res://gameplay/arsenal_review.gd:203)
SCRIPT ERROR: Trying to assign an array of type "Array" to a variable of type "Array[String]".
   at: BattlefieldGeometry.get_obstacle_ids_at_point (res://battle/geometry/battlefield_geometry.gd:585)
   GDScript backtrace (most recent call first):
       [0] get_obstacle_ids_at_point (res://battle/geometry/battlefield_geometry.gd:585)
       [1] get_movement_blocking_obstacle_id_at (res://battle/geometry/battlefield_geometry.gd:259)
       [2] _blocking_obstacle_at (res://battle/geometry/battle_spatial_service.gd:414)
       [3] resolve_translation (res://battle/geometry/battle_spatial_service.gd:65)
       [4] _advance_participant (res://battle/runtime/battle_movement_service.gd:103)
       [5] advance (res://battle/runtime/battle_movement_service.gd:52)
       [6] _advance_validated (res://battle/runtime/battle_runtime_service.gd:152)
       [7] advance (res://battle/runtime/battle_runtime_service.gd:28)
       [8] _process (res://gameplay/arsenal_review.gd:203)
SCRIPT ERROR: Trying to assign an array of type "Array" to a variable of type "Array[String]".
   at: BattlefieldGeometry.get_obstacle_ids_at_point (res://battle/geometry/battlefield_geometry.gd:585)
   GDScript backtrace (most recent call first):
       [0] get_obstacle_ids_at_point (res://battle/geometry/battlefield_geometry.gd:585)
       [1] get_obstacle_ids_in_rect (res://battle/geometry/battlefield_geometry.gd:599)
       [2] _resolve_legal_translation (res://battle/geometry/battle_spatial_service.gd:245)
       [3] resolve_translation (res://battle/geometry/battle_spatial_service.gd:95)
       [4] _advance_participant (res://battle/runtime/battle_movement_service.gd:103)
       [5] advance (res://battle/runtime/battle_movement_service.gd:52)
       [6] _advance_validated (res://battle/runtime/battle_runtime_service.gd:152)
       [7] advance (res://battle/runtime/battle_runtime_service.gd:28)
       [8] _process (res://gameplay/arsenal_review.gd:203)
SCRIPT ERROR: Trying to assign an array of type "Array" to a variable of type "Array[String]".
   at: BattlefieldGeometry.get_obstacle_ids_at_point (res://battle/geometry/battlefield_geometry.gd:585)
   GDScript backtrace (most recent call first):
       [0] get_obstacle_ids_at_point (res://battle/geometry/battlefield_geometry.gd:585)
       [1] get_movement_blocking_obstacle_id_at (res://battle/geometry/battlefield_geometry.gd:259)
       [2] _blocking_obstacle_at (res://battle/geometry/battle_spatial_service.gd:414)
       [3] _resolve_legal_translation (res://battle/geometry/battle_spatial_service.gd:294)
       [4] resolve_translation (res://battle/geometry/battle_spatial_service.gd:95)
       [5] _advance_participant (res://battle/runtime/battle_movement_service.gd:103)
       [6] advance (res://battle/runtime/battle_movement_service.gd:52)
       [7] _advance_validated (res://battle/runtime/battle_runtime_service.gd:152)
       [8] advance (res://battle/runtime/battle_runtime_service.gd:28)
       [9] _process (res://gameplay/arsenal_review.gd:203)
SCRIPT ERROR: Trying to assign an array of type "Array" to a variable of type "Array[String]".
   at: BattlefieldGeometry.get_obstacle_ids_at_point (res://battle/geometry/battlefield_geometry.gd:585)
   GDScript backtrace (most recent call first):
       [0] get_obstacle_ids_at_point (res://battle/geometry/battlefield_geometry.gd:585)
       [1] get_obstacle_ids_in_rect (res://battle/geometry/battlefield_geometry.gd:599)
       [2] _trace_segment (res://battle/combat/battle_line_of_sight_service.gd:191)
       [3] _trace_segment_cached (res://battle/combat/battle_line_of_sight_service.gd:143)
       [4] check_participant_to_participant (res://battle/combat/battle_line_of_sight_service.gd:57)
       [5] _healthy_no_role_cover_key (res://battle/combat/battle_combat_behavior_service.gd:1772)
       [6] _healthy_keep_no_role_cover_decision (res://battle/combat/battle_combat_behavior_service.gd:1844)
       [7] _update_healthy_role_cover_behavior (res://battle/combat/battle_combat_behavior_service.gd:893)
       [8] advance (res://battle/combat/battle_combat_behavior_service.gd:242)
       [9] _advance_validated (res://battle/runtime/battle_runtime_service.gd:116)
       [10] advance (res://battle/runtime/battle_runtime_service.gd:28)
       [11] _process (res://gameplay/arsenal_review.gd:203)
SCRIPT ERROR: Trying to assign an array of type "Array" to a variable of type "Array[String]".
   at: BattlefieldGeometry.get_obstacle_ids_at_point (res://battle/geometry/battlefield_geometry.gd:585)
   GDScript backtrace (most recent call first):
       [0] get_obstacle_ids_at_point (res://battle/geometry/battlefield_geometry.gd:585)
       [1] get_movement_blocking_obstacle_id_at (res://battle/geometry/battlefield_geometry.gd:259)
       [2] cover_hustle_multiplier (res://battle/runtime/battle_movement_service.gd:164)
       [3] _advance_participant (res://battle/runtime/battle_movement_service.gd:78)
       [4] advance (res://battle/runtime/battle_movement_service.gd:52)
       [5] _advance_validated (res://battle/runtime/battle_runtime_service.gd:152)
       [6] advance (res://battle/runtime/battle_runtime_service.gd:28)
       [7] _process (res://gameplay/arsenal_review.gd:203)
SCRIPT ERROR: Trying to assign an array of type "Array" to a variable of type "Array[String]".
   at: BattlefieldGeometry.get_obstacle_ids_at_point (res://battle/geometry/battlefield_geometry.gd:585)
   GDScript backtrace (most recent call first):
       [0] get_obstacle_ids_at_point (res://battle/geometry/battlefield_geometry.gd:585)
       [1] get_movement_blocking_obstacle_id_at (res://battle/geometry/battlefield_geometry.gd:259)
       [2] _blocking_obstacle_at (res://battle/geometry/battle_spatial_service.gd:414)
       [3] resolve_translation (res://battle/geometry/battle_spatial_service.gd:65)
       [4] _advance_participant (res://battle/runtime/battle_movement_service.gd:103)
       [5] advance (res://battle/runtime/battle_movement_service.gd:52)
       [6] _advance_validated (res://battle/runtime/battle_runtime_service.gd:152)
       [7] advance (res://battle/runtime/battle_runtime_service.gd:28)
       [8] _process (res://gameplay/arsenal_review.gd:203)
SCRIPT ERROR: Trying to assign an array of type "Array" to a variable of type "Array[String]".
   at: BattlefieldGeometry.get_obstacle_ids_at_point (res://battle/geometry/battlefield_geometry.gd:585)
   GDScript backtrace (most recent call first):
       [0] get_obstacle_ids_at_point (res://battle/geometry/battlefield_geometry.gd:585)
       [1] get_obstacle_ids_in_rect (res://battle/geometry/battlefield_geometry.gd:599)
       [2] _resolve_legal_translation (res://battle/geometry/battle_spatial_service.gd:245)
       [3] resolve_translation (res://battle/geometry/battle_spatial_service.gd:95)
       [4] _advance_participant (res://battle/runtime/battle_movement_service.gd:103)
       [5] advance (res://battle/runtime/battle_movement_service.gd:52)
       [6] _advance_validated (res://battle/runtime/battle_runtime_service.gd:152)
       [7] advance (res://battle/runtime/battle_runtime_service.gd:28)
       [8] _process (res://gameplay/arsenal_review.gd:203)
SCRIPT ERROR: Trying to assign an array of type "Array" to a variable of type "Array[String]".
   at: BattlefieldGeometry.get_obstacle_ids_at_point (res://battle/geometry/battlefield_geometry.gd:585)
   GDScript backtrace (most recent call first):
       [0] get_obstacle_ids_at_point (res://battle/geometry/battlefield_geometry.gd:585)
       [1] get_movement_blocking_obstacle_id_at (res://battle/geometry/battlefield_geometry.gd:259)
       [2] _blocking_obstacle_at (res://battle/geometry/battle_spatial_service.gd:414)
       [3] _resolve_legal_translation (res://battle/geometry/battle_spatial_service.gd:294)
       [4] resolve_translation (res://battle/geometry/battle_spatial_service.gd:95)
       [5] _advance_participant (res://battle/runtime/battle_movement_service.gd:103)
       [6] advance (res://battle/runtime/battle_movement_service.gd:52)
       [7] _advance_validated (res://battle/runtime/battle_runtime_service.gd:152)
       [8] advance (res://battle/runtime/battle_runtime_service.gd:28)
       [9] _process (res://gameplay/arsenal_review.gd:203)
SCRIPT ERROR: Trying to assign an array of type "Array" to a variable of type "Array[String]".
   at: BattlefieldGeometry.get_obstacle_ids_at_point (res://battle/geometry/battlefield_geometry.gd:585)
   GDScript backtrace (most recent call first):
       [0] get_obstacle_ids_at_point (res://battle/geometry/battlefield_geometry.gd:585)
       [1] get_movement_blocking_obstacle_id_at (res://battle/geometry/battlefield_geometry.gd:259)
       [2] _blocking_obstacle_at (res://battle/geometry/battle_spatial_service.gd:414)
       [3] resolve_translation (res://battle/geometry/battle_spatial_service.gd:65)
       [4] _advance_participant (res://battle/runtime/battle_movement_service.gd:103)
       [5] advance (res://battle/runtime/battle_movement_service.gd:52)
       [6] _advance_validated (res://battle/runtime/battle_runtime_service.gd:152)
       [7] advance (res://battle/runtime/battle_runtime_service.gd:28)
       [8] _process (res://gameplay/arsenal_review.gd:203)
SCRIPT ERROR: Trying to assign an array of type "Array" to a variable of type "Array[String]".
   at: BattlefieldGeometry.get_obstacle_ids_at_point (res://battle/geometry/battlefield_geometry.gd:585)
   GDScript backtrace (most recent call first):
       [0] get_obstacle_ids_at_point (res://battle/geometry/battlefield_geometry.gd:585)
       [1] get_obstacle_ids_in_rect (res://battle/geometry/battlefield_geometry.gd:599)
       [2] _resolve_legal_translation (res://battle/geometry/battle_spatial_service.gd:245)
       [3] resolve_translation (res://battle/geometry/battle_spatial_service.gd:95)
       [4] _advance_participant (res://battle/runtime/battle_movement_service.gd:103)
       [5] advance (res://battle/runtime/battle_movement_service.gd:52)
       [6] _advance_validated (res://battle/runtime/battle_runtime_service.gd:152)
       [7] advance (res://battle/runtime/battle_runtime_service.gd:28)
       [8] _process (res://gameplay/arsenal_review.gd:203)
SCRIPT ERROR: Trying to assign an array of type "Array" to a variable of type "Array[String]".
   at: BattlefieldGeometry.get_obstacle_ids_at_point (res://battle/geometry/battlefield_geometry.gd:585)
   GDScript backtrace (most recent call first):
       [0] get_obstacle_ids_at_point (res://battle/geometry/battlefield_geometry.gd:585)
       [1] get_movement_blocking_obstacle_id_at (res://battle/geometry/battlefield_geometry.gd:259)
       [2] _blocking_obstacle_at (res://battle/geometry/battle_spatial_service.gd:414)
       [3] _resolve_legal_translation (res://battle/geometry/battle_spatial_service.gd:294)
       [4] resolve_translation (res://battle/geometry/battle_spatial_service.gd:95)
       [5] _advance_participant (res://battle/runtime/battle_movement_service.gd:103)
       [6] advance (res://battle/runtime/battle_movement_service.gd:52)
       [7] _advance_validated (res://battle/runtime/battle_runtime_service.gd:152)
       [8] advance (res://battle/runtime/battle_runtime_service.gd:28)
       [9] _process (res://gameplay/arsenal_review.gd:203)
SCRIPT ERROR: Trying to assign an array of type "Array" to a variable of type "Array[String]".
   at: BattlefieldGeometry.get_obstacle_ids_at_point (res://battle/geometry/battlefield_geometry.gd:585)
   GDScript backtrace (most recent call first):
       [0] get_obstacle_ids_at_point (res://battle/geometry/battlefield_geometry.gd:585)
       [1] get_obstacle_ids_in_rect (res://battle/geometry/battlefield_geometry.gd:599)
       [2] _trace_segment (res://battle/combat/battle_line_of_sight_service.gd:191)
       [3] _trace_segment_cached (res://battle/combat/battle_line_of_sight_service.gd:143)
       [4] check_participant_to_participant (res://battle/combat/battle_line_of_sight_service.gd:57)
       [5] _healthy_no_role_cover_key (res://battle/combat/battle_combat_behavior_service.gd:1772)
       [6] _healthy_keep_no_role_cover_decision (res://battle/combat/battle_combat_behavior_service.gd:1844)
       [7] _update_healthy_role_cover_behavior (res://battle/combat/battle_combat_behavior_service.gd:893)
       [8] advance (res://battle/combat/battle_combat_behavior_service.gd:242)
       [9] _advance_validated (res://battle/runtime/battle_runtime_service.gd:116)
       [10] advance (res://battle/runtime/battle_runtime_service.gd:28)
       [11] _process (res://gameplay/arsenal_review.gd:203)
SCRIPT ERROR: Trying to assign an array of type "Array" to a variable of type "Array[String]".
   at: BattlefieldGeometry.get_obstacle_ids_at_point (res://battle/geometry/battlefield_geometry.gd:585)
   GDScript backtrace (most recent call first):
       [0] get_obstacle_ids_at_point (res://battle/geometry/battlefield_geometry.gd:585)
       [1] get_movement_blocking_obstacle_id_at (res://battle/geometry/battlefield_geometry.gd:259)
       [2] cover_hustle_multiplier (res://battle/runtime/battle_movement_service.gd:164)
       [3] _advance_participant (res://battle/runtime/battle_movement_service.gd:78)
       [4] advance (res://battle/runtime/battle_movement_service.gd:52)
       [5] _advance_validated (res://battle/runtime/battle_runtime_service.gd:152)
       [6] advance (res://battle/runtime/battle_runtime_service.gd:28)
       [7] _process (res://gameplay/arsenal_review.gd:203)
SCRIPT ERROR: Trying to assign an array of type "Array" to a variable of type "Array[String]".
   at: BattlefieldGeometry.get_obstacle_ids_at_point (res://battle/geometry/battlefield_geometry.gd:585)
   GDScript backtrace (most recent call first):
       [0] get_obstacle_ids_at_point (res://battle/geometry/battlefield_geometry.gd:585)
       [1] get_movement_blocking_obstacle_id_at (res://battle/geometry/battlefield_geometry.gd:259)
       [2] _blocking_obstacle_at (res://battle/geometry/battle_spatial_service.gd:414)
       [3] resolve_translation (res://battle/geometry/battle_spatial_service.gd:65)
       [4] _advance_participant (res://battle/runtime/battle_movement_service.gd:103)
       [5] advance (res://battle/runtime/battle_movement_service.gd:52)
       [6] _advance_validated (res://battle/runtime/battle_runtime_service.gd:152)
       [7] advance (res://battle/runtime/battle_runtime_service.gd:28)
       [8] _process (res://gameplay/arsenal_review.gd:203)
SCRIPT ERROR: Trying to assign an array of type "Array" to a variable of type "Array[String]".
   at: BattlefieldGeometry.get_obstacle_ids_at_point (res://battle/geometry/battlefield_geometry.gd:585)
   GDScript backtrace (most recent call first):
       [0] get_obstacle_ids_at_point (res://battle/geometry/battlefield_geometry.gd:585)
       [1] get_obstacle_ids_in_rect (res://battle/geometry/battlefield_geometry.gd:599)
       [2] _resolve_legal_translation (res://battle/geometry/battle_spatial_service.gd:245)
       [3] resolve_translation (res://battle/geometry/battle_spatial_service.gd:95)
       [4] _advance_participant (res://battle/runtime/battle_movement_service.gd:103)
       [5] advance (res://battle/runtime/battle_movement_service.gd:52)
       [6] _advance_validated (res://battle/runtime/battle_runtime_service.gd:152)
       [7] advance (res://battle/runtime/battle_runtime_service.gd:28)
       [8] _process (res://gameplay/arsenal_review.gd:203)
SCRIPT ERROR: Trying to assign an array of type "Array" to a variable of type "Array[String]".
   at: BattlefieldGeometry.get_obstacle_ids_at_point (res://battle/geometry/battlefield_geometry.gd:585)
   GDScript backtrace (most recent call first):
       [0] get_obstacle_ids_at_point (res://battle/geometry/battlefield_geometry.gd:585)
       [1] get_movement_blocking_obstacle_id_at (res://battle/geometry/battlefield_geometry.gd:259)
       [2] _blocking_obstacle_at (res://battle/geometry/battle_spatial_service.gd:414)
       [3] _resolve_legal_translation (res://battle/geometry/battle_spatial_service.gd:294)
       [4] resolve_translation (res://battle/geometry/battle_spatial_service.gd:95)
       [5] _advance_participant (res://battle/runtime/battle_movement_service.gd:103)
       [6] advance (res://battle/runtime/battle_movement_service.gd:52)
       [7] _advance_validated (res://battle/runtime/battle_runtime_service.gd:152)
       [8] advance (res://battle/runtime/battle_runtime_service.gd:28)
       [9] _process (res://gameplay/arsenal_review.gd:203)
SCRIPT ERROR: Trying to assign an array of type "Array" to a variable of type "Array[String]".
   at: BattlefieldGeometry.get_obstacle_ids_at_point (res://battle/geometry/battlefield_geometry.gd:585)
   GDScript backtrace (most recent call first):
       [0] get_obstacle_ids_at_point (res://battle/geometry/battlefield_geometry.gd:585)
       [1] get_movement_blocking_obstacle_id_at (res://battle/geometry/battlefield_geometry.gd:259)
       [2] _blocking_obstacle_at (res://battle/geometry/battle_spatial_service.gd:414)
       [3] resolve_translation (res://battle/geometry/battle_spatial_service.gd:65)
       [4] _advance_participant (res://battle/runtime/battle_movement_service.gd:103)
       [5] advance (res://battle/runtime/battle_movement_service.gd:52)
       [6] _advance_validated (res://battle/runtime/battle_runtime_service.gd:152)
       [7] advance (res://battle/runtime/battle_runtime_service.gd:28)
       [8] _process (res://gameplay/arsenal_review.gd:203)
SCRIPT ERROR: Trying to assign an array of type "Array" to a variable of type "Array[String]".
   at: BattlefieldGeometry.get_obstacle_ids_at_point (res://battle/geometry/battlefield_geometry.gd:585)
   GDScript backtrace (most recent call first):
       [0] get_obstacle_ids_at_point (res://battle/geometry/battlefield_geometry.gd:585)
       [1] get_obstacle_ids_in_rect (res://battle/geometry/battlefield_geometry.gd:599)
       [2] _resolve_legal_translation (res://battle/geometry/battle_spatial_service.gd:245)
       [3] resolve_translation (res://battle/geometry/battle_spatial_service.gd:95)
       [4] _advance_participant (res://battle/runtime/battle_movement_service.gd:103)
       [5] advance (res://battle/runtime/battle_movement_service.gd:52)
       [6] _advance_validated (res://battle/runtime/battle_runtime_service.gd:152)
       [7] advance (res://battle/runtime/battle_runtime_service.gd:28)
       [8] _process (res://gameplay/arsenal_review.gd:203)
SCRIPT ERROR: Trying to assign an array of type "Array" to a variable of type "Array[String]".
   at: BattlefieldGeometry.get_obstacle_ids_at_point (res://battle/geometry/battlefield_geometry.gd:585)
   GDScript backtrace (most recent call first):
       [0] get_obstacle_ids_at_point (res://battle/geometry/battlefield_geometry.gd:585)
       [1] get_movement_blocking_obstacle_id_at (res://battle/geometry/battlefield_geometry.gd:259)
       [2] cover_hustle_multiplier (res://battle/runtime/battle_movement_service.gd:164)
       [3] _advance_participant (res://battle/runtime/battle_movement_service.gd:78)
       [4] advance (res://battle/runtime/battle_movement_service.gd:52)
       [5] _advance_validated (res://battle/runtime/battle_runtime_service.gd:152)
       [6] advance (res://battle/runtime/battle_runtime_service.gd:28)
       [7] _process (res://gameplay/arsenal_review.gd:203)
SCRIPT ERROR: Trying to assign an array of type "Array" to a variable of type "Array[String]".
   at: BattlefieldGeometry.get_obstacle_ids_at_point (res://battle/geometry/battlefield_geometry.gd:585)
   GDScript backtrace (most recent call first):
       [0] get_obstacle_ids_at_point (res://battle/geometry/battlefield_geometry.gd:585)
       [1] get_movement_blocking_obstacle_id_at (res://battle/geometry/battlefield_geometry.gd:259)
       [2] _blocking_obstacle_at (res://battle/geometry/battle_spatial_service.gd:414)
       [3] resolve_translation (res://battle/geometry/battle_spatial_service.gd:65)
       [4] _advance_participant (res://battle/runtime/battle_movement_service.gd:103)
       [5] advance (res://battle/runtime/battle_movement_service.gd:52)
       [6] _advance_validated (res://battle/runtime/battle_runtime_service.gd:152)
       [7] advance (res://battle/runtime/battle_runtime_service.gd:28)
       [8] _process (res://gameplay/arsenal_review.gd:203)
SCRIPT ERROR: Trying to assign an array of type "Array" to a variable of type "Array[String]".
   at: BattlefieldGeometry.get_obstacle_ids_at_point (res://battle/geometry/battlefield_geometry.gd:585)
   GDScript backtrace (most recent call first):
       [0] get_obstacle_ids_at_point (res://battle/geometry/battlefield_geometry.gd:585)
       [1] get_obstacle_ids_in_rect (res://battle/geometry/battlefield_geometry.gd:599)
       [2] _resolve_legal_translation (res://battle/geometry/battle_spatial_service.gd:245)
       [3] resolve_translation (res://battle/geometry/battle_spatial_service.gd:95)
       [4] _advance_participant (res://battle/runtime/battle_movement_service.gd:103)
       [5] advance (res://battle/runtime/battle_movement_service.gd:52)
       [6] _advance_validated (res://battle/runtime/battle_runtime_service.gd:152)
       [7] advance (res://battle/runtime/battle_runtime_service.gd:28)
       [8] _process (res://gameplay/arsenal_review.gd:203)
SCRIPT ERROR: Trying to assign an array of type "Array" to a variable of type "Array[String]".
   at: BattlefieldGeometry.get_obstacle_ids_at_point (res://battle/geometry/battlefield_geometry.gd:585)
   GDScript backtrace (most recent call first):
       [0] get_obstacle_ids_at_point (res://battle/geometry/battlefield_geometry.gd:585)
       [1] get_movement_blocking_obstacle_id_at (res://battle/geometry/battlefield_geometry.gd:259)
       [2] _blocking_obstacle_at (res://battle/geometry/battle_spatial_service.gd:414)
       [3] _resolve_legal_translation (res://battle/geometry/battle_spatial_service.gd:294)
       [4] resolve_translation (res://battle/geometry/battle_spatial_service.gd:95)
       [5] _advance_participant (res://battle/runtime/battle_movement_service.gd:103)
       [6] advance (res://battle/runtime/battle_movement_service.gd:52)
       [7] _advance_validated (res://battle/runtime/battle_runtime_service.gd:152)
       [8] advance (res://battle/runtime/battle_runtime_service.gd:28)
       [9] _process (res://gameplay/arsenal_review.gd:203)
SCRIPT ERROR: Trying to assign an array of type "Array" to a variable of type "Array[String]".
   at: BattlefieldGeometry.get_obstacle_ids_at_point (res://battle/geometry/battlefield_geometry.gd:585)
   GDScript backtrace (most recent call first):
       [0] get_obstacle_ids_at_point (res://battle/geometry/battlefield_geometry.gd:585)
       [1] get_movement_blocking_obstacle_id_at (res://battle/geometry/battlefield_geometry.gd:259)
       [2] cover_hustle_multiplier (res://battle/runtime/battle_movement_service.gd:164)
       [3] _advance_participant (res://battle/runtime/battle_movement_service.gd:78)
       [4] advance (res://battle/runtime/battle_movement_service.gd:52)
       [5] _advance_validated (res://battle/runtime/battle_runtime_service.gd:152)
       [6] advance (res://battle/runtime/battle_runtime_service.gd:28)
       [7] _process (res://gameplay/arsenal_review.gd:203)
SCRIPT ERROR: Trying to assign an array of type "Array" to a variable of type "Array[String]".
   at: BattlefieldGeometry.get_obstacle_ids_at_point (res://battle/geometry/battlefield_geometry.gd:585)
   GDScript backtrace (most recent call first):
       [0] get_obstacle_ids_at_point (res://battle/geometry/battlefield_geometry.gd:585)
       [1] get_movement_blocking_obstacle_id_at (res://battle/geometry/battlefield_geometry.gd:259)
       [2] _blocking_obstacle_at (res://battle/geometry/battle_spatial_service.gd:414)
       [3] resolve_translation (res://battle/geometry/battle_spatial_service.gd:65)
       [4] _advance_participant (res://battle/runtime/battle_movement_service.gd:103)
       [5] advance (res://battle/runtime/battle_movement_service.gd:52)
       [6] _advance_validated (res://battle/runtime/battle_runtime_service.gd:152)
       [7] advance (res://battle/runtime/battle_runtime_service.gd:28)
       [8] _process (res://gameplay/arsenal_review.gd:203)
SCRIPT ERROR: Trying to assign an array of type "Array" to a variable of type "Array[String]".
   at: BattlefieldGeometry.get_obstacle_ids_at_point (res://battle/geometry/battlefield_geometry.gd:585)
   GDScript backtrace (most recent call first):
       [0] get_obstacle_ids_at_point (res://battle/geometry/battlefield_geometry.gd:585)
       [1] get_obstacle_ids_in_rect (res://battle/geometry/battlefield_geometry.gd:599)
       [2] _resolve_legal_translation (res://battle/geometry/battle_spatial_service.gd:245)
       [3] resolve_translation (res://battle/geometry/battle_spatial_service.gd:95)
       [4] _advance_participant (res://battle/runtime/battle_movement_service.gd:103)
       [5] advance (res://battle/runtime/battle_movement_service.gd:52)
       [6] _advance_validated (res://battle/runtime/battle_runtime_service.gd:152)
       [7] advance (res://battle/runtime/battle_runtime_service.gd:28)
       [8] _process (res://gameplay/arsenal_review.gd:203)
LIVE_WINDOW { "wall_seconds": 5.005943, "fps": 27.5672335861595, "sim_seconds": 5.00783124242425 }
LIVE_WINDOW { "wall_seconds": 10.015722, "fps": 36.5285574473445, "sim_seconds": 10.0166666666667 }
LIVE_WINDOW { "wall_seconds": 15.036789, "fps": 38.2388842849538, "sim_seconds": 15.0249405757576 }
SCRIPT ERROR: Trying to assign an array of type "Array" to a variable of type "Array[String]".
   at: BattlefieldGeometry.get_obstacle_ids_at_point (res://battle/geometry/battlefield_geometry.gd:585)
   GDScript backtrace (most recent call first):
       [0] get_obstacle_ids_at_point (res://battle/geometry/battlefield_geometry.gd:585)
       [1] get_obstacle_ids_in_rect (res://battle/geometry/battlefield_geometry.gd:599)
       [2] _trace_segment (res://battle/combat/battle_line_of_sight_service.gd:191)
       [3] _trace_segment_cached (res://battle/combat/battle_line_of_sight_service.gd:143)
       [4] check_segment (res://battle/combat/battle_line_of_sight_service.gd:79)
       [5] evaluate_slot (res://battle/combat/battle_combat_cover_evaluation_service.gd:548)
       [6] _evaluate_rank_candidates (res://battle/combat/battle_combat_cover_evaluation_service.gd:849)
       [7] rank_healthy_role (res://battle/combat/battle_combat_cover_evaluation_service.gd:269)
       [8] _best_healthy_role_cover_slot (res://battle/combat/battle_combat_behavior_service.gd:1483)
       [9] _update_healthy_role_cover_behavior (res://battle/combat/battle_combat_behavior_service.gd:896)
       [10] advance (res://battle/combat/battle_combat_behavior_service.gd:242)
       [11] _advance_validated (res://battle/runtime/battle_runtime_service.gd:116)
       [12] advance (res://battle/runtime/battle_runtime_service.gd:28)
       [13] _process (res://gameplay/arsenal_review.gd:203)
SCRIPT ERROR: Trying to assign an array of type "Array" to a variable of type "Array[String]".
   at: BattlefieldGeometry.get_obstacle_ids_at_point (res://battle/geometry/battlefield_geometry.gd:585)
   GDScript backtrace (most recent call first):
       [0] get_obstacle_ids_at_point (res://battle/geometry/battlefield_geometry.gd:585)
       [1] get_obstacle_ids_in_rect (res://battle/geometry/battlefield_geometry.gd:599)
       [2] _trace_segment (res://battle/combat/battle_line_of_sight_service.gd:191)
       [3] _trace_segment_cached (res://battle/combat/battle_line_of_sight_service.gd:143)
       [4] check_segment (res://battle/combat/battle_line_of_sight_service.gd:79)
       [5] evaluate_slot (res://battle/combat/battle_combat_cover_evaluation_service.gd:548)
       [6] _evaluate_rank_candidates (res://battle/combat/battle_combat_cover_evaluation_service.gd:849)
       [7] rank_healthy_role (res://battle/combat/battle_combat_cover_evaluation_service.gd:269)
       [8] _best_healthy_role_cover_slot (res://battle/combat/battle_combat_behavior_service.gd:1483)
       [9] _update_healthy_role_cover_behavior (res://battle/combat/battle_combat_behavior_service.gd:896)
       [10] advance (res://battle/combat/battle_combat_behavior_service.gd:242)
       [11] _advance_validated (res://battle/runtime/battle_runtime_service.gd:116)
       [12] advance (res://battle/runtime/battle_runtime_service.gd:28)
       [13] _process (res://gameplay/arsenal_review.gd:203)
SCRIPT ERROR: Trying to assign an array of type "Array" to a variable of type "Array[String]".
   at: BattlefieldGeometry.get_obstacle_ids_at_point (res://battle/geometry/battlefield_geometry.gd:585)
   GDScript backtrace (most recent call first):
       [0] get_obstacle_ids_at_point (res://battle/geometry/battlefield_geometry.gd:585)
       [1] get_obstacle_ids_in_rect (res://battle/geometry/battlefield_geometry.gd:599)
       [2] _trace_segment (res://battle/combat/battle_line_of_sight_service.gd:191)
       [3] _trace_segment_cached (res://battle/combat/battle_line_of_sight_service.gd:143)
       [4] check_segment (res://battle/combat/battle_line_of_sight_service.gd:79)
       [5] evaluate_slot (res://battle/combat/battle_combat_cover_evaluation_service.gd:548)
       [6] _evaluate_rank_candidates (res://battle/combat/battle_combat_cover_evaluation_service.gd:849)
       [7] rank_healthy_role (res://battle/combat/battle_combat_cover_evaluation_service.gd:269)
       [8] _best_healthy_role_cover_slot (res://battle/combat/battle_combat_behavior_service.gd:1483)
       [9] _update_healthy_role_cover_behavior (res://battle/combat/battle_combat_behavior_service.gd:896)
       [10] advance (res://battle/combat/battle_combat_behavior_service.gd:242)
       [11] _advance_validated (res://battle/runtime/battle_runtime_service.gd:116)
       [12] advance (res://battle/runtime/battle_runtime_service.gd:28)
       [13] _process (res://gameplay/arsenal_review.gd:203)
SCRIPT ERROR: Trying to assign an array of type "Array" to a variable of type "Array[String]".
   at: BattlefieldGeometry.get_obstacle_ids_at_point (res://battle/geometry/battlefield_geometry.gd:585)
   GDScript backtrace (most recent call first):
       [0] get_obstacle_ids_at_point (res://battle/geometry/battlefield_geometry.gd:585)
       [1] get_obstacle_ids_in_rect (res://battle/geometry/battlefield_geometry.gd:599)
       [2] _trace_segment (res://battle/combat/battle_line_of_sight_service.gd:191)
       [3] _trace_segment_cached (res://battle/combat/battle_line_of_sight_service.gd:143)
       [4] check_segment (res://battle/combat/battle_line_of_sight_service.gd:79)
       [5] evaluate_slot (res://battle/combat/battle_combat_cover_evaluation_service.gd:548)
       [6] _evaluate_rank_candidates (res://battle/combat/battle_combat_cover_evaluation_service.gd:849)
       [7] rank_healthy_role (res://battle/combat/battle_combat_cover_evaluation_service.gd:269)
       [8] _best_healthy_role_cover_slot (res://battle/combat/battle_combat_behavior_service.gd:1483)
       [9] _update_healthy_role_cover_behavior (res://battle/combat/battle_combat_behavior_service.gd:896)
       [10] advance (res://battle/combat/battle_combat_behavior_service.gd:242)
       [11] _advance_validated (res://battle/runtime/battle_runtime_service.gd:116)
       [12] advance (res://battle/runtime/battle_runtime_service.gd:28)
       [13] _process (res://gameplay/arsenal_review.gd:203)
SCRIPT ERROR: Trying to assign an array of type "Array" to a variable of type "Array[String]".
   at: BattlefieldGeometry.get_obstacle_ids_at_point (res://battle/geometry/battlefield_geometry.gd:585)
   GDScript backtrace (most recent call first):
       [0] get_obstacle_ids_at_point (res://battle/geometry/battlefield_geometry.gd:585)
       [1] get_obstacle_ids_in_rect (res://battle/geometry/battlefield_geometry.gd:599)
       [2] _trace_segment (res://battle/combat/battle_line_of_sight_service.gd:191)
       [3] _trace_segment_cached (res://battle/combat/battle_line_of_sight_service.gd:143)
       [4] check_segment (res://battle/combat/battle_line_of_sight_service.gd:79)
       [5] evaluate_slot (res://battle/combat/battle_combat_cover_evaluation_service.gd:548)
       [6] _evaluate_rank_candidates (res://battle/combat/battle_combat_cover_evaluation_service.gd:849)
       [7] rank_healthy_role (res://battle/combat/battle_combat_cover_evaluation_service.gd:269)
       [8] _best_healthy_role_cover_slot (res://battle/combat/battle_combat_behavior_service.gd:1483)
       [9] _update_healthy_role_cover_behavior (res://battle/combat/battle_combat_behavior_service.gd:896)
       [10] advance (res://battle/combat/battle_combat_behavior_service.gd:242)
       [11] _advance_validated (res://battle/runtime/battle_runtime_service.gd:116)
       [12] advance (res://battle/runtime/battle_runtime_service.gd:28)
       [13] _process (res://gameplay/arsenal_review.gd:203)
LIVE_WINDOW { "wall_seconds": 20.046087, "fps": 35.9331786609621, "sim_seconds": 20.0456561818182 }
SCRIPT ERROR: Trying to assign an array of type "Array" to a variable of type "Array[String]".
   at: BattlefieldGeometry.get_obstacle_ids_at_point (res://battle/geometry/battlefield_geometry.gd:585)
   GDScript backtrace (most recent call first):
       [0] get_obstacle_ids_at_point (res://battle/geometry/battlefield_geometry.gd:585)
       [1] get_obstacle_ids_in_rect (res://battle/geometry/battlefield_geometry.gd:599)
       [2] _resolve_legal_translation (res://battle/geometry/battle_spatial_service.gd:245)
       [3] resolve_translation (res://battle/geometry/battle_spatial_service.gd:95)
       [4] _advance_participant (res://battle/runtime/battle_movement_service.gd:103)
       [5] advance (res://battle/runtime/battle_movement_service.gd:52)
       [6] _advance_validated (res://battle/runtime/battle_runtime_service.gd:152)
       [7] advance (res://battle/runtime/battle_runtime_service.gd:28)
       [8] _process (res://gameplay/arsenal_review.gd:203)
SCRIPT ERROR: Trying to assign an array of type "Array" to a variable of type "Array[String]".
   at: BattlefieldGeometry.get_obstacle_ids_at_point (res://battle/geometry/battlefield_geometry.gd:585)
   GDScript backtrace (most recent call first):
       [0] get_obstacle_ids_at_point (res://battle/geometry/battlefield_geometry.gd:585)
       [1] _is_valid_destination (res://battle/combat/battle_defend_position_service.gd:275)
       [2] _sample_is_legal (res://battle/combat/battle_defend_position_service.gd:214)
       [3] select_best_local_los_point (res://battle/combat/battle_defend_position_service.gd:117)
       [4] _update_defend_position_behavior (res://battle/combat/battle_combat_behavior_service.gd:531)
       [5] advance (res://battle/combat/battle_combat_behavior_service.gd:190)
       [6] _advance_validated (res://battle/runtime/battle_runtime_service.gd:116)
       [7] advance (res://battle/runtime/battle_runtime_service.gd:28)
       [8] _process (res://gameplay/arsenal_review.gd:203)
SCRIPT ERROR: Trying to assign an array of type "Array" to a variable of type "Array[String]".
   at: BattlefieldGeometry.get_obstacle_ids_at_point (res://battle/geometry/battlefield_geometry.gd:585)
   GDScript backtrace (most recent call first):
       [0] get_obstacle_ids_at_point (res://battle/geometry/battlefield_geometry.gd:585)
       [1] _is_valid_destination (res://battle/combat/battle_defend_position_service.gd:275)
       [2] _sample_is_legal (res://battle/combat/battle_defend_position_service.gd:214)
       [3] select_best_local_los_point (res://battle/combat/battle_defend_position_service.gd:117)
       [4] _update_defend_position_behavior (res://battle/combat/battle_combat_behavior_service.gd:531)
       [5] advance (res://battle/combat/battle_combat_behavior_service.gd:190)
       [6] _advance_validated (res://battle/runtime/battle_runtime_service.gd:116)
       [7] advance (res://battle/runtime/battle_runtime_service.gd:28)
       [8] _process (res://gameplay/arsenal_review.gd:203)
SCRIPT ERROR: Trying to assign an array of type "Array" to a variable of type "Array[String]".
   at: BattlefieldGeometry.get_obstacle_ids_at_point (res://battle/geometry/battlefield_geometry.gd:585)
   GDScript backtrace (most recent call first):
       [0] get_obstacle_ids_at_point (res://battle/geometry/battlefield_geometry.gd:585)
       [1] get_movement_blocking_obstacle_id_at (res://battle/geometry/battlefield_geometry.gd:259)
       [2] _blocking_obstacle_id (res://battle/navigation/battle_navigation_service.gd:610)
       [3] _is_legal_candidate (res://battle/navigation/battle_navigation_service.gd:316)
       [4] _query_reachability (res://battle/navigation/battle_navigation_service.gd:35)
       [5] is_reachable (res://battle/navigation/battle_navigation_service.gd:28)
       [6] select_best_local_los_point (res://battle/combat/battle_defend_position_service.gd:136)
       [7] _update_defend_position_behavior (res://battle/combat/battle_combat_behavior_service.gd:531)
       [8] advance (res://battle/combat/battle_combat_behavior_service.gd:190)
       [9] _advance_validated (res://battle/runtime/battle_runtime_service.gd:116)
       [10] advance (res://battle/runtime/battle_runtime_service.gd:28)
       [11] _process (res://gameplay/arsenal_review.gd:203)
SCRIPT ERROR: Trying to assign an array of type "Array" to a variable of type "Array[String]".
   at: BattlefieldGeometry.get_obstacle_ids_at_point (res://battle/geometry/battlefield_geometry.gd:585)
   GDScript backtrace (most recent call first):
       [0] get_obstacle_ids_at_point (res://battle/geometry/battlefield_geometry.gd:585)
       [1] get_movement_blocking_obstacle_id_at (res://battle/geometry/battlefield_geometry.gd:259)
       [2] _blocking_obstacle_id (res://battle/navigation/battle_navigation_service.gd:610)
       [3] _is_legal_candidate (res://battle/navigation/battle_navigation_service.gd:316)
       [4] _query_reachability (res://battle/navigation/battle_navigation_service.gd:35)
       [5] is_reachable (res://battle/navigation/battle_navigation_service.gd:28)
       [6] select_best_local_los_point (res://battle/combat/battle_defend_position_service.gd:136)
       [7] _update_defend_position_behavior (res://battle/combat/battle_combat_behavior_service.gd:531)
       [8] advance (res://battle/combat/battle_combat_behavior_service.gd:190)
       [9] _advance_validated (res://battle/runtime/battle_runtime_service.gd:116)
       [10] advance (res://battle/runtime/battle_runtime_service.gd:28)
       [11] _process (res://gameplay/arsenal_review.gd:203)
SCRIPT ERROR: Trying to assign an array of type "Array" to a variable of type "Array[String]".
   at: BattlefieldGeometry.get_obstacle_ids_at_point (res://battle/geometry/battlefield_geometry.gd:585)
   GDScript backtrace (most recent call first):
       [0] get_obstacle_ids_at_point (res://battle/geometry/battlefield_geometry.gd:585)
       [1] get_movement_blocking_obstacle_id_at (res://battle/geometry/battlefield_geometry.gd:259)
       [2] _blocking_obstacle_at (res://battle/geometry/battle_spatial_service.gd:414)
       [3] resolve_translation (res://battle/geometry/battle_spatial_service.gd:65)
       [4] is_translation_clear (res://battle/geometry/battle_spatial_service.gd:155)
       [5] _query_reachability (res://battle/navigation/battle_navigation_service.gd:40)
       [6] is_reachable (res://battle/navigation/battle_navigation_service.gd:28)
       [7] select_best_local_los_point (res://battle/combat/battle_defend_position_service.gd:136)
       [8] _update_defend_position_behavior (res://battle/combat/battle_combat_behavior_service.gd:531)
       [9] advance (res://battle/combat/battle_combat_behavior_service.gd:190)
       [10] _advance_validated (res://battle/runtime/battle_runtime_service.gd:116)
       [11] advance (res://battle/runtime/battle_runtime_service.gd:28)
       [12] _process (res://gameplay/arsenal_review.gd:203)
SCRIPT ERROR: Trying to assign an array of type "Array" to a variable of type "Array[String]".
   at: BattlefieldGeometry.get_obstacle_ids_at_point (res://battle/geometry/battlefield_geometry.gd:585)
   GDScript backtrace (most recent call first):
       [0] get_obstacle_ids_at_point (res://battle/geometry/battlefield_geometry.gd:585)
       [1] get_movement_blocking_obstacle_id_at (res://battle/geometry/battlefield_geometry.gd:259)
       [2] _blocking_obstacle_id (res://battle/navigation/battle_navigation_service.gd:610)
       [3] _find_path (res://battle/navigation/battle_navigation_service.gd:156)
       [4] find_path (res://battle/navigation/battle_navigation_service.gd:96)
       [5] _find_combat_navigation_path (res://battle/combat/battle_combat_behavior_service.gd:2014)
       [6] _navigate_to_defend_point (res://battle/combat/battle_combat_behavior_service.gd:688)
       [7] _update_defend_position_behavior (res://battle/combat/battle_combat_behavior_service.gd:541)
       [8] advance (res://battle/combat/battle_combat_behavior_service.gd:190)
       [9] _advance_validated (res://battle/runtime/battle_runtime_service.gd:116)
       [10] advance (res://battle/runtime/battle_runtime_service.gd:28)
       [11] _process (res://gameplay/arsenal_review.gd:203)
SCRIPT ERROR: Trying to assign an array of type "Array" to a variable of type "Array[String]".
   at: BattlefieldGeometry.get_obstacle_ids_at_point (res://battle/geometry/battlefield_geometry.gd:585)
   GDScript backtrace (most recent call first):
       [0] get_obstacle_ids_at_point (res://battle/geometry/battlefield_geometry.gd:585)
       [1] get_movement_blocking_obstacle_id_at (res://battle/geometry/battlefield_geometry.gd:259)
       [2] _blocking_obstacle_at (res://battle/geometry/battle_spatial_service.gd:414)
       [3] resolve_translation (res://battle/geometry/battle_spatial_service.gd:65)
       [4] is_translation_clear (res://battle/geometry/battle_spatial_service.gd:155)
       [5] _find_path (res://battle/navigation/battle_navigation_service.gd:194)
       [6] find_path (res://battle/navigation/battle_navigation_service.gd:96)
       [7] _find_combat_navigation_path (res://battle/combat/battle_combat_behavior_service.gd:2014)
       [8] _navigate_to_defend_point (res://battle/combat/battle_combat_behavior_service.gd:688)
       [9] _update_defend_position_behavior (res://battle/combat/battle_combat_behavior_service.gd:541)
       [10] advance (res://battle/combat/battle_combat_behavior_service.gd:190)
       [11] _advance_validated (res://battle/runtime/battle_runtime_service.gd:116)
       [12] advance (res://battle/runtime/battle_runtime_service.gd:28)
       [13] _process (res://gameplay/arsenal_review.gd:203)
SCRIPT ERROR: Trying to assign an array of type "Array" to a variable of type "Array[String]".
   at: BattlefieldGeometry.get_obstacle_ids_at_point (res://battle/geometry/battlefield_geometry.gd:585)
   GDScript backtrace (most recent call first):
       [0] get_obstacle_ids_at_point (res://battle/geometry/battlefield_geometry.gd:585)
       [1] get_movement_blocking_obstacle_id_at (res://battle/geometry/battlefield_geometry.gd:259)
       [2] _blocking_obstacle_at (res://battle/geometry/battle_spatial_service.gd:414)
       [3] resolve_translation (res://battle/geometry/battle_spatial_service.gd:65)
       [4] _advance_participant (res://battle/runtime/battle_movement_service.gd:103)
       [5] advance (res://battle/runtime/battle_movement_service.gd:52)
       [6] _advance_validated (res://battle/runtime/battle_runtime_service.gd:152)
       [7] advance (res://battle/runtime/battle_runtime_service.gd:28)
       [8] _process (res://gameplay/arsenal_review.gd:203)
SCRIPT ERROR: Trying to assign an array of type "Array" to a variable of type "Array[String]".
   at: BattlefieldGeometry.get_obstacle_ids_at_point (res://battle/geometry/battlefield_geometry.gd:585)
   GDScript backtrace (most recent call first):
       [0] get_obstacle_ids_at_point (res://battle/geometry/battlefield_geometry.gd:585)
       [1] get_obstacle_ids_in_rect (res://battle/geometry/battlefield_geometry.gd:599)
       [2] _resolve_legal_translation (res://battle/geometry/battle_spatial_service.gd:245)
       [3] resolve_translation (res://battle/geometry/battle_spatial_service.gd:95)
       [4] _advance_participant (res://battle/runtime/battle_movement_service.gd:103)
       [5] advance (res://battle/runtime/battle_movement_service.gd:52)
       [6] _advance_validated (res://battle/runtime/battle_runtime_service.gd:152)
       [7] advance (res://battle/runtime/battle_runtime_service.gd:28)
       [8] _process (res://gameplay/arsenal_review.gd:203)
SCRIPT ERROR: Trying to assign an array of type "Array" to a variable of type "Array[String]".
   at: BattlefieldGeometry.get_obstacle_ids_at_point (res://battle/geometry/battlefield_geometry.gd:585)
   GDScript backtrace (most recent call first):
       [0] get_obstacle_ids_at_point (res://battle/geometry/battlefield_geometry.gd:585)
       [1] get_movement_blocking_obstacle_id_at (res://battle/geometry/battlefield_geometry.gd:259)
       [2] _blocking_obstacle_at (res://battle/geometry/battle_spatial_service.gd:414)
       [3] _resolve_legal_translation (res://battle/geometry/battle_spatial_service.gd:294)
       [4] resolve_translation (res://battle/geometry/battle_spatial_service.gd:95)
       [5] _advance_participant (res://battle/runtime/battle_movement_service.gd:103)
       [6] advance (res://battle/runtime/battle_movement_service.gd:52)
       [7] _advance_validated (res://battle/runtime/battle_runtime_service.gd:152)
       [8] advance (res://battle/runtime/battle_runtime_service.gd:28)
       [9] _process (res://gameplay/arsenal_review.gd:203)
SCRIPT ERROR: Trying to assign an array of type "Array" to a variable of type "Array[String]".
   at: BattlefieldGeometry.get_obstacle_ids_at_point (res://battle/geometry/battlefield_geometry.gd:585)
   GDScript backtrace (most recent call first):
       [0] get_obstacle_ids_at_point (res://battle/geometry/battlefield_geometry.gd:585)
       [1] get_movement_blocking_obstacle_id_at (res://battle/geometry/battlefield_geometry.gd:259)
       [2] _blocking_obstacle_at (res://battle/geometry/battle_spatial_service.gd:414)
       [3] resolve_translation (res://battle/geometry/battle_spatial_service.gd:65)
       [4] _advance_participant (res://battle/runtime/battle_movement_service.gd:103)
       [5] advance (res://battle/runtime/battle_movement_service.gd:52)
       [6] _advance_validated (res://battle/runtime/battle_runtime_service.gd:152)
       [7] advance (res://battle/runtime/battle_runtime_service.gd:28)
       [8] _process (res://gameplay/arsenal_review.gd:203)
SCRIPT ERROR: Trying to assign an array of type "Array" to a variable of type "Array[String]".
   at: BattlefieldGeometry.get_obstacle_ids_at_point (res://battle/geometry/battlefield_geometry.gd:585)
   GDScript backtrace (most recent call first):
       [0] get_obstacle_ids_at_point (res://battle/geometry/battlefield_geometry.gd:585)
       [1] get_obstacle_ids_in_rect (res://battle/geometry/battlefield_geometry.gd:599)
       [2] _resolve_legal_translation (res://battle/geometry/battle_spatial_service.gd:245)
       [3] resolve_translation (res://battle/geometry/battle_spatial_service.gd:95)
       [4] _advance_participant (res://battle/runtime/battle_movement_service.gd:103)
       [5] advance (res://battle/runtime/battle_movement_service.gd:52)
       [6] _advance_validated (res://battle/runtime/battle_runtime_service.gd:152)
       [7] advance (res://battle/runtime/battle_runtime_service.gd:28)
       [8] _process (res://gameplay/arsenal_review.gd:203)
SCRIPT ERROR: Trying to assign an array of type "Array" to a variable of type "Array[String]".
   at: BattlefieldGeometry.get_obstacle_ids_at_point (res://battle/geometry/battlefield_geometry.gd:585)
   GDScript backtrace (most recent call first):
       [0] get_obstacle_ids_at_point (res://battle/geometry/battlefield_geometry.gd:585)
       [1] get_movement_blocking_obstacle_id_at (res://battle/geometry/battlefield_geometry.gd:259)
       [2] _blocking_obstacle_at (res://battle/geometry/battle_spatial_service.gd:414)
       [3] _resolve_legal_translation (res://battle/geometry/battle_spatial_service.gd:294)
       [4] resolve_translation (res://battle/geometry/battle_spatial_service.gd:95)
       [5] _advance_participant (res://battle/runtime/battle_movement_service.gd:103)
       [6] advance (res://battle/runtime/battle_movement_service.gd:52)
       [7] _advance_validated (res://battle/runtime/battle_runtime_service.gd:152)
       [8] advance (res://battle/runtime/battle_runtime_service.gd:28)
       [9] _process (res://gameplay/arsenal_review.gd:203)
SCRIPT ERROR: Trying to assign an array of type "Array" to a variable of type "Array[String]".
   at: BattlefieldGeometry.get_obstacle_ids_at_point (res://battle/geometry/battlefield_geometry.gd:585)
   GDScript backtrace (most recent call first):
       [0] get_obstacle_ids_at_point (res://battle/geometry/battlefield_geometry.gd:585)
       [1] get_movement_blocking_obstacle_id_at (res://battle/geometry/battlefield_geometry.gd:259)
       [2] _blocking_obstacle_at (res://battle/geometry/battle_spatial_service.gd:414)
       [3] resolve_translation (res://battle/geometry/battle_spatial_service.gd:65)
       [4] _advance_participant (res://battle/runtime/battle_movement_service.gd:103)
       [5] advance (res://battle/runtime/battle_movement_service.gd:52)
       [6] _advance_validated (res://battle/runtime/battle_runtime_service.gd:152)
       [7] advance (res://battle/runtime/battle_runtime_service.gd:28)
       [8] _process (res://gameplay/arsenal_review.gd:203)
SCRIPT ERROR: Trying to assign an array of type "Array" to a variable of type "Array[String]".
   at: BattlefieldGeometry.get_obstacle_ids_at_point (res://battle/geometry/battlefield_geometry.gd:585)
   GDScript backtrace (most recent call first):
       [0] get_obstacle_ids_at_point (res://battle/geometry/battlefield_geometry.gd:585)
       [1] get_obstacle_ids_in_rect (res://battle/geometry/battlefield_geometry.gd:599)
       [2] _resolve_legal_translation (res://battle/geometry/battle_spatial_service.gd:245)
       [3] resolve_translation (res://battle/geometry/battle_spatial_service.gd:95)
       [4] _advance_participant (res://battle/runtime/battle_movement_service.gd:103)
       [5] advance (res://battle/runtime/battle_movement_service.gd:52)
       [6] _advance_validated (res://battle/runtime/battle_runtime_service.gd:152)
       [7] advance (res://battle/runtime/battle_runtime_service.gd:28)
       [8] _process (res://gameplay/arsenal_review.gd:203)
SCRIPT ERROR: Trying to assign an array of type "Array" to a variable of type "Array[String]".
   at: BattlefieldGeometry.get_obstacle_ids_at_point (res://battle/geometry/battlefield_geometry.gd:585)
   GDScript backtrace (most recent call first):
       [0] get_obstacle_ids_at_point (res://battle/geometry/battlefield_geometry.gd:585)
       [1] get_movement_blocking_obstacle_id_at (res://battle/geometry/battlefield_geometry.gd:259)
       [2] _blocking_obstacle_at (res://battle/geometry/battle_spatial_service.gd:414)
       [3] _resolve_legal_translation (res://battle/geometry/battle_spatial_service.gd:294)
       [4] resolve_translation (res://battle/geometry/battle_spatial_service.gd:95)
       [5] _advance_participant (res://battle/runtime/battle_movement_service.gd:103)
       [6] advance (res://battle/runtime/battle_movement_service.gd:52)
       [7] _advance_validated (res://battle/runtime/battle_runtime_service.gd:152)
       [8] advance (res://battle/runtime/battle_runtime_service.gd:28)
       [9] _process (res://gameplay/arsenal_review.gd:203)
SCRIPT ERROR: Trying to assign an array of type "Array" to a variable of type "Array[String]".
   at: BattlefieldGeometry.get_obstacle_ids_at_point (res://battle/geometry/battlefield_geometry.gd:585)
   GDScript backtrace (most recent call first):
       [0] get_obstacle_ids_at_point (res://battle/geometry/battlefield_geometry.gd:585)
       [1] get_movement_blocking_obstacle_id_at (res://battle/geometry/battlefield_geometry.gd:259)
       [2] _blocking_obstacle_at (res://battle/geometry/battle_spatial_service.gd:414)
       [3] resolve_translation (res://battle/geometry/battle_spatial_service.gd:65)
       [4] _advance_participant (res://battle/runtime/battle_movement_service.gd:103)
       [5] advance (res://battle/runtime/battle_movement_service.gd:52)
       [6] _advance_validated (res://battle/runtime/battle_runtime_service.gd:152)
       [7] advance (res://battle/runtime/battle_runtime_service.gd:28)
       [8] _process (res://gameplay/arsenal_review.gd:203)
SCRIPT ERROR: Trying to assign an array of type "Array" to a variable of type "Array[String]".
   at: BattlefieldGeometry.get_obstacle_ids_at_point (res://battle/geometry/battlefield_geometry.gd:585)
   GDScript backtrace (most recent call first):
       [0] get_obstacle_ids_at_point (res://battle/geometry/battlefield_geometry.gd:585)
       [1] get_obstacle_ids_in_rect (res://battle/geometry/battlefield_geometry.gd:599)
       [2] _resolve_legal_translation (res://battle/geometry/battle_spatial_service.gd:245)
       [3] resolve_translation (res://battle/geometry/battle_spatial_service.gd:95)
       [4] _advance_participant (res://battle/runtime/battle_movement_service.gd:103)
       [5] advance (res://battle/runtime/battle_movement_service.gd:52)
       [6] _advance_validated (res://battle/runtime/battle_runtime_service.gd:152)
       [7] advance (res://battle/runtime/battle_runtime_service.gd:28)
       [8] _process (res://gameplay/arsenal_review.gd:203)
SCRIPT ERROR: Trying to assign an array of type "Array" to a variable of type "Array[String]".
   at: BattlefieldGeometry.get_obstacle_ids_at_point (res://battle/geometry/battlefield_geometry.gd:585)
   GDScript backtrace (most recent call first):
       [0] get_obstacle_ids_at_point (res://battle/geometry/battlefield_geometry.gd:585)
       [1] get_movement_blocking_obstacle_id_at (res://battle/geometry/battlefield_geometry.gd:259)
       [2] _blocking_obstacle_at (res://battle/geometry/battle_spatial_service.gd:414)
       [3] _resolve_legal_translation (res://battle/geometry/battle_spatial_service.gd:294)
       [4] resolve_translation (res://battle/geometry/battle_spatial_service.gd:95)
       [5] _advance_participant (res://battle/runtime/battle_movement_service.gd:103)
       [6] advance (res://battle/runtime/battle_movement_service.gd:52)
       [7] _advance_validated (res://battle/runtime/battle_runtime_service.gd:152)
       [8] advance (res://battle/runtime/battle_runtime_service.gd:28)
       [9] _process (res://gameplay/arsenal_review.gd:203)
SCRIPT ERROR: Trying to assign an array of type "Array" to a variable of type "Array[String]".
   at: BattlefieldGeometry.get_obstacle_ids_at_point (res://battle/geometry/battlefield_geometry.gd:585)
   GDScript backtrace (most recent call first):
       [0] get_obstacle_ids_at_point (res://battle/geometry/battlefield_geometry.gd:585)
       [1] get_movement_blocking_obstacle_id_at (res://battle/geometry/battlefield_geometry.gd:259)
       [2] _blocking_obstacle_at (res://battle/geometry/battle_spatial_service.gd:414)
       [3] resolve_translation (res://battle/geometry/battle_spatial_service.gd:65)
       [4] _advance_participant (res://battle/runtime/battle_movement_service.gd:103)
       [5] advance (res://battle/runtime/battle_movement_service.gd:52)
       [6] _advance_validated (res://battle/runtime/battle_runtime_service.gd:152)
       [7] advance (res://battle/runtime/battle_runtime_service.gd:28)
       [8] _process (res://gameplay/arsenal_review.gd:203)
SCRIPT ERROR: Trying to assign an array of type "Array" to a variable of type "Array[String]".
   at: BattlefieldGeometry.get_obstacle_ids_at_point (res://battle/geometry/battlefield_geometry.gd:585)
   GDScript backtrace (most recent call first):
       [0] get_obstacle_ids_at_point (res://battle/geometry/battlefield_geometry.gd:585)
       [1] get_obstacle_ids_in_rect (res://battle/geometry/battlefield_geometry.gd:599)
       [2] _resolve_legal_translation (res://battle/geometry/battle_spatial_service.gd:245)
       [3] resolve_translation (res://battle/geometry/battle_spatial_service.gd:95)
       [4] _advance_participant (res://battle/runtime/battle_movement_service.gd:103)
       [5] advance (res://battle/runtime/battle_movement_service.gd:52)
       [6] _advance_validated (res://battle/runtime/battle_runtime_service.gd:152)
       [7] advance (res://battle/runtime/battle_runtime_service.gd:28)
       [8] _process (res://gameplay/arsenal_review.gd:203)
SCRIPT ERROR: Trying to assign an array of type "Array" to a variable of type "Array[String]".
   at: BattlefieldGeometry.get_obstacle_ids_at_point (res://battle/geometry/battlefield_geometry.gd:585)
   GDScript backtrace (most recent call first):
       [0] get_obstacle_ids_at_point (res://battle/geometry/battlefield_geometry.gd:585)
       [1] get_movement_blocking_obstacle_id_at (res://battle/geometry/battlefield_geometry.gd:259)
       [2] _blocking_obstacle_at (res://battle/geometry/battle_spatial_service.gd:414)
       [3] _resolve_legal_translation (res://battle/geometry/battle_spatial_service.gd:294)
       [4] resolve_translation (res://battle/geometry/battle_spatial_service.gd:95)
       [5] _advance_participant (res://battle/runtime/battle_movement_service.gd:103)
       [6] advance (res://battle/runtime/battle_movement_service.gd:52)
       [7] _advance_validated (res://battle/runtime/battle_runtime_service.gd:152)
       [8] advance (res://battle/runtime/battle_runtime_service.gd:28)
       [9] _process (res://gameplay/arsenal_review.gd:203)
SCRIPT ERROR: Trying to assign an array of type "Array" to a variable of type "Array[String]".
   at: BattlefieldGeometry.get_obstacle_ids_at_point (res://battle/geometry/battlefield_geometry.gd:585)
   GDScript backtrace (most recent call first):
       [0] get_obstacle_ids_at_point (res://battle/geometry/battlefield_geometry.gd:585)
       [1] get_movement_blocking_obstacle_id_at (res://battle/geometry/battlefield_geometry.gd:259)
       [2] _blocking_obstacle_at (res://battle/geometry/battle_spatial_service.gd:414)
       [3] resolve_translation (res://battle/geometry/battle_spatial_service.gd:65)
       [4] _advance_participant (res://battle/runtime/battle_movement_service.gd:103)
       [5] advance (res://battle/runtime/battle_movement_service.gd:52)
       [6] _advance_validated (res://battle/runtime/battle_runtime_service.gd:152)
       [7] advance (res://battle/runtime/battle_runtime_service.gd:28)
       [8] _process (res://gameplay/arsenal_review.gd:203)
SCRIPT ERROR: Trying to assign an array of type "Array" to a variable of type "Array[String]".
   at: BattlefieldGeometry.get_obstacle_ids_at_point (res://battle/geometry/battlefield_geometry.gd:585)
   GDScript backtrace (most recent call first):
       [0] get_obstacle_ids_at_point (res://battle/geometry/battlefield_geometry.gd:585)
       [1] get_obstacle_ids_in_rect (res://battle/geometry/battlefield_geometry.gd:599)
       [2] _resolve_legal_translation (res://battle/geometry/battle_spatial_service.gd:245)
       [3] resolve_translation (res://battle/geometry/battle_spatial_service.gd:95)
       [4] _advance_participant (res://battle/runtime/battle_movement_service.gd:103)
       [5] advance (res://battle/runtime/battle_movement_service.gd:52)
       [6] _advance_validated (res://battle/runtime/battle_runtime_service.gd:152)
       [7] advance (res://battle/runtime/battle_runtime_service.gd:28)
       [8] _process (res://gameplay/arsenal_review.gd:203)
SCRIPT ERROR: Trying to assign an array of type "Array" to a variable of type "Array[String]".
   at: BattlefieldGeometry.get_obstacle_ids_at_point (res://battle/geometry/battlefield_geometry.gd:585)
   GDScript backtrace (most recent call first):
       [0] get_obstacle_ids_at_point (res://battle/geometry/battlefield_geometry.gd:585)
       [1] get_movement_blocking_obstacle_id_at (res://battle/geometry/battlefield_geometry.gd:259)
       [2] _blocking_obstacle_at (res://battle/geometry/battle_spatial_service.gd:414)
       [3] _resolve_legal_translation (res://battle/geometry/battle_spatial_service.gd:294)
       [4] resolve_translation (res://battle/geometry/battle_spatial_service.gd:95)
       [5] _advance_participant (res://battle/runtime/battle_movement_service.gd:103)
       [6] advance (res://battle/runtime/battle_movement_service.gd:52)
       [7] _advance_validated (res://battle/runtime/battle_runtime_service.gd:152)
       [8] advance (res://battle/runtime/battle_runtime_service.gd:28)
       [9] _process (res://gameplay/arsenal_review.gd:203)
SCRIPT ERROR: Trying to assign an array of type "Array" to a variable of type "Array[String]".
   at: BattlefieldGeometry.get_obstacle_ids_at_point (res://battle/geometry/battlefield_geometry.gd:585)
   GDScript backtrace (most recent call first):
       [0] get_obstacle_ids_at_point (res://battle/geometry/battlefield_geometry.gd:585)
       [1] get_movement_blocking_obstacle_id_at (res://battle/geometry/battlefield_geometry.gd:259)
       [2] _blocking_obstacle_at (res://battle/geometry/battle_spatial_service.gd:414)
       [3] resolve_translation (res://battle/geometry/battle_spatial_service.gd:65)
       [4] _advance_participant (res://battle/runtime/battle_movement_service.gd:103)
       [5] advance (res://battle/runtime/battle_movement_service.gd:52)
       [6] _advance_validated (res://battle/runtime/battle_runtime_service.gd:152)
       [7] advance (res://battle/runtime/battle_runtime_service.gd:28)
       [8] _process (res://gameplay/arsenal_review.gd:203)
SCRIPT ERROR: Trying to assign an array of type "Array" to a variable of type "Array[String]".
   at: BattlefieldGeometry.get_obstacle_ids_at_point (res://battle/geometry/battlefield_geometry.gd:585)
   GDScript backtrace (most recent call first):
       [0] get_obstacle_ids_at_point (res://battle/geometry/battlefield_geometry.gd:585)
       [1] get_obstacle_ids_in_rect (res://battle/geometry/battlefield_geometry.gd:599)
       [2] _resolve_legal_translation (res://battle/geometry/battle_spatial_service.gd:245)
       [3] resolve_translation (res://battle/geometry/battle_spatial_service.gd:95)
       [4] _advance_participant (res://battle/runtime/battle_movement_service.gd:103)
       [5] advance (res://battle/runtime/battle_movement_service.gd:52)
       [6] _advance_validated (res://battle/runtime/battle_runtime_service.gd:152)
       [7] advance (res://battle/runtime/battle_runtime_service.gd:28)
       [8] _process (res://gameplay/arsenal_review.gd:203)
SCRIPT ERROR: Trying to assign an array of type "Array" to a variable of type "Array[String]".
   at: BattlefieldGeometry.get_obstacle_ids_at_point (res://battle/geometry/battlefield_geometry.gd:585)
   GDScript backtrace (most recent call first):
       [0] get_obstacle_ids_at_point (res://battle/geometry/battlefield_geometry.gd:585)
       [1] get_movement_blocking_obstacle_id_at (res://battle/geometry/battlefield_geometry.gd:259)
       [2] _blocking_obstacle_at (res://battle/geometry/battle_spatial_service.gd:414)
       [3] _resolve_legal_translation (res://battle/geometry/battle_spatial_service.gd:294)
       [4] resolve_translation (res://battle/geometry/battle_spatial_service.gd:95)
       [5] _advance_participant (res://battle/runtime/battle_movement_service.gd:103)
       [6] advance (res://battle/runtime/battle_movement_service.gd:52)
       [7] _advance_validated (res://battle/runtime/battle_runtime_service.gd:152)
       [8] advance (res://battle/runtime/battle_runtime_service.gd:28)
       [9] _process (res://gameplay/arsenal_review.gd:203)
SCRIPT ERROR: Trying to assign an array of type "Array" to a variable of type "Array[String]".
   at: BattlefieldGeometry.get_obstacle_ids_at_point (res://battle/geometry/battlefield_geometry.gd:585)
   GDScript backtrace (most recent call first):
       [0] get_obstacle_ids_at_point (res://battle/geometry/battlefield_geometry.gd:585)
       [1] get_movement_blocking_obstacle_id_at (res://battle/geometry/battlefield_geometry.gd:259)
       [2] _blocking_obstacle_at (res://battle/geometry/battle_spatial_service.gd:414)
       [3] resolve_translation (res://battle/geometry/battle_spatial_service.gd:65)
       [4] _advance_participant (res://battle/runtime/battle_movement_service.gd:103)
       [5] advance (res://battle/runtime/battle_movement_service.gd:52)
       [6] _advance_validated (res://battle/runtime/battle_runtime_service.gd:152)
       [7] advance (res://battle/runtime/battle_runtime_service.gd:28)
       [8] _process (res://gameplay/arsenal_review.gd:203)
SCRIPT ERROR: Trying to assign an array of type "Array" to a variable of type "Array[String]".
   at: BattlefieldGeometry.get_obstacle_ids_at_point (res://battle/geometry/battlefield_geometry.gd:585)
   GDScript backtrace (most recent call first):
       [0] get_obstacle_ids_at_point (res://battle/geometry/battlefield_geometry.gd:585)
       [1] get_obstacle_ids_in_rect (res://battle/geometry/battlefield_geometry.gd:599)
       [2] _resolve_legal_translation (res://battle/geometry/battle_spatial_service.gd:245)
       [3] resolve_translation (res://battle/geometry/battle_spatial_service.gd:95)
       [4] _advance_participant (res://battle/runtime/battle_movement_service.gd:103)
       [5] advance (res://battle/runtime/battle_movement_service.gd:52)
       [6] _advance_validated (res://battle/runtime/battle_runtime_service.gd:152)
       [7] advance (res://battle/runtime/battle_runtime_service.gd:28)
       [8] _process (res://gameplay/arsenal_review.gd:203)
SCRIPT ERROR: Trying to assign an array of type "Array" to a variable of type "Array[String]".
   at: BattlefieldGeometry.get_obstacle_ids_at_point (res://battle/geometry/battlefield_geometry.gd:585)
   GDScript backtrace (most recent call first):
       [0] get_obstacle_ids_at_point (res://battle/geometry/battlefield_geometry.gd:585)
       [1] get_movement_blocking_obstacle_id_at (res://battle/geometry/battlefield_geometry.gd:259)
       [2] _blocking_obstacle_at (res://battle/geometry/battle_spatial_service.gd:414)
       [3] _resolve_legal_translation (res://battle/geometry/battle_spatial_service.gd:294)
       [4] resolve_translation (res://battle/geometry/battle_spatial_service.gd:95)
       [5] _advance_participant (res://battle/runtime/battle_movement_service.gd:103)
       [6] advance (res://battle/runtime/battle_movement_service.gd:52)
       [7] _advance_validated (res://battle/runtime/battle_runtime_service.gd:152)
       [8] advance (res://battle/runtime/battle_runtime_service.gd:28)
       [9] _process (res://gameplay/arsenal_review.gd:203)
SCRIPT ERROR: Trying to assign an array of type "Array" to a variable of type "Array[String]".
   at: BattlefieldGeometry.get_obstacle_ids_at_point (res://battle/geometry/battlefield_geometry.gd:585)
   GDScript backtrace (most recent call first):
       [0] get_obstacle_ids_at_point (res://battle/geometry/battlefield_geometry.gd:585)
       [1] get_movement_blocking_obstacle_id_at (res://battle/geometry/battlefield_geometry.gd:259)
       [2] _blocking_obstacle_at (res://battle/geometry/battle_spatial_service.gd:414)
       [3] resolve_translation (res://battle/geometry/battle_spatial_service.gd:65)
       [4] _advance_participant (res://battle/runtime/battle_movement_service.gd:103)
       [5] advance (res://battle/runtime/battle_movement_service.gd:52)
       [6] _advance_validated (res://battle/runtime/battle_runtime_service.gd:152)
       [7] advance (res://battle/runtime/battle_runtime_service.gd:28)
       [8] _process (res://gameplay/arsenal_review.gd:203)
SCRIPT ERROR: Trying to assign an array of type "Array" to a variable of type "Array[String]".
   at: BattlefieldGeometry.get_obstacle_ids_at_point (res://battle/geometry/battlefield_geometry.gd:585)
   GDScript backtrace (most recent call first):
       [0] get_obstacle_ids_at_point (res://battle/geometry/battlefield_geometry.gd:585)
       [1] get_obstacle_ids_in_rect (res://battle/geometry/battlefield_geometry.gd:599)
       [2] _resolve_legal_translation (res://battle/geometry/battle_spatial_service.gd:245)
       [3] resolve_translation (res://battle/geometry/battle_spatial_service.gd:95)
       [4] _advance_participant (res://battle/runtime/battle_movement_service.gd:103)
       [5] advance (res://battle/runtime/battle_movement_service.gd:52)
       [6] _advance_validated (res://battle/runtime/battle_runtime_service.gd:152)
       [7] advance (res://battle/runtime/battle_runtime_service.gd:28)
       [8] _process (res://gameplay/arsenal_review.gd:203)
SCRIPT ERROR: Trying to assign an array of type "Array" to a variable of type "Array[String]".
   at: BattlefieldGeometry.get_obstacle_ids_at_point (res://battle/geometry/battlefield_geometry.gd:585)
   GDScript backtrace (most recent call first):
       [0] get_obstacle_ids_at_point (res://battle/geometry/battlefield_geometry.gd:585)
       [1] get_movement_blocking_obstacle_id_at (res://battle/geometry/battlefield_geometry.gd:259)
       [2] _blocking_obstacle_at (res://battle/geometry/battle_spatial_service.gd:414)
       [3] _resolve_legal_translation (res://battle/geometry/battle_spatial_service.gd:294)
       [4] resolve_translation (res://battle/geometry/battle_spatial_service.gd:95)
       [5] _advance_participant (res://battle/runtime/battle_movement_service.gd:103)
       [6] advance (res://battle/runtime/battle_movement_service.gd:52)
       [7] _advance_validated (res://battle/runtime/battle_runtime_service.gd:152)
       [8] advance (res://battle/runtime/battle_runtime_service.gd:28)
       [9] _process (res://gameplay/arsenal_review.gd:203)
SCRIPT ERROR: Trying to assign an array of type "Array" to a variable of type "Array[String]".
   at: BattlefieldGeometry.get_obstacle_ids_at_point (res://battle/geometry/battlefield_geometry.gd:585)
   GDScript backtrace (most recent call first):
       [0] get_obstacle_ids_at_point (res://battle/geometry/battlefield_geometry.gd:585)
       [1] get_movement_blocking_obstacle_id_at (res://battle/geometry/battlefield_geometry.gd:259)
       [2] _blocking_obstacle_at (res://battle/geometry/battle_spatial_service.gd:414)
       [3] resolve_translation (res://battle/geometry/battle_spatial_service.gd:65)
       [4] _advance_participant (res://battle/runtime/battle_movement_service.gd:103)
       [5] advance (res://battle/runtime/battle_movement_service.gd:52)
       [6] _advance_validated (res://battle/runtime/battle_runtime_service.gd:152)
       [7] advance (res://battle/runtime/battle_runtime_service.gd:28)
       [8] _process (res://gameplay/arsenal_review.gd:203)
SCRIPT ERROR: Trying to assign an array of type "Array" to a variable of type "Array[String]".
   at: BattlefieldGeometry.get_obstacle_ids_at_point (res://battle/geometry/battlefield_geometry.gd:585)
   GDScript backtrace (most recent call first):
       [0] get_obstacle_ids_at_point (res://battle/geometry/battlefield_geometry.gd:585)
       [1] get_obstacle_ids_in_rect (res://battle/geometry/battlefield_geometry.gd:599)
       [2] _resolve_legal_translation (res://battle/geometry/battle_spatial_service.gd:245)
       [3] resolve_translation (res://battle/geometry/battle_spatial_service.gd:95)
       [4] _advance_participant (res://battle/runtime/battle_movement_service.gd:103)
       [5] advance (res://battle/runtime/battle_movement_service.gd:52)
       [6] _advance_validated (res://battle/runtime/battle_runtime_service.gd:152)
       [7] advance (res://battle/runtime/battle_runtime_service.gd:28)
       [8] _process (res://gameplay/arsenal_review.gd:203)
SCRIPT ERROR: Trying to assign an array of type "Array" to a variable of type "Array[String]".
   at: BattlefieldGeometry.get_obstacle_ids_at_point (res://battle/geometry/battlefield_geometry.gd:585)
   GDScript backtrace (most recent call first):
       [0] get_obstacle_ids_at_point (res://battle/geometry/battlefield_geometry.gd:585)
       [1] get_movement_blocking_obstacle_id_at (res://battle/geometry/battlefield_geometry.gd:259)
       [2] _blocking_obstacle_at (res://battle/geometry/battle_spatial_service.gd:414)
       [3] _resolve_legal_translation (res://battle/geometry/battle_spatial_service.gd:294)
       [4] resolve_translation (res://battle/geometry/battle_spatial_service.gd:95)
       [5] _advance_participant (res://battle/runtime/battle_movement_service.gd:103)
       [6] advance (res://battle/runtime/battle_movement_service.gd:52)
       [7] _advance_validated (res://battle/runtime/battle_runtime_service.gd:152)
       [8] advance (res://battle/runtime/battle_runtime_service.gd:28)
       [9] _process (res://gameplay/arsenal_review.gd:203)
SCRIPT ERROR: Trying to assign an array of type "Array" to a variable of type "Array[String]".
   at: BattlefieldGeometry.get_obstacle_ids_at_point (res://battle/geometry/battlefield_geometry.gd:585)
   GDScript backtrace (most recent call first):
       [0] get_obstacle_ids_at_point (res://battle/geometry/battlefield_geometry.gd:585)
       [1] get_movement_blocking_obstacle_id_at (res://battle/geometry/battlefield_geometry.gd:259)
       [2] _blocking_obstacle_at (res://battle/geometry/battle_spatial_service.gd:414)
       [3] resolve_translation (res://battle/geometry/battle_spatial_service.gd:65)
       [4] _advance_participant (res://battle/runtime/battle_movement_service.gd:103)
       [5] advance (res://battle/runtime/battle_movement_service.gd:52)
       [6] _advance_validated (res://battle/runtime/battle_runtime_service.gd:152)
       [7] advance (res://battle/runtime/battle_runtime_service.gd:28)
       [8] _process (res://gameplay/arsenal_review.gd:203)
SCRIPT ERROR: Trying to assign an array of type "Array" to a variable of type "Array[String]".
   at: BattlefieldGeometry.get_obstacle_ids_at_point (res://battle/geometry/battlefield_geometry.gd:585)
   GDScript backtrace (most recent call first):
       [0] get_obstacle_ids_at_point (res://battle/geometry/battlefield_geometry.gd:585)
       [1] get_obstacle_ids_in_rect (res://battle/geometry/battlefield_geometry.gd:599)
       [2] _resolve_legal_translation (res://battle/geometry/battle_spatial_service.gd:245)
       [3] resolve_translation (res://battle/geometry/battle_spatial_service.gd:95)
       [4] _advance_participant (res://battle/runtime/battle_movement_service.gd:103)
       [5] advance (res://battle/runtime/battle_movement_service.gd:52)
       [6] _advance_validated (res://battle/runtime/battle_runtime_service.gd:152)
       [7] advance (res://battle/runtime/battle_runtime_service.gd:28)
       [8] _process (res://gameplay/arsenal_review.gd:203)
SCRIPT ERROR: Trying to assign an array of type "Array" to a variable of type "Array[String]".
   at: BattlefieldGeometry.get_obstacle_ids_at_point (res://battle/geometry/battlefield_geometry.gd:585)
   GDScript backtrace (most recent call first):
       [0] get_obstacle_ids_at_point (res://battle/geometry/battlefield_geometry.gd:585)
       [1] get_movement_blocking_obstacle_id_at (res://battle/geometry/battlefield_geometry.gd:259)
       [2] _blocking_obstacle_at (res://battle/geometry/battle_spatial_service.gd:414)
       [3] _resolve_legal_translation (res://battle/geometry/battle_spatial_service.gd:294)
       [4] resolve_translation (res://battle/geometry/battle_spatial_service.gd:95)
       [5] _advance_participant (res://battle/runtime/battle_movement_service.gd:103)
       [6] advance (res://battle/runtime/battle_movement_service.gd:52)
       [7] _advance_validated (res://battle/runtime/battle_runtime_service.gd:152)
       [8] advance (res://battle/runtime/battle_runtime_service.gd:28)
       [9] _process (res://gameplay/arsenal_review.gd:203)
SCRIPT ERROR: Trying to assign an array of type "Array" to a variable of type "Array[String]".
   at: BattlefieldGeometry.get_obstacle_ids_at_point (res://battle/geometry/battlefield_geometry.gd:585)
   GDScript backtrace (most recent call first):
       [0] get_obstacle_ids_at_point (res://battle/geometry/battlefield_geometry.gd:585)
       [1] get_movement_blocking_obstacle_id_at (res://battle/geometry/battlefield_geometry.gd:259)
       [2] _blocking_obstacle_at (res://battle/geometry/battle_spatial_service.gd:414)
       [3] resolve_translation (res://battle/geometry/battle_spatial_service.gd:65)
       [4] _advance_participant (res://battle/runtime/battle_movement_service.gd:103)
       [5] advance (res://battle/runtime/battle_movement_service.gd:52)
       [6] _advance_validated (res://battle/runtime/battle_runtime_service.gd:152)
       [7] advance (res://battle/runtime/battle_runtime_service.gd:28)
       [8] _process (res://gameplay/arsenal_review.gd:203)
SCRIPT ERROR: Trying to assign an array of type "Array" to a variable of type "Array[String]".
   at: BattlefieldGeometry.get_obstacle_ids_at_point (res://battle/geometry/battlefield_geometry.gd:585)
   GDScript backtrace (most recent call first):
       [0] get_obstacle_ids_at_point (res://battle/geometry/battlefield_geometry.gd:585)
       [1] get_obstacle_ids_in_rect (res://battle/geometry/battlefield_geometry.gd:599)
       [2] _resolve_legal_translation (res://battle/geometry/battle_spatial_service.gd:245)
       [3] resolve_translation (res://battle/geometry/battle_spatial_service.gd:95)
       [4] _advance_participant (res://battle/runtime/battle_movement_service.gd:103)
       [5] advance (res://battle/runtime/battle_movement_service.gd:52)
       [6] _advance_validated (res://battle/runtime/battle_runtime_service.gd:152)
       [7] advance (res://battle/runtime/battle_runtime_service.gd:28)
       [8] _process (res://gameplay/arsenal_review.gd:203)
SCRIPT ERROR: Trying to assign an array of type "Array" to a variable of type "Array[String]".
   at: BattlefieldGeometry.get_obstacle_ids_at_point (res://battle/geometry/battlefield_geometry.gd:585)
   GDScript backtrace (most recent call first):
       [0] get_obstacle_ids_at_point (res://battle/geometry/battlefield_geometry.gd:585)
       [1] get_movement_blocking_obstacle_id_at (res://battle/geometry/battlefield_geometry.gd:259)
       [2] _blocking_obstacle_at (res://battle/geometry/battle_spatial_service.gd:414)
       [3] _resolve_legal_translation (res://battle/geometry/battle_spatial_service.gd:294)
       [4] resolve_translation (res://battle/geometry/battle_spatial_service.gd:95)
       [5] _advance_participant (res://battle/runtime/battle_movement_service.gd:103)
       [6] advance (res://battle/runtime/battle_movement_service.gd:52)
       [7] _advance_validated (res://battle/runtime/battle_runtime_service.gd:152)
       [8] advance (res://battle/runtime/battle_runtime_service.gd:28)
       [9] _process (res://gameplay/arsenal_review.gd:203)
SCRIPT ERROR: Trying to assign an array of type "Array" to a variable of type "Array[String]".
   at: BattlefieldGeometry.get_obstacle_ids_at_point (res://battle/geometry/battlefield_geometry.gd:585)
   GDScript backtrace (most recent call first):
       [0] get_obstacle_ids_at_point (res://battle/geometry/battlefield_geometry.gd:585)
       [1] get_movement_blocking_obstacle_id_at (res://battle/geometry/battlefield_geometry.gd:259)
       [2] _blocking_obstacle_at (res://battle/geometry/battle_spatial_service.gd:414)
       [3] resolve_translation (res://battle/geometry/battle_spatial_service.gd:65)
       [4] _advance_participant (res://battle/runtime/battle_movement_service.gd:103)
       [5] advance (res://battle/runtime/battle_movement_service.gd:52)
       [6] _advance_validated (res://battle/runtime/battle_runtime_service.gd:152)
       [7] advance (res://battle/runtime/battle_runtime_service.gd:28)
       [8] _process (res://gameplay/arsenal_review.gd:203)
SCRIPT ERROR: Trying to assign an array of type "Array" to a variable of type "Array[String]".
   at: BattlefieldGeometry.get_obstacle_ids_at_point (res://battle/geometry/battlefield_geometry.gd:585)
   GDScript backtrace (most recent call first):
       [0] get_obstacle_ids_at_point (res://battle/geometry/battlefield_geometry.gd:585)
       [1] get_obstacle_ids_in_rect (res://battle/geometry/battlefield_geometry.gd:599)
       [2] _resolve_legal_translation (res://battle/geometry/battle_spatial_service.gd:245)
       [3] resolve_translation (res://battle/geometry/battle_spatial_service.gd:95)
       [4] _advance_participant (res://battle/runtime/battle_movement_service.gd:103)
       [5] advance (res://battle/runtime/battle_movement_service.gd:52)
       [6] _advance_validated (res://battle/runtime/battle_runtime_service.gd:152)
       [7] advance (res://battle/runtime/battle_runtime_service.gd:28)
       [8] _process (res://gameplay/arsenal_review.gd:203)
SCRIPT ERROR: Trying to assign an array of type "Array" to a variable of type "Array[String]".
   at: BattlefieldGeometry.get_obstacle_ids_at_point (res://battle/geometry/battlefield_geometry.gd:585)
   GDScript backtrace (most recent call first):
       [0] get_obstacle_ids_at_point (res://battle/geometry/battlefield_geometry.gd:585)
       [1] get_movement_blocking_obstacle_id_at (res://battle/geometry/battlefield_geometry.gd:259)
       [2] _blocking_obstacle_at (res://battle/geometry/battle_spatial_service.gd:414)
       [3] _resolve_legal_translation (res://battle/geometry/battle_spatial_service.gd:294)
       [4] resolve_translation (res://battle/geometry/battle_spatial_service.gd:95)
       [5] _advance_participant (res://battle/runtime/battle_movement_service.gd:103)
       [6] advance (res://battle/runtime/battle_movement_service.gd:52)
       [7] _advance_validated (res://battle/runtime/battle_runtime_service.gd:152)
       [8] advance (res://battle/runtime/battle_runtime_service.gd:28)
       [9] _process (res://gameplay/arsenal_review.gd:203)
SCRIPT ERROR: Trying to assign an array of type "Array" to a variable of type "Array[String]".
   at: BattlefieldGeometry.get_obstacle_ids_at_point (res://battle/geometry/battlefield_geometry.gd:585)
   GDScript backtrace (most recent call first):
       [0] get_obstacle_ids_at_point (res://battle/geometry/battlefield_geometry.gd:585)
       [1] get_movement_blocking_obstacle_id_at (res://battle/geometry/battlefield_geometry.gd:259)
       [2] _blocking_obstacle_at (res://battle/geometry/battle_spatial_service.gd:414)
       [3] resolve_translation (res://battle/geometry/battle_spatial_service.gd:65)
       [4] _advance_participant (res://battle/runtime/battle_movement_service.gd:103)
       [5] advance (res://battle/runtime/battle_movement_service.gd:52)
       [6] _advance_validated (res://battle/runtime/battle_runtime_service.gd:152)
       [7] advance (res://battle/runtime/battle_runtime_service.gd:28)
       [8] _process (res://gameplay/arsenal_review.gd:203)
SCRIPT ERROR: Trying to assign an array of type "Array" to a variable of type "Array[String]".
   at: BattlefieldGeometry.get_obstacle_ids_at_point (res://battle/geometry/battlefield_geometry.gd:585)
   GDScript backtrace (most recent call first):
       [0] get_obstacle_ids_at_point (res://battle/geometry/battlefield_geometry.gd:585)
       [1] get_obstacle_ids_in_rect (res://battle/geometry/battlefield_geometry.gd:599)
       [2] _resolve_legal_translation (res://battle/geometry/battle_spatial_service.gd:245)
       [3] resolve_translation (res://battle/geometry/battle_spatial_service.gd:95)
       [4] _advance_participant (res://battle/runtime/battle_movement_service.gd:103)
       [5] advance (res://battle/runtime/battle_movement_service.gd:52)
       [6] _advance_validated (res://battle/runtime/battle_runtime_service.gd:152)
       [7] advance (res://battle/runtime/battle_runtime_service.gd:28)
       [8] _process (res://gameplay/arsenal_review.gd:203)
SCRIPT ERROR: Trying to assign an array of type "Array" to a variable of type "Array[String]".
   at: BattlefieldGeometry.get_obstacle_ids_at_point (res://battle/geometry/battlefield_geometry.gd:585)
   GDScript backtrace (most recent call first):
       [0] get_obstacle_ids_at_point (res://battle/geometry/battlefield_geometry.gd:585)
       [1] get_movement_blocking_obstacle_id_at (res://battle/geometry/battlefield_geometry.gd:259)
       [2] _blocking_obstacle_at (res://battle/geometry/battle_spatial_service.gd:414)
       [3] _resolve_legal_translation (res://battle/geometry/battle_spatial_service.gd:294)
       [4] resolve_translation (res://battle/geometry/battle_spatial_service.gd:95)
       [5] _advance_participant (res://battle/runtime/battle_movement_service.gd:103)
       [6] advance (res://battle/runtime/battle_movement_service.gd:52)
       [7] _advance_validated (res://battle/runtime/battle_runtime_service.gd:152)
       [8] advance (res://battle/runtime/battle_runtime_service.gd:28)
       [9] _process (res://gameplay/arsenal_review.gd:203)
SCRIPT ERROR: Trying to assign an array of type "Array" to a variable of type "Array[String]".
   at: BattlefieldGeometry.get_obstacle_ids_at_point (res://battle/geometry/battlefield_geometry.gd:585)
   GDScript backtrace (most recent call first):
       [0] get_obstacle_ids_at_point (res://battle/geometry/battlefield_geometry.gd:585)
       [1] get_movement_blocking_obstacle_id_at (res://battle/geometry/battlefield_geometry.gd:259)
       [2] _blocking_obstacle_at (res://battle/geometry/battle_spatial_service.gd:414)
       [3] resolve_translation (res://battle/geometry/battle_spatial_service.gd:65)
       [4] _advance_participant (res://battle/runtime/battle_movement_service.gd:103)
       [5] advance (res://battle/runtime/battle_movement_service.gd:52)
       [6] _advance_validated (res://battle/runtime/battle_runtime_service.gd:152)
       [7] advance (res://battle/runtime/battle_runtime_service.gd:28)
       [8] _process (res://gameplay/arsenal_review.gd:203)
SCRIPT ERROR: Trying to assign an array of type "Array" to a variable of type "Array[String]".
   at: BattlefieldGeometry.get_obstacle_ids_at_point (res://battle/geometry/battlefield_geometry.gd:585)
   GDScript backtrace (most recent call first):
       [0] get_obstacle_ids_at_point (res://battle/geometry/battlefield_geometry.gd:585)
       [1] get_obstacle_ids_in_rect (res://battle/geometry/battlefield_geometry.gd:599)
       [2] _resolve_legal_translation (res://battle/geometry/battle_spatial_service.gd:245)
       [3] resolve_translation (res://battle/geometry/battle_spatial_service.gd:95)
       [4] _advance_participant (res://battle/runtime/battle_movement_service.gd:103)
       [5] advance (res://battle/runtime/battle_movement_service.gd:52)
       [6] _advance_validated (res://battle/runtime/battle_runtime_service.gd:152)
       [7] advance (res://battle/runtime/battle_runtime_service.gd:28)
       [8] _process (res://gameplay/arsenal_review.gd:203)
SCRIPT ERROR: Trying to assign an array of type "Array" to a variable of type "Array[String]".
   at: BattlefieldGeometry.get_obstacle_ids_at_point (res://battle/geometry/battlefield_geometry.gd:585)
   GDScript backtrace (most recent call first):
       [0] get_obstacle_ids_at_point (res://battle/geometry/battlefield_geometry.gd:585)
       [1] get_movement_blocking_obstacle_id_at (res://battle/geometry/battlefield_geometry.gd:259)
       [2] _blocking_obstacle_at (res://battle/geometry/battle_spatial_service.gd:414)
       [3] _resolve_legal_translation (res://battle/geometry/battle_spatial_service.gd:294)
       [4] resolve_translation (res://battle/geometry/battle_spatial_service.gd:95)
       [5] _advance_participant (res://battle/runtime/battle_movement_service.gd:103)
       [6] advance (res://battle/runtime/battle_movement_service.gd:52)
       [7] _advance_validated (res://battle/runtime/battle_runtime_service.gd:152)
       [8] advance (res://battle/runtime/battle_runtime_service.gd:28)
       [9] _process (res://gameplay/arsenal_review.gd:203)
SCRIPT ERROR: Trying to assign an array of type "Array" to a variable of type "Array[String]".
   at: BattlefieldGeometry.get_obstacle_ids_at_point (res://battle/geometry/battlefield_geometry.gd:585)
   GDScript backtrace (most recent call first):
       [0] get_obstacle_ids_at_point (res://battle/geometry/battlefield_geometry.gd:585)
       [1] get_movement_blocking_obstacle_id_at (res://battle/geometry/battlefield_geometry.gd:259)
       [2] _blocking_obstacle_at (res://battle/geometry/battle_spatial_service.gd:414)
       [3] resolve_translation (res://battle/geometry/battle_spatial_service.gd:65)
       [4] _advance_participant (res://battle/runtime/battle_movement_service.gd:103)
       [5] advance (res://battle/runtime/battle_movement_service.gd:52)
       [6] _advance_validated (res://battle/runtime/battle_runtime_service.gd:152)
       [7] advance (res://battle/runtime/battle_runtime_service.gd:28)
       [8] _process (res://gameplay/arsenal_review.gd:203)
SCRIPT ERROR: Trying to assign an array of type "Array" to a variable of type "Array[String]".
   at: BattlefieldGeometry.get_obstacle_ids_at_point (res://battle/geometry/battlefield_geometry.gd:585)
   GDScript backtrace (most recent call first):
       [0] get_obstacle_ids_at_point (res://battle/geometry/battlefield_geometry.gd:585)
       [1] get_obstacle_ids_in_rect (res://battle/geometry/battlefield_geometry.gd:599)
       [2] _resolve_legal_translation (res://battle/geometry/battle_spatial_service.gd:245)
       [3] resolve_translation (res://battle/geometry/battle_spatial_service.gd:95)
       [4] _advance_participant (res://battle/runtime/battle_movement_service.gd:103)
       [5] advance (res://battle/runtime/battle_movement_service.gd:52)
       [6] _advance_validated (res://battle/runtime/battle_runtime_service.gd:152)
       [7] advance (res://battle/runtime/battle_runtime_service.gd:28)
       [8] _process (res://gameplay/arsenal_review.gd:203)
SCRIPT ERROR: Trying to assign an array of type "Array" to a variable of type "Array[String]".
   at: BattlefieldGeometry.get_obstacle_ids_at_point (res://battle/geometry/battlefield_geometry.gd:585)
   GDScript backtrace (most recent call first):
       [0] get_obstacle_ids_at_point (res://battle/geometry/battlefield_geometry.gd:585)
       [1] get_movement_blocking_obstacle_id_at (res://battle/geometry/battlefield_geometry.gd:259)
       [2] _blocking_obstacle_at (res://battle/geometry/battle_spatial_service.gd:414)
       [3] _resolve_legal_translation (res://battle/geometry/battle_spatial_service.gd:294)
       [4] resolve_translation (res://battle/geometry/battle_spatial_service.gd:95)
       [5] _advance_participant (res://battle/runtime/battle_movement_service.gd:103)
       [6] advance (res://battle/runtime/battle_movement_service.gd:52)
       [7] _advance_validated (res://battle/runtime/battle_runtime_service.gd:152)
       [8] advance (res://battle/runtime/battle_runtime_service.gd:28)
       [9] _process (res://gameplay/arsenal_review.gd:203)
SCRIPT ERROR: Trying to assign an array of type "Array" to a variable of type "Array[String]".
   at: BattlefieldGeometry.get_obstacle_ids_at_point (res://battle/geometry/battlefield_geometry.gd:585)
   GDScript backtrace (most recent call first):
       [0] get_obstacle_ids_at_point (res://battle/geometry/battlefield_geometry.gd:585)
       [1] get_movement_blocking_obstacle_id_at (res://battle/geometry/battlefield_geometry.gd:259)
       [2] _blocking_obstacle_at (res://battle/geometry/battle_spatial_service.gd:414)
       [3] resolve_translation (res://battle/geometry/battle_spatial_service.gd:65)
       [4] _advance_participant (res://battle/runtime/battle_movement_service.gd:103)
       [5] advance (res://battle/runtime/battle_movement_service.gd:52)
       [6] _advance_validated (res://battle/runtime/battle_runtime_service.gd:152)
       [7] advance (res://battle/runtime/battle_runtime_service.gd:28)
       [8] _process (res://gameplay/arsenal_review.gd:203)
SCRIPT ERROR: Trying to assign an array of type "Array" to a variable of type "Array[String]".
   at: BattlefieldGeometry.get_obstacle_ids_at_point (res://battle/geometry/battlefield_geometry.gd:585)
   GDScript backtrace (most recent call first):
       [0] get_obstacle_ids_at_point (res://battle/geometry/battlefield_geometry.gd:585)
       [1] get_obstacle_ids_in_rect (res://battle/geometry/battlefield_geometry.gd:599)
       [2] _resolve_legal_translation (res://battle/geometry/battle_spatial_service.gd:245)
       [3] resolve_translation (res://battle/geometry/battle_spatial_service.gd:95)
       [4] _advance_participant (res://battle/runtime/battle_movement_service.gd:103)
       [5] advance (res://battle/runtime/battle_movement_service.gd:52)
       [6] _advance_validated (res://battle/runtime/battle_runtime_service.gd:152)
       [7] advance (res://battle/runtime/battle_runtime_service.gd:28)
       [8] _process (res://gameplay/arsenal_review.gd:203)
SCRIPT ERROR: Trying to assign an array of type "Array" to a variable of type "Array[String]".
   at: BattlefieldGeometry.get_obstacle_ids_at_point (res://battle/geometry/battlefield_geometry.gd:585)
   GDScript backtrace (most recent call first):
       [0] get_obstacle_ids_at_point (res://battle/geometry/battlefield_geometry.gd:585)
       [1] get_movement_blocking_obstacle_id_at (res://battle/geometry/battlefield_geometry.gd:259)
       [2] _blocking_obstacle_at (res://battle/geometry/battle_spatial_service.gd:414)
       [3] _resolve_legal_translation (res://battle/geometry/battle_spatial_service.gd:294)
       [4] resolve_translation (res://battle/geometry/battle_spatial_service.gd:95)
       [5] _advance_participant (res://battle/runtime/battle_movement_service.gd:103)
       [6] advance (res://battle/runtime/battle_movement_service.gd:52)
       [7] _advance_validated (res://battle/runtime/battle_runtime_service.gd:152)
       [8] advance (res://battle/runtime/battle_runtime_service.gd:28)
       [9] _process (res://gameplay/arsenal_review.gd:203)
SCRIPT ERROR: Trying to assign an array of type "Array" to a variable of type "Array[String]".
   at: BattlefieldGeometry.get_obstacle_ids_at_point (res://battle/geometry/battlefield_geometry.gd:585)
   GDScript backtrace (most recent call first):
       [0] get_obstacle_ids_at_point (res://battle/geometry/battlefield_geometry.gd:585)
       [1] get_movement_blocking_obstacle_id_at (res://battle/geometry/battlefield_geometry.gd:259)
       [2] _blocking_obstacle_at (res://battle/geometry/battle_spatial_service.gd:414)
       [3] resolve_translation (res://battle/geometry/battle_spatial_service.gd:65)
       [4] _advance_participant (res://battle/runtime/battle_movement_service.gd:103)
       [5] advance (res://battle/runtime/battle_movement_service.gd:52)
       [6] _advance_validated (res://battle/runtime/battle_runtime_service.gd:152)
       [7] advance (res://battle/runtime/battle_runtime_service.gd:28)
       [8] _process (res://gameplay/arsenal_review.gd:203)
SCRIPT ERROR: Trying to assign an array of type "Array" to a variable of type "Array[String]".
   at: BattlefieldGeometry.get_obstacle_ids_at_point (res://battle/geometry/battlefield_geometry.gd:585)
   GDScript backtrace (most recent call first):
       [0] get_obstacle_ids_at_point (res://battle/geometry/battlefield_geometry.gd:585)
       [1] get_obstacle_ids_in_rect (res://battle/geometry/battlefield_geometry.gd:599)
       [2] _resolve_legal_translation (res://battle/geometry/battle_spatial_service.gd:245)
       [3] resolve_translation (res://battle/geometry/battle_spatial_service.gd:95)
       [4] _advance_participant (res://battle/runtime/battle_movement_service.gd:103)
       [5] advance (res://battle/runtime/battle_movement_service.gd:52)
       [6] _advance_validated (res://battle/runtime/battle_runtime_service.gd:152)
       [7] advance (res://battle/runtime/battle_runtime_service.gd:28)
       [8] _process (res://gameplay/arsenal_review.gd:203)
SCRIPT ERROR: Trying to assign an array of type "Array" to a variable of type "Array[String]".
   at: BattlefieldGeometry.get_obstacle_ids_at_point (res://battle/geometry/battlefield_geometry.gd:585)
   GDScript backtrace (most recent call first):
       [0] get_obstacle_ids_at_point (res://battle/geometry/battlefield_geometry.gd:585)
       [1] get_movement_blocking_obstacle_id_at (res://battle/geometry/battlefield_geometry.gd:259)
       [2] _blocking_obstacle_at (res://battle/geometry/battle_spatial_service.gd:414)
       [3] _resolve_legal_translation (res://battle/geometry/battle_spatial_service.gd:294)
       [4] resolve_translation (res://battle/geometry/battle_spatial_service.gd:95)
       [5] _advance_participant (res://battle/runtime/battle_movement_service.gd:103)
       [6] advance (res://battle/runtime/battle_movement_service.gd:52)
       [7] _advance_validated (res://battle/runtime/battle_runtime_service.gd:152)
       [8] advance (res://battle/runtime/battle_runtime_service.gd:28)
       [9] _process (res://gameplay/arsenal_review.gd:203)
SCRIPT ERROR: Trying to assign an array of type "Array" to a variable of type "Array[String]".
   at: BattlefieldGeometry.get_obstacle_ids_at_point (res://battle/geometry/battlefield_geometry.gd:585)
   GDScript backtrace (most recent call first):
       [0] get_obstacle_ids_at_point (res://battle/geometry/battlefield_geometry.gd:585)
       [1] get_movement_blocking_obstacle_id_at (res://battle/geometry/battlefield_geometry.gd:259)
       [2] _blocking_obstacle_at (res://battle/geometry/battle_spatial_service.gd:414)
       [3] resolve_translation (res://battle/geometry/battle_spatial_service.gd:65)
       [4] _advance_participant (res://battle/runtime/battle_movement_service.gd:103)
       [5] advance (res://battle/runtime/battle_movement_service.gd:52)
       [6] _advance_validated (res://battle/runtime/battle_runtime_service.gd:152)
       [7] advance (res://battle/runtime/battle_runtime_service.gd:28)
       [8] _process (res://gameplay/arsenal_review.gd:203)
SCRIPT ERROR: Trying to assign an array of type "Array" to a variable of type "Array[String]".
   at: BattlefieldGeometry.get_obstacle_ids_at_point (res://battle/geometry/battlefield_geometry.gd:585)
   GDScript backtrace (most recent call first):
       [0] get_obstacle_ids_at_point (res://battle/geometry/battlefield_geometry.gd:585)
       [1] get_obstacle_ids_in_rect (res://battle/geometry/battlefield_geometry.gd:599)
       [2] _resolve_legal_translation (res://battle/geometry/battle_spatial_service.gd:245)
       [3] resolve_translation (res://battle/geometry/battle_spatial_service.gd:95)
       [4] _advance_participant (res://battle/runtime/battle_movement_service.gd:103)
       [5] advance (res://battle/runtime/battle_movement_service.gd:52)
       [6] _advance_validated (res://battle/runtime/battle_runtime_service.gd:152)
       [7] advance (res://battle/runtime/battle_runtime_service.gd:28)
       [8] _process (res://gameplay/arsenal_review.gd:203)
SCRIPT ERROR: Trying to assign an array of type "Array" to a variable of type "Array[String]".
   at: BattlefieldGeometry.get_obstacle_ids_at_point (res://battle/geometry/battlefield_geometry.gd:585)
   GDScript backtrace (most recent call first):
       [0] get_obstacle_ids_at_point (res://battle/geometry/battlefield_geometry.gd:585)
       [1] get_movement_blocking_obstacle_id_at (res://battle/geometry/battlefield_geometry.gd:259)
       [2] _blocking_obstacle_at (res://battle/geometry/battle_spatial_service.gd:414)
       [3] _resolve_legal_translation (res://battle/geometry/battle_spatial_service.gd:294)
       [4] resolve_translation (res://battle/geometry/battle_spatial_service.gd:95)
       [5] _advance_participant (res://battle/runtime/battle_movement_service.gd:103)
       [6] advance (res://battle/runtime/battle_movement_service.gd:52)
       [7] _advance_validated (res://battle/runtime/battle_runtime_service.gd:152)
       [8] advance (res://battle/runtime/battle_runtime_service.gd:28)
       [9] _process (res://gameplay/arsenal_review.gd:203)
SCRIPT ERROR: Trying to assign an array of type "Array" to a variable of type "Array[String]".
   at: BattlefieldGeometry.get_obstacle_ids_at_point (res://battle/geometry/battlefield_geometry.gd:585)
   GDScript backtrace (most recent call first):
       [0] get_obstacle_ids_at_point (res://battle/geometry/battlefield_geometry.gd:585)
       [1] get_movement_blocking_obstacle_id_at (res://battle/geometry/battlefield_geometry.gd:259)
       [2] _blocking_obstacle_at (res://battle/geometry/battle_spatial_service.gd:414)
       [3] resolve_translation (res://battle/geometry/battle_spatial_service.gd:65)
       [4] _advance_participant (res://battle/runtime/battle_movement_service.gd:103)
       [5] advance (res://battle/runtime/battle_movement_service.gd:52)
       [6] _advance_validated (res://battle/runtime/battle_runtime_service.gd:152)
       [7] advance (res://battle/runtime/battle_runtime_service.gd:28)
       [8] _process (res://gameplay/arsenal_review.gd:203)
SCRIPT ERROR: Trying to assign an array of type "Array" to a variable of type "Array[String]".
   at: BattlefieldGeometry.get_obstacle_ids_at_point (res://battle/geometry/battlefield_geometry.gd:585)
   GDScript backtrace (most recent call first):
       [0] get_obstacle_ids_at_point (res://battle/geometry/battlefield_geometry.gd:585)
       [1] get_obstacle_ids_in_rect (res://battle/geometry/battlefield_geometry.gd:599)
       [2] _resolve_legal_translation (res://battle/geometry/battle_spatial_service.gd:245)
       [3] resolve_translation (res://battle/geometry/battle_spatial_service.gd:95)
       [4] _advance_participant (res://battle/runtime/battle_movement_service.gd:103)
       [5] advance (res://battle/runtime/battle_movement_service.gd:52)
       [6] _advance_validated (res://battle/runtime/battle_runtime_service.gd:152)
       [7] advance (res://battle/runtime/battle_runtime_service.gd:28)
       [8] _process (res://gameplay/arsenal_review.gd:203)
SCRIPT ERROR: Trying to assign an array of type "Array" to a variable of type "Array[String]".
   at: BattlefieldGeometry.get_obstacle_ids_at_point (res://battle/geometry/battlefield_geometry.gd:585)
   GDScript backtrace (most recent call first):
       [0] get_obstacle_ids_at_point (res://battle/geometry/battlefield_geometry.gd:585)
       [1] get_movement_blocking_obstacle_id_at (res://battle/geometry/battlefield_geometry.gd:259)
       [2] _blocking_obstacle_at (res://battle/geometry/battle_spatial_service.gd:414)
       [3] _resolve_legal_translation (res://battle/geometry/battle_spatial_service.gd:294)
       [4] resolve_translation (res://battle/geometry/battle_spatial_service.gd:95)
       [5] _advance_participant (res://battle/runtime/battle_movement_service.gd:103)
       [6] advance (res://battle/runtime/battle_movement_service.gd:52)
       [7] _advance_validated (res://battle/runtime/battle_runtime_service.gd:152)
       [8] advance (res://battle/runtime/battle_runtime_service.gd:28)
       [9] _process (res://gameplay/arsenal_review.gd:203)
SCRIPT ERROR: Trying to assign an array of type "Array" to a variable of type "Array[String]".
   at: BattlefieldGeometry.get_obstacle_ids_at_point (res://battle/geometry/battlefield_geometry.gd:585)
   GDScript backtrace (most recent call first):
       [0] get_obstacle_ids_at_point (res://battle/geometry/battlefield_geometry.gd:585)
       [1] get_movement_blocking_obstacle_id_at (res://battle/geometry/battlefield_geometry.gd:259)
       [2] _blocking_obstacle_at (res://battle/geometry/battle_spatial_service.gd:414)
       [3] resolve_translation (res://battle/geometry/battle_spatial_service.gd:65)
       [4] _advance_participant (res://battle/runtime/battle_movement_service.gd:103)
       [5] advance (res://battle/runtime/battle_movement_service.gd:52)
       [6] _advance_validated (res://battle/runtime/battle_runtime_service.gd:152)
       [7] advance (res://battle/runtime/battle_runtime_service.gd:28)
       [8] _process (res://gameplay/arsenal_review.gd:203)
SCRIPT ERROR: Trying to assign an array of type "Array" to a variable of type "Array[String]".
   at: BattlefieldGeometry.get_obstacle_ids_at_point (res://battle/geometry/battlefield_geometry.gd:585)
   GDScript backtrace (most recent call first):
       [0] get_obstacle_ids_at_point (res://battle/geometry/battlefield_geometry.gd:585)
       [1] get_obstacle_ids_in_rect (res://battle/geometry/battlefield_geometry.gd:599)
       [2] _resolve_legal_translation (res://battle/geometry/battle_spatial_service.gd:245)
       [3] resolve_translation (res://battle/geometry/battle_spatial_service.gd:95)
       [4] _advance_participant (res://battle/runtime/battle_movement_service.gd:103)
       [5] advance (res://battle/runtime/battle_movement_service.gd:52)
       [6] _advance_validated (res://battle/runtime/battle_runtime_service.gd:152)
       [7] advance (res://battle/runtime/battle_runtime_service.gd:28)
       [8] _process (res://gameplay/arsenal_review.gd:203)
SCRIPT ERROR: Trying to assign an array of type "Array" to a variable of type "Array[String]".
   at: BattlefieldGeometry.get_obstacle_ids_at_point (res://battle/geometry/battlefield_geometry.gd:585)
   GDScript backtrace (most recent call first):
       [0] get_obstacle_ids_at_point (res://battle/geometry/battlefield_geometry.gd:585)
       [1] get_movement_blocking_obstacle_id_at (res://battle/geometry/battlefield_geometry.gd:259)
       [2] _blocking_obstacle_at (res://battle/geometry/battle_spatial_service.gd:414)
       [3] _resolve_legal_translation (res://battle/geometry/battle_spatial_service.gd:294)
       [4] resolve_translation (res://battle/geometry/battle_spatial_service.gd:95)
       [5] _advance_participant (res://battle/runtime/battle_movement_service.gd:103)
       [6] advance (res://battle/runtime/battle_movement_service.gd:52)
       [7] _advance_validated (res://battle/runtime/battle_runtime_service.gd:152)
       [8] advance (res://battle/runtime/battle_runtime_service.gd:28)
       [9] _process (res://gameplay/arsenal_review.gd:203)
SCRIPT ERROR: Trying to assign an array of type "Array" to a variable of type "Array[String]".
   at: BattlefieldGeometry.get_obstacle_ids_at_point (res://battle/geometry/battlefield_geometry.gd:585)
   GDScript backtrace (most recent call first):
       [0] get_obstacle_ids_at_point (res://battle/geometry/battlefield_geometry.gd:585)
       [1] get_movement_blocking_obstacle_id_at (res://battle/geometry/battlefield_geometry.gd:259)
       [2] _blocking_obstacle_at (res://battle/geometry/battle_spatial_service.gd:414)
       [3] resolve_translation (res://battle/geometry/battle_spatial_service.gd:65)
       [4] _advance_participant (res://battle/runtime/battle_movement_service.gd:103)
       [5] advance (res://battle/runtime/battle_movement_service.gd:52)
       [6] _advance_validated (res://battle/runtime/battle_runtime_service.gd:152)
       [7] advance (res://battle/runtime/battle_runtime_service.gd:28)
       [8] _process (res://gameplay/arsenal_review.gd:203)
SCRIPT ERROR: Trying to assign an array of type "Array" to a variable of type "Array[String]".
   at: BattlefieldGeometry.get_obstacle_ids_at_point (res://battle/geometry/battlefield_geometry.gd:585)
   GDScript backtrace (most recent call first):
       [0] get_obstacle_ids_at_point (res://battle/geometry/battlefield_geometry.gd:585)
       [1] get_obstacle_ids_in_rect (res://battle/geometry/battlefield_geometry.gd:599)
       [2] _resolve_legal_translation (res://battle/geometry/battle_spatial_service.gd:245)
       [3] resolve_translation (res://battle/geometry/battle_spatial_service.gd:95)
       [4] _advance_participant (res://battle/runtime/battle_movement_service.gd:103)
       [5] advance (res://battle/runtime/battle_movement_service.gd:52)
       [6] _advance_validated (res://battle/runtime/battle_runtime_service.gd:152)
       [7] advance (res://battle/runtime/battle_runtime_service.gd:28)
       [8] _process (res://gameplay/arsenal_review.gd:203)
SCRIPT ERROR: Trying to assign an array of type "Array" to a variable of type "Array[String]".
   at: BattlefieldGeometry.get_obstacle_ids_at_point (res://battle/geometry/battlefield_geometry.gd:585)
   GDScript backtrace (most recent call first):
       [0] get_obstacle_ids_at_point (res://battle/geometry/battlefield_geometry.gd:585)
       [1] get_movement_blocking_obstacle_id_at (res://battle/geometry/battlefield_geometry.gd:259)
       [2] _blocking_obstacle_at (res://battle/geometry/battle_spatial_service.gd:414)
       [3] _resolve_legal_translation (res://battle/geometry/battle_spatial_service.gd:294)
       [4] resolve_translation (res://battle/geometry/battle_spatial_service.gd:95)
       [5] _advance_participant (res://battle/runtime/battle_movement_service.gd:103)
       [6] advance (res://battle/runtime/battle_movement_service.gd:52)
       [7] _advance_validated (res://battle/runtime/battle_runtime_service.gd:152)
       [8] advance (res://battle/runtime/battle_runtime_service.gd:28)
       [9] _process (res://gameplay/arsenal_review.gd:203)
SCRIPT ERROR: Trying to assign an array of type "Array" to a variable of type "Array[String]".
   at: BattlefieldGeometry.get_obstacle_ids_at_point (res://battle/geometry/battlefield_geometry.gd:585)
   GDScript backtrace (most recent call first):
       [0] get_obstacle_ids_at_point (res://battle/geometry/battlefield_geometry.gd:585)
       [1] get_movement_blocking_obstacle_id_at (res://battle/geometry/battlefield_geometry.gd:259)
       [2] _blocking_obstacle_at (res://battle/geometry/battle_spatial_service.gd:414)
       [3] resolve_translation (res://battle/geometry/battle_spatial_service.gd:65)
       [4] _advance_participant (res://battle/runtime/battle_movement_service.gd:103)
       [5] advance (res://battle/runtime/battle_movement_service.gd:52)
       [6] _advance_validated (res://battle/runtime/battle_runtime_service.gd:152)
       [7] advance (res://battle/runtime/battle_runtime_service.gd:28)
       [8] _process (res://gameplay/arsenal_review.gd:203)
SCRIPT ERROR: Trying to assign an array of type "Array" to a variable of type "Array[String]".
   at: BattlefieldGeometry.get_obstacle_ids_at_point (res://battle/geometry/battlefield_geometry.gd:585)
   GDScript backtrace (most recent call first):
       [0] get_obstacle_ids_at_point (res://battle/geometry/battlefield_geometry.gd:585)
       [1] get_obstacle_ids_in_rect (res://battle/geometry/battlefield_geometry.gd:599)
       [2] _resolve_legal_translation (res://battle/geometry/battle_spatial_service.gd:245)
       [3] resolve_translation (res://battle/geometry/battle_spatial_service.gd:95)
       [4] _advance_participant (res://battle/runtime/battle_movement_service.gd:103)
       [5] advance (res://battle/runtime/battle_movement_service.gd:52)
       [6] _advance_validated (res://battle/runtime/battle_runtime_service.gd:152)
       [7] advance (res://battle/runtime/battle_runtime_service.gd:28)
       [8] _process (res://gameplay/arsenal_review.gd:203)
SCRIPT ERROR: Trying to assign an array of type "Array" to a variable of type "Array[String]".
   at: BattlefieldGeometry.get_obstacle_ids_at_point (res://battle/geometry/battlefield_geometry.gd:585)
   GDScript backtrace (most recent call first):
       [0] get_obstacle_ids_at_point (res://battle/geometry/battlefield_geometry.gd:585)
       [1] get_movement_blocking_obstacle_id_at (res://battle/geometry/battlefield_geometry.gd:259)
       [2] _blocking_obstacle_at (res://battle/geometry/battle_spatial_service.gd:414)
       [3] _resolve_legal_translation (res://battle/geometry/battle_spatial_service.gd:294)
       [4] resolve_translation (res://battle/geometry/battle_spatial_service.gd:95)
       [5] _advance_participant (res://battle/runtime/battle_movement_service.gd:103)
       [6] advance (res://battle/runtime/battle_movement_service.gd:52)
       [7] _advance_validated (res://battle/runtime/battle_runtime_service.gd:152)
       [8] advance (res://battle/runtime/battle_runtime_service.gd:28)
       [9] _process (res://gameplay/arsenal_review.gd:203)
SCRIPT ERROR: Trying to assign an array of type "Array" to a variable of type "Array[String]".
   at: BattlefieldGeometry.get_obstacle_ids_at_point (res://battle/geometry/battlefield_geometry.gd:585)
   GDScript backtrace (most recent call first):
       [0] get_obstacle_ids_at_point (res://battle/geometry/battlefield_geometry.gd:585)
       [1] get_movement_blocking_obstacle_id_at (res://battle/geometry/battlefield_geometry.gd:259)
       [2] _blocking_obstacle_at (res://battle/geometry/battle_spatial_service.gd:414)
       [3] resolve_translation (res://battle/geometry/battle_spatial_service.gd:65)
       [4] _advance_participant (res://battle/runtime/battle_movement_service.gd:103)
       [5] advance (res://battle/runtime/battle_movement_service.gd:52)
       [6] _advance_validated (res://battle/runtime/battle_runtime_service.gd:152)
       [7] advance (res://battle/runtime/battle_runtime_service.gd:28)
       [8] _process (res://gameplay/arsenal_review.gd:203)
SCRIPT ERROR: Trying to assign an array of type "Array" to a variable of type "Array[String]".
   at: BattlefieldGeometry.get_obstacle_ids_at_point (res://battle/geometry/battlefield_geometry.gd:585)
   GDScript backtrace (most recent call first):
       [0] get_obstacle_ids_at_point (res://battle/geometry/battlefield_geometry.gd:585)
       [1] get_obstacle_ids_in_rect (res://battle/geometry/battlefield_geometry.gd:599)
       [2] _resolve_legal_translation (res://battle/geometry/battle_spatial_service.gd:245)
       [3] resolve_translation (res://battle/geometry/battle_spatial_service.gd:95)
       [4] _advance_participant (res://battle/runtime/battle_movement_service.gd:103)
       [5] advance (res://battle/runtime/battle_movement_service.gd:52)
       [6] _advance_validated (res://battle/runtime/battle_runtime_service.gd:152)
       [7] advance (res://battle/runtime/battle_runtime_service.gd:28)
       [8] _process (res://gameplay/arsenal_review.gd:203)
SCRIPT ERROR: Trying to assign an array of type "Array" to a variable of type "Array[String]".
   at: BattlefieldGeometry.get_obstacle_ids_at_point (res://battle/geometry/battlefield_geometry.gd:585)
   GDScript backtrace (most recent call first):
       [0] get_obstacle_ids_at_point (res://battle/geometry/battlefield_geometry.gd:585)
       [1] get_movement_blocking_obstacle_id_at (res://battle/geometry/battlefield_geometry.gd:259)
       [2] _blocking_obstacle_at (res://battle/geometry/battle_spatial_service.gd:414)
       [3] _resolve_legal_translation (res://battle/geometry/battle_spatial_service.gd:294)
       [4] resolve_translation (res://battle/geometry/battle_spatial_service.gd:95)
       [5] _advance_participant (res://battle/runtime/battle_movement_service.gd:103)
       [6] advance (res://battle/runtime/battle_movement_service.gd:52)
       [7] _advance_validated (res://battle/runtime/battle_runtime_service.gd:152)
       [8] advance (res://battle/runtime/battle_runtime_service.gd:28)
       [9] _process (res://gameplay/arsenal_review.gd:203)
SCRIPT ERROR: Trying to assign an array of type "Array" to a variable of type "Array[String]".
   at: BattlefieldGeometry.get_obstacle_ids_at_point (res://battle/geometry/battlefield_geometry.gd:585)
   GDScript backtrace (most recent call first):
       [0] get_obstacle_ids_at_point (res://battle/geometry/battlefield_geometry.gd:585)
       [1] get_movement_blocking_obstacle_id_at (res://battle/geometry/battlefield_geometry.gd:259)
       [2] _blocking_obstacle_at (res://battle/geometry/battle_spatial_service.gd:414)
       [3] resolve_translation (res://battle/geometry/battle_spatial_service.gd:65)
       [4] _advance_participant (res://battle/runtime/battle_movement_service.gd:103)
       [5] advance (res://battle/runtime/battle_movement_service.gd:52)
       [6] _advance_validated (res://battle/runtime/battle_runtime_service.gd:152)
       [7] advance (res://battle/runtime/battle_runtime_service.gd:28)
       [8] _process (res://gameplay/arsenal_review.gd:203)
SCRIPT ERROR: Trying to assign an array of type "Array" to a variable of type "Array[String]".
   at: BattlefieldGeometry.get_obstacle_ids_at_point (res://battle/geometry/battlefield_geometry.gd:585)
   GDScript backtrace (most recent call first):
       [0] get_obstacle_ids_at_point (res://battle/geometry/battlefield_geometry.gd:585)
       [1] get_obstacle_ids_in_rect (res://battle/geometry/battlefield_geometry.gd:599)
       [2] _resolve_legal_translation (res://battle/geometry/battle_spatial_service.gd:245)
       [3] resolve_translation (res://battle/geometry/battle_spatial_service.gd:95)
       [4] _advance_participant (res://battle/runtime/battle_movement_service.gd:103)
       [5] advance (res://battle/runtime/battle_movement_service.gd:52)
       [6] _advance_validated (res://battle/runtime/battle_runtime_service.gd:152)
       [7] advance (res://battle/runtime/battle_runtime_service.gd:28)
       [8] _process (res://gameplay/arsenal_review.gd:203)
SCRIPT ERROR: Trying to assign an array of type "Array" to a variable of type "Array[String]".
   at: BattlefieldGeometry.get_obstacle_ids_at_point (res://battle/geometry/battlefield_geometry.gd:585)
   GDScript backtrace (most recent call first):
       [0] get_obstacle_ids_at_point (res://battle/geometry/battlefield_geometry.gd:585)
       [1] get_movement_blocking_obstacle_id_at (res://battle/geometry/battlefield_geometry.gd:259)
       [2] _blocking_obstacle_at (res://battle/geometry/battle_spatial_service.gd:414)
       [3] _resolve_legal_translation (res://battle/geometry/battle_spatial_service.gd:294)
       [4] resolve_translation (res://battle/geometry/battle_spatial_service.gd:95)
       [5] _advance_participant (res://battle/runtime/battle_movement_service.gd:103)
       [6] advance (res://battle/runtime/battle_movement_service.gd:52)
       [7] _advance_validated (res://battle/runtime/battle_runtime_service.gd:152)
       [8] advance (res://battle/runtime/battle_runtime_service.gd:28)
       [9] _process (res://gameplay/arsenal_review.gd:203)
SCRIPT ERROR: Trying to assign an array of type "Array" to a variable of type "Array[String]".
   at: BattlefieldGeometry.get_obstacle_ids_at_point (res://battle/geometry/battlefield_geometry.gd:585)
   GDScript backtrace (most recent call first):
       [0] get_obstacle_ids_at_point (res://battle/geometry/battlefield_geometry.gd:585)
       [1] get_movement_blocking_obstacle_id_at (res://battle/geometry/battlefield_geometry.gd:259)
       [2] _blocking_obstacle_at (res://battle/geometry/battle_spatial_service.gd:414)
       [3] resolve_translation (res://battle/geometry/battle_spatial_service.gd:65)
       [4] _advance_participant (res://battle/runtime/battle_movement_service.gd:103)
       [5] advance (res://battle/runtime/battle_movement_service.gd:52)
       [6] _advance_validated (res://battle/runtime/battle_runtime_service.gd:152)
       [7] advance (res://battle/runtime/battle_runtime_service.gd:28)
       [8] _process (res://gameplay/arsenal_review.gd:203)
SCRIPT ERROR: Trying to assign an array of type "Array" to a variable of type "Array[String]".
   at: BattlefieldGeometry.get_obstacle_ids_at_point (res://battle/geometry/battlefield_geometry.gd:585)
   GDScript backtrace (most recent call first):
       [0] get_obstacle_ids_at_point (res://battle/geometry/battlefield_geometry.gd:585)
       [1] get_obstacle_ids_in_rect (res://battle/geometry/battlefield_geometry.gd:599)
       [2] _resolve_legal_translation (res://battle/geometry/battle_spatial_service.gd:245)
       [3] resolve_translation (res://battle/geometry/battle_spatial_service.gd:95)
       [4] _advance_participant (res://battle/runtime/battle_movement_service.gd:103)
       [5] advance (res://battle/runtime/battle_movement_service.gd:52)
       [6] _advance_validated (res://battle/runtime/battle_runtime_service.gd:152)
       [7] advance (res://battle/runtime/battle_runtime_service.gd:28)
       [8] _process (res://gameplay/arsenal_review.gd:203)
SCRIPT ERROR: Trying to assign an array of type "Array" to a variable of type "Array[String]".
   at: BattlefieldGeometry.get_obstacle_ids_at_point (res://battle/geometry/battlefield_geometry.gd:585)
   GDScript backtrace (most recent call first):
       [0] get_obstacle_ids_at_point (res://battle/geometry/battlefield_geometry.gd:585)
       [1] get_movement_blocking_obstacle_id_at (res://battle/geometry/battlefield_geometry.gd:259)
       [2] _blocking_obstacle_at (res://battle/geometry/battle_spatial_service.gd:414)
       [3] _resolve_legal_translation (res://battle/geometry/battle_spatial_service.gd:294)
       [4] resolve_translation (res://battle/geometry/battle_spatial_service.gd:95)
       [5] _advance_participant (res://battle/runtime/battle_movement_service.gd:103)
       [6] advance (res://battle/runtime/battle_movement_service.gd:52)
       [7] _advance_validated (res://battle/runtime/battle_runtime_service.gd:152)
       [8] advance (res://battle/runtime/battle_runtime_service.gd:28)
       [9] _process (res://gameplay/arsenal_review.gd:203)
SCRIPT ERROR: Trying to assign an array of type "Array" to a variable of type "Array[String]".
   at: BattlefieldGeometry.get_obstacle_ids_at_point (res://battle/geometry/battlefield_geometry.gd:585)
   GDScript backtrace (most recent call first):
       [0] get_obstacle_ids_at_point (res://battle/geometry/battlefield_geometry.gd:585)
       [1] get_movement_blocking_obstacle_id_at (res://battle/geometry/battlefield_geometry.gd:259)
       [2] _blocking_obstacle_at (res://battle/geometry/battle_spatial_service.gd:414)
       [3] resolve_translation (res://battle/geometry/battle_spatial_service.gd:65)
       [4] _advance_participant (res://battle/runtime/battle_movement_service.gd:103)
       [5] advance (res://battle/runtime/battle_movement_service.gd:52)
       [6] _advance_validated (res://battle/runtime/battle_runtime_service.gd:152)
       [7] advance (res://battle/runtime/battle_runtime_service.gd:28)
       [8] _process (res://gameplay/arsenal_review.gd:203)
SCRIPT ERROR: Trying to assign an array of type "Array" to a variable of type "Array[String]".
   at: BattlefieldGeometry.get_obstacle_ids_at_point (res://battle/geometry/battlefield_geometry.gd:585)
   GDScript backtrace (most recent call first):
       [0] get_obstacle_ids_at_point (res://battle/geometry/battlefield_geometry.gd:585)
       [1] get_obstacle_ids_in_rect (res://battle/geometry/battlefield_geometry.gd:599)
       [2] _resolve_legal_translation (res://battle/geometry/battle_spatial_service.gd:245)
       [3] resolve_translation (res://battle/geometry/battle_spatial_service.gd:95)
       [4] _advance_participant (res://battle/runtime/battle_movement_service.gd:103)
       [5] advance (res://battle/runtime/battle_movement_service.gd:52)
       [6] _advance_validated (res://battle/runtime/battle_runtime_service.gd:152)
       [7] advance (res://battle/runtime/battle_runtime_service.gd:28)
       [8] _process (res://gameplay/arsenal_review.gd:203)
SCRIPT ERROR: Trying to assign an array of type "Array" to a variable of type "Array[String]".
   at: BattlefieldGeometry.get_obstacle_ids_at_point (res://battle/geometry/battlefield_geometry.gd:585)
   GDScript backtrace (most recent call first):
       [0] get_obstacle_ids_at_point (res://battle/geometry/battlefield_geometry.gd:585)
       [1] get_movement_blocking_obstacle_id_at (res://battle/geometry/battlefield_geometry.gd:259)
       [2] _blocking_obstacle_at (res://battle/geometry/battle_spatial_service.gd:414)
       [3] _resolve_legal_translation (res://battle/geometry/battle_spatial_service.gd:294)
       [4] resolve_translation (res://battle/geometry/battle_spatial_service.gd:95)
       [5] _advance_participant (res://battle/runtime/battle_movement_service.gd:103)
       [6] advance (res://battle/runtime/battle_movement_service.gd:52)
       [7] _advance_validated (res://battle/runtime/battle_runtime_service.gd:152)
       [8] advance (res://battle/runtime/battle_runtime_service.gd:28)
       [9] _process (res://gameplay/arsenal_review.gd:203)
SCRIPT ERROR: Trying to assign an array of type "Array" to a variable of type "Array[String]".
   at: BattlefieldGeometry.get_obstacle_ids_at_point (res://battle/geometry/battlefield_geometry.gd:585)
   GDScript backtrace (most recent call first):
       [0] get_obstacle_ids_at_point (res://battle/geometry/battlefield_geometry.gd:585)
       [1] get_movement_blocking_obstacle_id_at (res://battle/geometry/battlefield_geometry.gd:259)
       [2] _blocking_obstacle_at (res://battle/geometry/battle_spatial_service.gd:414)
       [3] resolve_translation (res://battle/geometry/battle_spatial_service.gd:65)
       [4] _advance_participant (res://battle/runtime/battle_movement_service.gd:103)
       [5] advance (res://battle/runtime/battle_movement_service.gd:52)
       [6] _advance_validated (res://battle/runtime/battle_runtime_service.gd:152)
       [7] advance (res://battle/runtime/battle_runtime_service.gd:28)
       [8] _process (res://gameplay/arsenal_review.gd:203)
SCRIPT ERROR: Trying to assign an array of type "Array" to a variable of type "Array[String]".
   at: BattlefieldGeometry.get_obstacle_ids_at_point (res://battle/geometry/battlefield_geometry.gd:585)
   GDScript backtrace (most recent call first):
       [0] get_obstacle_ids_at_point (res://battle/geometry/battlefield_geometry.gd:585)
       [1] get_obstacle_ids_in_rect (res://battle/geometry/battlefield_geometry.gd:599)
       [2] _resolve_legal_translation (res://battle/geometry/battle_spatial_service.gd:245)
       [3] resolve_translation (res://battle/geometry/battle_spatial_service.gd:95)
       [4] _advance_participant (res://battle/runtime/battle_movement_service.gd:103)
       [5] advance (res://battle/runtime/battle_movement_service.gd:52)
       [6] _advance_validated (res://battle/runtime/battle_runtime_service.gd:152)
       [7] advance (res://battle/runtime/battle_runtime_service.gd:28)
       [8] _process (res://gameplay/arsenal_review.gd:203)
SCRIPT ERROR: Trying to assign an array of type "Array" to a variable of type "Array[String]".
   at: BattlefieldGeometry.get_obstacle_ids_at_point (res://battle/geometry/battlefield_geometry.gd:585)
   GDScript backtrace (most recent call first):
       [0] get_obstacle_ids_at_point (res://battle/geometry/battlefield_geometry.gd:585)
       [1] get_movement_blocking_obstacle_id_at (res://battle/geometry/battlefield_geometry.gd:259)
       [2] _blocking_obstacle_at (res://battle/geometry/battle_spatial_service.gd:414)
       [3] _resolve_legal_translation (res://battle/geometry/battle_spatial_service.gd:294)
       [4] resolve_translation (res://battle/geometry/battle_spatial_service.gd:95)
       [5] _advance_participant (res://battle/runtime/battle_movement_service.gd:103)
       [6] advance (res://battle/runtime/battle_movement_service.gd:52)
       [7] _advance_validated (res://battle/runtime/battle_runtime_service.gd:152)
       [8] advance (res://battle/runtime/battle_runtime_service.gd:28)
       [9] _process (res://gameplay/arsenal_review.gd:203)
SCRIPT ERROR: Trying to assign an array of type "Array" to a variable of type "Array[String]".
   at: BattlefieldGeometry.get_obstacle_ids_at_point (res://battle/geometry/battlefield_geometry.gd:585)
   GDScript backtrace (most recent call first):
       [0] get_obstacle_ids_at_point (res://battle/geometry/battlefield_geometry.gd:585)
       [1] get_movement_blocking_obstacle_id_at (res://battle/geometry/battlefield_geometry.gd:259)
       [2] _blocking_obstacle_at (res://battle/geometry/battle_spatial_service.gd:414)
       [3] resolve_translation (res://battle/geometry/battle_spatial_service.gd:65)
       [4] _advance_participant (res://battle/runtime/battle_movement_service.gd:103)
       [5] advance (res://battle/runtime/battle_movement_service.gd:52)
       [6] _advance_validated (res://battle/runtime/battle_runtime_service.gd:152)
       [7] advance (res://battle/runtime/battle_runtime_service.gd:28)
       [8] _process (res://gameplay/arsenal_review.gd:203)
SCRIPT ERROR: Trying to assign an array of type "Array" to a variable of type "Array[String]".
   at: BattlefieldGeometry.get_obstacle_ids_at_point (res://battle/geometry/battlefield_geometry.gd:585)
   GDScript backtrace (most recent call first):
       [0] get_obstacle_ids_at_point (res://battle/geometry/battlefield_geometry.gd:585)
       [1] get_obstacle_ids_in_rect (res://battle/geometry/battlefield_geometry.gd:599)
       [2] _resolve_legal_translation (res://battle/geometry/battle_spatial_service.gd:245)
       [3] resolve_translation (res://battle/geometry/battle_spatial_service.gd:95)
       [4] _advance_participant (res://battle/runtime/battle_movement_service.gd:103)
       [5] advance (res://battle/runtime/battle_movement_service.gd:52)
       [6] _advance_validated (res://battle/runtime/battle_runtime_service.gd:152)
       [7] advance (res://battle/runtime/battle_runtime_service.gd:28)
       [8] _process (res://gameplay/arsenal_review.gd:203)
SCRIPT ERROR: Trying to assign an array of type "Array" to a variable of type "Array[String]".
   at: BattlefieldGeometry.get_obstacle_ids_at_point (res://battle/geometry/battlefield_geometry.gd:585)
   GDScript backtrace (most recent call first):
       [0] get_obstacle_ids_at_point (res://battle/geometry/battlefield_geometry.gd:585)
       [1] get_movement_blocking_obstacle_id_at (res://battle/geometry/battlefield_geometry.gd:259)
       [2] _blocking_obstacle_at (res://battle/geometry/battle_spatial_service.gd:414)
       [3] _resolve_legal_translation (res://battle/geometry/battle_spatial_service.gd:294)
       [4] resolve_translation (res://battle/geometry/battle_spatial_service.gd:95)
       [5] _advance_participant (res://battle/runtime/battle_movement_service.gd:103)
       [6] advance (res://battle/runtime/battle_movement_service.gd:52)
       [7] _advance_validated (res://battle/runtime/battle_runtime_service.gd:152)
       [8] advance (res://battle/runtime/battle_runtime_service.gd:28)
       [9] _process (res://gameplay/arsenal_review.gd:203)
SCRIPT ERROR: Trying to assign an array of type "Array" to a variable of type "Array[String]".
   at: BattlefieldGeometry.get_obstacle_ids_at_point (res://battle/geometry/battlefield_geometry.gd:585)
   GDScript backtrace (most recent call first):
       [0] get_obstacle_ids_at_point (res://battle/geometry/battlefield_geometry.gd:585)
       [1] get_movement_blocking_obstacle_id_at (res://battle/geometry/battlefield_geometry.gd:259)
       [2] _blocking_obstacle_at (res://battle/geometry/battle_spatial_service.gd:414)
       [3] resolve_translation (res://battle/geometry/battle_spatial_service.gd:65)
       [4] _advance_participant (res://battle/runtime/battle_movement_service.gd:103)
       [5] advance (res://battle/runtime/battle_movement_service.gd:52)
       [6] _advance_validated (res://battle/runtime/battle_runtime_service.gd:152)
       [7] advance (res://battle/runtime/battle_runtime_service.gd:28)
       [8] _process (res://gameplay/arsenal_review.gd:203)
SCRIPT ERROR: Trying to assign an array of type "Array" to a variable of type "Array[String]".
   at: BattlefieldGeometry.get_obstacle_ids_at_point (res://battle/geometry/battlefield_geometry.gd:585)
   GDScript backtrace (most recent call first):
       [0] get_obstacle_ids_at_point (res://battle/geometry/battlefield_geometry.gd:585)
       [1] get_obstacle_ids_in_rect (res://battle/geometry/battlefield_geometry.gd:599)
       [2] _resolve_legal_translation (res://battle/geometry/battle_spatial_service.gd:245)
       [3] resolve_translation (res://battle/geometry/battle_spatial_service.gd:95)
       [4] _advance_participant (res://battle/runtime/battle_movement_service.gd:103)
       [5] advance (res://battle/runtime/battle_movement_service.gd:52)
       [6] _advance_validated (res://battle/runtime/battle_runtime_service.gd:152)
       [7] advance (res://battle/runtime/battle_runtime_service.gd:28)
       [8] _process (res://gameplay/arsenal_review.gd:203)
SCRIPT ERROR: Trying to assign an array of type "Array" to a variable of type "Array[String]".
   at: BattlefieldGeometry.get_obstacle_ids_at_point (res://battle/geometry/battlefield_geometry.gd:585)
   GDScript backtrace (most recent call first):
       [0] get_obstacle_ids_at_point (res://battle/geometry/battlefield_geometry.gd:585)
       [1] get_movement_blocking_obstacle_id_at (res://battle/geometry/battlefield_geometry.gd:259)
       [2] _blocking_obstacle_at (res://battle/geometry/battle_spatial_service.gd:414)
       [3] _resolve_legal_translation (res://battle/geometry/battle_spatial_service.gd:294)
       [4] resolve_translation (res://battle/geometry/battle_spatial_service.gd:95)
       [5] _advance_participant (res://battle/runtime/battle_movement_service.gd:103)
       [6] advance (res://battle/runtime/battle_movement_service.gd:52)
       [7] _advance_validated (res://battle/runtime/battle_runtime_service.gd:152)
       [8] advance (res://battle/runtime/battle_runtime_service.gd:28)
       [9] _process (res://gameplay/arsenal_review.gd:203)
LIVE_WINDOW { "wall_seconds": 25.060782, "fps": 37.0909895816196, "sim_seconds": 25.0333126666667 }
SCRIPT ERROR: Trying to assign an array of type "Array" to a variable of type "Array[String]".
   at: BattlefieldGeometry.get_obstacle_ids_at_point (res://battle/geometry/battlefield_geometry.gd:585)
   GDScript backtrace (most recent call first):
       [0] get_obstacle_ids_at_point (res://battle/geometry/battlefield_geometry.gd:585)
       [1] get_movement_blocking_obstacle_id_at (res://battle/geometry/battlefield_geometry.gd:259)
       [2] _blocking_obstacle_at (res://battle/geometry/battle_spatial_service.gd:414)
       [3] resolve_translation (res://battle/geometry/battle_spatial_service.gd:65)
       [4] _advance_participant (res://battle/runtime/battle_movement_service.gd:103)
       [5] advance (res://battle/runtime/battle_movement_service.gd:52)
       [6] _advance_validated (res://battle/runtime/battle_runtime_service.gd:152)
       [7] advance (res://battle/runtime/battle_runtime_service.gd:28)
       [8] _process (res://gameplay/arsenal_review.gd:203)
SCRIPT ERROR: Trying to assign an array of type "Array" to a variable of type "Array[String]".
   at: BattlefieldGeometry.get_obstacle_ids_at_point (res://battle/geometry/battlefield_geometry.gd:585)
   GDScript backtrace (most recent call first):
       [0] get_obstacle_ids_at_point (res://battle/geometry/battlefield_geometry.gd:585)
       [1] get_obstacle_ids_in_rect (res://battle/geometry/battlefield_geometry.gd:599)
       [2] _resolve_legal_translation (res://battle/geometry/battle_spatial_service.gd:245)
       [3] resolve_translation (res://battle/geometry/battle_spatial_service.gd:95)
       [4] _advance_participant (res://battle/runtime/battle_movement_service.gd:103)
       [5] advance (res://battle/runtime/battle_movement_service.gd:52)
       [6] _advance_validated (res://battle/runtime/battle_runtime_service.gd:152)
       [7] advance (res://battle/runtime/battle_runtime_service.gd:28)
       [8] _process (res://gameplay/arsenal_review.gd:203)
SCRIPT ERROR: Trying to assign an array of type "Array" to a variable of type "Array[String]".
   at: BattlefieldGeometry.get_obstacle_ids_at_point (res://battle/geometry/battlefield_geometry.gd:585)
   GDScript backtrace (most recent call first):
       [0] get_obstacle_ids_at_point (res://battle/geometry/battlefield_geometry.gd:585)
       [1] get_movement_blocking_obstacle_id_at (res://battle/geometry/battlefield_geometry.gd:259)
       [2] _blocking_obstacle_at (res://battle/geometry/battle_spatial_service.gd:414)
       [3] _resolve_legal_translation (res://battle/geometry/battle_spatial_service.gd:294)
       [4] resolve_translation (res://battle/geometry/battle_spatial_service.gd:95)
       [5] _advance_participant (res://battle/runtime/battle_movement_service.gd:103)
       [6] advance (res://battle/runtime/battle_movement_service.gd:52)
       [7] _advance_validated (res://battle/runtime/battle_runtime_service.gd:152)
       [8] advance (res://battle/runtime/battle_runtime_service.gd:28)
       [9] _process (res://gameplay/arsenal_review.gd:203)
SCRIPT ERROR: Trying to assign an array of type "Array" to a variable of type "Array[String]".
   at: BattlefieldGeometry.get_obstacle_ids_at_point (res://battle/geometry/battlefield_geometry.gd:585)
   GDScript backtrace (most recent call first):
       [0] get_obstacle_ids_at_point (res://battle/geometry/battlefield_geometry.gd:585)
       [1] get_movement_blocking_obstacle_id_at (res://battle/geometry/battlefield_geometry.gd:259)
       [2] _blocking_obstacle_at (res://battle/geometry/battle_spatial_service.gd:414)
       [3] resolve_translation (res://battle/geometry/battle_spatial_service.gd:65)
       [4] _advance_participant (res://battle/runtime/battle_movement_service.gd:103)
       [5] advance (res://battle/runtime/battle_movement_service.gd:52)
       [6] _advance_validated (res://battle/runtime/battle_runtime_service.gd:152)
       [7] advance (res://battle/runtime/battle_runtime_service.gd:28)
       [8] _process (res://gameplay/arsenal_review.gd:203)
SCRIPT ERROR: Trying to assign an array of type "Array" to a variable of type "Array[String]".
   at: BattlefieldGeometry.get_obstacle_ids_at_point (res://battle/geometry/battlefield_geometry.gd:585)
   GDScript backtrace (most recent call first):
       [0] get_obstacle_ids_at_point (res://battle/geometry/battlefield_geometry.gd:585)
       [1] get_obstacle_ids_in_rect (res://battle/geometry/battlefield_geometry.gd:599)
       [2] _resolve_legal_translation (res://battle/geometry/battle_spatial_service.gd:245)
       [3] resolve_translation (res://battle/geometry/battle_spatial_service.gd:95)
       [4] _advance_participant (res://battle/runtime/battle_movement_service.gd:103)
       [5] advance (res://battle/runtime/battle_movement_service.gd:52)
       [6] _advance_validated (res://battle/runtime/battle_runtime_service.gd:152)
       [7] advance (res://battle/runtime/battle_runtime_service.gd:28)
       [8] _process (res://gameplay/arsenal_review.gd:203)
SCRIPT ERROR: Trying to assign an array of type "Array" to a variable of type "Array[String]".
   at: BattlefieldGeometry.get_obstacle_ids_at_point (res://battle/geometry/battlefield_geometry.gd:585)
   GDScript backtrace (most recent call first):
       [0] get_obstacle_ids_at_point (res://battle/geometry/battlefield_geometry.gd:585)
       [1] get_movement_blocking_obstacle_id_at (res://battle/geometry/battlefield_geometry.gd:259)
       [2] _blocking_obstacle_at (res://battle/geometry/battle_spatial_service.gd:414)
       [3] _resolve_legal_translation (res://battle/geometry/battle_spatial_service.gd:294)
       [4] resolve_translation (res://battle/geometry/battle_spatial_service.gd:95)
       [5] _advance_participant (res://battle/runtime/battle_movement_service.gd:103)
       [6] advance (res://battle/runtime/battle_movement_service.gd:52)
       [7] _advance_validated (res://battle/runtime/battle_runtime_service.gd:152)
       [8] advance (res://battle/runtime/battle_runtime_service.gd:28)
       [9] _process (res://gameplay/arsenal_review.gd:203)
SCRIPT ERROR: Trying to assign an array of type "Array" to a variable of type "Array[String]".
   at: BattlefieldGeometry.get_obstacle_ids_at_point (res://battle/geometry/battlefield_geometry.gd:585)
   GDScript backtrace (most recent call first):
       [0] get_obstacle_ids_at_point (res://battle/geometry/battlefield_geometry.gd:585)
       [1] get_movement_blocking_obstacle_id_at (res://battle/geometry/battlefield_geometry.gd:259)
       [2] _blocking_obstacle_at (res://battle/geometry/battle_spatial_service.gd:414)
       [3] resolve_translation (res://battle/geometry/battle_spatial_service.gd:65)
       [4] _advance_participant (res://battle/runtime/battle_movement_service.gd:103)
       [5] advance (res://battle/runtime/battle_movement_service.gd:52)
       [6] _advance_validated (res://battle/runtime/battle_runtime_service.gd:152)
       [7] advance (res://battle/runtime/battle_runtime_service.gd:28)
       [8] _process (res://gameplay/arsenal_review.gd:203)
SCRIPT ERROR: Trying to assign an array of type "Array" to a variable of type "Array[String]".
   at: BattlefieldGeometry.get_obstacle_ids_at_point (res://battle/geometry/battlefield_geometry.gd:585)
   GDScript backtrace (most recent call first):
       [0] get_obstacle_ids_at_point (res://battle/geometry/battlefield_geometry.gd:585)
       [1] get_obstacle_ids_in_rect (res://battle/geometry/battlefield_geometry.gd:599)
       [2] _resolve_legal_translation (res://battle/geometry/battle_spatial_service.gd:245)
       [3] resolve_translation (res://battle/geometry/battle_spatial_service.gd:95)
       [4] _advance_participant (res://battle/runtime/battle_movement_service.gd:103)
       [5] advance (res://battle/runtime/battle_movement_service.gd:52)
       [6] _advance_validated (res://battle/runtime/battle_runtime_service.gd:152)
       [7] advance (res://battle/runtime/battle_runtime_service.gd:28)
       [8] _process (res://gameplay/arsenal_review.gd:203)
SCRIPT ERROR: Trying to assign an array of type "Array" to a variable of type "Array[String]".
   at: BattlefieldGeometry.get_obstacle_ids_at_point (res://battle/geometry/battlefield_geometry.gd:585)
   GDScript backtrace (most recent call first):
       [0] get_obstacle_ids_at_point (res://battle/geometry/battlefield_geometry.gd:585)
       [1] get_movement_blocking_obstacle_id_at (res://battle/geometry/battlefield_geometry.gd:259)
       [2] _blocking_obstacle_at (res://battle/geometry/battle_spatial_service.gd:414)
       [3] _resolve_legal_translation (res://battle/geometry/battle_spatial_service.gd:294)
       [4] resolve_translation (res://battle/geometry/battle_spatial_service.gd:95)
       [5] _advance_participant (res://battle/runtime/battle_movement_service.gd:103)
       [6] advance (res://battle/runtime/battle_movement_service.gd:52)
       [7] _advance_validated (res://battle/runtime/battle_runtime_service.gd:152)
       [8] advance (res://battle/runtime/battle_runtime_service.gd:28)
       [9] _process (res://gameplay/arsenal_review.gd:203)
SCRIPT ERROR: Trying to assign an array of type "Array" to a variable of type "Array[String]".
   at: BattlefieldGeometry.get_obstacle_ids_at_point (res://battle/geometry/battlefield_geometry.gd:585)
   GDScript backtrace (most recent call first):
       [0] get_obstacle_ids_at_point (res://battle/geometry/battlefield_geometry.gd:585)
       [1] get_movement_blocking_obstacle_id_at (res://battle/geometry/battlefield_geometry.gd:259)
       [2] _blocking_obstacle_at (res://battle/geometry/battle_spatial_service.gd:414)
       [3] resolve_translation (res://battle/geometry/battle_spatial_service.gd:65)
       [4] _advance_participant (res://battle/runtime/battle_movement_service.gd:103)
       [5] advance (res://battle/runtime/battle_movement_service.gd:52)
       [6] _advance_validated (res://battle/runtime/battle_runtime_service.gd:152)
       [7] advance (res://battle/runtime/battle_runtime_service.gd:28)
       [8] _process (res://gameplay/arsenal_review.gd:203)
SCRIPT ERROR: Trying to assign an array of type "Array" to a variable of type "Array[String]".
   at: BattlefieldGeometry.get_obstacle_ids_at_point (res://battle/geometry/battlefield_geometry.gd:585)
   GDScript backtrace (most recent call first):
       [0] get_obstacle_ids_at_point (res://battle/geometry/battlefield_geometry.gd:585)
       [1] get_obstacle_ids_in_rect (res://battle/geometry/battlefield_geometry.gd:599)
       [2] _resolve_legal_translation (res://battle/geometry/battle_spatial_service.gd:245)
       [3] resolve_translation (res://battle/geometry/battle_spatial_service.gd:95)
       [4] _advance_participant (res://battle/runtime/battle_movement_service.gd:103)
       [5] advance (res://battle/runtime/battle_movement_service.gd:52)
       [6] _advance_validated (res://battle/runtime/battle_runtime_service.gd:152)
       [7] advance (res://battle/runtime/battle_runtime_service.gd:28)
       [8] _process (res://gameplay/arsenal_review.gd:203)
SCRIPT ERROR: Trying to assign an array of type "Array" to a variable of type "Array[String]".
   at: BattlefieldGeometry.get_obstacle_ids_at_point (res://battle/geometry/battlefield_geometry.gd:585)
   GDScript backtrace (most recent call first):
       [0] get_obstacle_ids_at_point (res://battle/geometry/battlefield_geometry.gd:585)
       [1] get_movement_blocking_obstacle_id_at (res://battle/geometry/battlefield_geometry.gd:259)
       [2] _blocking_obstacle_at (res://battle/geometry/battle_spatial_service.gd:414)
       [3] _resolve_legal_translation (res://battle/geometry/battle_spatial_service.gd:294)
       [4] resolve_translation (res://battle/geometry/battle_spatial_service.gd:95)
       [5] _advance_participant (res://battle/runtime/battle_movement_service.gd:103)
       [6] advance (res://battle/runtime/battle_movement_service.gd:52)
       [7] _advance_validated (res://battle/runtime/battle_runtime_service.gd:152)
       [8] advance (res://battle/runtime/battle_runtime_service.gd:28)
       [9] _process (res://gameplay/arsenal_review.gd:203)
SCRIPT ERROR: Trying to assign an array of type "Array" to a variable of type "Array[String]".
   at: BattlefieldGeometry.get_obstacle_ids_at_point (res://battle/geometry/battlefield_geometry.gd:585)
   GDScript backtrace (most recent call first):
       [0] get_obstacle_ids_at_point (res://battle/geometry/battlefield_geometry.gd:585)
       [1] get_movement_blocking_obstacle_id_at (res://battle/geometry/battlefield_geometry.gd:259)
       [2] _blocking_obstacle_at (res://battle/geometry/battle_spatial_service.gd:414)
       [3] resolve_translation (res://battle/geometry/battle_spatial_service.gd:65)
       [4] _advance_participant (res://battle/runtime/battle_movement_service.gd:103)
       [5] advance (res://battle/runtime/battle_movement_service.gd:52)
       [6] _advance_validated (res://battle/runtime/battle_runtime_service.gd:152)
       [7] advance (res://battle/runtime/battle_runtime_service.gd:28)
       [8] _process (res://gameplay/arsenal_review.gd:203)
SCRIPT ERROR: Trying to assign an array of type "Array" to a variable of type "Array[String]".
   at: BattlefieldGeometry.get_obstacle_ids_at_point (res://battle/geometry/battlefield_geometry.gd:585)
   GDScript backtrace (most recent call first):
       [0] get_obstacle_ids_at_point (res://battle/geometry/battlefield_geometry.gd:585)
       [1] get_obstacle_ids_in_rect (res://battle/geometry/battlefield_geometry.gd:599)
       [2] _resolve_legal_translation (res://battle/geometry/battle_spatial_service.gd:245)
       [3] resolve_translation (res://battle/geometry/battle_spatial_service.gd:95)
       [4] _advance_participant (res://battle/runtime/battle_movement_service.gd:103)
       [5] advance (res://battle/runtime/battle_movement_service.gd:52)
       [6] _advance_validated (res://battle/runtime/battle_runtime_service.gd:152)
       [7] advance (res://battle/runtime/battle_runtime_service.gd:28)
       [8] _process (res://gameplay/arsenal_review.gd:203)
SCRIPT ERROR: Trying to assign an array of type "Array" to a variable of type "Array[String]".
   at: BattlefieldGeometry.get_obstacle_ids_at_point (res://battle/geometry/battlefield_geometry.gd:585)
   GDScript backtrace (most recent call first):
       [0] get_obstacle_ids_at_point (res://battle/geometry/battlefield_geometry.gd:585)
       [1] get_movement_blocking_obstacle_id_at (res://battle/geometry/battlefield_geometry.gd:259)
       [2] _blocking_obstacle_at (res://battle/geometry/battle_spatial_service.gd:414)
       [3] _resolve_legal_translation (res://battle/geometry/battle_spatial_service.gd:294)
       [4] resolve_translation (res://battle/geometry/battle_spatial_service.gd:95)
       [5] _advance_participant (res://battle/runtime/battle_movement_service.gd:103)
       [6] advance (res://battle/runtime/battle_movement_service.gd:52)
       [7] _advance_validated (res://battle/runtime/battle_runtime_service.gd:152)
       [8] advance (res://battle/runtime/battle_runtime_service.gd:28)
       [9] _process (res://gameplay/arsenal_review.gd:203)
SCRIPT ERROR: Trying to assign an array of type "Array" to a variable of type "Array[String]".
   at: BattlefieldGeometry.get_obstacle_ids_at_point (res://battle/geometry/battlefield_geometry.gd:585)
   GDScript backtrace (most recent call first):
       [0] get_obstacle_ids_at_point (res://battle/geometry/battlefield_geometry.gd:585)
       [1] get_movement_blocking_obstacle_id_at (res://battle/geometry/battlefield_geometry.gd:259)
       [2] _blocking_obstacle_at (res://battle/geometry/battle_spatial_service.gd:414)
       [3] resolve_translation (res://battle/geometry/battle_spatial_service.gd:65)
       [4] _advance_participant (res://battle/runtime/battle_movement_service.gd:103)
       [5] advance (res://battle/runtime/battle_movement_service.gd:52)
       [6] _advance_validated (res://battle/runtime/battle_runtime_service.gd:152)
       [7] advance (res://battle/runtime/battle_runtime_service.gd:28)
       [8] _process (res://gameplay/arsenal_review.gd:203)
SCRIPT ERROR: Trying to assign an array of type "Array" to a variable of type "Array[String]".
   at: BattlefieldGeometry.get_obstacle_ids_at_point (res://battle/geometry/battlefield_geometry.gd:585)
   GDScript backtrace (most recent call first):
       [0] get_obstacle_ids_at_point (res://battle/geometry/battlefield_geometry.gd:585)
       [1] get_obstacle_ids_in_rect (res://battle/geometry/battlefield_geometry.gd:599)
       [2] _resolve_legal_translation (res://battle/geometry/battle_spatial_service.gd:245)
       [3] resolve_translation (res://battle/geometry/battle_spatial_service.gd:95)
       [4] _advance_participant (res://battle/runtime/battle_movement_service.gd:103)
       [5] advance (res://battle/runtime/battle_movement_service.gd:52)
       [6] _advance_validated (res://battle/runtime/battle_runtime_service.gd:152)
       [7] advance (res://battle/runtime/battle_runtime_service.gd:28)
       [8] _process (res://gameplay/arsenal_review.gd:203)
SCRIPT ERROR: Trying to assign an array of type "Array" to a variable of type "Array[String]".
   at: BattlefieldGeometry.get_obstacle_ids_at_point (res://battle/geometry/battlefield_geometry.gd:585)
   GDScript backtrace (most recent call first):
       [0] get_obstacle_ids_at_point (res://battle/geometry/battlefield_geometry.gd:585)
       [1] get_movement_blocking_obstacle_id_at (res://battle/geometry/battlefield_geometry.gd:259)
       [2] _blocking_obstacle_at (res://battle/geometry/battle_spatial_service.gd:414)
       [3] _resolve_legal_translation (res://battle/geometry/battle_spatial_service.gd:294)
       [4] resolve_translation (res://battle/geometry/battle_spatial_service.gd:95)
       [5] _advance_participant (res://battle/runtime/battle_movement_service.gd:103)
       [6] advance (res://battle/runtime/battle_movement_service.gd:52)
       [7] _advance_validated (res://battle/runtime/battle_runtime_service.gd:152)
       [8] advance (res://battle/runtime/battle_runtime_service.gd:28)
       [9] _process (res://gameplay/arsenal_review.gd:203)
SCRIPT ERROR: Trying to assign an array of type "Array" to a variable of type "Array[String]".
   at: BattlefieldGeometry.get_obstacle_ids_at_point (res://battle/geometry/battlefield_geometry.gd:585)
   GDScript backtrace (most recent call first):
       [0] get_obstacle_ids_at_point (res://battle/geometry/battlefield_geometry.gd:585)
       [1] get_movement_blocking_obstacle_id_at (res://battle/geometry/battlefield_geometry.gd:259)
       [2] _blocking_obstacle_at (res://battle/geometry/battle_spatial_service.gd:414)
       [3] resolve_translation (res://battle/geometry/battle_spatial_service.gd:65)
       [4] _advance_participant (res://battle/runtime/battle_movement_service.gd:103)
       [5] advance (res://battle/runtime/battle_movement_service.gd:52)
       [6] _advance_validated (res://battle/runtime/battle_runtime_service.gd:152)
       [7] advance (res://battle/runtime/battle_runtime_service.gd:28)
       [8] _process (res://gameplay/arsenal_review.gd:203)
SCRIPT ERROR: Trying to assign an array of type "Array" to a variable of type "Array[String]".
   at: BattlefieldGeometry.get_obstacle_ids_at_point (res://battle/geometry/battlefield_geometry.gd:585)
   GDScript backtrace (most recent call first):
       [0] get_obstacle_ids_at_point (res://battle/geometry/battlefield_geometry.gd:585)
       [1] get_obstacle_ids_in_rect (res://battle/geometry/battlefield_geometry.gd:599)
       [2] _resolve_legal_translation (res://battle/geometry/battle_spatial_service.gd:245)
       [3] resolve_translation (res://battle/geometry/battle_spatial_service.gd:95)
       [4] _advance_participant (res://battle/runtime/battle_movement_service.gd:103)
       [5] advance (res://battle/runtime/battle_movement_service.gd:52)
       [6] _advance_validated (res://battle/runtime/battle_runtime_service.gd:152)
       [7] advance (res://battle/runtime/battle_runtime_service.gd:28)
       [8] _process (res://gameplay/arsenal_review.gd:203)
SCRIPT ERROR: Trying to assign an array of type "Array" to a variable of type "Array[String]".
   at: BattlefieldGeometry.get_obstacle_ids_at_point (res://battle/geometry/battlefield_geometry.gd:585)
   GDScript backtrace (most recent call first):
       [0] get_obstacle_ids_at_point (res://battle/geometry/battlefield_geometry.gd:585)
       [1] get_movement_blocking_obstacle_id_at (res://battle/geometry/battlefield_geometry.gd:259)
       [2] _blocking_obstacle_at (res://battle/geometry/battle_spatial_service.gd:414)
       [3] _resolve_legal_translation (res://battle/geometry/battle_spatial_service.gd:294)
       [4] resolve_translation (res://battle/geometry/battle_spatial_service.gd:95)
       [5] _advance_participant (res://battle/runtime/battle_movement_service.gd:103)
       [6] advance (res://battle/runtime/battle_movement_service.gd:52)
       [7] _advance_validated (res://battle/runtime/battle_runtime_service.gd:152)
       [8] advance (res://battle/runtime/battle_runtime_service.gd:28)
       [9] _process (res://gameplay/arsenal_review.gd:203)
SCRIPT ERROR: Trying to assign an array of type "Array" to a variable of type "Array[String]".
   at: BattlefieldGeometry.get_obstacle_ids_at_point (res://battle/geometry/battlefield_geometry.gd:585)
   GDScript backtrace (most recent call first):
       [0] get_obstacle_ids_at_point (res://battle/geometry/battlefield_geometry.gd:585)
       [1] get_movement_blocking_obstacle_id_at (res://battle/geometry/battlefield_geometry.gd:259)
       [2] _blocking_obstacle_at (res://battle/geometry/battle_spatial_service.gd:414)
       [3] resolve_translation (res://battle/geometry/battle_spatial_service.gd:65)
       [4] _advance_participant (res://battle/runtime/battle_movement_service.gd:103)
       [5] advance (res://battle/runtime/battle_movement_service.gd:52)
       [6] _advance_validated (res://battle/runtime/battle_runtime_service.gd:152)
       [7] advance (res://battle/runtime/battle_runtime_service.gd:28)
       [8] _process (res://gameplay/arsenal_review.gd:203)
SCRIPT ERROR: Trying to assign an array of type "Array" to a variable of type "Array[String]".
   at: BattlefieldGeometry.get_obstacle_ids_at_point (res://battle/geometry/battlefield_geometry.gd:585)
   GDScript backtrace (most recent call first):
       [0] get_obstacle_ids_at_point (res://battle/geometry/battlefield_geometry.gd:585)
       [1] get_obstacle_ids_in_rect (res://battle/geometry/battlefield_geometry.gd:599)
       [2] _resolve_legal_translation (res://battle/geometry/battle_spatial_service.gd:245)
       [3] resolve_translation (res://battle/geometry/battle_spatial_service.gd:95)
       [4] _advance_participant (res://battle/runtime/battle_movement_service.gd:103)
       [5] advance (res://battle/runtime/battle_movement_service.gd:52)
       [6] _advance_validated (res://battle/runtime/battle_runtime_service.gd:152)
       [7] advance (res://battle/runtime/battle_runtime_service.gd:28)
       [8] _process (res://gameplay/arsenal_review.gd:203)
SCRIPT ERROR: Trying to assign an array of type "Array" to a variable of type "Array[String]".
   at: BattlefieldGeometry.get_obstacle_ids_at_point (res://battle/geometry/battlefield_geometry.gd:585)
   GDScript backtrace (most recent call first):
       [0] get_obstacle_ids_at_point (res://battle/geometry/battlefield_geometry.gd:585)
       [1] get_movement_blocking_obstacle_id_at (res://battle/geometry/battlefield_geometry.gd:259)
       [2] _blocking_obstacle_at (res://battle/geometry/battle_spatial_service.gd:414)
       [3] _resolve_legal_translation (res://battle/geometry/battle_spatial_service.gd:294)
       [4] resolve_translation (res://battle/geometry/battle_spatial_service.gd:95)
       [5] _advance_participant (res://battle/runtime/battle_movement_service.gd:103)
       [6] advance (res://battle/runtime/battle_movement_service.gd:52)
       [7] _advance_validated (res://battle/runtime/battle_runtime_service.gd:152)
       [8] advance (res://battle/runtime/battle_runtime_service.gd:28)
       [9] _process (res://gameplay/arsenal_review.gd:203)
SCRIPT ERROR: Trying to assign an array of type "Array" to a variable of type "Array[String]".
   at: BattlefieldGeometry.get_obstacle_ids_at_point (res://battle/geometry/battlefield_geometry.gd:585)
   GDScript backtrace (most recent call first):
       [0] get_obstacle_ids_at_point (res://battle/geometry/battlefield_geometry.gd:585)
       [1] get_movement_blocking_obstacle_id_at (res://battle/geometry/battlefield_geometry.gd:259)
       [2] _blocking_obstacle_at (res://battle/geometry/battle_spatial_service.gd:414)
       [3] resolve_translation (res://battle/geometry/battle_spatial_service.gd:65)
       [4] _advance_participant (res://battle/runtime/battle_movement_service.gd:103)
       [5] advance (res://battle/runtime/battle_movement_service.gd:52)
       [6] _advance_validated (res://battle/runtime/battle_runtime_service.gd:152)
       [7] advance (res://battle/runtime/battle_runtime_service.gd:28)
       [8] _process (res://gameplay/arsenal_review.gd:203)
SCRIPT ERROR: Trying to assign an array of type "Array" to a variable of type "Array[String]".
   at: BattlefieldGeometry.get_obstacle_ids_at_point (res://battle/geometry/battlefield_geometry.gd:585)
   GDScript backtrace (most recent call first):
       [0] get_obstacle_ids_at_point (res://battle/geometry/battlefield_geometry.gd:585)
       [1] get_obstacle_ids_in_rect (res://battle/geometry/battlefield_geometry.gd:599)
       [2] _resolve_legal_translation (res://battle/geometry/battle_spatial_service.gd:245)
       [3] resolve_translation (res://battle/geometry/battle_spatial_service.gd:95)
       [4] _advance_participant (res://battle/runtime/battle_movement_service.gd:103)
       [5] advance (res://battle/runtime/battle_movement_service.gd:52)
       [6] _advance_validated (res://battle/runtime/battle_runtime_service.gd:152)
       [7] advance (res://battle/runtime/battle_runtime_service.gd:28)
       [8] _process (res://gameplay/arsenal_review.gd:203)
SCRIPT ERROR: Trying to assign an array of type "Array" to a variable of type "Array[String]".
   at: BattlefieldGeometry.get_obstacle_ids_at_point (res://battle/geometry/battlefield_geometry.gd:585)
   GDScript backtrace (most recent call first):
       [0] get_obstacle_ids_at_point (res://battle/geometry/battlefield_geometry.gd:585)
       [1] get_movement_blocking_obstacle_id_at (res://battle/geometry/battlefield_geometry.gd:259)
       [2] _blocking_obstacle_at (res://battle/geometry/battle_spatial_service.gd:414)
       [3] _resolve_legal_translation (res://battle/geometry/battle_spatial_service.gd:294)
       [4] resolve_translation (res://battle/geometry/battle_spatial_service.gd:95)
       [5] _advance_participant (res://battle/runtime/battle_movement_service.gd:103)
       [6] advance (res://battle/runtime/battle_movement_service.gd:52)
       [7] _advance_validated (res://battle/runtime/battle_runtime_service.gd:152)
       [8] advance (res://battle/runtime/battle_runtime_service.gd:28)
       [9] _process (res://gameplay/arsenal_review.gd:203)
SCRIPT ERROR: Trying to assign an array of type "Array" to a variable of type "Array[String]".
   at: BattlefieldGeometry.get_obstacle_ids_at_point (res://battle/geometry/battlefield_geometry.gd:585)
   GDScript backtrace (most recent call first):
       [0] get_obstacle_ids_at_point (res://battle/geometry/battlefield_geometry.gd:585)
       [1] get_movement_blocking_obstacle_id_at (res://battle/geometry/battlefield_geometry.gd:259)
       [2] _blocking_obstacle_at (res://battle/geometry/battle_spatial_service.gd:414)
       [3] resolve_translation (res://battle/geometry/battle_spatial_service.gd:65)
       [4] _advance_participant (res://battle/runtime/battle_movement_service.gd:103)
       [5] advance (res://battle/runtime/battle_movement_service.gd:52)
       [6] _advance_validated (res://battle/runtime/battle_runtime_service.gd:152)
       [7] advance (res://battle/runtime/battle_runtime_service.gd:28)
       [8] _process (res://gameplay/arsenal_review.gd:203)
SCRIPT ERROR: Trying to assign an array of type "Array" to a variable of type "Array[String]".
   at: BattlefieldGeometry.get_obstacle_ids_at_point (res://battle/geometry/battlefield_geometry.gd:585)
   GDScript backtrace (most recent call first):
       [0] get_obstacle_ids_at_point (res://battle/geometry/battlefield_geometry.gd:585)
       [1] get_obstacle_ids_in_rect (res://battle/geometry/battlefield_geometry.gd:599)
       [2] _resolve_legal_translation (res://battle/geometry/battle_spatial_service.gd:245)
       [3] resolve_translation (res://battle/geometry/battle_spatial_service.gd:95)
       [4] _advance_participant (res://battle/runtime/battle_movement_service.gd:103)
       [5] advance (res://battle/runtime/battle_movement_service.gd:52)
       [6] _advance_validated (res://battle/runtime/battle_runtime_service.gd:152)
       [7] advance (res://battle/runtime/battle_runtime_service.gd:28)
       [8] _process (res://gameplay/arsenal_review.gd:203)
SCRIPT ERROR: Trying to assign an array of type "Array" to a variable of type "Array[String]".
   at: BattlefieldGeometry.get_obstacle_ids_at_point (res://battle/geometry/battlefield_geometry.gd:585)
   GDScript backtrace (most recent call first):
       [0] get_obstacle_ids_at_point (res://battle/geometry/battlefield_geometry.gd:585)
       [1] get_movement_blocking_obstacle_id_at (res://battle/geometry/battlefield_geometry.gd:259)
       [2] _blocking_obstacle_at (res://battle/geometry/battle_spatial_service.gd:414)
       [3] _resolve_legal_translation (res://battle/geometry/battle_spatial_service.gd:294)
       [4] resolve_translation (res://battle/geometry/battle_spatial_service.gd:95)
       [5] _advance_participant (res://battle/runtime/battle_movement_service.gd:103)
       [6] advance (res://battle/runtime/battle_movement_service.gd:52)
       [7] _advance_validated (res://battle/runtime/battle_runtime_service.gd:152)
       [8] advance (res://battle/runtime/battle_runtime_service.gd:28)
       [9] _process (res://gameplay/arsenal_review.gd:203)
SCRIPT ERROR: Trying to assign an array of type "Array" to a variable of type "Array[String]".
   at: BattlefieldGeometry.get_obstacle_ids_at_point (res://battle/geometry/battlefield_geometry.gd:585)
   GDScript backtrace (most recent call first):
       [0] get_obstacle_ids_at_point (res://battle/geometry/battlefield_geometry.gd:585)
       [1] get_movement_blocking_obstacle_id_at (res://battle/geometry/battlefield_geometry.gd:259)
       [2] _blocking_obstacle_at (res://battle/geometry/battle_spatial_service.gd:414)
       [3] resolve_translation (res://battle/geometry/battle_spatial_service.gd:65)
       [4] _advance_participant (res://battle/runtime/battle_movement_service.gd:103)
       [5] advance (res://battle/runtime/battle_movement_service.gd:52)
       [6] _advance_validated (res://battle/runtime/battle_runtime_service.gd:152)
       [7] advance (res://battle/runtime/battle_runtime_service.gd:28)
       [8] _process (res://gameplay/arsenal_review.gd:203)
SCRIPT ERROR: Trying to assign an array of type "Array" to a variable of type "Array[String]".
   at: BattlefieldGeometry.get_obstacle_ids_at_point (res://battle/geometry/battlefield_geometry.gd:585)
   GDScript backtrace (most recent call first):
       [0] get_obstacle_ids_at_point (res://battle/geometry/battlefield_geometry.gd:585)
       [1] get_obstacle_ids_in_rect (res://battle/geometry/battlefield_geometry.gd:599)
       [2] _resolve_legal_translation (res://battle/geometry/battle_spatial_service.gd:245)
       [3] resolve_translation (res://battle/geometry/battle_spatial_service.gd:95)
       [4] _advance_participant (res://battle/runtime/battle_movement_service.gd:103)
       [5] advance (res://battle/runtime/battle_movement_service.gd:52)
       [6] _advance_validated (res://battle/runtime/battle_runtime_service.gd:152)
       [7] advance (res://battle/runtime/battle_runtime_service.gd:28)
       [8] _process (res://gameplay/arsenal_review.gd:203)
SCRIPT ERROR: Trying to assign an array of type "Array" to a variable of type "Array[String]".
   at: BattlefieldGeometry.get_obstacle_ids_at_point (res://battle/geometry/battlefield_geometry.gd:585)
   GDScript backtrace (most recent call first):
       [0] get_obstacle_ids_at_point (res://battle/geometry/battlefield_geometry.gd:585)
       [1] get_movement_blocking_obstacle_id_at (res://battle/geometry/battlefield_geometry.gd:259)
       [2] _blocking_obstacle_at (res://battle/geometry/battle_spatial_service.gd:414)
       [3] _resolve_legal_translation (res://battle/geometry/battle_spatial_service.gd:294)
       [4] resolve_translation (res://battle/geometry/battle_spatial_service.gd:95)
       [5] _advance_participant (res://battle/runtime/battle_movement_service.gd:103)
       [6] advance (res://battle/runtime/battle_movement_service.gd:52)
       [7] _advance_validated (res://battle/runtime/battle_runtime_service.gd:152)
       [8] advance (res://battle/runtime/battle_runtime_service.gd:28)
       [9] _process (res://gameplay/arsenal_review.gd:203)
SCRIPT ERROR: Trying to assign an array of type "Array" to a variable of type "Array[String]".
   at: BattlefieldGeometry.get_obstacle_ids_at_point (res://battle/geometry/battlefield_geometry.gd:585)
   GDScript backtrace (most recent call first):
       [0] get_obstacle_ids_at_point (res://battle/geometry/battlefield_geometry.gd:585)
       [1] get_movement_blocking_obstacle_id_at (res://battle/geometry/battlefield_geometry.gd:259)
       [2] _blocking_obstacle_at (res://battle/geometry/battle_spatial_service.gd:414)
       [3] resolve_translation (res://battle/geometry/battle_spatial_service.gd:65)
       [4] _advance_participant (res://battle/runtime/battle_movement_service.gd:103)
       [5] advance (res://battle/runtime/battle_movement_service.gd:52)
       [6] _advance_validated (res://battle/runtime/battle_runtime_service.gd:152)
       [7] advance (res://battle/runtime/battle_runtime_service.gd:28)
       [8] _process (res://gameplay/arsenal_review.gd:203)
SCRIPT ERROR: Trying to assign an array of type "Array" to a variable of type "Array[String]".
   at: BattlefieldGeometry.get_obstacle_ids_at_point (res://battle/geometry/battlefield_geometry.gd:585)
   GDScript backtrace (most recent call first):
       [0] get_obstacle_ids_at_point (res://battle/geometry/battlefield_geometry.gd:585)
       [1] get_obstacle_ids_in_rect (res://battle/geometry/battlefield_geometry.gd:599)
       [2] _resolve_legal_translation (res://battle/geometry/battle_spatial_service.gd:245)
       [3] resolve_translation (res://battle/geometry/battle_spatial_service.gd:95)
       [4] _advance_participant (res://battle/runtime/battle_movement_service.gd:103)
       [5] advance (res://battle/runtime/battle_movement_service.gd:52)
       [6] _advance_validated (res://battle/runtime/battle_runtime_service.gd:152)
       [7] advance (res://battle/runtime/battle_runtime_service.gd:28)
       [8] _process (res://gameplay/arsenal_review.gd:203)
SCRIPT ERROR: Trying to assign an array of type "Array" to a variable of type "Array[String]".
   at: BattlefieldGeometry.get_obstacle_ids_at_point (res://battle/geometry/battlefield_geometry.gd:585)
   GDScript backtrace (most recent call first):
       [0] get_obstacle_ids_at_point (res://battle/geometry/battlefield_geometry.gd:585)
       [1] get_movement_blocking_obstacle_id_at (res://battle/geometry/battlefield_geometry.gd:259)
       [2] _blocking_obstacle_at (res://battle/geometry/battle_spatial_service.gd:414)
       [3] _resolve_legal_translation (res://battle/geometry/battle_spatial_service.gd:294)
       [4] resolve_translation (res://battle/geometry/battle_spatial_service.gd:95)
       [5] _advance_participant (res://battle/runtime/battle_movement_service.gd:103)
       [6] advance (res://battle/runtime/battle_movement_service.gd:52)
       [7] _advance_validated (res://battle/runtime/battle_runtime_service.gd:152)
       [8] advance (res://battle/runtime/battle_runtime_service.gd:28)
       [9] _process (res://gameplay/arsenal_review.gd:203)
SCRIPT ERROR: Trying to assign an array of type "Array" to a variable of type "Array[String]".
   at: BattlefieldGeometry.get_obstacle_ids_at_point (res://battle/geometry/battlefield_geometry.gd:585)
   GDScript backtrace (most recent call first):
       [0] get_obstacle_ids_at_point (res://battle/geometry/battlefield_geometry.gd:585)
       [1] get_movement_blocking_obstacle_id_at (res://battle/geometry/battlefield_geometry.gd:259)
       [2] _blocking_obstacle_at (res://battle/geometry/battle_spatial_service.gd:414)
       [3] resolve_translation (res://battle/geometry/battle_spatial_service.gd:65)
       [4] _advance_participant (res://battle/runtime/battle_movement_service.gd:103)
       [5] advance (res://battle/runtime/battle_movement_service.gd:52)
       [6] _advance_validated (res://battle/runtime/battle_runtime_service.gd:152)
       [7] advance (res://battle/runtime/battle_runtime_service.gd:28)
       [8] _process (res://gameplay/arsenal_review.gd:203)
SCRIPT ERROR: Trying to assign an array of type "Array" to a variable of type "Array[String]".
   at: BattlefieldGeometry.get_obstacle_ids_at_point (res://battle/geometry/battlefield_geometry.gd:585)
   GDScript backtrace (most recent call first):
       [0] get_obstacle_ids_at_point (res://battle/geometry/battlefield_geometry.gd:585)
       [1] get_obstacle_ids_in_rect (res://battle/geometry/battlefield_geometry.gd:599)
       [2] _resolve_legal_translation (res://battle/geometry/battle_spatial_service.gd:245)
       [3] resolve_translation (res://battle/geometry/battle_spatial_service.gd:95)
       [4] _advance_participant (res://battle/runtime/battle_movement_service.gd:103)
       [5] advance (res://battle/runtime/battle_movement_service.gd:52)
       [6] _advance_validated (res://battle/runtime/battle_runtime_service.gd:152)
       [7] advance (res://battle/runtime/battle_runtime_service.gd:28)
       [8] _process (res://gameplay/arsenal_review.gd:203)
SCRIPT ERROR: Trying to assign an array of type "Array" to a variable of type "Array[String]".
   at: BattlefieldGeometry.get_obstacle_ids_at_point (res://battle/geometry/battlefield_geometry.gd:585)
   GDScript backtrace (most recent call first):
       [0] get_obstacle_ids_at_point (res://battle/geometry/battlefield_geometry.gd:585)
       [1] get_movement_blocking_obstacle_id_at (res://battle/geometry/battlefield_geometry.gd:259)
       [2] _blocking_obstacle_at (res://battle/geometry/battle_spatial_service.gd:414)
       [3] _resolve_legal_translation (res://battle/geometry/battle_spatial_service.gd:294)
       [4] resolve_translation (res://battle/geometry/battle_spatial_service.gd:95)
       [5] _advance_participant (res://battle/runtime/battle_movement_service.gd:103)
       [6] advance (res://battle/runtime/battle_movement_service.gd:52)
       [7] _advance_validated (res://battle/runtime/battle_runtime_service.gd:152)
       [8] advance (res://battle/runtime/battle_runtime_service.gd:28)
       [9] _process (res://gameplay/arsenal_review.gd:203)
SCRIPT ERROR: Trying to assign an array of type "Array" to a variable of type "Array[String]".
   at: BattlefieldGeometry.get_obstacle_ids_at_point (res://battle/geometry/battlefield_geometry.gd:585)
   GDScript backtrace (most recent call first):
       [0] get_obstacle_ids_at_point (res://battle/geometry/battlefield_geometry.gd:585)
       [1] get_movement_blocking_obstacle_id_at (res://battle/geometry/battlefield_geometry.gd:259)
       [2] _blocking_obstacle_at (res://battle/geometry/battle_spatial_service.gd:414)
       [3] resolve_translation (res://battle/geometry/battle_spatial_service.gd:65)
       [4] _advance_participant (res://battle/runtime/battle_movement_service.gd:103)
       [5] advance (res://battle/runtime/battle_movement_service.gd:52)
       [6] _advance_validated (res://battle/runtime/battle_runtime_service.gd:152)
       [7] advance (res://battle/runtime/battle_runtime_service.gd:28)
       [8] _process (res://gameplay/arsenal_review.gd:203)
SCRIPT ERROR: Trying to assign an array of type "Array" to a variable of type "Array[String]".
   at: BattlefieldGeometry.get_obstacle_ids_at_point (res://battle/geometry/battlefield_geometry.gd:585)
   GDScript backtrace (most recent call first):
       [0] get_obstacle_ids_at_point (res://battle/geometry/battlefield_geometry.gd:585)
       [1] get_obstacle_ids_in_rect (res://battle/geometry/battlefield_geometry.gd:599)
       [2] _resolve_legal_translation (res://battle/geometry/battle_spatial_service.gd:245)
       [3] resolve_translation (res://battle/geometry/battle_spatial_service.gd:95)
       [4] _advance_participant (res://battle/runtime/battle_movement_service.gd:103)
       [5] advance (res://battle/runtime/battle_movement_service.gd:52)
       [6] _advance_validated (res://battle/runtime/battle_runtime_service.gd:152)
       [7] advance (res://battle/runtime/battle_runtime_service.gd:28)
       [8] _process (res://gameplay/arsenal_review.gd:203)
SCRIPT ERROR: Trying to assign an array of type "Array" to a variable of type "Array[String]".
   at: BattlefieldGeometry.get_obstacle_ids_at_point (res://battle/geometry/battlefield_geometry.gd:585)
   GDScript backtrace (most recent call first):
       [0] get_obstacle_ids_at_point (res://battle/geometry/battlefield_geometry.gd:585)
       [1] get_movement_blocking_obstacle_id_at (res://battle/geometry/battlefield_geometry.gd:259)
       [2] _blocking_obstacle_at (res://battle/geometry/battle_spatial_service.gd:414)
       [3] _resolve_legal_translation (res://battle/geometry/battle_spatial_service.gd:294)
       [4] resolve_translation (res://battle/geometry/battle_spatial_service.gd:95)
       [5] _advance_participant (res://battle/runtime/battle_movement_service.gd:103)
       [6] advance (res://battle/runtime/battle_movement_service.gd:52)
       [7] _advance_validated (res://battle/runtime/battle_runtime_service.gd:152)
       [8] advance (res://battle/runtime/battle_runtime_service.gd:28)
       [9] _process (res://gameplay/arsenal_review.gd:203)
SCRIPT ERROR: Trying to assign an array of type "Array" to a variable of type "Array[String]".
   at: BattlefieldGeometry.get_obstacle_ids_at_point (res://battle/geometry/battlefield_geometry.gd:585)
   GDScript backtrace (most recent call first):
       [0] get_obstacle_ids_at_point (res://battle/geometry/battlefield_geometry.gd:585)
       [1] get_movement_blocking_obstacle_id_at (res://battle/geometry/battlefield_geometry.gd:259)
       [2] _blocking_obstacle_at (res://battle/geometry/battle_spatial_service.gd:414)
       [3] resolve_translation (res://battle/geometry/battle_spatial_service.gd:65)
       [4] _advance_participant (res://battle/runtime/battle_movement_service.gd:103)
       [5] advance (res://battle/runtime/battle_movement_service.gd:52)
       [6] _advance_validated (res://battle/runtime/battle_runtime_service.gd:152)
       [7] advance (res://battle/runtime/battle_runtime_service.gd:28)
       [8] _process (res://gameplay/arsenal_review.gd:203)
SCRIPT ERROR: Trying to assign an array of type "Array" to a variable of type "Array[String]".
   at: BattlefieldGeometry.get_obstacle_ids_at_point (res://battle/geometry/battlefield_geometry.gd:585)
   GDScript backtrace (most recent call first):
       [0] get_obstacle_ids_at_point (res://battle/geometry/battlefield_geometry.gd:585)
       [1] get_obstacle_ids_in_rect (res://battle/geometry/battlefield_geometry.gd:599)
       [2] _resolve_legal_translation (res://battle/geometry/battle_spatial_service.gd:245)
       [3] resolve_translation (res://battle/geometry/battle_spatial_service.gd:95)
       [4] _advance_participant (res://battle/runtime/battle_movement_service.gd:103)
       [5] advance (res://battle/runtime/battle_movement_service.gd:52)
       [6] _advance_validated (res://battle/runtime/battle_runtime_service.gd:152)
       [7] advance (res://battle/runtime/battle_runtime_service.gd:28)
       [8] _process (res://gameplay/arsenal_review.gd:203)
SCRIPT ERROR: Trying to assign an array of type "Array" to a variable of type "Array[String]".
   at: BattlefieldGeometry.get_obstacle_ids_at_point (res://battle/geometry/battlefield_geometry.gd:585)
   GDScript backtrace (most recent call first):
       [0] get_obstacle_ids_at_point (res://battle/geometry/battlefield_geometry.gd:585)
       [1] get_movement_blocking_obstacle_id_at (res://battle/geometry/battlefield_geometry.gd:259)
       [2] _blocking_obstacle_at (res://battle/geometry/battle_spatial_service.gd:414)
       [3] _resolve_legal_translation (res://battle/geometry/battle_spatial_service.gd:294)
       [4] resolve_translation (res://battle/geometry/battle_spatial_service.gd:95)
       [5] _advance_participant (res://battle/runtime/battle_movement_service.gd:103)
       [6] advance (res://battle/runtime/battle_movement_service.gd:52)
       [7] _advance_validated (res://battle/runtime/battle_runtime_service.gd:152)
       [8] advance (res://battle/runtime/battle_runtime_service.gd:28)
       [9] _process (res://gameplay/arsenal_review.gd:203)
SCRIPT ERROR: Trying to assign an array of type "Array" to a variable of type "Array[String]".
   at: BattlefieldGeometry.get_obstacle_ids_at_point (res://battle/geometry/battlefield_geometry.gd:585)
   GDScript backtrace (most recent call first):
       [0] get_obstacle_ids_at_point (res://battle/geometry/battlefield_geometry.gd:585)
       [1] get_movement_blocking_obstacle_id_at (res://battle/geometry/battlefield_geometry.gd:259)
       [2] _blocking_obstacle_at (res://battle/geometry/battle_spatial_service.gd:414)
       [3] resolve_translation (res://battle/geometry/battle_spatial_service.gd:65)
       [4] _advance_participant (res://battle/runtime/battle_movement_service.gd:103)
       [5] advance (res://battle/runtime/battle_movement_service.gd:52)
       [6] _advance_validated (res://battle/runtime/battle_runtime_service.gd:152)
       [7] advance (res://battle/runtime/battle_runtime_service.gd:28)
       [8] _process (res://gameplay/arsenal_review.gd:203)
SCRIPT ERROR: Trying to assign an array of type "Array" to a variable of type "Array[String]".
   at: BattlefieldGeometry.get_obstacle_ids_at_point (res://battle/geometry/battlefield_geometry.gd:585)
   GDScript backtrace (most recent call first):
       [0] get_obstacle_ids_at_point (res://battle/geometry/battlefield_geometry.gd:585)
       [1] get_obstacle_ids_in_rect (res://battle/geometry/battlefield_geometry.gd:599)
       [2] _resolve_legal_translation (res://battle/geometry/battle_spatial_service.gd:245)
       [3] resolve_translation (res://battle/geometry/battle_spatial_service.gd:95)
       [4] _advance_participant (res://battle/runtime/battle_movement_service.gd:103)
       [5] advance (res://battle/runtime/battle_movement_service.gd:52)
       [6] _advance_validated (res://battle/runtime/battle_runtime_service.gd:152)
       [7] advance (res://battle/runtime/battle_runtime_service.gd:28)
       [8] _process (res://gameplay/arsenal_review.gd:203)
SCRIPT ERROR: Trying to assign an array of type "Array" to a variable of type "Array[String]".
   at: BattlefieldGeometry.get_obstacle_ids_at_point (res://battle/geometry/battlefield_geometry.gd:585)
   GDScript backtrace (most recent call first):
       [0] get_obstacle_ids_at_point (res://battle/geometry/battlefield_geometry.gd:585)
       [1] get_movement_blocking_obstacle_id_at (res://battle/geometry/battlefield_geometry.gd:259)
       [2] _blocking_obstacle_at (res://battle/geometry/battle_spatial_service.gd:414)
       [3] _resolve_legal_translation (res://battle/geometry/battle_spatial_service.gd:294)
       [4] resolve_translation (res://battle/geometry/battle_spatial_service.gd:95)
       [5] _advance_participant (res://battle/runtime/battle_movement_service.gd:103)
       [6] advance (res://battle/runtime/battle_movement_service.gd:52)
       [7] _advance_validated (res://battle/runtime/battle_runtime_service.gd:152)
       [8] advance (res://battle/runtime/battle_runtime_service.gd:28)
       [9] _process (res://gameplay/arsenal_review.gd:203)
SCRIPT ERROR: Trying to assign an array of type "Array" to a variable of type "Array[String]".
   at: BattlefieldGeometry.get_obstacle_ids_at_point (res://battle/geometry/battlefield_geometry.gd:585)
   GDScript backtrace (most recent call first):
       [0] get_obstacle_ids_at_point (res://battle/geometry/battlefield_geometry.gd:585)
       [1] get_movement_blocking_obstacle_id_at (res://battle/geometry/battlefield_geometry.gd:259)
       [2] _blocking_obstacle_at (res://battle/geometry/battle_spatial_service.gd:414)
       [3] resolve_translation (res://battle/geometry/battle_spatial_service.gd:65)
       [4] _advance_participant (res://battle/runtime/battle_movement_service.gd:103)
       [5] advance (res://battle/runtime/battle_movement_service.gd:52)
       [6] _advance_validated (res://battle/runtime/battle_runtime_service.gd:152)
       [7] advance (res://battle/runtime/battle_runtime_service.gd:28)
       [8] _process (res://gameplay/arsenal_review.gd:203)
SCRIPT ERROR: Trying to assign an array of type "Array" to a variable of type "Array[String]".
   at: BattlefieldGeometry.get_obstacle_ids_at_point (res://battle/geometry/battlefield_geometry.gd:585)
   GDScript backtrace (most recent call first):
       [0] get_obstacle_ids_at_point (res://battle/geometry/battlefield_geometry.gd:585)
       [1] get_obstacle_ids_in_rect (res://battle/geometry/battlefield_geometry.gd:599)
       [2] _resolve_legal_translation (res://battle/geometry/battle_spatial_service.gd:245)
       [3] resolve_translation (res://battle/geometry/battle_spatial_service.gd:95)
       [4] _advance_participant (res://battle/runtime/battle_movement_service.gd:103)
       [5] advance (res://battle/runtime/battle_movement_service.gd:52)
       [6] _advance_validated (res://battle/runtime/battle_runtime_service.gd:152)
       [7] advance (res://battle/runtime/battle_runtime_service.gd:28)
       [8] _process (res://gameplay/arsenal_review.gd:203)
SCRIPT ERROR: Trying to assign an array of type "Array" to a variable of type "Array[String]".
   at: BattlefieldGeometry.get_obstacle_ids_at_point (res://battle/geometry/battlefield_geometry.gd:585)
   GDScript backtrace (most recent call first):
       [0] get_obstacle_ids_at_point (res://battle/geometry/battlefield_geometry.gd:585)
       [1] get_movement_blocking_obstacle_id_at (res://battle/geometry/battlefield_geometry.gd:259)
       [2] _blocking_obstacle_at (res://battle/geometry/battle_spatial_service.gd:414)
       [3] _resolve_legal_translation (res://battle/geometry/battle_spatial_service.gd:294)
       [4] resolve_translation (res://battle/geometry/battle_spatial_service.gd:95)
       [5] _advance_participant (res://battle/runtime/battle_movement_service.gd:103)
       [6] advance (res://battle/runtime/battle_movement_service.gd:52)
       [7] _advance_validated (res://battle/runtime/battle_runtime_service.gd:152)
       [8] advance (res://battle/runtime/battle_runtime_service.gd:28)
       [9] _process (res://gameplay/arsenal_review.gd:203)
SCRIPT ERROR: Trying to assign an array of type "Array" to a variable of type "Array[String]".
   at: BattlefieldGeometry.get_obstacle_ids_at_point (res://battle/geometry/battlefield_geometry.gd:585)
   GDScript backtrace (most recent call first):
       [0] get_obstacle_ids_at_point (res://battle/geometry/battlefield_geometry.gd:585)
       [1] get_movement_blocking_obstacle_id_at (res://battle/geometry/battlefield_geometry.gd:259)
       [2] _blocking_obstacle_at (res://battle/geometry/battle_spatial_service.gd:414)
       [3] resolve_translation (res://battle/geometry/battle_spatial_service.gd:65)
       [4] _advance_participant (res://battle/runtime/battle_movement_service.gd:103)
       [5] advance (res://battle/runtime/battle_movement_service.gd:52)
       [6] _advance_validated (res://battle/runtime/battle_runtime_service.gd:152)
       [7] advance (res://battle/runtime/battle_runtime_service.gd:28)
       [8] _process (res://gameplay/arsenal_review.gd:203)
SCRIPT ERROR: Trying to assign an array of type "Array" to a variable of type "Array[String]".
   at: BattlefieldGeometry.get_obstacle_ids_at_point (res://battle/geometry/battlefield_geometry.gd:585)
   GDScript backtrace (most recent call first):
       [0] get_obstacle_ids_at_point (res://battle/geometry/battlefield_geometry.gd:585)
       [1] get_obstacle_ids_in_rect (res://battle/geometry/battlefield_geometry.gd:599)
       [2] _resolve_legal_translation (res://battle/geometry/battle_spatial_service.gd:245)
       [3] resolve_translation (res://battle/geometry/battle_spatial_service.gd:95)
       [4] _advance_participant (res://battle/runtime/battle_movement_service.gd:103)
       [5] advance (res://battle/runtime/battle_movement_service.gd:52)
       [6] _advance_validated (res://battle/runtime/battle_runtime_service.gd:152)
       [7] advance (res://battle/runtime/battle_runtime_service.gd:28)
       [8] _process (res://gameplay/arsenal_review.gd:203)
SCRIPT ERROR: Trying to assign an array of type "Array" to a variable of type "Array[String]".
   at: BattlefieldGeometry.get_obstacle_ids_at_point (res://battle/geometry/battlefield_geometry.gd:585)
   GDScript backtrace (most recent call first):
       [0] get_obstacle_ids_at_point (res://battle/geometry/battlefield_geometry.gd:585)
       [1] get_movement_blocking_obstacle_id_at (res://battle/geometry/battlefield_geometry.gd:259)
       [2] _blocking_obstacle_at (res://battle/geometry/battle_spatial_service.gd:414)
       [3] _resolve_legal_translation (res://battle/geometry/battle_spatial_service.gd:294)
       [4] resolve_translation (res://battle/geometry/battle_spatial_service.gd:95)
       [5] _advance_participant (res://battle/runtime/battle_movement_service.gd:103)
       [6] advance (res://battle/runtime/battle_movement_service.gd:52)
       [7] _advance_validated (res://battle/runtime/battle_runtime_service.gd:152)
       [8] advance (res://battle/runtime/battle_runtime_service.gd:28)
       [9] _process (res://gameplay/arsenal_review.gd:203)
SCRIPT ERROR: Trying to assign an array of type "Array" to a variable of type "Array[String]".
   at: BattlefieldGeometry.get_obstacle_ids_at_point (res://battle/geometry/battlefield_geometry.gd:585)
   GDScript backtrace (most recent call first):
       [0] get_obstacle_ids_at_point (res://battle/geometry/battlefield_geometry.gd:585)
       [1] get_movement_blocking_obstacle_id_at (res://battle/geometry/battlefield_geometry.gd:259)
       [2] _blocking_obstacle_at (res://battle/geometry/battle_spatial_service.gd:414)
       [3] resolve_translation (res://battle/geometry/battle_spatial_service.gd:65)
       [4] _advance_participant (res://battle/runtime/battle_movement_service.gd:103)
       [5] advance (res://battle/runtime/battle_movement_service.gd:52)
       [6] _advance_validated (res://battle/runtime/battle_runtime_service.gd:152)
       [7] advance (res://battle/runtime/battle_runtime_service.gd:28)
       [8] _process (res://gameplay/arsenal_review.gd:203)
SCRIPT ERROR: Trying to assign an array of type "Array" to a variable of type "Array[String]".
   at: BattlefieldGeometry.get_obstacle_ids_at_point (res://battle/geometry/battlefield_geometry.gd:585)
   GDScript backtrace (most recent call first):
       [0] get_obstacle_ids_at_point (res://battle/geometry/battlefield_geometry.gd:585)
       [1] get_obstacle_ids_in_rect (res://battle/geometry/battlefield_geometry.gd:599)
       [2] _resolve_legal_translation (res://battle/geometry/battle_spatial_service.gd:245)
       [3] resolve_translation (res://battle/geometry/battle_spatial_service.gd:95)
       [4] _advance_participant (res://battle/runtime/battle_movement_service.gd:103)
       [5] advance (res://battle/runtime/battle_movement_service.gd:52)
       [6] _advance_validated (res://battle/runtime/battle_runtime_service.gd:152)
       [7] advance (res://battle/runtime/battle_runtime_service.gd:28)
       [8] _process (res://gameplay/arsenal_review.gd:203)
SCRIPT ERROR: Trying to assign an array of type "Array" to a variable of type "Array[String]".
   at: BattlefieldGeometry.get_obstacle_ids_at_point (res://battle/geometry/battlefield_geometry.gd:585)
   GDScript backtrace (most recent call first):
       [0] get_obstacle_ids_at_point (res://battle/geometry/battlefield_geometry.gd:585)
       [1] get_movement_blocking_obstacle_id_at (res://battle/geometry/battlefield_geometry.gd:259)
       [2] _blocking_obstacle_at (res://battle/geometry/battle_spatial_service.gd:414)
       [3] _resolve_legal_translation (res://battle/geometry/battle_spatial_service.gd:294)
       [4] resolve_translation (res://battle/geometry/battle_spatial_service.gd:95)
       [5] _advance_participant (res://battle/runtime/battle_movement_service.gd:103)
       [6] advance (res://battle/runtime/battle_movement_service.gd:52)
       [7] _advance_validated (res://battle/runtime/battle_runtime_service.gd:152)
       [8] advance (res://battle/runtime/battle_runtime_service.gd:28)
       [9] _process (res://gameplay/arsenal_review.gd:203)
SCRIPT ERROR: Trying to assign an array of type "Array" to a variable of type "Array[String]".
   at: BattlefieldGeometry.get_obstacle_ids_at_point (res://battle/geometry/battlefield_geometry.gd:585)
   GDScript backtrace (most recent call first):
       [0] get_obstacle_ids_at_point (res://battle/geometry/battlefield_geometry.gd:585)
       [1] get_movement_blocking_obstacle_id_at (res://battle/geometry/battlefield_geometry.gd:259)
       [2] _blocking_obstacle_at (res://battle/geometry/battle_spatial_service.gd:414)
       [3] resolve_translation (res://battle/geometry/battle_spatial_service.gd:65)
       [4] _advance_participant (res://battle/runtime/battle_movement_service.gd:103)
       [5] advance (res://battle/runtime/battle_movement_service.gd:52)
       [6] _advance_validated (res://battle/runtime/battle_runtime_service.gd:152)
       [7] advance (res://battle/runtime/battle_runtime_service.gd:28)
       [8] _process (res://gameplay/arsenal_review.gd:203)
SCRIPT ERROR: Trying to assign an array of type "Array" to a variable of type "Array[String]".
   at: BattlefieldGeometry.get_obstacle_ids_at_point (res://battle/geometry/battlefield_geometry.gd:585)
   GDScript backtrace (most recent call first):
       [0] get_obstacle_ids_at_point (res://battle/geometry/battlefield_geometry.gd:585)
       [1] get_obstacle_ids_in_rect (res://battle/geometry/battlefield_geometry.gd:599)
       [2] _resolve_legal_translation (res://battle/geometry/battle_spatial_service.gd:245)
       [3] resolve_translation (res://battle/geometry/battle_spatial_service.gd:95)
       [4] _advance_participant (res://battle/runtime/battle_movement_service.gd:103)
       [5] advance (res://battle/runtime/battle_movement_service.gd:52)
       [6] _advance_validated (res://battle/runtime/battle_runtime_service.gd:152)
       [7] advance (res://battle/runtime/battle_runtime_service.gd:28)
       [8] _process (res://gameplay/arsenal_review.gd:203)
SCRIPT ERROR: Trying to assign an array of type "Array" to a variable of type "Array[String]".
   at: BattlefieldGeometry.get_obstacle_ids_at_point (res://battle/geometry/battlefield_geometry.gd:585)
   GDScript backtrace (most recent call first):
       [0] get_obstacle_ids_at_point (res://battle/geometry/battlefield_geometry.gd:585)
       [1] get_movement_blocking_obstacle_id_at (res://battle/geometry/battlefield_geometry.gd:259)
       [2] _blocking_obstacle_at (res://battle/geometry/battle_spatial_service.gd:414)
       [3] _resolve_legal_translation (res://battle/geometry/battle_spatial_service.gd:294)
       [4] resolve_translation (res://battle/geometry/battle_spatial_service.gd:95)
       [5] _advance_participant (res://battle/runtime/battle_movement_service.gd:103)
       [6] advance (res://battle/runtime/battle_movement_service.gd:52)
       [7] _advance_validated (res://battle/runtime/battle_runtime_service.gd:152)
       [8] advance (res://battle/runtime/battle_runtime_service.gd:28)
       [9] _process (res://gameplay/arsenal_review.gd:203)
SCRIPT ERROR: Trying to assign an array of type "Array" to a variable of type "Array[String]".
   at: BattlefieldGeometry.get_obstacle_ids_at_point (res://battle/geometry/battlefield_geometry.gd:585)
   GDScript backtrace (most recent call first):
       [0] get_obstacle_ids_at_point (res://battle/geometry/battlefield_geometry.gd:585)
       [1] get_movement_blocking_obstacle_id_at (res://battle/geometry/battlefield_geometry.gd:259)
       [2] _blocking_obstacle_at (res://battle/geometry/battle_spatial_service.gd:414)
       [3] resolve_translation (res://battle/geometry/battle_spatial_service.gd:65)
       [4] _advance_participant (res://battle/runtime/battle_movement_service.gd:103)
       [5] advance (res://battle/runtime/battle_movement_service.gd:52)
       [6] _advance_validated (res://battle/runtime/battle_runtime_service.gd:152)
       [7] advance (res://battle/runtime/battle_runtime_service.gd:28)
       [8] _process (res://gameplay/arsenal_review.gd:203)
SCRIPT ERROR: Trying to assign an array of type "Array" to a variable of type "Array[String]".
   at: BattlefieldGeometry.get_obstacle_ids_at_point (res://battle/geometry/battlefield_geometry.gd:585)
   GDScript backtrace (most recent call first):
       [0] get_obstacle_ids_at_point (res://battle/geometry/battlefield_geometry.gd:585)
       [1] get_obstacle_ids_in_rect (res://battle/geometry/battlefield_geometry.gd:599)
       [2] _resolve_legal_translation (res://battle/geometry/battle_spatial_service.gd:245)
       [3] resolve_translation (res://battle/geometry/battle_spatial_service.gd:95)
       [4] _advance_participant (res://battle/runtime/battle_movement_service.gd:103)
       [5] advance (res://battle/runtime/battle_movement_service.gd:52)
       [6] _advance_validated (res://battle/runtime/battle_runtime_service.gd:152)
       [7] advance (res://battle/runtime/battle_runtime_service.gd:28)
       [8] _process (res://gameplay/arsenal_review.gd:203)
SCRIPT ERROR: Trying to assign an array of type "Array" to a variable of type "Array[String]".
   at: BattlefieldGeometry.get_obstacle_ids_at_point (res://battle/geometry/battlefield_geometry.gd:585)
   GDScript backtrace (most recent call first):
       [0] get_obstacle_ids_at_point (res://battle/geometry/battlefield_geometry.gd:585)
       [1] get_movement_blocking_obstacle_id_at (res://battle/geometry/battlefield_geometry.gd:259)
       [2] _blocking_obstacle_at (res://battle/geometry/battle_spatial_service.gd:414)
       [3] _resolve_legal_translation (res://battle/geometry/battle_spatial_service.gd:294)
       [4] resolve_translation (res://battle/geometry/battle_spatial_service.gd:95)
       [5] _advance_participant (res://battle/runtime/battle_movement_service.gd:103)
       [6] advance (res://battle/runtime/battle_movement_service.gd:52)
       [7] _advance_validated (res://battle/runtime/battle_runtime_service.gd:152)
       [8] advance (res://battle/runtime/battle_runtime_service.gd:28)
       [9] _process (res://gameplay/arsenal_review.gd:203)
SCRIPT ERROR: Trying to assign an array of type "Array" to a variable of type "Array[String]".
   at: BattlefieldGeometry.get_obstacle_ids_at_point (res://battle/geometry/battlefield_geometry.gd:585)
   GDScript backtrace (most recent call first):
       [0] get_obstacle_ids_at_point (res://battle/geometry/battlefield_geometry.gd:585)
       [1] get_movement_blocking_obstacle_id_at (res://battle/geometry/battlefield_geometry.gd:259)
       [2] _blocking_obstacle_at (res://battle/geometry/battle_spatial_service.gd:414)
       [3] resolve_translation (res://battle/geometry/battle_spatial_service.gd:65)
       [4] _advance_participant (res://battle/runtime/battle_movement_service.gd:103)
       [5] advance (res://battle/runtime/battle_movement_service.gd:52)
       [6] _advance_validated (res://battle/runtime/battle_runtime_service.gd:152)
       [7] advance (res://battle/runtime/battle_runtime_service.gd:28)
       [8] _process (res://gameplay/arsenal_review.gd:203)
SCRIPT ERROR: Trying to assign an array of type "Array" to a variable of type "Array[String]".
   at: BattlefieldGeometry.get_obstacle_ids_at_point (res://battle/geometry/battlefield_geometry.gd:585)
   GDScript backtrace (most recent call first):
       [0] get_obstacle_ids_at_point (res://battle/geometry/battlefield_geometry.gd:585)
       [1] get_obstacle_ids_in_rect (res://battle/geometry/battlefield_geometry.gd:599)
       [2] _resolve_legal_translation (res://battle/geometry/battle_spatial_service.gd:245)
       [3] resolve_translation (res://battle/geometry/battle_spatial_service.gd:95)
       [4] _advance_participant (res://battle/runtime/battle_movement_service.gd:103)
       [5] advance (res://battle/runtime/battle_movement_service.gd:52)
       [6] _advance_validated (res://battle/runtime/battle_runtime_service.gd:152)
       [7] advance (res://battle/runtime/battle_runtime_service.gd:28)
       [8] _process (res://gameplay/arsenal_review.gd:203)
SCRIPT ERROR: Trying to assign an array of type "Array" to a variable of type "Array[String]".
   at: BattlefieldGeometry.get_obstacle_ids_at_point (res://battle/geometry/battlefield_geometry.gd:585)
   GDScript backtrace (most recent call first):
       [0] get_obstacle_ids_at_point (res://battle/geometry/battlefield_geometry.gd:585)
       [1] get_movement_blocking_obstacle_id_at (res://battle/geometry/battlefield_geometry.gd:259)
       [2] _blocking_obstacle_at (res://battle/geometry/battle_spatial_service.gd:414)
       [3] _resolve_legal_translation (res://battle/geometry/battle_spatial_service.gd:294)
       [4] resolve_translation (res://battle/geometry/battle_spatial_service.gd:95)
       [5] _advance_participant (res://battle/runtime/battle_movement_service.gd:103)
       [6] advance (res://battle/runtime/battle_movement_service.gd:52)
       [7] _advance_validated (res://battle/runtime/battle_runtime_service.gd:152)
       [8] advance (res://battle/runtime/battle_runtime_service.gd:28)
       [9] _process (res://gameplay/arsenal_review.gd:203)
SCRIPT ERROR: Trying to assign an array of type "Array" to a variable of type "Array[String]".
   at: BattlefieldGeometry.get_obstacle_ids_at_point (res://battle/geometry/battlefield_geometry.gd:585)
   GDScript backtrace (most recent call first):
       [0] get_obstacle_ids_at_point (res://battle/geometry/battlefield_geometry.gd:585)
       [1] get_movement_blocking_obstacle_id_at (res://battle/geometry/battlefield_geometry.gd:259)
       [2] _blocking_obstacle_at (res://battle/geometry/battle_spatial_service.gd:414)
       [3] resolve_translation (res://battle/geometry/battle_spatial_service.gd:65)
       [4] _advance_participant (res://battle/runtime/battle_movement_service.gd:103)
       [5] advance (res://battle/runtime/battle_movement_service.gd:52)
       [6] _advance_validated (res://battle/runtime/battle_runtime_service.gd:152)
       [7] advance (res://battle/runtime/battle_runtime_service.gd:28)
       [8] _process (res://gameplay/arsenal_review.gd:203)
SCRIPT ERROR: Trying to assign an array of type "Array" to a variable of type "Array[String]".
   at: BattlefieldGeometry.get_obstacle_ids_at_point (res://battle/geometry/battlefield_geometry.gd:585)
   GDScript backtrace (most recent call first):
       [0] get_obstacle_ids_at_point (res://battle/geometry/battlefield_geometry.gd:585)
       [1] get_obstacle_ids_in_rect (res://battle/geometry/battlefield_geometry.gd:599)
       [2] _resolve_legal_translation (res://battle/geometry/battle_spatial_service.gd:245)
       [3] resolve_translation (res://battle/geometry/battle_spatial_service.gd:95)
       [4] _advance_participant (res://battle/runtime/battle_movement_service.gd:103)
       [5] advance (res://battle/runtime/battle_movement_service.gd:52)
       [6] _advance_validated (res://battle/runtime/battle_runtime_service.gd:152)
       [7] advance (res://battle/runtime/battle_runtime_service.gd:28)
       [8] _process (res://gameplay/arsenal_review.gd:203)
SCRIPT ERROR: Trying to assign an array of type "Array" to a variable of type "Array[String]".
   at: BattlefieldGeometry.get_obstacle_ids_at_point (res://battle/geometry/battlefield_geometry.gd:585)
   GDScript backtrace (most recent call first):
       [0] get_obstacle_ids_at_point (res://battle/geometry/battlefield_geometry.gd:585)
       [1] get_movement_blocking_obstacle_id_at (res://battle/geometry/battlefield_geometry.gd:259)
       [2] _blocking_obstacle_at (res://battle/geometry/battle_spatial_service.gd:414)
       [3] _resolve_legal_translation (res://battle/geometry/battle_spatial_service.gd:294)
       [4] resolve_translation (res://battle/geometry/battle_spatial_service.gd:95)
       [5] _advance_participant (res://battle/runtime/battle_movement_service.gd:103)
       [6] advance (res://battle/runtime/battle_movement_service.gd:52)
       [7] _advance_validated (res://battle/runtime/battle_runtime_service.gd:152)
       [8] advance (res://battle/runtime/battle_runtime_service.gd:28)
       [9] _process (res://gameplay/arsenal_review.gd:203)
SCRIPT ERROR: Trying to assign an array of type "Array" to a variable of type "Array[String]".
   at: BattlefieldGeometry.get_obstacle_ids_at_point (res://battle/geometry/battlefield_geometry.gd:585)
   GDScript backtrace (most recent call first):
       [0] get_obstacle_ids_at_point (res://battle/geometry/battlefield_geometry.gd:585)
       [1] get_movement_blocking_obstacle_id_at (res://battle/geometry/battlefield_geometry.gd:259)
       [2] _blocking_obstacle_at (res://battle/geometry/battle_spatial_service.gd:414)
       [3] resolve_translation (res://battle/geometry/battle_spatial_service.gd:65)
       [4] _advance_participant (res://battle/runtime/battle_movement_service.gd:103)
       [5] advance (res://battle/runtime/battle_movement_service.gd:52)
       [6] _advance_validated (res://battle/runtime/battle_runtime_service.gd:152)
       [7] advance (res://battle/runtime/battle_runtime_service.gd:28)
       [8] _process (res://gameplay/arsenal_review.gd:203)
SCRIPT ERROR: Trying to assign an array of type "Array" to a variable of type "Array[String]".
   at: BattlefieldGeometry.get_obstacle_ids_at_point (res://battle/geometry/battlefield_geometry.gd:585)
   GDScript backtrace (most recent call first):
       [0] get_obstacle_ids_at_point (res://battle/geometry/battlefield_geometry.gd:585)
       [1] get_obstacle_ids_in_rect (res://battle/geometry/battlefield_geometry.gd:599)
       [2] _resolve_legal_translation (res://battle/geometry/battle_spatial_service.gd:245)
       [3] resolve_translation (res://battle/geometry/battle_spatial_service.gd:95)
       [4] _advance_participant (res://battle/runtime/battle_movement_service.gd:103)
       [5] advance (res://battle/runtime/battle_movement_service.gd:52)
       [6] _advance_validated (res://battle/runtime/battle_runtime_service.gd:152)
       [7] advance (res://battle/runtime/battle_runtime_service.gd:28)
       [8] _process (res://gameplay/arsenal_review.gd:203)
SCRIPT ERROR: Trying to assign an array of type "Array" to a variable of type "Array[String]".
   at: BattlefieldGeometry.get_obstacle_ids_at_point (res://battle/geometry/battlefield_geometry.gd:585)
   GDScript backtrace (most recent call first):
       [0] get_obstacle_ids_at_point (res://battle/geometry/battlefield_geometry.gd:585)
       [1] get_movement_blocking_obstacle_id_at (res://battle/geometry/battlefield_geometry.gd:259)
       [2] _blocking_obstacle_at (res://battle/geometry/battle_spatial_service.gd:414)
       [3] _resolve_legal_translation (res://battle/geometry/battle_spatial_service.gd:294)
       [4] resolve_translation (res://battle/geometry/battle_spatial_service.gd:95)
       [5] _advance_participant (res://battle/runtime/battle_movement_service.gd:103)
       [6] advance (res://battle/runtime/battle_movement_service.gd:52)
       [7] _advance_validated (res://battle/runtime/battle_runtime_service.gd:152)
       [8] advance (res://battle/runtime/battle_runtime_service.gd:28)
       [9] _process (res://gameplay/arsenal_review.gd:203)
SCRIPT ERROR: Trying to assign an array of type "Array" to a variable of type "Array[String]".
   at: BattlefieldGeometry.get_obstacle_ids_at_point (res://battle/geometry/battlefield_geometry.gd:585)
   GDScript backtrace (most recent call first):
       [0] get_obstacle_ids_at_point (res://battle/geometry/battlefield_geometry.gd:585)
       [1] get_movement_blocking_obstacle_id_at (res://battle/geometry/battlefield_geometry.gd:259)
       [2] _blocking_obstacle_at (res://battle/geometry/battle_spatial_service.gd:414)
       [3] resolve_translation (res://battle/geometry/battle_spatial_service.gd:65)
       [4] _advance_participant (res://battle/runtime/battle_movement_service.gd:103)
       [5] advance (res://battle/runtime/battle_movement_service.gd:52)
       [6] _advance_validated (res://battle/runtime/battle_runtime_service.gd:152)
       [7] advance (res://battle/runtime/battle_runtime_service.gd:28)
       [8] _process (res://gameplay/arsenal_review.gd:203)
SCRIPT ERROR: Trying to assign an array of type "Array" to a variable of type "Array[String]".
   at: BattlefieldGeometry.get_obstacle_ids_at_point (res://battle/geometry/battlefield_geometry.gd:585)
   GDScript backtrace (most recent call first):
       [0] get_obstacle_ids_at_point (res://battle/geometry/battlefield_geometry.gd:585)
       [1] get_obstacle_ids_in_rect (res://battle/geometry/battlefield_geometry.gd:599)
       [2] _resolve_legal_translation (res://battle/geometry/battle_spatial_service.gd:245)
       [3] resolve_translation (res://battle/geometry/battle_spatial_service.gd:95)
       [4] _advance_participant (res://battle/runtime/battle_movement_service.gd:103)
       [5] advance (res://battle/runtime/battle_movement_service.gd:52)
       [6] _advance_validated (res://battle/runtime/battle_runtime_service.gd:152)
       [7] advance (res://battle/runtime/battle_runtime_service.gd:28)
       [8] _process (res://gameplay/arsenal_review.gd:203)
SCRIPT ERROR: Trying to assign an array of type "Array" to a variable of type "Array[String]".
   at: BattlefieldGeometry.get_obstacle_ids_at_point (res://battle/geometry/battlefield_geometry.gd:585)
   GDScript backtrace (most recent call first):
       [0] get_obstacle_ids_at_point (res://battle/geometry/battlefield_geometry.gd:585)
       [1] get_movement_blocking_obstacle_id_at (res://battle/geometry/battlefield_geometry.gd:259)
       [2] _blocking_obstacle_at (res://battle/geometry/battle_spatial_service.gd:414)
       [3] _resolve_legal_translation (res://battle/geometry/battle_spatial_service.gd:294)
       [4] resolve_translation (res://battle/geometry/battle_spatial_service.gd:95)
       [5] _advance_participant (res://battle/runtime/battle_movement_service.gd:103)
       [6] advance (res://battle/runtime/battle_movement_service.gd:52)
       [7] _advance_validated (res://battle/runtime/battle_runtime_service.gd:152)
       [8] advance (res://battle/runtime/battle_runtime_service.gd:28)
       [9] _process (res://gameplay/arsenal_review.gd:203)
SCRIPT ERROR: Trying to assign an array of type "Array" to a variable of type "Array[String]".
   at: BattlefieldGeometry.get_obstacle_ids_at_point (res://battle/geometry/battlefield_geometry.gd:585)
   GDScript backtrace (most recent call first):
       [0] get_obstacle_ids_at_point (res://battle/geometry/battlefield_geometry.gd:585)
       [1] get_movement_blocking_obstacle_id_at (res://battle/geometry/battlefield_geometry.gd:259)
       [2] _blocking_obstacle_at (res://battle/geometry/battle_spatial_service.gd:414)
       [3] resolve_translation (res://battle/geometry/battle_spatial_service.gd:65)
       [4] _advance_participant (res://battle/runtime/battle_movement_service.gd:103)
       [5] advance (res://battle/runtime/battle_movement_service.gd:52)
       [6] _advance_validated (res://battle/runtime/battle_runtime_service.gd:152)
       [7] advance (res://battle/runtime/battle_runtime_service.gd:28)
       [8] _process (res://gameplay/arsenal_review.gd:203)
SCRIPT ERROR: Trying to assign an array of type "Array" to a variable of type "Array[String]".
   at: BattlefieldGeometry.get_obstacle_ids_at_point (res://battle/geometry/battlefield_geometry.gd:585)
   GDScript backtrace (most recent call first):
       [0] get_obstacle_ids_at_point (res://battle/geometry/battlefield_geometry.gd:585)
       [1] get_obstacle_ids_in_rect (res://battle/geometry/battlefield_geometry.gd:599)
       [2] _resolve_legal_translation (res://battle/geometry/battle_spatial_service.gd:245)
       [3] resolve_translation (res://battle/geometry/battle_spatial_service.gd:95)
       [4] _advance_participant (res://battle/runtime/battle_movement_service.gd:103)
       [5] advance (res://battle/runtime/battle_movement_service.gd:52)
       [6] _advance_validated (res://battle/runtime/battle_runtime_service.gd:152)
       [7] advance (res://battle/runtime/battle_runtime_service.gd:28)
       [8] _process (res://gameplay/arsenal_review.gd:203)
SCRIPT ERROR: Trying to assign an array of type "Array" to a variable of type "Array[String]".
   at: BattlefieldGeometry.get_obstacle_ids_at_point (res://battle/geometry/battlefield_geometry.gd:585)
   GDScript backtrace (most recent call first):
       [0] get_obstacle_ids_at_point (res://battle/geometry/battlefield_geometry.gd:585)
       [1] get_movement_blocking_obstacle_id_at (res://battle/geometry/battlefield_geometry.gd:259)
       [2] _blocking_obstacle_at (res://battle/geometry/battle_spatial_service.gd:414)
       [3] _resolve_legal_translation (res://battle/geometry/battle_spatial_service.gd:294)
       [4] resolve_translation (res://battle/geometry/battle_spatial_service.gd:95)
       [5] _advance_participant (res://battle/runtime/battle_movement_service.gd:103)
       [6] advance (res://battle/runtime/battle_movement_service.gd:52)
       [7] _advance_validated (res://battle/runtime/battle_runtime_service.gd:152)
       [8] advance (res://battle/runtime/battle_runtime_service.gd:28)
       [9] _process (res://gameplay/arsenal_review.gd:203)
SCRIPT ERROR: Trying to assign an array of type "Array" to a variable of type "Array[String]".
   at: BattlefieldGeometry.get_obstacle_ids_at_point (res://battle/geometry/battlefield_geometry.gd:585)
   GDScript backtrace (most recent call first):
       [0] get_obstacle_ids_at_point (res://battle/geometry/battlefield_geometry.gd:585)
       [1] get_movement_blocking_obstacle_id_at (res://battle/geometry/battlefield_geometry.gd:259)
       [2] _blocking_obstacle_at (res://battle/geometry/battle_spatial_service.gd:414)
       [3] resolve_translation (res://battle/geometry/battle_spatial_service.gd:65)
       [4] _advance_participant (res://battle/runtime/battle_movement_service.gd:103)
       [5] advance (res://battle/runtime/battle_movement_service.gd:52)
       [6] _advance_validated (res://battle/runtime/battle_runtime_service.gd:152)
       [7] advance (res://battle/runtime/battle_runtime_service.gd:28)
       [8] _process (res://gameplay/arsenal_review.gd:203)
SCRIPT ERROR: Trying to assign an array of type "Array" to a variable of type "Array[String]".
   at: BattlefieldGeometry.get_obstacle_ids_at_point (res://battle/geometry/battlefield_geometry.gd:585)
   GDScript backtrace (most recent call first):
       [0] get_obstacle_ids_at_point (res://battle/geometry/battlefield_geometry.gd:585)
       [1] get_obstacle_ids_in_rect (res://battle/geometry/battlefield_geometry.gd:599)
       [2] _resolve_legal_translation (res://battle/geometry/battle_spatial_service.gd:245)
       [3] resolve_translation (res://battle/geometry/battle_spatial_service.gd:95)
       [4] _advance_participant (res://battle/runtime/battle_movement_service.gd:103)
       [5] advance (res://battle/runtime/battle_movement_service.gd:52)
       [6] _advance_validated (res://battle/runtime/battle_runtime_service.gd:152)
       [7] advance (res://battle/runtime/battle_runtime_service.gd:28)
       [8] _process (res://gameplay/arsenal_review.gd:203)
SCRIPT ERROR: Trying to assign an array of type "Array" to a variable of type "Array[String]".
   at: BattlefieldGeometry.get_obstacle_ids_at_point (res://battle/geometry/battlefield_geometry.gd:585)
   GDScript backtrace (most recent call first):
       [0] get_obstacle_ids_at_point (res://battle/geometry/battlefield_geometry.gd:585)
       [1] get_movement_blocking_obstacle_id_at (res://battle/geometry/battlefield_geometry.gd:259)
       [2] _blocking_obstacle_at (res://battle/geometry/battle_spatial_service.gd:414)
       [3] _resolve_legal_translation (res://battle/geometry/battle_spatial_service.gd:294)
       [4] resolve_translation (res://battle/geometry/battle_spatial_service.gd:95)
       [5] _advance_participant (res://battle/runtime/battle_movement_service.gd:103)
       [6] advance (res://battle/runtime/battle_movement_service.gd:52)
       [7] _advance_validated (res://battle/runtime/battle_runtime_service.gd:152)
       [8] advance (res://battle/runtime/battle_runtime_service.gd:28)
       [9] _process (res://gameplay/arsenal_review.gd:203)
SCRIPT ERROR: Trying to assign an array of type "Array" to a variable of type "Array[String]".
   at: BattlefieldGeometry.get_obstacle_ids_at_point (res://battle/geometry/battlefield_geometry.gd:585)
   GDScript backtrace (most recent call first):
       [0] get_obstacle_ids_at_point (res://battle/geometry/battlefield_geometry.gd:585)
       [1] get_movement_blocking_obstacle_id_at (res://battle/geometry/battlefield_geometry.gd:259)
       [2] _blocking_obstacle_at (res://battle/geometry/battle_spatial_service.gd:414)
       [3] resolve_translation (res://battle/geometry/battle_spatial_service.gd:65)
       [4] _advance_participant (res://battle/runtime/battle_movement_service.gd:103)
       [5] advance (res://battle/runtime/battle_movement_service.gd:52)
       [6] _advance_validated (res://battle/runtime/battle_runtime_service.gd:152)
       [7] advance (res://battle/runtime/battle_runtime_service.gd:28)
       [8] _process (res://gameplay/arsenal_review.gd:203)
SCRIPT ERROR: Trying to assign an array of type "Array" to a variable of type "Array[String]".
   at: BattlefieldGeometry.get_obstacle_ids_at_point (res://battle/geometry/battlefield_geometry.gd:585)
   GDScript backtrace (most recent call first):
       [0] get_obstacle_ids_at_point (res://battle/geometry/battlefield_geometry.gd:585)
       [1] get_obstacle_ids_in_rect (res://battle/geometry/battlefield_geometry.gd:599)
       [2] _resolve_legal_translation (res://battle/geometry/battle_spatial_service.gd:245)
       [3] resolve_translation (res://battle/geometry/battle_spatial_service.gd:95)
       [4] _advance_participant (res://battle/runtime/battle_movement_service.gd:103)
       [5] advance (res://battle/runtime/battle_movement_service.gd:52)
       [6] _advance_validated (res://battle/runtime/battle_runtime_service.gd:152)
       [7] advance (res://battle/runtime/battle_runtime_service.gd:28)
       [8] _process (res://gameplay/arsenal_review.gd:203)
SCRIPT ERROR: Trying to assign an array of type "Array" to a variable of type "Array[String]".
   at: BattlefieldGeometry.get_obstacle_ids_at_point (res://battle/geometry/battlefield_geometry.gd:585)
   GDScript backtrace (most recent call first):
       [0] get_obstacle_ids_at_point (res://battle/geometry/battlefield_geometry.gd:585)
       [1] get_movement_blocking_obstacle_id_at (res://battle/geometry/battlefield_geometry.gd:259)
       [2] _blocking_obstacle_at (res://battle/geometry/battle_spatial_service.gd:414)
       [3] _resolve_legal_translation (res://battle/geometry/battle_spatial_service.gd:294)
       [4] resolve_translation (res://battle/geometry/battle_spatial_service.gd:95)
       [5] _advance_participant (res://battle/runtime/battle_movement_service.gd:103)
       [6] advance (res://battle/runtime/battle_movement_service.gd:52)
       [7] _advance_validated (res://battle/runtime/battle_runtime_service.gd:152)
       [8] advance (res://battle/runtime/battle_runtime_service.gd:28)
       [9] _process (res://gameplay/arsenal_review.gd:203)
SCRIPT ERROR: Trying to assign an array of type "Array" to a variable of type "Array[String]".
   at: BattlefieldGeometry.get_obstacle_ids_at_point (res://battle/geometry/battlefield_geometry.gd:585)
   GDScript backtrace (most recent call first):
       [0] get_obstacle_ids_at_point (res://battle/geometry/battlefield_geometry.gd:585)
       [1] get_movement_blocking_obstacle_id_at (res://battle/geometry/battlefield_geometry.gd:259)
       [2] _blocking_obstacle_at (res://battle/geometry/battle_spatial_service.gd:414)
       [3] resolve_translation (res://battle/geometry/battle_spatial_service.gd:65)
       [4] _advance_participant (res://battle/runtime/battle_movement_service.gd:103)
       [5] advance (res://battle/runtime/battle_movement_service.gd:52)
       [6] _advance_validated (res://battle/runtime/battle_runtime_service.gd:152)
       [7] advance (res://battle/runtime/battle_runtime_service.gd:28)
       [8] _process (res://gameplay/arsenal_review.gd:203)
SCRIPT ERROR: Trying to assign an array of type "Array" to a variable of type "Array[String]".
   at: BattlefieldGeometry.get_obstacle_ids_at_point (res://battle/geometry/battlefield_geometry.gd:585)
   GDScript backtrace (most recent call first):
       [0] get_obstacle_ids_at_point (res://battle/geometry/battlefield_geometry.gd:585)
       [1] get_obstacle_ids_in_rect (res://battle/geometry/battlefield_geometry.gd:599)
       [2] _resolve_legal_translation (res://battle/geometry/battle_spatial_service.gd:245)
       [3] resolve_translation (res://battle/geometry/battle_spatial_service.gd:95)
       [4] _advance_participant (res://battle/runtime/battle_movement_service.gd:103)
       [5] advance (res://battle/runtime/battle_movement_service.gd:52)
       [6] _advance_validated (res://battle/runtime/battle_runtime_service.gd:152)
       [7] advance (res://battle/runtime/battle_runtime_service.gd:28)
       [8] _process (res://gameplay/arsenal_review.gd:203)
SCRIPT ERROR: Trying to assign an array of type "Array" to a variable of type "Array[String]".
   at: BattlefieldGeometry.get_obstacle_ids_at_point (res://battle/geometry/battlefield_geometry.gd:585)
   GDScript backtrace (most recent call first):
       [0] get_obstacle_ids_at_point (res://battle/geometry/battlefield_geometry.gd:585)
       [1] get_movement_blocking_obstacle_id_at (res://battle/geometry/battlefield_geometry.gd:259)
       [2] _blocking_obstacle_at (res://battle/geometry/battle_spatial_service.gd:414)
       [3] _resolve_legal_translation (res://battle/geometry/battle_spatial_service.gd:294)
       [4] resolve_translation (res://battle/geometry/battle_spatial_service.gd:95)
       [5] _advance_participant (res://battle/runtime/battle_movement_service.gd:103)
       [6] advance (res://battle/runtime/battle_movement_service.gd:52)
       [7] _advance_validated (res://battle/runtime/battle_runtime_service.gd:152)
       [8] advance (res://battle/runtime/battle_runtime_service.gd:28)
       [9] _process (res://gameplay/arsenal_review.gd:203)
SCRIPT ERROR: Trying to assign an array of type "Array" to a variable of type "Array[String]".
   at: BattlefieldGeometry.get_obstacle_ids_at_point (res://battle/geometry/battlefield_geometry.gd:585)
   GDScript backtrace (most recent call first):
       [0] get_obstacle_ids_at_point (res://battle/geometry/battlefield_geometry.gd:585)
       [1] get_movement_blocking_obstacle_id_at (res://battle/geometry/battlefield_geometry.gd:259)
       [2] _blocking_obstacle_at (res://battle/geometry/battle_spatial_service.gd:414)
       [3] resolve_translation (res://battle/geometry/battle_spatial_service.gd:65)
       [4] _advance_participant (res://battle/runtime/battle_movement_service.gd:103)
       [5] advance (res://battle/runtime/battle_movement_service.gd:52)
       [6] _advance_validated (res://battle/runtime/battle_runtime_service.gd:152)
       [7] advance (res://battle/runtime/battle_runtime_service.gd:28)
       [8] _process (res://gameplay/arsenal_review.gd:203)
SCRIPT ERROR: Trying to assign an array of type "Array" to a variable of type "Array[String]".
   at: BattlefieldGeometry.get_obstacle_ids_at_point (res://battle/geometry/battlefield_geometry.gd:585)
   GDScript backtrace (most recent call first):
       [0] get_obstacle_ids_at_point (res://battle/geometry/battlefield_geometry.gd:585)
       [1] get_obstacle_ids_in_rect (res://battle/geometry/battlefield_geometry.gd:599)
       [2] _resolve_legal_translation (res://battle/geometry/battle_spatial_service.gd:245)
       [3] resolve_translation (res://battle/geometry/battle_spatial_service.gd:95)
       [4] _advance_participant (res://battle/runtime/battle_movement_service.gd:103)
       [5] advance (res://battle/runtime/battle_movement_service.gd:52)
       [6] _advance_validated (res://battle/runtime/battle_runtime_service.gd:152)
       [7] advance (res://battle/runtime/battle_runtime_service.gd:28)
       [8] _process (res://gameplay/arsenal_review.gd:203)
SCRIPT ERROR: Trying to assign an array of type "Array" to a variable of type "Array[String]".
   at: BattlefieldGeometry.get_obstacle_ids_at_point (res://battle/geometry/battlefield_geometry.gd:585)
   GDScript backtrace (most recent call first):
       [0] get_obstacle_ids_at_point (res://battle/geometry/battlefield_geometry.gd:585)
       [1] get_movement_blocking_obstacle_id_at (res://battle/geometry/battlefield_geometry.gd:259)
       [2] _blocking_obstacle_at (res://battle/geometry/battle_spatial_service.gd:414)
       [3] _resolve_legal_translation (res://battle/geometry/battle_spatial_service.gd:294)
       [4] resolve_translation (res://battle/geometry/battle_spatial_service.gd:95)
       [5] _advance_participant (res://battle/runtime/battle_movement_service.gd:103)
       [6] advance (res://battle/runtime/battle_movement_service.gd:52)
       [7] _advance_validated (res://battle/runtime/battle_runtime_service.gd:152)
       [8] advance (res://battle/runtime/battle_runtime_service.gd:28)
       [9] _process (res://gameplay/arsenal_review.gd:203)
SCRIPT ERROR: Trying to assign an array of type "Array" to a variable of type "Array[String]".
   at: BattlefieldGeometry.get_obstacle_ids_at_point (res://battle/geometry/battlefield_geometry.gd:585)
   GDScript backtrace (most recent call first):
       [0] get_obstacle_ids_at_point (res://battle/geometry/battlefield_geometry.gd:585)
       [1] get_movement_blocking_obstacle_id_at (res://battle/geometry/battlefield_geometry.gd:259)
       [2] _blocking_obstacle_at (res://battle/geometry/battle_spatial_service.gd:414)
       [3] resolve_translation (res://battle/geometry/battle_spatial_service.gd:65)
       [4] _advance_participant (res://battle/runtime/battle_movement_service.gd:103)
       [5] advance (res://battle/runtime/battle_movement_service.gd:52)
       [6] _advance_validated (res://battle/runtime/battle_runtime_service.gd:152)
       [7] advance (res://battle/runtime/battle_runtime_service.gd:28)
       [8] _process (res://gameplay/arsenal_review.gd:203)
SCRIPT ERROR: Trying to assign an array of type "Array" to a variable of type "Array[String]".
   at: BattlefieldGeometry.get_obstacle_ids_at_point (res://battle/geometry/battlefield_geometry.gd:585)
   GDScript backtrace (most recent call first):
       [0] get_obstacle_ids_at_point (res://battle/geometry/battlefield_geometry.gd:585)
       [1] get_obstacle_ids_in_rect (res://battle/geometry/battlefield_geometry.gd:599)
       [2] _resolve_legal_translation (res://battle/geometry/battle_spatial_service.gd:245)
       [3] resolve_translation (res://battle/geometry/battle_spatial_service.gd:95)
       [4] _advance_participant (res://battle/runtime/battle_movement_service.gd:103)
       [5] advance (res://battle/runtime/battle_movement_service.gd:52)
       [6] _advance_validated (res://battle/runtime/battle_runtime_service.gd:152)
       [7] advance (res://battle/runtime/battle_runtime_service.gd:28)
       [8] _process (res://gameplay/arsenal_review.gd:203)
SCRIPT ERROR: Trying to assign an array of type "Array" to a variable of type "Array[String]".
   at: BattlefieldGeometry.get_obstacle_ids_at_point (res://battle/geometry/battlefield_geometry.gd:585)
   GDScript backtrace (most recent call first):
       [0] get_obstacle_ids_at_point (res://battle/geometry/battlefield_geometry.gd:585)
       [1] get_movement_blocking_obstacle_id_at (res://battle/geometry/battlefield_geometry.gd:259)
       [2] _blocking_obstacle_at (res://battle/geometry/battle_spatial_service.gd:414)
       [3] _resolve_legal_translation (res://battle/geometry/battle_spatial_service.gd:294)
       [4] resolve_translation (res://battle/geometry/battle_spatial_service.gd:95)
       [5] _advance_participant (res://battle/runtime/battle_movement_service.gd:103)
       [6] advance (res://battle/runtime/battle_movement_service.gd:52)
       [7] _advance_validated (res://battle/runtime/battle_runtime_service.gd:152)
       [8] advance (res://battle/runtime/battle_runtime_service.gd:28)
       [9] _process (res://gameplay/arsenal_review.gd:203)
SCRIPT ERROR: Trying to assign an array of type "Array" to a variable of type "Array[String]".
   at: BattlefieldGeometry.get_obstacle_ids_at_point (res://battle/geometry/battlefield_geometry.gd:585)
   GDScript backtrace (most recent call first):
       [0] get_obstacle_ids_at_point (res://battle/geometry/battlefield_geometry.gd:585)
       [1] get_movement_blocking_obstacle_id_at (res://battle/geometry/battlefield_geometry.gd:259)
       [2] _blocking_obstacle_at (res://battle/geometry/battle_spatial_service.gd:414)
       [3] resolve_translation (res://battle/geometry/battle_spatial_service.gd:65)
       [4] _advance_participant (res://battle/runtime/battle_movement_service.gd:103)
       [5] advance (res://battle/runtime/battle_movement_service.gd:52)
       [6] _advance_validated (res://battle/runtime/battle_runtime_service.gd:152)
       [7] advance (res://battle/runtime/battle_runtime_service.gd:28)
       [8] _process (res://gameplay/arsenal_review.gd:203)
SCRIPT ERROR: Trying to assign an array of type "Array" to a variable of type "Array[String]".
   at: BattlefieldGeometry.get_obstacle_ids_at_point (res://battle/geometry/battlefield_geometry.gd:585)
   GDScript backtrace (most recent call first):
       [0] get_obstacle_ids_at_point (res://battle/geometry/battlefield_geometry.gd:585)
       [1] get_obstacle_ids_in_rect (res://battle/geometry/battlefield_geometry.gd:599)
       [2] _resolve_legal_translation (res://battle/geometry/battle_spatial_service.gd:245)
       [3] resolve_translation (res://battle/geometry/battle_spatial_service.gd:95)
       [4] _advance_participant (res://battle/runtime/battle_movement_service.gd:103)
       [5] advance (res://battle/runtime/battle_movement_service.gd:52)
       [6] _advance_validated (res://battle/runtime/battle_runtime_service.gd:152)
       [7] advance (res://battle/runtime/battle_runtime_service.gd:28)
       [8] _process (res://gameplay/arsenal_review.gd:203)
SCRIPT ERROR: Trying to assign an array of type "Array" to a variable of type "Array[String]".
   at: BattlefieldGeometry.get_obstacle_ids_at_point (res://battle/geometry/battlefield_geometry.gd:585)
   GDScript backtrace (most recent call first):
       [0] get_obstacle_ids_at_point (res://battle/geometry/battlefield_geometry.gd:585)
       [1] get_movement_blocking_obstacle_id_at (res://battle/geometry/battlefield_geometry.gd:259)
       [2] _blocking_obstacle_at (res://battle/geometry/battle_spatial_service.gd:414)
       [3] _resolve_legal_translation (res://battle/geometry/battle_spatial_service.gd:294)
       [4] resolve_translation (res://battle/geometry/battle_spatial_service.gd:95)
       [5] _advance_participant (res://battle/runtime/battle_movement_service.gd:103)
       [6] advance (res://battle/runtime/battle_movement_service.gd:52)
       [7] _advance_validated (res://battle/runtime/battle_runtime_service.gd:152)
       [8] advance (res://battle/runtime/battle_runtime_service.gd:28)
       [9] _process (res://gameplay/arsenal_review.gd:203)
SCRIPT ERROR: Trying to assign an array of type "Array" to a variable of type "Array[String]".
   at: BattlefieldGeometry.get_obstacle_ids_at_point (res://battle/geometry/battlefield_geometry.gd:585)
   GDScript backtrace (most recent call first):
       [0] get_obstacle_ids_at_point (res://battle/geometry/battlefield_geometry.gd:585)
       [1] get_movement_blocking_obstacle_id_at (res://battle/geometry/battlefield_geometry.gd:259)
       [2] _blocking_obstacle_at (res://battle/geometry/battle_spatial_service.gd:414)
       [3] resolve_translation (res://battle/geometry/battle_spatial_service.gd:65)
       [4] _advance_participant (res://battle/runtime/battle_movement_service.gd:103)
       [5] advance (res://battle/runtime/battle_movement_service.gd:52)
       [6] _advance_validated (res://battle/runtime/battle_runtime_service.gd:152)
       [7] advance (res://battle/runtime/battle_runtime_service.gd:28)
       [8] _process (res://gameplay/arsenal_review.gd:203)
SCRIPT ERROR: Trying to assign an array of type "Array" to a variable of type "Array[String]".
   at: BattlefieldGeometry.get_obstacle_ids_at_point (res://battle/geometry/battlefield_geometry.gd:585)
   GDScript backtrace (most recent call first):
       [0] get_obstacle_ids_at_point (res://battle/geometry/battlefield_geometry.gd:585)
       [1] get_obstacle_ids_in_rect (res://battle/geometry/battlefield_geometry.gd:599)
       [2] _resolve_legal_translation (res://battle/geometry/battle_spatial_service.gd:245)
       [3] resolve_translation (res://battle/geometry/battle_spatial_service.gd:95)
       [4] _advance_participant (res://battle/runtime/battle_movement_service.gd:103)
       [5] advance (res://battle/runtime/battle_movement_service.gd:52)
       [6] _advance_validated (res://battle/runtime/battle_runtime_service.gd:152)
       [7] advance (res://battle/runtime/battle_runtime_service.gd:28)
       [8] _process (res://gameplay/arsenal_review.gd:203)
SCRIPT ERROR: Trying to assign an array of type "Array" to a variable of type "Array[String]".
   at: BattlefieldGeometry.get_obstacle_ids_at_point (res://battle/geometry/battlefield_geometry.gd:585)
   GDScript backtrace (most recent call first):
       [0] get_obstacle_ids_at_point (res://battle/geometry/battlefield_geometry.gd:585)
       [1] get_movement_blocking_obstacle_id_at (res://battle/geometry/battlefield_geometry.gd:259)
       [2] _blocking_obstacle_at (res://battle/geometry/battle_spatial_service.gd:414)
       [3] _resolve_legal_translation (res://battle/geometry/battle_spatial_service.gd:294)
       [4] resolve_translation (res://battle/geometry/battle_spatial_service.gd:95)
       [5] _advance_participant (res://battle/runtime/battle_movement_service.gd:103)
       [6] advance (res://battle/runtime/battle_movement_service.gd:52)
       [7] _advance_validated (res://battle/runtime/battle_runtime_service.gd:152)
       [8] advance (res://battle/runtime/battle_runtime_service.gd:28)
       [9] _process (res://gameplay/arsenal_review.gd:203)
SCRIPT ERROR: Trying to assign an array of type "Array" to a variable of type "Array[String]".
   at: BattlefieldGeometry.get_obstacle_ids_at_point (res://battle/geometry/battlefield_geometry.gd:585)
   GDScript backtrace (most recent call first):
       [0] get_obstacle_ids_at_point (res://battle/geometry/battlefield_geometry.gd:585)
       [1] get_movement_blocking_obstacle_id_at (res://battle/geometry/battlefield_geometry.gd:259)
       [2] _blocking_obstacle_at (res://battle/geometry/battle_spatial_service.gd:414)
       [3] resolve_translation (res://battle/geometry/battle_spatial_service.gd:65)
       [4] _advance_participant (res://battle/runtime/battle_movement_service.gd:103)
       [5] advance (res://battle/runtime/battle_movement_service.gd:52)
       [6] _advance_validated (res://battle/runtime/battle_runtime_service.gd:152)
       [7] advance (res://battle/runtime/battle_runtime_service.gd:28)
       [8] _process (res://gameplay/arsenal_review.gd:203)
SCRIPT ERROR: Trying to assign an array of type "Array" to a variable of type "Array[String]".
   at: BattlefieldGeometry.get_obstacle_ids_at_point (res://battle/geometry/battlefield_geometry.gd:585)
   GDScript backtrace (most recent call first):
       [0] get_obstacle_ids_at_point (res://battle/geometry/battlefield_geometry.gd:585)
       [1] get_obstacle_ids_in_rect (res://battle/geometry/battlefield_geometry.gd:599)
       [2] _resolve_legal_translation (res://battle/geometry/battle_spatial_service.gd:245)
       [3] resolve_translation (res://battle/geometry/battle_spatial_service.gd:95)
       [4] _advance_participant (res://battle/runtime/battle_movement_service.gd:103)
       [5] advance (res://battle/runtime/battle_movement_service.gd:52)
       [6] _advance_validated (res://battle/runtime/battle_runtime_service.gd:152)
       [7] advance (res://battle/runtime/battle_runtime_service.gd:28)
       [8] _process (res://gameplay/arsenal_review.gd:203)
SCRIPT ERROR: Trying to assign an array of type "Array" to a variable of type "Array[String]".
   at: BattlefieldGeometry.get_obstacle_ids_at_point (res://battle/geometry/battlefield_geometry.gd:585)
   GDScript backtrace (most recent call first):
       [0] get_obstacle_ids_at_point (res://battle/geometry/battlefield_geometry.gd:585)
       [1] get_movement_blocking_obstacle_id_at (res://battle/geometry/battlefield_geometry.gd:259)
       [2] _blocking_obstacle_at (res://battle/geometry/battle_spatial_service.gd:414)
       [3] _resolve_legal_translation (res://battle/geometry/battle_spatial_service.gd:294)
       [4] resolve_translation (res://battle/geometry/battle_spatial_service.gd:95)
       [5] _advance_participant (res://battle/runtime/battle_movement_service.gd:103)
       [6] advance (res://battle/runtime/battle_movement_service.gd:52)
       [7] _advance_validated (res://battle/runtime/battle_runtime_service.gd:152)
       [8] advance (res://battle/runtime/battle_runtime_service.gd:28)
       [9] _process (res://gameplay/arsenal_review.gd:203)
SCRIPT ERROR: Trying to assign an array of type "Array" to a variable of type "Array[String]".
   at: BattlefieldGeometry.get_obstacle_ids_at_point (res://battle/geometry/battlefield_geometry.gd:585)
   GDScript backtrace (most recent call first):
       [0] get_obstacle_ids_at_point (res://battle/geometry/battlefield_geometry.gd:585)
       [1] get_movement_blocking_obstacle_id_at (res://battle/geometry/battlefield_geometry.gd:259)
       [2] _blocking_obstacle_at (res://battle/geometry/battle_spatial_service.gd:414)
       [3] resolve_translation (res://battle/geometry/battle_spatial_service.gd:65)
       [4] _advance_participant (res://battle/runtime/battle_movement_service.gd:103)
       [5] advance (res://battle/runtime/battle_movement_service.gd:52)
       [6] _advance_validated (res://battle/runtime/battle_runtime_service.gd:152)
       [7] advance (res://battle/runtime/battle_runtime_service.gd:28)
       [8] _process (res://gameplay/arsenal_review.gd:203)
SCRIPT ERROR: Trying to assign an array of type "Array" to a variable of type "Array[String]".
   at: BattlefieldGeometry.get_obstacle_ids_at_point (res://battle/geometry/battlefield_geometry.gd:585)
   GDScript backtrace (most recent call first):
       [0] get_obstacle_ids_at_point (res://battle/geometry/battlefield_geometry.gd:585)
       [1] get_obstacle_ids_in_rect (res://battle/geometry/battlefield_geometry.gd:599)
       [2] _resolve_legal_translation (res://battle/geometry/battle_spatial_service.gd:245)
       [3] resolve_translation (res://battle/geometry/battle_spatial_service.gd:95)
       [4] _advance_participant (res://battle/runtime/battle_movement_service.gd:103)
       [5] advance (res://battle/runtime/battle_movement_service.gd:52)
       [6] _advance_validated (res://battle/runtime/battle_runtime_service.gd:152)
       [7] advance (res://battle/runtime/battle_runtime_service.gd:28)
       [8] _process (res://gameplay/arsenal_review.gd:203)
SCRIPT ERROR: Trying to assign an array of type "Array" to a variable of type "Array[String]".
   at: BattlefieldGeometry.get_obstacle_ids_at_point (res://battle/geometry/battlefield_geometry.gd:585)
   GDScript backtrace (most recent call first):
       [0] get_obstacle_ids_at_point (res://battle/geometry/battlefield_geometry.gd:585)
       [1] get_movement_blocking_obstacle_id_at (res://battle/geometry/battlefield_geometry.gd:259)
       [2] _blocking_obstacle_at (res://battle/geometry/battle_spatial_service.gd:414)
       [3] _resolve_legal_translation (res://battle/geometry/battle_spatial_service.gd:294)
       [4] resolve_translation (res://battle/geometry/battle_spatial_service.gd:95)
       [5] _advance_participant (res://battle/runtime/battle_movement_service.gd:103)
       [6] advance (res://battle/runtime/battle_movement_service.gd:52)
       [7] _advance_validated (res://battle/runtime/battle_runtime_service.gd:152)
       [8] advance (res://battle/runtime/battle_runtime_service.gd:28)
       [9] _process (res://gameplay/arsenal_review.gd:203)
SCRIPT ERROR: Trying to assign an array of type "Array" to a variable of type "Array[String]".
   at: BattlefieldGeometry.get_obstacle_ids_at_point (res://battle/geometry/battlefield_geometry.gd:585)
   GDScript backtrace (most recent call first):
       [0] get_obstacle_ids_at_point (res://battle/geometry/battlefield_geometry.gd:585)
       [1] get_movement_blocking_obstacle_id_at (res://battle/geometry/battlefield_geometry.gd:259)
       [2] _blocking_obstacle_at (res://battle/geometry/battle_spatial_service.gd:414)
       [3] resolve_translation (res://battle/geometry/battle_spatial_service.gd:65)
       [4] _advance_participant (res://battle/runtime/battle_movement_service.gd:103)
       [5] advance (res://battle/runtime/battle_movement_service.gd:52)
       [6] _advance_validated (res://battle/runtime/battle_runtime_service.gd:152)
       [7] advance (res://battle/runtime/battle_runtime_service.gd:28)
       [8] _process (res://gameplay/arsenal_review.gd:203)
SCRIPT ERROR: Trying to assign an array of type "Array" to a variable of type "Array[String]".
   at: BattlefieldGeometry.get_obstacle_ids_at_point (res://battle/geometry/battlefield_geometry.gd:585)
   GDScript backtrace (most recent call first):
       [0] get_obstacle_ids_at_point (res://battle/geometry/battlefield_geometry.gd:585)
       [1] get_obstacle_ids_in_rect (res://battle/geometry/battlefield_geometry.gd:599)
       [2] _resolve_legal_translation (res://battle/geometry/battle_spatial_service.gd:245)
       [3] resolve_translation (res://battle/geometry/battle_spatial_service.gd:95)
       [4] _advance_participant (res://battle/runtime/battle_movement_service.gd:103)
       [5] advance (res://battle/runtime/battle_movement_service.gd:52)
       [6] _advance_validated (res://battle/runtime/battle_runtime_service.gd:152)
       [7] advance (res://battle/runtime/battle_runtime_service.gd:28)
       [8] _process (res://gameplay/arsenal_review.gd:203)
SCRIPT ERROR: Trying to assign an array of type "Array" to a variable of type "Array[String]".
   at: BattlefieldGeometry.get_obstacle_ids_at_point (res://battle/geometry/battlefield_geometry.gd:585)
   GDScript backtrace (most recent call first):
       [0] get_obstacle_ids_at_point (res://battle/geometry/battlefield_geometry.gd:585)
       [1] get_movement_blocking_obstacle_id_at (res://battle/geometry/battlefield_geometry.gd:259)
       [2] _blocking_obstacle_at (res://battle/geometry/battle_spatial_service.gd:414)
       [3] _resolve_legal_translation (res://battle/geometry/battle_spatial_service.gd:294)
       [4] resolve_translation (res://battle/geometry/battle_spatial_service.gd:95)
       [5] _advance_participant (res://battle/runtime/battle_movement_service.gd:103)
       [6] advance (res://battle/runtime/battle_movement_service.gd:52)
       [7] _advance_validated (res://battle/runtime/battle_runtime_service.gd:152)
       [8] advance (res://battle/runtime/battle_runtime_service.gd:28)
       [9] _process (res://gameplay/arsenal_review.gd:203)
SCRIPT ERROR: Trying to assign an array of type "Array" to a variable of type "Array[String]".
   at: BattlefieldGeometry.get_obstacle_ids_at_point (res://battle/geometry/battlefield_geometry.gd:585)
   GDScript backtrace (most recent call first):
       [0] get_obstacle_ids_at_point (res://battle/geometry/battlefield_geometry.gd:585)
       [1] get_movement_blocking_obstacle_id_at (res://battle/geometry/battlefield_geometry.gd:259)
       [2] _blocking_obstacle_at (res://battle/geometry/battle_spatial_service.gd:414)
       [3] resolve_translation (res://battle/geometry/battle_spatial_service.gd:65)
       [4] _advance_participant (res://battle/runtime/battle_movement_service.gd:103)
       [5] advance (res://battle/runtime/battle_movement_service.gd:52)
       [6] _advance_validated (res://battle/runtime/battle_runtime_service.gd:152)
       [7] advance (res://battle/runtime/battle_runtime_service.gd:28)
       [8] _process (res://gameplay/arsenal_review.gd:203)
SCRIPT ERROR: Trying to assign an array of type "Array" to a variable of type "Array[String]".
   at: BattlefieldGeometry.get_obstacle_ids_at_point (res://battle/geometry/battlefield_geometry.gd:585)
   GDScript backtrace (most recent call first):
       [0] get_obstacle_ids_at_point (res://battle/geometry/battlefield_geometry.gd:585)
       [1] get_obstacle_ids_in_rect (res://battle/geometry/battlefield_geometry.gd:599)
       [2] _resolve_legal_translation (res://battle/geometry/battle_spatial_service.gd:245)
       [3] resolve_translation (res://battle/geometry/battle_spatial_service.gd:95)
       [4] _advance_participant (res://battle/runtime/battle_movement_service.gd:103)
       [5] advance (res://battle/runtime/battle_movement_service.gd:52)
       [6] _advance_validated (res://battle/runtime/battle_runtime_service.gd:152)
       [7] advance (res://battle/runtime/battle_runtime_service.gd:28)
       [8] _process (res://gameplay/arsenal_review.gd:203)
SCRIPT ERROR: Trying to assign an array of type "Array" to a variable of type "Array[String]".
   at: BattlefieldGeometry.get_obstacle_ids_at_point (res://battle/geometry/battlefield_geometry.gd:585)
   GDScript backtrace (most recent call first):
       [0] get_obstacle_ids_at_point (res://battle/geometry/battlefield_geometry.gd:585)
       [1] get_movement_blocking_obstacle_id_at (res://battle/geometry/battlefield_geometry.gd:259)
       [2] _blocking_obstacle_at (res://battle/geometry/battle_spatial_service.gd:414)
       [3] _resolve_legal_translation (res://battle/geometry/battle_spatial_service.gd:294)
       [4] resolve_translation (res://battle/geometry/battle_spatial_service.gd:95)
       [5] _advance_participant (res://battle/runtime/battle_movement_service.gd:103)
       [6] advance (res://battle/runtime/battle_movement_service.gd:52)
       [7] _advance_validated (res://battle/runtime/battle_runtime_service.gd:152)
       [8] advance (res://battle/runtime/battle_runtime_service.gd:28)
       [9] _process (res://gameplay/arsenal_review.gd:203)
SCRIPT ERROR: Trying to assign an array of type "Array" to a variable of type "Array[String]".
   at: BattlefieldGeometry.get_obstacle_ids_at_point (res://battle/geometry/battlefield_geometry.gd:585)
   GDScript backtrace (most recent call first):
       [0] get_obstacle_ids_at_point (res://battle/geometry/battlefield_geometry.gd:585)
       [1] get_movement_blocking_obstacle_id_at (res://battle/geometry/battlefield_geometry.gd:259)
       [2] _blocking_obstacle_at (res://battle/geometry/battle_spatial_service.gd:414)
       [3] resolve_translation (res://battle/geometry/battle_spatial_service.gd:65)
       [4] _advance_participant (res://battle/runtime/battle_movement_service.gd:103)
       [5] advance (res://battle/runtime/battle_movement_service.gd:52)
       [6] _advance_validated (res://battle/runtime/battle_runtime_service.gd:152)
       [7] advance (res://battle/runtime/battle_runtime_service.gd:28)
       [8] _process (res://gameplay/arsenal_review.gd:203)
SCRIPT ERROR: Trying to assign an array of type "Array" to a variable of type "Array[String]".
   at: BattlefieldGeometry.get_obstacle_ids_at_point (res://battle/geometry/battlefield_geometry.gd:585)
   GDScript backtrace (most recent call first):
       [0] get_obstacle_ids_at_point (res://battle/geometry/battlefield_geometry.gd:585)
       [1] get_obstacle_ids_in_rect (res://battle/geometry/battlefield_geometry.gd:599)
       [2] _resolve_legal_translation (res://battle/geometry/battle_spatial_service.gd:245)
       [3] resolve_translation (res://battle/geometry/battle_spatial_service.gd:95)
       [4] _advance_participant (res://battle/runtime/battle_movement_service.gd:103)
       [5] advance (res://battle/runtime/battle_movement_service.gd:52)
       [6] _advance_validated (res://battle/runtime/battle_runtime_service.gd:152)
       [7] advance (res://battle/runtime/battle_runtime_service.gd:28)
       [8] _process (res://gameplay/arsenal_review.gd:203)
SCRIPT ERROR: Trying to assign an array of type "Array" to a variable of type "Array[String]".
   at: BattlefieldGeometry.get_obstacle_ids_at_point (res://battle/geometry/battlefield_geometry.gd:585)
   GDScript backtrace (most recent call first):
       [0] get_obstacle_ids_at_point (res://battle/geometry/battlefield_geometry.gd:585)
       [1] get_movement_blocking_obstacle_id_at (res://battle/geometry/battlefield_geometry.gd:259)
       [2] _blocking_obstacle_at (res://battle/geometry/battle_spatial_service.gd:414)
       [3] _resolve_legal_translation (res://battle/geometry/battle_spatial_service.gd:294)
       [4] resolve_translation (res://battle/geometry/battle_spatial_service.gd:95)
       [5] _advance_participant (res://battle/runtime/battle_movement_service.gd:103)
       [6] advance (res://battle/runtime/battle_movement_service.gd:52)
       [7] _advance_validated (res://battle/runtime/battle_runtime_service.gd:152)
       [8] advance (res://battle/runtime/battle_runtime_service.gd:28)
       [9] _process (res://gameplay/arsenal_review.gd:203)
SCRIPT ERROR: Trying to assign an array of type "Array" to a variable of type "Array[String]".
   at: BattlefieldGeometry.get_obstacle_ids_at_point (res://battle/geometry/battlefield_geometry.gd:585)
   GDScript backtrace (most recent call first):
       [0] get_obstacle_ids_at_point (res://battle/geometry/battlefield_geometry.gd:585)
       [1] get_movement_blocking_obstacle_id_at (res://battle/geometry/battlefield_geometry.gd:259)
       [2] _blocking_obstacle_at (res://battle/geometry/battle_spatial_service.gd:414)
       [3] resolve_translation (res://battle/geometry/battle_spatial_service.gd:65)
       [4] _advance_participant (res://battle/runtime/battle_movement_service.gd:103)
       [5] advance (res://battle/runtime/battle_movement_service.gd:52)
       [6] _advance_validated (res://battle/runtime/battle_runtime_service.gd:152)
       [7] advance (res://battle/runtime/battle_runtime_service.gd:28)
       [8] _process (res://gameplay/arsenal_review.gd:203)
SCRIPT ERROR: Trying to assign an array of type "Array" to a variable of type "Array[String]".
   at: BattlefieldGeometry.get_obstacle_ids_at_point (res://battle/geometry/battlefield_geometry.gd:585)
   GDScript backtrace (most recent call first):
       [0] get_obstacle_ids_at_point (res://battle/geometry/battlefield_geometry.gd:585)
       [1] get_obstacle_ids_in_rect (res://battle/geometry/battlefield_geometry.gd:599)
       [2] _resolve_legal_translation (res://battle/geometry/battle_spatial_service.gd:245)
       [3] resolve_translation (res://battle/geometry/battle_spatial_service.gd:95)
       [4] _advance_participant (res://battle/runtime/battle_movement_service.gd:103)
       [5] advance (res://battle/runtime/battle_movement_service.gd:52)
       [6] _advance_validated (res://battle/runtime/battle_runtime_service.gd:152)
       [7] advance (res://battle/runtime/battle_runtime_service.gd:28)
       [8] _process (res://gameplay/arsenal_review.gd:203)
SCRIPT ERROR: Trying to assign an array of type "Array" to a variable of type "Array[String]".
   at: BattlefieldGeometry.get_obstacle_ids_at_point (res://battle/geometry/battlefield_geometry.gd:585)
   GDScript backtrace (most recent call first):
       [0] get_obstacle_ids_at_point (res://battle/geometry/battlefield_geometry.gd:585)
       [1] get_movement_blocking_obstacle_id_at (res://battle/geometry/battlefield_geometry.gd:259)
       [2] _blocking_obstacle_at (res://battle/geometry/battle_spatial_service.gd:414)
       [3] _resolve_legal_translation (res://battle/geometry/battle_spatial_service.gd:294)
       [4] resolve_translation (res://battle/geometry/battle_spatial_service.gd:95)
       [5] _advance_participant (res://battle/runtime/battle_movement_service.gd:103)
       [6] advance (res://battle/runtime/battle_movement_service.gd:52)
       [7] _advance_validated (res://battle/runtime/battle_runtime_service.gd:152)
       [8] advance (res://battle/runtime/battle_runtime_service.gd:28)
       [9] _process (res://gameplay/arsenal_review.gd:203)
SCRIPT ERROR: Trying to assign an array of type "Array" to a variable of type "Array[String]".
   at: BattlefieldGeometry.get_obstacle_ids_at_point (res://battle/geometry/battlefield_geometry.gd:585)
   GDScript backtrace (most recent call first):
       [0] get_obstacle_ids_at_point (res://battle/geometry/battlefield_geometry.gd:585)
       [1] get_movement_blocking_obstacle_id_at (res://battle/geometry/battlefield_geometry.gd:259)
       [2] _blocking_obstacle_at (res://battle/geometry/battle_spatial_service.gd:414)
       [3] resolve_translation (res://battle/geometry/battle_spatial_service.gd:65)
       [4] _advance_participant (res://battle/runtime/battle_movement_service.gd:103)
       [5] advance (res://battle/runtime/battle_movement_service.gd:52)
       [6] _advance_validated (res://battle/runtime/battle_runtime_service.gd:152)
       [7] advance (res://battle/runtime/battle_runtime_service.gd:28)
       [8] _process (res://gameplay/arsenal_review.gd:203)
SCRIPT ERROR: Trying to assign an array of type "Array" to a variable of type "Array[String]".
   at: BattlefieldGeometry.get_obstacle_ids_at_point (res://battle/geometry/battlefield_geometry.gd:585)
   GDScript backtrace (most recent call first):
       [0] get_obstacle_ids_at_point (res://battle/geometry/battlefield_geometry.gd:585)
       [1] get_obstacle_ids_in_rect (res://battle/geometry/battlefield_geometry.gd:599)
       [2] _resolve_legal_translation (res://battle/geometry/battle_spatial_service.gd:245)
       [3] resolve_translation (res://battle/geometry/battle_spatial_service.gd:95)
       [4] _advance_participant (res://battle/runtime/battle_movement_service.gd:103)
       [5] advance (res://battle/runtime/battle_movement_service.gd:52)
       [6] _advance_validated (res://battle/runtime/battle_runtime_service.gd:152)
       [7] advance (res://battle/runtime/battle_runtime_service.gd:28)
       [8] _process (res://gameplay/arsenal_review.gd:203)
SCRIPT ERROR: Trying to assign an array of type "Array" to a variable of type "Array[String]".
   at: BattlefieldGeometry.get_obstacle_ids_at_point (res://battle/geometry/battlefield_geometry.gd:585)
   GDScript backtrace (most recent call first):
       [0] get_obstacle_ids_at_point (res://battle/geometry/battlefield_geometry.gd:585)
       [1] get_movement_blocking_obstacle_id_at (res://battle/geometry/battlefield_geometry.gd:259)
       [2] _blocking_obstacle_at (res://battle/geometry/battle_spatial_service.gd:414)
       [3] _resolve_legal_translation (res://battle/geometry/battle_spatial_service.gd:294)
       [4] resolve_translation (res://battle/geometry/battle_spatial_service.gd:95)
       [5] _advance_participant (res://battle/runtime/battle_movement_service.gd:103)
       [6] advance (res://battle/runtime/battle_movement_service.gd:52)
       [7] _advance_validated (res://battle/runtime/battle_runtime_service.gd:152)
       [8] advance (res://battle/runtime/battle_runtime_service.gd:28)
       [9] _process (res://gameplay/arsenal_review.gd:203)
SCRIPT ERROR: Trying to assign an array of type "Array" to a variable of type "Array[String]".
   at: BattlefieldGeometry.get_obstacle_ids_at_point (res://battle/geometry/battlefield_geometry.gd:585)
   GDScript backtrace (most recent call first):
       [0] get_obstacle_ids_at_point (res://battle/geometry/battlefield_geometry.gd:585)
       [1] get_movement_blocking_obstacle_id_at (res://battle/geometry/battlefield_geometry.gd:259)
       [2] _blocking_obstacle_at (res://battle/geometry/battle_spatial_service.gd:414)
       [3] resolve_translation (res://battle/geometry/battle_spatial_service.gd:65)
       [4] _advance_participant (res://battle/runtime/battle_movement_service.gd:103)
       [5] advance (res://battle/runtime/battle_movement_service.gd:52)
       [6] _advance_validated (res://battle/runtime/battle_runtime_service.gd:152)
       [7] advance (res://battle/runtime/battle_runtime_service.gd:28)
       [8] _process (res://gameplay/arsenal_review.gd:203)
SCRIPT ERROR: Trying to assign an array of type "Array" to a variable of type "Array[String]".
   at: BattlefieldGeometry.get_obstacle_ids_at_point (res://battle/geometry/battlefield_geometry.gd:585)
   GDScript backtrace (most recent call first):
       [0] get_obstacle_ids_at_point (res://battle/geometry/battlefield_geometry.gd:585)
       [1] get_obstacle_ids_in_rect (res://battle/geometry/battlefield_geometry.gd:599)
       [2] _resolve_legal_translation (res://battle/geometry/battle_spatial_service.gd:245)
       [3] resolve_translation (res://battle/geometry/battle_spatial_service.gd:95)
       [4] _advance_participant (res://battle/runtime/battle_movement_service.gd:103)
       [5] advance (res://battle/runtime/battle_movement_service.gd:52)
       [6] _advance_validated (res://battle/runtime/battle_runtime_service.gd:152)
       [7] advance (res://battle/runtime/battle_runtime_service.gd:28)
       [8] _process (res://gameplay/arsenal_review.gd:203)
SCRIPT ERROR: Trying to assign an array of type "Array" to a variable of type "Array[String]".
   at: BattlefieldGeometry.get_obstacle_ids_at_point (res://battle/geometry/battlefield_geometry.gd:585)
   GDScript backtrace (most recent call first):
       [0] get_obstacle_ids_at_point (res://battle/geometry/battlefield_geometry.gd:585)
       [1] get_movement_blocking_obstacle_id_at (res://battle/geometry/battlefield_geometry.gd:259)
       [2] _blocking_obstacle_at (res://battle/geometry/battle_spatial_service.gd:414)
       [3] _resolve_legal_translation (res://battle/geometry/battle_spatial_service.gd:294)
       [4] resolve_translation (res://battle/geometry/battle_spatial_service.gd:95)
       [5] _advance_participant (res://battle/runtime/battle_movement_service.gd:103)
       [6] advance (res://battle/runtime/battle_movement_service.gd:52)
       [7] _advance_validated (res://battle/runtime/battle_runtime_service.gd:152)
       [8] advance (res://battle/runtime/battle_runtime_service.gd:28)
       [9] _process (res://gameplay/arsenal_review.gd:203)
SCRIPT ERROR: Trying to assign an array of type "Array" to a variable of type "Array[String]".
   at: BattlefieldGeometry.get_obstacle_ids_at_point (res://battle/geometry/battlefield_geometry.gd:585)
   GDScript backtrace (most recent call first):
       [0] get_obstacle_ids_at_point (res://battle/geometry/battlefield_geometry.gd:585)
       [1] get_movement_blocking_obstacle_id_at (res://battle/geometry/battlefield_geometry.gd:259)
       [2] _blocking_obstacle_at (res://battle/geometry/battle_spatial_service.gd:414)
       [3] resolve_translation (res://battle/geometry/battle_spatial_service.gd:65)
       [4] _advance_participant (res://battle/runtime/battle_movement_service.gd:103)
       [5] advance (res://battle/runtime/battle_movement_service.gd:52)
       [6] _advance_validated (res://battle/runtime/battle_runtime_service.gd:152)
       [7] advance (res://battle/runtime/battle_runtime_service.gd:28)
       [8] _process (res://gameplay/arsenal_review.gd:203)
SCRIPT ERROR: Trying to assign an array of type "Array" to a variable of type "Array[String]".
   at: BattlefieldGeometry.get_obstacle_ids_at_point (res://battle/geometry/battlefield_geometry.gd:585)
   GDScript backtrace (most recent call first):
       [0] get_obstacle_ids_at_point (res://battle/geometry/battlefield_geometry.gd:585)
       [1] get_obstacle_ids_in_rect (res://battle/geometry/battlefield_geometry.gd:599)
       [2] _resolve_legal_translation (res://battle/geometry/battle_spatial_service.gd:245)
       [3] resolve_translation (res://battle/geometry/battle_spatial_service.gd:95)
       [4] _advance_participant (res://battle/runtime/battle_movement_service.gd:103)
       [5] advance (res://battle/runtime/battle_movement_service.gd:52)
       [6] _advance_validated (res://battle/runtime/battle_runtime_service.gd:152)
       [7] advance (res://battle/runtime/battle_runtime_service.gd:28)
       [8] _process (res://gameplay/arsenal_review.gd:203)
SCRIPT ERROR: Trying to assign an array of type "Array" to a variable of type "Array[String]".
   at: BattlefieldGeometry.get_obstacle_ids_at_point (res://battle/geometry/battlefield_geometry.gd:585)
   GDScript backtrace (most recent call first):
       [0] get_obstacle_ids_at_point (res://battle/geometry/battlefield_geometry.gd:585)
       [1] get_movement_blocking_obstacle_id_at (res://battle/geometry/battlefield_geometry.gd:259)
       [2] _blocking_obstacle_at (res://battle/geometry/battle_spatial_service.gd:414)
       [3] _resolve_legal_translation (res://battle/geometry/battle_spatial_service.gd:294)
       [4] resolve_translation (res://battle/geometry/battle_spatial_service.gd:95)
       [5] _advance_participant (res://battle/runtime/battle_movement_service.gd:103)
       [6] advance (res://battle/runtime/battle_movement_service.gd:52)
       [7] _advance_validated (res://battle/runtime/battle_runtime_service.gd:152)
       [8] advance (res://battle/runtime/battle_runtime_service.gd:28)
       [9] _process (res://gameplay/arsenal_review.gd:203)
SCRIPT ERROR: Trying to assign an array of type "Array" to a variable of type "Array[String]".
   at: BattlefieldGeometry.get_obstacle_ids_at_point (res://battle/geometry/battlefield_geometry.gd:585)
   GDScript backtrace (most recent call first):
       [0] get_obstacle_ids_at_point (res://battle/geometry/battlefield_geometry.gd:585)
       [1] get_movement_blocking_obstacle_id_at (res://battle/geometry/battlefield_geometry.gd:259)
       [2] _blocking_obstacle_at (res://battle/geometry/battle_spatial_service.gd:414)
       [3] resolve_translation (res://battle/geometry/battle_spatial_service.gd:65)
       [4] _advance_participant (res://battle/runtime/battle_movement_service.gd:103)
       [5] advance (res://battle/runtime/battle_movement_service.gd:52)
       [6] _advance_validated (res://battle/runtime/battle_runtime_service.gd:152)
       [7] advance (res://battle/runtime/battle_runtime_service.gd:28)
       [8] _process (res://gameplay/arsenal_review.gd:203)
SCRIPT ERROR: Trying to assign an array of type "Array" to a variable of type "Array[String]".
   at: BattlefieldGeometry.get_obstacle_ids_at_point (res://battle/geometry/battlefield_geometry.gd:585)
   GDScript backtrace (most recent call first):
       [0] get_obstacle_ids_at_point (res://battle/geometry/battlefield_geometry.gd:585)
       [1] get_obstacle_ids_in_rect (res://battle/geometry/battlefield_geometry.gd:599)
       [2] _resolve_legal_translation (res://battle/geometry/battle_spatial_service.gd:245)
       [3] resolve_translation (res://battle/geometry/battle_spatial_service.gd:95)
       [4] _advance_participant (res://battle/runtime/battle_movement_service.gd:103)
       [5] advance (res://battle/runtime/battle_movement_service.gd:52)
       [6] _advance_validated (res://battle/runtime/battle_runtime_service.gd:152)
       [7] advance (res://battle/runtime/battle_runtime_service.gd:28)
       [8] _process (res://gameplay/arsenal_review.gd:203)
SCRIPT ERROR: Trying to assign an array of type "Array" to a variable of type "Array[String]".
   at: BattlefieldGeometry.get_obstacle_ids_at_point (res://battle/geometry/battlefield_geometry.gd:585)
   GDScript backtrace (most recent call first):
       [0] get_obstacle_ids_at_point (res://battle/geometry/battlefield_geometry.gd:585)
       [1] get_movement_blocking_obstacle_id_at (res://battle/geometry/battlefield_geometry.gd:259)
       [2] _blocking_obstacle_at (res://battle/geometry/battle_spatial_service.gd:414)
       [3] _resolve_legal_translation (res://battle/geometry/battle_spatial_service.gd:294)
       [4] resolve_translation (res://battle/geometry/battle_spatial_service.gd:95)
       [5] _advance_participant (res://battle/runtime/battle_movement_service.gd:103)
       [6] advance (res://battle/runtime/battle_movement_service.gd:52)
       [7] _advance_validated (res://battle/runtime/battle_runtime_service.gd:152)
       [8] advance (res://battle/runtime/battle_runtime_service.gd:28)
       [9] _process (res://gameplay/arsenal_review.gd:203)
SCRIPT ERROR: Trying to assign an array of type "Array" to a variable of type "Array[String]".
   at: BattlefieldGeometry.get_obstacle_ids_at_point (res://battle/geometry/battlefield_geometry.gd:585)
   GDScript backtrace (most recent call first):
       [0] get_obstacle_ids_at_point (res://battle/geometry/battlefield_geometry.gd:585)
       [1] get_movement_blocking_obstacle_id_at (res://battle/geometry/battlefield_geometry.gd:259)
       [2] _blocking_obstacle_at (res://battle/geometry/battle_spatial_service.gd:414)
       [3] resolve_translation (res://battle/geometry/battle_spatial_service.gd:65)
       [4] _advance_participant (res://battle/runtime/battle_movement_service.gd:103)
       [5] advance (res://battle/runtime/battle_movement_service.gd:52)
       [6] _advance_validated (res://battle/runtime/battle_runtime_service.gd:152)
       [7] advance (res://battle/runtime/battle_runtime_service.gd:28)
       [8] _process (res://gameplay/arsenal_review.gd:203)
SCRIPT ERROR: Trying to assign an array of type "Array" to a variable of type "Array[String]".
   at: BattlefieldGeometry.get_obstacle_ids_at_point (res://battle/geometry/battlefield_geometry.gd:585)
   GDScript backtrace (most recent call first):
       [0] get_obstacle_ids_at_point (res://battle/geometry/battlefield_geometry.gd:585)
       [1] get_obstacle_ids_in_rect (res://battle/geometry/battlefield_geometry.gd:599)
       [2] _resolve_legal_translation (res://battle/geometry/battle_spatial_service.gd:245)
       [3] resolve_translation (res://battle/geometry/battle_spatial_service.gd:95)
       [4] _advance_participant (res://battle/runtime/battle_movement_service.gd:103)
       [5] advance (res://battle/runtime/battle_movement_service.gd:52)
       [6] _advance_validated (res://battle/runtime/battle_runtime_service.gd:152)
       [7] advance (res://battle/runtime/battle_runtime_service.gd:28)
       [8] _process (res://gameplay/arsenal_review.gd:203)
SCRIPT ERROR: Trying to assign an array of type "Array" to a variable of type "Array[String]".
   at: BattlefieldGeometry.get_obstacle_ids_at_point (res://battle/geometry/battlefield_geometry.gd:585)
   GDScript backtrace (most recent call first):
       [0] get_obstacle_ids_at_point (res://battle/geometry/battlefield_geometry.gd:585)
       [1] get_movement_blocking_obstacle_id_at (res://battle/geometry/battlefield_geometry.gd:259)
       [2] _blocking_obstacle_at (res://battle/geometry/battle_spatial_service.gd:414)
       [3] _resolve_legal_translation (res://battle/geometry/battle_spatial_service.gd:294)
       [4] resolve_translation (res://battle/geometry/battle_spatial_service.gd:95)
       [5] _advance_participant (res://battle/runtime/battle_movement_service.gd:103)
       [6] advance (res://battle/runtime/battle_movement_service.gd:52)
       [7] _advance_validated (res://battle/runtime/battle_runtime_service.gd:152)
       [8] advance (res://battle/runtime/battle_runtime_service.gd:28)
       [9] _process (res://gameplay/arsenal_review.gd:203)
SCRIPT ERROR: Trying to assign an array of type "Array" to a variable of type "Array[String]".
   at: BattlefieldGeometry.get_obstacle_ids_at_point (res://battle/geometry/battlefield_geometry.gd:585)
   GDScript backtrace (most recent call first):
       [0] get_obstacle_ids_at_point (res://battle/geometry/battlefield_geometry.gd:585)
       [1] get_movement_blocking_obstacle_id_at (res://battle/geometry/battlefield_geometry.gd:259)
       [2] _blocking_obstacle_at (res://battle/geometry/battle_spatial_service.gd:414)
       [3] resolve_translation (res://battle/geometry/battle_spatial_service.gd:65)
       [4] _advance_participant (res://battle/runtime/battle_movement_service.gd:103)
       [5] advance (res://battle/runtime/battle_movement_service.gd:52)
       [6] _advance_validated (res://battle/runtime/battle_runtime_service.gd:152)
       [7] advance (res://battle/runtime/battle_runtime_service.gd:28)
       [8] _process (res://gameplay/arsenal_review.gd:203)
SCRIPT ERROR: Trying to assign an array of type "Array" to a variable of type "Array[String]".
   at: BattlefieldGeometry.get_obstacle_ids_at_point (res://battle/geometry/battlefield_geometry.gd:585)
   GDScript backtrace (most recent call first):
       [0] get_obstacle_ids_at_point (res://battle/geometry/battlefield_geometry.gd:585)
       [1] get_obstacle_ids_in_rect (res://battle/geometry/battlefield_geometry.gd:599)
       [2] _resolve_legal_translation (res://battle/geometry/battle_spatial_service.gd:245)
       [3] resolve_translation (res://battle/geometry/battle_spatial_service.gd:95)
       [4] _advance_participant (res://battle/runtime/battle_movement_service.gd:103)
       [5] advance (res://battle/runtime/battle_movement_service.gd:52)
       [6] _advance_validated (res://battle/runtime/battle_runtime_service.gd:152)
       [7] advance (res://battle/runtime/battle_runtime_service.gd:28)
       [8] _process (res://gameplay/arsenal_review.gd:203)
SCRIPT ERROR: Trying to assign an array of type "Array" to a variable of type "Array[String]".
   at: BattlefieldGeometry.get_obstacle_ids_at_point (res://battle/geometry/battlefield_geometry.gd:585)
   GDScript backtrace (most recent call first):
       [0] get_obstacle_ids_at_point (res://battle/geometry/battlefield_geometry.gd:585)
       [1] get_movement_blocking_obstacle_id_at (res://battle/geometry/battlefield_geometry.gd:259)
       [2] _blocking_obstacle_at (res://battle/geometry/battle_spatial_service.gd:414)
       [3] _resolve_legal_translation (res://battle/geometry/battle_spatial_service.gd:294)
       [4] resolve_translation (res://battle/geometry/battle_spatial_service.gd:95)
       [5] _advance_participant (res://battle/runtime/battle_movement_service.gd:103)
       [6] advance (res://battle/runtime/battle_movement_service.gd:52)
       [7] _advance_validated (res://battle/runtime/battle_runtime_service.gd:152)
       [8] advance (res://battle/runtime/battle_runtime_service.gd:28)
       [9] _process (res://gameplay/arsenal_review.gd:203)
SCRIPT ERROR: Trying to assign an array of type "Array" to a variable of type "Array[String]".
   at: BattlefieldGeometry.get_obstacle_ids_at_point (res://battle/geometry/battlefield_geometry.gd:585)
   GDScript backtrace (most recent call first):
       [0] get_obstacle_ids_at_point (res://battle/geometry/battlefield_geometry.gd:585)
       [1] get_movement_blocking_obstacle_id_at (res://battle/geometry/battlefield_geometry.gd:259)
       [2] _blocking_obstacle_at (res://battle/geometry/battle_spatial_service.gd:414)
       [3] resolve_translation (res://battle/geometry/battle_spatial_service.gd:65)
       [4] _advance_participant (res://battle/runtime/battle_movement_service.gd:103)
       [5] advance (res://battle/runtime/battle_movement_service.gd:52)
       [6] _advance_validated (res://battle/runtime/battle_runtime_service.gd:152)
       [7] advance (res://battle/runtime/battle_runtime_service.gd:28)
       [8] _process (res://gameplay/arsenal_review.gd:203)
SCRIPT ERROR: Trying to assign an array of type "Array" to a variable of type "Array[String]".
   at: BattlefieldGeometry.get_obstacle_ids_at_point (res://battle/geometry/battlefield_geometry.gd:585)
   GDScript backtrace (most recent call first):
       [0] get_obstacle_ids_at_point (res://battle/geometry/battlefield_geometry.gd:585)
       [1] get_obstacle_ids_in_rect (res://battle/geometry/battlefield_geometry.gd:599)
       [2] _resolve_legal_translation (res://battle/geometry/battle_spatial_service.gd:245)
       [3] resolve_translation (res://battle/geometry/battle_spatial_service.gd:95)
       [4] _advance_participant (res://battle/runtime/battle_movement_service.gd:103)
       [5] advance (res://battle/runtime/battle_movement_service.gd:52)
       [6] _advance_validated (res://battle/runtime/battle_runtime_service.gd:152)
       [7] advance (res://battle/runtime/battle_runtime_service.gd:28)
       [8] _process (res://gameplay/arsenal_review.gd:203)
SCRIPT ERROR: Trying to assign an array of type "Array" to a variable of type "Array[String]".
   at: BattlefieldGeometry.get_obstacle_ids_at_point (res://battle/geometry/battlefield_geometry.gd:585)
   GDScript backtrace (most recent call first):
       [0] get_obstacle_ids_at_point (res://battle/geometry/battlefield_geometry.gd:585)
       [1] get_movement_blocking_obstacle_id_at (res://battle/geometry/battlefield_geometry.gd:259)
       [2] _blocking_obstacle_at (res://battle/geometry/battle_spatial_service.gd:414)
       [3] _resolve_legal_translation (res://battle/geometry/battle_spatial_service.gd:294)
       [4] resolve_translation (res://battle/geometry/battle_spatial_service.gd:95)
       [5] _advance_participant (res://battle/runtime/battle_movement_service.gd:103)
       [6] advance (res://battle/runtime/battle_movement_service.gd:52)
       [7] _advance_validated (res://battle/runtime/battle_runtime_service.gd:152)
       [8] advance (res://battle/runtime/battle_runtime_service.gd:28)
       [9] _process (res://gameplay/arsenal_review.gd:203)
SCRIPT ERROR: Trying to assign an array of type "Array" to a variable of type "Array[String]".
   at: BattlefieldGeometry.get_obstacle_ids_at_point (res://battle/geometry/battlefield_geometry.gd:585)
   GDScript backtrace (most recent call first):
       [0] get_obstacle_ids_at_point (res://battle/geometry/battlefield_geometry.gd:585)
       [1] get_movement_blocking_obstacle_id_at (res://battle/geometry/battlefield_geometry.gd:259)
       [2] _blocking_obstacle_at (res://battle/geometry/battle_spatial_service.gd:414)
       [3] resolve_translation (res://battle/geometry/battle_spatial_service.gd:65)
       [4] _advance_participant (res://battle/runtime/battle_movement_service.gd:103)
       [5] advance (res://battle/runtime/battle_movement_service.gd:52)
       [6] _advance_validated (res://battle/runtime/battle_runtime_service.gd:152)
       [7] advance (res://battle/runtime/battle_runtime_service.gd:28)
       [8] _process (res://gameplay/arsenal_review.gd:203)
SCRIPT ERROR: Trying to assign an array of type "Array" to a variable of type "Array[String]".
   at: BattlefieldGeometry.get_obstacle_ids_at_point (res://battle/geometry/battlefield_geometry.gd:585)
   GDScript backtrace (most recent call first):
       [0] get_obstacle_ids_at_point (res://battle/geometry/battlefield_geometry.gd:585)
       [1] get_obstacle_ids_in_rect (res://battle/geometry/battlefield_geometry.gd:599)
       [2] _resolve_legal_translation (res://battle/geometry/battle_spatial_service.gd:245)
       [3] resolve_translation (res://battle/geometry/battle_spatial_service.gd:95)
       [4] _advance_participant (res://battle/runtime/battle_movement_service.gd:103)
       [5] advance (res://battle/runtime/battle_movement_service.gd:52)
       [6] _advance_validated (res://battle/runtime/battle_runtime_service.gd:152)
       [7] advance (res://battle/runtime/battle_runtime_service.gd:28)
       [8] _process (res://gameplay/arsenal_review.gd:203)
SCRIPT ERROR: Trying to assign an array of type "Array" to a variable of type "Array[String]".
   at: BattlefieldGeometry.get_obstacle_ids_at_point (res://battle/geometry/battlefield_geometry.gd:585)
   GDScript backtrace (most recent call first):
       [0] get_obstacle_ids_at_point (res://battle/geometry/battlefield_geometry.gd:585)
       [1] get_movement_blocking_obstacle_id_at (res://battle/geometry/battlefield_geometry.gd:259)
       [2] _blocking_obstacle_at (res://battle/geometry/battle_spatial_service.gd:414)
       [3] _resolve_legal_translation (res://battle/geometry/battle_spatial_service.gd:294)
       [4] resolve_translation (res://battle/geometry/battle_spatial_service.gd:95)
       [5] _advance_participant (res://battle/runtime/battle_movement_service.gd:103)
       [6] advance (res://battle/runtime/battle_movement_service.gd:52)
       [7] _advance_validated (res://battle/runtime/battle_runtime_service.gd:152)
       [8] advance (res://battle/runtime/battle_runtime_service.gd:28)
       [9] _process (res://gameplay/arsenal_review.gd:203)
SCRIPT ERROR: Trying to assign an array of type "Array" to a variable of type "Array[String]".
   at: BattlefieldGeometry.get_obstacle_ids_at_point (res://battle/geometry/battlefield_geometry.gd:585)
   GDScript backtrace (most recent call first):
       [0] get_obstacle_ids_at_point (res://battle/geometry/battlefield_geometry.gd:585)
       [1] get_movement_blocking_obstacle_id_at (res://battle/geometry/battlefield_geometry.gd:259)
       [2] _blocking_obstacle_at (res://battle/geometry/battle_spatial_service.gd:414)
       [3] resolve_translation (res://battle/geometry/battle_spatial_service.gd:65)
       [4] _advance_participant (res://battle/runtime/battle_movement_service.gd:103)
       [5] advance (res://battle/runtime/battle_movement_service.gd:52)
       [6] _advance_validated (res://battle/runtime/battle_runtime_service.gd:152)
       [7] advance (res://battle/runtime/battle_runtime_service.gd:28)
       [8] _process (res://gameplay/arsenal_review.gd:203)
SCRIPT ERROR: Trying to assign an array of type "Array" to a variable of type "Array[String]".
   at: BattlefieldGeometry.get_obstacle_ids_at_point (res://battle/geometry/battlefield_geometry.gd:585)
   GDScript backtrace (most recent call first):
       [0] get_obstacle_ids_at_point (res://battle/geometry/battlefield_geometry.gd:585)
       [1] get_obstacle_ids_in_rect (res://battle/geometry/battlefield_geometry.gd:599)
       [2] _resolve_legal_translation (res://battle/geometry/battle_spatial_service.gd:245)
       [3] resolve_translation (res://battle/geometry/battle_spatial_service.gd:95)
       [4] _advance_participant (res://battle/runtime/battle_movement_service.gd:103)
       [5] advance (res://battle/runtime/battle_movement_service.gd:52)
       [6] _advance_validated (res://battle/runtime/battle_runtime_service.gd:152)
       [7] advance (res://battle/runtime/battle_runtime_service.gd:28)
       [8] _process (res://gameplay/arsenal_review.gd:203)
SCRIPT ERROR: Trying to assign an array of type "Array" to a variable of type "Array[String]".
   at: BattlefieldGeometry.get_obstacle_ids_at_point (res://battle/geometry/battlefield_geometry.gd:585)
   GDScript backtrace (most recent call first):
       [0] get_obstacle_ids_at_point (res://battle/geometry/battlefield_geometry.gd:585)
       [1] get_movement_blocking_obstacle_id_at (res://battle/geometry/battlefield_geometry.gd:259)
       [2] _blocking_obstacle_at (res://battle/geometry/battle_spatial_service.gd:414)
       [3] _resolve_legal_translation (res://battle/geometry/battle_spatial_service.gd:294)
       [4] resolve_translation (res://battle/geometry/battle_spatial_service.gd:95)
       [5] _advance_participant (res://battle/runtime/battle_movement_service.gd:103)
       [6] advance (res://battle/runtime/battle_movement_service.gd:52)
       [7] _advance_validated (res://battle/runtime/battle_runtime_service.gd:152)
       [8] advance (res://battle/runtime/battle_runtime_service.gd:28)
       [9] _process (res://gameplay/arsenal_review.gd:203)
SCRIPT ERROR: Trying to assign an array of type "Array" to a variable of type "Array[String]".
   at: BattlefieldGeometry.get_obstacle_ids_at_point (res://battle/geometry/battlefield_geometry.gd:585)
   GDScript backtrace (most recent call first):
       [0] get_obstacle_ids_at_point (res://battle/geometry/battlefield_geometry.gd:585)
       [1] get_movement_blocking_obstacle_id_at (res://battle/geometry/battlefield_geometry.gd:259)
       [2] _blocking_obstacle_at (res://battle/geometry/battle_spatial_service.gd:414)
       [3] resolve_translation (res://battle/geometry/battle_spatial_service.gd:65)
       [4] _advance_participant (res://battle/runtime/battle_movement_service.gd:103)
       [5] advance (res://battle/runtime/battle_movement_service.gd:52)
       [6] _advance_validated (res://battle/runtime/battle_runtime_service.gd:152)
       [7] advance (res://battle/runtime/battle_runtime_service.gd:28)
       [8] _process (res://gameplay/arsenal_review.gd:203)
SCRIPT ERROR: Trying to assign an array of type "Array" to a variable of type "Array[String]".
   at: BattlefieldGeometry.get_obstacle_ids_at_point (res://battle/geometry/battlefield_geometry.gd:585)
   GDScript backtrace (most recent call first):
       [0] get_obstacle_ids_at_point (res://battle/geometry/battlefield_geometry.gd:585)
       [1] get_obstacle_ids_in_rect (res://battle/geometry/battlefield_geometry.gd:599)
       [2] _resolve_legal_translation (res://battle/geometry/battle_spatial_service.gd:245)
       [3] resolve_translation (res://battle/geometry/battle_spatial_service.gd:95)
       [4] _advance_participant (res://battle/runtime/battle_movement_service.gd:103)
       [5] advance (res://battle/runtime/battle_movement_service.gd:52)
       [6] _advance_validated (res://battle/runtime/battle_runtime_service.gd:152)
       [7] advance (res://battle/runtime/battle_runtime_service.gd:28)
       [8] _process (res://gameplay/arsenal_review.gd:203)
SCRIPT ERROR: Trying to assign an array of type "Array" to a variable of type "Array[String]".
   at: BattlefieldGeometry.get_obstacle_ids_at_point (res://battle/geometry/battlefield_geometry.gd:585)
   GDScript backtrace (most recent call first):
       [0] get_obstacle_ids_at_point (res://battle/geometry/battlefield_geometry.gd:585)
       [1] get_movement_blocking_obstacle_id_at (res://battle/geometry/battlefield_geometry.gd:259)
       [2] _blocking_obstacle_at (res://battle/geometry/battle_spatial_service.gd:414)
       [3] _resolve_legal_translation (res://battle/geometry/battle_spatial_service.gd:294)
       [4] resolve_translation (res://battle/geometry/battle_spatial_service.gd:95)
       [5] _advance_participant (res://battle/runtime/battle_movement_service.gd:103)
       [6] advance (res://battle/runtime/battle_movement_service.gd:52)
       [7] _advance_validated (res://battle/runtime/battle_runtime_service.gd:152)
       [8] advance (res://battle/runtime/battle_runtime_service.gd:28)
       [9] _process (res://gameplay/arsenal_review.gd:203)
SCRIPT ERROR: Trying to assign an array of type "Array" to a variable of type "Array[String]".
   at: BattlefieldGeometry.get_obstacle_ids_at_point (res://battle/geometry/battlefield_geometry.gd:585)
   GDScript backtrace (most recent call first):
       [0] get_obstacle_ids_at_point (res://battle/geometry/battlefield_geometry.gd:585)
       [1] get_movement_blocking_obstacle_id_at (res://battle/geometry/battlefield_geometry.gd:259)
       [2] _blocking_obstacle_at (res://battle/geometry/battle_spatial_service.gd:414)
       [3] resolve_translation (res://battle/geometry/battle_spatial_service.gd:65)
       [4] _advance_participant (res://battle/runtime/battle_movement_service.gd:103)
       [5] advance (res://battle/runtime/battle_movement_service.gd:52)
       [6] _advance_validated (res://battle/runtime/battle_runtime_service.gd:152)
       [7] advance (res://battle/runtime/battle_runtime_service.gd:28)
       [8] _process (res://gameplay/arsenal_review.gd:203)
SCRIPT ERROR: Trying to assign an array of type "Array" to a variable of type "Array[String]".
   at: BattlefieldGeometry.get_obstacle_ids_at_point (res://battle/geometry/battlefield_geometry.gd:585)
   GDScript backtrace (most recent call first):
       [0] get_obstacle_ids_at_point (res://battle/geometry/battlefield_geometry.gd:585)
       [1] get_obstacle_ids_in_rect (res://battle/geometry/battlefield_geometry.gd:599)
       [2] _resolve_legal_translation (res://battle/geometry/battle_spatial_service.gd:245)
       [3] resolve_translation (res://battle/geometry/battle_spatial_service.gd:95)
       [4] _advance_participant (res://battle/runtime/battle_movement_service.gd:103)
       [5] advance (res://battle/runtime/battle_movement_service.gd:52)
       [6] _advance_validated (res://battle/runtime/battle_runtime_service.gd:152)
       [7] advance (res://battle/runtime/battle_runtime_service.gd:28)
       [8] _process (res://gameplay/arsenal_review.gd:203)
SCRIPT ERROR: Trying to assign an array of type "Array" to a variable of type "Array[String]".
   at: BattlefieldGeometry.get_obstacle_ids_at_point (res://battle/geometry/battlefield_geometry.gd:585)
   GDScript backtrace (most recent call first):
       [0] get_obstacle_ids_at_point (res://battle/geometry/battlefield_geometry.gd:585)
       [1] get_movement_blocking_obstacle_id_at (res://battle/geometry/battlefield_geometry.gd:259)
       [2] _blocking_obstacle_at (res://battle/geometry/battle_spatial_service.gd:414)
       [3] _resolve_legal_translation (res://battle/geometry/battle_spatial_service.gd:294)
       [4] resolve_translation (res://battle/geometry/battle_spatial_service.gd:95)
       [5] _advance_participant (res://battle/runtime/battle_movement_service.gd:103)
       [6] advance (res://battle/runtime/battle_movement_service.gd:52)
       [7] _advance_validated (res://battle/runtime/battle_runtime_service.gd:152)
       [8] advance (res://battle/runtime/battle_runtime_service.gd:28)
       [9] _process (res://gameplay/arsenal_review.gd:203)
SCRIPT ERROR: Trying to assign an array of type "Array" to a variable of type "Array[String]".
   at: BattlefieldGeometry.get_obstacle_ids_at_point (res://battle/geometry/battlefield_geometry.gd:585)
   GDScript backtrace (most recent call first):
       [0] get_obstacle_ids_at_point (res://battle/geometry/battlefield_geometry.gd:585)
       [1] get_movement_blocking_obstacle_id_at (res://battle/geometry/battlefield_geometry.gd:259)
       [2] _blocking_obstacle_at (res://battle/geometry/battle_spatial_service.gd:414)
       [3] resolve_translation (res://battle/geometry/battle_spatial_service.gd:65)
       [4] _advance_participant (res://battle/runtime/battle_movement_service.gd:103)
       [5] advance (res://battle/runtime/battle_movement_service.gd:52)
       [6] _advance_validated (res://battle/runtime/battle_runtime_service.gd:152)
       [7] advance (res://battle/runtime/battle_runtime_service.gd:28)
       [8] _process (res://gameplay/arsenal_review.gd:203)
SCRIPT ERROR: Trying to assign an array of type "Array" to a variable of type "Array[String]".
   at: BattlefieldGeometry.get_obstacle_ids_at_point (res://battle/geometry/battlefield_geometry.gd:585)
   GDScript backtrace (most recent call first):
       [0] get_obstacle_ids_at_point (res://battle/geometry/battlefield_geometry.gd:585)
       [1] get_obstacle_ids_in_rect (res://battle/geometry/battlefield_geometry.gd:599)
       [2] _resolve_legal_translation (res://battle/geometry/battle_spatial_service.gd:245)
       [3] resolve_translation (res://battle/geometry/battle_spatial_service.gd:95)
       [4] _advance_participant (res://battle/runtime/battle_movement_service.gd:103)
       [5] advance (res://battle/runtime/battle_movement_service.gd:52)
       [6] _advance_validated (res://battle/runtime/battle_runtime_service.gd:152)
       [7] advance (res://battle/runtime/battle_runtime_service.gd:28)
       [8] _process (res://gameplay/arsenal_review.gd:203)
SCRIPT ERROR: Trying to assign an array of type "Array" to a variable of type "Array[String]".
   at: BattlefieldGeometry.get_obstacle_ids_at_point (res://battle/geometry/battlefield_geometry.gd:585)
   GDScript backtrace (most recent call first):
       [0] get_obstacle_ids_at_point (res://battle/geometry/battlefield_geometry.gd:585)
       [1] get_movement_blocking_obstacle_id_at (res://battle/geometry/battlefield_geometry.gd:259)
       [2] _blocking_obstacle_at (res://battle/geometry/battle_spatial_service.gd:414)
       [3] _resolve_legal_translation (res://battle/geometry/battle_spatial_service.gd:294)
       [4] resolve_translation (res://battle/geometry/battle_spatial_service.gd:95)
       [5] _advance_participant (res://battle/runtime/battle_movement_service.gd:103)
       [6] advance (res://battle/runtime/battle_movement_service.gd:52)
       [7] _advance_validated (res://battle/runtime/battle_runtime_service.gd:152)
       [8] advance (res://battle/runtime/battle_runtime_service.gd:28)
       [9] _process (res://gameplay/arsenal_review.gd:203)
SCRIPT ERROR: Trying to assign an array of type "Array" to a variable of type "Array[String]".
   at: BattlefieldGeometry.get_obstacle_ids_at_point (res://battle/geometry/battlefield_geometry.gd:585)
   GDScript backtrace (most recent call first):
       [0] get_obstacle_ids_at_point (res://battle/geometry/battlefield_geometry.gd:585)
       [1] get_movement_blocking_obstacle_id_at (res://battle/geometry/battlefield_geometry.gd:259)
       [2] _blocking_obstacle_at (res://battle/geometry/battle_spatial_service.gd:414)
       [3] resolve_translation (res://battle/geometry/battle_spatial_service.gd:65)
       [4] _advance_participant (res://battle/runtime/battle_movement_service.gd:103)
       [5] advance (res://battle/runtime/battle_movement_service.gd:52)
       [6] _advance_validated (res://battle/runtime/battle_runtime_service.gd:152)
       [7] advance (res://battle/runtime/battle_runtime_service.gd:28)
       [8] _process (res://gameplay/arsenal_review.gd:203)
SCRIPT ERROR: Trying to assign an array of type "Array" to a variable of type "Array[String]".
   at: BattlefieldGeometry.get_obstacle_ids_at_point (res://battle/geometry/battlefield_geometry.gd:585)
   GDScript backtrace (most recent call first):
       [0] get_obstacle_ids_at_point (res://battle/geometry/battlefield_geometry.gd:585)
       [1] _is_valid_destination (res://battle/combat/battle_defend_position_service.gd:275)
       [2] _sample_is_legal (res://battle/combat/battle_defend_position_service.gd:214)
       [3] select_best_local_los_point (res://battle/combat/battle_defend_position_service.gd:117)
       [4] _update_defend_position_behavior (res://battle/combat/battle_combat_behavior_service.gd:531)
       [5] advance (res://battle/combat/battle_combat_behavior_service.gd:190)
       [6] _advance_validated (res://battle/runtime/battle_runtime_service.gd:116)
       [7] advance (res://battle/runtime/battle_runtime_service.gd:28)
       [8] _process (res://gameplay/arsenal_review.gd:203)
SCRIPT ERROR: Trying to assign an array of type "Array" to a variable of type "Array[String]".
   at: BattlefieldGeometry.get_obstacle_ids_at_point (res://battle/geometry/battlefield_geometry.gd:585)
   GDScript backtrace (most recent call first):
       [0] get_obstacle_ids_at_point (res://battle/geometry/battlefield_geometry.gd:585)
       [1] _is_valid_destination (res://battle/combat/battle_defend_position_service.gd:275)
       [2] _sample_is_legal (res://battle/combat/battle_defend_position_service.gd:214)
       [3] select_best_local_los_point (res://battle/combat/battle_defend_position_service.gd:117)
       [4] _update_defend_position_behavior (res://battle/combat/battle_combat_behavior_service.gd:531)
       [5] advance (res://battle/combat/battle_combat_behavior_service.gd:190)
       [6] _advance_validated (res://battle/runtime/battle_runtime_service.gd:116)
       [7] advance (res://battle/runtime/battle_runtime_service.gd:28)
       [8] _process (res://gameplay/arsenal_review.gd:203)
SCRIPT ERROR: Trying to assign an array of type "Array" to a variable of type "Array[String]".
   at: BattlefieldGeometry.get_obstacle_ids_at_point (res://battle/geometry/battlefield_geometry.gd:585)
   GDScript backtrace (most recent call first):
       [0] get_obstacle_ids_at_point (res://battle/geometry/battlefield_geometry.gd:585)
       [1] _is_valid_destination (res://battle/combat/battle_defend_position_service.gd:275)
       [2] _sample_is_legal (res://battle/combat/battle_defend_position_service.gd:214)
       [3] select_best_local_los_point (res://battle/combat/battle_defend_position_service.gd:117)
       [4] _update_defend_position_behavior (res://battle/combat/battle_combat_behavior_service.gd:531)
       [5] advance (res://battle/combat/battle_combat_behavior_service.gd:190)
       [6] _advance_validated (res://battle/runtime/battle_runtime_service.gd:116)
       [7] advance (res://battle/runtime/battle_runtime_service.gd:28)
       [8] _process (res://gameplay/arsenal_review.gd:203)
SCRIPT ERROR: Trying to assign an array of type "Array" to a variable of type "Array[String]".
   at: BattlefieldGeometry.get_obstacle_ids_at_point (res://battle/geometry/battlefield_geometry.gd:585)
   GDScript backtrace (most recent call first):
       [0] get_obstacle_ids_at_point (res://battle/geometry/battlefield_geometry.gd:585)
       [1] _is_valid_destination (res://battle/combat/battle_defend_position_service.gd:275)
       [2] _sample_is_legal (res://battle/combat/battle_defend_position_service.gd:214)
       [3] select_best_local_los_point (res://battle/combat/battle_defend_position_service.gd:117)
       [4] _update_defend_position_behavior (res://battle/combat/battle_combat_behavior_service.gd:531)
       [5] advance (res://battle/combat/battle_combat_behavior_service.gd:190)
       [6] _advance_validated (res://battle/runtime/battle_runtime_service.gd:116)
       [7] advance (res://battle/runtime/battle_runtime_service.gd:28)
       [8] _process (res://gameplay/arsenal_review.gd:203)
SCRIPT ERROR: Trying to assign an array of type "Array" to a variable of type "Array[String]".
   at: BattlefieldGeometry.get_obstacle_ids_at_point (res://battle/geometry/battlefield_geometry.gd:585)
   GDScript backtrace (most recent call first):
       [0] get_obstacle_ids_at_point (res://battle/geometry/battlefield_geometry.gd:585)
       [1] _is_valid_destination (res://battle/combat/battle_defend_position_service.gd:275)
       [2] _sample_is_legal (res://battle/combat/battle_defend_position_service.gd:214)
       [3] select_best_local_los_point (res://battle/combat/battle_defend_position_service.gd:117)
       [4] _update_defend_position_behavior (res://battle/combat/battle_combat_behavior_service.gd:531)
       [5] advance (res://battle/combat/battle_combat_behavior_service.gd:190)
       [6] _advance_validated (res://battle/runtime/battle_runtime_service.gd:116)
       [7] advance (res://battle/runtime/battle_runtime_service.gd:28)
       [8] _process (res://gameplay/arsenal_review.gd:203)
SCRIPT ERROR: Trying to assign an array of type "Array" to a variable of type "Array[String]".
   at: BattlefieldGeometry.get_obstacle_ids_at_point (res://battle/geometry/battlefield_geometry.gd:585)
   GDScript backtrace (most recent call first):
       [0] get_obstacle_ids_at_point (res://battle/geometry/battlefield_geometry.gd:585)
       [1] _is_valid_destination (res://battle/combat/battle_defend_position_service.gd:275)
       [2] _sample_is_legal (res://battle/combat/battle_defend_position_service.gd:214)
       [3] select_best_local_los_point (res://battle/combat/battle_defend_position_service.gd:117)
       [4] _update_defend_position_behavior (res://battle/combat/battle_combat_behavior_service.gd:531)
       [5] advance (res://battle/combat/battle_combat_behavior_service.gd:190)
       [6] _advance_validated (res://battle/runtime/battle_runtime_service.gd:116)
       [7] advance (res://battle/runtime/battle_runtime_service.gd:28)
       [8] _process (res://gameplay/arsenal_review.gd:203)
LIVE_WINDOW { "wall_seconds": 30.062438, "fps": 31.3896037632336, "sim_seconds": 29.8020994444445 }
LIVE_DONE {"damage":13.706,"fps":34.4603852923874,"late_paused_fps":60.4238523855257,"living":19,"max_frame_ms":231.069,"p95_frame_ms":43.441,"rendered":24,"sim_seconds":29.8020994444445,"units":24,"wall_seconds":30.063506,"windows":[{"fps":27.5672335861595,"sim_seconds":5.00783124242425,"wall_seconds":5.005943},{"fps":36.5285574473445,"sim_seconds":10.0166666666667,"wall_seconds":10.015722},{"fps":38.2388842849538,"sim_seconds":15.0249405757576,"wall_seconds":15.036789},{"fps":35.9331786609621,"sim_seconds":20.0456561818182,"wall_seconds":20.046087},{"fps":37.0909895816196,"sim_seconds":25.0333126666667,"wall_seconds":25.060782},{"fps":31.3896037632336,"sim_seconds":29.8020994444445,"wall_seconds":30.062438}]}
