Godot Engine v4.7.2.stable.official.ed1daf0bf - https://godotengine.org
D3D12 12_0 - Forward+ - Using Device #0: NVIDIA - NVIDIA GeForce GTX 1650 with Max-Q Design

GameplayRuntime: booted mode=campaign turn=1 player=player_gang pending=
GameplayRuntime: mode=campaign pending=
GameplayRuntime: after_turn force=debug_hq_force state=traveling_outbound campaign_pos=(7.59999990463257, 0.0) segment=0 into=7.6 pending=
GameplayRuntime: after_turn force=debug_hq_force state=traveling_outbound campaign_pos=(11.3999996185303, 0.0) segment=0 into=11.4 pending=
GameplayRuntime: after_turn force=debug_hq_force state=at_destination campaign_pos=(12.0, 0.0) segment=0 into=12.0 pending=debug_hq_assault
TacticalDeploymentController: auto-placed 2 attacker vehicle(s)
GameplayRuntime: mode=tactical_deployment pending=
TacticalDeploymentController: deployed sandbox_attacker_unit_01 to cover sandbox_transport_00__door_0_north slot sandbox_transport_00__door_0_north_cover
TacticalDeploymentController: deployed sandbox_attacker_unit_02 to cover sandbox_transport_00__door_0_south slot sandbox_transport_00__door_0_south_cover
TacticalDeploymentController: deployed sandbox_attacker_unit_03 to cover sandbox_transport_01__door_1_north slot sandbox_transport_01__door_1_north_cover
TacticalDeploymentController: deployed sandbox_attacker_unit_04 to cover sandbox_transport_01__door_1_south slot sandbox_transport_01__door_1_south_cover
TacticalDeploymentController: deployed sandbox_attacker_unit_05 to cover cover_traffic_1_0 slot cover_traffic_1_0_2
TacticalDeploymentController: deployed sandbox_attacker_unit_06 to cover cover_traffic_2_0 slot cover_traffic_2_0_3
TacticalDeploymentController: deployed sandbox_attacker_unit_07 to cover cover_traffic_3_0 slot cover_traffic_3_0_3
TacticalDeploymentController: deployed sandbox_attacker_unit_08 to cover sandbox_transport_00__body_cover slot sandbox_transport_00__body_cover__front
TacticalDeploymentController: attacker side attacker committed
SCRIPT ERROR: Trying to assign an array of type "Array" to a variable of type "Array[String]".
   at: BattlefieldGeometry.get_obstacle_ids_at_point (res://battle/geometry/battlefield_geometry.gd:585)
   GDScript backtrace (most recent call first):
       [0] get_obstacle_ids_at_point (res://battle/geometry/battlefield_geometry.gd:585)
       [1] get_movement_blocking_obstacle_id_at (res://battle/geometry/battlefield_geometry.gd:259)
       [2] get_deployment_position_error (res://battle/core/battle_state.gd:573)
       [3] _generate_legal_candidates (res://battle/ai/battle_deployment_planner.gd:392)
       [4] _plan_side_deployment (res://battle/ai/battle_deployment_planner.gd:86)
       [5] plan_side_deployment (res://battle/ai/battle_deployment_planner.gd:42)
       [6] apply_and_commit_side (res://battle/ai/battle_deployment_ai_service.gd:33)
       [7] _invoke_standard_assault_defender_ai (res://gameplay/tactical_deployment_controller.gd:468)
       [8] try_commit_attacker (res://gameplay/tactical_deployment_controller.gd:358)
       [9] setup_flexible (res://gameplay/arsenal_battle_fixture.gd:166)
       [10] setup (res://gameplay/arsenal_battle_fixture.gd:18)
       [11] start_battle (res://gameplay/arsenal_review.gd:180)
SCRIPT ERROR: Trying to assign an array of type "Array" to a variable of type "Array[String]".
   at: BattlefieldGeometry.get_obstacle_ids_at_point (res://battle/geometry/battlefield_geometry.gd:585)
   GDScript backtrace (most recent call first):
       [0] get_obstacle_ids_at_point (res://battle/geometry/battlefield_geometry.gd:585)
       [1] get_movement_blocking_obstacle_id_at (res://battle/geometry/battlefield_geometry.gd:259)
       [2] get_deployment_position_error (res://battle/core/battle_state.gd:573)
       [3] _generate_legal_candidates (res://battle/ai/battle_deployment_planner.gd:392)
       [4] _plan_side_deployment (res://battle/ai/battle_deployment_planner.gd:86)
       [5] plan_side_deployment (res://battle/ai/battle_deployment_planner.gd:42)
       [6] apply_and_commit_side (res://battle/ai/battle_deployment_ai_service.gd:33)
       [7] _invoke_standard_assault_defender_ai (res://gameplay/tactical_deployment_controller.gd:468)
       [8] try_commit_attacker (res://gameplay/tactical_deployment_controller.gd:358)
       [9] setup_flexible (res://gameplay/arsenal_battle_fixture.gd:166)
       [10] setup (res://gameplay/arsenal_battle_fixture.gd:18)
       [11] start_battle (res://gameplay/arsenal_review.gd:180)
SCRIPT ERROR: Trying to assign an array of type "Array" to a variable of type "Array[String]".
   at: BattlefieldGeometry.get_obstacle_ids_at_point (res://battle/geometry/battlefield_geometry.gd:585)
   GDScript backtrace (most recent call first):
       [0] get_obstacle_ids_at_point (res://battle/geometry/battlefield_geometry.gd:585)
       [1] get_movement_blocking_obstacle_id_at (res://battle/geometry/battlefield_geometry.gd:259)
       [2] get_deployment_position_error (res://battle/core/battle_state.gd:573)
       [3] _generate_legal_candidates (res://battle/ai/battle_deployment_planner.gd:392)
       [4] _plan_side_deployment (res://battle/ai/battle_deployment_planner.gd:86)
       [5] plan_side_deployment (res://battle/ai/battle_deployment_planner.gd:42)
       [6] apply_and_commit_side (res://battle/ai/battle_deployment_ai_service.gd:33)
       [7] _invoke_standard_assault_defender_ai (res://gameplay/tactical_deployment_controller.gd:468)
       [8] try_commit_attacker (res://gameplay/tactical_deployment_controller.gd:358)
       [9] setup_flexible (res://gameplay/arsenal_battle_fixture.gd:166)
       [10] setup (res://gameplay/arsenal_battle_fixture.gd:18)
       [11] start_battle (res://gameplay/arsenal_review.gd:180)
SCRIPT ERROR: Trying to assign an array of type "Array" to a variable of type "Array[String]".
   at: BattlefieldGeometry.get_obstacle_ids_at_point (res://battle/geometry/battlefield_geometry.gd:585)
   GDScript backtrace (most recent call first):
       [0] get_obstacle_ids_at_point (res://battle/geometry/battlefield_geometry.gd:585)
       [1] get_movement_blocking_obstacle_id_at (res://battle/geometry/battlefield_geometry.gd:259)
       [2] get_deployment_position_error (res://battle/core/battle_state.gd:573)
       [3] _generate_legal_candidates (res://battle/ai/battle_deployment_planner.gd:392)
       [4] _plan_side_deployment (res://battle/ai/battle_deployment_planner.gd:86)
       [5] plan_side_deployment (res://battle/ai/battle_deployment_planner.gd:42)
       [6] apply_and_commit_side (res://battle/ai/battle_deployment_ai_service.gd:33)
       [7] _invoke_standard_assault_defender_ai (res://gameplay/tactical_deployment_controller.gd:468)
       [8] try_commit_attacker (res://gameplay/tactical_deployment_controller.gd:358)
       [9] setup_flexible (res://gameplay/arsenal_battle_fixture.gd:166)
       [10] setup (res://gameplay/arsenal_battle_fixture.gd:18)
       [11] start_battle (res://gameplay/arsenal_review.gd:180)
SCRIPT ERROR: Trying to assign an array of type "Array" to a variable of type "Array[String]".
   at: BattlefieldGeometry.get_obstacle_ids_at_point (res://battle/geometry/battlefield_geometry.gd:585)
   GDScript backtrace (most recent call first):
       [0] get_obstacle_ids_at_point (res://battle/geometry/battlefield_geometry.gd:585)
       [1] get_movement_blocking_obstacle_id_at (res://battle/geometry/battlefield_geometry.gd:259)
       [2] get_deployment_position_error (res://battle/core/battle_state.gd:573)
       [3] _generate_legal_candidates (res://battle/ai/battle_deployment_planner.gd:392)
       [4] _plan_side_deployment (res://battle/ai/battle_deployment_planner.gd:86)
       [5] plan_side_deployment (res://battle/ai/battle_deployment_planner.gd:42)
       [6] apply_and_commit_side (res://battle/ai/battle_deployment_ai_service.gd:33)
       [7] _invoke_standard_assault_defender_ai (res://gameplay/tactical_deployment_controller.gd:468)
       [8] try_commit_attacker (res://gameplay/tactical_deployment_controller.gd:358)
       [9] setup_flexible (res://gameplay/arsenal_battle_fixture.gd:166)
       [10] setup (res://gameplay/arsenal_battle_fixture.gd:18)
       [11] start_battle (res://gameplay/arsenal_review.gd:180)
SCRIPT ERROR: Trying to assign an array of type "Array" to a variable of type "Array[String]".
   at: BattlefieldGeometry.get_obstacle_ids_at_point (res://battle/geometry/battlefield_geometry.gd:585)
   GDScript backtrace (most recent call first):
       [0] get_obstacle_ids_at_point (res://battle/geometry/battlefield_geometry.gd:585)
       [1] get_movement_blocking_obstacle_id_at (res://battle/geometry/battlefield_geometry.gd:259)
       [2] get_deployment_position_error (res://battle/core/battle_state.gd:573)
       [3] _generate_legal_candidates (res://battle/ai/battle_deployment_planner.gd:392)
       [4] _plan_side_deployment (res://battle/ai/battle_deployment_planner.gd:86)
       [5] plan_side_deployment (res://battle/ai/battle_deployment_planner.gd:42)
       [6] apply_and_commit_side (res://battle/ai/battle_deployment_ai_service.gd:33)
       [7] _invoke_standard_assault_defender_ai (res://gameplay/tactical_deployment_controller.gd:468)
       [8] try_commit_attacker (res://gameplay/tactical_deployment_controller.gd:358)
       [9] setup_flexible (res://gameplay/arsenal_battle_fixture.gd:166)
       [10] setup (res://gameplay/arsenal_battle_fixture.gd:18)
       [11] start_battle (res://gameplay/arsenal_review.gd:180)
SCRIPT ERROR: Trying to assign an array of type "Array" to a variable of type "Array[String]".
   at: BattlefieldGeometry.get_obstacle_ids_at_point (res://battle/geometry/battlefield_geometry.gd:585)
   GDScript backtrace (most recent call first):
       [0] get_obstacle_ids_at_point (res://battle/geometry/battlefield_geometry.gd:585)
       [1] get_movement_blocking_obstacle_id_at (res://battle/geometry/battlefield_geometry.gd:259)
       [2] get_deployment_position_error (res://battle/core/battle_state.gd:573)
       [3] _generate_legal_candidates (res://battle/ai/battle_deployment_planner.gd:392)
       [4] _plan_side_deployment (res://battle/ai/battle_deployment_planner.gd:86)
       [5] plan_side_deployment (res://battle/ai/battle_deployment_planner.gd:42)
       [6] apply_and_commit_side (res://battle/ai/battle_deployment_ai_service.gd:33)
       [7] _invoke_standard_assault_defender_ai (res://gameplay/tactical_deployment_controller.gd:468)
       [8] try_commit_attacker (res://gameplay/tactical_deployment_controller.gd:358)
       [9] setup_flexible (res://gameplay/arsenal_battle_fixture.gd:166)
       [10] setup (res://gameplay/arsenal_battle_fixture.gd:18)
       [11] start_battle (res://gameplay/arsenal_review.gd:180)
SCRIPT ERROR: Trying to assign an array of type "Array" to a variable of type "Array[String]".
   at: BattlefieldGeometry.get_obstacle_ids_at_point (res://battle/geometry/battlefield_geometry.gd:585)
   GDScript backtrace (most recent call first):
       [0] get_obstacle_ids_at_point (res://battle/geometry/battlefield_geometry.gd:585)
       [1] get_movement_blocking_obstacle_id_at (res://battle/geometry/battlefield_geometry.gd:259)
       [2] get_deployment_position_error (res://battle/core/battle_state.gd:573)
       [3] _generate_legal_candidates (res://battle/ai/battle_deployment_planner.gd:392)
       [4] _plan_side_deployment (res://battle/ai/battle_deployment_planner.gd:86)
       [5] plan_side_deployment (res://battle/ai/battle_deployment_planner.gd:42)
       [6] apply_and_commit_side (res://battle/ai/battle_deployment_ai_service.gd:33)
       [7] _invoke_standard_assault_defender_ai (res://gameplay/tactical_deployment_controller.gd:468)
       [8] try_commit_attacker (res://gameplay/tactical_deployment_controller.gd:358)
       [9] setup_flexible (res://gameplay/arsenal_battle_fixture.gd:166)
       [10] setup (res://gameplay/arsenal_battle_fixture.gd:18)
       [11] start_battle (res://gameplay/arsenal_review.gd:180)
SCRIPT ERROR: Trying to assign an array of type "Array" to a variable of type "Array[String]".
   at: BattlefieldGeometry.get_obstacle_ids_at_point (res://battle/geometry/battlefield_geometry.gd:585)
   GDScript backtrace (most recent call first):
       [0] get_obstacle_ids_at_point (res://battle/geometry/battlefield_geometry.gd:585)
       [1] get_movement_blocking_obstacle_id_at (res://battle/geometry/battlefield_geometry.gd:259)
       [2] get_deployment_position_error (res://battle/core/battle_state.gd:573)
       [3] _generate_legal_candidates (res://battle/ai/battle_deployment_planner.gd:392)
       [4] _plan_side_deployment (res://battle/ai/battle_deployment_planner.gd:86)
       [5] plan_side_deployment (res://battle/ai/battle_deployment_planner.gd:42)
       [6] apply_and_commit_side (res://battle/ai/battle_deployment_ai_service.gd:33)
       [7] _invoke_standard_assault_defender_ai (res://gameplay/tactical_deployment_controller.gd:468)
       [8] try_commit_attacker (res://gameplay/tactical_deployment_controller.gd:358)
       [9] setup_flexible (res://gameplay/arsenal_battle_fixture.gd:166)
       [10] setup (res://gameplay/arsenal_battle_fixture.gd:18)
       [11] start_battle (res://gameplay/arsenal_review.gd:180)
SCRIPT ERROR: Trying to assign an array of type "Array" to a variable of type "Array[String]".
   at: BattlefieldGeometry.get_obstacle_ids_at_point (res://battle/geometry/battlefield_geometry.gd:585)
   GDScript backtrace (most recent call first):
       [0] get_obstacle_ids_at_point (res://battle/geometry/battlefield_geometry.gd:585)
       [1] get_movement_blocking_obstacle_id_at (res://battle/geometry/battlefield_geometry.gd:259)
       [2] get_deployment_position_error (res://battle/core/battle_state.gd:573)
       [3] _generate_legal_candidates (res://battle/ai/battle_deployment_planner.gd:392)
       [4] _plan_side_deployment (res://battle/ai/battle_deployment_planner.gd:86)
       [5] plan_side_deployment (res://battle/ai/battle_deployment_planner.gd:42)
       [6] apply_and_commit_side (res://battle/ai/battle_deployment_ai_service.gd:33)
       [7] _invoke_standard_assault_defender_ai (res://gameplay/tactical_deployment_controller.gd:468)
       [8] try_commit_attacker (res://gameplay/tactical_deployment_controller.gd:358)
       [9] setup_flexible (res://gameplay/arsenal_battle_fixture.gd:166)
       [10] setup (res://gameplay/arsenal_battle_fixture.gd:18)
       [11] start_battle (res://gameplay/arsenal_review.gd:180)
SCRIPT ERROR: Trying to assign an array of type "Array" to a variable of type "Array[String]".
   at: BattlefieldGeometry.get_obstacle_ids_at_point (res://battle/geometry/battlefield_geometry.gd:585)
   GDScript backtrace (most recent call first):
       [0] get_obstacle_ids_at_point (res://battle/geometry/battlefield_geometry.gd:585)
       [1] get_movement_blocking_obstacle_id_at (res://battle/geometry/battlefield_geometry.gd:259)
       [2] get_deployment_position_error (res://battle/core/battle_state.gd:573)
       [3] _generate_legal_candidates (res://battle/ai/battle_deployment_planner.gd:392)
       [4] _plan_side_deployment (res://battle/ai/battle_deployment_planner.gd:86)
       [5] plan_side_deployment (res://battle/ai/battle_deployment_planner.gd:42)
       [6] apply_and_commit_side (res://battle/ai/battle_deployment_ai_service.gd:33)
       [7] _invoke_standard_assault_defender_ai (res://gameplay/tactical_deployment_controller.gd:468)
       [8] try_commit_attacker (res://gameplay/tactical_deployment_controller.gd:358)
       [9] setup_flexible (res://gameplay/arsenal_battle_fixture.gd:166)
       [10] setup (res://gameplay/arsenal_battle_fixture.gd:18)
       [11] start_battle (res://gameplay/arsenal_review.gd:180)
SCRIPT ERROR: Trying to assign an array of type "Array" to a variable of type "Array[String]".
   at: BattlefieldGeometry.get_obstacle_ids_at_point (res://battle/geometry/battlefield_geometry.gd:585)
   GDScript backtrace (most recent call first):
       [0] get_obstacle_ids_at_point (res://battle/geometry/battlefield_geometry.gd:585)
       [1] get_movement_blocking_obstacle_id_at (res://battle/geometry/battlefield_geometry.gd:259)
       [2] get_deployment_position_error (res://battle/core/battle_state.gd:573)
       [3] _generate_legal_candidates (res://battle/ai/battle_deployment_planner.gd:392)
       [4] _plan_side_deployment (res://battle/ai/battle_deployment_planner.gd:86)
       [5] plan_side_deployment (res://battle/ai/battle_deployment_planner.gd:42)
       [6] apply_and_commit_side (res://battle/ai/battle_deployment_ai_service.gd:33)
       [7] _invoke_standard_assault_defender_ai (res://gameplay/tactical_deployment_controller.gd:468)
       [8] try_commit_attacker (res://gameplay/tactical_deployment_controller.gd:358)
       [9] setup_flexible (res://gameplay/arsenal_battle_fixture.gd:166)
       [10] setup (res://gameplay/arsenal_battle_fixture.gd:18)
       [11] start_battle (res://gameplay/arsenal_review.gd:180)
SCRIPT ERROR: Trying to assign an array of type "Array" to a variable of type "Array[String]".
   at: BattlefieldGeometry.get_obstacle_ids_at_point (res://battle/geometry/battlefield_geometry.gd:585)
   GDScript backtrace (most recent call first):
       [0] get_obstacle_ids_at_point (res://battle/geometry/battlefield_geometry.gd:585)
       [1] get_movement_blocking_obstacle_id_at (res://battle/geometry/battlefield_geometry.gd:259)
       [2] get_deployment_position_error (res://battle/core/battle_state.gd:573)
       [3] _generate_legal_candidates (res://battle/ai/battle_deployment_planner.gd:392)
       [4] _plan_side_deployment (res://battle/ai/battle_deployment_planner.gd:86)
       [5] plan_side_deployment (res://battle/ai/battle_deployment_planner.gd:42)
       [6] apply_and_commit_side (res://battle/ai/battle_deployment_ai_service.gd:33)
       [7] _invoke_standard_assault_defender_ai (res://gameplay/tactical_deployment_controller.gd:468)
       [8] try_commit_attacker (res://gameplay/tactical_deployment_controller.gd:358)
       [9] setup_flexible (res://gameplay/arsenal_battle_fixture.gd:166)
       [10] setup (res://gameplay/arsenal_battle_fixture.gd:18)
       [11] start_battle (res://gameplay/arsenal_review.gd:180)
SCRIPT ERROR: Trying to assign an array of type "Array" to a variable of type "Array[String]".
   at: BattlefieldGeometry.get_obstacle_ids_at_point (res://battle/geometry/battlefield_geometry.gd:585)
   GDScript backtrace (most recent call first):
       [0] get_obstacle_ids_at_point (res://battle/geometry/battlefield_geometry.gd:585)
       [1] get_movement_blocking_obstacle_id_at (res://battle/geometry/battlefield_geometry.gd:259)
       [2] get_deployment_position_error (res://battle/core/battle_state.gd:573)
       [3] _generate_legal_candidates (res://battle/ai/battle_deployment_planner.gd:392)
       [4] _plan_side_deployment (res://battle/ai/battle_deployment_planner.gd:86)
       [5] plan_side_deployment (res://battle/ai/battle_deployment_planner.gd:42)
       [6] apply_and_commit_side (res://battle/ai/battle_deployment_ai_service.gd:33)
       [7] _invoke_standard_assault_defender_ai (res://gameplay/tactical_deployment_controller.gd:468)
       [8] try_commit_attacker (res://gameplay/tactical_deployment_controller.gd:358)
       [9] setup_flexible (res://gameplay/arsenal_battle_fixture.gd:166)
       [10] setup (res://gameplay/arsenal_battle_fixture.gd:18)
       [11] start_battle (res://gameplay/arsenal_review.gd:180)
SCRIPT ERROR: Trying to assign an array of type "Array" to a variable of type "Array[String]".
   at: BattlefieldGeometry.get_obstacle_ids_at_point (res://battle/geometry/battlefield_geometry.gd:585)
   GDScript backtrace (most recent call first):
       [0] get_obstacle_ids_at_point (res://battle/geometry/battlefield_geometry.gd:585)
       [1] get_movement_blocking_obstacle_id_at (res://battle/geometry/battlefield_geometry.gd:259)
       [2] get_deployment_position_error (res://battle/core/battle_state.gd:573)
       [3] _generate_legal_candidates (res://battle/ai/battle_deployment_planner.gd:392)
       [4] _plan_side_deployment (res://battle/ai/battle_deployment_planner.gd:86)
       [5] plan_side_deployment (res://battle/ai/battle_deployment_planner.gd:42)
       [6] apply_and_commit_side (res://battle/ai/battle_deployment_ai_service.gd:33)
       [7] _invoke_standard_assault_defender_ai (res://gameplay/tactical_deployment_controller.gd:468)
       [8] try_commit_attacker (res://gameplay/tactical_deployment_controller.gd:358)
       [9] setup_flexible (res://gameplay/arsenal_battle_fixture.gd:166)
       [10] setup (res://gameplay/arsenal_battle_fixture.gd:18)
       [11] start_battle (res://gameplay/arsenal_review.gd:180)
SCRIPT ERROR: Trying to assign an array of type "Array" to a variable of type "Array[String]".
   at: BattlefieldGeometry.get_obstacle_ids_at_point (res://battle/geometry/battlefield_geometry.gd:585)
   GDScript backtrace (most recent call first):
       [0] get_obstacle_ids_at_point (res://battle/geometry/battlefield_geometry.gd:585)
       [1] get_movement_blocking_obstacle_id_at (res://battle/geometry/battlefield_geometry.gd:259)
       [2] get_deployment_position_error (res://battle/core/battle_state.gd:573)
       [3] _generate_legal_candidates (res://battle/ai/battle_deployment_planner.gd:392)
       [4] _plan_side_deployment (res://battle/ai/battle_deployment_planner.gd:86)
       [5] plan_side_deployment (res://battle/ai/battle_deployment_planner.gd:42)
       [6] apply_and_commit_side (res://battle/ai/battle_deployment_ai_service.gd:33)
       [7] _invoke_standard_assault_defender_ai (res://gameplay/tactical_deployment_controller.gd:468)
       [8] try_commit_attacker (res://gameplay/tactical_deployment_controller.gd:358)
       [9] setup_flexible (res://gameplay/arsenal_battle_fixture.gd:166)
       [10] setup (res://gameplay/arsenal_battle_fixture.gd:18)
       [11] start_battle (res://gameplay/arsenal_review.gd:180)
SCRIPT ERROR: Trying to assign an array of type "Array" to a variable of type "Array[String]".
   at: BattlefieldGeometry.get_obstacle_ids_at_point (res://battle/geometry/battlefield_geometry.gd:585)
   GDScript backtrace (most recent call first):
       [0] get_obstacle_ids_at_point (res://battle/geometry/battlefield_geometry.gd:585)
       [1] get_movement_blocking_obstacle_id_at (res://battle/geometry/battlefield_geometry.gd:259)
       [2] get_deployment_position_error (res://battle/core/battle_state.gd:573)
       [3] _generate_legal_candidates (res://battle/ai/battle_deployment_planner.gd:392)
       [4] _plan_side_deployment (res://battle/ai/battle_deployment_planner.gd:86)
       [5] plan_side_deployment (res://battle/ai/battle_deployment_planner.gd:42)
       [6] apply_and_commit_side (res://battle/ai/battle_deployment_ai_service.gd:33)
       [7] _invoke_standard_assault_defender_ai (res://gameplay/tactical_deployment_controller.gd:468)
       [8] try_commit_attacker (res://gameplay/tactical_deployment_controller.gd:358)
       [9] setup_flexible (res://gameplay/arsenal_battle_fixture.gd:166)
       [10] setup (res://gameplay/arsenal_battle_fixture.gd:18)
       [11] start_battle (res://gameplay/arsenal_review.gd:180)
SCRIPT ERROR: Trying to assign an array of type "Array" to a variable of type "Array[String]".
   at: BattlefieldGeometry.get_obstacle_ids_at_point (res://battle/geometry/battlefield_geometry.gd:585)
   GDScript backtrace (most recent call first):
       [0] get_obstacle_ids_at_point (res://battle/geometry/battlefield_geometry.gd:585)
       [1] get_movement_blocking_obstacle_id_at (res://battle/geometry/battlefield_geometry.gd:259)
       [2] get_deployment_position_error (res://battle/core/battle_state.gd:573)
       [3] _generate_legal_candidates (res://battle/ai/battle_deployment_planner.gd:392)
       [4] _plan_side_deployment (res://battle/ai/battle_deployment_planner.gd:86)
       [5] plan_side_deployment (res://battle/ai/battle_deployment_planner.gd:42)
       [6] apply_and_commit_side (res://battle/ai/battle_deployment_ai_service.gd:33)
       [7] _invoke_standard_assault_defender_ai (res://gameplay/tactical_deployment_controller.gd:468)
       [8] try_commit_attacker (res://gameplay/tactical_deployment_controller.gd:358)
       [9] setup_flexible (res://gameplay/arsenal_battle_fixture.gd:166)
       [10] setup (res://gameplay/arsenal_battle_fixture.gd:18)
       [11] start_battle (res://gameplay/arsenal_review.gd:180)
SCRIPT ERROR: Trying to assign an array of type "Array" to a variable of type "Array[String]".
   at: BattlefieldGeometry.get_obstacle_ids_at_point (res://battle/geometry/battlefield_geometry.gd:585)
   GDScript backtrace (most recent call first):
       [0] get_obstacle_ids_at_point (res://battle/geometry/battlefield_geometry.gd:585)
       [1] get_movement_blocking_obstacle_id_at (res://battle/geometry/battlefield_geometry.gd:259)
       [2] get_deployment_position_error (res://battle/core/battle_state.gd:573)
       [3] _generate_legal_candidates (res://battle/ai/battle_deployment_planner.gd:392)
       [4] _plan_side_deployment (res://battle/ai/battle_deployment_planner.gd:86)
       [5] plan_side_deployment (res://battle/ai/battle_deployment_planner.gd:42)
       [6] apply_and_commit_side (res://battle/ai/battle_deployment_ai_service.gd:33)
       [7] _invoke_standard_assault_defender_ai (res://gameplay/tactical_deployment_controller.gd:468)
       [8] try_commit_attacker (res://gameplay/tactical_deployment_controller.gd:358)
       [9] setup_flexible (res://gameplay/arsenal_battle_fixture.gd:166)
       [10] setup (res://gameplay/arsenal_battle_fixture.gd:18)
       [11] start_battle (res://gameplay/arsenal_review.gd:180)
SCRIPT ERROR: Trying to assign an array of type "Array" to a variable of type "Array[String]".
   at: BattlefieldGeometry.get_obstacle_ids_at_point (res://battle/geometry/battlefield_geometry.gd:585)
   GDScript backtrace (most recent call first):
       [0] get_obstacle_ids_at_point (res://battle/geometry/battlefield_geometry.gd:585)
       [1] get_movement_blocking_obstacle_id_at (res://battle/geometry/battlefield_geometry.gd:259)
       [2] get_deployment_position_error (res://battle/core/battle_state.gd:573)
       [3] _generate_legal_candidates (res://battle/ai/battle_deployment_planner.gd:392)
       [4] _plan_side_deployment (res://battle/ai/battle_deployment_planner.gd:86)
       [5] plan_side_deployment (res://battle/ai/battle_deployment_planner.gd:42)
       [6] apply_and_commit_side (res://battle/ai/battle_deployment_ai_service.gd:33)
       [7] _invoke_standard_assault_defender_ai (res://gameplay/tactical_deployment_controller.gd:468)
       [8] try_commit_attacker (res://gameplay/tactical_deployment_controller.gd:358)
       [9] setup_flexible (res://gameplay/arsenal_battle_fixture.gd:166)
       [10] setup (res://gameplay/arsenal_battle_fixture.gd:18)
       [11] start_battle (res://gameplay/arsenal_review.gd:180)
SCRIPT ERROR: Trying to assign an array of type "Array" to a variable of type "Array[String]".
   at: BattlefieldGeometry.get_obstacle_ids_at_point (res://battle/geometry/battlefield_geometry.gd:585)
   GDScript backtrace (most recent call first):
       [0] get_obstacle_ids_at_point (res://battle/geometry/battlefield_geometry.gd:585)
       [1] get_movement_blocking_obstacle_id_at (res://battle/geometry/battlefield_geometry.gd:259)
       [2] get_deployment_position_error (res://battle/core/battle_state.gd:573)
       [3] _generate_legal_candidates (res://battle/ai/battle_deployment_planner.gd:392)
       [4] _plan_side_deployment (res://battle/ai/battle_deployment_planner.gd:86)
       [5] plan_side_deployment (res://battle/ai/battle_deployment_planner.gd:42)
       [6] apply_and_commit_side (res://battle/ai/battle_deployment_ai_service.gd:33)
       [7] _invoke_standard_assault_defender_ai (res://gameplay/tactical_deployment_controller.gd:468)
       [8] try_commit_attacker (res://gameplay/tactical_deployment_controller.gd:358)
       [9] setup_flexible (res://gameplay/arsenal_battle_fixture.gd:166)
       [10] setup (res://gameplay/arsenal_battle_fixture.gd:18)
       [11] start_battle (res://gameplay/arsenal_review.gd:180)
SCRIPT ERROR: Trying to assign an array of type "Array" to a variable of type "Array[String]".
   at: BattlefieldGeometry.get_obstacle_ids_at_point (res://battle/geometry/battlefield_geometry.gd:585)
   GDScript backtrace (most recent call first):
       [0] get_obstacle_ids_at_point (res://battle/geometry/battlefield_geometry.gd:585)
       [1] get_movement_blocking_obstacle_id_at (res://battle/geometry/battlefield_geometry.gd:259)
       [2] get_deployment_position_error (res://battle/core/battle_state.gd:573)
       [3] _generate_legal_candidates (res://battle/ai/battle_deployment_planner.gd:392)
       [4] _plan_side_deployment (res://battle/ai/battle_deployment_planner.gd:86)
       [5] plan_side_deployment (res://battle/ai/battle_deployment_planner.gd:42)
       [6] apply_and_commit_side (res://battle/ai/battle_deployment_ai_service.gd:33)
       [7] _invoke_standard_assault_defender_ai (res://gameplay/tactical_deployment_controller.gd:468)
       [8] try_commit_attacker (res://gameplay/tactical_deployment_controller.gd:358)
       [9] setup_flexible (res://gameplay/arsenal_battle_fixture.gd:166)
       [10] setup (res://gameplay/arsenal_battle_fixture.gd:18)
       [11] start_battle (res://gameplay/arsenal_review.gd:180)
SCRIPT ERROR: Trying to assign an array of type "Array" to a variable of type "Array[String]".
   at: BattlefieldGeometry.get_obstacle_ids_at_point (res://battle/geometry/battlefield_geometry.gd:585)
   GDScript backtrace (most recent call first):
       [0] get_obstacle_ids_at_point (res://battle/geometry/battlefield_geometry.gd:585)
       [1] get_movement_blocking_obstacle_id_at (res://battle/geometry/battlefield_geometry.gd:259)
       [2] get_deployment_position_error (res://battle/core/battle_state.gd:573)
       [3] _generate_legal_candidates (res://battle/ai/battle_deployment_planner.gd:392)
       [4] _plan_side_deployment (res://battle/ai/battle_deployment_planner.gd:86)
       [5] plan_side_deployment (res://battle/ai/battle_deployment_planner.gd:42)
       [6] apply_and_commit_side (res://battle/ai/battle_deployment_ai_service.gd:33)
       [7] _invoke_standard_assault_defender_ai (res://gameplay/tactical_deployment_controller.gd:468)
       [8] try_commit_attacker (res://gameplay/tactical_deployment_controller.gd:358)
       [9] setup_flexible (res://gameplay/arsenal_battle_fixture.gd:166)
       [10] setup (res://gameplay/arsenal_battle_fixture.gd:18)
       [11] start_battle (res://gameplay/arsenal_review.gd:180)
SCRIPT ERROR: Trying to assign an array of type "Array" to a variable of type "Array[String]".
   at: BattlefieldGeometry.get_obstacle_ids_at_point (res://battle/geometry/battlefield_geometry.gd:585)
   GDScript backtrace (most recent call first):
       [0] get_obstacle_ids_at_point (res://battle/geometry/battlefield_geometry.gd:585)
       [1] get_movement_blocking_obstacle_id_at (res://battle/geometry/battlefield_geometry.gd:259)
       [2] get_deployment_position_error (res://battle/core/battle_state.gd:573)
       [3] _generate_legal_candidates (res://battle/ai/battle_deployment_planner.gd:392)
       [4] _plan_side_deployment (res://battle/ai/battle_deployment_planner.gd:86)
       [5] plan_side_deployment (res://battle/ai/battle_deployment_planner.gd:42)
       [6] apply_and_commit_side (res://battle/ai/battle_deployment_ai_service.gd:33)
       [7] _invoke_standard_assault_defender_ai (res://gameplay/tactical_deployment_controller.gd:468)
       [8] try_commit_attacker (res://gameplay/tactical_deployment_controller.gd:358)
       [9] setup_flexible (res://gameplay/arsenal_battle_fixture.gd:166)
       [10] setup (res://gameplay/arsenal_battle_fixture.gd:18)
       [11] start_battle (res://gameplay/arsenal_review.gd:180)
SCRIPT ERROR: Trying to assign an array of type "Array" to a variable of type "Array[String]".
   at: BattlefieldGeometry.get_obstacle_ids_at_point (res://battle/geometry/battlefield_geometry.gd:585)
   GDScript backtrace (most recent call first):
       [0] get_obstacle_ids_at_point (res://battle/geometry/battlefield_geometry.gd:585)
       [1] get_movement_blocking_obstacle_id_at (res://battle/geometry/battlefield_geometry.gd:259)
       [2] get_deployment_position_error (res://battle/core/battle_state.gd:573)
       [3] _generate_legal_candidates (res://battle/ai/battle_deployment_planner.gd:408)
       [4] _plan_side_deployment (res://battle/ai/battle_deployment_planner.gd:86)
       [5] plan_side_deployment (res://battle/ai/battle_deployment_planner.gd:42)
       [6] apply_and_commit_side (res://battle/ai/battle_deployment_ai_service.gd:33)
       [7] _invoke_standard_assault_defender_ai (res://gameplay/tactical_deployment_controller.gd:468)
       [8] try_commit_attacker (res://gameplay/tactical_deployment_controller.gd:358)
       [9] setup_flexible (res://gameplay/arsenal_battle_fixture.gd:166)
       [10] setup (res://gameplay/arsenal_battle_fixture.gd:18)
       [11] start_battle (res://gameplay/arsenal_review.gd:180)
SCRIPT ERROR: Trying to assign an array of type "Array" to a variable of type "Array[String]".
   at: BattlefieldGeometry.get_obstacle_ids_at_point (res://battle/geometry/battlefield_geometry.gd:585)
   GDScript backtrace (most recent call first):
       [0] get_obstacle_ids_at_point (res://battle/geometry/battlefield_geometry.gd:585)
       [1] get_movement_blocking_obstacle_id_at (res://battle/geometry/battlefield_geometry.gd:259)
       [2] get_deployment_position_error (res://battle/core/battle_state.gd:573)
       [3] _plan_side_deployment (res://battle/ai/battle_deployment_planner.gd:145)
       [4] plan_side_deployment (res://battle/ai/battle_deployment_planner.gd:42)
       [5] apply_and_commit_side (res://battle/ai/battle_deployment_ai_service.gd:33)
       [6] _invoke_standard_assault_defender_ai (res://gameplay/tactical_deployment_controller.gd:468)
       [7] try_commit_attacker (res://gameplay/tactical_deployment_controller.gd:358)
       [8] setup_flexible (res://gameplay/arsenal_battle_fixture.gd:166)
       [9] setup (res://gameplay/arsenal_battle_fixture.gd:18)
       [10] start_battle (res://gameplay/arsenal_review.gd:180)
TacticalDeploymentController: defender AI deployed and committed side defender posture=even
GameplayRuntime: mode=tactical_active pending=
SCRIPT ERROR: Trying to assign an array of type "Array" to a variable of type "Array[String]".
   at: BattlefieldGeometry.get_obstacle_ids_at_point (res://battle/geometry/battlefield_geometry.gd:585)
   GDScript backtrace (most recent call first):
       [0] get_obstacle_ids_at_point (res://battle/geometry/battlefield_geometry.gd:585)
       [1] get_movement_blocking_obstacle_id_at (res://battle/geometry/battlefield_geometry.gd:259)
       [2] _blocking_obstacle_at (res://battle/geometry/battle_spatial_service.gd:414)
       [3] _resolve_legal_translation (res://battle/geometry/battle_spatial_service.gd:294)
       [4] resolve_translation (res://battle/geometry/battle_spatial_service.gd:95)
       [5] _advance_participant (res://battle/runtime/battle_movement_service.gd:103)
       [6] advance (res://battle/runtime/battle_movement_service.gd:52)
       [7] _advance_validated (res://tools/bridge_map/profile_runtime.gd:163)
       [8] advance (res://tools/bridge_map/profile_runtime.gd:32)
       [9] run (res://tools/bridge_perf/benchmark.gd:25)
SCRIPT ERROR: Trying to assign an array of type "Array" to a variable of type "Array[String]".
   at: BattlefieldGeometry.get_obstacle_ids_at_point (res://battle/geometry/battlefield_geometry.gd:585)
   GDScript backtrace (most recent call first):
       [0] get_obstacle_ids_at_point (res://battle/geometry/battlefield_geometry.gd:585)
       [1] get_movement_blocking_obstacle_id_at (res://battle/geometry/battlefield_geometry.gd:259)
       [2] cover_hustle_multiplier (res://battle/runtime/battle_movement_service.gd:164)
       [3] _advance_participant (res://battle/runtime/battle_movement_service.gd:78)
       [4] advance (res://battle/runtime/battle_movement_service.gd:52)
       [5] _advance_validated (res://tools/bridge_map/profile_runtime.gd:163)
       [6] advance (res://tools/bridge_map/profile_runtime.gd:32)
       [7] run (res://tools/bridge_perf/benchmark.gd:25)
SCRIPT ERROR: Trying to assign an array of type "Array" to a variable of type "Array[String]".
   at: BattlefieldGeometry.get_obstacle_ids_at_point (res://battle/geometry/battlefield_geometry.gd:585)
   GDScript backtrace (most recent call first):
       [0] get_obstacle_ids_at_point (res://battle/geometry/battlefield_geometry.gd:585)
       [1] get_movement_blocking_obstacle_id_at (res://battle/geometry/battlefield_geometry.gd:259)
       [2] _blocking_obstacle_at (res://battle/geometry/battle_spatial_service.gd:414)
       [3] resolve_translation (res://battle/geometry/battle_spatial_service.gd:65)
       [4] _advance_participant (res://battle/runtime/battle_movement_service.gd:103)
       [5] advance (res://battle/runtime/battle_movement_service.gd:52)
       [6] _advance_validated (res://tools/bridge_map/profile_runtime.gd:163)
       [7] advance (res://tools/bridge_map/profile_runtime.gd:32)
       [8] run (res://tools/bridge_perf/benchmark.gd:25)
SCRIPT ERROR: Trying to assign an array of type "Array" to a variable of type "Array[String]".
   at: BattlefieldGeometry.get_obstacle_ids_at_point (res://battle/geometry/battlefield_geometry.gd:585)
   GDScript backtrace (most recent call first):
       [0] get_obstacle_ids_at_point (res://battle/geometry/battlefield_geometry.gd:585)
       [1] get_movement_blocking_obstacle_id_at (res://battle/geometry/battlefield_geometry.gd:259)
       [2] _blocking_obstacle_at (res://battle/geometry/battle_spatial_service.gd:414)
       [3] _resolve_legal_translation (res://battle/geometry/battle_spatial_service.gd:294)
       [4] resolve_translation (res://battle/geometry/battle_spatial_service.gd:95)
       [5] _advance_participant (res://battle/runtime/battle_movement_service.gd:103)
       [6] advance (res://battle/runtime/battle_movement_service.gd:52)
       [7] _advance_validated (res://tools/bridge_map/profile_runtime.gd:163)
       [8] advance (res://tools/bridge_map/profile_runtime.gd:32)
       [9] run (res://tools/bridge_perf/benchmark.gd:25)
SCRIPT ERROR: Trying to assign an array of type "Array" to a variable of type "Array[String]".
   at: BattlefieldGeometry.get_obstacle_ids_at_point (res://battle/geometry/battlefield_geometry.gd:585)
   GDScript backtrace (most recent call first):
       [0] get_obstacle_ids_at_point (res://battle/geometry/battlefield_geometry.gd:585)
       [1] get_movement_blocking_obstacle_id_at (res://battle/geometry/battlefield_geometry.gd:259)
       [2] cover_hustle_multiplier (res://battle/runtime/battle_movement_service.gd:164)
       [3] _advance_participant (res://battle/runtime/battle_movement_service.gd:78)
       [4] advance (res://battle/runtime/battle_movement_service.gd:52)
       [5] _advance_validated (res://tools/bridge_map/profile_runtime.gd:163)
       [6] advance (res://tools/bridge_map/profile_runtime.gd:32)
       [7] run (res://tools/bridge_perf/benchmark.gd:25)
SCRIPT ERROR: Trying to assign an array of type "Array" to a variable of type "Array[String]".
   at: BattlefieldGeometry.get_obstacle_ids_at_point (res://battle/geometry/battlefield_geometry.gd:585)
   GDScript backtrace (most recent call first):
       [0] get_obstacle_ids_at_point (res://battle/geometry/battlefield_geometry.gd:585)
       [1] get_movement_blocking_obstacle_id_at (res://battle/geometry/battlefield_geometry.gd:259)
       [2] _blocking_obstacle_at (res://battle/geometry/battle_spatial_service.gd:414)
       [3] resolve_translation (res://battle/geometry/battle_spatial_service.gd:65)
       [4] _advance_participant (res://battle/runtime/battle_movement_service.gd:103)
       [5] advance (res://battle/runtime/battle_movement_service.gd:52)
       [6] _advance_validated (res://tools/bridge_map/profile_runtime.gd:163)
       [7] advance (res://tools/bridge_map/profile_runtime.gd:32)
       [8] run (res://tools/bridge_perf/benchmark.gd:25)
SCRIPT ERROR: Trying to assign an array of type "Array" to a variable of type "Array[String]".
   at: BattlefieldGeometry.get_obstacle_ids_at_point (res://battle/geometry/battlefield_geometry.gd:585)
   GDScript backtrace (most recent call first):
       [0] get_obstacle_ids_at_point (res://battle/geometry/battlefield_geometry.gd:585)
       [1] get_movement_blocking_obstacle_id_at (res://battle/geometry/battlefield_geometry.gd:259)
       [2] _blocking_obstacle_at (res://battle/geometry/battle_spatial_service.gd:414)
       [3] _resolve_legal_translation (res://battle/geometry/battle_spatial_service.gd:294)
       [4] resolve_translation (res://battle/geometry/battle_spatial_service.gd:95)
       [5] _advance_participant (res://battle/runtime/battle_movement_service.gd:103)
       [6] advance (res://battle/runtime/battle_movement_service.gd:52)
       [7] _advance_validated (res://tools/bridge_map/profile_runtime.gd:163)
       [8] advance (res://tools/bridge_map/profile_runtime.gd:32)
       [9] run (res://tools/bridge_perf/benchmark.gd:25)
SCRIPT ERROR: Trying to assign an array of type "Array" to a variable of type "Array[String]".
   at: BattlefieldGeometry.get_obstacle_ids_at_point (res://battle/geometry/battlefield_geometry.gd:585)
   GDScript backtrace (most recent call first):
       [0] get_obstacle_ids_at_point (res://battle/geometry/battlefield_geometry.gd:585)
       [1] get_movement_blocking_obstacle_id_at (res://battle/geometry/battlefield_geometry.gd:259)
       [2] cover_hustle_multiplier (res://battle/runtime/battle_movement_service.gd:164)
       [3] _advance_participant (res://battle/runtime/battle_movement_service.gd:78)
       [4] advance (res://battle/runtime/battle_movement_service.gd:52)
       [5] _advance_validated (res://tools/bridge_map/profile_runtime.gd:163)
       [6] advance (res://tools/bridge_map/profile_runtime.gd:32)
       [7] run (res://tools/bridge_perf/benchmark.gd:25)
SCRIPT ERROR: Trying to assign an array of type "Array" to a variable of type "Array[String]".
   at: BattlefieldGeometry.get_obstacle_ids_at_point (res://battle/geometry/battlefield_geometry.gd:585)
   GDScript backtrace (most recent call first):
       [0] get_obstacle_ids_at_point (res://battle/geometry/battlefield_geometry.gd:585)
       [1] get_movement_blocking_obstacle_id_at (res://battle/geometry/battlefield_geometry.gd:259)
       [2] _blocking_obstacle_at (res://battle/geometry/battle_spatial_service.gd:414)
       [3] resolve_translation (res://battle/geometry/battle_spatial_service.gd:65)
       [4] _advance_participant (res://battle/runtime/battle_movement_service.gd:103)
       [5] advance (res://battle/runtime/battle_movement_service.gd:52)
       [6] _advance_validated (res://tools/bridge_map/profile_runtime.gd:163)
       [7] advance (res://tools/bridge_map/profile_runtime.gd:32)
       [8] run (res://tools/bridge_perf/benchmark.gd:25)
SCRIPT ERROR: Trying to assign an array of type "Array" to a variable of type "Array[String]".
   at: BattlefieldGeometry.get_obstacle_ids_at_point (res://battle/geometry/battlefield_geometry.gd:585)
   GDScript backtrace (most recent call first):
       [0] get_obstacle_ids_at_point (res://battle/geometry/battlefield_geometry.gd:585)
       [1] get_movement_blocking_obstacle_id_at (res://battle/geometry/battlefield_geometry.gd:259)
       [2] _blocking_obstacle_at (res://battle/geometry/battle_spatial_service.gd:414)
       [3] _resolve_legal_translation (res://battle/geometry/battle_spatial_service.gd:294)
       [4] resolve_translation (res://battle/geometry/battle_spatial_service.gd:95)
       [5] _advance_participant (res://battle/runtime/battle_movement_service.gd:103)
       [6] advance (res://battle/runtime/battle_movement_service.gd:52)
       [7] _advance_validated (res://tools/bridge_map/profile_runtime.gd:163)
       [8] advance (res://tools/bridge_map/profile_runtime.gd:32)
       [9] run (res://tools/bridge_perf/benchmark.gd:25)
SCRIPT ERROR: Trying to assign an array of type "Array" to a variable of type "Array[String]".
   at: BattlefieldGeometry.get_obstacle_ids_at_point (res://battle/geometry/battlefield_geometry.gd:585)
   GDScript backtrace (most recent call first):
       [0] get_obstacle_ids_at_point (res://battle/geometry/battlefield_geometry.gd:585)
       [1] get_movement_blocking_obstacle_id_at (res://battle/geometry/battlefield_geometry.gd:259)
       [2] cover_hustle_multiplier (res://battle/runtime/battle_movement_service.gd:164)
       [3] _advance_participant (res://battle/runtime/battle_movement_service.gd:78)
       [4] advance (res://battle/runtime/battle_movement_service.gd:52)
       [5] _advance_validated (res://tools/bridge_map/profile_runtime.gd:163)
       [6] advance (res://tools/bridge_map/profile_runtime.gd:32)
       [7] run (res://tools/bridge_perf/benchmark.gd:25)
SCRIPT ERROR: Trying to assign an array of type "Array" to a variable of type "Array[String]".
   at: BattlefieldGeometry.get_obstacle_ids_at_point (res://battle/geometry/battlefield_geometry.gd:585)
   GDScript backtrace (most recent call first):
       [0] get_obstacle_ids_at_point (res://battle/geometry/battlefield_geometry.gd:585)
       [1] get_movement_blocking_obstacle_id_at (res://battle/geometry/battlefield_geometry.gd:259)
       [2] _blocking_obstacle_at (res://battle/geometry/battle_spatial_service.gd:414)
       [3] resolve_translation (res://battle/geometry/battle_spatial_service.gd:65)
       [4] _advance_participant (res://battle/runtime/battle_movement_service.gd:103)
       [5] advance (res://battle/runtime/battle_movement_service.gd:52)
       [6] _advance_validated (res://tools/bridge_map/profile_runtime.gd:163)
       [7] advance (res://tools/bridge_map/profile_runtime.gd:32)
       [8] run (res://tools/bridge_perf/benchmark.gd:25)
SCRIPT ERROR: Trying to assign an array of type "Array" to a variable of type "Array[String]".
   at: BattlefieldGeometry.get_obstacle_ids_at_point (res://battle/geometry/battlefield_geometry.gd:585)
   GDScript backtrace (most recent call first):
       [0] get_obstacle_ids_at_point (res://battle/geometry/battlefield_geometry.gd:585)
       [1] get_movement_blocking_obstacle_id_at (res://battle/geometry/battlefield_geometry.gd:259)
       [2] _blocking_obstacle_at (res://battle/geometry/battle_spatial_service.gd:414)
       [3] _resolve_legal_translation (res://battle/geometry/battle_spatial_service.gd:294)
       [4] resolve_translation (res://battle/geometry/battle_spatial_service.gd:95)
       [5] _advance_participant (res://battle/runtime/battle_movement_service.gd:103)
       [6] advance (res://battle/runtime/battle_movement_service.gd:52)
       [7] _advance_validated (res://tools/bridge_map/profile_runtime.gd:163)
       [8] advance (res://tools/bridge_map/profile_runtime.gd:32)
       [9] run (res://tools/bridge_perf/benchmark.gd:25)
SCRIPT ERROR: Trying to assign an array of type "Array" to a variable of type "Array[String]".
   at: BattlefieldGeometry.get_obstacle_ids_at_point (res://battle/geometry/battlefield_geometry.gd:585)
   GDScript backtrace (most recent call first):
       [0] get_obstacle_ids_at_point (res://battle/geometry/battlefield_geometry.gd:585)
       [1] get_movement_blocking_obstacle_id_at (res://battle/geometry/battlefield_geometry.gd:259)
       [2] cover_hustle_multiplier (res://battle/runtime/battle_movement_service.gd:164)
       [3] _advance_participant (res://battle/runtime/battle_movement_service.gd:78)
       [4] advance (res://battle/runtime/battle_movement_service.gd:52)
       [5] _advance_validated (res://tools/bridge_map/profile_runtime.gd:163)
       [6] advance (res://tools/bridge_map/profile_runtime.gd:32)
       [7] run (res://tools/bridge_perf/benchmark.gd:25)
SCRIPT ERROR: Trying to assign an array of type "Array" to a variable of type "Array[String]".
   at: BattlefieldGeometry.get_obstacle_ids_at_point (res://battle/geometry/battlefield_geometry.gd:585)
   GDScript backtrace (most recent call first):
       [0] get_obstacle_ids_at_point (res://battle/geometry/battlefield_geometry.gd:585)
       [1] get_movement_blocking_obstacle_id_at (res://battle/geometry/battlefield_geometry.gd:259)
       [2] _blocking_obstacle_at (res://battle/geometry/battle_spatial_service.gd:414)
       [3] resolve_translation (res://battle/geometry/battle_spatial_service.gd:65)
       [4] _advance_participant (res://battle/runtime/battle_movement_service.gd:103)
       [5] advance (res://battle/runtime/battle_movement_service.gd:52)
       [6] _advance_validated (res://tools/bridge_map/profile_runtime.gd:163)
       [7] advance (res://tools/bridge_map/profile_runtime.gd:32)
       [8] run (res://tools/bridge_perf/benchmark.gd:25)
SCRIPT ERROR: Trying to assign an array of type "Array" to a variable of type "Array[String]".
   at: BattlefieldGeometry.get_obstacle_ids_at_point (res://battle/geometry/battlefield_geometry.gd:585)
   GDScript backtrace (most recent call first):
       [0] get_obstacle_ids_at_point (res://battle/geometry/battlefield_geometry.gd:585)
       [1] get_movement_blocking_obstacle_id_at (res://battle/geometry/battlefield_geometry.gd:259)
       [2] _blocking_obstacle_at (res://battle/geometry/battle_spatial_service.gd:414)
       [3] _resolve_legal_translation (res://battle/geometry/battle_spatial_service.gd:294)
       [4] resolve_translation (res://battle/geometry/battle_spatial_service.gd:95)
       [5] _advance_participant (res://battle/runtime/battle_movement_service.gd:103)
       [6] advance (res://battle/runtime/battle_movement_service.gd:52)
       [7] _advance_validated (res://tools/bridge_map/profile_runtime.gd:163)
       [8] advance (res://tools/bridge_map/profile_runtime.gd:32)
       [9] run (res://tools/bridge_perf/benchmark.gd:25)
SCRIPT ERROR: Trying to assign an array of type "Array" to a variable of type "Array[String]".
   at: BattlefieldGeometry.get_obstacle_ids_at_point (res://battle/geometry/battlefield_geometry.gd:585)
   GDScript backtrace (most recent call first):
       [0] get_obstacle_ids_at_point (res://battle/geometry/battlefield_geometry.gd:585)
       [1] get_movement_blocking_obstacle_id_at (res://battle/geometry/battlefield_geometry.gd:259)
       [2] cover_hustle_multiplier (res://battle/runtime/battle_movement_service.gd:164)
       [3] _advance_participant (res://battle/runtime/battle_movement_service.gd:78)
       [4] advance (res://battle/runtime/battle_movement_service.gd:52)
       [5] _advance_validated (res://tools/bridge_map/profile_runtime.gd:163)
       [6] advance (res://tools/bridge_map/profile_runtime.gd:32)
       [7] run (res://tools/bridge_perf/benchmark.gd:25)
SCRIPT ERROR: Trying to assign an array of type "Array" to a variable of type "Array[String]".
   at: BattlefieldGeometry.get_obstacle_ids_at_point (res://battle/geometry/battlefield_geometry.gd:585)
   GDScript backtrace (most recent call first):
       [0] get_obstacle_ids_at_point (res://battle/geometry/battlefield_geometry.gd:585)
       [1] get_movement_blocking_obstacle_id_at (res://battle/geometry/battlefield_geometry.gd:259)
       [2] _blocking_obstacle_at (res://battle/geometry/battle_spatial_service.gd:414)
       [3] resolve_translation (res://battle/geometry/battle_spatial_service.gd:65)
       [4] _advance_participant (res://battle/runtime/battle_movement_service.gd:103)
       [5] advance (res://battle/runtime/battle_movement_service.gd:52)
       [6] _advance_validated (res://tools/bridge_map/profile_runtime.gd:163)
       [7] advance (res://tools/bridge_map/profile_runtime.gd:32)
       [8] run (res://tools/bridge_perf/benchmark.gd:25)
SCRIPT ERROR: Trying to assign an array of type "Array" to a variable of type "Array[String]".
   at: BattlefieldGeometry.get_obstacle_ids_at_point (res://battle/geometry/battlefield_geometry.gd:585)
   GDScript backtrace (most recent call first):
       [0] get_obstacle_ids_at_point (res://battle/geometry/battlefield_geometry.gd:585)
       [1] get_movement_blocking_obstacle_id_at (res://battle/geometry/battlefield_geometry.gd:259)
       [2] _blocking_obstacle_at (res://battle/geometry/battle_spatial_service.gd:414)
       [3] _resolve_legal_translation (res://battle/geometry/battle_spatial_service.gd:294)
       [4] resolve_translation (res://battle/geometry/battle_spatial_service.gd:95)
       [5] _advance_participant (res://battle/runtime/battle_movement_service.gd:103)
       [6] advance (res://battle/runtime/battle_movement_service.gd:52)
       [7] _advance_validated (res://tools/bridge_map/profile_runtime.gd:163)
       [8] advance (res://tools/bridge_map/profile_runtime.gd:32)
       [9] run (res://tools/bridge_perf/benchmark.gd:25)
SCRIPT ERROR: Trying to assign an array of type "Array" to a variable of type "Array[String]".
   at: BattlefieldGeometry.get_obstacle_ids_at_point (res://battle/geometry/battlefield_geometry.gd:585)
   GDScript backtrace (most recent call first):
       [0] get_obstacle_ids_at_point (res://battle/geometry/battlefield_geometry.gd:585)
       [1] get_movement_blocking_obstacle_id_at (res://battle/geometry/battlefield_geometry.gd:259)
       [2] cover_hustle_multiplier (res://battle/runtime/battle_movement_service.gd:164)
       [3] _advance_participant (res://battle/runtime/battle_movement_service.gd:78)
       [4] advance (res://battle/runtime/battle_movement_service.gd:52)
       [5] _advance_validated (res://tools/bridge_map/profile_runtime.gd:163)
       [6] advance (res://tools/bridge_map/profile_runtime.gd:32)
       [7] run (res://tools/bridge_perf/benchmark.gd:25)
SCRIPT ERROR: Trying to assign an array of type "Array" to a variable of type "Array[String]".
   at: BattlefieldGeometry.get_obstacle_ids_at_point (res://battle/geometry/battlefield_geometry.gd:585)
   GDScript backtrace (most recent call first):
       [0] get_obstacle_ids_at_point (res://battle/geometry/battlefield_geometry.gd:585)
       [1] get_movement_blocking_obstacle_id_at (res://battle/geometry/battlefield_geometry.gd:259)
       [2] _blocking_obstacle_at (res://battle/geometry/battle_spatial_service.gd:414)
       [3] resolve_translation (res://battle/geometry/battle_spatial_service.gd:65)
       [4] _advance_participant (res://battle/runtime/battle_movement_service.gd:103)
       [5] advance (res://battle/runtime/battle_movement_service.gd:52)
       [6] _advance_validated (res://tools/bridge_map/profile_runtime.gd:163)
       [7] advance (res://tools/bridge_map/profile_runtime.gd:32)
       [8] run (res://tools/bridge_perf/benchmark.gd:25)
SCRIPT ERROR: Trying to assign an array of type "Array" to a variable of type "Array[String]".
   at: BattlefieldGeometry.get_obstacle_ids_at_point (res://battle/geometry/battlefield_geometry.gd:585)
   GDScript backtrace (most recent call first):
       [0] get_obstacle_ids_at_point (res://battle/geometry/battlefield_geometry.gd:585)
       [1] get_movement_blocking_obstacle_id_at (res://battle/geometry/battlefield_geometry.gd:259)
       [2] _blocking_obstacle_at (res://battle/geometry/battle_spatial_service.gd:414)
       [3] _resolve_legal_translation (res://battle/geometry/battle_spatial_service.gd:294)
       [4] resolve_translation (res://battle/geometry/battle_spatial_service.gd:95)
       [5] _advance_participant (res://battle/runtime/battle_movement_service.gd:103)
       [6] advance (res://battle/runtime/battle_movement_service.gd:52)
       [7] _advance_validated (res://tools/bridge_map/profile_runtime.gd:163)
       [8] advance (res://tools/bridge_map/profile_runtime.gd:32)
       [9] run (res://tools/bridge_perf/benchmark.gd:25)
SCRIPT ERROR: Trying to assign an array of type "Array" to a variable of type "Array[String]".
   at: BattlefieldGeometry.get_obstacle_ids_at_point (res://battle/geometry/battlefield_geometry.gd:585)
   GDScript backtrace (most recent call first):
       [0] get_obstacle_ids_at_point (res://battle/geometry/battlefield_geometry.gd:585)
       [1] get_movement_blocking_obstacle_id_at (res://battle/geometry/battlefield_geometry.gd:259)
       [2] cover_hustle_multiplier (res://battle/runtime/battle_movement_service.gd:164)
       [3] _advance_participant (res://battle/runtime/battle_movement_service.gd:78)
       [4] advance (res://battle/runtime/battle_movement_service.gd:52)
       [5] _advance_validated (res://tools/bridge_map/profile_runtime.gd:163)
       [6] advance (res://tools/bridge_map/profile_runtime.gd:32)
       [7] run (res://tools/bridge_perf/benchmark.gd:25)
SCRIPT ERROR: Trying to assign an array of type "Array" to a variable of type "Array[String]".
   at: BattlefieldGeometry.get_obstacle_ids_at_point (res://battle/geometry/battlefield_geometry.gd:585)
   GDScript backtrace (most recent call first):
       [0] get_obstacle_ids_at_point (res://battle/geometry/battlefield_geometry.gd:585)
       [1] get_movement_blocking_obstacle_id_at (res://battle/geometry/battlefield_geometry.gd:259)
       [2] _blocking_obstacle_at (res://battle/geometry/battle_spatial_service.gd:414)
       [3] resolve_translation (res://battle/geometry/battle_spatial_service.gd:65)
       [4] _advance_participant (res://battle/runtime/battle_movement_service.gd:103)
       [5] advance (res://battle/runtime/battle_movement_service.gd:52)
       [6] _advance_validated (res://tools/bridge_map/profile_runtime.gd:163)
       [7] advance (res://tools/bridge_map/profile_runtime.gd:32)
       [8] run (res://tools/bridge_perf/benchmark.gd:25)
SCRIPT ERROR: Trying to assign an array of type "Array" to a variable of type "Array[String]".
   at: BattlefieldGeometry.get_obstacle_ids_at_point (res://battle/geometry/battlefield_geometry.gd:585)
   GDScript backtrace (most recent call first):
       [0] get_obstacle_ids_at_point (res://battle/geometry/battlefield_geometry.gd:585)
       [1] get_movement_blocking_obstacle_id_at (res://battle/geometry/battlefield_geometry.gd:259)
       [2] _blocking_obstacle_at (res://battle/geometry/battle_spatial_service.gd:414)
       [3] _resolve_legal_translation (res://battle/geometry/battle_spatial_service.gd:294)
       [4] resolve_translation (res://battle/geometry/battle_spatial_service.gd:95)
       [5] _advance_participant (res://battle/runtime/battle_movement_service.gd:103)
       [6] advance (res://battle/runtime/battle_movement_service.gd:52)
       [7] _advance_validated (res://tools/bridge_map/profile_runtime.gd:163)
       [8] advance (res://tools/bridge_map/profile_runtime.gd:32)
       [9] run (res://tools/bridge_perf/benchmark.gd:25)
SCRIPT ERROR: Trying to assign an array of type "Array" to a variable of type "Array[String]".
   at: BattlefieldGeometry.get_obstacle_ids_at_point (res://battle/geometry/battlefield_geometry.gd:585)
   GDScript backtrace (most recent call first):
       [0] get_obstacle_ids_at_point (res://battle/geometry/battlefield_geometry.gd:585)
       [1] get_movement_blocking_obstacle_id_at (res://battle/geometry/battlefield_geometry.gd:259)
       [2] cover_hustle_multiplier (res://battle/runtime/battle_movement_service.gd:164)
       [3] _advance_participant (res://battle/runtime/battle_movement_service.gd:78)
       [4] advance (res://battle/runtime/battle_movement_service.gd:52)
       [5] _advance_validated (res://tools/bridge_map/profile_runtime.gd:163)
       [6] advance (res://tools/bridge_map/profile_runtime.gd:32)
       [7] run (res://tools/bridge_perf/benchmark.gd:25)
SCRIPT ERROR: Trying to assign an array of type "Array" to a variable of type "Array[String]".
   at: BattlefieldGeometry.get_obstacle_ids_at_point (res://battle/geometry/battlefield_geometry.gd:585)
   GDScript backtrace (most recent call first):
       [0] get_obstacle_ids_at_point (res://battle/geometry/battlefield_geometry.gd:585)
       [1] get_movement_blocking_obstacle_id_at (res://battle/geometry/battlefield_geometry.gd:259)
       [2] _blocking_obstacle_at (res://battle/geometry/battle_spatial_service.gd:414)
       [3] resolve_translation (res://battle/geometry/battle_spatial_service.gd:65)
       [4] _advance_participant (res://battle/runtime/battle_movement_service.gd:103)
       [5] advance (res://battle/runtime/battle_movement_service.gd:52)
       [6] _advance_validated (res://tools/bridge_map/profile_runtime.gd:163)
       [7] advance (res://tools/bridge_map/profile_runtime.gd:32)
       [8] run (res://tools/bridge_perf/benchmark.gd:25)
SCRIPT ERROR: Trying to assign an array of type "Array" to a variable of type "Array[String]".
   at: BattlefieldGeometry.get_obstacle_ids_at_point (res://battle/geometry/battlefield_geometry.gd:585)
   GDScript backtrace (most recent call first):
       [0] get_obstacle_ids_at_point (res://battle/geometry/battlefield_geometry.gd:585)
       [1] get_movement_blocking_obstacle_id_at (res://battle/geometry/battlefield_geometry.gd:259)
       [2] _blocking_obstacle_at (res://battle/geometry/battle_spatial_service.gd:414)
       [3] _resolve_legal_translation (res://battle/geometry/battle_spatial_service.gd:294)
       [4] resolve_translation (res://battle/geometry/battle_spatial_service.gd:95)
       [5] _advance_participant (res://battle/runtime/battle_movement_service.gd:103)
       [6] advance (res://battle/runtime/battle_movement_service.gd:52)
       [7] _advance_validated (res://tools/bridge_map/profile_runtime.gd:163)
       [8] advance (res://tools/bridge_map/profile_runtime.gd:32)
       [9] run (res://tools/bridge_perf/benchmark.gd:25)
SCRIPT ERROR: Trying to assign an array of type "Array" to a variable of type "Array[String]".
   at: BattlefieldGeometry.get_obstacle_ids_at_point (res://battle/geometry/battlefield_geometry.gd:585)
   GDScript backtrace (most recent call first):
       [0] get_obstacle_ids_at_point (res://battle/geometry/battlefield_geometry.gd:585)
       [1] get_movement_blocking_obstacle_id_at (res://battle/geometry/battlefield_geometry.gd:259)
       [2] cover_hustle_multiplier (res://battle/runtime/battle_movement_service.gd:164)
       [3] _advance_participant (res://battle/runtime/battle_movement_service.gd:78)
       [4] advance (res://battle/runtime/battle_movement_service.gd:52)
       [5] _advance_validated (res://tools/bridge_map/profile_runtime.gd:163)
       [6] advance (res://tools/bridge_map/profile_runtime.gd:32)
       [7] run (res://tools/bridge_perf/benchmark.gd:25)
SCRIPT ERROR: Trying to assign an array of type "Array" to a variable of type "Array[String]".
   at: BattlefieldGeometry.get_obstacle_ids_at_point (res://battle/geometry/battlefield_geometry.gd:585)
   GDScript backtrace (most recent call first):
       [0] get_obstacle_ids_at_point (res://battle/geometry/battlefield_geometry.gd:585)
       [1] get_movement_blocking_obstacle_id_at (res://battle/geometry/battlefield_geometry.gd:259)
       [2] _blocking_obstacle_at (res://battle/geometry/battle_spatial_service.gd:414)
       [3] resolve_translation (res://battle/geometry/battle_spatial_service.gd:65)
       [4] _advance_participant (res://battle/runtime/battle_movement_service.gd:103)
       [5] advance (res://battle/runtime/battle_movement_service.gd:52)
       [6] _advance_validated (res://tools/bridge_map/profile_runtime.gd:163)
       [7] advance (res://tools/bridge_map/profile_runtime.gd:32)
       [8] run (res://tools/bridge_perf/benchmark.gd:25)
SCRIPT ERROR: Trying to assign an array of type "Array" to a variable of type "Array[String]".
   at: BattlefieldGeometry.get_obstacle_ids_at_point (res://battle/geometry/battlefield_geometry.gd:585)
   GDScript backtrace (most recent call first):
       [0] get_obstacle_ids_at_point (res://battle/geometry/battlefield_geometry.gd:585)
       [1] get_movement_blocking_obstacle_id_at (res://battle/geometry/battlefield_geometry.gd:259)
       [2] _blocking_obstacle_at (res://battle/geometry/battle_spatial_service.gd:414)
       [3] _resolve_legal_translation (res://battle/geometry/battle_spatial_service.gd:294)
       [4] resolve_translation (res://battle/geometry/battle_spatial_service.gd:95)
       [5] _advance_participant (res://battle/runtime/battle_movement_service.gd:103)
       [6] advance (res://battle/runtime/battle_movement_service.gd:52)
       [7] _advance_validated (res://tools/bridge_map/profile_runtime.gd:163)
       [8] advance (res://tools/bridge_map/profile_runtime.gd:32)
       [9] run (res://tools/bridge_perf/benchmark.gd:25)
SCRIPT ERROR: Trying to assign an array of type "Array" to a variable of type "Array[String]".
   at: BattlefieldGeometry.get_obstacle_ids_at_point (res://battle/geometry/battlefield_geometry.gd:585)
   GDScript backtrace (most recent call first):
       [0] get_obstacle_ids_at_point (res://battle/geometry/battlefield_geometry.gd:585)
       [1] get_movement_blocking_obstacle_id_at (res://battle/geometry/battlefield_geometry.gd:259)
       [2] cover_hustle_multiplier (res://battle/runtime/battle_movement_service.gd:164)
       [3] _advance_participant (res://battle/runtime/battle_movement_service.gd:78)
       [4] advance (res://battle/runtime/battle_movement_service.gd:52)
       [5] _advance_validated (res://tools/bridge_map/profile_runtime.gd:163)
       [6] advance (res://tools/bridge_map/profile_runtime.gd:32)
       [7] run (res://tools/bridge_perf/benchmark.gd:25)
SCRIPT ERROR: Trying to assign an array of type "Array" to a variable of type "Array[String]".
   at: BattlefieldGeometry.get_obstacle_ids_at_point (res://battle/geometry/battlefield_geometry.gd:585)
   GDScript backtrace (most recent call first):
       [0] get_obstacle_ids_at_point (res://battle/geometry/battlefield_geometry.gd:585)
       [1] get_movement_blocking_obstacle_id_at (res://battle/geometry/battlefield_geometry.gd:259)
       [2] _blocking_obstacle_at (res://battle/geometry/battle_spatial_service.gd:414)
       [3] resolve_translation (res://battle/geometry/battle_spatial_service.gd:65)
       [4] _advance_participant (res://battle/runtime/battle_movement_service.gd:103)
       [5] advance (res://battle/runtime/battle_movement_service.gd:52)
       [6] _advance_validated (res://tools/bridge_map/profile_runtime.gd:163)
       [7] advance (res://tools/bridge_map/profile_runtime.gd:32)
       [8] run (res://tools/bridge_perf/benchmark.gd:25)
SCRIPT ERROR: Trying to assign an array of type "Array" to a variable of type "Array[String]".
   at: BattlefieldGeometry.get_obstacle_ids_at_point (res://battle/geometry/battlefield_geometry.gd:585)
   GDScript backtrace (most recent call first):
       [0] get_obstacle_ids_at_point (res://battle/geometry/battlefield_geometry.gd:585)
       [1] get_movement_blocking_obstacle_id_at (res://battle/geometry/battlefield_geometry.gd:259)
       [2] _blocking_obstacle_at (res://battle/geometry/battle_spatial_service.gd:414)
       [3] _resolve_legal_translation (res://battle/geometry/battle_spatial_service.gd:294)
       [4] resolve_translation (res://battle/geometry/battle_spatial_service.gd:95)
       [5] _advance_participant (res://battle/runtime/battle_movement_service.gd:103)
       [6] advance (res://battle/runtime/battle_movement_service.gd:52)
       [7] _advance_validated (res://tools/bridge_map/profile_runtime.gd:163)
       [8] advance (res://tools/bridge_map/profile_runtime.gd:32)
       [9] run (res://tools/bridge_perf/benchmark.gd:25)
SCRIPT ERROR: Trying to assign an array of type "Array" to a variable of type "Array[String]".
   at: BattlefieldGeometry.get_obstacle_ids_at_point (res://battle/geometry/battlefield_geometry.gd:585)
   GDScript backtrace (most recent call first):
       [0] get_obstacle_ids_at_point (res://battle/geometry/battlefield_geometry.gd:585)
       [1] get_movement_blocking_obstacle_id_at (res://battle/geometry/battlefield_geometry.gd:259)
       [2] cover_hustle_multiplier (res://battle/runtime/battle_movement_service.gd:164)
       [3] _advance_participant (res://battle/runtime/battle_movement_service.gd:78)
       [4] advance (res://battle/runtime/battle_movement_service.gd:52)
       [5] _advance_validated (res://tools/bridge_map/profile_runtime.gd:163)
       [6] advance (res://tools/bridge_map/profile_runtime.gd:32)
       [7] run (res://tools/bridge_perf/benchmark.gd:25)
SCRIPT ERROR: Trying to assign an array of type "Array" to a variable of type "Array[String]".
   at: BattlefieldGeometry.get_obstacle_ids_at_point (res://battle/geometry/battlefield_geometry.gd:585)
   GDScript backtrace (most recent call first):
       [0] get_obstacle_ids_at_point (res://battle/geometry/battlefield_geometry.gd:585)
       [1] get_movement_blocking_obstacle_id_at (res://battle/geometry/battlefield_geometry.gd:259)
       [2] _blocking_obstacle_at (res://battle/geometry/battle_spatial_service.gd:414)
       [3] resolve_translation (res://battle/geometry/battle_spatial_service.gd:65)
       [4] _advance_participant (res://battle/runtime/battle_movement_service.gd:103)
       [5] advance (res://battle/runtime/battle_movement_service.gd:52)
       [6] _advance_validated (res://tools/bridge_map/profile_runtime.gd:163)
       [7] advance (res://tools/bridge_map/profile_runtime.gd:32)
       [8] run (res://tools/bridge_perf/benchmark.gd:25)
SCRIPT ERROR: Trying to assign an array of type "Array" to a variable of type "Array[String]".
   at: BattlefieldGeometry.get_obstacle_ids_at_point (res://battle/geometry/battlefield_geometry.gd:585)
   GDScript backtrace (most recent call first):
       [0] get_obstacle_ids_at_point (res://battle/geometry/battlefield_geometry.gd:585)
       [1] get_movement_blocking_obstacle_id_at (res://battle/geometry/battlefield_geometry.gd:259)
       [2] _blocking_obstacle_at (res://battle/geometry/battle_spatial_service.gd:414)
       [3] _resolve_legal_translation (res://battle/geometry/battle_spatial_service.gd:294)
       [4] resolve_translation (res://battle/geometry/battle_spatial_service.gd:95)
       [5] _advance_participant (res://battle/runtime/battle_movement_service.gd:103)
       [6] advance (res://battle/runtime/battle_movement_service.gd:52)
       [7] _advance_validated (res://tools/bridge_map/profile_runtime.gd:163)
       [8] advance (res://tools/bridge_map/profile_runtime.gd:32)
       [9] run (res://tools/bridge_perf/benchmark.gd:25)
SCRIPT ERROR: Trying to assign an array of type "Array" to a variable of type "Array[String]".
   at: BattlefieldGeometry.get_obstacle_ids_at_point (res://battle/geometry/battlefield_geometry.gd:585)
   GDScript backtrace (most recent call first):
       [0] get_obstacle_ids_at_point (res://battle/geometry/battlefield_geometry.gd:585)
       [1] get_movement_blocking_obstacle_id_at (res://battle/geometry/battlefield_geometry.gd:259)
       [2] cover_hustle_multiplier (res://battle/runtime/battle_movement_service.gd:164)
       [3] _advance_participant (res://battle/runtime/battle_movement_service.gd:78)
       [4] advance (res://battle/runtime/battle_movement_service.gd:52)
       [5] _advance_validated (res://tools/bridge_map/profile_runtime.gd:163)
       [6] advance (res://tools/bridge_map/profile_runtime.gd:32)
       [7] run (res://tools/bridge_perf/benchmark.gd:25)
SCRIPT ERROR: Trying to assign an array of type "Array" to a variable of type "Array[String]".
   at: BattlefieldGeometry.get_obstacle_ids_at_point (res://battle/geometry/battlefield_geometry.gd:585)
   GDScript backtrace (most recent call first):
       [0] get_obstacle_ids_at_point (res://battle/geometry/battlefield_geometry.gd:585)
       [1] get_movement_blocking_obstacle_id_at (res://battle/geometry/battlefield_geometry.gd:259)
       [2] _blocking_obstacle_at (res://battle/geometry/battle_spatial_service.gd:414)
       [3] resolve_translation (res://battle/geometry/battle_spatial_service.gd:65)
       [4] _advance_participant (res://battle/runtime/battle_movement_service.gd:103)
       [5] advance (res://battle/runtime/battle_movement_service.gd:52)
       [6] _advance_validated (res://tools/bridge_map/profile_runtime.gd:163)
       [7] advance (res://tools/bridge_map/profile_runtime.gd:32)
       [8] run (res://tools/bridge_perf/benchmark.gd:25)
SCRIPT ERROR: Trying to assign an array of type "Array" to a variable of type "Array[String]".
   at: BattlefieldGeometry.get_obstacle_ids_at_point (res://battle/geometry/battlefield_geometry.gd:585)
   GDScript backtrace (most recent call first):
       [0] get_obstacle_ids_at_point (res://battle/geometry/battlefield_geometry.gd:585)
       [1] get_movement_blocking_obstacle_id_at (res://battle/geometry/battlefield_geometry.gd:259)
       [2] _blocking_obstacle_at (res://battle/geometry/battle_spatial_service.gd:414)
       [3] _resolve_legal_translation (res://battle/geometry/battle_spatial_service.gd:294)
       [4] resolve_translation (res://battle/geometry/battle_spatial_service.gd:95)
       [5] _advance_participant (res://battle/runtime/battle_movement_service.gd:103)
       [6] advance (res://battle/runtime/battle_movement_service.gd:52)
       [7] _advance_validated (res://tools/bridge_map/profile_runtime.gd:163)
       [8] advance (res://tools/bridge_map/profile_runtime.gd:32)
       [9] run (res://tools/bridge_perf/benchmark.gd:25)
SCRIPT ERROR: Trying to assign an array of type "Array" to a variable of type "Array[String]".
   at: BattlefieldGeometry.get_obstacle_ids_at_point (res://battle/geometry/battlefield_geometry.gd:585)
   GDScript backtrace (most recent call first):
       [0] get_obstacle_ids_at_point (res://battle/geometry/battlefield_geometry.gd:585)
       [1] get_movement_blocking_obstacle_id_at (res://battle/geometry/battlefield_geometry.gd:259)
       [2] cover_hustle_multiplier (res://battle/runtime/battle_movement_service.gd:164)
       [3] _advance_participant (res://battle/runtime/battle_movement_service.gd:78)
       [4] advance (res://battle/runtime/battle_movement_service.gd:52)
       [5] _advance_validated (res://tools/bridge_map/profile_runtime.gd:163)
       [6] advance (res://tools/bridge_map/profile_runtime.gd:32)
       [7] run (res://tools/bridge_perf/benchmark.gd:25)
SCRIPT ERROR: Trying to assign an array of type "Array" to a variable of type "Array[String]".
   at: BattlefieldGeometry.get_obstacle_ids_at_point (res://battle/geometry/battlefield_geometry.gd:585)
   GDScript backtrace (most recent call first):
       [0] get_obstacle_ids_at_point (res://battle/geometry/battlefield_geometry.gd:585)
       [1] get_movement_blocking_obstacle_id_at (res://battle/geometry/battlefield_geometry.gd:259)
       [2] _blocking_obstacle_at (res://battle/geometry/battle_spatial_service.gd:414)
       [3] resolve_translation (res://battle/geometry/battle_spatial_service.gd:65)
       [4] _advance_participant (res://battle/runtime/battle_movement_service.gd:103)
       [5] advance (res://battle/runtime/battle_movement_service.gd:52)
       [6] _advance_validated (res://tools/bridge_map/profile_runtime.gd:163)
       [7] advance (res://tools/bridge_map/profile_runtime.gd:32)
       [8] run (res://tools/bridge_perf/benchmark.gd:25)
SCRIPT ERROR: Trying to assign an array of type "Array" to a variable of type "Array[String]".
   at: BattlefieldGeometry.get_obstacle_ids_at_point (res://battle/geometry/battlefield_geometry.gd:585)
   GDScript backtrace (most recent call first):
       [0] get_obstacle_ids_at_point (res://battle/geometry/battlefield_geometry.gd:585)
       [1] get_movement_blocking_obstacle_id_at (res://battle/geometry/battlefield_geometry.gd:259)
       [2] _blocking_obstacle_at (res://battle/geometry/battle_spatial_service.gd:414)
       [3] _resolve_legal_translation (res://battle/geometry/battle_spatial_service.gd:294)
       [4] resolve_translation (res://battle/geometry/battle_spatial_service.gd:95)
       [5] _advance_participant (res://battle/runtime/battle_movement_service.gd:103)
       [6] advance (res://battle/runtime/battle_movement_service.gd:52)
       [7] _advance_validated (res://tools/bridge_map/profile_runtime.gd:163)
       [8] advance (res://tools/bridge_map/profile_runtime.gd:32)
       [9] run (res://tools/bridge_perf/benchmark.gd:25)
SCRIPT ERROR: Trying to assign an array of type "Array" to a variable of type "Array[String]".
   at: BattlefieldGeometry.get_obstacle_ids_at_point (res://battle/geometry/battlefield_geometry.gd:585)
   GDScript backtrace (most recent call first):
       [0] get_obstacle_ids_at_point (res://battle/geometry/battlefield_geometry.gd:585)
       [1] get_movement_blocking_obstacle_id_at (res://battle/geometry/battlefield_geometry.gd:259)
       [2] cover_hustle_multiplier (res://battle/runtime/battle_movement_service.gd:164)
       [3] _advance_participant (res://battle/runtime/battle_movement_service.gd:78)
       [4] advance (res://battle/runtime/battle_movement_service.gd:52)
       [5] _advance_validated (res://tools/bridge_map/profile_runtime.gd:163)
       [6] advance (res://tools/bridge_map/profile_runtime.gd:32)
       [7] run (res://tools/bridge_perf/benchmark.gd:25)
SCRIPT ERROR: Trying to assign an array of type "Array" to a variable of type "Array[String]".
   at: BattlefieldGeometry.get_obstacle_ids_at_point (res://battle/geometry/battlefield_geometry.gd:585)
   GDScript backtrace (most recent call first):
       [0] get_obstacle_ids_at_point (res://battle/geometry/battlefield_geometry.gd:585)
       [1] get_movement_blocking_obstacle_id_at (res://battle/geometry/battlefield_geometry.gd:259)
       [2] _blocking_obstacle_at (res://battle/geometry/battle_spatial_service.gd:414)
       [3] resolve_translation (res://battle/geometry/battle_spatial_service.gd:65)
       [4] _advance_participant (res://battle/runtime/battle_movement_service.gd:103)
       [5] advance (res://battle/runtime/battle_movement_service.gd:52)
       [6] _advance_validated (res://tools/bridge_map/profile_runtime.gd:163)
       [7] advance (res://tools/bridge_map/profile_runtime.gd:32)
       [8] run (res://tools/bridge_perf/benchmark.gd:25)
SCRIPT ERROR: Trying to assign an array of type "Array" to a variable of type "Array[String]".
   at: BattlefieldGeometry.get_obstacle_ids_at_point (res://battle/geometry/battlefield_geometry.gd:585)
   GDScript backtrace (most recent call first):
       [0] get_obstacle_ids_at_point (res://battle/geometry/battlefield_geometry.gd:585)
       [1] get_movement_blocking_obstacle_id_at (res://battle/geometry/battlefield_geometry.gd:259)
       [2] _blocking_obstacle_at (res://battle/geometry/battle_spatial_service.gd:414)
       [3] _resolve_legal_translation (res://battle/geometry/battle_spatial_service.gd:294)
       [4] resolve_translation (res://battle/geometry/battle_spatial_service.gd:95)
       [5] _advance_participant (res://battle/runtime/battle_movement_service.gd:103)
       [6] advance (res://battle/runtime/battle_movement_service.gd:52)
       [7] _advance_validated (res://tools/bridge_map/profile_runtime.gd:163)
       [8] advance (res://tools/bridge_map/profile_runtime.gd:32)
       [9] run (res://tools/bridge_perf/benchmark.gd:25)
SCRIPT ERROR: Trying to assign an array of type "Array" to a variable of type "Array[String]".
   at: BattlefieldGeometry.get_obstacle_ids_at_point (res://battle/geometry/battlefield_geometry.gd:585)
   GDScript backtrace (most recent call first):
       [0] get_obstacle_ids_at_point (res://battle/geometry/battlefield_geometry.gd:585)
       [1] get_movement_blocking_obstacle_id_at (res://battle/geometry/battlefield_geometry.gd:259)
       [2] cover_hustle_multiplier (res://battle/runtime/battle_movement_service.gd:164)
       [3] _advance_participant (res://battle/runtime/battle_movement_service.gd:78)
       [4] advance (res://battle/runtime/battle_movement_service.gd:52)
       [5] _advance_validated (res://tools/bridge_map/profile_runtime.gd:163)
       [6] advance (res://tools/bridge_map/profile_runtime.gd:32)
       [7] run (res://tools/bridge_perf/benchmark.gd:25)
SCRIPT ERROR: Trying to assign an array of type "Array" to a variable of type "Array[String]".
   at: BattlefieldGeometry.get_obstacle_ids_at_point (res://battle/geometry/battlefield_geometry.gd:585)
   GDScript backtrace (most recent call first):
       [0] get_obstacle_ids_at_point (res://battle/geometry/battlefield_geometry.gd:585)
       [1] get_movement_blocking_obstacle_id_at (res://battle/geometry/battlefield_geometry.gd:259)
       [2] _blocking_obstacle_at (res://battle/geometry/battle_spatial_service.gd:414)
       [3] resolve_translation (res://battle/geometry/battle_spatial_service.gd:65)
       [4] _advance_participant (res://battle/runtime/battle_movement_service.gd:103)
       [5] advance (res://battle/runtime/battle_movement_service.gd:52)
       [6] _advance_validated (res://tools/bridge_map/profile_runtime.gd:163)
       [7] advance (res://tools/bridge_map/profile_runtime.gd:32)
       [8] run (res://tools/bridge_perf/benchmark.gd:25)
SCRIPT ERROR: Trying to assign an array of type "Array" to a variable of type "Array[String]".
   at: BattlefieldGeometry.get_obstacle_ids_at_point (res://battle/geometry/battlefield_geometry.gd:585)
   GDScript backtrace (most recent call first):
       [0] get_obstacle_ids_at_point (res://battle/geometry/battlefield_geometry.gd:585)
       [1] get_movement_blocking_obstacle_id_at (res://battle/geometry/battlefield_geometry.gd:259)
       [2] _blocking_obstacle_at (res://battle/geometry/battle_spatial_service.gd:414)
       [3] _resolve_legal_translation (res://battle/geometry/battle_spatial_service.gd:294)
       [4] resolve_translation (res://battle/geometry/battle_spatial_service.gd:95)
       [5] _advance_participant (res://battle/runtime/battle_movement_service.gd:103)
       [6] advance (res://battle/runtime/battle_movement_service.gd:52)
       [7] _advance_validated (res://tools/bridge_map/profile_runtime.gd:163)
       [8] advance (res://tools/bridge_map/profile_runtime.gd:32)
       [9] run (res://tools/bridge_perf/benchmark.gd:25)
SCRIPT ERROR: Trying to assign an array of type "Array" to a variable of type "Array[String]".
   at: BattlefieldGeometry.get_obstacle_ids_at_point (res://battle/geometry/battlefield_geometry.gd:585)
   GDScript backtrace (most recent call first):
       [0] get_obstacle_ids_at_point (res://battle/geometry/battlefield_geometry.gd:585)
       [1] get_movement_blocking_obstacle_id_at (res://battle/geometry/battlefield_geometry.gd:259)
       [2] cover_hustle_multiplier (res://battle/runtime/battle_movement_service.gd:164)
       [3] _advance_participant (res://battle/runtime/battle_movement_service.gd:78)
       [4] advance (res://battle/runtime/battle_movement_service.gd:52)
       [5] _advance_validated (res://tools/bridge_map/profile_runtime.gd:163)
       [6] advance (res://tools/bridge_map/profile_runtime.gd:32)
       [7] run (res://tools/bridge_perf/benchmark.gd:25)
SCRIPT ERROR: Trying to assign an array of type "Array" to a variable of type "Array[String]".
   at: BattlefieldGeometry.get_obstacle_ids_at_point (res://battle/geometry/battlefield_geometry.gd:585)
   GDScript backtrace (most recent call first):
       [0] get_obstacle_ids_at_point (res://battle/geometry/battlefield_geometry.gd:585)
       [1] get_movement_blocking_obstacle_id_at (res://battle/geometry/battlefield_geometry.gd:259)
       [2] _blocking_obstacle_at (res://battle/geometry/battle_spatial_service.gd:414)
       [3] resolve_translation (res://battle/geometry/battle_spatial_service.gd:65)
       [4] _advance_participant (res://battle/runtime/battle_movement_service.gd:103)
       [5] advance (res://battle/runtime/battle_movement_service.gd:52)
       [6] _advance_validated (res://tools/bridge_map/profile_runtime.gd:163)
       [7] advance (res://tools/bridge_map/profile_runtime.gd:32)
       [8] run (res://tools/bridge_perf/benchmark.gd:25)
SCRIPT ERROR: Trying to assign an array of type "Array" to a variable of type "Array[String]".
   at: BattlefieldGeometry.get_obstacle_ids_at_point (res://battle/geometry/battlefield_geometry.gd:585)
   GDScript backtrace (most recent call first):
       [0] get_obstacle_ids_at_point (res://battle/geometry/battlefield_geometry.gd:585)
       [1] get_movement_blocking_obstacle_id_at (res://battle/geometry/battlefield_geometry.gd:259)
       [2] _blocking_obstacle_at (res://battle/geometry/battle_spatial_service.gd:414)
       [3] _resolve_legal_translation (res://battle/geometry/battle_spatial_service.gd:294)
       [4] resolve_translation (res://battle/geometry/battle_spatial_service.gd:95)
       [5] _advance_participant (res://battle/runtime/battle_movement_service.gd:103)
       [6] advance (res://battle/runtime/battle_movement_service.gd:52)
       [7] _advance_validated (res://tools/bridge_map/profile_runtime.gd:163)
       [8] advance (res://tools/bridge_map/profile_runtime.gd:32)
       [9] run (res://tools/bridge_perf/benchmark.gd:25)
SCRIPT ERROR: Trying to assign an array of type "Array" to a variable of type "Array[String]".
   at: BattlefieldGeometry.get_obstacle_ids_at_point (res://battle/geometry/battlefield_geometry.gd:585)
   GDScript backtrace (most recent call first):
       [0] get_obstacle_ids_at_point (res://battle/geometry/battlefield_geometry.gd:585)
       [1] get_movement_blocking_obstacle_id_at (res://battle/geometry/battlefield_geometry.gd:259)
       [2] cover_hustle_multiplier (res://battle/runtime/battle_movement_service.gd:164)
       [3] _advance_participant (res://battle/runtime/battle_movement_service.gd:78)
       [4] advance (res://battle/runtime/battle_movement_service.gd:52)
       [5] _advance_validated (res://tools/bridge_map/profile_runtime.gd:163)
       [6] advance (res://tools/bridge_map/profile_runtime.gd:32)
       [7] run (res://tools/bridge_perf/benchmark.gd:25)
SCRIPT ERROR: Trying to assign an array of type "Array" to a variable of type "Array[String]".
   at: BattlefieldGeometry.get_obstacle_ids_at_point (res://battle/geometry/battlefield_geometry.gd:585)
   GDScript backtrace (most recent call first):
       [0] get_obstacle_ids_at_point (res://battle/geometry/battlefield_geometry.gd:585)
       [1] get_movement_blocking_obstacle_id_at (res://battle/geometry/battlefield_geometry.gd:259)
       [2] _blocking_obstacle_at (res://battle/geometry/battle_spatial_service.gd:414)
       [3] resolve_translation (res://battle/geometry/battle_spatial_service.gd:65)
       [4] _advance_participant (res://battle/runtime/battle_movement_service.gd:103)
       [5] advance (res://battle/runtime/battle_movement_service.gd:52)
       [6] _advance_validated (res://tools/bridge_map/profile_runtime.gd:163)
       [7] advance (res://tools/bridge_map/profile_runtime.gd:32)
       [8] run (res://tools/bridge_perf/benchmark.gd:25)
SCRIPT ERROR: Trying to assign an array of type "Array" to a variable of type "Array[String]".
   at: BattlefieldGeometry.get_obstacle_ids_at_point (res://battle/geometry/battlefield_geometry.gd:585)
   GDScript backtrace (most recent call first):
       [0] get_obstacle_ids_at_point (res://battle/geometry/battlefield_geometry.gd:585)
       [1] get_movement_blocking_obstacle_id_at (res://battle/geometry/battlefield_geometry.gd:259)
       [2] _blocking_obstacle_at (res://battle/geometry/battle_spatial_service.gd:414)
       [3] _resolve_legal_translation (res://battle/geometry/battle_spatial_service.gd:294)
       [4] resolve_translation (res://battle/geometry/battle_spatial_service.gd:95)
       [5] _advance_participant (res://battle/runtime/battle_movement_service.gd:103)
       [6] advance (res://battle/runtime/battle_movement_service.gd:52)
       [7] _advance_validated (res://tools/bridge_map/profile_runtime.gd:163)
       [8] advance (res://tools/bridge_map/profile_runtime.gd:32)
       [9] run (res://tools/bridge_perf/benchmark.gd:25)
SCRIPT ERROR: Trying to assign an array of type "Array" to a variable of type "Array[String]".
   at: BattlefieldGeometry.get_obstacle_ids_at_point (res://battle/geometry/battlefield_geometry.gd:585)
   GDScript backtrace (most recent call first):
       [0] get_obstacle_ids_at_point (res://battle/geometry/battlefield_geometry.gd:585)
       [1] get_movement_blocking_obstacle_id_at (res://battle/geometry/battlefield_geometry.gd:259)
       [2] cover_hustle_multiplier (res://battle/runtime/battle_movement_service.gd:164)
       [3] _advance_participant (res://battle/runtime/battle_movement_service.gd:78)
       [4] advance (res://battle/runtime/battle_movement_service.gd:52)
       [5] _advance_validated (res://tools/bridge_map/profile_runtime.gd:163)
       [6] advance (res://tools/bridge_map/profile_runtime.gd:32)
       [7] run (res://tools/bridge_perf/benchmark.gd:25)
SCRIPT ERROR: Trying to assign an array of type "Array" to a variable of type "Array[String]".
   at: BattlefieldGeometry.get_obstacle_ids_at_point (res://battle/geometry/battlefield_geometry.gd:585)
   GDScript backtrace (most recent call first):
       [0] get_obstacle_ids_at_point (res://battle/geometry/battlefield_geometry.gd:585)
       [1] get_movement_blocking_obstacle_id_at (res://battle/geometry/battlefield_geometry.gd:259)
       [2] _blocking_obstacle_at (res://battle/geometry/battle_spatial_service.gd:414)
       [3] resolve_translation (res://battle/geometry/battle_spatial_service.gd:65)
       [4] _advance_participant (res://battle/runtime/battle_movement_service.gd:103)
       [5] advance (res://battle/runtime/battle_movement_service.gd:52)
       [6] _advance_validated (res://tools/bridge_map/profile_runtime.gd:163)
       [7] advance (res://tools/bridge_map/profile_runtime.gd:32)
       [8] run (res://tools/bridge_perf/benchmark.gd:25)
SCRIPT ERROR: Trying to assign an array of type "Array" to a variable of type "Array[String]".
   at: BattlefieldGeometry.get_obstacle_ids_at_point (res://battle/geometry/battlefield_geometry.gd:585)
   GDScript backtrace (most recent call first):
       [0] get_obstacle_ids_at_point (res://battle/geometry/battlefield_geometry.gd:585)
       [1] get_movement_blocking_obstacle_id_at (res://battle/geometry/battlefield_geometry.gd:259)
       [2] _blocking_obstacle_at (res://battle/geometry/battle_spatial_service.gd:414)
       [3] _resolve_legal_translation (res://battle/geometry/battle_spatial_service.gd:294)
       [4] resolve_translation (res://battle/geometry/battle_spatial_service.gd:95)
       [5] _advance_participant (res://battle/runtime/battle_movement_service.gd:103)
       [6] advance (res://battle/runtime/battle_movement_service.gd:52)
       [7] _advance_validated (res://tools/bridge_map/profile_runtime.gd:163)
       [8] advance (res://tools/bridge_map/profile_runtime.gd:32)
       [9] run (res://tools/bridge_perf/benchmark.gd:25)
SCRIPT ERROR: Trying to assign an array of type "Array" to a variable of type "Array[String]".
   at: BattlefieldGeometry.get_obstacle_ids_at_point (res://battle/geometry/battlefield_geometry.gd:585)
   GDScript backtrace (most recent call first):
       [0] get_obstacle_ids_at_point (res://battle/geometry/battlefield_geometry.gd:585)
       [1] get_movement_blocking_obstacle_id_at (res://battle/geometry/battlefield_geometry.gd:259)
       [2] cover_hustle_multiplier (res://battle/runtime/battle_movement_service.gd:164)
       [3] _advance_participant (res://battle/runtime/battle_movement_service.gd:78)
       [4] advance (res://battle/runtime/battle_movement_service.gd:52)
       [5] _advance_validated (res://tools/bridge_map/profile_runtime.gd:163)
       [6] advance (res://tools/bridge_map/profile_runtime.gd:32)
       [7] run (res://tools/bridge_perf/benchmark.gd:25)
SCRIPT ERROR: Trying to assign an array of type "Array" to a variable of type "Array[String]".
   at: BattlefieldGeometry.get_obstacle_ids_at_point (res://battle/geometry/battlefield_geometry.gd:585)
   GDScript backtrace (most recent call first):
       [0] get_obstacle_ids_at_point (res://battle/geometry/battlefield_geometry.gd:585)
       [1] get_movement_blocking_obstacle_id_at (res://battle/geometry/battlefield_geometry.gd:259)
       [2] _blocking_obstacle_at (res://battle/geometry/battle_spatial_service.gd:414)
       [3] resolve_translation (res://battle/geometry/battle_spatial_service.gd:65)
       [4] _advance_participant (res://battle/runtime/battle_movement_service.gd:103)
       [5] advance (res://battle/runtime/battle_movement_service.gd:52)
       [6] _advance_validated (res://tools/bridge_map/profile_runtime.gd:163)
       [7] advance (res://tools/bridge_map/profile_runtime.gd:32)
       [8] run (res://tools/bridge_perf/benchmark.gd:25)
SCRIPT ERROR: Trying to assign an array of type "Array" to a variable of type "Array[String]".
   at: BattlefieldGeometry.get_obstacle_ids_at_point (res://battle/geometry/battlefield_geometry.gd:585)
   GDScript backtrace (most recent call first):
       [0] get_obstacle_ids_at_point (res://battle/geometry/battlefield_geometry.gd:585)
       [1] get_movement_blocking_obstacle_id_at (res://battle/geometry/battlefield_geometry.gd:259)
       [2] _blocking_obstacle_at (res://battle/geometry/battle_spatial_service.gd:414)
       [3] _resolve_legal_translation (res://battle/geometry/battle_spatial_service.gd:294)
       [4] resolve_translation (res://battle/geometry/battle_spatial_service.gd:95)
       [5] _advance_participant (res://battle/runtime/battle_movement_service.gd:103)
       [6] advance (res://battle/runtime/battle_movement_service.gd:52)
       [7] _advance_validated (res://tools/bridge_map/profile_runtime.gd:163)
       [8] advance (res://tools/bridge_map/profile_runtime.gd:32)
       [9] run (res://tools/bridge_perf/benchmark.gd:25)
SCRIPT ERROR: Trying to assign an array of type "Array" to a variable of type "Array[String]".
   at: BattlefieldGeometry.get_obstacle_ids_at_point (res://battle/geometry/battlefield_geometry.gd:585)
   GDScript backtrace (most recent call first):
       [0] get_obstacle_ids_at_point (res://battle/geometry/battlefield_geometry.gd:585)
       [1] get_movement_blocking_obstacle_id_at (res://battle/geometry/battlefield_geometry.gd:259)
       [2] cover_hustle_multiplier (res://battle/runtime/battle_movement_service.gd:164)
       [3] _advance_participant (res://battle/runtime/battle_movement_service.gd:78)
       [4] advance (res://battle/runtime/battle_movement_service.gd:52)
       [5] _advance_validated (res://tools/bridge_map/profile_runtime.gd:163)
       [6] advance (res://tools/bridge_map/profile_runtime.gd:32)
       [7] run (res://tools/bridge_perf/benchmark.gd:25)
SCRIPT ERROR: Trying to assign an array of type "Array" to a variable of type "Array[String]".
   at: BattlefieldGeometry.get_obstacle_ids_at_point (res://battle/geometry/battlefield_geometry.gd:585)
   GDScript backtrace (most recent call first):
       [0] get_obstacle_ids_at_point (res://battle/geometry/battlefield_geometry.gd:585)
       [1] get_movement_blocking_obstacle_id_at (res://battle/geometry/battlefield_geometry.gd:259)
       [2] _blocking_obstacle_at (res://battle/geometry/battle_spatial_service.gd:414)
       [3] resolve_translation (res://battle/geometry/battle_spatial_service.gd:65)
       [4] _advance_participant (res://battle/runtime/battle_movement_service.gd:103)
       [5] advance (res://battle/runtime/battle_movement_service.gd:52)
       [6] _advance_validated (res://tools/bridge_map/profile_runtime.gd:163)
       [7] advance (res://tools/bridge_map/profile_runtime.gd:32)
       [8] run (res://tools/bridge_perf/benchmark.gd:25)
SCRIPT ERROR: Trying to assign an array of type "Array" to a variable of type "Array[String]".
   at: BattlefieldGeometry.get_obstacle_ids_at_point (res://battle/geometry/battlefield_geometry.gd:585)
   GDScript backtrace (most recent call first):
       [0] get_obstacle_ids_at_point (res://battle/geometry/battlefield_geometry.gd:585)
       [1] get_movement_blocking_obstacle_id_at (res://battle/geometry/battlefield_geometry.gd:259)
       [2] _blocking_obstacle_at (res://battle/geometry/battle_spatial_service.gd:414)
       [3] _resolve_legal_translation (res://battle/geometry/battle_spatial_service.gd:294)
       [4] resolve_translation (res://battle/geometry/battle_spatial_service.gd:95)
       [5] _advance_participant (res://battle/runtime/battle_movement_service.gd:103)
       [6] advance (res://battle/runtime/battle_movement_service.gd:52)
       [7] _advance_validated (res://tools/bridge_map/profile_runtime.gd:163)
       [8] advance (res://tools/bridge_map/profile_runtime.gd:32)
       [9] run (res://tools/bridge_perf/benchmark.gd:25)
SCRIPT ERROR: Trying to assign an array of type "Array" to a variable of type "Array[String]".
   at: BattlefieldGeometry.get_obstacle_ids_at_point (res://battle/geometry/battlefield_geometry.gd:585)
   GDScript backtrace (most recent call first):
       [0] get_obstacle_ids_at_point (res://battle/geometry/battlefield_geometry.gd:585)
       [1] get_movement_blocking_obstacle_id_at (res://battle/geometry/battlefield_geometry.gd:259)
       [2] cover_hustle_multiplier (res://battle/runtime/battle_movement_service.gd:164)
       [3] _advance_participant (res://battle/runtime/battle_movement_service.gd:78)
       [4] advance (res://battle/runtime/battle_movement_service.gd:52)
       [5] _advance_validated (res://tools/bridge_map/profile_runtime.gd:163)
       [6] advance (res://tools/bridge_map/profile_runtime.gd:32)
       [7] run (res://tools/bridge_perf/benchmark.gd:25)
SCRIPT ERROR: Trying to assign an array of type "Array" to a variable of type "Array[String]".
   at: BattlefieldGeometry.get_obstacle_ids_at_point (res://battle/geometry/battlefield_geometry.gd:585)
   GDScript backtrace (most recent call first):
       [0] get_obstacle_ids_at_point (res://battle/geometry/battlefield_geometry.gd:585)
       [1] get_movement_blocking_obstacle_id_at (res://battle/geometry/battlefield_geometry.gd:259)
       [2] _blocking_obstacle_at (res://battle/geometry/battle_spatial_service.gd:414)
       [3] resolve_translation (res://battle/geometry/battle_spatial_service.gd:65)
       [4] _advance_participant (res://battle/runtime/battle_movement_service.gd:103)
       [5] advance (res://battle/runtime/battle_movement_service.gd:52)
       [6] _advance_validated (res://tools/bridge_map/profile_runtime.gd:163)
       [7] advance (res://tools/bridge_map/profile_runtime.gd:32)
       [8] run (res://tools/bridge_perf/benchmark.gd:25)
SCRIPT ERROR: Trying to assign an array of type "Array" to a variable of type "Array[String]".
   at: BattlefieldGeometry.get_obstacle_ids_at_point (res://battle/geometry/battlefield_geometry.gd:585)
   GDScript backtrace (most recent call first):
       [0] get_obstacle_ids_at_point (res://battle/geometry/battlefield_geometry.gd:585)
       [1] get_movement_blocking_obstacle_id_at (res://battle/geometry/battlefield_geometry.gd:259)
       [2] _blocking_obstacle_at (res://battle/geometry/battle_spatial_service.gd:414)
       [3] _resolve_legal_translation (res://battle/geometry/battle_spatial_service.gd:294)
       [4] resolve_translation (res://battle/geometry/battle_spatial_service.gd:95)
       [5] _advance_participant (res://battle/runtime/battle_movement_service.gd:103)
       [6] advance (res://battle/runtime/battle_movement_service.gd:52)
       [7] _advance_validated (res://tools/bridge_map/profile_runtime.gd:163)
       [8] advance (res://tools/bridge_map/profile_runtime.gd:32)
       [9] run (res://tools/bridge_perf/benchmark.gd:25)
SCRIPT ERROR: Trying to assign an array of type "Array" to a variable of type "Array[String]".
   at: BattlefieldGeometry.get_obstacle_ids_at_point (res://battle/geometry/battlefield_geometry.gd:585)
   GDScript backtrace (most recent call first):
       [0] get_obstacle_ids_at_point (res://battle/geometry/battlefield_geometry.gd:585)
       [1] get_movement_blocking_obstacle_id_at (res://battle/geometry/battlefield_geometry.gd:259)
       [2] cover_hustle_multiplier (res://battle/runtime/battle_movement_service.gd:164)
       [3] _advance_participant (res://battle/runtime/battle_movement_service.gd:78)
       [4] advance (res://battle/runtime/battle_movement_service.gd:52)
       [5] _advance_validated (res://tools/bridge_map/profile_runtime.gd:163)
       [6] advance (res://tools/bridge_map/profile_runtime.gd:32)
       [7] run (res://tools/bridge_perf/benchmark.gd:25)
SCRIPT ERROR: Trying to assign an array of type "Array" to a variable of type "Array[String]".
   at: BattlefieldGeometry.get_obstacle_ids_at_point (res://battle/geometry/battlefield_geometry.gd:585)
   GDScript backtrace (most recent call first):
       [0] get_obstacle_ids_at_point (res://battle/geometry/battlefield_geometry.gd:585)
       [1] get_movement_blocking_obstacle_id_at (res://battle/geometry/battlefield_geometry.gd:259)
       [2] _blocking_obstacle_at (res://battle/geometry/battle_spatial_service.gd:414)
       [3] resolve_translation (res://battle/geometry/battle_spatial_service.gd:65)
       [4] _advance_participant (res://battle/runtime/battle_movement_service.gd:103)
       [5] advance (res://battle/runtime/battle_movement_service.gd:52)
       [6] _advance_validated (res://tools/bridge_map/profile_runtime.gd:163)
       [7] advance (res://tools/bridge_map/profile_runtime.gd:32)
       [8] run (res://tools/bridge_perf/benchmark.gd:25)
SCRIPT ERROR: Trying to assign an array of type "Array" to a variable of type "Array[String]".
   at: BattlefieldGeometry.get_obstacle_ids_at_point (res://battle/geometry/battlefield_geometry.gd:585)
   GDScript backtrace (most recent call first):
       [0] get_obstacle_ids_at_point (res://battle/geometry/battlefield_geometry.gd:585)
       [1] get_movement_blocking_obstacle_id_at (res://battle/geometry/battlefield_geometry.gd:259)
       [2] _blocking_obstacle_at (res://battle/geometry/battle_spatial_service.gd:414)
       [3] _resolve_legal_translation (res://battle/geometry/battle_spatial_service.gd:294)
       [4] resolve_translation (res://battle/geometry/battle_spatial_service.gd:95)
       [5] _advance_participant (res://battle/runtime/battle_movement_service.gd:103)
       [6] advance (res://battle/runtime/battle_movement_service.gd:52)
       [7] _advance_validated (res://tools/bridge_map/profile_runtime.gd:163)
       [8] advance (res://tools/bridge_map/profile_runtime.gd:32)
       [9] run (res://tools/bridge_perf/benchmark.gd:25)
SCRIPT ERROR: Trying to assign an array of type "Array" to a variable of type "Array[String]".
   at: BattlefieldGeometry.get_obstacle_ids_at_point (res://battle/geometry/battlefield_geometry.gd:585)
   GDScript backtrace (most recent call first):
       [0] get_obstacle_ids_at_point (res://battle/geometry/battlefield_geometry.gd:585)
       [1] get_movement_blocking_obstacle_id_at (res://battle/geometry/battlefield_geometry.gd:259)
       [2] cover_hustle_multiplier (res://battle/runtime/battle_movement_service.gd:164)
       [3] _advance_participant (res://battle/runtime/battle_movement_service.gd:78)
       [4] advance (res://battle/runtime/battle_movement_service.gd:52)
       [5] _advance_validated (res://tools/bridge_map/profile_runtime.gd:163)
       [6] advance (res://tools/bridge_map/profile_runtime.gd:32)
       [7] run (res://tools/bridge_perf/benchmark.gd:25)
SCRIPT ERROR: Trying to assign an array of type "Array" to a variable of type "Array[String]".
   at: BattlefieldGeometry.get_obstacle_ids_at_point (res://battle/geometry/battlefield_geometry.gd:585)
   GDScript backtrace (most recent call first):
       [0] get_obstacle_ids_at_point (res://battle/geometry/battlefield_geometry.gd:585)
       [1] get_movement_blocking_obstacle_id_at (res://battle/geometry/battlefield_geometry.gd:259)
       [2] _blocking_obstacle_at (res://battle/geometry/battle_spatial_service.gd:414)
       [3] resolve_translation (res://battle/geometry/battle_spatial_service.gd:65)
       [4] _advance_participant (res://battle/runtime/battle_movement_service.gd:103)
       [5] advance (res://battle/runtime/battle_movement_service.gd:52)
       [6] _advance_validated (res://tools/bridge_map/profile_runtime.gd:163)
       [7] advance (res://tools/bridge_map/profile_runtime.gd:32)
       [8] run (res://tools/bridge_perf/benchmark.gd:25)
SCRIPT ERROR: Trying to assign an array of type "Array" to a variable of type "Array[String]".
   at: BattlefieldGeometry.get_obstacle_ids_at_point (res://battle/geometry/battlefield_geometry.gd:585)
   GDScript backtrace (most recent call first):
       [0] get_obstacle_ids_at_point (res://battle/geometry/battlefield_geometry.gd:585)
       [1] get_movement_blocking_obstacle_id_at (res://battle/geometry/battlefield_geometry.gd:259)
       [2] _blocking_obstacle_at (res://battle/geometry/battle_spatial_service.gd:414)
       [3] _resolve_legal_translation (res://battle/geometry/battle_spatial_service.gd:294)
       [4] resolve_translation (res://battle/geometry/battle_spatial_service.gd:95)
       [5] _advance_participant (res://battle/runtime/battle_movement_service.gd:103)
       [6] advance (res://battle/runtime/battle_movement_service.gd:52)
       [7] _advance_validated (res://tools/bridge_map/profile_runtime.gd:163)
       [8] advance (res://tools/bridge_map/profile_runtime.gd:32)
       [9] run (res://tools/bridge_perf/benchmark.gd:25)
SCRIPT ERROR: Trying to assign an array of type "Array" to a variable of type "Array[String]".
   at: BattlefieldGeometry.get_obstacle_ids_at_point (res://battle/geometry/battlefield_geometry.gd:585)
   GDScript backtrace (most recent call first):
       [0] get_obstacle_ids_at_point (res://battle/geometry/battlefield_geometry.gd:585)
       [1] get_movement_blocking_obstacle_id_at (res://battle/geometry/battlefield_geometry.gd:259)
       [2] cover_hustle_multiplier (res://battle/runtime/battle_movement_service.gd:164)
       [3] _advance_participant (res://battle/runtime/battle_movement_service.gd:78)
       [4] advance (res://battle/runtime/battle_movement_service.gd:52)
       [5] _advance_validated (res://tools/bridge_map/profile_runtime.gd:163)
       [6] advance (res://tools/bridge_map/profile_runtime.gd:32)
       [7] run (res://tools/bridge_perf/benchmark.gd:25)
SCRIPT ERROR: Trying to assign an array of type "Array" to a variable of type "Array[String]".
   at: BattlefieldGeometry.get_obstacle_ids_at_point (res://battle/geometry/battlefield_geometry.gd:585)
   GDScript backtrace (most recent call first):
       [0] get_obstacle_ids_at_point (res://battle/geometry/battlefield_geometry.gd:585)
       [1] get_movement_blocking_obstacle_id_at (res://battle/geometry/battlefield_geometry.gd:259)
       [2] _blocking_obstacle_at (res://battle/geometry/battle_spatial_service.gd:414)
       [3] resolve_translation (res://battle/geometry/battle_spatial_service.gd:65)
       [4] _advance_participant (res://battle/runtime/battle_movement_service.gd:103)
       [5] advance (res://battle/runtime/battle_movement_service.gd:52)
       [6] _advance_validated (res://tools/bridge_map/profile_runtime.gd:163)
       [7] advance (res://tools/bridge_map/profile_runtime.gd:32)
       [8] run (res://tools/bridge_perf/benchmark.gd:25)
SCRIPT ERROR: Trying to assign an array of type "Array" to a variable of type "Array[String]".
   at: BattlefieldGeometry.get_obstacle_ids_at_point (res://battle/geometry/battlefield_geometry.gd:585)
   GDScript backtrace (most recent call first):
       [0] get_obstacle_ids_at_point (res://battle/geometry/battlefield_geometry.gd:585)
       [1] get_movement_blocking_obstacle_id_at (res://battle/geometry/battlefield_geometry.gd:259)
       [2] _blocking_obstacle_at (res://battle/geometry/battle_spatial_service.gd:414)
       [3] _resolve_legal_translation (res://battle/geometry/battle_spatial_service.gd:294)
       [4] resolve_translation (res://battle/geometry/battle_spatial_service.gd:95)
       [5] _advance_participant (res://battle/runtime/battle_movement_service.gd:103)
       [6] advance (res://battle/runtime/battle_movement_service.gd:52)
       [7] _advance_validated (res://tools/bridge_map/profile_runtime.gd:163)
       [8] advance (res://tools/bridge_map/profile_runtime.gd:32)
       [9] run (res://tools/bridge_perf/benchmark.gd:25)
SCRIPT ERROR: Trying to assign an array of type "Array" to a variable of type "Array[String]".
   at: BattlefieldGeometry.get_obstacle_ids_at_point (res://battle/geometry/battlefield_geometry.gd:585)
   GDScript backtrace (most recent call first):
       [0] get_obstacle_ids_at_point (res://battle/geometry/battlefield_geometry.gd:585)
       [1] get_movement_blocking_obstacle_id_at (res://battle/geometry/battlefield_geometry.gd:259)
       [2] cover_hustle_multiplier (res://battle/runtime/battle_movement_service.gd:164)
       [3] _advance_participant (res://battle/runtime/battle_movement_service.gd:78)
       [4] advance (res://battle/runtime/battle_movement_service.gd:52)
       [5] _advance_validated (res://tools/bridge_map/profile_runtime.gd:163)
       [6] advance (res://tools/bridge_map/profile_runtime.gd:32)
       [7] run (res://tools/bridge_perf/benchmark.gd:25)
SCRIPT ERROR: Trying to assign an array of type "Array" to a variable of type "Array[String]".
   at: BattlefieldGeometry.get_obstacle_ids_at_point (res://battle/geometry/battlefield_geometry.gd:585)
   GDScript backtrace (most recent call first):
       [0] get_obstacle_ids_at_point (res://battle/geometry/battlefield_geometry.gd:585)
       [1] get_movement_blocking_obstacle_id_at (res://battle/geometry/battlefield_geometry.gd:259)
       [2] _blocking_obstacle_at (res://battle/geometry/battle_spatial_service.gd:414)
       [3] resolve_translation (res://battle/geometry/battle_spatial_service.gd:65)
       [4] _advance_participant (res://battle/runtime/battle_movement_service.gd:103)
       [5] advance (res://battle/runtime/battle_movement_service.gd:52)
       [6] _advance_validated (res://tools/bridge_map/profile_runtime.gd:163)
       [7] advance (res://tools/bridge_map/profile_runtime.gd:32)
       [8] run (res://tools/bridge_perf/benchmark.gd:25)
SCRIPT ERROR: Trying to assign an array of type "Array" to a variable of type "Array[String]".
   at: BattlefieldGeometry.get_obstacle_ids_at_point (res://battle/geometry/battlefield_geometry.gd:585)
   GDScript backtrace (most recent call first):
       [0] get_obstacle_ids_at_point (res://battle/geometry/battlefield_geometry.gd:585)
       [1] get_movement_blocking_obstacle_id_at (res://battle/geometry/battlefield_geometry.gd:259)
       [2] _blocking_obstacle_at (res://battle/geometry/battle_spatial_service.gd:414)
       [3] _resolve_legal_translation (res://battle/geometry/battle_spatial_service.gd:294)
       [4] resolve_translation (res://battle/geometry/battle_spatial_service.gd:95)
       [5] _advance_participant (res://battle/runtime/battle_movement_service.gd:103)
       [6] advance (res://battle/runtime/battle_movement_service.gd:52)
       [7] _advance_validated (res://tools/bridge_map/profile_runtime.gd:163)
       [8] advance (res://tools/bridge_map/profile_runtime.gd:32)
       [9] run (res://tools/bridge_perf/benchmark.gd:25)
SCRIPT ERROR: Trying to assign an array of type "Array" to a variable of type "Array[String]".
   at: BattlefieldGeometry.get_obstacle_ids_at_point (res://battle/geometry/battlefield_geometry.gd:585)
   GDScript backtrace (most recent call first):
       [0] get_obstacle_ids_at_point (res://battle/geometry/battlefield_geometry.gd:585)
       [1] get_movement_blocking_obstacle_id_at (res://battle/geometry/battlefield_geometry.gd:259)
       [2] cover_hustle_multiplier (res://battle/runtime/battle_movement_service.gd:164)
       [3] _advance_participant (res://battle/runtime/battle_movement_service.gd:78)
       [4] advance (res://battle/runtime/battle_movement_service.gd:52)
       [5] _advance_validated (res://tools/bridge_map/profile_runtime.gd:163)
       [6] advance (res://tools/bridge_map/profile_runtime.gd:32)
       [7] run (res://tools/bridge_perf/benchmark.gd:25)
SCRIPT ERROR: Trying to assign an array of type "Array" to a variable of type "Array[String]".
   at: BattlefieldGeometry.get_obstacle_ids_at_point (res://battle/geometry/battlefield_geometry.gd:585)
   GDScript backtrace (most recent call first):
       [0] get_obstacle_ids_at_point (res://battle/geometry/battlefield_geometry.gd:585)
       [1] get_movement_blocking_obstacle_id_at (res://battle/geometry/battlefield_geometry.gd:259)
       [2] _blocking_obstacle_at (res://battle/geometry/battle_spatial_service.gd:414)
       [3] resolve_translation (res://battle/geometry/battle_spatial_service.gd:65)
       [4] _advance_participant (res://battle/runtime/battle_movement_service.gd:103)
       [5] advance (res://battle/runtime/battle_movement_service.gd:52)
       [6] _advance_validated (res://tools/bridge_map/profile_runtime.gd:163)
       [7] advance (res://tools/bridge_map/profile_runtime.gd:32)
       [8] run (res://tools/bridge_perf/benchmark.gd:25)
SCRIPT ERROR: Trying to assign an array of type "Array" to a variable of type "Array[String]".
   at: BattlefieldGeometry.get_obstacle_ids_at_point (res://battle/geometry/battlefield_geometry.gd:585)
   GDScript backtrace (most recent call first):
       [0] get_obstacle_ids_at_point (res://battle/geometry/battlefield_geometry.gd:585)
       [1] get_movement_blocking_obstacle_id_at (res://battle/geometry/battlefield_geometry.gd:259)
       [2] _blocking_obstacle_at (res://battle/geometry/battle_spatial_service.gd:414)
       [3] _resolve_legal_translation (res://battle/geometry/battle_spatial_service.gd:294)
       [4] resolve_translation (res://battle/geometry/battle_spatial_service.gd:95)
       [5] _advance_participant (res://battle/runtime/battle_movement_service.gd:103)
       [6] advance (res://battle/runtime/battle_movement_service.gd:52)
       [7] _advance_validated (res://tools/bridge_map/profile_runtime.gd:163)
       [8] advance (res://tools/bridge_map/profile_runtime.gd:32)
       [9] run (res://tools/bridge_perf/benchmark.gd:25)
SCRIPT ERROR: Trying to assign an array of type "Array" to a variable of type "Array[String]".
   at: BattlefieldGeometry.get_obstacle_ids_at_point (res://battle/geometry/battlefield_geometry.gd:585)
   GDScript backtrace (most recent call first):
       [0] get_obstacle_ids_at_point (res://battle/geometry/battlefield_geometry.gd:585)
       [1] get_movement_blocking_obstacle_id_at (res://battle/geometry/battlefield_geometry.gd:259)
       [2] cover_hustle_multiplier (res://battle/runtime/battle_movement_service.gd:164)
       [3] _advance_participant (res://battle/runtime/battle_movement_service.gd:78)
       [4] advance (res://battle/runtime/battle_movement_service.gd:52)
       [5] _advance_validated (res://tools/bridge_map/profile_runtime.gd:163)
       [6] advance (res://tools/bridge_map/profile_runtime.gd:32)
       [7] run (res://tools/bridge_perf/benchmark.gd:25)
SCRIPT ERROR: Trying to assign an array of type "Array" to a variable of type "Array[String]".
   at: BattlefieldGeometry.get_obstacle_ids_at_point (res://battle/geometry/battlefield_geometry.gd:585)
   GDScript backtrace (most recent call first):
       [0] get_obstacle_ids_at_point (res://battle/geometry/battlefield_geometry.gd:585)
       [1] get_movement_blocking_obstacle_id_at (res://battle/geometry/battlefield_geometry.gd:259)
       [2] _blocking_obstacle_at (res://battle/geometry/battle_spatial_service.gd:414)
       [3] resolve_translation (res://battle/geometry/battle_spatial_service.gd:65)
       [4] _advance_participant (res://battle/runtime/battle_movement_service.gd:103)
       [5] advance (res://battle/runtime/battle_movement_service.gd:52)
       [6] _advance_validated (res://tools/bridge_map/profile_runtime.gd:163)
       [7] advance (res://tools/bridge_map/profile_runtime.gd:32)
       [8] run (res://tools/bridge_perf/benchmark.gd:25)
SCRIPT ERROR: Trying to assign an array of type "Array" to a variable of type "Array[String]".
   at: BattlefieldGeometry.get_obstacle_ids_at_point (res://battle/geometry/battlefield_geometry.gd:585)
   GDScript backtrace (most recent call first):
       [0] get_obstacle_ids_at_point (res://battle/geometry/battlefield_geometry.gd:585)
       [1] get_movement_blocking_obstacle_id_at (res://battle/geometry/battlefield_geometry.gd:259)
       [2] _blocking_obstacle_at (res://battle/geometry/battle_spatial_service.gd:414)
       [3] _resolve_legal_translation (res://battle/geometry/battle_spatial_service.gd:294)
       [4] resolve_translation (res://battle/geometry/battle_spatial_service.gd:95)
       [5] _advance_participant (res://battle/runtime/battle_movement_service.gd:103)
       [6] advance (res://battle/runtime/battle_movement_service.gd:52)
       [7] _advance_validated (res://tools/bridge_map/profile_runtime.gd:163)
       [8] advance (res://tools/bridge_map/profile_runtime.gd:32)
       [9] run (res://tools/bridge_perf/benchmark.gd:25)
BENCH_PROGRESS visibility16 { "sim_seconds": 5.99999999999999, "mean_update_ms": 16.07395, "fps_snapshot": 47.0 }
BENCH_PROGRESS visibility16 { "sim_seconds": 12.0, "mean_update_ms": 12.9533166666667, "fps_snapshot": 55.0 }
BENCH_PROGRESS visibility16 { "sim_seconds": 18.0000000000001, "mean_update_ms": 12.764625, "fps_snapshot": 54.0 }
SCRIPT ERROR: Trying to assign an array of type "Array" to a variable of type "Array[String]".
   at: BattlefieldGeometry.get_obstacle_ids_at_point (res://battle/geometry/battlefield_geometry.gd:585)
   GDScript backtrace (most recent call first):
       [0] get_obstacle_ids_at_point (res://battle/geometry/battlefield_geometry.gd:585)
       [1] get_movement_blocking_obstacle_id_at (res://battle/geometry/battlefield_geometry.gd:259)
       [2] _blocking_obstacle_id (res://battle/navigation/battle_navigation_service.gd:610)
       [3] _is_legal_candidate (res://battle/navigation/battle_navigation_service.gd:316)
       [4] _query_reachability (res://battle/navigation/battle_navigation_service.gd:35)
       [5] is_reachable (res://battle/navigation/battle_navigation_service.gd:28)
       [6] _slot_is_reachable (res://battle/combat/battle_combat_cover_evaluation_service.gd:795)
       [7] first_reachable_ranked_slot (res://battle/combat/battle_combat_cover_evaluation_service.gd:599)
       [8] select_best_local_cover_slot (res://battle/combat/battle_defend_position_service.gd:88)
       [9] _update_defend_position_behavior (res://battle/combat/battle_combat_behavior_service.gd:502)
       [10] advance (res://battle/combat/battle_combat_behavior_service.gd:190)
       [11] _advance_validated (res://tools/bridge_map/profile_runtime.gd:125)
       [12] advance (res://tools/bridge_map/profile_runtime.gd:32)
       [13] run (res://tools/bridge_perf/benchmark.gd:25)
SCRIPT ERROR: Trying to assign an array of type "Array" to a variable of type "Array[String]".
   at: BattlefieldGeometry.get_obstacle_ids_at_point (res://battle/geometry/battlefield_geometry.gd:585)
   GDScript backtrace (most recent call first):
       [0] get_obstacle_ids_at_point (res://battle/geometry/battlefield_geometry.gd:585)
       [1] get_movement_blocking_obstacle_id_at (res://battle/geometry/battlefield_geometry.gd:259)
       [2] _blocking_obstacle_at (res://battle/geometry/battle_spatial_service.gd:414)
       [3] resolve_translation (res://battle/geometry/battle_spatial_service.gd:65)
       [4] is_translation_clear (res://battle/geometry/battle_spatial_service.gd:155)
       [5] _query_reachability (res://battle/navigation/battle_navigation_service.gd:40)
       [6] is_reachable (res://battle/navigation/battle_navigation_service.gd:28)
       [7] _slot_is_reachable (res://battle/combat/battle_combat_cover_evaluation_service.gd:795)
       [8] first_reachable_ranked_slot (res://battle/combat/battle_combat_cover_evaluation_service.gd:599)
       [9] select_best_local_cover_slot (res://battle/combat/battle_defend_position_service.gd:88)
       [10] _update_defend_position_behavior (res://battle/combat/battle_combat_behavior_service.gd:502)
       [11] advance (res://battle/combat/battle_combat_behavior_service.gd:190)
       [12] _advance_validated (res://tools/bridge_map/profile_runtime.gd:125)
       [13] advance (res://tools/bridge_map/profile_runtime.gd:32)
       [14] run (res://tools/bridge_perf/benchmark.gd:25)
SCRIPT ERROR: Trying to assign an array of type "Array" to a variable of type "Array[String]".
   at: BattlefieldGeometry.get_obstacle_ids_at_point (res://battle/geometry/battlefield_geometry.gd:585)
   GDScript backtrace (most recent call first):
       [0] get_obstacle_ids_at_point (res://battle/geometry/battlefield_geometry.gd:585)
       [1] get_movement_blocking_obstacle_id_at (res://battle/geometry/battlefield_geometry.gd:259)
       [2] _blocking_obstacle_id (res://battle/navigation/battle_navigation_service.gd:610)
       [3] _find_path (res://battle/navigation/battle_navigation_service.gd:156)
       [4] find_path (res://battle/navigation/battle_navigation_service.gd:96)
       [5] _find_combat_navigation_path (res://battle/combat/battle_combat_behavior_service.gd:2014)
       [6] _navigate_to_cover (res://battle/combat/battle_combat_behavior_service.gd:2248)
       [7] _pursue_defend_cover (res://battle/combat/battle_combat_behavior_service.gd:651)
       [8] _update_defend_position_behavior (res://battle/combat/battle_combat_behavior_service.gd:512)
       [9] advance (res://battle/combat/battle_combat_behavior_service.gd:190)
       [10] _advance_validated (res://tools/bridge_map/profile_runtime.gd:125)
       [11] advance (res://tools/bridge_map/profile_runtime.gd:32)
       [12] run (res://tools/bridge_perf/benchmark.gd:25)
SCRIPT ERROR: Trying to assign an array of type "Array" to a variable of type "Array[String]".
   at: BattlefieldGeometry.get_obstacle_ids_at_point (res://battle/geometry/battlefield_geometry.gd:585)
   GDScript backtrace (most recent call first):
       [0] get_obstacle_ids_at_point (res://battle/geometry/battlefield_geometry.gd:585)
       [1] get_movement_blocking_obstacle_id_at (res://battle/geometry/battlefield_geometry.gd:259)
       [2] _blocking_obstacle_at (res://battle/geometry/battle_spatial_service.gd:414)
       [3] resolve_translation (res://battle/geometry/battle_spatial_service.gd:65)
       [4] is_translation_clear (res://battle/geometry/battle_spatial_service.gd:155)
       [5] _find_path (res://battle/navigation/battle_navigation_service.gd:194)
       [6] find_path (res://battle/navigation/battle_navigation_service.gd:96)
       [7] _find_combat_navigation_path (res://battle/combat/battle_combat_behavior_service.gd:2014)
       [8] _navigate_to_cover (res://battle/combat/battle_combat_behavior_service.gd:2248)
       [9] _pursue_defend_cover (res://battle/combat/battle_combat_behavior_service.gd:651)
       [10] _update_defend_position_behavior (res://battle/combat/battle_combat_behavior_service.gd:512)
       [11] advance (res://battle/combat/battle_combat_behavior_service.gd:190)
       [12] _advance_validated (res://tools/bridge_map/profile_runtime.gd:125)
       [13] advance (res://tools/bridge_map/profile_runtime.gd:32)
       [14] run (res://tools/bridge_perf/benchmark.gd:25)
SCRIPT ERROR: Trying to assign an array of type "Array" to a variable of type "Array[String]".
   at: BattlefieldGeometry.get_obstacle_ids_at_point (res://battle/geometry/battlefield_geometry.gd:585)
   GDScript backtrace (most recent call first):
       [0] get_obstacle_ids_at_point (res://battle/geometry/battlefield_geometry.gd:585)
       [1] get_movement_blocking_obstacle_id_at (res://battle/geometry/battlefield_geometry.gd:259)
       [2] cover_hustle_multiplier (res://battle/runtime/battle_movement_service.gd:164)
       [3] _advance_participant (res://battle/runtime/battle_movement_service.gd:78)
       [4] advance (res://battle/runtime/battle_movement_service.gd:52)
       [5] _advance_validated (res://tools/bridge_map/profile_runtime.gd:163)
       [6] advance (res://tools/bridge_map/profile_runtime.gd:32)
       [7] run (res://tools/bridge_perf/benchmark.gd:25)
SCRIPT ERROR: Trying to assign an array of type "Array" to a variable of type "Array[String]".
   at: BattlefieldGeometry.get_obstacle_ids_at_point (res://battle/geometry/battlefield_geometry.gd:585)
   GDScript backtrace (most recent call first):
       [0] get_obstacle_ids_at_point (res://battle/geometry/battlefield_geometry.gd:585)
       [1] get_movement_blocking_obstacle_id_at (res://battle/geometry/battlefield_geometry.gd:259)
       [2] _blocking_obstacle_at (res://battle/geometry/battle_spatial_service.gd:414)
       [3] resolve_translation (res://battle/geometry/battle_spatial_service.gd:65)
       [4] _advance_participant (res://battle/runtime/battle_movement_service.gd:103)
       [5] advance (res://battle/runtime/battle_movement_service.gd:52)
       [6] _advance_validated (res://tools/bridge_map/profile_runtime.gd:163)
       [7] advance (res://tools/bridge_map/profile_runtime.gd:32)
       [8] run (res://tools/bridge_perf/benchmark.gd:25)
SCRIPT ERROR: Trying to assign an array of type "Array" to a variable of type "Array[String]".
   at: BattlefieldGeometry.get_obstacle_ids_at_point (res://battle/geometry/battlefield_geometry.gd:585)
   GDScript backtrace (most recent call first):
       [0] get_obstacle_ids_at_point (res://battle/geometry/battlefield_geometry.gd:585)
       [1] get_movement_blocking_obstacle_id_at (res://battle/geometry/battlefield_geometry.gd:259)
       [2] _blocking_obstacle_at (res://battle/geometry/battle_spatial_service.gd:414)
       [3] _resolve_legal_translation (res://battle/geometry/battle_spatial_service.gd:294)
       [4] resolve_translation (res://battle/geometry/battle_spatial_service.gd:95)
       [5] _advance_participant (res://battle/runtime/battle_movement_service.gd:103)
       [6] advance (res://battle/runtime/battle_movement_service.gd:52)
       [7] _advance_validated (res://tools/bridge_map/profile_runtime.gd:163)
       [8] advance (res://tools/bridge_map/profile_runtime.gd:32)
       [9] run (res://tools/bridge_perf/benchmark.gd:25)
SCRIPT ERROR: Trying to assign an array of type "Array" to a variable of type "Array[String]".
   at: BattlefieldGeometry.get_obstacle_ids_at_point (res://battle/geometry/battlefield_geometry.gd:585)
   GDScript backtrace (most recent call first):
       [0] get_obstacle_ids_at_point (res://battle/geometry/battlefield_geometry.gd:585)
       [1] get_movement_blocking_obstacle_id_at (res://battle/geometry/battlefield_geometry.gd:259)
       [2] cover_hustle_multiplier (res://battle/runtime/battle_movement_service.gd:164)
       [3] _advance_participant (res://battle/runtime/battle_movement_service.gd:78)
       [4] advance (res://battle/runtime/battle_movement_service.gd:52)
       [5] _advance_validated (res://tools/bridge_map/profile_runtime.gd:163)
       [6] advance (res://tools/bridge_map/profile_runtime.gd:32)
       [7] run (res://tools/bridge_perf/benchmark.gd:25)
SCRIPT ERROR: Trying to assign an array of type "Array" to a variable of type "Array[String]".
   at: BattlefieldGeometry.get_obstacle_ids_at_point (res://battle/geometry/battlefield_geometry.gd:585)
   GDScript backtrace (most recent call first):
       [0] get_obstacle_ids_at_point (res://battle/geometry/battlefield_geometry.gd:585)
       [1] get_movement_blocking_obstacle_id_at (res://battle/geometry/battlefield_geometry.gd:259)
       [2] _blocking_obstacle_at (res://battle/geometry/battle_spatial_service.gd:414)
       [3] resolve_translation (res://battle/geometry/battle_spatial_service.gd:65)
       [4] _advance_participant (res://battle/runtime/battle_movement_service.gd:103)
       [5] advance (res://battle/runtime/battle_movement_service.gd:52)
       [6] _advance_validated (res://tools/bridge_map/profile_runtime.gd:163)
       [7] advance (res://tools/bridge_map/profile_runtime.gd:32)
       [8] run (res://tools/bridge_perf/benchmark.gd:25)
SCRIPT ERROR: Trying to assign an array of type "Array" to a variable of type "Array[String]".
   at: BattlefieldGeometry.get_obstacle_ids_at_point (res://battle/geometry/battlefield_geometry.gd:585)
   GDScript backtrace (most recent call first):
       [0] get_obstacle_ids_at_point (res://battle/geometry/battlefield_geometry.gd:585)
       [1] get_movement_blocking_obstacle_id_at (res://battle/geometry/battlefield_geometry.gd:259)
       [2] _blocking_obstacle_at (res://battle/geometry/battle_spatial_service.gd:414)
       [3] _resolve_legal_translation (res://battle/geometry/battle_spatial_service.gd:294)
       [4] resolve_translation (res://battle/geometry/battle_spatial_service.gd:95)
       [5] _advance_participant (res://battle/runtime/battle_movement_service.gd:103)
       [6] advance (res://battle/runtime/battle_movement_service.gd:52)
       [7] _advance_validated (res://tools/bridge_map/profile_runtime.gd:163)
       [8] advance (res://tools/bridge_map/profile_runtime.gd:32)
       [9] run (res://tools/bridge_perf/benchmark.gd:25)
SCRIPT ERROR: Trying to assign an array of type "Array" to a variable of type "Array[String]".
   at: BattlefieldGeometry.get_obstacle_ids_at_point (res://battle/geometry/battlefield_geometry.gd:585)
   GDScript backtrace (most recent call first):
       [0] get_obstacle_ids_at_point (res://battle/geometry/battlefield_geometry.gd:585)
       [1] get_movement_blocking_obstacle_id_at (res://battle/geometry/battlefield_geometry.gd:259)
       [2] cover_hustle_multiplier (res://battle/runtime/battle_movement_service.gd:164)
       [3] _advance_participant (res://battle/runtime/battle_movement_service.gd:78)
       [4] advance (res://battle/runtime/battle_movement_service.gd:52)
       [5] _advance_validated (res://tools/bridge_map/profile_runtime.gd:163)
       [6] advance (res://tools/bridge_map/profile_runtime.gd:32)
       [7] run (res://tools/bridge_perf/benchmark.gd:25)
SCRIPT ERROR: Trying to assign an array of type "Array" to a variable of type "Array[String]".
   at: BattlefieldGeometry.get_obstacle_ids_at_point (res://battle/geometry/battlefield_geometry.gd:585)
   GDScript backtrace (most recent call first):
       [0] get_obstacle_ids_at_point (res://battle/geometry/battlefield_geometry.gd:585)
       [1] get_movement_blocking_obstacle_id_at (res://battle/geometry/battlefield_geometry.gd:259)
       [2] _blocking_obstacle_at (res://battle/geometry/battle_spatial_service.gd:414)
       [3] resolve_translation (res://battle/geometry/battle_spatial_service.gd:65)
       [4] _advance_participant (res://battle/runtime/battle_movement_service.gd:103)
       [5] advance (res://battle/runtime/battle_movement_service.gd:52)
       [6] _advance_validated (res://tools/bridge_map/profile_runtime.gd:163)
       [7] advance (res://tools/bridge_map/profile_runtime.gd:32)
       [8] run (res://tools/bridge_perf/benchmark.gd:25)
SCRIPT ERROR: Trying to assign an array of type "Array" to a variable of type "Array[String]".
   at: BattlefieldGeometry.get_obstacle_ids_at_point (res://battle/geometry/battlefield_geometry.gd:585)
   GDScript backtrace (most recent call first):
       [0] get_obstacle_ids_at_point (res://battle/geometry/battlefield_geometry.gd:585)
       [1] get_movement_blocking_obstacle_id_at (res://battle/geometry/battlefield_geometry.gd:259)
       [2] _blocking_obstacle_at (res://battle/geometry/battle_spatial_service.gd:414)
       [3] _resolve_legal_translation (res://battle/geometry/battle_spatial_service.gd:294)
       [4] resolve_translation (res://battle/geometry/battle_spatial_service.gd:95)
       [5] _advance_participant (res://battle/runtime/battle_movement_service.gd:103)
       [6] advance (res://battle/runtime/battle_movement_service.gd:52)
       [7] _advance_validated (res://tools/bridge_map/profile_runtime.gd:163)
       [8] advance (res://tools/bridge_map/profile_runtime.gd:32)
       [9] run (res://tools/bridge_perf/benchmark.gd:25)
SCRIPT ERROR: Trying to assign an array of type "Array" to a variable of type "Array[String]".
   at: BattlefieldGeometry.get_obstacle_ids_at_point (res://battle/geometry/battlefield_geometry.gd:585)
   GDScript backtrace (most recent call first):
       [0] get_obstacle_ids_at_point (res://battle/geometry/battlefield_geometry.gd:585)
       [1] get_movement_blocking_obstacle_id_at (res://battle/geometry/battlefield_geometry.gd:259)
       [2] cover_hustle_multiplier (res://battle/runtime/battle_movement_service.gd:164)
       [3] _advance_participant (res://battle/runtime/battle_movement_service.gd:78)
       [4] advance (res://battle/runtime/battle_movement_service.gd:52)
       [5] _advance_validated (res://tools/bridge_map/profile_runtime.gd:163)
       [6] advance (res://tools/bridge_map/profile_runtime.gd:32)
       [7] run (res://tools/bridge_perf/benchmark.gd:25)
SCRIPT ERROR: Trying to assign an array of type "Array" to a variable of type "Array[String]".
   at: BattlefieldGeometry.get_obstacle_ids_at_point (res://battle/geometry/battlefield_geometry.gd:585)
   GDScript backtrace (most recent call first):
       [0] get_obstacle_ids_at_point (res://battle/geometry/battlefield_geometry.gd:585)
       [1] get_movement_blocking_obstacle_id_at (res://battle/geometry/battlefield_geometry.gd:259)
       [2] _blocking_obstacle_at (res://battle/geometry/battle_spatial_service.gd:414)
       [3] resolve_translation (res://battle/geometry/battle_spatial_service.gd:65)
       [4] _advance_participant (res://battle/runtime/battle_movement_service.gd:103)
       [5] advance (res://battle/runtime/battle_movement_service.gd:52)
       [6] _advance_validated (res://tools/bridge_map/profile_runtime.gd:163)
       [7] advance (res://tools/bridge_map/profile_runtime.gd:32)
       [8] run (res://tools/bridge_perf/benchmark.gd:25)
SCRIPT ERROR: Trying to assign an array of type "Array" to a variable of type "Array[String]".
   at: BattlefieldGeometry.get_obstacle_ids_at_point (res://battle/geometry/battlefield_geometry.gd:585)
   GDScript backtrace (most recent call first):
       [0] get_obstacle_ids_at_point (res://battle/geometry/battlefield_geometry.gd:585)
       [1] get_movement_blocking_obstacle_id_at (res://battle/geometry/battlefield_geometry.gd:259)
       [2] _blocking_obstacle_at (res://battle/geometry/battle_spatial_service.gd:414)
       [3] _resolve_legal_translation (res://battle/geometry/battle_spatial_service.gd:294)
       [4] resolve_translation (res://battle/geometry/battle_spatial_service.gd:95)
       [5] _advance_participant (res://battle/runtime/battle_movement_service.gd:103)
       [6] advance (res://battle/runtime/battle_movement_service.gd:52)
       [7] _advance_validated (res://tools/bridge_map/profile_runtime.gd:163)
       [8] advance (res://tools/bridge_map/profile_runtime.gd:32)
       [9] run (res://tools/bridge_perf/benchmark.gd:25)
SCRIPT ERROR: Trying to assign an array of type "Array" to a variable of type "Array[String]".
   at: BattlefieldGeometry.get_obstacle_ids_at_point (res://battle/geometry/battlefield_geometry.gd:585)
   GDScript backtrace (most recent call first):
       [0] get_obstacle_ids_at_point (res://battle/geometry/battlefield_geometry.gd:585)
       [1] get_movement_blocking_obstacle_id_at (res://battle/geometry/battlefield_geometry.gd:259)
       [2] cover_hustle_multiplier (res://battle/runtime/battle_movement_service.gd:164)
       [3] _advance_participant (res://battle/runtime/battle_movement_service.gd:78)
       [4] advance (res://battle/runtime/battle_movement_service.gd:52)
       [5] _advance_validated (res://tools/bridge_map/profile_runtime.gd:163)
       [6] advance (res://tools/bridge_map/profile_runtime.gd:32)
       [7] run (res://tools/bridge_perf/benchmark.gd:25)
SCRIPT ERROR: Trying to assign an array of type "Array" to a variable of type "Array[String]".
   at: BattlefieldGeometry.get_obstacle_ids_at_point (res://battle/geometry/battlefield_geometry.gd:585)
   GDScript backtrace (most recent call first):
       [0] get_obstacle_ids_at_point (res://battle/geometry/battlefield_geometry.gd:585)
       [1] get_movement_blocking_obstacle_id_at (res://battle/geometry/battlefield_geometry.gd:259)
       [2] _blocking_obstacle_at (res://battle/geometry/battle_spatial_service.gd:414)
       [3] resolve_translation (res://battle/geometry/battle_spatial_service.gd:65)
       [4] _advance_participant (res://battle/runtime/battle_movement_service.gd:103)
       [5] advance (res://battle/runtime/battle_movement_service.gd:52)
       [6] _advance_validated (res://tools/bridge_map/profile_runtime.gd:163)
       [7] advance (res://tools/bridge_map/profile_runtime.gd:32)
       [8] run (res://tools/bridge_perf/benchmark.gd:25)
SCRIPT ERROR: Trying to assign an array of type "Array" to a variable of type "Array[String]".
   at: BattlefieldGeometry.get_obstacle_ids_at_point (res://battle/geometry/battlefield_geometry.gd:585)
   GDScript backtrace (most recent call first):
       [0] get_obstacle_ids_at_point (res://battle/geometry/battlefield_geometry.gd:585)
       [1] get_movement_blocking_obstacle_id_at (res://battle/geometry/battlefield_geometry.gd:259)
       [2] _blocking_obstacle_at (res://battle/geometry/battle_spatial_service.gd:414)
       [3] _resolve_legal_translation (res://battle/geometry/battle_spatial_service.gd:294)
       [4] resolve_translation (res://battle/geometry/battle_spatial_service.gd:95)
       [5] _advance_participant (res://battle/runtime/battle_movement_service.gd:103)
       [6] advance (res://battle/runtime/battle_movement_service.gd:52)
       [7] _advance_validated (res://tools/bridge_map/profile_runtime.gd:163)
       [8] advance (res://tools/bridge_map/profile_runtime.gd:32)
       [9] run (res://tools/bridge_perf/benchmark.gd:25)
SCRIPT ERROR: Trying to assign an array of type "Array" to a variable of type "Array[String]".
   at: BattlefieldGeometry.get_obstacle_ids_at_point (res://battle/geometry/battlefield_geometry.gd:585)
   GDScript backtrace (most recent call first):
       [0] get_obstacle_ids_at_point (res://battle/geometry/battlefield_geometry.gd:585)
       [1] get_movement_blocking_obstacle_id_at (res://battle/geometry/battlefield_geometry.gd:259)
       [2] cover_hustle_multiplier (res://battle/runtime/battle_movement_service.gd:164)
       [3] _advance_participant (res://battle/runtime/battle_movement_service.gd:78)
       [4] advance (res://battle/runtime/battle_movement_service.gd:52)
       [5] _advance_validated (res://tools/bridge_map/profile_runtime.gd:163)
       [6] advance (res://tools/bridge_map/profile_runtime.gd:32)
       [7] run (res://tools/bridge_perf/benchmark.gd:25)
SCRIPT ERROR: Trying to assign an array of type "Array" to a variable of type "Array[String]".
   at: BattlefieldGeometry.get_obstacle_ids_at_point (res://battle/geometry/battlefield_geometry.gd:585)
   GDScript backtrace (most recent call first):
       [0] get_obstacle_ids_at_point (res://battle/geometry/battlefield_geometry.gd:585)
       [1] get_movement_blocking_obstacle_id_at (res://battle/geometry/battlefield_geometry.gd:259)
       [2] _blocking_obstacle_at (res://battle/geometry/battle_spatial_service.gd:414)
       [3] resolve_translation (res://battle/geometry/battle_spatial_service.gd:65)
       [4] _advance_participant (res://battle/runtime/battle_movement_service.gd:103)
       [5] advance (res://battle/runtime/battle_movement_service.gd:52)
       [6] _advance_validated (res://tools/bridge_map/profile_runtime.gd:163)
       [7] advance (res://tools/bridge_map/profile_runtime.gd:32)
       [8] run (res://tools/bridge_perf/benchmark.gd:25)
SCRIPT ERROR: Trying to assign an array of type "Array" to a variable of type "Array[String]".
   at: BattlefieldGeometry.get_obstacle_ids_at_point (res://battle/geometry/battlefield_geometry.gd:585)
   GDScript backtrace (most recent call first):
       [0] get_obstacle_ids_at_point (res://battle/geometry/battlefield_geometry.gd:585)
       [1] get_movement_blocking_obstacle_id_at (res://battle/geometry/battlefield_geometry.gd:259)
       [2] _blocking_obstacle_at (res://battle/geometry/battle_spatial_service.gd:414)
       [3] _resolve_legal_translation (res://battle/geometry/battle_spatial_service.gd:294)
       [4] resolve_translation (res://battle/geometry/battle_spatial_service.gd:95)
       [5] _advance_participant (res://battle/runtime/battle_movement_service.gd:103)
       [6] advance (res://battle/runtime/battle_movement_service.gd:52)
       [7] _advance_validated (res://tools/bridge_map/profile_runtime.gd:163)
       [8] advance (res://tools/bridge_map/profile_runtime.gd:32)
       [9] run (res://tools/bridge_perf/benchmark.gd:25)
SCRIPT ERROR: Trying to assign an array of type "Array" to a variable of type "Array[String]".
   at: BattlefieldGeometry.get_obstacle_ids_at_point (res://battle/geometry/battlefield_geometry.gd:585)
   GDScript backtrace (most recent call first):
       [0] get_obstacle_ids_at_point (res://battle/geometry/battlefield_geometry.gd:585)
       [1] get_movement_blocking_obstacle_id_at (res://battle/geometry/battlefield_geometry.gd:259)
       [2] cover_hustle_multiplier (res://battle/runtime/battle_movement_service.gd:164)
       [3] _advance_participant (res://battle/runtime/battle_movement_service.gd:78)
       [4] advance (res://battle/runtime/battle_movement_service.gd:52)
       [5] _advance_validated (res://tools/bridge_map/profile_runtime.gd:163)
       [6] advance (res://tools/bridge_map/profile_runtime.gd:32)
       [7] run (res://tools/bridge_perf/benchmark.gd:25)
SCRIPT ERROR: Trying to assign an array of type "Array" to a variable of type "Array[String]".
   at: BattlefieldGeometry.get_obstacle_ids_at_point (res://battle/geometry/battlefield_geometry.gd:585)
   GDScript backtrace (most recent call first):
       [0] get_obstacle_ids_at_point (res://battle/geometry/battlefield_geometry.gd:585)
       [1] get_movement_blocking_obstacle_id_at (res://battle/geometry/battlefield_geometry.gd:259)
       [2] _blocking_obstacle_at (res://battle/geometry/battle_spatial_service.gd:414)
       [3] resolve_translation (res://battle/geometry/battle_spatial_service.gd:65)
       [4] _advance_participant (res://battle/runtime/battle_movement_service.gd:103)
       [5] advance (res://battle/runtime/battle_movement_service.gd:52)
       [6] _advance_validated (res://tools/bridge_map/profile_runtime.gd:163)
       [7] advance (res://tools/bridge_map/profile_runtime.gd:32)
       [8] run (res://tools/bridge_perf/benchmark.gd:25)
SCRIPT ERROR: Trying to assign an array of type "Array" to a variable of type "Array[String]".
   at: BattlefieldGeometry.get_obstacle_ids_at_point (res://battle/geometry/battlefield_geometry.gd:585)
   GDScript backtrace (most recent call first):
       [0] get_obstacle_ids_at_point (res://battle/geometry/battlefield_geometry.gd:585)
       [1] get_movement_blocking_obstacle_id_at (res://battle/geometry/battlefield_geometry.gd:259)
       [2] _blocking_obstacle_at (res://battle/geometry/battle_spatial_service.gd:414)
       [3] _resolve_legal_translation (res://battle/geometry/battle_spatial_service.gd:294)
       [4] resolve_translation (res://battle/geometry/battle_spatial_service.gd:95)
       [5] _advance_participant (res://battle/runtime/battle_movement_service.gd:103)
       [6] advance (res://battle/runtime/battle_movement_service.gd:52)
       [7] _advance_validated (res://tools/bridge_map/profile_runtime.gd:163)
       [8] advance (res://tools/bridge_map/profile_runtime.gd:32)
       [9] run (res://tools/bridge_perf/benchmark.gd:25)
SCRIPT ERROR: Trying to assign an array of type "Array" to a variable of type "Array[String]".
   at: BattlefieldGeometry.get_obstacle_ids_at_point (res://battle/geometry/battlefield_geometry.gd:585)
   GDScript backtrace (most recent call first):
       [0] get_obstacle_ids_at_point (res://battle/geometry/battlefield_geometry.gd:585)
       [1] get_movement_blocking_obstacle_id_at (res://battle/geometry/battlefield_geometry.gd:259)
       [2] cover_hustle_multiplier (res://battle/runtime/battle_movement_service.gd:164)
       [3] _advance_participant (res://battle/runtime/battle_movement_service.gd:78)
       [4] advance (res://battle/runtime/battle_movement_service.gd:52)
       [5] _advance_validated (res://tools/bridge_map/profile_runtime.gd:163)
       [6] advance (res://tools/bridge_map/profile_runtime.gd:32)
       [7] run (res://tools/bridge_perf/benchmark.gd:25)
SCRIPT ERROR: Trying to assign an array of type "Array" to a variable of type "Array[String]".
   at: BattlefieldGeometry.get_obstacle_ids_at_point (res://battle/geometry/battlefield_geometry.gd:585)
   GDScript backtrace (most recent call first):
       [0] get_obstacle_ids_at_point (res://battle/geometry/battlefield_geometry.gd:585)
       [1] get_movement_blocking_obstacle_id_at (res://battle/geometry/battlefield_geometry.gd:259)
       [2] _blocking_obstacle_at (res://battle/geometry/battle_spatial_service.gd:414)
       [3] resolve_translation (res://battle/geometry/battle_spatial_service.gd:65)
       [4] _advance_participant (res://battle/runtime/battle_movement_service.gd:103)
       [5] advance (res://battle/runtime/battle_movement_service.gd:52)
       [6] _advance_validated (res://tools/bridge_map/profile_runtime.gd:163)
       [7] advance (res://tools/bridge_map/profile_runtime.gd:32)
       [8] run (res://tools/bridge_perf/benchmark.gd:25)
SCRIPT ERROR: Trying to assign an array of type "Array" to a variable of type "Array[String]".
   at: BattlefieldGeometry.get_obstacle_ids_at_point (res://battle/geometry/battlefield_geometry.gd:585)
   GDScript backtrace (most recent call first):
       [0] get_obstacle_ids_at_point (res://battle/geometry/battlefield_geometry.gd:585)
       [1] get_movement_blocking_obstacle_id_at (res://battle/geometry/battlefield_geometry.gd:259)
       [2] _blocking_obstacle_at (res://battle/geometry/battle_spatial_service.gd:414)
       [3] _resolve_legal_translation (res://battle/geometry/battle_spatial_service.gd:294)
       [4] resolve_translation (res://battle/geometry/battle_spatial_service.gd:95)
       [5] _advance_participant (res://battle/runtime/battle_movement_service.gd:103)
       [6] advance (res://battle/runtime/battle_movement_service.gd:52)
       [7] _advance_validated (res://tools/bridge_map/profile_runtime.gd:163)
       [8] advance (res://tools/bridge_map/profile_runtime.gd:32)
       [9] run (res://tools/bridge_perf/benchmark.gd:25)
SCRIPT ERROR: Trying to assign an array of type "Array" to a variable of type "Array[String]".
   at: BattlefieldGeometry.get_obstacle_ids_at_point (res://battle/geometry/battlefield_geometry.gd:585)
   GDScript backtrace (most recent call first):
       [0] get_obstacle_ids_at_point (res://battle/geometry/battlefield_geometry.gd:585)
       [1] get_movement_blocking_obstacle_id_at (res://battle/geometry/battlefield_geometry.gd:259)
       [2] cover_hustle_multiplier (res://battle/runtime/battle_movement_service.gd:164)
       [3] _advance_participant (res://battle/runtime/battle_movement_service.gd:78)
       [4] advance (res://battle/runtime/battle_movement_service.gd:52)
       [5] _advance_validated (res://tools/bridge_map/profile_runtime.gd:163)
       [6] advance (res://tools/bridge_map/profile_runtime.gd:32)
       [7] run (res://tools/bridge_perf/benchmark.gd:25)
SCRIPT ERROR: Trying to assign an array of type "Array" to a variable of type "Array[String]".
   at: BattlefieldGeometry.get_obstacle_ids_at_point (res://battle/geometry/battlefield_geometry.gd:585)
   GDScript backtrace (most recent call first):
       [0] get_obstacle_ids_at_point (res://battle/geometry/battlefield_geometry.gd:585)
       [1] get_movement_blocking_obstacle_id_at (res://battle/geometry/battlefield_geometry.gd:259)
       [2] _blocking_obstacle_at (res://battle/geometry/battle_spatial_service.gd:414)
       [3] resolve_translation (res://battle/geometry/battle_spatial_service.gd:65)
       [4] _advance_participant (res://battle/runtime/battle_movement_service.gd:103)
       [5] advance (res://battle/runtime/battle_movement_service.gd:52)
       [6] _advance_validated (res://tools/bridge_map/profile_runtime.gd:163)
       [7] advance (res://tools/bridge_map/profile_runtime.gd:32)
       [8] run (res://tools/bridge_perf/benchmark.gd:25)
SCRIPT ERROR: Trying to assign an array of type "Array" to a variable of type "Array[String]".
   at: BattlefieldGeometry.get_obstacle_ids_at_point (res://battle/geometry/battlefield_geometry.gd:585)
   GDScript backtrace (most recent call first):
       [0] get_obstacle_ids_at_point (res://battle/geometry/battlefield_geometry.gd:585)
       [1] get_movement_blocking_obstacle_id_at (res://battle/geometry/battlefield_geometry.gd:259)
       [2] _blocking_obstacle_at (res://battle/geometry/battle_spatial_service.gd:414)
       [3] _resolve_legal_translation (res://battle/geometry/battle_spatial_service.gd:294)
       [4] resolve_translation (res://battle/geometry/battle_spatial_service.gd:95)
       [5] _advance_participant (res://battle/runtime/battle_movement_service.gd:103)
       [6] advance (res://battle/runtime/battle_movement_service.gd:52)
       [7] _advance_validated (res://tools/bridge_map/profile_runtime.gd:163)
       [8] advance (res://tools/bridge_map/profile_runtime.gd:32)
       [9] run (res://tools/bridge_perf/benchmark.gd:25)
SCRIPT ERROR: Trying to assign an array of type "Array" to a variable of type "Array[String]".
   at: BattlefieldGeometry.get_obstacle_ids_at_point (res://battle/geometry/battlefield_geometry.gd:585)
   GDScript backtrace (most recent call first):
       [0] get_obstacle_ids_at_point (res://battle/geometry/battlefield_geometry.gd:585)
       [1] get_movement_blocking_obstacle_id_at (res://battle/geometry/battlefield_geometry.gd:259)
       [2] cover_hustle_multiplier (res://battle/runtime/battle_movement_service.gd:164)
       [3] _advance_participant (res://battle/runtime/battle_movement_service.gd:78)
       [4] advance (res://battle/runtime/battle_movement_service.gd:52)
       [5] _advance_validated (res://tools/bridge_map/profile_runtime.gd:163)
       [6] advance (res://tools/bridge_map/profile_runtime.gd:32)
       [7] run (res://tools/bridge_perf/benchmark.gd:25)
SCRIPT ERROR: Trying to assign an array of type "Array" to a variable of type "Array[String]".
   at: BattlefieldGeometry.get_obstacle_ids_at_point (res://battle/geometry/battlefield_geometry.gd:585)
   GDScript backtrace (most recent call first):
       [0] get_obstacle_ids_at_point (res://battle/geometry/battlefield_geometry.gd:585)
       [1] get_movement_blocking_obstacle_id_at (res://battle/geometry/battlefield_geometry.gd:259)
       [2] _blocking_obstacle_at (res://battle/geometry/battle_spatial_service.gd:414)
       [3] resolve_translation (res://battle/geometry/battle_spatial_service.gd:65)
       [4] _advance_participant (res://battle/runtime/battle_movement_service.gd:103)
       [5] advance (res://battle/runtime/battle_movement_service.gd:52)
       [6] _advance_validated (res://tools/bridge_map/profile_runtime.gd:163)
       [7] advance (res://tools/bridge_map/profile_runtime.gd:32)
       [8] run (res://tools/bridge_perf/benchmark.gd:25)
SCRIPT ERROR: Trying to assign an array of type "Array" to a variable of type "Array[String]".
   at: BattlefieldGeometry.get_obstacle_ids_at_point (res://battle/geometry/battlefield_geometry.gd:585)
   GDScript backtrace (most recent call first):
       [0] get_obstacle_ids_at_point (res://battle/geometry/battlefield_geometry.gd:585)
       [1] get_movement_blocking_obstacle_id_at (res://battle/geometry/battlefield_geometry.gd:259)
       [2] _blocking_obstacle_at (res://battle/geometry/battle_spatial_service.gd:414)
       [3] _resolve_legal_translation (res://battle/geometry/battle_spatial_service.gd:294)
       [4] resolve_translation (res://battle/geometry/battle_spatial_service.gd:95)
       [5] _advance_participant (res://battle/runtime/battle_movement_service.gd:103)
       [6] advance (res://battle/runtime/battle_movement_service.gd:52)
       [7] _advance_validated (res://tools/bridge_map/profile_runtime.gd:163)
       [8] advance (res://tools/bridge_map/profile_runtime.gd:32)
       [9] run (res://tools/bridge_perf/benchmark.gd:25)
SCRIPT ERROR: Trying to assign an array of type "Array" to a variable of type "Array[String]".
   at: BattlefieldGeometry.get_obstacle_ids_at_point (res://battle/geometry/battlefield_geometry.gd:585)
   GDScript backtrace (most recent call first):
       [0] get_obstacle_ids_at_point (res://battle/geometry/battlefield_geometry.gd:585)
       [1] get_movement_blocking_obstacle_id_at (res://battle/geometry/battlefield_geometry.gd:259)
       [2] cover_hustle_multiplier (res://battle/runtime/battle_movement_service.gd:164)
       [3] _advance_participant (res://battle/runtime/battle_movement_service.gd:78)
       [4] advance (res://battle/runtime/battle_movement_service.gd:52)
       [5] _advance_validated (res://tools/bridge_map/profile_runtime.gd:163)
       [6] advance (res://tools/bridge_map/profile_runtime.gd:32)
       [7] run (res://tools/bridge_perf/benchmark.gd:25)
SCRIPT ERROR: Trying to assign an array of type "Array" to a variable of type "Array[String]".
   at: BattlefieldGeometry.get_obstacle_ids_at_point (res://battle/geometry/battlefield_geometry.gd:585)
   GDScript backtrace (most recent call first):
       [0] get_obstacle_ids_at_point (res://battle/geometry/battlefield_geometry.gd:585)
       [1] get_movement_blocking_obstacle_id_at (res://battle/geometry/battlefield_geometry.gd:259)
       [2] _blocking_obstacle_at (res://battle/geometry/battle_spatial_service.gd:414)
       [3] resolve_translation (res://battle/geometry/battle_spatial_service.gd:65)
       [4] _advance_participant (res://battle/runtime/battle_movement_service.gd:103)
       [5] advance (res://battle/runtime/battle_movement_service.gd:52)
       [6] _advance_validated (res://tools/bridge_map/profile_runtime.gd:163)
       [7] advance (res://tools/bridge_map/profile_runtime.gd:32)
       [8] run (res://tools/bridge_perf/benchmark.gd:25)
SCRIPT ERROR: Trying to assign an array of type "Array" to a variable of type "Array[String]".
   at: BattlefieldGeometry.get_obstacle_ids_at_point (res://battle/geometry/battlefield_geometry.gd:585)
   GDScript backtrace (most recent call first):
       [0] get_obstacle_ids_at_point (res://battle/geometry/battlefield_geometry.gd:585)
       [1] get_movement_blocking_obstacle_id_at (res://battle/geometry/battlefield_geometry.gd:259)
       [2] _blocking_obstacle_at (res://battle/geometry/battle_spatial_service.gd:414)
       [3] _resolve_legal_translation (res://battle/geometry/battle_spatial_service.gd:294)
       [4] resolve_translation (res://battle/geometry/battle_spatial_service.gd:95)
       [5] _advance_participant (res://battle/runtime/battle_movement_service.gd:103)
       [6] advance (res://battle/runtime/battle_movement_service.gd:52)
       [7] _advance_validated (res://tools/bridge_map/profile_runtime.gd:163)
       [8] advance (res://tools/bridge_map/profile_runtime.gd:32)
       [9] run (res://tools/bridge_perf/benchmark.gd:25)
SCRIPT ERROR: Trying to assign an array of type "Array" to a variable of type "Array[String]".
   at: BattlefieldGeometry.get_obstacle_ids_at_point (res://battle/geometry/battlefield_geometry.gd:585)
   GDScript backtrace (most recent call first):
       [0] get_obstacle_ids_at_point (res://battle/geometry/battlefield_geometry.gd:585)
       [1] get_movement_blocking_obstacle_id_at (res://battle/geometry/battlefield_geometry.gd:259)
       [2] cover_hustle_multiplier (res://battle/runtime/battle_movement_service.gd:164)
       [3] _advance_participant (res://battle/runtime/battle_movement_service.gd:78)
       [4] advance (res://battle/runtime/battle_movement_service.gd:52)
       [5] _advance_validated (res://tools/bridge_map/profile_runtime.gd:163)
       [6] advance (res://tools/bridge_map/profile_runtime.gd:32)
       [7] run (res://tools/bridge_perf/benchmark.gd:25)
SCRIPT ERROR: Trying to assign an array of type "Array" to a variable of type "Array[String]".
   at: BattlefieldGeometry.get_obstacle_ids_at_point (res://battle/geometry/battlefield_geometry.gd:585)
   GDScript backtrace (most recent call first):
       [0] get_obstacle_ids_at_point (res://battle/geometry/battlefield_geometry.gd:585)
       [1] get_movement_blocking_obstacle_id_at (res://battle/geometry/battlefield_geometry.gd:259)
       [2] _blocking_obstacle_at (res://battle/geometry/battle_spatial_service.gd:414)
       [3] resolve_translation (res://battle/geometry/battle_spatial_service.gd:65)
       [4] _advance_participant (res://battle/runtime/battle_movement_service.gd:103)
       [5] advance (res://battle/runtime/battle_movement_service.gd:52)
       [6] _advance_validated (res://tools/bridge_map/profile_runtime.gd:163)
       [7] advance (res://tools/bridge_map/profile_runtime.gd:32)
       [8] run (res://tools/bridge_perf/benchmark.gd:25)
SCRIPT ERROR: Trying to assign an array of type "Array" to a variable of type "Array[String]".
   at: BattlefieldGeometry.get_obstacle_ids_at_point (res://battle/geometry/battlefield_geometry.gd:585)
   GDScript backtrace (most recent call first):
       [0] get_obstacle_ids_at_point (res://battle/geometry/battlefield_geometry.gd:585)
       [1] get_movement_blocking_obstacle_id_at (res://battle/geometry/battlefield_geometry.gd:259)
       [2] _blocking_obstacle_at (res://battle/geometry/battle_spatial_service.gd:414)
       [3] _resolve_legal_translation (res://battle/geometry/battle_spatial_service.gd:294)
       [4] resolve_translation (res://battle/geometry/battle_spatial_service.gd:95)
       [5] _advance_participant (res://battle/runtime/battle_movement_service.gd:103)
       [6] advance (res://battle/runtime/battle_movement_service.gd:52)
       [7] _advance_validated (res://tools/bridge_map/profile_runtime.gd:163)
       [8] advance (res://tools/bridge_map/profile_runtime.gd:32)
       [9] run (res://tools/bridge_perf/benchmark.gd:25)
SCRIPT ERROR: Trying to assign an array of type "Array" to a variable of type "Array[String]".
   at: BattlefieldGeometry.get_obstacle_ids_at_point (res://battle/geometry/battlefield_geometry.gd:585)
   GDScript backtrace (most recent call first):
       [0] get_obstacle_ids_at_point (res://battle/geometry/battlefield_geometry.gd:585)
       [1] get_movement_blocking_obstacle_id_at (res://battle/geometry/battlefield_geometry.gd:259)
       [2] cover_hustle_multiplier (res://battle/runtime/battle_movement_service.gd:164)
       [3] _advance_participant (res://battle/runtime/battle_movement_service.gd:78)
       [4] advance (res://battle/runtime/battle_movement_service.gd:52)
       [5] _advance_validated (res://tools/bridge_map/profile_runtime.gd:163)
       [6] advance (res://tools/bridge_map/profile_runtime.gd:32)
       [7] run (res://tools/bridge_perf/benchmark.gd:25)
SCRIPT ERROR: Trying to assign an array of type "Array" to a variable of type "Array[String]".
   at: BattlefieldGeometry.get_obstacle_ids_at_point (res://battle/geometry/battlefield_geometry.gd:585)
   GDScript backtrace (most recent call first):
       [0] get_obstacle_ids_at_point (res://battle/geometry/battlefield_geometry.gd:585)
       [1] get_movement_blocking_obstacle_id_at (res://battle/geometry/battlefield_geometry.gd:259)
       [2] _blocking_obstacle_at (res://battle/geometry/battle_spatial_service.gd:414)
       [3] resolve_translation (res://battle/geometry/battle_spatial_service.gd:65)
       [4] _advance_participant (res://battle/runtime/battle_movement_service.gd:103)
       [5] advance (res://battle/runtime/battle_movement_service.gd:52)
       [6] _advance_validated (res://tools/bridge_map/profile_runtime.gd:163)
       [7] advance (res://tools/bridge_map/profile_runtime.gd:32)
       [8] run (res://tools/bridge_perf/benchmark.gd:25)
SCRIPT ERROR: Trying to assign an array of type "Array" to a variable of type "Array[String]".
   at: BattlefieldGeometry.get_obstacle_ids_at_point (res://battle/geometry/battlefield_geometry.gd:585)
   GDScript backtrace (most recent call first):
       [0] get_obstacle_ids_at_point (res://battle/geometry/battlefield_geometry.gd:585)
       [1] get_movement_blocking_obstacle_id_at (res://battle/geometry/battlefield_geometry.gd:259)
       [2] _blocking_obstacle_at (res://battle/geometry/battle_spatial_service.gd:414)
       [3] _resolve_legal_translation (res://battle/geometry/battle_spatial_service.gd:294)
       [4] resolve_translation (res://battle/geometry/battle_spatial_service.gd:95)
       [5] _advance_participant (res://battle/runtime/battle_movement_service.gd:103)
       [6] advance (res://battle/runtime/battle_movement_service.gd:52)
       [7] _advance_validated (res://tools/bridge_map/profile_runtime.gd:163)
       [8] advance (res://tools/bridge_map/profile_runtime.gd:32)
       [9] run (res://tools/bridge_perf/benchmark.gd:25)
SCRIPT ERROR: Trying to assign an array of type "Array" to a variable of type "Array[String]".
   at: BattlefieldGeometry.get_obstacle_ids_at_point (res://battle/geometry/battlefield_geometry.gd:585)
   GDScript backtrace (most recent call first):
       [0] get_obstacle_ids_at_point (res://battle/geometry/battlefield_geometry.gd:585)
       [1] get_movement_blocking_obstacle_id_at (res://battle/geometry/battlefield_geometry.gd:259)
       [2] cover_hustle_multiplier (res://battle/runtime/battle_movement_service.gd:164)
       [3] _advance_participant (res://battle/runtime/battle_movement_service.gd:78)
       [4] advance (res://battle/runtime/battle_movement_service.gd:52)
       [5] _advance_validated (res://tools/bridge_map/profile_runtime.gd:163)
       [6] advance (res://tools/bridge_map/profile_runtime.gd:32)
       [7] run (res://tools/bridge_perf/benchmark.gd:25)
SCRIPT ERROR: Trying to assign an array of type "Array" to a variable of type "Array[String]".
   at: BattlefieldGeometry.get_obstacle_ids_at_point (res://battle/geometry/battlefield_geometry.gd:585)
   GDScript backtrace (most recent call first):
       [0] get_obstacle_ids_at_point (res://battle/geometry/battlefield_geometry.gd:585)
       [1] get_movement_blocking_obstacle_id_at (res://battle/geometry/battlefield_geometry.gd:259)
       [2] _blocking_obstacle_at (res://battle/geometry/battle_spatial_service.gd:414)
       [3] resolve_translation (res://battle/geometry/battle_spatial_service.gd:65)
       [4] _advance_participant (res://battle/runtime/battle_movement_service.gd:103)
       [5] advance (res://battle/runtime/battle_movement_service.gd:52)
       [6] _advance_validated (res://tools/bridge_map/profile_runtime.gd:163)
       [7] advance (res://tools/bridge_map/profile_runtime.gd:32)
       [8] run (res://tools/bridge_perf/benchmark.gd:25)
SCRIPT ERROR: Trying to assign an array of type "Array" to a variable of type "Array[String]".
   at: BattlefieldGeometry.get_obstacle_ids_at_point (res://battle/geometry/battlefield_geometry.gd:585)
   GDScript backtrace (most recent call first):
       [0] get_obstacle_ids_at_point (res://battle/geometry/battlefield_geometry.gd:585)
       [1] get_movement_blocking_obstacle_id_at (res://battle/geometry/battlefield_geometry.gd:259)
       [2] _blocking_obstacle_at (res://battle/geometry/battle_spatial_service.gd:414)
       [3] _resolve_legal_translation (res://battle/geometry/battle_spatial_service.gd:294)
       [4] resolve_translation (res://battle/geometry/battle_spatial_service.gd:95)
       [5] _advance_participant (res://battle/runtime/battle_movement_service.gd:103)
       [6] advance (res://battle/runtime/battle_movement_service.gd:52)
       [7] _advance_validated (res://tools/bridge_map/profile_runtime.gd:163)
       [8] advance (res://tools/bridge_map/profile_runtime.gd:32)
       [9] run (res://tools/bridge_perf/benchmark.gd:25)
SCRIPT ERROR: Trying to assign an array of type "Array" to a variable of type "Array[String]".
   at: BattlefieldGeometry.get_obstacle_ids_at_point (res://battle/geometry/battlefield_geometry.gd:585)
   GDScript backtrace (most recent call first):
       [0] get_obstacle_ids_at_point (res://battle/geometry/battlefield_geometry.gd:585)
       [1] get_movement_blocking_obstacle_id_at (res://battle/geometry/battlefield_geometry.gd:259)
       [2] cover_hustle_multiplier (res://battle/runtime/battle_movement_service.gd:164)
       [3] _advance_participant (res://battle/runtime/battle_movement_service.gd:78)
       [4] advance (res://battle/runtime/battle_movement_service.gd:52)
       [5] _advance_validated (res://tools/bridge_map/profile_runtime.gd:163)
       [6] advance (res://tools/bridge_map/profile_runtime.gd:32)
       [7] run (res://tools/bridge_perf/benchmark.gd:25)
SCRIPT ERROR: Trying to assign an array of type "Array" to a variable of type "Array[String]".
   at: BattlefieldGeometry.get_obstacle_ids_at_point (res://battle/geometry/battlefield_geometry.gd:585)
   GDScript backtrace (most recent call first):
       [0] get_obstacle_ids_at_point (res://battle/geometry/battlefield_geometry.gd:585)
       [1] get_movement_blocking_obstacle_id_at (res://battle/geometry/battlefield_geometry.gd:259)
       [2] _blocking_obstacle_at (res://battle/geometry/battle_spatial_service.gd:414)
       [3] resolve_translation (res://battle/geometry/battle_spatial_service.gd:65)
       [4] _advance_participant (res://battle/runtime/battle_movement_service.gd:103)
       [5] advance (res://battle/runtime/battle_movement_service.gd:52)
       [6] _advance_validated (res://tools/bridge_map/profile_runtime.gd:163)
       [7] advance (res://tools/bridge_map/profile_runtime.gd:32)
       [8] run (res://tools/bridge_perf/benchmark.gd:25)
SCRIPT ERROR: Trying to assign an array of type "Array" to a variable of type "Array[String]".
   at: BattlefieldGeometry.get_obstacle_ids_at_point (res://battle/geometry/battlefield_geometry.gd:585)
   GDScript backtrace (most recent call first):
       [0] get_obstacle_ids_at_point (res://battle/geometry/battlefield_geometry.gd:585)
       [1] get_movement_blocking_obstacle_id_at (res://battle/geometry/battlefield_geometry.gd:259)
       [2] _blocking_obstacle_at (res://battle/geometry/battle_spatial_service.gd:414)
       [3] _resolve_legal_translation (res://battle/geometry/battle_spatial_service.gd:294)
       [4] resolve_translation (res://battle/geometry/battle_spatial_service.gd:95)
       [5] _advance_participant (res://battle/runtime/battle_movement_service.gd:103)
       [6] advance (res://battle/runtime/battle_movement_service.gd:52)
       [7] _advance_validated (res://tools/bridge_map/profile_runtime.gd:163)
       [8] advance (res://tools/bridge_map/profile_runtime.gd:32)
       [9] run (res://tools/bridge_perf/benchmark.gd:25)
SCRIPT ERROR: Trying to assign an array of type "Array" to a variable of type "Array[String]".
   at: BattlefieldGeometry.get_obstacle_ids_at_point (res://battle/geometry/battlefield_geometry.gd:585)
   GDScript backtrace (most recent call first):
       [0] get_obstacle_ids_at_point (res://battle/geometry/battlefield_geometry.gd:585)
       [1] get_movement_blocking_obstacle_id_at (res://battle/geometry/battlefield_geometry.gd:259)
       [2] cover_hustle_multiplier (res://battle/runtime/battle_movement_service.gd:164)
       [3] _advance_participant (res://battle/runtime/battle_movement_service.gd:78)
       [4] advance (res://battle/runtime/battle_movement_service.gd:52)
       [5] _advance_validated (res://tools/bridge_map/profile_runtime.gd:163)
       [6] advance (res://tools/bridge_map/profile_runtime.gd:32)
       [7] run (res://tools/bridge_perf/benchmark.gd:25)
SCRIPT ERROR: Trying to assign an array of type "Array" to a variable of type "Array[String]".
   at: BattlefieldGeometry.get_obstacle_ids_at_point (res://battle/geometry/battlefield_geometry.gd:585)
   GDScript backtrace (most recent call first):
       [0] get_obstacle_ids_at_point (res://battle/geometry/battlefield_geometry.gd:585)
       [1] get_movement_blocking_obstacle_id_at (res://battle/geometry/battlefield_geometry.gd:259)
       [2] _blocking_obstacle_at (res://battle/geometry/battle_spatial_service.gd:414)
       [3] resolve_translation (res://battle/geometry/battle_spatial_service.gd:65)
       [4] _advance_participant (res://battle/runtime/battle_movement_service.gd:103)
       [5] advance (res://battle/runtime/battle_movement_service.gd:52)
       [6] _advance_validated (res://tools/bridge_map/profile_runtime.gd:163)
       [7] advance (res://tools/bridge_map/profile_runtime.gd:32)
       [8] run (res://tools/bridge_perf/benchmark.gd:25)
SCRIPT ERROR: Trying to assign an array of type "Array" to a variable of type "Array[String]".
   at: BattlefieldGeometry.get_obstacle_ids_at_point (res://battle/geometry/battlefield_geometry.gd:585)
   GDScript backtrace (most recent call first):
       [0] get_obstacle_ids_at_point (res://battle/geometry/battlefield_geometry.gd:585)
       [1] get_movement_blocking_obstacle_id_at (res://battle/geometry/battlefield_geometry.gd:259)
       [2] _blocking_obstacle_at (res://battle/geometry/battle_spatial_service.gd:414)
       [3] _resolve_legal_translation (res://battle/geometry/battle_spatial_service.gd:294)
       [4] resolve_translation (res://battle/geometry/battle_spatial_service.gd:95)
       [5] _advance_participant (res://battle/runtime/battle_movement_service.gd:103)
       [6] advance (res://battle/runtime/battle_movement_service.gd:52)
       [7] _advance_validated (res://tools/bridge_map/profile_runtime.gd:163)
       [8] advance (res://tools/bridge_map/profile_runtime.gd:32)
       [9] run (res://tools/bridge_perf/benchmark.gd:25)
SCRIPT ERROR: Trying to assign an array of type "Array" to a variable of type "Array[String]".
   at: BattlefieldGeometry.get_obstacle_ids_at_point (res://battle/geometry/battlefield_geometry.gd:585)
   GDScript backtrace (most recent call first):
       [0] get_obstacle_ids_at_point (res://battle/geometry/battlefield_geometry.gd:585)
       [1] get_movement_blocking_obstacle_id_at (res://battle/geometry/battlefield_geometry.gd:259)
       [2] cover_hustle_multiplier (res://battle/runtime/battle_movement_service.gd:164)
       [3] _advance_participant (res://battle/runtime/battle_movement_service.gd:78)
       [4] advance (res://battle/runtime/battle_movement_service.gd:52)
       [5] _advance_validated (res://tools/bridge_map/profile_runtime.gd:163)
       [6] advance (res://tools/bridge_map/profile_runtime.gd:32)
       [7] run (res://tools/bridge_perf/benchmark.gd:25)
SCRIPT ERROR: Trying to assign an array of type "Array" to a variable of type "Array[String]".
   at: BattlefieldGeometry.get_obstacle_ids_at_point (res://battle/geometry/battlefield_geometry.gd:585)
   GDScript backtrace (most recent call first):
       [0] get_obstacle_ids_at_point (res://battle/geometry/battlefield_geometry.gd:585)
       [1] get_movement_blocking_obstacle_id_at (res://battle/geometry/battlefield_geometry.gd:259)
       [2] _blocking_obstacle_at (res://battle/geometry/battle_spatial_service.gd:414)
       [3] resolve_translation (res://battle/geometry/battle_spatial_service.gd:65)
       [4] _advance_participant (res://battle/runtime/battle_movement_service.gd:103)
       [5] advance (res://battle/runtime/battle_movement_service.gd:52)
       [6] _advance_validated (res://tools/bridge_map/profile_runtime.gd:163)
       [7] advance (res://tools/bridge_map/profile_runtime.gd:32)
       [8] run (res://tools/bridge_perf/benchmark.gd:25)
SCRIPT ERROR: Trying to assign an array of type "Array" to a variable of type "Array[String]".
   at: BattlefieldGeometry.get_obstacle_ids_at_point (res://battle/geometry/battlefield_geometry.gd:585)
   GDScript backtrace (most recent call first):
       [0] get_obstacle_ids_at_point (res://battle/geometry/battlefield_geometry.gd:585)
       [1] get_movement_blocking_obstacle_id_at (res://battle/geometry/battlefield_geometry.gd:259)
       [2] _blocking_obstacle_at (res://battle/geometry/battle_spatial_service.gd:414)
       [3] _resolve_legal_translation (res://battle/geometry/battle_spatial_service.gd:294)
       [4] resolve_translation (res://battle/geometry/battle_spatial_service.gd:95)
       [5] _advance_participant (res://battle/runtime/battle_movement_service.gd:103)
       [6] advance (res://battle/runtime/battle_movement_service.gd:52)
       [7] _advance_validated (res://tools/bridge_map/profile_runtime.gd:163)
       [8] advance (res://tools/bridge_map/profile_runtime.gd:32)
       [9] run (res://tools/bridge_perf/benchmark.gd:25)
SCRIPT ERROR: Trying to assign an array of type "Array" to a variable of type "Array[String]".
   at: BattlefieldGeometry.get_obstacle_ids_at_point (res://battle/geometry/battlefield_geometry.gd:585)
   GDScript backtrace (most recent call first):
       [0] get_obstacle_ids_at_point (res://battle/geometry/battlefield_geometry.gd:585)
       [1] get_movement_blocking_obstacle_id_at (res://battle/geometry/battlefield_geometry.gd:259)
       [2] cover_hustle_multiplier (res://battle/runtime/battle_movement_service.gd:164)
       [3] _advance_participant (res://battle/runtime/battle_movement_service.gd:78)
       [4] advance (res://battle/runtime/battle_movement_service.gd:52)
       [5] _advance_validated (res://tools/bridge_map/profile_runtime.gd:163)
       [6] advance (res://tools/bridge_map/profile_runtime.gd:32)
       [7] run (res://tools/bridge_perf/benchmark.gd:25)
SCRIPT ERROR: Trying to assign an array of type "Array" to a variable of type "Array[String]".
   at: BattlefieldGeometry.get_obstacle_ids_at_point (res://battle/geometry/battlefield_geometry.gd:585)
   GDScript backtrace (most recent call first):
       [0] get_obstacle_ids_at_point (res://battle/geometry/battlefield_geometry.gd:585)
       [1] get_movement_blocking_obstacle_id_at (res://battle/geometry/battlefield_geometry.gd:259)
       [2] _blocking_obstacle_at (res://battle/geometry/battle_spatial_service.gd:414)
       [3] resolve_translation (res://battle/geometry/battle_spatial_service.gd:65)
       [4] _advance_participant (res://battle/runtime/battle_movement_service.gd:103)
       [5] advance (res://battle/runtime/battle_movement_service.gd:52)
       [6] _advance_validated (res://tools/bridge_map/profile_runtime.gd:163)
       [7] advance (res://tools/bridge_map/profile_runtime.gd:32)
       [8] run (res://tools/bridge_perf/benchmark.gd:25)
SCRIPT ERROR: Trying to assign an array of type "Array" to a variable of type "Array[String]".
   at: BattlefieldGeometry.get_obstacle_ids_at_point (res://battle/geometry/battlefield_geometry.gd:585)
   GDScript backtrace (most recent call first):
       [0] get_obstacle_ids_at_point (res://battle/geometry/battlefield_geometry.gd:585)
       [1] get_movement_blocking_obstacle_id_at (res://battle/geometry/battlefield_geometry.gd:259)
       [2] _blocking_obstacle_at (res://battle/geometry/battle_spatial_service.gd:414)
       [3] _resolve_legal_translation (res://battle/geometry/battle_spatial_service.gd:294)
       [4] resolve_translation (res://battle/geometry/battle_spatial_service.gd:95)
       [5] _advance_participant (res://battle/runtime/battle_movement_service.gd:103)
       [6] advance (res://battle/runtime/battle_movement_service.gd:52)
       [7] _advance_validated (res://tools/bridge_map/profile_runtime.gd:163)
       [8] advance (res://tools/bridge_map/profile_runtime.gd:32)
       [9] run (res://tools/bridge_perf/benchmark.gd:25)
SCRIPT ERROR: Trying to assign an array of type "Array" to a variable of type "Array[String]".
   at: BattlefieldGeometry.get_obstacle_ids_at_point (res://battle/geometry/battlefield_geometry.gd:585)
   GDScript backtrace (most recent call first):
       [0] get_obstacle_ids_at_point (res://battle/geometry/battlefield_geometry.gd:585)
       [1] get_movement_blocking_obstacle_id_at (res://battle/geometry/battlefield_geometry.gd:259)
       [2] cover_hustle_multiplier (res://battle/runtime/battle_movement_service.gd:164)
       [3] _advance_participant (res://battle/runtime/battle_movement_service.gd:78)
       [4] advance (res://battle/runtime/battle_movement_service.gd:52)
       [5] _advance_validated (res://tools/bridge_map/profile_runtime.gd:163)
       [6] advance (res://tools/bridge_map/profile_runtime.gd:32)
       [7] run (res://tools/bridge_perf/benchmark.gd:25)
SCRIPT ERROR: Trying to assign an array of type "Array" to a variable of type "Array[String]".
   at: BattlefieldGeometry.get_obstacle_ids_at_point (res://battle/geometry/battlefield_geometry.gd:585)
   GDScript backtrace (most recent call first):
       [0] get_obstacle_ids_at_point (res://battle/geometry/battlefield_geometry.gd:585)
       [1] get_movement_blocking_obstacle_id_at (res://battle/geometry/battlefield_geometry.gd:259)
       [2] _blocking_obstacle_at (res://battle/geometry/battle_spatial_service.gd:414)
       [3] resolve_translation (res://battle/geometry/battle_spatial_service.gd:65)
       [4] _advance_participant (res://battle/runtime/battle_movement_service.gd:103)
       [5] advance (res://battle/runtime/battle_movement_service.gd:52)
       [6] _advance_validated (res://tools/bridge_map/profile_runtime.gd:163)
       [7] advance (res://tools/bridge_map/profile_runtime.gd:32)
       [8] run (res://tools/bridge_perf/benchmark.gd:25)
SCRIPT ERROR: Trying to assign an array of type "Array" to a variable of type "Array[String]".
   at: BattlefieldGeometry.get_obstacle_ids_at_point (res://battle/geometry/battlefield_geometry.gd:585)
   GDScript backtrace (most recent call first):
       [0] get_obstacle_ids_at_point (res://battle/geometry/battlefield_geometry.gd:585)
       [1] get_movement_blocking_obstacle_id_at (res://battle/geometry/battlefield_geometry.gd:259)
       [2] _blocking_obstacle_at (res://battle/geometry/battle_spatial_service.gd:414)
       [3] _resolve_legal_translation (res://battle/geometry/battle_spatial_service.gd:294)
       [4] resolve_translation (res://battle/geometry/battle_spatial_service.gd:95)
       [5] _advance_participant (res://battle/runtime/battle_movement_service.gd:103)
       [6] advance (res://battle/runtime/battle_movement_service.gd:52)
       [7] _advance_validated (res://tools/bridge_map/profile_runtime.gd:163)
       [8] advance (res://tools/bridge_map/profile_runtime.gd:32)
       [9] run (res://tools/bridge_perf/benchmark.gd:25)
SCRIPT ERROR: Trying to assign an array of type "Array" to a variable of type "Array[String]".
   at: BattlefieldGeometry.get_obstacle_ids_at_point (res://battle/geometry/battlefield_geometry.gd:585)
   GDScript backtrace (most recent call first):
       [0] get_obstacle_ids_at_point (res://battle/geometry/battlefield_geometry.gd:585)
       [1] _is_valid_destination (res://battle/combat/battle_defend_position_service.gd:275)
       [2] _sample_is_legal (res://battle/combat/battle_defend_position_service.gd:214)
       [3] select_best_local_los_point (res://battle/combat/battle_defend_position_service.gd:117)
       [4] _update_defend_position_behavior (res://battle/combat/battle_combat_behavior_service.gd:531)
       [5] advance (res://battle/combat/battle_combat_behavior_service.gd:190)
       [6] _advance_validated (res://tools/bridge_map/profile_runtime.gd:125)
       [7] advance (res://tools/bridge_map/profile_runtime.gd:32)
       [8] run (res://tools/bridge_perf/benchmark.gd:25)
SCRIPT ERROR: Trying to assign an array of type "Array" to a variable of type "Array[String]".
   at: BattlefieldGeometry.get_obstacle_ids_at_point (res://battle/geometry/battlefield_geometry.gd:585)
   GDScript backtrace (most recent call first):
       [0] get_obstacle_ids_at_point (res://battle/geometry/battlefield_geometry.gd:585)
       [1] _is_valid_destination (res://battle/combat/battle_defend_position_service.gd:275)
       [2] _sample_is_legal (res://battle/combat/battle_defend_position_service.gd:214)
       [3] select_best_local_los_point (res://battle/combat/battle_defend_position_service.gd:117)
       [4] _update_defend_position_behavior (res://battle/combat/battle_combat_behavior_service.gd:531)
       [5] advance (res://battle/combat/battle_combat_behavior_service.gd:190)
       [6] _advance_validated (res://tools/bridge_map/profile_runtime.gd:125)
       [7] advance (res://tools/bridge_map/profile_runtime.gd:32)
       [8] run (res://tools/bridge_perf/benchmark.gd:25)
SCRIPT ERROR: Trying to assign an array of type "Array" to a variable of type "Array[String]".
   at: BattlefieldGeometry.get_obstacle_ids_at_point (res://battle/geometry/battlefield_geometry.gd:585)
   GDScript backtrace (most recent call first):
       [0] get_obstacle_ids_at_point (res://battle/geometry/battlefield_geometry.gd:585)
       [1] get_movement_blocking_obstacle_id_at (res://battle/geometry/battlefield_geometry.gd:259)
       [2] cover_hustle_multiplier (res://battle/runtime/battle_movement_service.gd:164)
       [3] _advance_participant (res://battle/runtime/battle_movement_service.gd:78)
       [4] advance (res://battle/runtime/battle_movement_service.gd:52)
       [5] _advance_validated (res://tools/bridge_map/profile_runtime.gd:163)
       [6] advance (res://tools/bridge_map/profile_runtime.gd:32)
       [7] run (res://tools/bridge_perf/benchmark.gd:25)
SCRIPT ERROR: Trying to assign an array of type "Array" to a variable of type "Array[String]".
   at: BattlefieldGeometry.get_obstacle_ids_at_point (res://battle/geometry/battlefield_geometry.gd:585)
   GDScript backtrace (most recent call first):
       [0] get_obstacle_ids_at_point (res://battle/geometry/battlefield_geometry.gd:585)
       [1] get_movement_blocking_obstacle_id_at (res://battle/geometry/battlefield_geometry.gd:259)
       [2] _blocking_obstacle_at (res://battle/geometry/battle_spatial_service.gd:414)
       [3] resolve_translation (res://battle/geometry/battle_spatial_service.gd:65)
       [4] _advance_participant (res://battle/runtime/battle_movement_service.gd:103)
       [5] advance (res://battle/runtime/battle_movement_service.gd:52)
       [6] _advance_validated (res://tools/bridge_map/profile_runtime.gd:163)
       [7] advance (res://tools/bridge_map/profile_runtime.gd:32)
       [8] run (res://tools/bridge_perf/benchmark.gd:25)
SCRIPT ERROR: Trying to assign an array of type "Array" to a variable of type "Array[String]".
   at: BattlefieldGeometry.get_obstacle_ids_at_point (res://battle/geometry/battlefield_geometry.gd:585)
   GDScript backtrace (most recent call first):
       [0] get_obstacle_ids_at_point (res://battle/geometry/battlefield_geometry.gd:585)
       [1] get_movement_blocking_obstacle_id_at (res://battle/geometry/battlefield_geometry.gd:259)
       [2] _blocking_obstacle_at (res://battle/geometry/battle_spatial_service.gd:414)
       [3] _resolve_legal_translation (res://battle/geometry/battle_spatial_service.gd:294)
       [4] resolve_translation (res://battle/geometry/battle_spatial_service.gd:95)
       [5] _advance_participant (res://battle/runtime/battle_movement_service.gd:103)
       [6] advance (res://battle/runtime/battle_movement_service.gd:52)
       [7] _advance_validated (res://tools/bridge_map/profile_runtime.gd:163)
       [8] advance (res://tools/bridge_map/profile_runtime.gd:32)
       [9] run (res://tools/bridge_perf/benchmark.gd:25)
SCRIPT ERROR: Trying to assign an array of type "Array" to a variable of type "Array[String]".
   at: BattlefieldGeometry.get_obstacle_ids_at_point (res://battle/geometry/battlefield_geometry.gd:585)
   GDScript backtrace (most recent call first):
       [0] get_obstacle_ids_at_point (res://battle/geometry/battlefield_geometry.gd:585)
       [1] get_movement_blocking_obstacle_id_at (res://battle/geometry/battlefield_geometry.gd:259)
       [2] cover_hustle_multiplier (res://battle/runtime/battle_movement_service.gd:164)
       [3] _advance_participant (res://battle/runtime/battle_movement_service.gd:78)
       [4] advance (res://battle/runtime/battle_movement_service.gd:52)
       [5] _advance_validated (res://tools/bridge_map/profile_runtime.gd:163)
       [6] advance (res://tools/bridge_map/profile_runtime.gd:32)
       [7] run (res://tools/bridge_perf/benchmark.gd:25)
SCRIPT ERROR: Trying to assign an array of type "Array" to a variable of type "Array[String]".
   at: BattlefieldGeometry.get_obstacle_ids_at_point (res://battle/geometry/battlefield_geometry.gd:585)
   GDScript backtrace (most recent call first):
       [0] get_obstacle_ids_at_point (res://battle/geometry/battlefield_geometry.gd:585)
       [1] get_movement_blocking_obstacle_id_at (res://battle/geometry/battlefield_geometry.gd:259)
       [2] _blocking_obstacle_at (res://battle/geometry/battle_spatial_service.gd:414)
       [3] resolve_translation (res://battle/geometry/battle_spatial_service.gd:65)
       [4] _advance_participant (res://battle/runtime/battle_movement_service.gd:103)
       [5] advance (res://battle/runtime/battle_movement_service.gd:52)
       [6] _advance_validated (res://tools/bridge_map/profile_runtime.gd:163)
       [7] advance (res://tools/bridge_map/profile_runtime.gd:32)
       [8] run (res://tools/bridge_perf/benchmark.gd:25)
SCRIPT ERROR: Trying to assign an array of type "Array" to a variable of type "Array[String]".
   at: BattlefieldGeometry.get_obstacle_ids_at_point (res://battle/geometry/battlefield_geometry.gd:585)
   GDScript backtrace (most recent call first):
       [0] get_obstacle_ids_at_point (res://battle/geometry/battlefield_geometry.gd:585)
       [1] _is_valid_destination (res://battle/combat/battle_defend_position_service.gd:275)
       [2] _sample_is_legal (res://battle/combat/battle_defend_position_service.gd:214)
       [3] select_best_local_los_point (res://battle/combat/battle_defend_position_service.gd:117)
       [4] _update_defend_position_behavior (res://battle/combat/battle_combat_behavior_service.gd:531)
       [5] advance (res://battle/combat/battle_combat_behavior_service.gd:190)
       [6] _advance_validated (res://tools/bridge_map/profile_runtime.gd:125)
       [7] advance (res://tools/bridge_map/profile_runtime.gd:32)
       [8] run (res://tools/bridge_perf/benchmark.gd:25)
SCRIPT ERROR: Trying to assign an array of type "Array" to a variable of type "Array[String]".
   at: BattlefieldGeometry.get_obstacle_ids_at_point (res://battle/geometry/battlefield_geometry.gd:585)
   GDScript backtrace (most recent call first):
       [0] get_obstacle_ids_at_point (res://battle/geometry/battlefield_geometry.gd:585)
       [1] _is_valid_destination (res://battle/combat/battle_defend_position_service.gd:275)
       [2] _sample_is_legal (res://battle/combat/battle_defend_position_service.gd:214)
       [3] select_best_local_los_point (res://battle/combat/battle_defend_position_service.gd:117)
       [4] _update_defend_position_behavior (res://battle/combat/battle_combat_behavior_service.gd:531)
       [5] advance (res://battle/combat/battle_combat_behavior_service.gd:190)
       [6] _advance_validated (res://tools/bridge_map/profile_runtime.gd:125)
       [7] advance (res://tools/bridge_map/profile_runtime.gd:32)
       [8] run (res://tools/bridge_perf/benchmark.gd:25)
SCRIPT ERROR: Trying to assign an array of type "Array" to a variable of type "Array[String]".
   at: BattlefieldGeometry.get_obstacle_ids_at_point (res://battle/geometry/battlefield_geometry.gd:585)
   GDScript backtrace (most recent call first):
       [0] get_obstacle_ids_at_point (res://battle/geometry/battlefield_geometry.gd:585)
       [1] _is_valid_destination (res://battle/combat/battle_defend_position_service.gd:275)
       [2] _sample_is_legal (res://battle/combat/battle_defend_position_service.gd:214)
       [3] select_best_local_los_point (res://battle/combat/battle_defend_position_service.gd:117)
       [4] _update_defend_position_behavior (res://battle/combat/battle_combat_behavior_service.gd:531)
       [5] advance (res://battle/combat/battle_combat_behavior_service.gd:190)
       [6] _advance_validated (res://tools/bridge_map/profile_runtime.gd:125)
       [7] advance (res://tools/bridge_map/profile_runtime.gd:32)
       [8] run (res://tools/bridge_perf/benchmark.gd:25)
SCRIPT ERROR: Trying to assign an array of type "Array" to a variable of type "Array[String]".
   at: BattlefieldGeometry.get_obstacle_ids_at_point (res://battle/geometry/battlefield_geometry.gd:585)
   GDScript backtrace (most recent call first):
       [0] get_obstacle_ids_at_point (res://battle/geometry/battlefield_geometry.gd:585)
       [1] _is_valid_destination (res://battle/combat/battle_defend_position_service.gd:275)
       [2] _sample_is_legal (res://battle/combat/battle_defend_position_service.gd:214)
       [3] select_best_local_los_point (res://battle/combat/battle_defend_position_service.gd:117)
       [4] _update_defend_position_behavior (res://battle/combat/battle_combat_behavior_service.gd:531)
       [5] advance (res://battle/combat/battle_combat_behavior_service.gd:190)
       [6] _advance_validated (res://tools/bridge_map/profile_runtime.gd:125)
       [7] advance (res://tools/bridge_map/profile_runtime.gd:32)
       [8] run (res://tools/bridge_perf/benchmark.gd:25)
BENCH_PROGRESS visibility16 { "sim_seconds": 24.0000000000002, "mean_update_ms": 13.403575, "fps_snapshot": 52.0 }
SCRIPT ERROR: Trying to assign an array of type "Array" to a variable of type "Array[String]".
   at: BattlefieldGeometry.get_obstacle_ids_at_point (res://battle/geometry/battlefield_geometry.gd:585)
   GDScript backtrace (most recent call first):
       [0] get_obstacle_ids_at_point (res://battle/geometry/battlefield_geometry.gd:585)
       [1] _is_valid_destination (res://battle/combat/battle_defend_position_service.gd:275)
       [2] _sample_is_legal (res://battle/combat/battle_defend_position_service.gd:214)
       [3] select_best_local_los_point (res://battle/combat/battle_defend_position_service.gd:117)
       [4] _update_defend_position_behavior (res://battle/combat/battle_combat_behavior_service.gd:531)
       [5] advance (res://battle/combat/battle_combat_behavior_service.gd:190)
       [6] _advance_validated (res://tools/bridge_map/profile_runtime.gd:125)
       [7] advance (res://tools/bridge_map/profile_runtime.gd:32)
       [8] run (res://tools/bridge_perf/benchmark.gd:25)
SCRIPT ERROR: Trying to assign an array of type "Array" to a variable of type "Array[String]".
   at: BattlefieldGeometry.get_obstacle_ids_at_point (res://battle/geometry/battlefield_geometry.gd:585)
   GDScript backtrace (most recent call first):
       [0] get_obstacle_ids_at_point (res://battle/geometry/battlefield_geometry.gd:585)
       [1] _is_valid_destination (res://battle/combat/battle_defend_position_service.gd:275)
       [2] _sample_is_legal (res://battle/combat/battle_defend_position_service.gd:214)
       [3] select_best_local_los_point (res://battle/combat/battle_defend_position_service.gd:117)
       [4] _update_defend_position_behavior (res://battle/combat/battle_combat_behavior_service.gd:531)
       [5] advance (res://battle/combat/battle_combat_behavior_service.gd:190)
       [6] _advance_validated (res://tools/bridge_map/profile_runtime.gd:125)
       [7] advance (res://tools/bridge_map/profile_runtime.gd:32)
       [8] run (res://tools/bridge_perf/benchmark.gd:25)
SCRIPT ERROR: Trying to assign an array of type "Array" to a variable of type "Array[String]".
   at: BattlefieldGeometry.get_obstacle_ids_at_point (res://battle/geometry/battlefield_geometry.gd:585)
   GDScript backtrace (most recent call first):
       [0] get_obstacle_ids_at_point (res://battle/geometry/battlefield_geometry.gd:585)
       [1] _is_valid_destination (res://battle/combat/battle_defend_position_service.gd:275)
       [2] _sample_is_legal (res://battle/combat/battle_defend_position_service.gd:214)
       [3] select_best_local_los_point (res://battle/combat/battle_defend_position_service.gd:117)
       [4] _update_defend_position_behavior (res://battle/combat/battle_combat_behavior_service.gd:531)
       [5] advance (res://battle/combat/battle_combat_behavior_service.gd:190)
       [6] _advance_validated (res://tools/bridge_map/profile_runtime.gd:125)
       [7] advance (res://tools/bridge_map/profile_runtime.gd:32)
       [8] run (res://tools/bridge_perf/benchmark.gd:25)
SCRIPT ERROR: Trying to assign an array of type "Array" to a variable of type "Array[String]".
   at: BattlefieldGeometry.get_obstacle_ids_at_point (res://battle/geometry/battlefield_geometry.gd:585)
   GDScript backtrace (most recent call first):
       [0] get_obstacle_ids_at_point (res://battle/geometry/battlefield_geometry.gd:585)
       [1] _is_valid_destination (res://battle/combat/battle_defend_position_service.gd:275)
       [2] _sample_is_legal (res://battle/combat/battle_defend_position_service.gd:214)
       [3] select_best_local_los_point (res://battle/combat/battle_defend_position_service.gd:117)
       [4] _update_defend_position_behavior (res://battle/combat/battle_combat_behavior_service.gd:531)
       [5] advance (res://battle/combat/battle_combat_behavior_service.gd:190)
       [6] _advance_validated (res://tools/bridge_map/profile_runtime.gd:125)
       [7] advance (res://tools/bridge_map/profile_runtime.gd:32)
       [8] run (res://tools/bridge_perf/benchmark.gd:25)
SCRIPT ERROR: Trying to assign an array of type "Array" to a variable of type "Array[String]".
   at: BattlefieldGeometry.get_obstacle_ids_at_point (res://battle/geometry/battlefield_geometry.gd:585)
   GDScript backtrace (most recent call first):
       [0] get_obstacle_ids_at_point (res://battle/geometry/battlefield_geometry.gd:585)
       [1] _is_valid_destination (res://battle/combat/battle_defend_position_service.gd:275)
       [2] _sample_is_legal (res://battle/combat/battle_defend_position_service.gd:214)
       [3] select_best_local_los_point (res://battle/combat/battle_defend_position_service.gd:117)
       [4] _update_defend_position_behavior (res://battle/combat/battle_combat_behavior_service.gd:531)
       [5] advance (res://battle/combat/battle_combat_behavior_service.gd:190)
       [6] _advance_validated (res://tools/bridge_map/profile_runtime.gd:125)
       [7] advance (res://tools/bridge_map/profile_runtime.gd:32)
       [8] run (res://tools/bridge_perf/benchmark.gd:25)
SCRIPT ERROR: Trying to assign an array of type "Array" to a variable of type "Array[String]".
   at: BattlefieldGeometry.get_obstacle_ids_at_point (res://battle/geometry/battlefield_geometry.gd:585)
   GDScript backtrace (most recent call first):
       [0] get_obstacle_ids_at_point (res://battle/geometry/battlefield_geometry.gd:585)
       [1] _is_valid_destination (res://battle/combat/battle_defend_position_service.gd:275)
       [2] _sample_is_legal (res://battle/combat/battle_defend_position_service.gd:214)
       [3] select_best_local_los_point (res://battle/combat/battle_defend_position_service.gd:117)
       [4] _update_defend_position_behavior (res://battle/combat/battle_combat_behavior_service.gd:531)
       [5] advance (res://battle/combat/battle_combat_behavior_service.gd:190)
       [6] _advance_validated (res://tools/bridge_map/profile_runtime.gd:125)
       [7] advance (res://tools/bridge_map/profile_runtime.gd:32)
       [8] run (res://tools/bridge_perf/benchmark.gd:25)
SCRIPT ERROR: Trying to assign an array of type "Array" to a variable of type "Array[String]".
   at: BattlefieldGeometry.get_obstacle_ids_at_point (res://battle/geometry/battlefield_geometry.gd:585)
   GDScript backtrace (most recent call first):
       [0] get_obstacle_ids_at_point (res://battle/geometry/battlefield_geometry.gd:585)
       [1] _is_valid_destination (res://battle/combat/battle_defend_position_service.gd:275)
       [2] _sample_is_legal (res://battle/combat/battle_defend_position_service.gd:214)
       [3] select_best_local_los_point (res://battle/combat/battle_defend_position_service.gd:117)
       [4] _update_defend_position_behavior (res://battle/combat/battle_combat_behavior_service.gd:531)
       [5] advance (res://battle/combat/battle_combat_behavior_service.gd:190)
       [6] _advance_validated (res://tools/bridge_map/profile_runtime.gd:125)
       [7] advance (res://tools/bridge_map/profile_runtime.gd:32)
       [8] run (res://tools/bridge_perf/benchmark.gd:25)
SCRIPT ERROR: Trying to assign an array of type "Array" to a variable of type "Array[String]".
   at: BattlefieldGeometry.get_obstacle_ids_at_point (res://battle/geometry/battlefield_geometry.gd:585)
   GDScript backtrace (most recent call first):
       [0] get_obstacle_ids_at_point (res://battle/geometry/battlefield_geometry.gd:585)
       [1] _is_valid_destination (res://battle/combat/battle_defend_position_service.gd:275)
       [2] _sample_is_legal (res://battle/combat/battle_defend_position_service.gd:214)
       [3] select_best_local_los_point (res://battle/combat/battle_defend_position_service.gd:117)
       [4] _update_defend_position_behavior (res://battle/combat/battle_combat_behavior_service.gd:531)
       [5] advance (res://battle/combat/battle_combat_behavior_service.gd:190)
       [6] _advance_validated (res://tools/bridge_map/profile_runtime.gd:125)
       [7] advance (res://tools/bridge_map/profile_runtime.gd:32)
       [8] run (res://tools/bridge_perf/benchmark.gd:25)
SCRIPT ERROR: Trying to assign an array of type "Array" to a variable of type "Array[String]".
   at: BattlefieldGeometry.get_obstacle_ids_at_point (res://battle/geometry/battlefield_geometry.gd:585)
   GDScript backtrace (most recent call first):
       [0] get_obstacle_ids_at_point (res://battle/geometry/battlefield_geometry.gd:585)
       [1] _is_valid_destination (res://battle/combat/battle_defend_position_service.gd:275)
       [2] _sample_is_legal (res://battle/combat/battle_defend_position_service.gd:214)
       [3] select_best_local_los_point (res://battle/combat/battle_defend_position_service.gd:117)
       [4] _update_defend_position_behavior (res://battle/combat/battle_combat_behavior_service.gd:531)
       [5] advance (res://battle/combat/battle_combat_behavior_service.gd:190)
       [6] _advance_validated (res://tools/bridge_map/profile_runtime.gd:125)
       [7] advance (res://tools/bridge_map/profile_runtime.gd:32)
       [8] run (res://tools/bridge_perf/benchmark.gd:25)
BENCH_PROGRESS visibility16 { "sim_seconds": 30.0000000000003, "mean_update_ms": 12.5235666666667, "fps_snapshot": 54.0 }
BENCH_DONE {"checkpoints":[{"fps_snapshot":47.0,"mean_update_ms":16.07395,"sim_seconds":5.99999999999999},{"fps_snapshot":55.0,"mean_update_ms":12.9533166666667,"sim_seconds":12.0},{"fps_snapshot":54.0,"mean_update_ms":12.764625,"sim_seconds":18.0000000000001},{"fps_snapshot":52.0,"mean_update_ms":13.403575,"sim_seconds":24.0000000000002},{"fps_snapshot":54.0,"mean_update_ms":12.5235666666667,"sim_seconds":30.0000000000003}],"damage":6.76300000000001,"label":"visibility16","living":13,"max_ms":56.821,"mean_ms":13.5438066666667,"moved":11,"occupied":6,"p95_ms":21.292,"paused_fps":1.0,"phase":"active","rendered":16,"sim_seconds":30.0000000000003,"stages_ms":{"combat":3782.594,"movement":1561.188,"path_follow":95.1340000000002,"pressure":735.794999999999,"tactics":29.814,"targets":975.724,"weapon":821.107999999999},"steps":600,"units":16}
