#options: 1280x720 fps=30/1 timebase=1/30 bitdepth=8 cabac=1 ref=1 deblock=1:0:0 analyse=0x1:0 me=dia subme=2 psy=1 psy_rd=1.00:0.00 mixed_ref=0 me_range=16 chroma_me=1 trellis=0 8x8dct=0 cqm=0 deadzone=21,11 fast_pskip=1 chroma_qp_offset=0 threads=12 lookahead_threads=4 sliced_threads=0 nr=0 decimate=1 interlaced=0 bluray_compat=0 constrained_intra=0 bframes=3 b_pyramid=2 b_adapt=1 b_bias=0 direct=1 weightb=1 open_gop=0 weightp=2 keyint=60 keyint_min=6 scenecut=40 intra_refresh=0 rc_lookahead=40 rc=abr mbtree=1 bitrate=592 ratetol=1.0 qcomp=0.60 qpmin=0 qpmax=69 qpstep=4 ip_ratio=1.40 aq=1:1.00
in:0 out:0 type:I dur:2 cpbdur:2 q:40.51 aq:26.00 tex:333 mv:913 misc:6010 imb:3600 pmb:0 smb:0 d:- ref:;
in:1 out:1 type:i dur:2 cpbdur:2 q:40.45 aq:23.90 tex:39120 mv:16501 misc:163 imb:3600 pmb:0 smb:0 d:- ref:;
in:4 out:2 type:P dur:2 cpbdur:2 q:40.86 aq:26.95 tex:54448 mv:11466 misc:1414 imb:1862 pmb:938 smb:800 d:- ref:0 w:0,4,-49,0,2,-128,2,-128 ;
in:2 out:3 type:B dur:2 cpbdur:2 q:40.86 aq:29.00 tex:0 mv:0 misc:224 imb:0 pmb:0 smb:3600 d:- ref:0 ;
in:3 out:4 type:b dur:2 cpbdur:2 q:40.86 aq:32.00 tex:9 mv:5 misc:226 imb:0 pmb:1 smb:3599 d:- ref:0 ;
in:8 out:5 type:P dur:2 cpbdur:2 q:40.97 aq:27.15 tex:60095 mv:12466 misc:1607 imb:2036 pmb:1223 smb:341 d:- ref:0 w:0,2,-16,0,2,-128,2,-127 ;
in:6 out:6 type:B dur:2 cpbdur:2 q:40.91 aq:23.52 tex:464 mv:359 misc:609 imb:23 pmb:56 smb:3521 d:- ref:0 ;
in:5 out:7 type:b dur:2 cpbdur:2 q:40.89 aq:31.88 tex:112 mv:30 misc:258 imb:0 pmb:15 smb:3585 d:- ref:0 ;
in:7 out:8 type:b dur:2 cpbdur:2 q:40.94 aq:32.79 tex:22 mv:6 misc:236 imb:0 pmb:1 smb:3599 d:- ref:0 ;
in:12 out:9 type:P dur:2 cpbdur:2 q:40.77 aq:29.97 tex:14721 mv:1345 misc:1742 imb:50 pmb:337 smb:3213 d:- ref:0 ;
in:10 out:10 type:B dur:2 cpbdur:2 q:40.87 aq:32.19 tex:17 mv:31 misc:312 imb:1 pmb:9 smb:3590 d:- ref:0 ;
in:9 out:11 type:b dur:2 cpbdur:2 q:40.92 aq:36.29 tex:47 mv:18 misc:263 imb:0 pmb:5 smb:3595 d:- ref:0 ;
in:11 out:12 type:b dur:2 cpbdur:2 q:40.82 aq:34.00 tex:0 mv:0 misc:224 imb:0 pmb:0 smb:3600 d:- ref:0 ;
in:16 out:13 type:P dur:2 cpbdur:2 q:43.01 aq:31.67 tex:25 mv:8 misc:263 imb:0 pmb:2 smb:3598 d:- ref:0 ;
in:14 out:14 type:B dur:2 cpbdur:2 q:41.89 aq:34.00 tex:0 mv:0 misc:240 imb:0 pmb:0 smb:3600 d:- ref:0 ;
in:13 out:15 type:b dur:2 cpbdur:2 q:41.33 aq:34.00 tex:0 mv:0 misc:224 imb:0 pmb:0 smb:3600 d:- ref:0 ;
in:15 out:16 type:b dur:2 cpbdur:2 q:42.45 aq:36.00 tex:0 mv:0 misc:224 imb:0 pmb:0 smb:3600 d:- ref:0 ;
in:20 out:17 type:P dur:2 cpbdur:2 q:44.35 aq:33.00 tex:0 mv:0 misc:240 imb:0 pmb:0 smb:3600 d:- ref:0 ;
in:18 out:18 type:B dur:2 cpbdur:2 q:43.68 aq:35.00 tex:0 mv:0 misc:240 imb:0 pmb:0 smb:3600 d:- ref:0 ;
in:17 out:19 type:b dur:2 cpbdur:2 q:43.34 aq:36.00 tex:0 mv:0 misc:224 imb:0 pmb:0 smb:3600 d:- ref:0 ;
in:19 out:20 type:b dur:2 cpbdur:2 q:44.01 aq:37.00 tex:0 mv:0 misc:224 imb:0 pmb:0 smb:3600 d:- ref:0 ;
in:24 out:21 type:P dur:2 cpbdur:2 q:40.56 aq:30.05 tex:6022 mv:591 misc:1323 imb:20 pmb:206 smb:3374 d:- ref:0 ;
in:22 out:22 type:B dur:2 cpbdur:2 q:42.45 aq:34.00 tex:0 mv:0 misc:240 imb:0 pmb:0 smb:3600 d:- ref:0 ;
in:21 out:23 type:b dur:2 cpbdur:2 q:43.40 aq:36.00 tex:0 mv:0 misc:224 imb:0 pmb:0 smb:3600 d:- ref:0 ;
in:23 out:24 type:b dur:2 cpbdur:2 q:41.50 aq:35.00 tex:0 mv:0 misc:224 imb:0 pmb:0 smb:3600 d:- ref:0 ;
in:28 out:25 type:P dur:2 cpbdur:2 q:37.34 aq:25.90 tex:84076 mv:6412 misc:2240 imb:401 pmb:1304 smb:1895 d:- ref:0 ;
in:26 out:26 type:B dur:2 cpbdur:2 q:38.95 aq:31.00 tex:0 mv:0 misc:232 imb:0 pmb:0 smb:3600 d:- ref:0 ;
in:25 out:27 type:b dur:2 cpbdur:2 q:39.75 aq:33.00 tex:0 mv:0 misc:216 imb:0 pmb:0 smb:3600 d:- ref:0 ;
in:27 out:28 type:b dur:2 cpbdur:2 q:38.14 aq:31.00 tex:0 mv:0 misc:216 imb:0 pmb:0 smb:3600 d:- ref:0 ;
in:32 out:29 type:P dur:2 cpbdur:2 q:34.60 aq:22.81 tex:96547 mv:6815 misc:2710 imb:486 pmb:1419 smb:1695 d:- ref:0 ;
in:30 out:30 type:B dur:2 cpbdur:2 q:35.97 aq:28.00 tex:0 mv:0 misc:232 imb:0 pmb:0 smb:3600 d:- ref:0 ;
in:29 out:31 type:b dur:2 cpbdur:2 q:36.65 aq:30.00 tex:0 mv:0 misc:216 imb:0 pmb:0 smb:3600 d:- ref:0 ;
in:31 out:32 type:b dur:2 cpbdur:2 q:35.28 aq:28.00 tex:0 mv:0 misc:216 imb:0 pmb:0 smb:3600 d:- ref:0 ;
in:36 out:33 type:P dur:2 cpbdur:2 q:32.66 aq:21.02 tex:88810 mv:5913 misc:2653 imb:505 pmb:1419 smb:1676 d:- ref:0 ;
in:34 out:34 type:B dur:2 cpbdur:2 q:33.63 aq:23.63 tex:15 mv:5 misc:244 imb:0 pmb:1 smb:3599 d:- ref:0 ;
in:33 out:35 type:b dur:2 cpbdur:2 q:34.11 aq:27.00 tex:0 mv:0 misc:216 imb:0 pmb:0 smb:3600 d:- ref:0 ;
in:35 out:36 type:b dur:2 cpbdur:2 q:33.14 aq:26.00 tex:0 mv:0 misc:216 imb:0 pmb:0 smb:3600 d:- ref:0 ;
in:40 out:37 type:P dur:2 cpbdur:2 q:33.57 aq:20.95 tex:2907 mv:405 misc:872 imb:23 pmb:96 smb:3481 d:- ref:0 ;
in:38 out:38 type:B dur:2 cpbdur:2 q:33.11 aq:25.00 tex:0 mv:0 misc:232 imb:0 pmb:0 smb:3600 d:- ref:0 ;
in:37 out:39 type:b dur:2 cpbdur:2 q:32.89 aq:26.00 tex:0 mv:0 misc:216 imb:0 pmb:0 smb:3600 d:- ref:0 ;
in:39 out:40 type:b dur:2 cpbdur:2 q:33.34 aq:26.00 tex:0 mv:0 misc:216 imb:0 pmb:0 smb:3600 d:- ref:0 ;
in:44 out:41 type:P dur:2 cpbdur:2 q:34.65 aq:18.69 tex:87 mv:43 misc:310 imb:3 pmb:4 smb:3593 d:- ref:0 ;
in:42 out:42 type:B dur:2 cpbdur:2 q:34.11 aq:26.00 tex:0 mv:0 misc:232 imb:0 pmb:0 smb:3600 d:- ref:0 ;
in:41 out:43 type:b dur:2 cpbdur:2 q:33.84 aq:27.00 tex:0 mv:0 misc:216 imb:0 pmb:0 smb:3600 d:- ref:0 ;
in:43 out:44 type:b dur:2 cpbdur:2 q:34.38 aq:27.00 tex:0 mv:0 misc:216 imb:0 pmb:0 smb:3600 d:- ref:0 ;
in:48 out:45 type:P dur:2 cpbdur:2 q:35.18 aq:22.27 tex:23 mv:14 misc:259 imb:1 pmb:0 smb:3599 d:- ref:0 ;
in:46 out:46 type:B dur:2 cpbdur:2 q:34.92 aq:27.00 tex:0 mv:0 misc:232 imb:0 pmb:0 smb:3600 d:- ref:0 ;
in:45 out:47 type:b dur:2 cpbdur:2 q:34.78 aq:28.00 tex:0 mv:0 misc:216 imb:0 pmb:0 smb:3600 d:- ref:0 ;
in:47 out:48 type:b dur:2 cpbdur:2 q:35.05 aq:28.00 tex:0 mv:0 misc:216 imb:0 pmb:0 smb:3600 d:- ref:0 ;
in:52 out:49 type:P dur:2 cpbdur:2 q:33.83 aq:20.18 tex:464 mv:97 misc:383 imb:6 pmb:11 smb:3583 d:- ref:0 ;
in:50 out:50 type:B dur:2 cpbdur:2 q:34.51 aq:26.00 tex:0 mv:0 misc:232 imb:0 pmb:0 smb:3600 d:- ref:0 ;
in:49 out:51 type:b dur:2 cpbdur:2 q:34.85 aq:28.00 tex:0 mv:0 misc:216 imb:0 pmb:0 smb:3600 d:- ref:0 ;
in:51 out:52 type:b dur:2 cpbdur:2 q:34.17 aq:27.00 tex:0 mv:0 misc:216 imb:0 pmb:0 smb:3600 d:- ref:0 ;
in:56 out:53 type:P dur:2 cpbdur:2 q:32.25 aq:21.19 tex:3432 mv:437 misc:931 imb:31 pmb:88 smb:3481 d:- ref:0 ;
in:54 out:54 type:B dur:2 cpbdur:2 q:33.04 aq:25.00 tex:0 mv:0 misc:232 imb:0 pmb:0 smb:3600 d:- ref:0 ;
in:53 out:55 type:b dur:2 cpbdur:2 q:33.44 aq:27.00 tex:0 mv:0 misc:216 imb:0 pmb:0 smb:3600 d:- ref:0 ;
in:55 out:56 type:b dur:2 cpbdur:2 q:32.65 aq:26.00 tex:0 mv:0 misc:216 imb:0 pmb:0 smb:3600 d:- ref:0 ;
in:59 out:57 type:P dur:2 cpbdur:2 q:30.68 aq:24.00 tex:5 mv:5 misc:254 imb:0 pmb:1 smb:3599 d:- ref:0 ;
in:57 out:58 type:B dur:2 cpbdur:2 q:31.73 aq:25.00 tex:0 mv:0 misc:232 imb:0 pmb:0 smb:3600 d:- ref:0 ;
in:58 out:59 type:b dur:2 cpbdur:2 q:31.21 aq:24.00 tex:0 mv:0 misc:216 imb:0 pmb:0 smb:3600 d:- ref:0 ;
in:60 out:60 type:I dur:2 cpbdur:2 q:31.84 aq:19.14 tex:284573 mv:51600 misc:523 imb:3600 pmb:0 smb:0 d:- ref:;
in:64 out:61 type:P dur:2 cpbdur:2 q:31.93 aq:21.58 tex:1651 mv:279 misc:838 imb:8 pmb:101 smb:3491 d:- ref:0 ;
in:62 out:62 type:B dur:2 cpbdur:2 q:31.93 aq:24.00 tex:0 mv:0 misc:216 imb:0 pmb:0 smb:3600 d:- ref:0 ;
in:61 out:63 type:b dur:2 cpbdur:2 q:31.93 aq:25.00 tex:0 mv:0 misc:216 imb:0 pmb:0 smb:3600 d:- ref:0 ;
in:63 out:64 type:b dur:2 cpbdur:2 q:31.93 aq:25.00 tex:0 mv:0 misc:216 imb:0 pmb:0 smb:3600 d:- ref:0 ;
in:68 out:65 type:P dur:2 cpbdur:2 q:30.82 aq:19.78 tex:979 mv:237 misc:632 imb:12 pmb:45 smb:3543 d:- ref:0 ;
in:66 out:66 type:B dur:2 cpbdur:2 q:31.37 aq:20.14 tex:28 mv:7 misc:253 imb:0 pmb:2 smb:3598 d:- ref:0 ;
in:65 out:67 type:b dur:2 cpbdur:2 q:31.65 aq:25.00 tex:0 mv:0 misc:216 imb:0 pmb:0 smb:3600 d:- ref:0 ;
in:67 out:68 type:b dur:2 cpbdur:2 q:31.10 aq:21.14 tex:19 mv:4 misc:225 imb:0 pmb:1 smb:3599 d:- ref:0 ;
in:72 out:69 type:P dur:2 cpbdur:2 q:29.76 aq:16.68 tex:663 mv:202 misc:535 imb:15 pmb:27 smb:3558 d:- ref:0 ;
in:70 out:70 type:B dur:2 cpbdur:2 q:30.29 aq:19.14 tex:27 mv:7 misc:254 imb:0 pmb:2 smb:3598 d:- ref:0 ;
in:69 out:71 type:b dur:2 cpbdur:2 q:30.55 aq:21.14 tex:19 mv:4 misc:225 imb:0 pmb:1 smb:3599 d:- ref:0 ;
in:71 out:72 type:b dur:2 cpbdur:2 q:30.02 aq:23.00 tex:0 mv:0 misc:216 imb:0 pmb:0 smb:3600 d:- ref:0 ;
in:76 out:73 type:P dur:2 cpbdur:2 q:30.68 aq:16.18 tex:150 mv:27 misc:295 imb:1 pmb:4 smb:3595 d:- ref:0 ;
in:74 out:74 type:B dur:2 cpbdur:2 q:30.22 aq:22.00 tex:0 mv:0 misc:232 imb:0 pmb:0 smb:3600 d:- ref:0 ;
in:73 out:75 type:b dur:2 cpbdur:2 q:29.99 aq:23.00 tex:0 mv:0 misc:216 imb:0 pmb:0 smb:3600 d:- ref:0 ;
in:75 out:76 type:b dur:2 cpbdur:2 q:30.45 aq:24.00 tex:0 mv:0 misc:216 imb:0 pmb:0 smb:3600 d:- ref:0 ;
in:80 out:77 type:P dur:2 cpbdur:2 q:29.74 aq:22.16 tex:98322 mv:14037 misc:2385 imb:796 pmb:1209 smb:1595 d:- ref:0 ;
in:78 out:78 type:B dur:2 cpbdur:2 q:30.21 aq:28.73 tex:13132 mv:7792 misc:2284 imb:165 pmb:795 smb:2640 d:- ref:0 ;
in:77 out:79 type:b dur:2 cpbdur:2 q:30.44 aq:21.84 tex:68 mv:169 misc:971 imb:1 pmb:250 smb:3349 d:- ref:0 ;
in:79 out:80 type:b dur:2 cpbdur:2 q:29.97 aq:29.42 tex:9086 mv:7714 misc:2296 imb:128 pmb:715 smb:2757 d:- ref:0 ;
in:84 out:81 type:P dur:2 cpbdur:2 q:29.59 aq:21.00 tex:107020 mv:19835 misc:1529 imb:1877 pmb:1146 smb:577 d:- ref:0 ;
in:82 out:82 type:B dur:2 cpbdur:2 q:29.66 aq:24.45 tex:26869 mv:16354 misc:2825 imb:308 pmb:1229 smb:2063 d:- ref:0 ;
in:81 out:83 type:b dur:2 cpbdur:2 q:29.70 aq:29.31 tex:13268 mv:9943 misc:2477 imb:186 pmb:799 smb:2615 d:- ref:0 ;
in:83 out:84 type:b dur:2 cpbdur:2 q:29.62 aq:26.33 tex:15053 mv:12062 misc:2645 imb:265 pmb:968 smb:2367 d:- ref:0 ;
in:87 out:85 type:P dur:2 cpbdur:2 q:29.36 aq:21.19 tex:145527 mv:21282 misc:935 imb:2358 pmb:1024 smb:218 d:- ref:0 ;
in:85 out:86 type:B dur:2 cpbdur:2 q:29.51 aq:25.73 tex:40691 mv:16898 misc:2859 imb:382 pmb:1195 smb:2023 d:- ref:0 ;
in:86 out:87 type:b dur:2 cpbdur:2 q:29.44 aq:25.34 tex:22616 mv:13986 misc:2894 imb:321 pmb:1056 smb:2223 d:- ref:0 ;
in:90 out:88 type:P dur:2 cpbdur:2 q:29.48 aq:21.33 tex:144709 mv:21507 misc:1248 imb:2195 pmb:1034 smb:371 d:- ref:0 ;
in:88 out:89 type:B dur:2 cpbdur:2 q:29.40 aq:25.58 tex:30783 mv:17710 misc:2931 imb:372 pmb:1187 smb:2041 d:- ref:0 ;
in:89 out:90 type:b dur:2 cpbdur:2 q:29.44 aq:23.25 tex:21403 mv:15401 misc:3028 imb:359 pmb:1459 smb:1782 d:- ref:0 ;
in:92 out:91 type:P dur:2 cpbdur:2 q:30.39 aq:21.56 tex:109004 mv:21231 misc:1389 imb:1953 pmb:1179 smb:468 d:- ref:0 ;
in:91 out:92 type:b dur:2 cpbdur:2 q:29.93 aq:23.60 tex:26522 mv:15740 misc:2906 imb:358 pmb:1517 smb:1725 d:- ref:0 ;
in:96 out:93 type:P dur:2 cpbdur:2 q:31.40 aq:23.29 tex:170566 mv:22121 misc:553 imb:2876 pmb:686 smb:38 d:- ref:0 w:7,127,2 ;
in:94 out:94 type:B dur:2 cpbdur:2 q:30.90 aq:23.84 tex:48625 mv:25796 misc:2923 imb:770 pmb:1602 smb:1228 d:- ref:0 ;
in:93 out:95 type:b dur:2 cpbdur:2 q:30.65 aq:26.25 tex:17117 mv:15642 misc:2945 imb:330 pmb:1192 smb:2078 d:- ref:0 ;
in:95 out:96 type:b dur:2 cpbdur:2 q:31.15 aq:24.48 tex:18122 mv:14343 misc:3079 imb:249 pmb:1390 smb:1961 d:- ref:0 ;
in:98 out:97 type:P dur:2 cpbdur:2 q:33.01 aq:27.06 tex:70299 mv:16829 misc:2064 imb:1138 pmb:1098 smb:1364 d:- ref:0 ;
in:97 out:98 type:b dur:2 cpbdur:2 q:32.21 aq:26.19 tex:12389 mv:13252 misc:2959 imb:267 pmb:1058 smb:2275 d:- ref:0 ;
in:99 out:99 type:P dur:2 cpbdur:2 q:33.57 aq:25.82 tex:52290 mv:14439 misc:2455 imb:1106 pmb:1068 smb:1426 d:- ref:0 ;
in:102 out:100 type:P dur:2 cpbdur:2 q:34.59 aq:26.27 tex:89555 mv:19686 misc:1311 imb:2334 pmb:835 smb:431 d:- ref:0 w:6,65,0 ;
in:100 out:101 type:B dur:2 cpbdur:2 q:33.91 aq:29.12 tex:14585 mv:15519 misc:3048 imb:392 pmb:990 smb:2218 d:- ref:0 ;
in:101 out:102 type:b dur:2 cpbdur:2 q:34.25 aq:27.21 tex:8339 mv:12298 misc:3019 imb:329 pmb:857 smb:2414 d:- ref:0 ;
in:106 out:103 type:P dur:2 cpbdur:2 q:35.63 aq:27.95 tex:126083 mv:19609 misc:1180 imb:2417 pmb:636 smb:547 d:- ref:0 w:0,1,2 ;
in:104 out:104 type:B dur:2 cpbdur:2 q:35.11 aq:30.12 tex:14952 mv:18424 misc:3032 imb:392 pmb:1133 smb:2075 d:- ref:0 ;
in:103 out:105 type:b dur:2 cpbdur:2 q:34.85 aq:26.94 tex:6687 mv:12279 misc:2954 imb:372 pmb:813 smb:2415 d:- ref:0 ;
in:105 out:106 type:b dur:2 cpbdur:2 q:35.37 aq:30.36 tex:8073 mv:11907 misc:2860 imb:352 pmb:842 smb:2406 d:- ref:0 ;
in:107 out:107 type:P dur:2 cpbdur:2 q:37.19 aq:28.16 tex:30538 mv:12090 misc:2876 imb:882 pmb:917 smb:1801 d:- ref:0 w:0,1,1 ;
in:109 out:108 type:P dur:2 cpbdur:2 q:37.37 aq:29.51 tex:36047 mv:10701 misc:2652 imb:758 pmb:886 smb:1956 d:- ref:0 w:0,1,1 ;
in:108 out:109 type:b dur:2 cpbdur:2 q:37.28 aq:26.27 tex:1463 mv:5879 misc:2306 imb:161 pmb:593 smb:2846 d:- ref:0 ;
in:113 out:110 type:P dur:2 cpbdur:2 q:37.79 aq:29.63 tex:166350 mv:17300 misc:1166 imb:2790 pmb:270 smb:540 d:- ref:0 w:6,63,4,5,31,4,32,0 ;
in:111 out:111 type:B dur:2 cpbdur:2 q:37.58 aq:26.46 tex:3137 mv:5866 misc:1789 imb:148 pmb:480 smb:2972 d:- ref:0 ;
in:110 out:112 type:b dur:2 cpbdur:2 q:37.47 aq:25.01 tex:1627 mv:4696 misc:1757 imb:166 pmb:386 smb:3048 d:- ref:0 ;
in:112 out:113 type:b dur:2 cpbdur:2 q:37.68 aq:28.60 tex:3796 mv:5508 misc:2184 imb:178 pmb:534 smb:2888 d:- ref:0 ;
in:115 out:114 type:P dur:2 cpbdur:2 q:38.49 aq:28.42 tex:24662 mv:6510 misc:2628 imb:514 pmb:566 smb:2520 d:- ref:0 w:0,1,1,5,33,-5,32,0 ;
in:114 out:115 type:b dur:2 cpbdur:2 q:38.14 aq:28.27 tex:2158 mv:3812 misc:1726 imb:84 pmb:410 smb:3106 d:- ref:0 ;
in:119 out:116 type:P dur:2 cpbdur:2 q:39.22 aq:31.02 tex:152930 mv:15901 misc:1497 imb:2060 pmb:397 smb:1143 d:- ref:0 w:7,127,2 ;
in:117 out:117 type:B dur:2 cpbdur:2 q:38.85 aq:27.88 tex:2380 mv:5370 misc:1850 imb:109 pmb:493 smb:2998 d:- ref:0 ;
in:116 out:118 type:b dur:2 cpbdur:2 q:38.67 aq:29.15 tex:1071 mv:3821 misc:1284 imb:83 pmb:363 smb:3154 d:- ref:0 ;
in:118 out:119 type:b dur:2 cpbdur:2 q:39.04 aq:30.01 tex:605 mv:3458 misc:1329 imb:60 pmb:339 smb:3201 d:- ref:0 ;
in:120 out:120 type:I dur:2 cpbdur:2 q:32.27 aq:24.33 tex:300517 mv:54099 misc:520 imb:3600 pmb:0 smb:0 d:- ref:;
in:124 out:121 type:P dur:2 cpbdur:2 q:40.12 aq:28.11 tex:14591 mv:4024 misc:1401 imb:288 pmb:316 smb:2996 d:- ref:0 w:6,63,3 ;
in:122 out:122 type:B dur:2 cpbdur:2 q:40.12 aq:31.75 tex:8604 mv:4635 misc:1857 imb:108 pmb:522 smb:2970 d:- ref:0 ;
in:121 out:123 type:b dur:2 cpbdur:2 q:40.12 aq:31.95 tex:389 mv:2467 misc:928 imb:34 pmb:253 smb:3313 d:- ref:0 ;
in:123 out:124 type:b dur:2 cpbdur:2 q:40.12 aq:30.48 tex:405 mv:2172 misc:951 imb:42 pmb:234 smb:3324 d:- ref:0 ;
in:128 out:125 type:P dur:2 cpbdur:2 q:40.86 aq:29.50 tex:26549 mv:5551 misc:2348 imb:315 pmb:664 smb:2621 d:- ref:0 w:0,1,1 ;
in:126 out:126 type:B dur:2 cpbdur:2 q:40.49 aq:33.18 tex:547 mv:2467 misc:970 imb:37 pmb:254 smb:3309 d:- ref:0 ;
in:125 out:127 type:b dur:2 cpbdur:2 q:40.31 aq:34.53 tex:370 mv:1896 misc:854 imb:20 pmb:181 smb:3399 d:- ref:0 ;
in:127 out:128 type:b dur:2 cpbdur:2 q:40.67 aq:32.71 tex:208 mv:1839 misc:1273 imb:17 pmb:325 smb:3258 d:- ref:0 ;
in:131 out:129 type:P dur:2 cpbdur:2 q:41.76 aq:29.48 tex:11808 mv:4270 misc:2282 imb:239 pmb:545 smb:2816 d:- ref:0 ;
in:129 out:130 type:B dur:2 cpbdur:2 q:41.16 aq:44.10 tex:297 mv:871 misc:736 imb:4 pmb:131 smb:3465 d:- ref:0 ;
in:130 out:131 type:b dur:2 cpbdur:2 q:41.46 aq:37.65 tex:61 mv:101 misc:326 imb:0 pmb:20 smb:3580 d:- ref:0 ;
in:135 out:132 type:P dur:2 cpbdur:2 q:42.40 aq:33.04 tex:10413 mv:510 misc:589 imb:19 pmb:71 smb:3510 d:- ref:0 ;
in:133 out:133 type:B dur:2 cpbdur:2 q:42.08 aq:34.65 tex:73 mv:117 misc:442 imb:0 pmb:52 smb:3548 d:- ref:0 ;
in:132 out:134 type:b dur:2 cpbdur:2 q:41.92 aq:33.00 tex:9 mv:100 misc:411 imb:1 pmb:44 smb:3555 d:- ref:0 ;
in:134 out:135 type:b dur:2 cpbdur:2 q:42.24 aq:34.00 tex:2 mv:37 misc:241 imb:0 pmb:4 smb:3596 d:- ref:0 ;
in:139 out:136 type:P dur:2 cpbdur:2 q:42.15 aq:33.70 tex:986 mv:295 misc:463 imb:10 pmb:35 smb:3555 d:- ref:0 ;
in:137 out:137 type:B dur:2 cpbdur:2 q:42.27 aq:32.00 tex:7 mv:56 misc:257 imb:2 pmb:4 smb:3594 d:- ref:0 ;
in:136 out:138 type:b dur:2 cpbdur:2 q:42.34 aq:34.00 tex:1 mv:47 misc:248 imb:0 pmb:4 smb:3596 d:- ref:0 ;
in:138 out:139 type:b dur:2 cpbdur:2 q:42.21 aq:34.00 tex:1 mv:32 misc:239 imb:0 pmb:3 smb:3597 d:- ref:0 ;
in:143 out:140 type:P dur:2 cpbdur:2 q:41.74 aq:32.79 tex:1906 mv:294 misc:616 imb:3 pmb:76 smb:3521 d:- ref:0 ;
in:141 out:141 type:B dur:2 cpbdur:2 q:41.94 aq:30.58 tex:20 mv:88 misc:260 imb:2 pmb:6 smb:3592 d:- ref:0 ;
in:140 out:142 type:b dur:2 cpbdur:2 q:42.05 aq:34.00 tex:1 mv:30 misc:241 imb:0 pmb:3 smb:3597 d:- ref:0 ;
in:142 out:143 type:b dur:2 cpbdur:2 q:41.84 aq:33.00 tex:2 mv:35 misc:227 imb:0 pmb:4 smb:3596 d:- ref:0 ;
in:147 out:144 type:P dur:2 cpbdur:2 q:41.21 aq:30.57 tex:2894 mv:725 misc:1013 imb:33 pmb:114 smb:3453 d:- ref:0 ;
in:145 out:145 type:B dur:2 cpbdur:2 q:41.47 aq:31.00 tex:12 mv:94 misc:278 imb:4 pmb:7 smb:3589 d:- ref:0 ;
in:144 out:146 type:b dur:2 cpbdur:2 q:41.60 aq:33.00 tex:1 mv:31 misc:232 imb:0 pmb:3 smb:3597 d:- ref:0 ;
in:146 out:147 type:b dur:2 cpbdur:2 q:41.34 aq:33.20 tex:56 mv:54 misc:242 imb:0 pmb:7 smb:3593 d:- ref:0 ;
in:151 out:148 type:P dur:2 cpbdur:2 q:40.69 aq:29.70 tex:5399 mv:995 misc:1358 imb:49 pmb:189 smb:3362 d:- ref:0 ;
in:149 out:149 type:B dur:2 cpbdur:2 q:40.95 aq:31.15 tex:180 mv:105 misc:267 imb:5 pmb:5 smb:3590 d:- ref:0 ;
in:148 out:150 type:b dur:2 cpbdur:2 q:41.08 aq:34.42 tex:89 mv:74 misc:245 imb:1 pmb:6 smb:3593 d:- ref:0 ;
in:150 out:151 type:b dur:2 cpbdur:2 q:40.82 aq:32.00 tex:0 mv:64 misc:248 imb:0 pmb:9 smb:3591 d:- ref:0 ;
in:155 out:152 type:P dur:2 cpbdur:2 q:40.24 aq:30.52 tex:5483 mv:1000 misc:1373 imb:41 pmb:198 smb:3361 d:- ref:0 ;
in:153 out:153 type:B dur:2 cpbdur:2 q:40.47 aq:31.37 tex:43 mv:145 misc:276 imb:5 pmb:9 smb:3586 d:- ref:0 ;
in:152 out:154 type:b dur:2 cpbdur:2 q:40.58 aq:32.48 tex:47 mv:88 misc:249 imb:0 pmb:9 smb:3591 d:- ref:0 ;
in:154 out:155 type:b dur:2 cpbdur:2 q:40.36 aq:34.36 tex:38 mv:84 misc:254 imb:0 pmb:11 smb:3589 d:- ref:0 ;
in:159 out:156 type:P dur:2 cpbdur:2 q:39.79 aq:30.29 tex:8521 mv:1141 misc:1538 imb:45 pmb:259 smb:3296 d:- ref:0 ;
in:157 out:157 type:B dur:2 cpbdur:2 q:40.02 aq:31.58 tex:69 mv:117 misc:278 imb:2 pmb:10 smb:3588 d:- ref:0 ;
in:156 out:158 type:b dur:2 cpbdur:2 q:40.13 aq:32.48 tex:46 mv:88 misc:258 imb:0 pmb:10 smb:3590 d:- ref:0 ;
in:158 out:159 type:b dur:2 cpbdur:2 q:39.91 aq:31.18 tex:54 mv:83 misc:263 imb:1 pmb:12 smb:3587 d:- ref:0 ;
in:163 out:160 type:P dur:2 cpbdur:2 q:39.48 aq:29.94 tex:7723 mv:923 misc:1434 imb:37 pmb:226 smb:3337 d:- ref:0 ;
in:161 out:161 type:B dur:2 cpbdur:2 q:39.64 aq:30.16 tex:34 mv:97 misc:293 imb:1 pmb:15 smb:3584 d:- ref:0 ;
in:160 out:162 type:b dur:2 cpbdur:2 q:39.71 aq:31.69 tex:68 mv:86 misc:254 imb:1 pmb:8 smb:3591 d:- ref:0 ;
in:162 out:163 type:b dur:2 cpbdur:2 q:39.56 aq:35.81 tex:104 mv:131 misc:269 imb:2 pmb:14 smb:3584 d:- ref:0 ;
in:167 out:164 type:P dur:2 cpbdur:2 q:39.07 aq:29.05 tex:7050 mv:998 misc:1392 imb:42 pmb:207 smb:3351 d:- ref:0 ;
in:165 out:165 type:B dur:2 cpbdur:2 q:39.27 aq:29.00 tex:6 mv:104 misc:282 imb:0 pmb:12 smb:3588 d:- ref:0 ;
in:164 out:166 type:b dur:2 cpbdur:2 q:39.38 aq:31.90 tex:102 mv:100 misc:254 imb:1 pmb:10 smb:3589 d:- ref:0 ;
in:166 out:167 type:b dur:2 cpbdur:2 q:39.17 aq:35.75 tex:39 mv:96 misc:273 imb:0 pmb:11 smb:3589 d:- ref:0 ;
in:171 out:168 type:P dur:2 cpbdur:2 q:38.73 aq:29.12 tex:4947 mv:681 misc:1108 imb:34 pmb:147 smb:3419 d:- ref:0 ;
in:169 out:169 type:B dur:2 cpbdur:2 q:38.90 aq:29.00 tex:3 mv:98 misc:283 imb:0 pmb:11 smb:3589 d:- ref:0 ;
in:168 out:170 type:b dur:2 cpbdur:2 q:38.99 aq:31.10 tex:71 mv:135 misc:274 imb:1 pmb:12 smb:3587 d:- ref:0 ;
in:170 out:171 type:b dur:2 cpbdur:2 q:38.82 aq:30.50 tex:37 mv:116 misc:271 imb:3 pmb:8 smb:3589 d:- ref:0 ;
in:175 out:172 type:P dur:2 cpbdur:2 q:38.35 aq:26.54 tex:4812 mv:855 misc:1117 imb:46 pmb:138 smb:3416 d:- ref:0 ;
in:173 out:173 type:B dur:2 cpbdur:2 q:38.54 aq:33.85 tex:40 mv:124 misc:284 imb:0 pmb:14 smb:3586 d:- ref:0 ;
in:172 out:174 type:b dur:2 cpbdur:2 q:38.64 aq:33.61 tex:126 mv:143 misc:275 imb:2 pmb:14 smb:3584 d:- ref:0 ;
in:174 out:175 type:b dur:2 cpbdur:2 q:38.44 aq:33.36 tex:110 mv:109 misc:269 imb:1 pmb:10 smb:3589 d:- ref:0 ;
in:179 out:176 type:P dur:2 cpbdur:2 q:38.08 aq:28.57 tex:3089 mv:585 misc:750 imb:22 pmb:86 smb:3492 d:- ref:0 ;
in:177 out:177 type:B dur:2 cpbdur:2 q:38.21 aq:31.66 tex:231 mv:188 misc:301 imb:3 pmb:18 smb:3579 d:- ref:0 ;
in:176 out:178 type:b dur:2 cpbdur:2 q:38.28 aq:31.42 tex:80 mv:128 misc:256 imb:0 pmb:11 smb:3589 d:- ref:0 ;
in:178 out:179 type:b dur:2 cpbdur:2 q:38.15 aq:31.56 tex:77 mv:89 misc:266 imb:0 pmb:11 smb:3589 d:- ref:0 ;
in:180 out:180 type:I dur:2 cpbdur:2 q:36.33 aq:25.03 tex:281360 mv:55552 misc:528 imb:3600 pmb:0 smb:0 d:- ref:;
in:184 out:181 type:P dur:2 cpbdur:2 q:38.36 aq:29.12 tex:2004 mv:475 misc:393 imb:30 pmb:35 smb:3535 d:- ref:0 ;
in:182 out:182 type:B dur:2 cpbdur:2 q:38.36 aq:35.33 tex:138 mv:185 misc:277 imb:1 pmb:20 smb:3579 d:- ref:0 ;
in:181 out:183 type:b dur:2 cpbdur:2 q:38.36 aq:34.52 tex:189 mv:176 misc:291 imb:3 pmb:11 smb:3586 d:- ref:0 ;
in:183 out:184 type:b dur:2 cpbdur:2 q:38.36 aq:31.05 tex:285 mv:257 misc:306 imb:4 pmb:20 smb:3576 d:- ref:0 ;
in:188 out:185 type:P dur:2 cpbdur:2 q:37.99 aq:24.82 tex:2534 mv:317 misc:301 imb:22 pmb:18 smb:3560 d:- ref:0 ;
in:186 out:186 type:B dur:2 cpbdur:2 q:38.17 aq:32.32 tex:597 mv:312 misc:315 imb:3 pmb:29 smb:3568 d:- ref:0 ;
in:185 out:187 type:b dur:2 cpbdur:2 q:38.27 aq:35.79 tex:313 mv:239 misc:280 imb:0 pmb:19 smb:3581 d:- ref:0 ;
in:187 out:188 type:b dur:2 cpbdur:2 q:38.08 aq:35.96 tex:288 mv:206 misc:298 imb:2 pmb:17 smb:3581 d:- ref:0 ;
in:192 out:189 type:P dur:2 cpbdur:2 q:37.57 aq:33.14 tex:1421 mv:449 misc:306 imb:17 pmb:24 smb:3559 d:- ref:0 ;
in:190 out:190 type:B dur:2 cpbdur:2 q:37.78 aq:34.69 tex:269 mv:262 misc:317 imb:0 pmb:30 smb:3570 d:- ref:0 ;
in:189 out:191 type:b dur:2 cpbdur:2 q:37.88 aq:33.56 tex:210 mv:269 misc:297 imb:2 pmb:19 smb:3579 d:- ref:0 ;
in:191 out:192 type:b dur:2 cpbdur:2 q:37.67 aq:33.63 tex:425 mv:218 misc:285 imb:2 pmb:21 smb:3577 d:- ref:0 ;
in:196 out:193 type:P dur:2 cpbdur:2 q:38.09 aq:29.30 tex:1178 mv:453 misc:305 imb:15 pmb:26 smb:3559 d:- ref:0 ;
in:194 out:194 type:B dur:2 cpbdur:2 q:37.83 aq:32.62 tex:164 mv:325 misc:319 imb:0 pmb:37 smb:3563 d:- ref:0 ;
in:193 out:195 type:b dur:2 cpbdur:2 q:37.70 aq:33.19 tex:126 mv:198 misc:308 imb:2 pmb:22 smb:3576 d:- ref:0 ;
in:195 out:196 type:b dur:2 cpbdur:2 q:37.96 aq:32.54 tex:248 mv:189 misc:291 imb:1 pmb:23 smb:3576 d:- ref:0 ;
in:198 out:197 type:P dur:2 cpbdur:2 q:37.69 aq:29.83 tex:722 mv:357 misc:337 imb:8 pmb:26 smb:3566 d:- ref:0 ;
in:197 out:198 type:b dur:2 cpbdur:2 q:37.89 aq:34.84 tex:200 mv:208 misc:288 imb:1 pmb:24 smb:3575 d:- ref:0 ;
in:202 out:199 type:P dur:2 cpbdur:2 q:37.48 aq:34.64 tex:2385 mv:816 misc:599 imb:59 pmb:80 smb:3461 d:- ref:0 ;
in:200 out:200 type:B dur:2 cpbdur:2 q:37.58 aq:32.54 tex:326 mv:330 misc:368 imb:3 pmb:45 smb:3552 d:- ref:0 ;
in:199 out:201 type:b dur:2 cpbdur:2 q:37.64 aq:34.11 tex:298 mv:246 misc:288 imb:4 pmb:21 smb:3575 d:- ref:0 ;
in:201 out:202 type:b dur:2 cpbdur:2 q:37.53 aq:34.35 tex:420 mv:295 misc:325 imb:5 pmb:36 smb:3559 d:- ref:0 ;
in:203 out:203 type:P dur:2 cpbdur:2 q:37.08 aq:33.81 tex:5459 mv:1127 misc:998 imb:71 pmb:157 smb:3372 d:- ref:0 ;
in:204 out:204 type:P dur:2 cpbdur:2 q:37.02 aq:35.58 tex:10455 mv:1466 misc:1311 imb:51 pmb:286 smb:3263 d:- ref:0 ;
in:205 out:205 type:P dur:2 cpbdur:2 q:36.95 aq:34.49 tex:17239 mv:3295 misc:2042 imb:166 pmb:510 smb:2924 d:- ref:0 ;
in:206 out:206 type:P dur:2 cpbdur:2 q:36.91 aq:34.32 tex:18429 mv:3405 misc:2022 imb:132 pmb:516 smb:2952 d:- ref:0 ;
in:210 out:207 type:P dur:2 cpbdur:2 q:36.86 aq:31.18 tex:25843 mv:6275 misc:2570 imb:264 pmb:761 smb:2575 d:- ref:0 ;
in:208 out:208 type:B dur:2 cpbdur:2 q:36.89 aq:34.41 tex:3668 mv:2755 misc:1233 imb:84 pmb:245 smb:3271 d:- ref:0 ;
in:207 out:209 type:b dur:2 cpbdur:2 q:36.90 aq:34.56 tex:1798 mv:1363 misc:711 imb:98 pmb:81 smb:3421 d:- ref:0 ;
in:209 out:210 type:b dur:2 cpbdur:2 q:36.88 aq:34.33 tex:791 mv:1062 misc:683 imb:9 pmb:96 smb:3495 d:- ref:0 ;
in:214 out:211 type:P dur:2 cpbdur:2 q:36.64 aq:29.67 tex:28566 mv:7541 misc:2813 imb:409 pmb:808 smb:2383 d:- ref:0 ;
in:212 out:212 type:B dur:2 cpbdur:2 q:36.75 aq:30.83 tex:4267 mv:3637 misc:1640 imb:96 pmb:309 smb:3195 d:- ref:0 ;
in:211 out:213 type:b dur:2 cpbdur:2 q:36.81 aq:37.86 tex:2046 mv:1766 misc:964 imb:68 pmb:131 smb:3401 d:- ref:0 ;
in:213 out:214 type:b dur:2 cpbdur:2 q:36.70 aq:36.13 tex:2406 mv:2078 misc:1100 imb:92 pmb:147 smb:3361 d:- ref:0 ;
in:218 out:215 type:P dur:2 cpbdur:2 q:36.44 aq:31.18 tex:31509 mv:8485 misc:2870 imb:388 pmb:977 smb:2235 d:- ref:0 ;
in:216 out:216 type:B dur:2 cpbdur:2 q:36.54 aq:35.57 tex:4800 mv:4588 misc:1612 imb:142 pmb:378 smb:3080 d:- ref:0 ;
in:215 out:217 type:b dur:2 cpbdur:2 q:36.59 aq:37.87 tex:2642 mv:2408 misc:1222 imb:84 pmb:198 smb:3318 d:- ref:0 ;
in:217 out:218 type:b dur:2 cpbdur:2 q:36.49 aq:34.83 tex:1602 mv:2184 misc:1054 imb:86 pmb:192 smb:3322 d:- ref:0 ;
in:222 out:219 type:P dur:2 cpbdur:2 q:36.49 aq:30.46 tex:31860 mv:9372 misc:2968 imb:537 pmb:1001 smb:2062 d:- ref:0 ;
in:220 out:220 type:B dur:2 cpbdur:2 q:36.47 aq:35.16 tex:4882 mv:5305 misc:1733 imb:168 pmb:438 smb:2994 d:- ref:0 ;
in:219 out:221 type:b dur:2 cpbdur:2 q:36.45 aq:38.47 tex:1895 mv:2541 misc:1188 imb:91 pmb:209 smb:3300 d:- ref:0 ;
in:221 out:222 type:b dur:2 cpbdur:2 q:36.48 aq:39.23 tex:1682 mv:2549 misc:1201 imb:80 pmb:226 smb:3294 d:- ref:0 ;
in:226 out:223 type:P dur:2 cpbdur:2 q:36.43 aq:28.37 tex:34634 mv:10423 misc:2999 imb:655 pmb:954 smb:1991 d:- ref:0 ;
in:224 out:224 type:B dur:2 cpbdur:2 q:36.46 aq:34.72 tex:6105 mv:5844 misc:1827 imb:144 pmb:501 smb:2955 d:- ref:0 ;
in:223 out:225 type:b dur:2 cpbdur:2 q:36.47 aq:35.33 tex:2689 mv:3836 misc:1315 imb:118 pmb:302 smb:3180 d:- ref:0 ;
in:225 out:226 type:b dur:2 cpbdur:2 q:36.44 aq:36.22 tex:1752 mv:3237 misc:1379 imb:88 pmb:255 smb:3257 d:- ref:0 ;
in:230 out:227 type:P dur:2 cpbdur:2 q:36.39 aq:29.62 tex:34836 mv:10032 misc:2972 imb:522 pmb:987 smb:2091 d:- ref:0 ;
in:228 out:228 type:B dur:2 cpbdur:2 q:36.41 aq:33.48 tex:5832 mv:5996 misc:1908 imb:151 pmb:461 smb:2988 d:- ref:0 ;
in:227 out:229 type:b dur:2 cpbdur:2 q:36.42 aq:32.75 tex:1831 mv:3430 misc:1403 imb:94 pmb:248 smb:3258 d:- ref:0 ;
in:229 out:230 type:b dur:2 cpbdur:2 q:36.40 aq:38.11 tex:2753 mv:4014 misc:1473 imb:143 pmb:304 smb:3153 d:- ref:0 ;
in:234 out:231 type:P dur:2 cpbdur:2 q:36.35 aq:29.75 tex:35208 mv:10464 misc:2992 imb:519 pmb:1018 smb:2063 d:- ref:0 ;
in:232 out:232 type:B dur:2 cpbdur:2 q:36.37 aq:33.95 tex:7098 mv:6129 misc:2045 imb:163 pmb:517 smb:2920 d:- ref:0 ;
in:231 out:233 type:b dur:2 cpbdur:2 q:36.38 aq:36.42 tex:2429 mv:3801 misc:1506 imb:127 pmb:309 smb:3164 d:- ref:0 ;
in:233 out:234 type:b dur:2 cpbdur:2 q:36.36 aq:37.61 tex:3251 mv:4187 misc:1442 imb:165 pmb:306 smb:3129 d:- ref:0 ;
in:238 out:235 type:P dur:2 cpbdur:2 q:36.30 aq:29.69 tex:38567 mv:10310 misc:2923 imb:543 pmb:1015 smb:2042 d:- ref:0 ;
in:236 out:236 type:B dur:2 cpbdur:2 q:36.32 aq:34.67 tex:6631 mv:6143 misc:2042 imb:143 pmb:483 smb:2974 d:- ref:0 ;
in:235 out:237 type:b dur:2 cpbdur:2 q:36.34 aq:32.19 tex:2242 mv:3690 misc:1508 imb:101 pmb:291 smb:3208 d:- ref:0 ;
in:237 out:238 type:b dur:2 cpbdur:2 q:36.31 aq:36.00 tex:2888 mv:4036 misc:1612 imb:136 pmb:315 smb:3149 d:- ref:0 ;
in:239 out:239 type:P dur:2 cpbdur:2 q:36.33 aq:33.41 tex:5073 mv:4263 misc:2136 imb:270 pmb:422 smb:2908 d:- ref:0 ;
in:240 out:240 type:I dur:2 cpbdur:2 q:33.82 aq:26.18 tex:236277 mv:50451 misc:520 imb:3600 pmb:0 smb:0 d:- ref:;
in:244 out:241 type:P dur:2 cpbdur:2 q:36.91 aq:28.45 tex:31082 mv:9524 misc:2682 imb:516 pmb:883 smb:2201 d:- ref:0 ;
in:242 out:242 type:B dur:2 cpbdur:2 q:36.91 aq:30.81 tex:5550 mv:5935 misc:2011 imb:168 pmb:486 smb:2946 d:- ref:0 ;
in:241 out:243 type:b dur:2 cpbdur:2 q:36.91 aq:38.61 tex:2528 mv:3420 misc:1484 imb:61 pmb:400 smb:3139 d:- ref:0 ;
in:243 out:244 type:b dur:2 cpbdur:2 q:36.91 aq:33.99 tex:2292 mv:3061 misc:1431 imb:82 pmb:267 smb:3251 d:- ref:0 ;
in:248 out:245 type:P dur:2 cpbdur:2 q:36.91 aq:29.15 tex:31152 mv:9720 misc:2944 imb:511 pmb:1018 smb:2071 d:- ref:0 ;
in:246 out:246 type:B dur:2 cpbdur:2 q:36.91 aq:35.47 tex:5508 mv:5960 misc:1956 imb:123 pmb:499 smb:2978 d:- ref:0 ;
in:245 out:247 type:b dur:2 cpbdur:2 q:36.91 aq:32.75 tex:2476 mv:4033 misc:1507 imb:149 pmb:275 smb:3176 d:- ref:0 ;
in:247 out:248 type:b dur:2 cpbdur:2 q:36.91 aq:30.35 tex:2566 mv:4520 misc:1738 imb:159 pmb:396 smb:3045 d:- ref:0 ;
in:252 out:249 type:P dur:2 cpbdur:2 q:36.94 aq:29.12 tex:27205 mv:11056 misc:2907 imb:605 pmb:990 smb:2005 d:- ref:0 ;
in:250 out:250 type:B dur:2 cpbdur:2 q:36.93 aq:33.45 tex:4604 mv:6378 misc:2250 imb:87 pmb:625 smb:2888 d:- ref:0 ;
in:249 out:251 type:b dur:2 cpbdur:2 q:36.92 aq:35.25 tex:1787 mv:4034 misc:1515 imb:111 pmb:360 smb:3129 d:- ref:0 ;
in:251 out:252 type:b dur:2 cpbdur:2 q:36.93 aq:36.92 tex:2073 mv:3712 misc:1527 imb:86 pmb:328 smb:3186 d:- ref:0 ;
in:256 out:253 type:P dur:2 cpbdur:2 q:37.32 aq:28.86 tex:23428 mv:10002 misc:3002 imb:561 pmb:939 smb:2100 d:- ref:0 ;
in:254 out:254 type:B dur:2 cpbdur:2 q:37.13 aq:31.59 tex:4792 mv:7092 misc:2156 imb:216 pmb:513 smb:2871 d:- ref:0 ;
in:253 out:255 type:b dur:2 cpbdur:2 q:37.03 aq:32.39 tex:2277 mv:3940 misc:1511 imb:142 pmb:285 smb:3173 d:- ref:0 ;
in:255 out:256 type:b dur:2 cpbdur:2 q:37.23 aq:31.39 tex:1560 mv:4107 misc:1701 imb:143 pmb:351 smb:3106 d:- ref:0 ;
in:260 out:257 type:P dur:2 cpbdur:2 q:37.31 aq:29.74 tex:27849 mv:10792 misc:2887 imb:627 pmb:976 smb:1997 d:- ref:0 ;
in:258 out:258 type:B dur:2 cpbdur:2 q:37.31 aq:34.87 tex:4123 mv:6340 misc:2089 imb:153 pmb:490 smb:2957 d:- ref:0 ;
in:257 out:259 type:b dur:2 cpbdur:2 q:37.32 aq:30.36 tex:2441 mv:4092 misc:1507 imb:125 pmb:328 smb:3147 d:- ref:0 ;
in:259 out:260 type:b dur:2 cpbdur:2 q:37.31 aq:37.36 tex:2212 mv:4353 misc:1627 imb:153 pmb:326 smb:3121 d:- ref:0 ;
in:264 out:261 type:P dur:2 cpbdur:2 q:37.23 aq:29.14 tex:25219 mv:10274 misc:2899 imb:499 pmb:926 smb:2175 d:- ref:0 ;
in:262 out:262 type:B dur:2 cpbdur:2 q:37.27 aq:30.32 tex:4097 mv:7142 misc:2321 imb:159 pmb:610 smb:2831 d:- ref:0 ;
in:261 out:263 type:b dur:2 cpbdur:2 q:37.29 aq:38.22 tex:2314 mv:3860 misc:1450 imb:57 pmb:378 smb:3165 d:- ref:0 ;
in:263 out:264 type:b dur:2 cpbdur:2 q:37.25 aq:31.05 tex:2672 mv:4932 misc:1764 imb:187 pmb:349 smb:3064 d:- ref:0 ;
in:268 out:265 type:P dur:2 cpbdur:2 q:37.17 aq:30.57 tex:29369 mv:9675 misc:2716 imb:428 pmb:921 smb:2251 d:- ref:0 ;
in:266 out:266 type:B dur:2 cpbdur:2 q:37.20 aq:32.58 tex:6857 mv:7200 misc:2263 imb:184 pmb:584 smb:2832 d:- ref:0 ;
in:265 out:267 type:b dur:2 cpbdur:2 q:37.22 aq:31.68 tex:2522 mv:5438 misc:1984 imb:162 pmb:450 smb:2988 d:- ref:0 ;
in:267 out:268 type:b dur:2 cpbdur:2 q:37.19 aq:31.59 tex:2388 mv:4648 misc:1668 imb:144 pmb:386 smb:3070 d:- ref:0 ;
in:272 out:269 type:P dur:2 cpbdur:2 q:37.16 aq:30.54 tex:29863 mv:10729 misc:2856 imb:511 pmb:987 smb:2102 d:- ref:0 ;
in:270 out:270 type:B dur:2 cpbdur:2 q:37.16 aq:33.63 tex:7068 mv:8035 misc:2273 imb:212 pmb:587 smb:2801 d:- ref:0 ;
in:269 out:271 type:b dur:2 cpbdur:2 q:37.17 aq:37.48 tex:1950 mv:4942 misc:1828 imb:113 pmb:432 smb:3055 d:- ref:0 ;
in:271 out:272 type:b dur:2 cpbdur:2 q:37.16 aq:34.92 tex:3331 mv:4705 misc:1684 imb:172 pmb:329 smb:3099 d:- ref:0 ;
in:276 out:273 type:P dur:2 cpbdur:2 q:37.16 aq:30.15 tex:37778 mv:10335 misc:2695 imb:591 pmb:971 smb:2038 d:- ref:0 ;
in:274 out:274 type:B dur:2 cpbdur:2 q:37.16 aq:33.57 tex:5827 mv:6946 misc:2179 imb:183 pmb:556 smb:2861 d:- ref:0 ;
in:273 out:275 type:b dur:2 cpbdur:2 q:37.16 aq:30.50 tex:2069 mv:4378 misc:1697 imb:127 pmb:379 smb:3094 d:- ref:0 ;
in:275 out:276 type:b dur:2 cpbdur:2 q:37.16 aq:37.27 tex:2263 mv:4284 misc:1781 imb:135 pmb:349 smb:3116 d:- ref:0 ;
in:280 out:277 type:P dur:2 cpbdur:2 q:37.14 aq:30.45 tex:32435 mv:11255 misc:2886 imb:591 pmb:1061 smb:1948 d:- ref:0 ;
in:278 out:278 type:B dur:2 cpbdur:2 q:37.15 aq:34.32 tex:5897 mv:7859 misc:2332 imb:206 pmb:575 smb:2819 d:- ref:0 ;
in:277 out:279 type:b dur:2 cpbdur:2 q:37.16 aq:36.79 tex:2875 mv:5209 misc:1956 imb:188 pmb:381 smb:3031 d:- ref:0 ;
in:279 out:280 type:b dur:2 cpbdur:2 q:37.15 aq:34.16 tex:2737 mv:5105 misc:1918 imb:134 pmb:453 smb:3013 d:- ref:0 ;
in:284 out:281 type:P dur:2 cpbdur:2 q:37.14 aq:29.14 tex:30463 mv:10924 misc:2877 imb:554 pmb:1000 smb:2046 d:- ref:0 ;
in:282 out:282 type:B dur:2 cpbdur:2 q:37.14 aq:32.46 tex:5434 mv:7454 misc:2392 imb:202 pmb:616 smb:2782 d:- ref:0 ;
in:281 out:283 type:b dur:2 cpbdur:2 q:37.14 aq:32.53 tex:2670 mv:4469 misc:1813 imb:117 pmb:400 smb:3083 d:- ref:0 ;
in:283 out:284 type:b dur:2 cpbdur:2 q:37.14 aq:38.38 tex:2408 mv:4781 misc:1683 imb:170 pmb:362 smb:3068 d:- ref:0 ;
in:288 out:285 type:P dur:2 cpbdur:2 q:37.18 aq:30.16 tex:31880 mv:11194 misc:2806 imb:643 pmb:1003 smb:1954 d:- ref:0 ;
in:286 out:286 type:B dur:2 cpbdur:2 q:37.16 aq:33.53 tex:5709 mv:7718 misc:2301 imb:229 pmb:569 smb:2802 d:- ref:0 ;
in:285 out:287 type:b dur:2 cpbdur:2 q:37.15 aq:38.57 tex:1933 mv:4799 misc:1780 imb:139 pmb:379 smb:3082 d:- ref:0 ;
in:287 out:288 type:b dur:2 cpbdur:2 q:37.17 aq:36.16 tex:2807 mv:4158 misc:1723 imb:114 pmb:381 smb:3105 d:- ref:0 ;
in:292 out:289 type:P dur:2 cpbdur:2 q:37.21 aq:29.46 tex:29194 mv:9484 misc:2634 imb:395 pmb:980 smb:2225 d:- ref:0 ;
in:290 out:290 type:B dur:2 cpbdur:2 q:37.20 aq:33.83 tex:5721 mv:7020 misc:2131 imb:166 pmb:584 smb:2850 d:- ref:0 ;
in:289 out:291 type:b dur:2 cpbdur:2 q:37.19 aq:32.35 tex:1613 mv:4509 misc:1806 imb:115 pmb:405 smb:3080 d:- ref:0 ;
in:291 out:292 type:b dur:2 cpbdur:2 q:37.21 aq:36.88 tex:2765 mv:4802 misc:1777 imb:137 pmb:392 smb:3071 d:- ref:0 ;
in:296 out:293 type:P dur:2 cpbdur:2 q:37.21 aq:30.45 tex:31496 mv:9941 misc:2907 imb:455 pmb:1018 smb:2127 d:- ref:0 ;
in:294 out:294 type:B dur:2 cpbdur:2 q:37.21 aq:32.60 tex:5855 mv:7636 misc:2397 imb:143 pmb:688 smb:2769 d:- ref:0 ;
in:293 out:295 type:b dur:2 cpbdur:2 q:37.21 aq:31.71 tex:2514 mv:5482 misc:1948 imb:168 pmb:429 smb:3003 d:- ref:0 ;
in:295 out:296 type:b dur:2 cpbdur:2 q:37.21 aq:37.97 tex:3420 mv:5081 misc:1923 imb:155 pmb:430 smb:3015 d:- ref:0 ;
in:299 out:297 type:P dur:2 cpbdur:2 q:37.21 aq:33.98 tex:6624 mv:6077 misc:2363 imb:330 pmb:500 smb:2770 d:- ref:0 ;
in:297 out:298 type:B dur:2 cpbdur:2 q:37.21 aq:34.38 tex:3652 mv:5587 misc:1929 imb:140 pmb:470 smb:2990 d:- ref:0 ;
in:298 out:299 type:b dur:2 cpbdur:2 q:37.21 aq:35.46 tex:3400 mv:4838 misc:1794 imb:121 pmb:443 smb:3036 d:- ref:0 ;
in:300 out:300 type:I dur:2 cpbdur:2 q:34.24 aq:26.62 tex:212325 mv:46627 misc:512 imb:3600 pmb:0 smb:0 d:- ref:;
in:304 out:301 type:P dur:2 cpbdur:2 q:37.61 aq:32.30 tex:28447 mv:8932 misc:2437 imb:419 pmb:809 smb:2372 d:- ref:0 ;
in:302 out:302 type:B dur:2 cpbdur:2 q:37.61 aq:34.92 tex:5582 mv:6497 misc:2073 imb:119 pmb:564 smb:2917 d:- ref:0 ;
in:301 out:303 type:b dur:2 cpbdur:2 q:37.61 aq:35.85 tex:2147 mv:4460 misc:1705 imb:106 pmb:386 smb:3108 d:- ref:0 ;
in:303 out:304 type:b dur:2 cpbdur:2 q:37.61 aq:35.23 tex:1761 mv:3929 misc:1526 imb:103 pmb:330 smb:3167 d:- ref:0 ;
in:308 out:305 type:P dur:2 cpbdur:2 q:37.63 aq:32.02 tex:28376 mv:8477 misc:2691 imb:382 pmb:902 smb:2316 d:- ref:0 ;
in:306 out:306 type:B dur:2 cpbdur:2 q:37.62 aq:34.15 tex:4732 mv:6086 misc:2062 imb:138 pmb:494 smb:2968 d:- ref:0 ;
in:305 out:307 type:b dur:2 cpbdur:2 q:37.62 aq:35.21 tex:1878 mv:4495 misc:1635 imb:119 pmb:379 smb:3102 d:- ref:0 ;
in:307 out:308 type:b dur:2 cpbdur:2 q:37.63 aq:35.39 tex:1804 mv:4166 misc:1614 imb:101 pmb:379 smb:3120 d:- ref:0 ;
in:312 out:309 type:P dur:2 cpbdur:2 q:37.54 aq:28.97 tex:29353 mv:9558 misc:2745 imb:376 pmb:937 smb:2287 d:- ref:0 ;
in:310 out:310 type:B dur:2 cpbdur:2 q:37.59 aq:32.44 tex:5100 mv:7117 misc:2143 imb:197 pmb:538 smb:2865 d:- ref:0 ;
in:309 out:311 type:b dur:2 cpbdur:2 q:37.61 aq:33.00 tex:1927 mv:4363 misc:1670 imb:76 pmb:449 smb:3075 d:- ref:0 ;
in:311 out:312 type:b dur:2 cpbdur:2 q:37.57 aq:35.88 tex:1752 mv:3511 misc:1481 imb:98 pmb:292 smb:3210 d:- ref:0 ;
in:316 out:313 type:P dur:2 cpbdur:2 q:37.85 aq:30.21 tex:28912 mv:9196 misc:2700 imb:428 pmb:863 smb:2309 d:- ref:0 ;
in:314 out:314 type:B dur:2 cpbdur:2 q:37.70 aq:34.09 tex:5109 mv:6665 misc:2178 imb:190 pmb:501 smb:2909 d:- ref:0 ;
in:313 out:315 type:b dur:2 cpbdur:2 q:37.62 aq:34.09 tex:1637 mv:4125 misc:1486 imb:130 pmb:333 smb:3137 d:- ref:0 ;
in:315 out:316 type:b dur:2 cpbdur:2 q:37.77 aq:35.61 tex:1582 mv:3565 misc:1485 imb:92 pmb:307 smb:3201 d:- ref:0 ;
in:320 out:317 type:P dur:2 cpbdur:2 q:37.82 aq:30.91 tex:30016 mv:8892 misc:2620 imb:434 pmb:900 smb:2266 d:- ref:0 ;
in:318 out:318 type:B dur:2 cpbdur:2 q:37.83 aq:35.05 tex:3905 mv:5784 misc:2055 imb:114 pmb:489 smb:2997 d:- ref:0 ;
in:317 out:319 type:b dur:2 cpbdur:2 q:37.84 aq:34.88 tex:2185 mv:3988 misc:1539 imb:105 pmb:320 smb:3175 d:- ref:0 ;
in:319 out:320 type:b dur:2 cpbdur:2 q:37.83 aq:36.32 tex:2162 mv:3513 misc:1437 imb:96 pmb:285 smb:3219 d:- ref:0 ;
in:324 out:321 type:P dur:2 cpbdur:2 q:37.82 aq:30.42 tex:34215 mv:9357 misc:2716 imb:478 pmb:940 smb:2182 d:- ref:0 ;
in:322 out:322 type:B dur:2 cpbdur:2 q:37.82 aq:35.51 tex:5974 mv:5927 misc:1955 imb:138 pmb:516 smb:2946 d:- ref:0 ;
in:321 out:323 type:b dur:2 cpbdur:2 q:37.82 aq:37.44 tex:1438 mv:3581 misc:1437 imb:60 pmb:346 smb:3194 d:- ref:0 ;
in:323 out:324 type:b dur:2 cpbdur:2 q:37.82 aq:37.03 tex:1616 mv:3214 misc:1370 imb:77 pmb:292 smb:3231 d:- ref:0 ;
in:328 out:325 type:P dur:2 cpbdur:2 q:37.78 aq:28.99 tex:39133 mv:10055 misc:2532 imb:508 pmb:966 smb:2126 d:- ref:0 ;
in:326 out:326 type:B dur:2 cpbdur:2 q:37.80 aq:34.38 tex:5462 mv:6001 misc:2001 imb:153 pmb:512 smb:2935 d:- ref:0 ;
in:325 out:327 type:b dur:2 cpbdur:2 q:37.81 aq:38.88 tex:2031 mv:3115 misc:1454 imb:72 pmb:303 smb:3225 d:- ref:0 ;
in:327 out:328 type:b dur:2 cpbdur:2 q:37.79 aq:36.00 tex:1487 mv:2426 misc:1359 imb:67 pmb:244 smb:3289 d:- ref:0 ;
in:332 out:329 type:P dur:2 cpbdur:2 q:37.75 aq:29.74 tex:49450 mv:10223 misc:2583 imb:508 pmb:1036 smb:2056 d:- ref:0 ;
in:330 out:330 type:B dur:2 cpbdur:2 q:37.77 aq:37.19 tex:4354 mv:5021 misc:1721 imb:111 pmb:389 smb:3100 d:- ref:0 ;
in:329 out:331 type:b dur:2 cpbdur:2 q:37.77 aq:33.85 tex:1868 mv:2181 misc:1207 imb:20 pmb:232 smb:3348 d:- ref:0 ;
in:331 out:332 type:b dur:2 cpbdur:2 q:37.76 aq:32.71 tex:1755 mv:2077 misc:1288 imb:28 pmb:243 smb:3329 d:- ref:0 ;
in:336 out:333 type:P dur:2 cpbdur:2 q:37.77 aq:30.37 tex:55957 mv:9047 misc:2572 imb:365 pmb:1065 smb:2170 d:- ref:0 ;
in:334 out:334 type:B dur:2 cpbdur:2 q:37.76 aq:36.51 tex:3968 mv:4519 misc:1769 imb:82 pmb:440 smb:3078 d:- ref:0 ;
in:333 out:335 type:b dur:2 cpbdur:2 q:37.76 aq:38.83 tex:1979 mv:1804 misc:1153 imb:49 pmb:206 smb:3345 d:- ref:0 ;
in:335 out:336 type:b dur:2 cpbdur:2 q:37.77 aq:34.13 tex:1901 mv:1543 misc:1012 imb:26 pmb:174 smb:3400 d:- ref:0 ;
in:340 out:337 type:P dur:2 cpbdur:2 q:37.83 aq:28.77 tex:69155 mv:9883 misc:2810 imb:449 pmb:1157 smb:1994 d:- ref:0 ;
in:338 out:338 type:B dur:2 cpbdur:2 q:37.80 aq:32.45 tex:3508 mv:3071 misc:1453 imb:25 pmb:327 smb:3248 d:- ref:0 ;
in:337 out:339 type:b dur:2 cpbdur:2 q:37.79 aq:38.95 tex:1967 mv:1593 misc:976 imb:42 pmb:164 smb:3394 d:- ref:0 ;
in:339 out:340 type:b dur:2 cpbdur:2 q:37.82 aq:38.04 tex:768 mv:777 misc:687 imb:47 pmb:63 smb:3490 d:- ref:0 ;
in:344 out:341 type:P dur:2 cpbdur:2 q:37.89 aq:26.96 tex:91161 mv:11294 misc:2801 imb:650 pmb:1285 smb:1665 d:- ref:0 ;
in:342 out:342 type:B dur:2 cpbdur:2 q:37.86 aq:36.97 tex:3226 mv:1135 misc:1119 imb:5 pmb:208 smb:3387 d:- ref:0 ;
in:341 out:343 type:b dur:2 cpbdur:2 q:37.85 aq:41.92 tex:1341 mv:808 misc:811 imb:38 pmb:100 smb:3462 d:- ref:0 ;
in:343 out:344 type:b dur:2 cpbdur:2 q:37.88 aq:38.55 tex:308 mv:158 misc:422 imb:0 pmb:33 smb:3567 d:- ref:0 ;
in:348 out:345 type:P dur:2 cpbdur:2 q:38.01 aq:27.11 tex:23864 mv:2390 misc:1962 imb:104 pmb:400 smb:3096 d:- ref:0 ;
in:346 out:346 type:B dur:2 cpbdur:2 q:37.95 aq:34.58 tex:1043 mv:447 misc:350 imb:2 pmb:37 smb:3561 d:- ref:0 ;
in:345 out:347 type:b dur:2 cpbdur:2 q:37.92 aq:36.53 tex:40 mv:67 misc:309 imb:0 pmb:12 smb:3588 d:- ref:0 ;
in:347 out:348 type:b dur:2 cpbdur:2 q:37.98 aq:36.39 tex:137 mv:150 misc:297 imb:1 pmb:15 smb:3584 d:- ref:0 ;
in:352 out:349 type:P dur:2 cpbdur:2 q:37.98 aq:28.36 tex:8189 mv:735 misc:884 imb:17 pmb:136 smb:3447 d:- ref:0 ;
in:350 out:350 type:B dur:2 cpbdur:2 q:38.00 aq:36.34 tex:433 mv:220 misc:331 imb:0 pmb:28 smb:3572 d:- ref:0 ;
in:349 out:351 type:b dur:2 cpbdur:2 q:38.00 aq:35.82 tex:36 mv:55 misc:269 imb:0 pmb:9 smb:3591 d:- ref:0 ;
in:351 out:352 type:b dur:2 cpbdur:2 q:37.99 aq:37.32 tex:48 mv:31 misc:241 imb:0 pmb:2 smb:3598 d:- ref:0 ;
in:356 out:353 type:P dur:2 cpbdur:2 q:37.96 aq:29.27 tex:5671 mv:635 misc:638 imb:12 pmb:86 smb:3502 d:- ref:0 ;
in:354 out:354 type:B dur:2 cpbdur:2 q:37.97 aq:37.34 tex:825 mv:362 misc:333 imb:0 pmb:35 smb:3565 d:- ref:0 ;
in:353 out:355 type:b dur:2 cpbdur:2 q:37.98 aq:38.92 tex:128 mv:97 misc:279 imb:0 pmb:10 smb:3590 d:- ref:0 ;
in:355 out:356 type:b dur:2 cpbdur:2 q:37.97 aq:38.62 tex:112 mv:105 misc:279 imb:0 pmb:14 smb:3586 d:- ref:0 ;
in:359 out:357 type:P dur:2 cpbdur:2 q:37.71 aq:38.50 tex:926 mv:318 misc:324 imb:4 pmb:31 smb:3565 d:- ref:0 ;
in:357 out:358 type:B dur:2 cpbdur:2 q:37.88 aq:38.54 tex:152 mv:147 misc:301 imb:0 pmb:13 smb:3587 d:- ref:0 ;
in:358 out:359 type:b dur:2 cpbdur:2 q:37.79 aq:37.26 tex:153 mv:109 misc:282 imb:0 pmb:11 smb:3589 d:- ref:0 ;
in:360 out:360 type:I dur:2 cpbdur:2 q:34.92 aq:22.16 tex:337448 mv:54459 misc:493 imb:3600 pmb:0 smb:0 d:- ref:;
in:364 out:361 type:P dur:2 cpbdur:2 q:38.20 aq:29.22 tex:3710 mv:481 misc:369 imb:6 pmb:48 smb:3546 d:- ref:0 ;
in:362 out:362 type:B dur:2 cpbdur:2 q:38.20 aq:37.04 tex:468 mv:352 misc:332 imb:0 pmb:31 smb:3569 d:- ref:0 ;
in:361 out:363 type:b dur:2 cpbdur:2 q:38.20 aq:37.32 tex:110 mv:81 misc:273 imb:0 pmb:9 smb:3591 d:- ref:0 ;
in:363 out:364 type:b dur:2 cpbdur:2 q:38.20 aq:37.32 tex:55 mv:97 misc:280 imb:0 pmb:10 smb:3590 d:- ref:0 ;
in:368 out:365 type:P dur:2 cpbdur:2 q:37.98 aq:30.63 tex:4740 mv:492 misc:336 imb:7 pmb:46 smb:3547 d:- ref:0 ;
in:366 out:366 type:B dur:2 cpbdur:2 q:38.09 aq:35.68 tex:720 mv:350 misc:338 imb:1 pmb:34 smb:3565 d:- ref:0 ;
in:365 out:367 type:b dur:2 cpbdur:2 q:38.14 aq:36.26 tex:59 mv:110 misc:287 imb:0 pmb:12 smb:3588 d:- ref:0 ;
in:367 out:368 type:b dur:2 cpbdur:2 q:38.04 aq:34.00 tex:4 mv:100 misc:256 imb:0 pmb:7 smb:3593 d:- ref:0 ;
in:372 out:369 type:P dur:2 cpbdur:2 q:37.78 aq:31.01 tex:3619 mv:510 misc:343 imb:2 pmb:50 smb:3548 d:- ref:0 ;
in:370 out:370 type:B dur:2 cpbdur:2 q:37.88 aq:37.13 tex:379 mv:329 misc:332 imb:0 pmb:29 smb:3571 d:- ref:0 ;
in:369 out:371 type:b dur:2 cpbdur:2 q:37.93 aq:38.57 tex:39 mv:82 misc:271 imb:0 pmb:8 smb:3592 d:- ref:0 ;
in:371 out:372 type:b dur:2 cpbdur:2 q:37.83 aq:37.00 tex:56 mv:61 misc:275 imb:0 pmb:10 smb:3590 d:- ref:0 ;
in:376 out:373 type:P dur:2 cpbdur:2 q:37.92 aq:31.82 tex:3214 mv:458 misc:336 imb:2 pmb:46 smb:3552 d:- ref:0 ;
in:374 out:374 type:B dur:2 cpbdur:2 q:37.85 aq:37.06 tex:402 mv:354 misc:332 imb:0 pmb:31 smb:3569 d:- ref:0 ;
in:373 out:375 type:b dur:2 cpbdur:2 q:37.82 aq:37.65 tex:143 mv:149 misc:284 imb:0 pmb:14 smb:3586 d:- ref:0 ;
in:375 out:376 type:b dur:2 cpbdur:2 q:37.88 aq:37.92 tex:130 mv:103 misc:271 imb:0 pmb:10 smb:3590 d:- ref:0 ;
in:380 out:377 type:P dur:2 cpbdur:2 q:37.68 aq:28.77 tex:3463 mv:481 misc:352 imb:7 pmb:47 smb:3546 d:- ref:0 ;
in:378 out:378 type:B dur:2 cpbdur:2 q:37.80 aq:36.63 tex:341 mv:338 misc:321 imb:0 pmb:28 smb:3572 d:- ref:0 ;
in:377 out:379 type:b dur:2 cpbdur:2 q:37.86 aq:38.10 tex:109 mv:106 misc:289 imb:0 pmb:13 smb:3587 d:- ref:0 ;
in:379 out:380 type:b dur:2 cpbdur:2 q:37.74 aq:37.92 tex:94 mv:89 misc:265 imb:0 pmb:11 smb:3589 d:- ref:0 ;
in:384 out:381 type:P dur:2 cpbdur:2 q:37.45 aq:30.86 tex:2707 mv:424 misc:341 imb:3 pmb:45 smb:3552 d:- ref:0 ;
in:382 out:382 type:B dur:2 cpbdur:2 q:37.56 aq:36.06 tex:496 mv:320 misc:320 imb:0 pmb:30 smb:3570 d:- ref:0 ;
in:381 out:383 type:b dur:2 cpbdur:2 q:37.62 aq:34.30 tex:30 mv:54 misc:260 imb:0 pmb:7 smb:3593 d:- ref:0 ;
in:383 out:384 type:b dur:2 cpbdur:2 q:37.51 aq:37.92 tex:169 mv:92 misc:267 imb:0 pmb:9 smb:3591 d:- ref:0 ;
in:388 out:385 type:P dur:2 cpbdur:2 q:37.25 aq:30.21 tex:3354 mv:430 misc:320 imb:6 pmb:41 smb:3553 d:- ref:0 ;
in:386 out:386 type:B dur:2 cpbdur:2 q:37.35 aq:36.04 tex:587 mv:335 misc:318 imb:0 pmb:29 smb:3571 d:- ref:0 ;
in:385 out:387 type:b dur:2 cpbdur:2 q:37.40 aq:37.39 tex:77 mv:77 misc:270 imb:0 pmb:12 smb:3588 d:- ref:0 ;
in:387 out:388 type:b dur:2 cpbdur:2 q:37.30 aq:37.92 tex:307 mv:113 misc:260 imb:0 pmb:12 smb:3588 d:- ref:0 ;
in:392 out:389 type:P dur:2 cpbdur:2 q:37.03 aq:31.99 tex:2635 mv:439 misc:350 imb:4 pmb:43 smb:3553 d:- ref:0 ;
in:390 out:390 type:B dur:2 cpbdur:2 q:37.14 aq:36.30 tex:596 mv:357 misc:311 imb:0 pmb:31 smb:3569 d:- ref:0 ;
in:389 out:391 type:b dur:2 cpbdur:2 q:37.20 aq:37.93 tex:271 mv:144 misc:297 imb:0 pmb:16 smb:3584 d:- ref:0 ;
in:391 out:392 type:b dur:2 cpbdur:2 q:37.08 aq:37.75 tex:83 mv:74 misc:267 imb:0 pmb:12 smb:3588 d:- ref:0 ;
in:396 out:393 type:P dur:2 cpbdur:2 q:36.78 aq:30.30 tex:3481 mv:462 misc:329 imb:7 pmb:41 smb:3552 d:- ref:0 ;
in:394 out:394 type:B dur:2 cpbdur:2 q:36.91 aq:35.98 tex:882 mv:407 misc:327 imb:0 pmb:32 smb:3568 d:- ref:0 ;
in:393 out:395 type:b dur:2 cpbdur:2 q:36.97 aq:37.57 tex:166 mv:121 misc:265 imb:0 pmb:10 smb:3590 d:- ref:0 ;
in:395 out:396 type:b dur:2 cpbdur:2 q:36.85 aq:36.31 tex:337 mv:154 misc:285 imb:0 pmb:19 smb:3581 d:- ref:0 ;
in:400 out:397 type:P dur:2 cpbdur:2 q:36.56 aq:25.97 tex:3966 mv:461 misc:365 imb:10 pmb:40 smb:3550 d:- ref:0 ;
in:398 out:398 type:B dur:2 cpbdur:2 q:36.67 aq:35.36 tex:918 mv:434 misc:312 imb:0 pmb:34 smb:3566 d:- ref:0 ;
in:397 out:399 type:b dur:2 cpbdur:2 q:36.73 aq:37.14 tex:202 mv:84 misc:282 imb:0 pmb:12 smb:3588 d:- ref:0 ;
in:399 out:400 type:b dur:2 cpbdur:2 q:36.62 aq:36.77 tex:279 mv:102 misc:275 imb:0 pmb:13 smb:3587 d:- ref:0 ;
in:404 out:401 type:P dur:2 cpbdur:2 q:36.37 aq:29.40 tex:5239 mv:472 misc:417 imb:9 pmb:50 smb:3541 d:- ref:0 ;
in:402 out:402 type:B dur:2 cpbdur:2 q:36.47 aq:35.55 tex:1099 mv:294 misc:319 imb:0 pmb:27 smb:3573 d:- ref:0 ;
in:401 out:403 type:b dur:2 cpbdur:2 q:36.51 aq:37.14 tex:139 mv:170 misc:267 imb:0 pmb:14 smb:3586 d:- ref:0 ;
in:403 out:404 type:b dur:2 cpbdur:2 q:36.42 aq:37.34 tex:184 mv:155 misc:285 imb:0 pmb:12 smb:3588 d:- ref:0 ;
in:408 out:405 type:P dur:2 cpbdur:2 q:36.15 aq:28.26 tex:4553 mv:451 misc:396 imb:5 pmb:48 smb:3547 d:- ref:0 ;
in:406 out:406 type:B dur:2 cpbdur:2 q:36.26 aq:34.39 tex:1416 mv:387 misc:309 imb:0 pmb:36 smb:3564 d:- ref:0 ;
in:405 out:407 type:b dur:2 cpbdur:2 q:36.31 aq:36.60 tex:308 mv:189 misc:287 imb:0 pmb:19 smb:3581 d:- ref:0 ;
in:407 out:408 type:b dur:2 cpbdur:2 q:36.20 aq:37.05 tex:499 mv:178 misc:275 imb:0 pmb:19 smb:3581 d:- ref:0 ;
in:412 out:409 type:P dur:2 cpbdur:2 q:35.91 aq:25.93 tex:4865 mv:477 misc:426 imb:10 pmb:49 smb:3541 d:- ref:0 ;
in:410 out:410 type:B dur:2 cpbdur:2 q:36.03 aq:34.82 tex:1168 mv:373 misc:323 imb:0 pmb:30 smb:3570 d:- ref:0 ;
in:409 out:411 type:b dur:2 cpbdur:2 q:36.09 aq:37.14 tex:307 mv:155 misc:274 imb:0 pmb:17 smb:3583 d:- ref:0 ;
in:411 out:412 type:b dur:2 cpbdur:2 q:35.97 aq:36.39 tex:376 mv:120 misc:288 imb:0 pmb:17 smb:3583 d:- ref:0 ;
in:416 out:413 type:P dur:2 cpbdur:2 q:35.70 aq:29.81 tex:5680 mv:498 misc:422 imb:7 pmb:49 smb:3544 d:- ref:0 ;
in:414 out:414 type:B dur:2 cpbdur:2 q:35.80 aq:34.48 tex:1316 mv:437 misc:303 imb:0 pmb:36 smb:3564 d:- ref:0 ;
in:413 out:415 type:b dur:2 cpbdur:2 q:35.85 aq:36.34 tex:381 mv:160 misc:267 imb:0 pmb:18 smb:3582 d:- ref:0 ;
in:415 out:416 type:b dur:2 cpbdur:2 q:35.75 aq:35.51 tex:205 mv:210 misc:281 imb:0 pmb:19 smb:3581 d:- ref:0 ;
in:419 out:417 type:P dur:2 cpbdur:2 q:35.52 aq:35.56 tex:1695 mv:329 misc:312 imb:4 pmb:31 smb:3565 d:- ref:0 ;
in:417 out:418 type:B dur:2 cpbdur:2 q:35.64 aq:35.82 tex:696 mv:293 misc:299 imb:0 pmb:24 smb:3576 d:- ref:0 ;
in:418 out:419 type:b dur:2 cpbdur:2 q:35.58 aq:35.79 tex:416 mv:168 misc:288 imb:0 pmb:23 smb:3577 d:- ref:0 ;
in:420 out:420 type:I dur:2 cpbdur:2 q:33.55 aq:20.93 tex:386994 mv:57106 misc:500 imb:3600 pmb:0 smb:0 d:- ref:;
in:424 out:421 type:P dur:2 cpbdur:2 q:36.20 aq:24.94 tex:4956 mv:448 misc:404 imb:7 pmb:48 smb:3545 d:- ref:0 ;
in:422 out:422 type:B dur:2 cpbdur:2 q:36.20 aq:34.87 tex:1327 mv:439 misc:298 imb:0 pmb:35 smb:3565 d:- ref:0 ;
in:421 out:423 type:b dur:2 cpbdur:2 q:36.20 aq:37.35 tex:186 mv:198 misc:296 imb:0 pmb:20 smb:3580 d:- ref:0 ;
in:423 out:424 type:b dur:2 cpbdur:2 q:36.20 aq:36.75 tex:323 mv:191 misc:302 imb:0 pmb:18 smb:3582 d:- ref:0 ;
in:428 out:425 type:P dur:2 cpbdur:2 q:35.97 aq:28.73 tex:6151 mv:452 misc:341 imb:9 pmb:43 smb:3548 d:- ref:0 ;
in:426 out:426 type:B dur:2 cpbdur:2 q:36.09 aq:34.18 tex:1578 mv:496 misc:294 imb:0 pmb:37 smb:3563 d:- ref:0 ;
in:425 out:427 type:b dur:2 cpbdur:2 q:36.14 aq:37.09 tex:165 mv:120 misc:275 imb:0 pmb:14 smb:3586 d:- ref:0 ;
in:427 out:428 type:b dur:2 cpbdur:2 q:36.03 aq:36.79 tex:608 mv:239 misc:281 imb:0 pmb:22 smb:3578 d:- ref:0 ;
in:432 out:429 type:P dur:2 cpbdur:2 q:35.76 aq:29.00 tex:4742 mv:380 misc:342 imb:5 pmb:42 smb:3553 d:- ref:0 ;
in:430 out:430 type:B dur:2 cpbdur:2 q:35.87 aq:32.83 tex:1238 mv:360 misc:306 imb:1 pmb:30 smb:3569 d:- ref:0 ;
in:429 out:431 type:b dur:2 cpbdur:2 q:35.92 aq:36.30 tex:328 mv:184 misc:280 imb:1 pmb:17 smb:3582 d:- ref:0 ;
in:431 out:432 type:b dur:2 cpbdur:2 q:35.82 aq:35.60 tex:229 mv:138 misc:289 imb:0 pmb:15 smb:3585 d:- ref:0 ;
in:436 out:433 type:P dur:2 cpbdur:2 q:35.91 aq:30.18 tex:4245 mv:391 misc:316 imb:4 pmb:40 smb:3556 d:- ref:0 ;
in:434 out:434 type:B dur:2 cpbdur:2 q:35.84 aq:34.37 tex:1359 mv:448 misc:297 imb:0 pmb:42 smb:3558 d:- ref:0 ;
in:433 out:435 type:b dur:2 cpbdur:2 q:35.80 aq:35.82 tex:306 mv:241 misc:277 imb:0 pmb:23 smb:3577 d:- ref:0 ;
in:435 out:436 type:b dur:2 cpbdur:2 q:35.87 aq:35.74 tex:274 mv:146 misc:268 imb:0 pmb:16 smb:3584 d:- ref:0 ;
in:440 out:437 type:P dur:2 cpbdur:2 q:35.70 aq:29.43 tex:5357 mv:464 misc:323 imb:5 pmb:41 smb:3554 d:- ref:0 ;
in:438 out:438 type:B dur:2 cpbdur:2 q:35.80 aq:34.64 tex:1367 mv:395 misc:310 imb:0 pmb:38 smb:3562 d:- ref:0 ;
in:437 out:439 type:b dur:2 cpbdur:2 q:35.85 aq:36.53 tex:237 mv:259 misc:288 imb:0 pmb:24 smb:3576 d:- ref:0 ;
in:439 out:440 type:b dur:2 cpbdur:2 q:35.75 aq:35.56 tex:179 mv:172 misc:273 imb:0 pmb:19 smb:3581 d:- ref:0 ;
in:444 out:441 type:P dur:2 cpbdur:2 q:35.48 aq:24.75 tex:5077 mv:399 misc:348 imb:2 pmb:41 smb:3557 d:- ref:0 ;
in:442 out:442 type:B dur:2 cpbdur:2 q:35.59 aq:33.75 tex:1262 mv:428 misc:302 imb:0 pmb:34 smb:3566 d:- ref:0 ;
in:441 out:443 type:b dur:2 cpbdur:2 q:35.65 aq:35.63 tex:245 mv:239 misc:284 imb:0 pmb:20 smb:3580 d:- ref:0 ;
in:443 out:444 type:b dur:2 cpbdur:2 q:35.53 aq:36.54 tex:274 mv:117 misc:273 imb:0 pmb:16 smb:3584 d:- ref:0 ;
in:448 out:445 type:P dur:2 cpbdur:2 q:35.27 aq:27.77 tex:4959 mv:400 misc:369 imb:3 pmb:43 smb:3554 d:- ref:0 ;
in:446 out:446 type:B dur:2 cpbdur:2 q:35.37 aq:34.43 tex:1295 mv:412 misc:293 imb:0 pmb:35 smb:3565 d:- ref:0 ;
in:445 out:447 type:b dur:2 cpbdur:2 q:35.42 aq:35.93 tex:221 mv:166 misc:293 imb:0 pmb:21 smb:3579 d:- ref:0 ;
in:447 out:448 type:b dur:2 cpbdur:2 q:35.32 aq:36.68 tex:205 mv:171 misc:288 imb:0 pmb:16 smb:3584 d:- ref:0 ;
in:452 out:449 type:P dur:2 cpbdur:2 q:35.09 aq:23.49 tex:5743 mv:436 misc:381 imb:5 pmb:50 smb:3545 d:- ref:0 ;
in:450 out:450 type:B dur:2 cpbdur:2 q:35.18 aq:34.45 tex:1269 mv:404 misc:303 imb:0 pmb:34 smb:3566 d:- ref:0 ;
in:449 out:451 type:b dur:2 cpbdur:2 q:35.22 aq:36.30 tex:222 mv:164 misc:270 imb:0 pmb:13 smb:3587 d:- ref:0 ;
in:451 out:452 type:b dur:2 cpbdur:2 q:35.14 aq:34.93 tex:290 mv:122 misc:284 imb:0 pmb:19 smb:3581 d:- ref:0 ;
in:456 out:453 type:P dur:2 cpbdur:2 q:34.89 aq:22.21 tex:5687 mv:473 misc:432 imb:5 pmb:54 smb:3541 d:- ref:0 ;
in:454 out:454 type:B dur:2 cpbdur:2 q:34.99 aq:33.87 tex:1786 mv:482 misc:300 imb:0 pmb:39 smb:3561 d:- ref:0 ;
in:453 out:455 type:b dur:2 cpbdur:2 q:35.04 aq:36.48 tex:471 mv:223 misc:298 imb:0 pmb:19 smb:3581 d:- ref:0 ;
in:455 out:456 type:b dur:2 cpbdur:2 q:34.94 aq:35.23 tex:359 mv:158 misc:291 imb:0 pmb:20 smb:3580 d:- ref:0 ;
in:460 out:457 type:P dur:2 cpbdur:2 q:34.65 aq:24.41 tex:5962 mv:425 misc:389 imb:6 pmb:46 smb:3548 d:- ref:0 ;
in:458 out:458 type:B dur:2 cpbdur:2 q:34.77 aq:33.51 tex:2126 mv:349 misc:301 imb:0 pmb:39 smb:3561 d:- ref:0 ;
in:457 out:459 type:b dur:2 cpbdur:2 q:34.83 aq:34.74 tex:520 mv:156 misc:292 imb:0 pmb:21 smb:3579 d:- ref:0 ;
in:459 out:460 type:b dur:2 cpbdur:2 q:34.71 aq:35.20 tex:544 mv:241 misc:303 imb:0 pmb:20 smb:3580 d:- ref:0 ;
in:464 out:461 type:P dur:2 cpbdur:2 q:34.45 aq:24.67 tex:6620 mv:499 misc:457 imb:8 pmb:55 smb:3537 d:- ref:0 ;
in:462 out:462 type:B dur:2 cpbdur:2 q:34.55 aq:33.79 tex:2199 mv:419 misc:302 imb:0 pmb:39 smb:3561 d:- ref:0 ;
in:461 out:463 type:b dur:2 cpbdur:2 q:34.60 aq:35.36 tex:424 mv:134 misc:298 imb:0 pmb:24 smb:3576 d:- ref:0 ;
in:463 out:464 type:b dur:2 cpbdur:2 q:34.50 aq:34.06 tex:380 mv:202 misc:290 imb:0 pmb:21 smb:3579 d:- ref:0 ;
in:468 out:465 type:P dur:2 cpbdur:2 q:34.28 aq:21.42 tex:7048 mv:472 misc:440 imb:6 pmb:57 smb:3537 d:- ref:0 ;
in:466 out:466 type:B dur:2 cpbdur:2 q:34.37 aq:33.42 tex:2174 mv:471 misc:307 imb:0 pmb:44 smb:3556 d:- ref:0 ;
in:465 out:467 type:b dur:2 cpbdur:2 q:34.41 aq:34.30 tex:670 mv:238 misc:268 imb:0 pmb:24 smb:3576 d:- ref:0 ;
in:467 out:468 type:b dur:2 cpbdur:2 q:34.32 aq:33.62 tex:425 mv:176 misc:311 imb:0 pmb:28 smb:3572 d:- ref:0 ;
in:472 out:469 type:P dur:2 cpbdur:2 q:34.09 aq:25.45 tex:7526 mv:561 misc:473 imb:11 pmb:58 smb:3531 d:- ref:0 ;
in:470 out:470 type:B dur:2 cpbdur:2 q:34.18 aq:33.77 tex:2138 mv:347 misc:307 imb:0 pmb:37 smb:3563 d:- ref:0 ;
in:469 out:471 type:b dur:2 cpbdur:2 q:34.23 aq:35.20 tex:599 mv:191 misc:290 imb:0 pmb:28 smb:3572 d:- ref:0 ;
in:471 out:472 type:b dur:2 cpbdur:2 q:34.13 aq:34.26 tex:555 mv:243 misc:298 imb:0 pmb:23 smb:3577 d:- ref:0 ;
in:476 out:473 type:P dur:2 cpbdur:2 q:33.86 aq:23.47 tex:8246 mv:566 misc:580 imb:11 pmb:71 smb:3518 d:- ref:0 ;
in:474 out:474 type:B dur:2 cpbdur:2 q:33.97 aq:30.94 tex:2526 mv:384 misc:314 imb:0 pmb:38 smb:3562 d:- ref:0 ;
in:473 out:475 type:b dur:2 cpbdur:2 q:34.03 aq:35.23 tex:612 mv:239 misc:277 imb:0 pmb:24 smb:3576 d:- ref:0 ;
in:475 out:476 type:b dur:2 cpbdur:2 q:33.91 aq:31.77 tex:598 mv:197 misc:301 imb:0 pmb:25 smb:3575 d:- ref:0 ;
in:479 out:477 type:P dur:2 cpbdur:2 q:33.66 aq:34.13 tex:2311 mv:325 misc:316 imb:4 pmb:39 smb:3557 d:- ref:0 ;
in:477 out:478 type:B dur:2 cpbdur:2 q:33.79 aq:34.61 tex:990 mv:241 misc:305 imb:0 pmb:28 smb:3572 d:- ref:0 ;
in:478 out:479 type:b dur:2 cpbdur:2 q:33.73 aq:34.48 tex:777 mv:277 misc:290 imb:0 pmb:29 smb:3571 d:- ref:0 ;
in:480 out:480 type:I dur:2 cpbdur:2 q:31.69 aq:19.06 tex:463954 mv:59958 misc:544 imb:3600 pmb:0 smb:0 d:- ref:;
in:484 out:481 type:P dur:2 cpbdur:2 q:34.60 aq:23.12 tex:6540 mv:417 misc:515 imb:3 pmb:79 smb:3518 d:- ref:0 ;
in:482 out:482 type:B dur:2 cpbdur:2 q:34.60 aq:32.77 tex:2148 mv:383 misc:285 imb:0 pmb:38 smb:3562 d:- ref:0 ;
in:481 out:483 type:b dur:2 cpbdur:2 q:34.60 aq:34.74 tex:201 mv:172 misc:283 imb:0 pmb:20 smb:3580 d:- ref:0 ;
in:483 out:484 type:b dur:2 cpbdur:2 q:34.60 aq:35.94 tex:567 mv:227 misc:286 imb:0 pmb:25 smb:3575 d:- ref:0 ;
in:488 out:485 type:P dur:2 cpbdur:2 q:34.42 aq:27.02 tex:4661 mv:355 misc:336 imb:1 pmb:41 smb:3558 d:- ref:0 ;
in:486 out:486 type:B dur:2 cpbdur:2 q:34.51 aq:33.44 tex:1749 mv:331 misc:296 imb:0 pmb:31 smb:3569 d:- ref:0 ;
in:485 out:487 type:b dur:2 cpbdur:2 q:34.56 aq:34.33 tex:207 mv:128 misc:273 imb:0 pmb:18 smb:3582 d:- ref:0 ;
in:487 out:488 type:b dur:2 cpbdur:2 q:34.46 aq:34.53 tex:234 mv:162 misc:268 imb:0 pmb:15 smb:3585 d:- ref:0 ;
in:492 out:489 type:P dur:2 cpbdur:2 q:34.19 aq:28.76 tex:5840 mv:380 misc:348 imb:3 pmb:42 smb:3555 d:- ref:0 ;
in:490 out:490 type:B dur:2 cpbdur:2 q:34.30 aq:33.69 tex:1960 mv:319 misc:297 imb:0 pmb:30 smb:3570 d:- ref:0 ;
in:489 out:491 type:b dur:2 cpbdur:2 q:34.36 aq:35.28 tex:612 mv:228 misc:280 imb:0 pmb:22 smb:3578 d:- ref:0 ;
in:491 out:492 type:b dur:2 cpbdur:2 q:34.25 aq:33.62 tex:389 mv:225 misc:282 imb:0 pmb:23 smb:3577 d:- ref:0 ;
in:496 out:493 type:P dur:2 cpbdur:2 q:34.28 aq:27.61 tex:5421 mv:360 misc:331 imb:4 pmb:36 smb:3560 d:- ref:0 ;
in:494 out:494 type:B dur:2 cpbdur:2 q:34.23 aq:32.80 tex:1747 mv:342 misc:319 imb:1 pmb:32 smb:3567 d:- ref:0 ;
in:493 out:495 type:b dur:2 cpbdur:2 q:34.21 aq:34.98 tex:496 mv:149 misc:275 imb:0 pmb:21 smb:3579 d:- ref:0 ;
in:495 out:496 type:b dur:2 cpbdur:2 q:34.26 aq:32.41 tex:474 mv:154 misc:284 imb:0 pmb:22 smb:3578 d:- ref:0 ;
in:500 out:497 type:P dur:2 cpbdur:2 q:34.08 aq:26.83 tex:5034 mv:325 misc:369 imb:2 pmb:43 smb:3555 d:- ref:0 ;
in:498 out:498 type:B dur:2 cpbdur:2 q:34.18 aq:33.46 tex:2131 mv:348 misc:297 imb:0 pmb:29 smb:3571 d:- ref:0 ;
in:497 out:499 type:b dur:2 cpbdur:2 q:34.23 aq:32.41 tex:490 mv:184 misc:278 imb:0 pmb:20 smb:3580 d:- ref:0 ;
in:499 out:500 type:b dur:2 cpbdur:2 q:34.13 aq:34.22 tex:286 mv:161 misc:273 imb:0 pmb:19 smb:3581 d:- ref:0 ;
in:504 out:501 type:P dur:2 cpbdur:2 q:33.88 aq:29.59 tex:5659 mv:324 misc:369 imb:2 pmb:43 smb:3555 d:- ref:0 ;
in:502 out:502 type:B dur:2 cpbdur:2 q:33.98 aq:33.51 tex:1998 mv:360 misc:290 imb:0 pmb:30 smb:3570 d:- ref:0 ;
in:501 out:503 type:b dur:2 cpbdur:2 q:34.03 aq:35.27 tex:429 mv:223 misc:284 imb:0 pmb:21 smb:3579 d:- ref:0 ;
in:503 out:504 type:b dur:2 cpbdur:2 q:33.93 aq:33.86 tex:324 mv:188 misc:280 imb:0 pmb:19 smb:3581 d:- ref:0 ;
in:508 out:505 type:P dur:2 cpbdur:2 q:33.65 aq:23.07 tex:6674 mv:389 misc:449 imb:5 pmb:56 smb:3539 d:- ref:0 ;
in:506 out:506 type:B dur:2 cpbdur:2 q:33.77 aq:32.40 tex:2308 mv:291 misc:313 imb:0 pmb:32 smb:3568 d:- ref:0 ;
in:505 out:507 type:b dur:2 cpbdur:2 q:33.83 aq:33.53 tex:807 mv:217 misc:280 imb:0 pmb:24 smb:3576 d:- ref:0 ;
in:507 out:508 type:b dur:2 cpbdur:2 q:33.71 aq:34.63 tex:919 mv:240 misc:273 imb:0 pmb:25 smb:3575 d:- ref:0 ;
in:512 out:509 type:P dur:2 cpbdur:2 q:33.49 aq:23.06 tex:6842 mv:417 misc:421 imb:5 pmb:50 smb:3545 d:- ref:0 ;
in:510 out:510 type:B dur:2 cpbdur:2 q:33.57 aq:32.99 tex:2602 mv:280 misc:302 imb:1 pmb:32 smb:3567 d:- ref:0 ;
in:509 out:511 type:b dur:2 cpbdur:2 q:33.61 aq:35.14 tex:599 mv:145 misc:272 imb:0 pmb:20 smb:3580 d:- ref:0 ;
in:511 out:512 type:b dur:2 cpbdur:2 q:33.53 aq:32.23 tex:1045 mv:199 misc:284 imb:1 pmb:24 smb:3575 d:- ref:0 ;
in:516 out:513 type:P dur:2 cpbdur:2 q:33.29 aq:25.84 tex:6133 mv:314 misc:449 imb:2 pmb:54 smb:3544 d:- ref:0 ;
in:514 out:514 type:B dur:2 cpbdur:2 q:33.39 aq:32.20 tex:2328 mv:288 misc:296 imb:0 pmb:31 smb:3569 d:- ref:0 ;
in:513 out:515 type:b dur:2 cpbdur:2 q:33.44 aq:33.13 tex:645 mv:163 misc:272 imb:0 pmb:22 smb:3578 d:- ref:0 ;
in:515 out:516 type:b dur:2 cpbdur:2 q:33.34 aq:34.46 tex:896 mv:169 misc:271 imb:0 pmb:23 smb:3577 d:- ref:0 ;
in:520 out:517 type:P dur:2 cpbdur:2 q:33.10 aq:23.52 tex:7449 mv:353 misc:430 imb:3 pmb:51 smb:3546 d:- ref:0 ;
in:518 out:518 type:B dur:2 cpbdur:2 q:33.20 aq:31.79 tex:2820 mv:353 misc:299 imb:0 pmb:33 smb:3567 d:- ref:0 ;
in:517 out:519 type:b dur:2 cpbdur:2 q:33.25 aq:34.40 tex:957 mv:264 misc:275 imb:0 pmb:25 smb:3575 d:- ref:0 ;
in:519 out:520 type:b dur:2 cpbdur:2 q:33.15 aq:34.46 tex:765 mv:161 misc:266 imb:0 pmb:22 smb:3578 d:- ref:0 ;
in:524 out:521 type:P dur:2 cpbdur:2 q:32.88 aq:24.09 tex:9040 mv:392 misc:456 imb:8 pmb:57 smb:3535 d:- ref:0 ;
in:522 out:522 type:B dur:2 cpbdur:2 q:32.99 aq:31.65 tex:3129 mv:337 misc:302 imb:0 pmb:38 smb:3562 d:- ref:0 ;
in:521 out:523 type:b dur:2 cpbdur:2 q:33.04 aq:32.32 tex:688 mv:186 misc:286 imb:0 pmb:25 smb:3575 d:- ref:0 ;
in:523 out:524 type:b dur:2 cpbdur:2 q:32.93 aq:33.88 tex:1231 mv:219 misc:270 imb:0 pmb:25 smb:3575 d:- ref:0 ;
in:528 out:525 type:P dur:2 cpbdur:2 q:32.73 aq:23.72 tex:8722 mv:355 misc:451 imb:7 pmb:52 smb:3541 d:- ref:0 ;
in:526 out:526 type:B dur:2 cpbdur:2 q:32.80 aq:29.96 tex:3061 mv:303 misc:292 imb:0 pmb:37 smb:3563 d:- ref:0 ;
in:525 out:527 type:b dur:2 cpbdur:2 q:32.84 aq:32.59 tex:637 mv:157 misc:270 imb:0 pmb:25 smb:3575 d:- ref:0 ;
in:527 out:528 type:b dur:2 cpbdur:2 q:32.77 aq:32.33 tex:922 mv:168 misc:254 imb:0 pmb:19 smb:3581 d:- ref:0 ;
in:532 out:529 type:P dur:2 cpbdur:2 q:32.54 aq:21.84 tex:7578 mv:274 misc:452 imb:5 pmb:45 smb:3550 d:- ref:0 ;
in:530 out:530 type:B dur:2 cpbdur:2 q:32.64 aq:30.34 tex:2444 mv:241 misc:283 imb:0 pmb:26 smb:3574 d:- ref:0 ;
in:529 out:531 type:b dur:2 cpbdur:2 q:32.68 aq:31.73 tex:790 mv:162 misc:264 imb:0 pmb:21 smb:3579 d:- ref:0 ;
in:531 out:532 type:b dur:2 cpbdur:2 q:32.59 aq:32.33 tex:1007 mv:182 misc:275 imb:0 pmb:20 smb:3580 d:- ref:0 ;
in:536 out:533 type:P dur:2 cpbdur:2 q:32.36 aq:21.60 tex:8010 mv:347 misc:523 imb:6 pmb:53 smb:3541 d:- ref:0 ;
in:534 out:534 type:B dur:2 cpbdur:2 q:32.45 aq:29.86 tex:2380 mv:248 misc:292 imb:0 pmb:28 smb:3572 d:- ref:0 ;
in:533 out:535 type:b dur:2 cpbdur:2 q:32.49 aq:31.86 tex:938 mv:152 misc:278 imb:0 pmb:21 smb:3579 d:- ref:0 ;
in:535 out:536 type:b dur:2 cpbdur:2 q:32.40 aq:31.69 tex:473 mv:137 misc:270 imb:0 pmb:14 smb:3586 d:- ref:0 ;
in:539 out:537 type:P dur:2 cpbdur:2 q:32.13 aq:31.89 tex:1862 mv:118 misc:292 imb:1 pmb:23 smb:3576 d:- ref:0 ;
in:537 out:538 type:B dur:2 cpbdur:2 q:32.28 aq:30.25 tex:944 mv:147 misc:277 imb:0 pmb:19 smb:3581 d:- ref:0 ;
in:538 out:539 type:b dur:2 cpbdur:2 q:32.20 aq:30.25 tex:711 mv:101 misc:244 imb:0 pmb:16 smb:3584 d:- ref:0 ;
in:540 out:540 type:I dur:2 cpbdur:2 q:30.11 aq:17.56 tex:544333 mv:63668 misc:551 imb:3600 pmb:0 smb:0 d:- ref:;
in:544 out:541 type:P dur:2 cpbdur:2 q:33.31 aq:22.57 tex:3604 mv:236 misc:464 imb:4 pmb:44 smb:3552 d:- ref:0 ;
in:542 out:542 type:B dur:2 cpbdur:2 q:33.31 aq:28.48 tex:1729 mv:162 misc:245 imb:0 pmb:15 smb:3585 d:- ref:0 ;
in:541 out:543 type:b dur:2 cpbdur:2 q:33.31 aq:31.41 tex:678 mv:109 misc:245 imb:0 pmb:12 smb:3588 d:- ref:0 ;
in:543 out:544 type:b dur:2 cpbdur:2 q:33.31 aq:31.41 tex:647 mv:131 misc:246 imb:0 pmb:15 smb:3585 d:- ref:0 ;
in:548 out:545 type:P dur:2 cpbdur:2 q:33.12 aq:22.08 tex:4092 mv:160 misc:332 imb:1 pmb:24 smb:3575 d:- ref:0 ;
in:546 out:546 type:B dur:2 cpbdur:2 q:33.22 aq:29.01 tex:1762 mv:185 misc:261 imb:0 pmb:18 smb:3582 d:- ref:0 ;
in:545 out:547 type:b dur:2 cpbdur:2 q:33.26 aq:31.41 tex:796 mv:112 misc:236 imb:0 pmb:13 smb:3587 d:- ref:0 ;
in:547 out:548 type:b dur:2 cpbdur:2 q:33.17 aq:30.77 tex:713 mv:111 misc:248 imb:0 pmb:13 smb:3587 d:- ref:0 ;
in:552 out:549 type:P dur:2 cpbdur:2 q:32.93 aq:21.66 tex:5346 mv:262 misc:360 imb:3 pmb:29 smb:3568 d:- ref:0 ;
in:550 out:550 type:B dur:2 cpbdur:2 q:33.03 aq:29.48 tex:1559 mv:164 misc:261 imb:0 pmb:21 smb:3579 d:- ref:0 ;
in:549 out:551 type:b dur:2 cpbdur:2 q:33.07 aq:31.71 tex:452 mv:112 misc:252 imb:0 pmb:13 smb:3587 d:- ref:0 ;
in:551 out:552 type:b dur:2 cpbdur:2 q:32.98 aq:31.39 tex:684 mv:118 misc:254 imb:0 pmb:14 smb:3586 d:- ref:0 ;
in:556 out:553 type:P dur:2 cpbdur:2 q:32.94 aq:23.08 tex:3251 mv:151 misc:310 imb:1 pmb:16 smb:3583 d:- ref:0 ;
in:554 out:554 type:B dur:2 cpbdur:2 q:32.93 aq:29.71 tex:1244 mv:128 misc:268 imb:0 pmb:13 smb:3587 d:- ref:0 ;
in:553 out:555 type:b dur:2 cpbdur:2 q:32.93 aq:31.40 tex:440 mv:72 misc:256 imb:0 pmb:9 smb:3591 d:- ref:0 ;
in:555 out:556 type:b dur:2 cpbdur:2 q:32.93 aq:31.40 tex:402 mv:107 misc:251 imb:0 pmb:10 smb:3590 d:- ref:0 ;
in:560 out:557 type:P dur:2 cpbdur:2 q:32.74 aq:23.08 tex:3707 mv:145 misc:284 imb:1 pmb:14 smb:3585 d:- ref:0 ;
in:558 out:558 type:B dur:2 cpbdur:2 q:32.84 aq:29.07 tex:1417 mv:109 misc:266 imb:0 pmb:13 smb:3587 d:- ref:0 ;
in:557 out:559 type:b dur:2 cpbdur:2 q:32.89 aq:30.54 tex:583 mv:79 misc:250 imb:0 pmb:10 smb:3590 d:- ref:0 ;
in:559 out:560 type:b dur:2 cpbdur:2 q:32.79 aq:30.71 tex:614 mv:76 misc:246 imb:0 pmb:8 smb:3592 d:- ref:0 ;
in:564 out:561 type:P dur:2 cpbdur:2 q:32.54 aq:19.38 tex:3593 mv:157 misc:354 imb:2 pmb:23 smb:3575 d:- ref:0 ;
in:562 out:562 type:B dur:2 cpbdur:2 q:32.64 aq:28.75 tex:1314 mv:143 misc:263 imb:0 pmb:13 smb:3587 d:- ref:0 ;
in:561 out:563 type:b dur:2 cpbdur:2 q:32.69 aq:30.28 tex:452 mv:75 misc:249 imb:0 pmb:9 smb:3591 d:- ref:0 ;
in:563 out:564 type:b dur:2 cpbdur:2 q:32.59 aq:30.71 tex:423 mv:78 misc:251 imb:0 pmb:8 smb:3592 d:- ref:0 ;
in:568 out:565 type:P dur:2 cpbdur:2 q:32.34 aq:22.98 tex:4094 mv:158 misc:388 imb:1 pmb:30 smb:3569 d:- ref:0 ;
in:566 out:566 type:B dur:2 cpbdur:2 q:32.44 aq:28.49 tex:1284 mv:141 misc:263 imb:0 pmb:15 smb:3585 d:- ref:0 ;
in:565 out:567 type:b dur:2 cpbdur:2 q:32.49 aq:30.01 tex:575 mv:86 misc:243 imb:0 pmb:12 smb:3588 d:- ref:0 ;
in:567 out:568 type:b dur:2 cpbdur:2 q:32.39 aq:30.19 tex:560 mv:101 misc:259 imb:0 pmb:12 smb:3588 d:- ref:0 ;
in:572 out:569 type:P dur:2 cpbdur:2 q:32.14 aq:22.99 tex:3997 mv:141 misc:366 imb:1 pmb:22 smb:3577 d:- ref:0 ;
in:570 out:570 type:B dur:2 cpbdur:2 q:32.24 aq:28.70 tex:1461 mv:161 misc:266 imb:0 pmb:13 smb:3587 d:- ref:0 ;
in:569 out:571 type:b dur:2 cpbdur:2 q:32.29 aq:30.70 tex:519 mv:101 misc:244 imb:0 pmb:10 smb:3590 d:- ref:0 ;
in:571 out:572 type:b dur:2 cpbdur:2 q:32.19 aq:30.24 tex:563 mv:109 misc:256 imb:0 pmb:10 smb:3590 d:- ref:0 ;
in:576 out:573 type:P dur:2 cpbdur:2 q:31.94 aq:21.21 tex:3980 mv:170 misc:386 imb:3 pmb:25 smb:3572 d:- ref:0 ;
in:574 out:574 type:B dur:2 cpbdur:2 q:32.04 aq:28.70 tex:1245 mv:124 misc:263 imb:0 pmb:11 smb:3589 d:- ref:0 ;
in:573 out:575 type:b dur:2 cpbdur:2 q:32.09 aq:30.23 tex:562 mv:117 misc:249 imb:0 pmb:9 smb:3591 d:- ref:0 ;
in:575 out:576 type:b dur:2 cpbdur:2 q:31.99 aq:30.28 tex:542 mv:90 misc:248 imb:0 pmb:10 smb:3590 d:- ref:0 ;
in:580 out:577 type:P dur:2 cpbdur:2 q:31.74 aq:19.30 tex:4095 mv:199 misc:370 imb:4 pmb:25 smb:3571 d:- ref:0 ;
in:578 out:578 type:B dur:2 cpbdur:2 q:31.84 aq:28.40 tex:1281 mv:131 misc:268 imb:0 pmb:15 smb:3585 d:- ref:0 ;
in:577 out:579 type:b dur:2 cpbdur:2 q:31.89 aq:29.38 tex:666 mv:79 misc:247 imb:0 pmb:10 smb:3590 d:- ref:0 ;
in:579 out:580 type:b dur:2 cpbdur:2 q:31.79 aq:29.70 tex:449 mv:86 misc:249 imb:0 pmb:9 smb:3591 d:- ref:0 ;
in:584 out:581 type:P dur:2 cpbdur:2 q:31.54 aq:19.18 tex:4311 mv:207 misc:378 imb:2 pmb:31 smb:3567 d:- ref:0 ;
in:582 out:582 type:B dur:2 cpbdur:2 q:31.64 aq:27.53 tex:1356 mv:144 misc:268 imb:0 pmb:14 smb:3586 d:- ref:0 ;
in:581 out:583 type:b dur:2 cpbdur:2 q:31.69 aq:29.50 tex:472 mv:78 misc:258 imb:0 pmb:10 smb:3590 d:- ref:0 ;
in:583 out:584 type:b dur:2 cpbdur:2 q:31.59 aq:29.20 tex:582 mv:111 misc:251 imb:0 pmb:11 smb:3589 d:- ref:0 ;
in:588 out:585 type:P dur:2 cpbdur:2 q:31.34 aq:18.80 tex:2519 mv:183 misc:426 imb:2 pmb:26 smb:3572 d:- ref:0 ;
in:586 out:586 type:B dur:2 cpbdur:2 q:31.44 aq:27.46 tex:693 mv:84 misc:255 imb:0 pmb:7 smb:3593 d:- ref:0 ;
in:585 out:587 type:b dur:2 cpbdur:2 q:31.49 aq:28.80 tex:291 mv:76 misc:241 imb:0 pmb:6 smb:3594 d:- ref:0 ;
in:587 out:588 type:b dur:2 cpbdur:2 q:31.39 aq:29.23 tex:370 mv:52 misc:242 imb:0 pmb:6 smb:3594 d:- ref:0 ;
in:592 out:589 type:P dur:2 cpbdur:2 q:31.13 aq:19.46 tex:2931 mv:194 misc:483 imb:6 pmb:32 smb:3562 d:- ref:0 ;
in:590 out:590 type:B dur:2 cpbdur:2 q:31.23 aq:27.27 tex:753 mv:101 misc:250 imb:0 pmb:8 smb:3592 d:- ref:0 ;
in:589 out:591 type:b dur:2 cpbdur:2 q:31.28 aq:29.50 tex:184 mv:47 misc:233 imb:0 pmb:4 smb:3596 d:- ref:0 ;
in:591 out:592 type:b dur:2 cpbdur:2 q:31.18 aq:29.50 tex:215 mv:43 misc:238 imb:0 pmb:3 smb:3597 d:- ref:0 ;
in:596 out:593 type:P dur:2 cpbdur:2 q:30.92 aq:18.05 tex:2627 mv:226 misc:491 imb:10 pmb:28 smb:3562 d:- ref:0 ;
in:594 out:594 type:B dur:2 cpbdur:2 q:31.03 aq:27.50 tex:528 mv:94 misc:266 imb:0 pmb:7 smb:3593 d:- ref:0 ;
in:593 out:595 type:b dur:2 cpbdur:2 q:31.08 aq:29.50 tex:231 mv:52 misc:253 imb:0 pmb:6 smb:3594 d:- ref:0 ;
in:595 out:596 type:b dur:2 cpbdur:2 q:30.97 aq:29.22 tex:190 mv:63 misc:243 imb:0 pmb:5 smb:3595 d:- ref:0 ;
in:599 out:597 type:P dur:2 cpbdur:2 q:30.71 aq:27.83 tex:788 mv:64 misc:268 imb:0 pmb:8 smb:3592 d:- ref:0 ;
in:597 out:598 type:B dur:2 cpbdur:2 q:30.85 aq:28.44 tex:373 mv:81 misc:258 imb:0 pmb:7 smb:3593 d:- ref:0 ;
in:598 out:599 type:b dur:2 cpbdur:2 q:30.78 aq:28.46 tex:448 mv:69 misc:235 imb:0 pmb:6 smb:3594 d:- ref:0 ;
in:600 out:600 type:I dur:2 cpbdur:2 q:28.73 aq:16.12 tex:625355 mv:66582 misc:527 imb:3600 pmb:0 smb:0 d:- ref:;
in:604 out:601 type:P dur:2 cpbdur:2 q:32.12 aq:19.70 tex:1826 mv:193 misc:453 imb:4 pmb:35 smb:3561 d:- ref:0 ;
in:602 out:602 type:B dur:2 cpbdur:2 q:32.12 aq:28.01 tex:487 mv:118 misc:235 imb:0 pmb:8 smb:3592 d:- ref:0 ;
in:601 out:603 type:b dur:2 cpbdur:2 q:32.12 aq:29.84 tex:237 mv:57 misc:234 imb:0 pmb:6 smb:3594 d:- ref:0 ;
in:603 out:604 type:b dur:2 cpbdur:2 q:32.12 aq:29.84 tex:182 mv:59 misc:239 imb:0 pmb:6 smb:3594 d:- ref:0 ;
in:608 out:605 type:P dur:2 cpbdur:2 q:31.92 aq:19.67 tex:1764 mv:106 misc:322 imb:2 pmb:11 smb:3587 d:- ref:0 ;
in:606 out:606 type:B dur:2 cpbdur:2 q:32.02 aq:28.24 tex:410 mv:89 misc:261 imb:0 pmb:7 smb:3593 d:- ref:0 ;
in:605 out:607 type:b dur:2 cpbdur:2 q:32.07 aq:30.46 tex:149 mv:49 misc:242 imb:0 pmb:4 smb:3596 d:- ref:0 ;
in:607 out:608 type:b dur:2 cpbdur:2 q:31.97 aq:29.61 tex:163 mv:53 misc:248 imb:0 pmb:6 smb:3594 d:- ref:0 ;
in:612 out:609 type:P dur:2 cpbdur:2 q:31.72 aq:24.86 tex:1582 mv:114 misc:336 imb:1 pmb:15 smb:3584 d:- ref:0 ;
in:610 out:610 type:B dur:2 cpbdur:2 q:31.82 aq:28.22 tex:481 mv:82 misc:253 imb:0 pmb:6 smb:3594 d:- ref:0 ;
in:609 out:611 type:b dur:2 cpbdur:2 q:31.87 aq:29.56 tex:77 mv:58 misc:233 imb:0 pmb:4 smb:3596 d:- ref:0 ;
in:611 out:612 type:b dur:2 cpbdur:2 q:31.77 aq:29.30 tex:154 mv:55 misc:231 imb:0 pmb:5 smb:3595 d:- ref:0 ;
in:616 out:613 type:P dur:2 cpbdur:2 q:31.68 aq:21.97 tex:1177 mv:55 misc:280 imb:0 pmb:7 smb:3593 d:- ref:0 ;
in:614 out:614 type:B dur:2 cpbdur:2 q:31.70 aq:27.09 tex:610 mv:87 misc:247 imb:0 pmb:6 smb:3594 d:- ref:0 ;
in:613 out:615 type:b dur:2 cpbdur:2 q:31.71 aq:28.69 tex:67 mv:44 misc:241 imb:0 pmb:5 smb:3595 d:- ref:0 ;
in:615 out:616 type:b dur:2 cpbdur:2 q:31.69 aq:29.30 tex:302 mv:59 misc:231 imb:0 pmb:5 smb:3595 d:- ref:0 ;
in:618 out:617 type:P dur:2 cpbdur:2 q:31.48 aq:20.70 tex:1590 mv:70 misc:340 imb:0 pmb:13 smb:3587 d:- ref:0 ;
in:617 out:618 type:b dur:2 cpbdur:2 q:31.58 aq:29.30 tex:459 mv:71 misc:230 imb:0 pmb:6 smb:3594 d:- ref:0 ;
in:622 out:619 type:P dur:2 cpbdur:2 q:31.38 aq:21.46 tex:2062 mv:95 misc:283 imb:2 pmb:6 smb:3592 d:- ref:0 ;
in:620 out:620 type:B dur:2 cpbdur:2 q:31.43 aq:27.32 tex:1077 mv:91 misc:256 imb:0 pmb:7 smb:3593 d:- ref:0 ;
in:619 out:621 type:b dur:2 cpbdur:2 q:31.45 aq:29.30 tex:430 mv:65 misc:241 imb:0 pmb:5 smb:3595 d:- ref:0 ;
in:621 out:622 type:b dur:2 cpbdur:2 q:31.40 aq:29.17 tex:421 mv:50 misc:241 imb:0 pmb:6 smb:3594 d:- ref:0 ;
in:626 out:623 type:P dur:2 cpbdur:2 q:31.17 aq:18.52 tex:2331 mv:154 misc:395 imb:3 pmb:20 smb:3577 d:- ref:0 ;
in:624 out:624 type:B dur:2 cpbdur:2 q:31.27 aq:27.00 tex:875 mv:120 misc:253 imb:0 pmb:7 smb:3593 d:- ref:0 ;
in:623 out:625 type:b dur:2 cpbdur:2 q:31.32 aq:29.21 tex:475 mv:62 misc:239 imb:0 pmb:5 smb:3595 d:- ref:0 ;
in:625 out:626 type:b dur:2 cpbdur:2 q:31.22 aq:27.83 tex:347 mv:66 misc:235 imb:0 pmb:7 smb:3593 d:- ref:0 ;
in:630 out:627 type:P dur:2 cpbdur:2 q:30.96 aq:17.19 tex:2263 mv:155 misc:374 imb:5 pmb:15 smb:3580 d:- ref:0 ;
in:628 out:628 type:B dur:2 cpbdur:2 q:31.06 aq:26.83 tex:617 mv:83 misc:252 imb:0 pmb:6 smb:3594 d:- ref:0 ;
in:627 out:629 type:b dur:2 cpbdur:2 q:31.12 aq:28.24 tex:180 mv:53 misc:239 imb:0 pmb:4 smb:3596 d:- ref:0 ;
in:629 out:630 type:b dur:2 cpbdur:2 q:31.01 aq:28.83 tex:316 mv:68 misc:232 imb:0 pmb:6 smb:3594 d:- ref:0 ;
in:634 out:631 type:P dur:2 cpbdur:2 q:30.75 aq:17.23 tex:2998 mv:165 misc:389 imb:4 pmb:19 smb:3577 d:- ref:0 ;
in:632 out:632 type:B dur:2 cpbdur:2 q:30.86 aq:25.00 tex:3 mv:21 misc:256 imb:0 pmb:8 smb:3592 d:- ref:0 ;
in:631 out:633 type:b dur:2 cpbdur:2 q:30.91 aq:27.00 tex:2 mv:18 misc:236 imb:0 pmb:7 smb:3593 d:- ref:0 ;
in:633 out:634 type:b dur:2 cpbdur:2 q:30.81 aq:26.00 tex:0 mv:0 misc:216 imb:0 pmb:0 smb:3600 d:- ref:0 ;
in:638 out:635 type:P dur:2 cpbdur:2 q:30.55 aq:16.98 tex:206 mv:72 misc:362 imb:4 pmb:8 smb:3588 d:- ref:0 ;
in:636 out:636 type:B dur:2 cpbdur:2 q:30.65 aq:24.00 tex:0 mv:0 misc:232 imb:0 pmb:0 smb:3600 d:- ref:0 ;
in:635 out:637 type:b dur:2 cpbdur:2 q:30.70 aq:26.00 tex:0 mv:0 misc:216 imb:0 pmb:0 smb:3600 d:- ref:0 ;
in:637 out:638 type:b dur:2 cpbdur:2 q:30.60 aq:26.00 tex:0 mv:0 misc:216 imb:0 pmb:0 smb:3600 d:- ref:0 ;
in:642 out:639 type:P dur:2 cpbdur:2 q:30.34 aq:18.51 tex:308 mv:72 misc:348 imb:4 pmb:8 smb:3588 d:- ref:0 ;
in:640 out:640 type:B dur:2 cpbdur:2 q:30.44 aq:24.00 tex:0 mv:0 misc:232 imb:0 pmb:0 smb:3600 d:- ref:0 ;
in:639 out:641 type:b dur:2 cpbdur:2 q:30.50 aq:26.00 tex:0 mv:0 misc:216 imb:0 pmb:0 smb:3600 d:- ref:0 ;
in:641 out:642 type:b dur:2 cpbdur:2 q:30.39 aq:26.00 tex:0 mv:0 misc:216 imb:0 pmb:0 smb:3600 d:- ref:0 ;
in:646 out:643 type:P dur:2 cpbdur:2 q:30.13 aq:16.20 tex:105 mv:65 misc:334 imb:4 pmb:5 smb:3591 d:- ref:0 ;
in:644 out:644 type:B dur:2 cpbdur:2 q:30.23 aq:24.00 tex:0 mv:0 misc:232 imb:0 pmb:0 smb:3600 d:- ref:0 ;
in:643 out:645 type:b dur:2 cpbdur:2 q:30.28 aq:26.00 tex:0 mv:0 misc:216 imb:0 pmb:0 smb:3600 d:- ref:0 ;
in:645 out:646 type:b dur:2 cpbdur:2 q:30.18 aq:26.00 tex:0 mv:0 misc:216 imb:0 pmb:0 smb:3600 d:- ref:0 ;
in:650 out:647 type:P dur:2 cpbdur:2 q:29.90 aq:18.83 tex:8497 mv:483 misc:404 imb:63 pmb:14 smb:3523 d:- ref:0 ;
in:648 out:648 type:B dur:2 cpbdur:2 q:30.01 aq:24.00 tex:7 mv:42 misc:287 imb:0 pmb:22 smb:3578 d:- ref:0 ;
in:647 out:649 type:b dur:2 cpbdur:2 q:30.07 aq:26.00 tex:0 mv:0 misc:216 imb:0 pmb:0 smb:3600 d:- ref:0 ;
in:649 out:650 type:b dur:2 cpbdur:2 q:29.96 aq:26.00 tex:12 mv:46 misc:262 imb:1 pmb:21 smb:3578 d:- ref:0 ;
in:654 out:651 type:P dur:2 cpbdur:2 q:29.70 aq:18.66 tex:298 mv:53 misc:345 imb:2 pmb:8 smb:3590 d:- ref:0 ;
in:652 out:652 type:B dur:2 cpbdur:2 q:29.80 aq:24.00 tex:0 mv:0 misc:232 imb:0 pmb:0 smb:3600 d:- ref:0 ;
in:651 out:653 type:b dur:2 cpbdur:2 q:29.85 aq:25.00 tex:0 mv:0 misc:216 imb:0 pmb:0 smb:3600 d:- ref:0 ;
in:653 out:654 type:b dur:2 cpbdur:2 q:29.75 aq:25.00 tex:0 mv:0 misc:216 imb:0 pmb:0 smb:3600 d:- ref:0 ;
in:658 out:655 type:P dur:2 cpbdur:2 q:29.47 aq:17.89 tex:349 mv:62 misc:349 imb:2 pmb:9 smb:3589 d:- ref:0 ;
in:656 out:656 type:B dur:2 cpbdur:2 q:29.59 aq:23.00 tex:0 mv:0 misc:232 imb:0 pmb:0 smb:3600 d:- ref:0 ;
in:655 out:657 type:b dur:2 cpbdur:2 q:29.65 aq:25.00 tex:0 mv:0 misc:216 imb:0 pmb:0 smb:3600 d:- ref:0 ;
in:657 out:658 type:b dur:2 cpbdur:2 q:29.53 aq:25.00 tex:0 mv:0 misc:216 imb:0 pmb:0 smb:3600 d:- ref:0 ;
in:659 out:659 type:P dur:2 cpbdur:2 q:29.26 aq:25.00 tex:0 mv:0 misc:232 imb:0 pmb:0 smb:3600 d:- ref:0 ;
in:660 out:660 type:I dur:2 cpbdur:2 q:27.41 aq:17.24 tex:550424 mv:64069 misc:547 imb:3600 pmb:0 smb:0 d:- ref:;
in:664 out:661 type:P dur:2 cpbdur:2 q:30.59 aq:19.08 tex:374 mv:72 misc:378 imb:3 pmb:15 smb:3582 d:- ref:0 ;
in:662 out:662 type:B dur:2 cpbdur:2 q:30.59 aq:24.00 tex:0 mv:0 misc:216 imb:0 pmb:0 smb:3600 d:- ref:0 ;
in:661 out:663 type:b dur:2 cpbdur:2 q:30.59 aq:26.00 tex:0 mv:0 misc:216 imb:0 pmb:0 smb:3600 d:- ref:0 ;
in:663 out:664 type:b dur:2 cpbdur:2 q:30.59 aq:26.00 tex:0 mv:0 misc:216 imb:0 pmb:0 smb:3600 d:- ref:0 ;
in:668 out:665 type:P dur:2 cpbdur:2 q:30.37 aq:22.00 tex:31 mv:3 misc:262 imb:0 pmb:1 smb:3599 d:- ref:0 ;
in:666 out:666 type:B dur:2 cpbdur:2 q:30.48 aq:24.00 tex:0 mv:0 misc:232 imb:0 pmb:0 smb:3600 d:- ref:0 ;
in:665 out:667 type:b dur:2 cpbdur:2 q:30.53 aq:26.00 tex:0 mv:0 misc:216 imb:0 pmb:0 smb:3600 d:- ref:0 ;
in:667 out:668 type:b dur:2 cpbdur:2 q:30.43 aq:26.00 tex:0 mv:0 misc:216 imb:0 pmb:0 smb:3600 d:- ref:0 ;
in:672 out:669 type:P dur:2 cpbdur:2 q:30.16 aq:21.48 tex:492815 mv:23284 misc:789 imb:2876 pmb:530 smb:194 d:- ref:0 ;
in:670 out:670 type:B dur:2 cpbdur:2 q:30.26 aq:23.00 tex:5 mv:4 misc:239 imb:0 pmb:1 smb:3599 d:- ref:0 ;
in:669 out:671 type:b dur:2 cpbdur:2 q:30.32 aq:26.00 tex:0 mv:0 misc:216 imb:0 pmb:0 smb:3600 d:- ref:0 ;
in:671 out:672 type:b dur:2 cpbdur:2 q:30.21 aq:26.00 tex:4 mv:3 misc:225 imb:0 pmb:1 smb:3599 d:- ref:0 ;
in:676 out:673 type:P dur:2 cpbdur:2 q:31.03 aq:23.56 tex:141591 mv:9849 misc:1904 imb:377 pmb:1237 smb:1986 d:- ref:0 ;
in:674 out:674 type:B dur:2 cpbdur:2 q:30.59 aq:29.71 tex:33026 mv:5541 misc:1897 imb:59 pmb:789 smb:2752 d:- ref:0 ;
in:673 out:675 type:b dur:2 cpbdur:2 q:30.37 aq:31.33 tex:14174 mv:3612 misc:1774 imb:29 pmb:650 smb:2921 d:- ref:0 ;
in:675 out:676 type:b dur:2 cpbdur:2 q:30.81 aq:33.80 tex:8115 mv:1458 misc:1075 imb:33 pmb:276 smb:3291 d:- ref:0 ;
in:680 out:677 type:P dur:2 cpbdur:2 q:31.03 aq:26.48 tex:94142 mv:6388 misc:1998 imb:196 pmb:1053 smb:2351 d:- ref:0 ;
in:678 out:678 type:B dur:2 cpbdur:2 q:31.03 aq:31.92 tex:20811 mv:3067 misc:1490 imb:41 pmb:477 smb:3082 d:- ref:0 ;
in:677 out:679 type:b dur:2 cpbdur:2 q:31.03 aq:27.91 tex:4959 mv:899 misc:1086 imb:7 pmb:254 smb:3339 d:- ref:0 ;
in:679 out:680 type:b dur:2 cpbdur:2 q:31.03 aq:33.90 tex:6639 mv:1000 misc:1121 imb:4 pmb:287 smb:3309 d:- ref:0 ;
in:684 out:681 type:P dur:2 cpbdur:2 q:31.81 aq:25.80 tex:84134 mv:6405 misc:1845 imb:224 pmb:923 smb:2453 d:- ref:0 ;
in:682 out:682 type:B dur:2 cpbdur:2 q:31.42 aq:31.65 tex:19228 mv:3050 misc:1546 imb:16 pmb:541 smb:3043 d:- ref:0 ;
in:681 out:683 type:b dur:2 cpbdur:2 q:31.22 aq:29.79 tex:5909 mv:1179 misc:1048 imb:14 pmb:253 smb:3333 d:- ref:0 ;
in:683 out:684 type:b dur:2 cpbdur:2 q:31.61 aq:34.07 tex:4691 mv:1296 misc:1061 imb:22 pmb:263 smb:3315 d:- ref:0 ;
in:688 out:685 type:P dur:2 cpbdur:2 q:31.78 aq:26.32 tex:90381 mv:7615 misc:1804 imb:321 pmb:996 smb:2283 d:- ref:0 ;
in:686 out:686 type:B dur:2 cpbdur:2 q:31.79 aq:32.02 tex:17323 mv:3421 misc:1504 imb:41 pmb:513 smb:3046 d:- ref:0 ;
in:685 out:687 type:b dur:2 cpbdur:2 q:31.80 aq:31.61 tex:5499 mv:1230 misc:1159 imb:8 pmb:340 smb:3252 d:- ref:0 ;
in:687 out:688 type:b dur:2 cpbdur:2 q:31.79 aq:34.85 tex:5456 mv:1033 misc:959 imb:7 pmb:217 smb:3376 d:- ref:0 ;
in:692 out:689 type:P dur:2 cpbdur:2 q:32.12 aq:25.95 tex:78554 mv:5794 misc:1860 imb:167 pmb:908 smb:2525 d:- ref:0 ;
in:690 out:690 type:B dur:2 cpbdur:2 q:31.95 aq:33.18 tex:17491 mv:2640 misc:1485 imb:15 pmb:452 smb:3133 d:- ref:0 ;
in:689 out:691 type:b dur:2 cpbdur:2 q:31.87 aq:34.43 tex:5905 mv:1000 misc:999 imb:14 pmb:236 smb:3350 d:- ref:0 ;
in:691 out:692 type:b dur:2 cpbdur:2 q:32.04 aq:35.15 tex:4869 mv:990 misc:1013 imb:7 pmb:247 smb:3346 d:- ref:0 ;
in:696 out:693 type:P dur:2 cpbdur:2 q:32.20 aq:25.88 tex:73740 mv:6169 misc:2059 imb:232 pmb:913 smb:2455 d:- ref:0 ;
in:694 out:694 type:B dur:2 cpbdur:2 q:32.16 aq:32.19 tex:13504 mv:2766 misc:1330 imb:37 pmb:444 smb:3119 d:- ref:0 ;
in:693 out:695 type:b dur:2 cpbdur:2 q:32.14 aq:34.57 tex:4229 mv:862 misc:933 imb:4 pmb:238 smb:3358 d:- ref:0 ;
in:695 out:696 type:b dur:2 cpbdur:2 q:32.18 aq:35.26 tex:3662 mv:902 misc:900 imb:15 pmb:201 smb:3384 d:- ref:0 ;
in:700 out:697 type:P dur:2 cpbdur:2 q:32.26 aq:26.19 tex:75375 mv:6405 misc:1956 imb:201 pmb:956 smb:2443 d:- ref:0 ;
in:698 out:698 type:B dur:2 cpbdur:2 q:32.23 aq:31.52 tex:12922 mv:2541 misc:1449 imb:26 pmb:457 smb:3117 d:- ref:0 ;
in:697 out:699 type:b dur:2 cpbdur:2 q:32.21 aq:33.29 tex:4218 mv:1252 misc:978 imb:35 pmb:196 smb:3369 d:- ref:0 ;
in:699 out:700 type:b dur:2 cpbdur:2 q:32.25 aq:34.45 tex:4666 mv:772 misc:962 imb:3 pmb:222 smb:3375 d:- ref:0 ;
in:704 out:701 type:P dur:2 cpbdur:2 q:32.34 aq:27.52 tex:74338 mv:6413 misc:1921 imb:219 pmb:950 smb:2431 d:- ref:0 ;
in:702 out:702 type:B dur:2 cpbdur:2 q:32.30 aq:32.90 tex:14195 mv:2806 misc:1351 imb:32 pmb:445 smb:3123 d:- ref:0 ;
in:701 out:703 type:b dur:2 cpbdur:2 q:32.28 aq:35.17 tex:4695 mv:1283 misc:1038 imb:12 pmb:265 smb:3323 d:- ref:0 ;
in:703 out:704 type:b dur:2 cpbdur:2 q:32.32 aq:35.96 tex:4068 mv:1023 misc:941 imb:29 pmb:197 smb:3374 d:- ref:0 ;
in:708 out:705 type:P dur:2 cpbdur:2 q:32.41 aq:26.24 tex:68601 mv:6304 misc:2015 imb:224 pmb:906 smb:2470 d:- ref:0 ;
in:706 out:706 type:B dur:2 cpbdur:2 q:32.37 aq:33.57 tex:11929 mv:2751 misc:1424 imb:44 pmb:406 smb:3150 d:- ref:0 ;
in:705 out:707 type:b dur:2 cpbdur:2 q:32.35 aq:33.04 tex:3756 mv:1113 misc:955 imb:24 pmb:221 smb:3355 d:- ref:0 ;
in:707 out:708 type:b dur:2 cpbdur:2 q:32.39 aq:35.53 tex:3041 mv:681 misc:798 imb:2 pmb:174 smb:3424 d:- ref:0 ;
in:712 out:709 type:P dur:2 cpbdur:2 q:32.46 aq:27.36 tex:72803 mv:5930 misc:1875 imb:199 pmb:916 smb:2485 d:- ref:0 ;
in:710 out:710 type:B dur:2 cpbdur:2 q:32.43 aq:30.31 tex:13178 mv:2827 misc:1387 imb:20 pmb:460 smb:3120 d:- ref:0 ;
in:709 out:711 type:b dur:2 cpbdur:2 q:32.42 aq:32.35 tex:4252 mv:903 misc:933 imb:0 pmb:213 smb:3387 d:- ref:0 ;
in:711 out:712 type:b dur:2 cpbdur:2 q:32.44 aq:35.09 tex:3366 mv:717 misc:957 imb:4 pmb:212 smb:3384 d:- ref:0 ;
in:716 out:713 type:P dur:2 cpbdur:2 q:32.52 aq:27.04 tex:72045 mv:6385 misc:1986 imb:227 pmb:922 smb:2451 d:- ref:0 ;
in:714 out:714 type:B dur:2 cpbdur:2 q:32.49 aq:34.01 tex:12606 mv:2534 misc:1484 imb:19 pmb:486 smb:3095 d:- ref:0 ;
in:713 out:715 type:b dur:2 cpbdur:2 q:32.47 aq:35.64 tex:3974 mv:973 misc:1021 imb:6 pmb:251 smb:3343 d:- ref:0 ;
in:715 out:716 type:b dur:2 cpbdur:2 q:32.50 aq:36.07 tex:3786 mv:1034 misc:956 imb:29 pmb:188 smb:3383 d:- ref:0 ;
in:719 out:717 type:P dur:2 cpbdur:2 q:32.58 aq:30.16 tex:10884 mv:2610 misc:1514 imb:70 pmb:394 smb:3136 d:- ref:0 ;
in:717 out:718 type:B dur:2 cpbdur:2 q:32.54 aq:35.70 tex:4764 mv:998 misc:934 imb:19 pmb:175 smb:3406 d:- ref:0 ;
in:718 out:719 type:b dur:2 cpbdur:2 q:32.56 aq:34.69 tex:4265 mv:787 misc:892 imb:6 pmb:188 smb:3406 d:- ref:0 ;
in:720 out:720 type:I dur:2 cpbdur:2 q:29.17 aq:21.03 tex:481298 mv:60464 misc:518 imb:3600 pmb:0 smb:0 d:- ref:;
in:724 out:721 type:P dur:2 cpbdur:2 q:33.49 aq:28.17 tex:77141 mv:5301 misc:2134 imb:211 pmb:859 smb:2530 d:- ref:0 ;
in:722 out:722 type:B dur:2 cpbdur:2 q:33.49 aq:34.45 tex:8346 mv:2828 misc:1522 imb:50 pmb:420 smb:3130 d:- ref:0 ;
in:721 out:723 type:b dur:2 cpbdur:2 q:33.49 aq:36.07 tex:3071 mv:786 misc:991 imb:5 pmb:230 smb:3365 d:- ref:0 ;
in:723 out:724 type:b dur:2 cpbdur:2 q:33.49 aq:36.77 tex:6086 mv:1386 misc:1120 imb:38 pmb:245 smb:3317 d:- ref:0 ;
in:728 out:725 type:P dur:2 cpbdur:2 q:33.55 aq:27.70 tex:59757 mv:6387 misc:1920 imb:230 pmb:923 smb:2447 d:- ref:0 ;
in:726 out:726 type:B dur:2 cpbdur:2 q:33.52 aq:34.47 tex:6715 mv:3052 misc:1369 imb:55 pmb:350 smb:3195 d:- ref:0 ;
in:725 out:727 type:b dur:2 cpbdur:2 q:33.50 aq:36.57 tex:3982 mv:1009 misc:913 imb:11 pmb:193 smb:3396 d:- ref:0 ;
in:727 out:728 type:b dur:2 cpbdur:2 q:33.53 aq:36.79 tex:5748 mv:1178 misc:1010 imb:20 pmb:239 smb:3341 d:- ref:0 ;
in:732 out:729 type:P dur:2 cpbdur:2 q:33.48 aq:27.24 tex:58066 mv:5877 misc:2033 imb:194 pmb:884 smb:2522 d:- ref:0 ;
in:730 out:730 type:B dur:2 cpbdur:2 q:33.52 aq:27.77 tex:6850 mv:2697 misc:1453 imb:36 pmb:420 smb:3144 d:- ref:0 ;
in:729 out:731 type:b dur:2 cpbdur:2 q:33.53 aq:36.28 tex:3946 mv:1047 misc:919 imb:7 pmb:204 smb:3389 d:- ref:0 ;
in:731 out:732 type:b dur:2 cpbdur:2 q:33.50 aq:36.74 tex:4938 mv:1494 misc:1040 imb:24 pmb:236 smb:3340 d:- ref:0 ;
in:736 out:733 type:P dur:2 cpbdur:2 q:33.65 aq:28.46 tex:56606 mv:6305 misc:2025 imb:242 pmb:891 smb:2467 d:- ref:0 ;
in:734 out:734 type:B dur:2 cpbdur:2 q:33.57 aq:27.85 tex:6759 mv:2586 misc:1439 imb:31 pmb:370 smb:3199 d:- ref:0 ;
in:733 out:735 type:b dur:2 cpbdur:2 q:33.53 aq:30.60 tex:3726 mv:901 misc:893 imb:3 pmb:200 smb:3397 d:- ref:0 ;
in:735 out:736 type:b dur:2 cpbdur:2 q:33.61 aq:36.65 tex:4477 mv:1077 misc:1006 imb:14 pmb:227 smb:3359 d:- ref:0 ;
in:740 out:737 type:P dur:2 cpbdur:2 q:33.67 aq:27.63 tex:56856 mv:6584 misc:1992 imb:246 pmb:930 smb:2424 d:- ref:0 ;
in:738 out:738 type:B dur:2 cpbdur:2 q:33.66 aq:30.79 tex:6811 mv:2863 misc:1574 imb:22 pmb:472 smb:3106 d:- ref:0 ;
in:737 out:739 type:b dur:2 cpbdur:2 q:33.66 aq:29.42 tex:3623 mv:839 misc:850 imb:6 pmb:203 smb:3391 d:- ref:0 ;
in:739 out:740 type:b dur:2 cpbdur:2 q:33.67 aq:36.90 tex:5325 mv:1230 misc:1221 imb:25 pmb:305 smb:3270 d:- ref:0 ;
in:744 out:741 type:P dur:2 cpbdur:2 q:33.71 aq:28.85 tex:59582 mv:6583 misc:2059 imb:228 pmb:933 smb:2439 d:- ref:0 ;
in:742 out:742 type:B dur:2 cpbdur:2 q:33.69 aq:34.39 tex:7308 mv:2965 misc:1383 imb:45 pmb:397 smb:3158 d:- ref:0 ;
in:741 out:743 type:b dur:2 cpbdur:2 q:33.68 aq:36.10 tex:3414 mv:1192 misc:954 imb:24 pmb:214 smb:3362 d:- ref:0 ;
in:743 out:744 type:b dur:2 cpbdur:2 q:33.70 aq:35.38 tex:3378 mv:1059 misc:987 imb:11 pmb:232 smb:3357 d:- ref:0 ;
in:748 out:745 type:P dur:2 cpbdur:2 q:33.73 aq:28.20 tex:56327 mv:5953 misc:2024 imb:209 pmb:886 smb:2505 d:- ref:0 ;
in:746 out:746 type:B dur:2 cpbdur:2 q:33.72 aq:34.61 tex:8823 mv:2356 misc:1333 imb:30 pmb:341 smb:3229 d:- ref:0 ;
in:745 out:747 type:b dur:2 cpbdur:2 q:33.71 aq:36.53 tex:2924 mv:730 misc:922 imb:1 pmb:207 smb:3392 d:- ref:0 ;
in:747 out:748 type:b dur:2 cpbdur:2 q:33.73 aq:30.74 tex:2710 mv:735 misc:891 imb:3 pmb:189 smb:3408 d:- ref:0 ;
in:752 out:749 type:P dur:2 cpbdur:2 q:33.73 aq:27.16 tex:58411 mv:6542 misc:2055 imb:245 pmb:890 smb:2465 d:- ref:0 ;
in:750 out:750 type:B dur:2 cpbdur:2 q:33.73 aq:32.79 tex:9367 mv:3300 misc:1437 imb:41 pmb:474 smb:3085 d:- ref:0 ;
in:749 out:751 type:b dur:2 cpbdur:2 q:33.73 aq:35.50 tex:2981 mv:1328 misc:1051 imb:33 pmb:255 smb:3312 d:- ref:0 ;
in:751 out:752 type:b dur:2 cpbdur:2 q:33.73 aq:36.63 tex:3098 mv:930 misc:940 imb:4 pmb:225 smb:3371 d:- ref:0 ;
in:756 out:753 type:P dur:2 cpbdur:2 q:33.78 aq:28.66 tex:55965 mv:6224 misc:1979 imb:215 pmb:871 smb:2514 d:- ref:0 ;
in:754 out:754 type:B dur:2 cpbdur:2 q:33.76 aq:32.14 tex:7325 mv:2271 misc:1340 imb:23 pmb:340 smb:3237 d:- ref:0 ;
in:753 out:755 type:b dur:2 cpbdur:2 q:33.74 aq:37.33 tex:3822 mv:1308 misc:998 imb:14 pmb:208 smb:3378 d:- ref:0 ;
in:755 out:756 type:b dur:2 cpbdur:2 q:33.77 aq:36.30 tex:3185 mv:996 misc:851 imb:34 pmb:165 smb:3401 d:- ref:0 ;
in:760 out:757 type:P dur:2 cpbdur:2 q:33.80 aq:27.17 tex:52771 mv:5957 misc:1920 imb:213 pmb:840 smb:2547 d:- ref:0 ;
in:758 out:758 type:B dur:2 cpbdur:2 q:33.79 aq:35.37 tex:11411 mv:3603 misc:1514 imb:40 pmb:468 smb:3092 d:- ref:0 ;
in:757 out:759 type:b dur:2 cpbdur:2 q:33.78 aq:29.63 tex:3379 mv:806 misc:1007 imb:5 pmb:218 smb:3377 d:- ref:0 ;
in:759 out:760 type:b dur:2 cpbdur:2 q:33.79 aq:36.45 tex:4190 mv:2398 misc:1236 imb:26 pmb:337 smb:3237 d:- ref:0 ;
in:764 out:761 type:P dur:2 cpbdur:2 q:33.81 aq:28.53 tex:62457 mv:8513 misc:2022 imb:295 pmb:1025 smb:2280 d:- ref:0 ;
in:762 out:762 type:B dur:2 cpbdur:2 q:33.80 aq:29.76 tex:10308 mv:4930 misc:1658 imb:79 pmb:506 smb:3015 d:- ref:0 ;
in:761 out:763 type:b dur:2 cpbdur:2 q:33.80 aq:36.93 tex:4699 mv:2954 misc:1251 imb:62 pmb:340 smb:3198 d:- ref:0 ;
in:763 out:764 type:b dur:2 cpbdur:2 q:33.81 aq:35.92 tex:5265 mv:2837 misc:1298 imb:62 pmb:341 smb:3197 d:- ref:0 ;
in:768 out:765 type:P dur:2 cpbdur:2 q:33.82 aq:26.95 tex:66891 mv:9636 misc:1937 imb:569 pmb:1025 smb:2006 d:- ref:0 ;
in:766 out:766 type:B dur:2 cpbdur:2 q:33.82 aq:29.27 tex:9014 mv:4660 misc:1550 imb:99 pmb:390 smb:3111 d:- ref:0 ;
in:765 out:767 type:b dur:2 cpbdur:2 q:33.81 aq:31.58 tex:6798 mv:2829 misc:1149 imb:53 pmb:316 smb:3231 d:- ref:0 ;
in:767 out:768 type:b dur:2 cpbdur:2 q:33.82 aq:31.36 tex:5732 mv:2706 misc:1266 imb:53 pmb:326 smb:3221 d:- ref:0 ;
in:772 out:769 type:P dur:2 cpbdur:2 q:33.86 aq:27.31 tex:62856 mv:6464 misc:1944 imb:172 pmb:936 smb:2492 d:- ref:0 ;
in:770 out:770 type:B dur:2 cpbdur:2 q:33.84 aq:29.53 tex:7840 mv:3318 misc:1402 imb:45 pmb:410 smb:3145 d:- ref:0 ;
in:769 out:771 type:b dur:2 cpbdur:2 q:33.83 aq:36.08 tex:3532 mv:1102 misc:902 imb:8 pmb:200 smb:3392 d:- ref:0 ;
in:771 out:772 type:b dur:2 cpbdur:2 q:33.85 aq:36.73 tex:4317 mv:1382 misc:1061 imb:17 pmb:274 smb:3309 d:- ref:0 ;
in:776 out:773 type:P dur:2 cpbdur:2 q:33.90 aq:28.61 tex:63131 mv:6376 misc:1941 imb:173 pmb:939 smb:2488 d:- ref:0 ;
in:774 out:774 type:B dur:2 cpbdur:2 q:33.88 aq:33.95 tex:10249 mv:3201 misc:1398 imb:42 pmb:409 smb:3149 d:- ref:0 ;
in:773 out:775 type:b dur:2 cpbdur:2 q:33.87 aq:36.58 tex:3365 mv:1149 misc:870 imb:10 pmb:209 smb:3381 d:- ref:0 ;
in:775 out:776 type:b dur:2 cpbdur:2 q:33.89 aq:36.27 tex:2939 mv:1158 misc:1063 imb:11 pmb:247 smb:3342 d:- ref:0 ;
in:779 out:777 type:P dur:2 cpbdur:2 q:33.97 aq:35.27 tex:9301 mv:3107 misc:1568 imb:78 pmb:445 smb:3077 d:- ref:0 ;
in:777 out:778 type:B dur:2 cpbdur:2 q:33.92 aq:35.92 tex:3432 mv:1089 misc:927 imb:7 pmb:195 smb:3398 d:- ref:0 ;
in:778 out:779 type:b dur:2 cpbdur:2 q:33.95 aq:36.19 tex:3012 mv:1131 misc:921 imb:9 pmb:184 smb:3407 d:- ref:0 ;
in:780 out:780 type:I dur:2 cpbdur:2 q:30.81 aq:22.34 tex:420105 mv:59899 misc:508 imb:3600 pmb:0 smb:0 d:- ref:;
in:784 out:781 type:P dur:2 cpbdur:2 q:34.60 aq:28.76 tex:65186 mv:5380 misc:1850 imb:166 pmb:819 smb:2615 d:- ref:0 ;
in:782 out:782 type:B dur:2 cpbdur:2 q:34.60 aq:36.11 tex:7416 mv:2345 misc:1263 imb:20 pmb:371 smb:3209 d:- ref:0 ;
in:781 out:783 type:b dur:2 cpbdur:2 q:34.60 aq:35.88 tex:1965 mv:1146 misc:889 imb:31 pmb:176 smb:3393 d:- ref:0 ;
in:783 out:784 type:b dur:2 cpbdur:2 q:34.60 aq:35.81 tex:2024 mv:397 misc:755 imb:3 pmb:129 smb:3468 d:- ref:0 ;
in:788 out:785 type:P dur:2 cpbdur:2 q:34.66 aq:28.76 tex:52684 mv:6192 misc:1780 imb:113 pmb:938 smb:2549 d:- ref:0 ;
in:786 out:786 type:B dur:2 cpbdur:2 q:34.63 aq:34.18 tex:6613 mv:2641 misc:1410 imb:26 pmb:396 smb:3178 d:- ref:0 ;
in:785 out:787 type:b dur:2 cpbdur:2 q:34.62 aq:37.34 tex:3029 mv:1546 misc:1081 imb:13 pmb:271 smb:3316 d:- ref:0 ;
in:787 out:788 type:b dur:2 cpbdur:2 q:34.65 aq:36.56 tex:1384 mv:560 misc:632 imb:4 pmb:112 smb:3484 d:- ref:0 ;
in:792 out:789 type:P dur:2 cpbdur:2 q:34.61 aq:27.45 tex:45712 mv:6088 misc:1912 imb:226 pmb:851 smb:2523 d:- ref:0 ;
in:790 out:790 type:B dur:2 cpbdur:2 q:34.64 aq:35.04 tex:6169 mv:2129 misc:1230 imb:21 pmb:367 smb:3212 d:- ref:0 ;
in:789 out:791 type:b dur:2 cpbdur:2 q:34.65 aq:36.24 tex:1444 mv:538 misc:698 imb:1 pmb:116 smb:3483 d:- ref:0 ;
in:791 out:792 type:b dur:2 cpbdur:2 q:34.62 aq:37.51 tex:2514 mv:1625 misc:1005 imb:64 pmb:207 smb:3329 d:- ref:0 ;
in:796 out:793 type:P dur:2 cpbdur:2 q:34.79 aq:25.53 tex:43311 mv:4926 misc:1779 imb:95 pmb:803 smb:2702 d:- ref:0 ;
in:794 out:794 type:B dur:2 cpbdur:2 q:34.70 aq:32.00 tex:5123 mv:1656 misc:1005 imb:12 pmb:223 smb:3365 d:- ref:0 ;
in:793 out:795 type:b dur:2 cpbdur:2 q:34.66 aq:37.05 tex:1392 mv:421 misc:579 imb:4 pmb:90 smb:3506 d:- ref:0 ;
in:795 out:796 type:b dur:2 cpbdur:2 q:34.75 aq:37.27 tex:1727 mv:584 misc:609 imb:0 pmb:115 smb:3485 d:- ref:0 ;
in:800 out:797 type:P dur:2 cpbdur:2 q:34.76 aq:29.73 tex:42719 mv:5506 misc:1879 imb:125 pmb:847 smb:2628 d:- ref:0 ;
in:798 out:798 type:B dur:2 cpbdur:2 q:34.78 aq:33.80 tex:6029 mv:2121 misc:1194 imb:25 pmb:302 smb:3273 d:- ref:0 ;
in:797 out:799 type:b dur:2 cpbdur:2 q:34.79 aq:36.42 tex:1300 mv:574 misc:782 imb:4 pmb:131 smb:3465 d:- ref:0 ;
in:799 out:800 type:b dur:2 cpbdur:2 q:34.77 aq:38.03 tex:1844 mv:589 misc:719 imb:0 pmb:135 smb:3465 d:- ref:0 ;
in:804 out:801 type:P dur:2 cpbdur:2 q:34.77 aq:30.18 tex:44858 mv:5753 misc:1957 imb:176 pmb:813 smb:2611 d:- ref:0 ;
in:802 out:802 type:B dur:2 cpbdur:2 q:34.77 aq:33.01 tex:8099 mv:4077 misc:1400 imb:50 pmb:458 smb:3092 d:- ref:0 ;
in:801 out:803 type:b dur:2 cpbdur:2 q:34.77 aq:32.82 tex:2068 mv:475 misc:761 imb:0 pmb:136 smb:3464 d:- ref:0 ;
in:803 out:804 type:b dur:2 cpbdur:2 q:34.77 aq:37.61 tex:3628 mv:1900 misc:1032 imb:38 pmb:217 smb:3345 d:- ref:0 ;
in:808 out:805 type:P dur:2 cpbdur:2 q:34.76 aq:30.24 tex:40876 mv:5125 misc:1895 imb:141 pmb:745 smb:2714 d:- ref:0 ;
in:806 out:806 type:B dur:2 cpbdur:2 q:34.77 aq:32.00 tex:4959 mv:2226 misc:1231 imb:10 pmb:328 smb:3262 d:- ref:0 ;
in:805 out:807 type:b dur:2 cpbdur:2 q:34.77 aq:37.83 tex:2068 mv:675 misc:713 imb:2 pmb:132 smb:3466 d:- ref:0 ;
in:807 out:808 type:b dur:2 cpbdur:2 q:34.76 aq:36.73 tex:2433 mv:1025 misc:846 imb:21 pmb:168 smb:3411 d:- ref:0 ;
in:812 out:809 type:P dur:2 cpbdur:2 q:34.71 aq:31.14 tex:42905 mv:5498 misc:1845 imb:167 pmb:792 smb:2641 d:- ref:0 ;
in:810 out:810 type:B dur:2 cpbdur:2 q:34.73 aq:31.18 tex:8886 mv:4349 misc:1493 imb:36 pmb:517 smb:3047 d:- ref:0 ;
in:809 out:811 type:b dur:2 cpbdur:2 q:34.74 aq:37.46 tex:1850 mv:926 misc:872 imb:23 pmb:160 smb:3417 d:- ref:0 ;
in:811 out:812 type:b dur:2 cpbdur:2 q:34.72 aq:38.18 tex:3478 mv:2381 misc:1021 imb:54 pmb:240 smb:3306 d:- ref:0 ;
in:816 out:813 type:P dur:2 cpbdur:2 q:34.68 aq:28.98 tex:52899 mv:8164 misc:2137 imb:346 pmb:932 smb:2322 d:- ref:0 ;
in:814 out:814 type:B dur:2 cpbdur:2 q:34.70 aq:33.56 tex:8215 mv:4690 misc:1567 imb:103 pmb:411 smb:3086 d:- ref:0 ;
in:813 out:815 type:b dur:2 cpbdur:2 q:34.70 aq:30.35 tex:3491 mv:2620 misc:1265 imb:65 pmb:300 smb:3235 d:- ref:0 ;
in:815 out:816 type:b dur:2 cpbdur:2 q:34.69 aq:30.70 tex:2460 mv:2358 misc:1150 imb:40 pmb:258 smb:3302 d:- ref:0 ;
in:820 out:817 type:P dur:2 cpbdur:2 q:34.70 aq:28.92 tex:52871 mv:8237 misc:2028 imb:324 pmb:968 smb:2308 d:- ref:0 ;
in:818 out:818 type:B dur:2 cpbdur:2 q:34.69 aq:33.85 tex:7543 mv:4383 misc:1650 imb:71 pmb:447 smb:3082 d:- ref:0 ;
in:817 out:819 type:b dur:2 cpbdur:2 q:34.69 aq:34.20 tex:2938 mv:2221 misc:1233 imb:17 pmb:324 smb:3259 d:- ref:0 ;
in:819 out:820 type:b dur:2 cpbdur:2 q:34.70 aq:32.00 tex:3263 mv:2258 misc:1111 imb:49 pmb:235 smb:3316 d:- ref:0 ;
in:824 out:821 type:P dur:2 cpbdur:2 q:34.69 aq:28.94 tex:53677 mv:8595 misc:2224 imb:375 pmb:1023 smb:2202 d:- ref:0 ;
in:822 out:822 type:B dur:2 cpbdur:2 q:34.69 aq:33.55 tex:7825 mv:4948 misc:1547 imb:102 pmb:435 smb:3063 d:- ref:0 ;
in:821 out:823 type:b dur:2 cpbdur:2 q:34.70 aq:35.27 tex:4407 mv:2493 misc:1172 imb:41 pmb:279 smb:3280 d:- ref:0 ;
in:823 out:824 type:b dur:2 cpbdur:2 q:34.69 aq:36.11 tex:4967 mv:2851 misc:1230 imb:71 pmb:271 smb:3258 d:- ref:0 ;
in:828 out:825 type:P dur:2 cpbdur:2 q:34.70 aq:28.34 tex:37099 mv:4479 misc:1942 imb:211 pmb:671 smb:2718 d:- ref:0 ;
in:826 out:826 type:B dur:2 cpbdur:2 q:34.69 aq:34.10 tex:8109 mv:2358 misc:1397 imb:34 pmb:375 smb:3191 d:- ref:0 ;
in:825 out:827 type:b dur:2 cpbdur:2 q:34.69 aq:37.61 tex:3294 mv:1355 misc:975 imb:17 pmb:229 smb:3354 d:- ref:0 ;
in:827 out:828 type:b dur:2 cpbdur:2 q:34.69 aq:38.71 tex:1630 mv:470 misc:620 imb:11 pmb:88 smb:3501 d:- ref:0 ;
in:832 out:829 type:P dur:2 cpbdur:2 q:34.70 aq:26.26 tex:44126 mv:5167 misc:1827 imb:168 pmb:756 smb:2676 d:- ref:0 ;
in:830 out:830 type:B dur:2 cpbdur:2 q:34.70 aq:34.43 tex:5760 mv:1567 misc:1057 imb:12 pmb:273 smb:3315 d:- ref:0 ;
in:829 out:831 type:b dur:2 cpbdur:2 q:34.70 aq:37.62 tex:1171 mv:335 misc:598 imb:5 pmb:81 smb:3514 d:- ref:0 ;
in:831 out:832 type:b dur:2 cpbdur:2 q:34.70 aq:34.17 tex:1303 mv:515 misc:694 imb:7 pmb:105 smb:3488 d:- ref:0 ;
in:836 out:833 type:P dur:2 cpbdur:2 q:34.73 aq:28.27 tex:74594 mv:11767 misc:1991 imb:504 pmb:1200 smb:1896 d:- ref:0 ;
in:834 out:834 type:B dur:2 cpbdur:2 q:34.72 aq:30.28 tex:8512 mv:8031 misc:2369 imb:174 pmb:761 smb:2665 d:- ref:0 ;
in:833 out:835 type:b dur:2 cpbdur:2 q:34.71 aq:31.00 tex:4645 mv:5922 misc:2081 imb:94 pmb:647 smb:2859 d:- ref:0 ;
in:835 out:836 type:b dur:2 cpbdur:2 q:34.72 aq:37.03 tex:3698 mv:1808 misc:1094 imb:7 pmb:255 smb:3338 d:- ref:0 ;
in:839 out:837 type:P dur:2 cpbdur:2 q:34.77 aq:35.02 tex:9511 mv:4251 misc:1870 imb:199 pmb:504 smb:2897 d:- ref:0 ;
in:837 out:838 type:B dur:2 cpbdur:2 q:34.75 aq:36.99 tex:6437 mv:3304 misc:1379 imb:86 pmb:315 smb:3199 d:- ref:0 ;
in:838 out:839 type:b dur:2 cpbdur:2 q:34.76 aq:36.56 tex:5690 mv:2612 misc:1314 imb:35 pmb:327 smb:3238 d:- ref:0 ;
in:840 out:840 type:I dur:2 cpbdur:2 q:31.75 aq:23.72 tex:384740 mv:58081 misc:531 imb:3600 pmb:0 smb:0 d:- ref:;
in:844 out:841 type:P dur:2 cpbdur:2 q:35.24 aq:30.14 tex:48039 mv:7240 misc:2129 imb:261 pmb:882 smb:2457 d:- ref:0 ;
in:842 out:842 type:B dur:2 cpbdur:2 q:35.24 aq:36.29 tex:6768 mv:5185 misc:1639 imb:47 pmb:498 smb:3055 d:- ref:0 ;
in:841 out:843 type:b dur:2 cpbdur:2 q:35.24 aq:37.63 tex:3581 mv:2316 misc:1143 imb:22 pmb:282 smb:3296 d:- ref:0 ;
in:843 out:844 type:b dur:2 cpbdur:2 q:35.24 aq:37.63 tex:3339 mv:1984 misc:1061 imb:21 pmb:243 smb:3336 d:- ref:0 ;
in:848 out:845 type:P dur:2 cpbdur:2 q:35.25 aq:30.71 tex:43644 mv:7904 misc:2140 imb:300 pmb:940 smb:2360 d:- ref:0 ;
in:846 out:846 type:B dur:2 cpbdur:2 q:35.25 aq:37.09 tex:6922 mv:4081 misc:1477 imb:48 pmb:413 smb:3139 d:- ref:0 ;
in:845 out:847 type:b dur:2 cpbdur:2 q:35.24 aq:38.07 tex:3640 mv:2215 misc:1137 imb:45 pmb:235 smb:3320 d:- ref:0 ;
in:847 out:848 type:b dur:2 cpbdur:2 q:35.25 aq:37.65 tex:2587 mv:1657 misc:1052 imb:6 pmb:231 smb:3363 d:- ref:0 ;
in:852 out:849 type:P dur:2 cpbdur:2 q:35.24 aq:30.10 tex:44509 mv:8409 misc:2154 imb:326 pmb:970 smb:2304 d:- ref:0 ;
in:850 out:850 type:B dur:2 cpbdur:2 q:35.25 aq:35.83 tex:6659 mv:4354 misc:1547 imb:55 pmb:419 smb:3126 d:- ref:0 ;
in:849 out:851 type:b dur:2 cpbdur:2 q:35.25 aq:38.23 tex:2341 mv:2687 misc:1220 imb:48 pmb:280 smb:3272 d:- ref:0 ;
in:851 out:852 type:b dur:2 cpbdur:2 q:35.24 aq:37.49 tex:3688 mv:2504 misc:1256 imb:50 pmb:290 smb:3260 d:- ref:0 ;
in:856 out:853 type:P dur:2 cpbdur:2 q:35.45 aq:30.09 tex:61638 mv:8332 misc:2358 imb:353 pmb:990 smb:2257 d:- ref:0 ;
in:854 out:854 type:B dur:2 cpbdur:2 q:35.35 aq:35.30 tex:8880 mv:5202 misc:1814 imb:103 pmb:493 smb:3004 d:- ref:0 ;
in:853 out:855 type:b dur:2 cpbdur:2 q:35.29 aq:37.35 tex:3675 mv:2780 misc:1353 imb:85 pmb:257 smb:3258 d:- ref:0 ;
in:855 out:856 type:b dur:2 cpbdur:2 q:35.40 aq:35.88 tex:3009 mv:2167 misc:1280 imb:41 pmb:305 smb:3254 d:- ref:0 ;
in:860 out:857 type:P dur:2 cpbdur:2 q:35.48 aq:30.59 tex:46249 mv:7611 misc:2236 imb:269 pmb:989 smb:2342 d:- ref:0 ;
in:858 out:858 type:B dur:2 cpbdur:2 q:35.47 aq:36.21 tex:8758 mv:4947 misc:1591 imb:128 pmb:425 smb:3047 d:- ref:0 ;
in:857 out:859 type:b dur:2 cpbdur:2 q:35.46 aq:38.67 tex:3050 mv:2015 misc:1103 imb:43 pmb:218 smb:3339 d:- ref:0 ;
in:859 out:860 type:b dur:2 cpbdur:2 q:35.47 aq:38.28 tex:4106 mv:1847 misc:1119 imb:27 pmb:239 smb:3334 d:- ref:0 ;
in:864 out:861 type:P dur:2 cpbdur:2 q:35.50 aq:27.54 tex:47331 mv:9149 misc:2160 imb:395 pmb:1038 smb:2167 d:- ref:0 ;
in:862 out:862 type:B dur:2 cpbdur:2 q:35.49 aq:36.62 tex:7498 mv:4996 misc:1634 imb:105 pmb:463 smb:3032 d:- ref:0 ;
in:861 out:863 type:b dur:2 cpbdur:2 q:35.49 aq:35.62 tex:2879 mv:1864 misc:1025 imb:25 pmb:212 smb:3363 d:- ref:0 ;
in:863 out:864 type:b dur:2 cpbdur:2 q:35.50 aq:37.61 tex:3403 mv:2174 misc:1183 imb:62 pmb:229 smb:3309 d:- ref:0 ;
in:868 out:865 type:P dur:2 cpbdur:2 q:35.54 aq:29.02 tex:54314 mv:9078 misc:2400 imb:416 pmb:976 smb:2208 d:- ref:0 ;
in:866 out:866 type:B dur:2 cpbdur:2 q:35.52 aq:35.41 tex:7091 mv:5113 misc:1772 imb:102 pmb:472 smb:3026 d:- ref:0 ;
in:865 out:867 type:b dur:2 cpbdur:2 q:35.51 aq:36.98 tex:3579 mv:2442 misc:1243 imb:55 pmb:263 smb:3282 d:- ref:0 ;
in:867 out:868 type:b dur:2 cpbdur:2 q:35.53 aq:37.51 tex:3231 mv:2351 misc:1258 imb:23 pmb:287 smb:3290 d:- ref:0 ;
in:872 out:869 type:P dur:2 cpbdur:2 q:35.53 aq:30.45 tex:49551 mv:9130 misc:2231 imb:384 pmb:1003 smb:2213 d:- ref:0 ;
in:870 out:870 type:B dur:2 cpbdur:2 q:35.53 aq:35.40 tex:7150 mv:4875 misc:1679 imb:108 pmb:440 smb:3052 d:- ref:0 ;
in:869 out:871 type:b dur:2 cpbdur:2 q:35.54 aq:38.09 tex:5315 mv:2536 misc:1317 imb:45 pmb:298 smb:3257 d:- ref:0 ;
in:871 out:872 type:b dur:2 cpbdur:2 q:35.53 aq:38.03 tex:3944 mv:2388 misc:1228 imb:31 pmb:276 smb:3293 d:- ref:0 ;
in:876 out:873 type:P dur:2 cpbdur:2 q:35.55 aq:30.38 tex:50982 mv:8782 misc:2196 imb:363 pmb:994 smb:2243 d:- ref:0 ;
in:874 out:874 type:B dur:2 cpbdur:2 q:35.54 aq:35.18 tex:7342 mv:4975 misc:1683 imb:88 pmb:411 smb:3101 d:- ref:0 ;
in:873 out:875 type:b dur:2 cpbdur:2 q:35.53 aq:38.33 tex:4438 mv:2687 misc:1235 imb:68 pmb:247 smb:3285 d:- ref:0 ;
in:875 out:876 type:b dur:2 cpbdur:2 q:35.55 aq:36.78 tex:4283 mv:2755 misc:1194 imb:88 pmb:259 smb:3253 d:- ref:0 ;
in:880 out:877 type:P dur:2 cpbdur:2 q:35.58 aq:29.78 tex:72593 mv:9414 misc:2433 imb:456 pmb:1062 smb:2082 d:- ref:0 ;
in:878 out:878 type:B dur:2 cpbdur:2 q:35.56 aq:33.89 tex:6432 mv:5623 misc:1857 imb:139 pmb:497 smb:2964 d:- ref:0 ;
in:877 out:879 type:b dur:2 cpbdur:2 q:35.56 aq:39.25 tex:3405 mv:2142 misc:1325 imb:31 pmb:317 smb:3252 d:- ref:0 ;
in:879 out:880 type:b dur:2 cpbdur:2 q:35.57 aq:37.93 tex:4420 mv:2472 misc:1220 imb:56 pmb:282 smb:3262 d:- ref:0 ;
in:884 out:881 type:P dur:2 cpbdur:2 q:35.65 aq:29.38 tex:41224 mv:6815 misc:2225 imb:376 pmb:820 smb:2404 d:- ref:0 ;
in:882 out:882 type:B dur:2 cpbdur:2 q:35.61 aq:32.21 tex:4900 mv:3806 misc:1734 imb:77 pmb:424 smb:3099 d:- ref:0 ;
in:881 out:883 type:b dur:2 cpbdur:2 q:35.59 aq:36.98 tex:3136 mv:1898 misc:1118 imb:20 pmb:264 smb:3316 d:- ref:0 ;
in:883 out:884 type:b dur:2 cpbdur:2 q:35.63 aq:38.13 tex:4178 mv:3592 misc:1518 imb:54 pmb:370 smb:3176 d:- ref:0 ;
in:888 out:885 type:P dur:2 cpbdur:2 q:35.65 aq:29.24 tex:41073 mv:5504 misc:2215 imb:218 pmb:787 smb:2595 d:- ref:0 ;
in:886 out:886 type:B dur:2 cpbdur:2 q:35.65 aq:33.41 tex:4397 mv:2223 misc:1236 imb:19 pmb:308 smb:3273 d:- ref:0 ;
in:885 out:887 type:b dur:2 cpbdur:2 q:35.65 aq:37.28 tex:4101 mv:4058 misc:1513 imb:75 pmb:430 smb:3095 d:- ref:0 ;
in:887 out:888 type:b dur:2 cpbdur:2 q:35.65 aq:37.09 tex:4083 mv:3877 misc:1544 imb:94 pmb:368 smb:3138 d:- ref:0 ;
in:892 out:889 type:P dur:2 cpbdur:2 q:35.69 aq:30.15 tex:37438 mv:5821 misc:2189 imb:268 pmb:781 smb:2551 d:- ref:0 ;
in:890 out:890 type:B dur:2 cpbdur:2 q:35.67 aq:34.92 tex:4541 mv:2244 misc:1343 imb:50 pmb:298 smb:3252 d:- ref:0 ;
in:889 out:891 type:b dur:2 cpbdur:2 q:35.66 aq:36.33 tex:3300 mv:3915 misc:1409 imb:73 pmb:403 smb:3124 d:- ref:0 ;
in:891 out:892 type:b dur:2 cpbdur:2 q:35.68 aq:36.63 tex:3130 mv:3282 misc:1428 imb:73 pmb:334 smb:3193 d:- ref:0 ;
in:896 out:893 type:P dur:2 cpbdur:2 q:35.68 aq:28.05 tex:50383 mv:8234 misc:2335 imb:353 pmb:925 smb:2322 d:- ref:0 ;
in:894 out:894 type:B dur:2 cpbdur:2 q:35.68 aq:33.21 tex:7438 mv:4908 misc:1614 imb:95 pmb:431 smb:3074 d:- ref:0 ;
in:893 out:895 type:b dur:2 cpbdur:2 q:35.69 aq:38.74 tex:3947 mv:2379 misc:1170 imb:56 pmb:249 smb:3295 d:- ref:0 ;
in:895 out:896 type:b dur:2 cpbdur:2 q:35.68 aq:38.40 tex:3858 mv:2592 misc:1214 imb:50 pmb:264 smb:3286 d:- ref:0 ;
in:899 out:897 type:P dur:2 cpbdur:2 q:35.70 aq:36.22 tex:9322 mv:5025 misc:2045 imb:252 pmb:501 smb:2847 d:- ref:0 ;
in:897 out:898 type:B dur:2 cpbdur:2 q:35.69 aq:36.82 tex:3848 mv:3221 misc:1379 imb:82 pmb:275 smb:3243 d:- ref:0 ;
in:898 out:899 type:b dur:2 cpbdur:2 q:35.69 aq:38.41 tex:5208 mv:2917 misc:1283 imb:59 pmb:311 smb:3230 d:- ref:0 ;
in:900 out:900 type:I dur:2 cpbdur:2 q:32.65 aq:25.06 tex:357896 mv:58512 misc:504 imb:3600 pmb:0 smb:0 d:- ref:;
in:904 out:901 type:P dur:2 cpbdur:2 q:36.09 aq:31.71 tex:40235 mv:5610 misc:1995 imb:245 pmb:699 smb:2656 d:- ref:0 ;
in:902 out:902 type:B dur:2 cpbdur:2 q:36.09 aq:36.94 tex:7403 mv:5230 misc:1839 imb:43 pmb:580 smb:2977 d:- ref:0 ;
in:901 out:903 type:b dur:2 cpbdur:2 q:36.09 aq:39.09 tex:3883 mv:2125 misc:1104 imb:36 pmb:245 smb:3319 d:- ref:0 ;
in:903 out:904 type:b dur:2 cpbdur:2 q:36.09 aq:39.52 tex:3309 mv:2592 misc:1211 imb:62 pmb:260 smb:3278 d:- ref:0 ;
in:908 out:905 type:P dur:2 cpbdur:2 q:36.09 aq:32.09 tex:37652 mv:6920 misc:1988 imb:247 pmb:865 smb:2488 d:- ref:0 ;
in:906 out:906 type:B dur:2 cpbdur:2 q:36.09 aq:35.98 tex:6452 mv:4753 misc:1603 imb:64 pmb:438 smb:3098 d:- ref:0 ;
in:905 out:907 type:b dur:2 cpbdur:2 q:36.09 aq:37.86 tex:2759 mv:2112 misc:1041 imb:34 pmb:215 smb:3351 d:- ref:0 ;
in:907 out:908 type:b dur:2 cpbdur:2 q:36.09 aq:39.86 tex:2407 mv:2130 misc:1055 imb:49 pmb:197 smb:3354 d:- ref:0 ;
in:912 out:909 type:P dur:2 cpbdur:2 q:36.05 aq:29.86 tex:38033 mv:7314 misc:2157 imb:255 pmb:895 smb:2450 d:- ref:0 ;
in:910 out:910 type:B dur:2 cpbdur:2 q:36.07 aq:37.08 tex:7242 mv:4454 misc:1640 imb:84 pmb:383 smb:3133 d:- ref:0 ;
in:909 out:911 type:b dur:2 cpbdur:2 q:36.08 aq:39.50 tex:2616 mv:2211 misc:1077 imb:58 pmb:197 smb:3345 d:- ref:0 ;
in:911 out:912 type:b dur:2 cpbdur:2 q:36.06 aq:38.41 tex:2700 mv:2051 misc:1081 imb:24 pmb:235 smb:3341 d:- ref:0 ;
in:916 out:913 type:P dur:2 cpbdur:2 q:36.23 aq:28.09 tex:49922 mv:8040 misc:2374 imb:386 pmb:855 smb:2359 d:- ref:0 ;
in:914 out:914 type:B dur:2 cpbdur:2 q:36.14 aq:35.78 tex:7049 mv:4938 misc:1813 imb:95 pmb:466 smb:3039 d:- ref:0 ;
in:913 out:915 type:b dur:2 cpbdur:2 q:36.10 aq:38.12 tex:2788 mv:2124 misc:1136 imb:44 pmb:219 smb:3337 d:- ref:0 ;
in:915 out:916 type:b dur:2 cpbdur:2 q:36.19 aq:37.22 tex:2864 mv:1837 misc:1147 imb:35 pmb:237 smb:3328 d:- ref:0 ;
in:920 out:917 type:P dur:2 cpbdur:2 q:36.23 aq:28.76 tex:53344 mv:8315 misc:2493 imb:390 pmb:943 smb:2267 d:- ref:0 ;
in:918 out:918 type:B dur:2 cpbdur:2 q:36.23 aq:37.26 tex:6749 mv:4789 misc:1894 imb:77 pmb:492 smb:3031 d:- ref:0 ;
in:917 out:919 type:b dur:2 cpbdur:2 q:36.23 aq:39.24 tex:2448 mv:2248 misc:1216 imb:63 pmb:239 smb:3298 d:- ref:0 ;
in:919 out:920 type:b dur:2 cpbdur:2 q:36.23 aq:35.85 tex:2371 mv:1699 misc:1050 imb:15 pmb:202 smb:3383 d:- ref:0 ;
in:924 out:921 type:P dur:2 cpbdur:2 q:36.25 aq:31.14 tex:36115 mv:7451 misc:2274 imb:297 pmb:874 smb:2429 d:- ref:0 ;
in:922 out:922 type:B dur:2 cpbdur:2 q:36.24 aq:36.20 tex:6594 mv:4807 misc:1623 imb:86 pmb:422 smb:3092 d:- ref:0 ;
in:921 out:923 type:b dur:2 cpbdur:2 q:36.24 aq:37.16 tex:3295 mv:2119 misc:1034 imb:44 pmb:203 smb:3353 d:- ref:0 ;
in:923 out:924 type:b dur:2 cpbdur:2 q:36.25 aq:37.53 tex:2066 mv:1514 misc:988 imb:14 pmb:184 smb:3402 d:- ref:0 ;
in:928 out:925 type:P dur:2 cpbdur:2 q:36.26 aq:31.31 tex:38683 mv:8210 misc:2307 imb:370 pmb:902 smb:2328 d:- ref:0 ;
in:926 out:926 type:B dur:2 cpbdur:2 q:36.26 aq:36.74 tex:6321 mv:4674 misc:1669 imb:98 pmb:416 smb:3086 d:- ref:0 ;
in:925 out:927 type:b dur:2 cpbdur:2 q:36.25 aq:38.73 tex:2338 mv:1683 misc:1051 imb:15 pmb:217 smb:3368 d:- ref:0 ;
in:927 out:928 type:b dur:2 cpbdur:2 q:36.26 aq:39.48 tex:2933 mv:2064 misc:1131 imb:47 pmb:211 smb:3342 d:- ref:0 ;
in:932 out:929 type:P dur:2 cpbdur:2 q:36.26 aq:31.86 tex:38862 mv:7980 misc:2174 imb:389 pmb:853 smb:2358 d:- ref:0 ;
in:930 out:930 type:B dur:2 cpbdur:2 q:36.26 aq:33.65 tex:6066 mv:4658 misc:1700 imb:103 pmb:402 smb:3095 d:- ref:0 ;
in:929 out:931 type:b dur:2 cpbdur:2 q:36.26 aq:35.73 tex:2017 mv:2018 misc:1053 imb:37 pmb:218 smb:3345 d:- ref:0 ;
in:931 out:932 type:b dur:2 cpbdur:2 q:36.26 aq:38.50 tex:2118 mv:1675 misc:959 imb:24 pmb:209 smb:3367 d:- ref:0 ;
in:936 out:933 type:P dur:2 cpbdur:2 q:36.25 aq:28.83 tex:39633 mv:8150 misc:2265 imb:395 pmb:840 smb:2365 d:- ref:0 ;
in:934 out:934 type:B dur:2 cpbdur:2 q:36.26 aq:37.55 tex:7162 mv:4955 misc:1731 imb:124 pmb:399 smb:3077 d:- ref:0 ;
in:933 out:935 type:b dur:2 cpbdur:2 q:36.26 aq:37.58 tex:2094 mv:2083 misc:1151 imb:36 pmb:237 smb:3327 d:- ref:0 ;
in:935 out:936 type:b dur:2 cpbdur:2 q:36.25 aq:36.62 tex:2921 mv:2023 misc:1088 imb:40 pmb:197 smb:3363 d:- ref:0 ;
in:940 out:937 type:P dur:2 cpbdur:2 q:36.25 aq:29.52 tex:39016 mv:7604 misc:2332 imb:348 pmb:837 smb:2415 d:- ref:0 ;
in:938 out:938 type:B dur:2 cpbdur:2 q:36.25 aq:35.52 tex:6929 mv:4684 misc:1659 imb:135 pmb:373 smb:3092 d:- ref:0 ;
in:937 out:939 type:b dur:2 cpbdur:2 q:36.25 aq:37.56 tex:2405 mv:1636 misc:1023 imb:36 pmb:185 smb:3379 d:- ref:0 ;
in:939 out:940 type:b dur:2 cpbdur:2 q:36.25 aq:39.27 tex:3640 mv:2037 misc:1123 imb:45 pmb:231 smb:3324 d:- ref:0 ;
in:944 out:941 type:P dur:2 cpbdur:2 q:36.24 aq:28.58 tex:40233 mv:8096 misc:2231 imb:370 pmb:876 smb:2354 d:- ref:0 ;
in:942 out:942 type:B dur:2 cpbdur:2 q:36.24 aq:36.08 tex:7081 mv:4237 misc:1554 imb:65 pmb:406 smb:3129 d:- ref:0 ;
in:941 out:943 type:b dur:2 cpbdur:2 q:36.25 aq:39.70 tex:2269 mv:2131 misc:1024 imb:74 pmb:179 smb:3347 d:- ref:0 ;
in:943 out:944 type:b dur:2 cpbdur:2 q:36.24 aq:39.68 tex:2089 mv:1722 misc:981 imb:18 pmb:217 smb:3365 d:- ref:0 ;
in:948 out:945 type:P dur:2 cpbdur:2 q:36.23 aq:28.42 tex:42919 mv:8207 misc:2138 imb:367 pmb:903 smb:2330 d:- ref:0 ;
in:946 out:946 type:B dur:2 cpbdur:2 q:36.24 aq:37.68 tex:6019 mv:4541 misc:1528 imb:78 pmb:385 smb:3137 d:- ref:0 ;
in:945 out:947 type:b dur:2 cpbdur:2 q:36.24 aq:37.69 tex:2089 mv:1459 misc:892 imb:34 pmb:142 smb:3424 d:- ref:0 ;
in:947 out:948 type:b dur:2 cpbdur:2 q:36.23 aq:38.23 tex:2537 mv:1904 misc:1031 imb:51 pmb:163 smb:3386 d:- ref:0 ;
in:952 out:949 type:P dur:2 cpbdur:2 q:36.23 aq:29.62 tex:58495 mv:8873 misc:2432 imb:418 pmb:975 smb:2207 d:- ref:0 ;
in:950 out:950 type:B dur:2 cpbdur:2 q:36.23 aq:36.97 tex:5930 mv:4455 misc:1743 imb:100 pmb:440 smb:3060 d:- ref:0 ;
in:949 out:951 type:b dur:2 cpbdur:2 q:36.23 aq:37.94 tex:1658 mv:1746 misc:1156 imb:27 pmb:228 smb:3345 d:- ref:0 ;
in:951 out:952 type:b dur:2 cpbdur:2 q:36.23 aq:35.06 tex:3390 mv:2155 misc:1103 imb:40 pmb:229 smb:3331 d:- ref:0 ;
in:956 out:953 type:P dur:2 cpbdur:2 q:36.26 aq:29.64 tex:41384 mv:8417 misc:2375 imb:407 pmb:909 smb:2284 d:- ref:0 ;
in:954 out:954 type:B dur:2 cpbdur:2 q:36.25 aq:35.84 tex:5116 mv:4616 misc:1516 imb:104 pmb:376 smb:3120 d:- ref:0 ;
in:953 out:955 type:b dur:2 cpbdur:2 q:36.24 aq:35.00 tex:1983 mv:2153 misc:1056 imb:51 pmb:212 smb:3337 d:- ref:0 ;
in:955 out:956 type:b dur:2 cpbdur:2 q:36.25 aq:35.24 tex:2175 mv:1507 misc:910 imb:14 pmb:171 smb:3415 d:- ref:0 ;
in:959 out:957 type:P dur:2 cpbdur:2 q:36.26 aq:35.23 tex:7197 mv:4163 misc:1888 imb:199 pmb:461 smb:2940 d:- ref:0 ;
in:957 out:958 type:B dur:2 cpbdur:2 q:36.26 aq:38.40 tex:3878 mv:2627 misc:1255 imb:72 pmb:240 smb:3288 d:- ref:0 ;
in:958 out:959 type:b dur:2 cpbdur:2 q:36.26 aq:33.49 tex:3141 mv:2652 misc:1303 imb:89 pmb:221 smb:3290 d:- ref:0 ;
in:960 out:960 type:I dur:2 cpbdur:2 q:33.29 aq:24.94 tex:339024 mv:55373 misc:507 imb:3600 pmb:0 smb:0 d:- ref:;
in:964 out:961 type:P dur:2 cpbdur:2 q:36.62 aq:32.68 tex:30157 mv:5793 misc:2114 imb:206 pmb:758 smb:2636 d:- ref:0 ;
in:962 out:962 type:B dur:2 cpbdur:2 q:36.62 aq:38.41 tex:4584 mv:2773 misc:1275 imb:32 pmb:334 smb:3234 d:- ref:0 ;
in:961 out:963 type:b dur:2 cpbdur:2 q:36.62 aq:40.40 tex:2744 mv:1585 misc:943 imb:26 pmb:176 smb:3398 d:- ref:0 ;
in:963 out:964 type:b dur:2 cpbdur:2 q:36.62 aq:39.11 tex:514 mv:340 misc:650 imb:3 pmb:90 smb:3507 d:- ref:0 ;
in:965 out:965 type:P dur:2 cpbdur:2 q:36.61 aq:34.11 tex:12459 mv:1336 misc:1365 imb:36 pmb:296 smb:3268 d:- ref:0 ;
in:969 out:966 type:P dur:2 cpbdur:2 q:36.60 aq:31.95 tex:27305 mv:5130 misc:1821 imb:178 pmb:668 smb:2754 d:- ref:0 ;
in:967 out:967 type:B dur:2 cpbdur:2 q:36.60 aq:38.34 tex:3726 mv:1573 misc:1085 imb:5 pmb:275 smb:3320 d:- ref:0 ;
in:966 out:968 type:b dur:2 cpbdur:2 q:36.60 aq:39.85 tex:533 mv:363 misc:496 imb:20 pmb:36 smb:3544 d:- ref:0 ;
in:968 out:969 type:b dur:2 cpbdur:2 q:36.60 aq:39.64 tex:1605 mv:1276 misc:919 imb:33 pmb:153 smb:3414 d:- ref:0 ;
in:973 out:970 type:P dur:2 cpbdur:2 q:36.54 aq:31.16 tex:29655 mv:6005 misc:2060 imb:165 pmb:834 smb:2601 d:- ref:0 ;
in:971 out:971 type:B dur:2 cpbdur:2 q:36.57 aq:36.88 tex:5174 mv:3410 misc:1360 imb:71 pmb:307 smb:3222 d:- ref:0 ;
in:970 out:972 type:b dur:2 cpbdur:2 q:36.58 aq:38.98 tex:1509 mv:1211 misc:832 imb:50 pmb:108 smb:3442 d:- ref:0 ;
in:972 out:973 type:b dur:2 cpbdur:2 q:36.55 aq:30.31 tex:2730 mv:1468 misc:986 imb:52 pmb:155 smb:3393 d:- ref:0 ;
in:977 out:974 type:P dur:2 cpbdur:2 q:36.66 aq:31.47 tex:30188 mv:6627 misc:2089 imb:240 pmb:796 smb:2564 d:- ref:0 ;
in:975 out:975 type:B dur:2 cpbdur:2 q:36.60 aq:37.48 tex:3696 mv:3303 misc:1297 imb:64 pmb:310 smb:3226 d:- ref:0 ;
in:974 out:976 type:b dur:2 cpbdur:2 q:36.57 aq:38.22 tex:1812 mv:903 misc:749 imb:8 pmb:118 smb:3474 d:- ref:0 ;
in:976 out:977 type:b dur:2 cpbdur:2 q:36.63 aq:38.31 tex:1756 mv:976 misc:812 imb:3 pmb:144 smb:3453 d:- ref:0 ;
in:981 out:978 type:P dur:2 cpbdur:2 q:36.60 aq:30.73 tex:34002 mv:7328 misc:2214 imb:317 pmb:838 smb:2445 d:- ref:0 ;
in:979 out:979 type:B dur:2 cpbdur:2 q:36.63 aq:36.05 tex:5097 mv:3524 misc:1411 imb:38 pmb:362 smb:3200 d:- ref:0 ;
in:978 out:980 type:b dur:2 cpbdur:2 q:36.65 aq:34.77 tex:1524 mv:1351 misc:845 imb:15 pmb:165 smb:3420 d:- ref:0 ;
in:980 out:981 type:b dur:2 cpbdur:2 q:36.62 aq:37.89 tex:1699 mv:1287 misc:870 imb:29 pmb:139 smb:3432 d:- ref:0 ;
in:985 out:982 type:P dur:2 cpbdur:2 q:36.58 aq:32.52 tex:32542 mv:6858 misc:2240 imb:277 pmb:795 smb:2528 d:- ref:0 ;
in:983 out:983 type:B dur:2 cpbdur:2 q:36.59 aq:37.49 tex:3929 mv:3296 misc:1343 imb:61 pmb:293 smb:3246 d:- ref:0 ;
in:982 out:984 type:b dur:2 cpbdur:2 q:36.60 aq:35.38 tex:2445 mv:1563 misc:912 imb:32 pmb:157 smb:3411 d:- ref:0 ;
in:984 out:985 type:b dur:2 cpbdur:2 q:36.58 aq:33.86 tex:2047 mv:977 misc:712 imb:23 pmb:104 smb:3473 d:- ref:0 ;
in:989 out:986 type:P dur:2 cpbdur:2 q:36.55 aq:29.74 tex:39571 mv:8342 misc:2327 imb:405 pmb:864 smb:2331 d:- ref:0 ;
in:987 out:987 type:B dur:2 cpbdur:2 q:36.56 aq:30.79 tex:4097 mv:4100 misc:1547 imb:97 pmb:335 smb:3168 d:- ref:0 ;
in:986 out:988 type:b dur:2 cpbdur:2 q:36.57 aq:33.82 tex:1708 mv:1874 misc:930 imb:70 pmb:151 smb:3379 d:- ref:0 ;
in:988 out:989 type:b dur:2 cpbdur:2 q:36.56 aq:35.50 tex:1520 mv:1467 misc:957 imb:22 pmb:181 smb:3397 d:- ref:0 ;
in:993 out:990 type:P dur:2 cpbdur:2 q:36.53 aq:29.70 tex:36892 mv:8377 misc:2219 imb:523 pmb:816 smb:2261 d:- ref:0 ;
in:991 out:991 type:B dur:2 cpbdur:2 q:36.54 aq:34.98 tex:4414 mv:3530 misc:1456 imb:89 pmb:323 smb:3188 d:- ref:0 ;
in:990 out:992 type:b dur:2 cpbdur:2 q:36.54 aq:36.64 tex:2239 mv:909 misc:788 imb:7 pmb:128 smb:3465 d:- ref:0 ;
in:992 out:993 type:b dur:2 cpbdur:2 q:36.53 aq:30.48 tex:2177 mv:1578 misc:1053 imb:64 pmb:153 smb:3383 d:- ref:0 ;
in:997 out:994 type:P dur:2 cpbdur:2 q:36.49 aq:31.20 tex:37393 mv:6810 misc:2189 imb:278 pmb:821 smb:2501 d:- ref:0 ;
in:995 out:995 type:B dur:2 cpbdur:2 q:36.51 aq:35.42 tex:5249 mv:3880 misc:1407 imb:87 pmb:343 smb:3170 d:- ref:0 ;
in:994 out:996 type:b dur:2 cpbdur:2 q:36.52 aq:37.09 tex:1935 mv:1337 misc:936 imb:19 pmb:177 smb:3404 d:- ref:0 ;
in:996 out:997 type:b dur:2 cpbdur:2 q:36.50 aq:34.31 tex:2511 mv:1223 misc:906 imb:14 pmb:165 smb:3421 d:- ref:0 ;
in:1001 out:998 type:P dur:2 cpbdur:2 q:36.49 aq:31.95 tex:39180 mv:7769 misc:2163 imb:323 pmb:909 smb:2368 d:- ref:0 ;
in:999 out:999 type:B dur:2 cpbdur:2 q:36.49 aq:36.50 tex:4986 mv:3866 misc:1524 imb:78 pmb:370 smb:3152 d:- ref:0 ;
in:998 out:1000 type:b dur:2 cpbdur:2 q:36.49 aq:33.59 tex:2411 mv:1552 misc:989 imb:37 pmb:183 smb:3380 d:- ref:0 ;
in:1000 out:1001 type:b dur:2 cpbdur:2 q:36.49 aq:37.24 tex:2791 mv:975 misc:914 imb:10 pmb:166 smb:3424 d:- ref:0 ;
in:1005 out:1002 type:P dur:2 cpbdur:2 q:36.48 aq:30.75 tex:44613 mv:7952 misc:2187 imb:349 pmb:917 smb:2334 d:- ref:0 ;
in:1003 out:1003 type:B dur:2 cpbdur:2 q:36.49 aq:36.99 tex:5280 mv:3518 misc:1458 imb:31 pmb:378 smb:3191 d:- ref:0 ;
in:1002 out:1004 type:b dur:2 cpbdur:2 q:36.49 aq:33.66 tex:2505 mv:1350 misc:905 imb:26 pmb:180 smb:3394 d:- ref:0 ;
in:1004 out:1005 type:b dur:2 cpbdur:2 q:36.49 aq:38.59 tex:2429 mv:1356 misc:1039 imb:24 pmb:182 smb:3394 d:- ref:0 ;
in:1009 out:1006 type:P dur:2 cpbdur:2 q:36.48 aq:30.27 tex:39860 mv:9129 misc:2243 imb:353 pmb:969 smb:2278 d:- ref:0 ;
in:1007 out:1007 type:B dur:2 cpbdur:2 q:36.48 aq:36.33 tex:6189 mv:5391 misc:1868 imb:70 pmb:561 smb:2969 d:- ref:0 ;
in:1006 out:1008 type:b dur:2 cpbdur:2 q:36.48 aq:38.61 tex:2093 mv:1290 misc:897 imb:9 pmb:176 smb:3415 d:- ref:0 ;
in:1008 out:1009 type:b dur:2 cpbdur:2 q:36.48 aq:38.23 tex:3022 mv:4067 misc:1639 imb:68 pmb:425 smb:3107 d:- ref:0 ;
in:1013 out:1010 type:P dur:2 cpbdur:2 q:36.45 aq:30.83 tex:41887 mv:8584 misc:2225 imb:397 pmb:842 smb:2361 d:- ref:0 ;
in:1011 out:1011 type:B dur:2 cpbdur:2 q:36.47 aq:37.61 tex:4924 mv:4928 misc:1804 imb:83 pmb:485 smb:3032 d:- ref:0 ;
in:1010 out:1012 type:b dur:2 cpbdur:2 q:36.47 aq:39.67 tex:2810 mv:3307 misc:1683 imb:65 pmb:445 smb:3090 d:- ref:0 ;
in:1012 out:1013 type:b dur:2 cpbdur:2 q:36.46 aq:36.19 tex:2913 mv:1190 misc:913 imb:17 pmb:174 smb:3409 d:- ref:0 ;
in:1017 out:1014 type:P dur:2 cpbdur:2 q:36.46 aq:31.09 tex:37026 mv:7154 misc:2228 imb:307 pmb:836 smb:2457 d:- ref:0 ;
in:1015 out:1015 type:B dur:2 cpbdur:2 q:36.46 aq:36.48 tex:5010 mv:3826 misc:1452 imb:71 pmb:360 smb:3169 d:- ref:0 ;
in:1014 out:1016 type:b dur:2 cpbdur:2 q:36.46 aq:31.95 tex:2895 mv:1678 misc:987 imb:37 pmb:167 smb:3396 d:- ref:0 ;
in:1016 out:1017 type:b dur:2 cpbdur:2 q:36.46 aq:34.18 tex:2845 mv:1456 misc:995 imb:23 pmb:188 smb:3389 d:- ref:0 ;
in:1019 out:1018 type:P dur:2 cpbdur:2 q:36.45 aq:36.90 tex:8454 mv:4115 misc:1863 imb:187 pmb:495 smb:2918 d:- ref:0 ;
in:1018 out:1019 type:b dur:2 cpbdur:2 q:36.46 aq:36.70 tex:2666 mv:1428 misc:1026 imb:36 pmb:200 smb:3364 d:- ref:0 ;
in:1020 out:1020 type:I dur:2 cpbdur:2 q:33.57 aq:25.62 tex:328939 mv:55847 misc:510 imb:3600 pmb:0 smb:0 d:- ref:;
in:1024 out:1021 type:P dur:2 cpbdur:2 q:36.79 aq:31.76 tex:30723 mv:6061 misc:2064 imb:248 pmb:737 smb:2615 d:- ref:0 ;
in:1022 out:1022 type:B dur:2 cpbdur:2 q:36.79 aq:37.19 tex:2190 mv:2648 misc:1122 imb:25 pmb:271 smb:3304 d:- ref:0 ;
in:1021 out:1023 type:b dur:2 cpbdur:2 q:36.79 aq:40.62 tex:1859 mv:1632 misc:989 imb:58 pmb:181 smb:3361 d:- ref:0 ;
in:1023 out:1024 type:b dur:2 cpbdur:2 q:36.79 aq:36.37 tex:1390 mv:1203 misc:831 imb:19 pmb:185 smb:3396 d:- ref:0 ;
in:1028 out:1025 type:P dur:2 cpbdur:2 q:36.78 aq:31.03 tex:32079 mv:7701 misc:2076 imb:434 pmb:787 smb:2379 d:- ref:0 ;
in:1026 out:1026 type:B dur:2 cpbdur:2 q:36.79 aq:34.18 tex:3839 mv:3200 misc:1321 imb:36 pmb:347 smb:3217 d:- ref:0 ;
in:1025 out:1027 type:b dur:2 cpbdur:2 q:36.79 aq:37.94 tex:1199 mv:1111 misc:882 imb:0 pmb:168 smb:3432 d:- ref:0 ;
in:1027 out:1028 type:b dur:2 cpbdur:2 q:36.78 aq:39.46 tex:1147 mv:988 misc:761 imb:9 pmb:123 smb:3468 d:- ref:0 ;
in:1032 out:1029 type:P dur:2 cpbdur:2 q:36.78 aq:31.19 tex:43156 mv:7007 misc:2221 imb:302 pmb:833 smb:2465 d:- ref:0 ;
in:1030 out:1030 type:B dur:2 cpbdur:2 q:36.78 aq:34.21 tex:5291 mv:5451 misc:1970 imb:133 pmb:535 smb:2932 d:- ref:0 ;
in:1029 out:1031 type:b dur:2 cpbdur:2 q:36.78 aq:36.67 tex:2275 mv:1700 misc:1041 imb:50 pmb:183 smb:3367 d:- ref:0 ;
in:1031 out:1032 type:b dur:2 cpbdur:2 q:36.78 aq:39.43 tex:2455 mv:3635 misc:1758 imb:50 pmb:500 smb:3050 d:- ref:0 ;
in:1036 out:1033 type:P dur:2 cpbdur:2 q:36.93 aq:31.46 tex:28611 mv:5949 misc:2136 imb:231 pmb:784 smb:2585 d:- ref:0 ;
in:1034 out:1034 type:B dur:2 cpbdur:2 q:36.85 aq:35.49 tex:4112 mv:3244 misc:1444 imb:62 pmb:357 smb:3181 d:- ref:0 ;
in:1033 out:1035 type:b dur:2 cpbdur:2 q:36.82 aq:38.84 tex:1496 mv:1200 misc:904 imb:9 pmb:179 smb:3412 d:- ref:0 ;
in:1035 out:1036 type:b dur:2 cpbdur:2 q:36.89 aq:39.46 tex:2006 mv:1146 misc:888 imb:15 pmb:161 smb:3424 d:- ref:0 ;
in:1040 out:1037 type:P dur:2 cpbdur:2 q:36.89 aq:31.33 tex:33538 mv:6036 misc:2050 imb:222 pmb:746 smb:2632 d:- ref:0 ;
in:1038 out:1038 type:B dur:2 cpbdur:2 q:36.91 aq:37.16 tex:4964 mv:3767 misc:1453 imb:34 pmb:365 smb:3201 d:- ref:0 ;
in:1037 out:1039 type:b dur:2 cpbdur:2 q:36.92 aq:37.19 tex:2023 mv:1523 misc:910 imb:26 pmb:174 smb:3400 d:- ref:0 ;
in:1039 out:1040 type:b dur:2 cpbdur:2 q:36.90 aq:34.06 tex:2113 mv:1051 misc:868 imb:12 pmb:146 smb:3442 d:- ref:0 ;
in:1044 out:1041 type:P dur:2 cpbdur:2 q:36.86 aq:32.10 tex:33279 mv:6314 misc:2031 imb:205 pmb:795 smb:2600 d:- ref:0 ;
in:1042 out:1042 type:B dur:2 cpbdur:2 q:36.87 aq:37.46 tex:5066 mv:3517 misc:1433 imb:39 pmb:339 smb:3222 d:- ref:0 ;
in:1041 out:1043 type:b dur:2 cpbdur:2 q:36.88 aq:34.13 tex:1741 mv:1115 misc:880 imb:17 pmb:141 smb:3442 d:- ref:0 ;
in:1043 out:1044 type:b dur:2 cpbdur:2 q:36.87 aq:40.15 tex:942 mv:805 misc:757 imb:2 pmb:108 smb:3490 d:- ref:0 ;
in:1048 out:1045 type:P dur:2 cpbdur:2 q:36.84 aq:30.32 tex:34942 mv:6383 misc:2003 imb:219 pmb:808 smb:2573 d:- ref:0 ;
in:1046 out:1046 type:B dur:2 cpbdur:2 q:36.85 aq:37.37 tex:6336 mv:3306 misc:1374 imb:11 pmb:351 smb:3238 d:- ref:0 ;
in:1045 out:1047 type:b dur:2 cpbdur:2 q:36.85 aq:39.53 tex:1642 mv:1059 misc:795 imb:6 pmb:130 smb:3464 d:- ref:0 ;
in:1047 out:1048 type:b dur:2 cpbdur:2 q:36.84 aq:40.17 tex:2282 mv:1115 misc:819 imb:35 pmb:126 smb:3439 d:- ref:0 ;
in:1052 out:1049 type:P dur:2 cpbdur:2 q:36.81 aq:29.74 tex:35849 mv:7141 misc:2194 imb:334 pmb:796 smb:2470 d:- ref:0 ;
in:1050 out:1050 type:B dur:2 cpbdur:2 q:36.83 aq:31.81 tex:4037 mv:3205 misc:1350 imb:37 pmb:307 smb:3256 d:- ref:0 ;
in:1049 out:1051 type:b dur:2 cpbdur:2 q:36.83 aq:38.67 tex:3158 mv:1393 misc:969 imb:10 pmb:186 smb:3404 d:- ref:0 ;
in:1051 out:1052 type:b dur:2 cpbdur:2 q:36.82 aq:34.63 tex:2622 mv:1465 misc:985 imb:38 pmb:160 smb:3402 d:- ref:0 ;
in:1056 out:1053 type:P dur:2 cpbdur:2 q:36.79 aq:30.07 tex:39627 mv:5694 misc:2023 imb:224 pmb:688 smb:2688 d:- ref:0 ;
in:1054 out:1054 type:B dur:2 cpbdur:2 q:36.80 aq:39.29 tex:4989 mv:2841 misc:1354 imb:58 pmb:316 smb:3226 d:- ref:0 ;
in:1053 out:1055 type:b dur:2 cpbdur:2 q:36.81 aq:40.75 tex:1365 mv:1386 misc:881 imb:37 pmb:132 smb:3431 d:- ref:0 ;
in:1055 out:1056 type:b dur:2 cpbdur:2 q:36.79 aq:41.04 tex:882 mv:459 misc:587 imb:1 pmb:76 smb:3523 d:- ref:0 ;
in:1060 out:1057 type:P dur:2 cpbdur:2 q:36.76 aq:30.69 tex:35476 mv:6027 misc:1873 imb:221 pmb:727 smb:2652 d:- ref:0 ;
in:1058 out:1058 type:B dur:2 cpbdur:2 q:36.78 aq:38.28 tex:3755 mv:2544 misc:1333 imb:27 pmb:373 smb:3200 d:- ref:0 ;
in:1057 out:1059 type:b dur:2 cpbdur:2 q:36.78 aq:39.98 tex:742 mv:298 misc:496 imb:0 pmb:66 smb:3534 d:- ref:0 ;
in:1059 out:1060 type:b dur:2 cpbdur:2 q:36.77 aq:36.80 tex:1983 mv:1931 misc:974 imb:41 pmb:196 smb:3363 d:- ref:0 ;
in:1064 out:1061 type:P dur:2 cpbdur:2 q:36.74 aq:31.05 tex:36340 mv:8164 misc:2120 imb:323 pmb:890 smb:2387 d:- ref:0 ;
in:1062 out:1062 type:B dur:2 cpbdur:2 q:36.75 aq:34.94 tex:4866 mv:4638 misc:1504 imb:84 pmb:402 smb:3114 d:- ref:0 ;
in:1061 out:1063 type:b dur:2 cpbdur:2 q:36.76 aq:38.31 tex:1877 mv:1634 misc:1025 imb:34 pmb:183 smb:3383 d:- ref:0 ;
in:1063 out:1064 type:b dur:2 cpbdur:2 q:36.75 aq:39.33 tex:2538 mv:1894 misc:1008 imb:34 pmb:198 smb:3368 d:- ref:0 ;
in:1068 out:1065 type:P dur:2 cpbdur:2 q:36.73 aq:30.12 tex:38174 mv:7872 misc:2234 imb:331 pmb:854 smb:2415 d:- ref:0 ;
in:1066 out:1066 type:B dur:2 cpbdur:2 q:36.74 aq:38.12 tex:4666 mv:4384 misc:1462 imb:87 pmb:351 smb:3162 d:- ref:0 ;
in:1065 out:1067 type:b dur:2 cpbdur:2 q:36.74 aq:39.43 tex:2697 mv:2105 misc:1086 imb:59 pmb:190 smb:3351 d:- ref:0 ;
in:1067 out:1068 type:b dur:2 cpbdur:2 q:36.74 aq:37.23 tex:2104 mv:2045 misc:1059 imb:36 pmb:216 smb:3348 d:- ref:0 ;
in:1072 out:1069 type:P dur:2 cpbdur:2 q:36.71 aq:32.44 tex:36039 mv:8265 misc:2192 imb:394 pmb:866 smb:2340 d:- ref:0 ;
in:1070 out:1070 type:B dur:2 cpbdur:2 q:36.72 aq:35.35 tex:5360 mv:4345 misc:1503 imb:69 pmb:396 smb:3135 d:- ref:0 ;
in:1069 out:1071 type:b dur:2 cpbdur:2 q:36.73 aq:39.55 tex:2196 mv:2336 misc:1060 imb:56 pmb:219 smb:3325 d:- ref:0 ;
in:1071 out:1072 type:b dur:2 cpbdur:2 q:36.72 aq:39.13 tex:2241 mv:2191 misc:1104 imb:42 pmb:221 smb:3337 d:- ref:0 ;
in:1076 out:1073 type:P dur:2 cpbdur:2 q:36.69 aq:31.33 tex:38961 mv:8258 misc:2149 imb:346 pmb:877 smb:2377 d:- ref:0 ;
in:1074 out:1074 type:B dur:2 cpbdur:2 q:36.70 aq:36.01 tex:5081 mv:4479 misc:1552 imb:87 pmb:383 smb:3130 d:- ref:0 ;
in:1073 out:1075 type:b dur:2 cpbdur:2 q:36.71 aq:38.18 tex:2974 mv:2081 misc:1081 imb:67 pmb:179 smb:3354 d:- ref:0 ;
in:1075 out:1076 type:b dur:2 cpbdur:2 q:36.69 aq:40.13 tex:2263 mv:1848 misc:937 imb:44 pmb:194 smb:3362 d:- ref:0 ;
in:1079 out:1077 type:P dur:2 cpbdur:2 q:36.68 aq:38.34 tex:7353 mv:4422 misc:1873 imb:220 pmb:434 smb:2946 d:- ref:0 ;
in:1077 out:1078 type:B dur:2 cpbdur:2 q:36.69 aq:39.00 tex:2959 mv:2821 misc:1212 imb:111 pmb:235 smb:3254 d:- ref:0 ;
in:1078 out:1079 type:b dur:2 cpbdur:2 q:36.68 aq:39.09 tex:3524 mv:2971 misc:1217 imb:65 pmb:308 smb:3227 d:- ref:0 ;
in:1080 out:1080 type:I dur:2 cpbdur:2 q:33.82 aq:26.23 tex:319368 mv:54724 misc:516 imb:3600 pmb:0 smb:0 d:- ref:;
in:1084 out:1081 type:P dur:2 cpbdur:2 q:36.99 aq:30.50 tex:35206 mv:7503 misc:2131 imb:318 pmb:824 smb:2458 d:- ref:0 ;
in:1082 out:1082 type:B dur:2 cpbdur:2 q:36.99 aq:37.74 tex:6252 mv:4420 misc:1520 imb:103 pmb:374 smb:3123 d:- ref:0 ;
in:1081 out:1083 type:b dur:2 cpbdur:2 q:36.99 aq:36.09 tex:2297 mv:2209 misc:1014 imb:61 pmb:196 smb:3343 d:- ref:0 ;
in:1083 out:1084 type:b dur:2 cpbdur:2 q:36.99 aq:41.03 tex:2007 mv:1768 misc:961 imb:24 pmb:177 smb:3399 d:- ref:0 ;
in:1088 out:1085 type:P dur:2 cpbdur:2 q:36.98 aq:31.23 tex:35035 mv:8473 misc:2292 imb:305 pmb:914 smb:2381 d:- ref:0 ;
in:1086 out:1086 type:B dur:2 cpbdur:2 q:36.98 aq:37.49 tex:5859 mv:4780 misc:1545 imb:80 pmb:406 smb:3114 d:- ref:0 ;
in:1085 out:1087 type:b dur:2 cpbdur:2 q:36.99 aq:37.98 tex:2212 mv:2352 misc:1076 imb:70 pmb:195 smb:3335 d:- ref:0 ;
in:1087 out:1088 type:b dur:2 cpbdur:2 q:36.98 aq:39.58 tex:2458 mv:2128 misc:1054 imb:65 pmb:194 smb:3341 d:- ref:0 ;
in:1092 out:1089 type:P dur:2 cpbdur:2 q:36.94 aq:31.77 tex:38905 mv:7875 misc:2148 imb:310 pmb:868 smb:2422 d:- ref:0 ;
in:1090 out:1090 type:B dur:2 cpbdur:2 q:36.96 aq:36.34 tex:6082 mv:4912 misc:1670 imb:129 pmb:416 smb:3055 d:- ref:0 ;
in:1089 out:1091 type:b dur:2 cpbdur:2 q:36.97 aq:39.24 tex:1633 mv:2131 misc:1020 imb:63 pmb:175 smb:3362 d:- ref:0 ;
in:1091 out:1092 type:b dur:2 cpbdur:2 q:36.95 aq:36.86 tex:2301 mv:2189 misc:1022 imb:75 pmb:171 smb:3354 d:- ref:0 ;
in:1096 out:1093 type:P dur:2 cpbdur:2 q:37.08 aq:31.56 tex:32240 mv:7466 misc:2222 imb:318 pmb:869 smb:2413 d:- ref:0 ;
in:1094 out:1094 type:B dur:2 cpbdur:2 q:37.01 aq:36.47 tex:6318 mv:4565 misc:1637 imb:98 pmb:414 smb:3088 d:- ref:0 ;
in:1093 out:1095 type:b dur:2 cpbdur:2 q:36.97 aq:36.57 tex:2112 mv:1924 misc:972 imb:71 pmb:163 smb:3366 d:- ref:0 ;
in:1095 out:1096 type:b dur:2 cpbdur:2 q:37.04 aq:38.79 tex:1045 mv:1342 misc:997 imb:39 pmb:204 smb:3357 d:- ref:0 ;
in:1100 out:1097 type:P dur:2 cpbdur:2 q:37.06 aq:30.10 tex:38475 mv:8840 misc:2381 imb:425 pmb:865 smb:2310 d:- ref:0 ;
in:1098 out:1098 type:B dur:2 cpbdur:2 q:37.07 aq:37.34 tex:5322 mv:4145 misc:1597 imb:63 pmb:410 smb:3127 d:- ref:0 ;
in:1097 out:1099 type:b dur:2 cpbdur:2 q:37.07 aq:40.04 tex:2314 mv:2352 misc:1062 imb:67 pmb:208 smb:3325 d:- ref:0 ;
in:1099 out:1100 type:b dur:2 cpbdur:2 q:37.06 aq:37.42 tex:1890 mv:2056 misc:990 imb:52 pmb:168 smb:3380 d:- ref:0 ;
in:1104 out:1101 type:P dur:2 cpbdur:2 q:37.06 aq:31.22 tex:36280 mv:8200 misc:2256 imb:460 pmb:854 smb:2286 d:- ref:0 ;
in:1102 out:1102 type:B dur:2 cpbdur:2 q:37.06 aq:37.15 tex:6084 mv:4198 misc:1534 imb:85 pmb:336 smb:3179 d:- ref:0 ;
in:1101 out:1103 type:b dur:2 cpbdur:2 q:37.06 aq:40.16 tex:2794 mv:2100 misc:1042 imb:87 pmb:171 smb:3342 d:- ref:0 ;
in:1103 out:1104 type:b dur:2 cpbdur:2 q:37.06 aq:36.57 tex:2380 mv:1789 misc:991 imb:30 pmb:178 smb:3392 d:- ref:0 ;
in:1108 out:1105 type:P dur:2 cpbdur:2 q:37.05 aq:32.64 tex:33977 mv:6833 misc:2190 imb:290 pmb:796 smb:2514 d:- ref:0 ;
in:1106 out:1106 type:B dur:2 cpbdur:2 q:37.05 aq:36.27 tex:5045 mv:2773 misc:1294 imb:49 pmb:271 smb:3280 d:- ref:0 ;
in:1105 out:1107 type:b dur:2 cpbdur:2 q:37.05 aq:38.75 tex:2623 mv:1352 misc:937 imb:25 pmb:151 smb:3424 d:- ref:0 ;
in:1107 out:1108 type:b dur:2 cpbdur:2 q:37.05 aq:40.53 tex:1900 mv:903 misc:693 imb:11 pmb:109 smb:3480 d:- ref:0 ;
in:1112 out:1109 type:P dur:2 cpbdur:2 q:37.04 aq:31.76 tex:32024 mv:7028 misc:2244 imb:311 pmb:789 smb:2500 d:- ref:0 ;
in:1110 out:1110 type:B dur:2 cpbdur:2 q:37.04 aq:38.29 tex:3978 mv:2597 misc:1201 imb:49 pmb:255 smb:3296 d:- ref:0 ;
in:1109 out:1111 type:b dur:2 cpbdur:2 q:37.05 aq:40.29 tex:1759 mv:721 misc:672 imb:5 pmb:99 smb:3496 d:- ref:0 ;
in:1111 out:1112 type:b dur:2 cpbdur:2 q:37.04 aq:39.72 tex:1939 mv:1026 misc:859 imb:48 pmb:107 smb:3445 d:- ref:0 ;
in:1116 out:1113 type:P dur:2 cpbdur:2 q:37.03 aq:30.15 tex:34265 mv:7257 misc:2294 imb:316 pmb:780 smb:2504 d:- ref:0 ;
in:1114 out:1114 type:B dur:2 cpbdur:2 q:37.04 aq:37.99 tex:4600 mv:2493 misc:1219 imb:36 pmb:250 smb:3314 d:- ref:0 ;
in:1113 out:1115 type:b dur:2 cpbdur:2 q:37.04 aq:37.82 tex:1950 mv:1301 misc:837 imb:40 pmb:133 smb:3427 d:- ref:0 ;
in:1115 out:1116 type:b dur:2 cpbdur:2 q:37.03 aq:38.27 tex:1530 mv:1003 misc:795 imb:10 pmb:128 smb:3462 d:- ref:0 ;
in:1120 out:1117 type:P dur:2 cpbdur:2 q:37.02 aq:32.14 tex:32568 mv:6759 misc:2161 imb:267 pmb:772 smb:2561 d:- ref:0 ;
in:1118 out:1118 type:B dur:2 cpbdur:2 q:37.02 aq:38.05 tex:4459 mv:2623 misc:1166 imb:20 pmb:273 smb:3307 d:- ref:0 ;
in:1117 out:1119 type:b dur:2 cpbdur:2 q:37.03 aq:40.64 tex:2430 mv:1252 misc:910 imb:21 pmb:153 smb:3426 d:- ref:0 ;
in:1119 out:1120 type:b dur:2 cpbdur:2 q:37.02 aq:38.20 tex:1377 mv:947 misc:780 imb:8 pmb:120 smb:3472 d:- ref:0 ;
in:1124 out:1121 type:P dur:2 cpbdur:2 q:36.99 aq:31.10 tex:53959 mv:7767 misc:2466 imb:341 pmb:854 smb:2405 d:- ref:0 ;
in:1122 out:1122 type:B dur:2 cpbdur:2 q:37.00 aq:35.98 tex:4121 mv:2278 misc:1321 imb:17 pmb:296 smb:3287 d:- ref:0 ;
in:1121 out:1123 type:b dur:2 cpbdur:2 q:37.01 aq:40.11 tex:2493 mv:1031 misc:860 imb:25 pmb:125 smb:3450 d:- ref:0 ;
in:1123 out:1124 type:b dur:2 cpbdur:2 q:37.00 aq:41.39 tex:2223 mv:1104 misc:969 imb:8 pmb:207 smb:3385 d:- ref:0 ;
in:1128 out:1125 type:P dur:2 cpbdur:2 q:36.98 aq:31.18 tex:35780 mv:7315 misc:2153 imb:310 pmb:811 smb:2479 d:- ref:0 ;
in:1126 out:1126 type:B dur:2 cpbdur:2 q:36.99 aq:38.54 tex:4019 mv:2971 misc:1194 imb:41 pmb:281 smb:3278 d:- ref:0 ;
in:1125 out:1127 type:b dur:2 cpbdur:2 q:36.99 aq:40.06 tex:2781 mv:1268 misc:895 imb:42 pmb:153 smb:3405 d:- ref:0 ;
in:1127 out:1128 type:b dur:2 cpbdur:2 q:36.98 aq:38.83 tex:2300 mv:1296 misc:804 imb:24 pmb:158 smb:3418 d:- ref:0 ;
in:1132 out:1129 type:P dur:2 cpbdur:2 q:36.95 aq:28.44 tex:35796 mv:7735 misc:2173 imb:379 pmb:826 smb:2395 d:- ref:0 ;
in:1130 out:1130 type:B dur:2 cpbdur:2 q:36.97 aq:37.48 tex:3469 mv:2504 misc:1171 imb:41 pmb:240 smb:3319 d:- ref:0 ;
in:1129 out:1131 type:b dur:2 cpbdur:2 q:36.98 aq:37.50 tex:1391 mv:1138 misc:815 imb:11 pmb:156 smb:3433 d:- ref:0 ;
in:1131 out:1132 type:b dur:2 cpbdur:2 q:36.96 aq:40.84 tex:1821 mv:870 misc:757 imb:10 pmb:115 smb:3475 d:- ref:0 ;
in:1136 out:1133 type:P dur:2 cpbdur:2 q:36.95 aq:27.87 tex:35110 mv:8099 misc:2271 imb:375 pmb:886 smb:2339 d:- ref:0 ;
in:1134 out:1134 type:B dur:2 cpbdur:2 q:36.95 aq:36.51 tex:5131 mv:3125 misc:1296 imb:51 pmb:295 smb:3254 d:- ref:0 ;
in:1133 out:1135 type:b dur:2 cpbdur:2 q:36.95 aq:37.45 tex:1706 mv:987 misc:819 imb:19 pmb:122 smb:3459 d:- ref:0 ;
in:1135 out:1136 type:b dur:2 cpbdur:2 q:36.95 aq:40.63 tex:2487 mv:1213 misc:884 imb:23 pmb:155 smb:3422 d:- ref:0 ;
in:1139 out:1137 type:P dur:2 cpbdur:2 q:36.92 aq:35.94 tex:6674 mv:3996 misc:1834 imb:205 pmb:408 smb:2987 d:- ref:0 ;
in:1137 out:1138 type:B dur:2 cpbdur:2 q:36.94 aq:38.61 tex:3346 mv:1557 misc:1041 imb:25 pmb:194 smb:3381 d:- ref:0 ;
in:1138 out:1139 type:b dur:2 cpbdur:2 q:36.93 aq:37.98 tex:2067 mv:1330 misc:1011 imb:40 pmb:155 smb:3405 d:- ref:0 ;
in:1140 out:1140 type:I dur:2 cpbdur:2 q:34.06 aq:26.34 tex:315464 mv:56022 misc:498 imb:3600 pmb:0 smb:0 d:- ref:;
in:1144 out:1141 type:P dur:2 cpbdur:2 q:37.21 aq:32.78 tex:33222 mv:7056 misc:2058 imb:285 pmb:813 smb:2502 d:- ref:0 ;
in:1142 out:1142 type:B dur:2 cpbdur:2 q:37.21 aq:37.99 tex:4778 mv:3684 misc:1482 imb:48 pmb:369 smb:3183 d:- ref:0 ;
in:1141 out:1143 type:b dur:2 cpbdur:2 q:37.21 aq:38.16 tex:1991 mv:1311 misc:858 imb:22 pmb:159 smb:3419 d:- ref:0 ;
in:1143 out:1144 type:b dur:2 cpbdur:2 q:37.21 aq:37.51 tex:1046 mv:1192 misc:794 imb:9 pmb:137 smb:3454 d:- ref:0 ;
in:1148 out:1145 type:P dur:2 cpbdur:2 q:37.18 aq:32.19 tex:33815 mv:7976 misc:2177 imb:340 pmb:839 smb:2421 d:- ref:0 ;
in:1146 out:1146 type:B dur:2 cpbdur:2 q:37.20 aq:37.22 tex:4148 mv:4602 misc:1690 imb:92 pmb:405 smb:3103 d:- ref:0 ;
in:1145 out:1147 type:b dur:2 cpbdur:2 q:37.20 aq:39.23 tex:1997 mv:2087 misc:988 imb:62 pmb:208 smb:3330 d:- ref:0 ;
in:1147 out:1148 type:b dur:2 cpbdur:2 q:37.19 aq:40.10 tex:1304 mv:1896 misc:944 imb:44 pmb:165 smb:3391 d:- ref:0 ;
in:1152 out:1149 type:P dur:2 cpbdur:2 q:37.14 aq:31.54 tex:33482 mv:7692 misc:2258 imb:312 pmb:814 smb:2474 d:- ref:0 ;
in:1150 out:1150 type:B dur:2 cpbdur:2 q:37.16 aq:37.33 tex:4925 mv:4451 misc:1488 imb:94 pmb:336 smb:3170 d:- ref:0 ;
in:1149 out:1151 type:b dur:2 cpbdur:2 q:37.17 aq:39.58 tex:2346 mv:2154 misc:1052 imb:62 pmb:180 smb:3358 d:- ref:0 ;
in:1151 out:1152 type:b dur:2 cpbdur:2 q:37.15 aq:39.32 tex:2056 mv:2061 misc:1035 imb:45 pmb:189 smb:3366 d:- ref:0 ;
in:1156 out:1153 type:P dur:2 cpbdur:2 q:37.25 aq:30.22 tex:53058 mv:9515 misc:2491 imb:438 pmb:906 smb:2256 d:- ref:0 ;
in:1154 out:1154 type:B dur:2 cpbdur:2 q:37.20 aq:37.05 tex:6231 mv:4996 misc:1861 imb:124 pmb:458 smb:3018 d:- ref:0 ;
in:1153 out:1155 type:b dur:2 cpbdur:2 q:37.17 aq:38.78 tex:2678 mv:2392 misc:1282 imb:69 pmb:269 smb:3262 d:- ref:0 ;
in:1155 out:1156 type:b dur:2 cpbdur:2 q:37.22 aq:40.47 tex:2011 mv:1734 misc:975 imb:52 pmb:161 smb:3387 d:- ref:0 ;
in:1160 out:1157 type:P dur:2 cpbdur:2 q:37.24 aq:30.21 tex:37340 mv:9056 misc:2244 imb:442 pmb:945 smb:2213 d:- ref:0 ;
in:1158 out:1158 type:B dur:2 cpbdur:2 q:37.25 aq:31.15 tex:3722 mv:4145 misc:1621 imb:66 pmb:420 smb:3114 d:- ref:0 ;
in:1157 out:1159 type:b dur:2 cpbdur:2 q:37.25 aq:39.98 tex:2143 mv:2059 misc:982 imb:63 pmb:175 smb:3362 d:- ref:0 ;
in:1159 out:1160 type:b dur:2 cpbdur:2 q:37.25 aq:38.54 tex:1624 mv:1796 misc:1044 imb:45 pmb:209 smb:3346 d:- ref:0 ;
in:1164 out:1161 type:P dur:2 cpbdur:2 q:37.24 aq:31.28 tex:38342 mv:8588 misc:2286 imb:373 pmb:891 smb:2336 d:- ref:0 ;
in:1162 out:1162 type:B dur:2 cpbdur:2 q:37.24 aq:35.95 tex:3574 mv:3938 misc:1520 imb:51 pmb:402 smb:3147 d:- ref:0 ;
in:1161 out:1163 type:b dur:2 cpbdur:2 q:37.24 aq:39.23 tex:2020 mv:1602 misc:994 imb:37 pmb:199 smb:3364 d:- ref:0 ;
in:1163 out:1164 type:b dur:2 cpbdur:2 q:37.24 aq:36.76 tex:1906 mv:1841 misc:893 imb:64 pmb:157 smb:3379 d:- ref:0 ;
in:1168 out:1165 type:P dur:2 cpbdur:2 q:37.25 aq:33.52 tex:38442 mv:8167 misc:2263 imb:357 pmb:867 smb:2376 d:- ref:0 ;
in:1166 out:1166 type:B dur:2 cpbdur:2 q:37.24 aq:38.37 tex:3858 mv:3648 misc:1414 imb:81 pmb:322 smb:3197 d:- ref:0 ;
in:1165 out:1167 type:b dur:2 cpbdur:2 q:37.24 aq:39.11 tex:1576 mv:1658 misc:878 imb:47 pmb:141 smb:3412 d:- ref:0 ;
in:1167 out:1168 type:b dur:2 cpbdur:2 q:37.24 aq:38.84 tex:1365 mv:1587 misc:864 imb:38 pmb:148 smb:3414 d:- ref:0 ;
in:1172 out:1169 type:P dur:2 cpbdur:2 q:37.24 aq:31.87 tex:34014 mv:7304 misc:2370 imb:330 pmb:844 smb:2426 d:- ref:0 ;
in:1170 out:1170 type:B dur:2 cpbdur:2 q:37.24 aq:37.65 tex:2082 mv:1800 misc:1310 imb:24 pmb:294 smb:3282 d:- ref:0 ;
in:1169 out:1171 type:b dur:2 cpbdur:2 q:37.25 aq:41.29 tex:1532 mv:1514 misc:794 imb:49 pmb:136 smb:3415 d:- ref:0 ;
in:1171 out:1172 type:b dur:2 cpbdur:2 q:37.24 aq:34.27 tex:42 mv:101 misc:305 imb:1 pmb:13 smb:3586 d:- ref:0 ;
in:1173 out:1173 type:P dur:2 cpbdur:2 q:37.23 aq:30.96 tex:12454 mv:1943 misc:1691 imb:112 pmb:309 smb:3179 d:- ref:0 ;
in:1175 out:1174 type:P dur:2 cpbdur:2 q:37.22 aq:34.01 tex:14847 mv:1963 misc:1614 imb:49 pmb:368 smb:3183 d:- ref:0 ;
in:1174 out:1175 type:b dur:2 cpbdur:2 q:37.23 aq:36.48 tex:39 mv:131 misc:286 imb:0 pmb:14 smb:3586 d:- ref:0 ;
in:1176 out:1176 type:P dur:2 cpbdur:2 q:37.19 aq:32.04 tex:8349 mv:1144 misc:1315 imb:33 pmb:246 smb:3321 d:- ref:0 ;
in:1177 out:1177 type:P dur:2 cpbdur:2 q:37.20 aq:32.38 tex:10764 mv:1226 misc:1250 imb:27 pmb:264 smb:3309 d:- ref:0 ;
in:1178 out:1178 type:P dur:2 cpbdur:2 q:37.19 aq:33.40 tex:8464 mv:1089 misc:1199 imb:13 pmb:239 smb:3348 d:- ref:0 ;
in:1179 out:1179 type:P dur:2 cpbdur:2 q:37.17 aq:32.51 tex:10729 mv:1201 misc:1310 imb:15 pmb:292 smb:3293 d:- ref:0 ;
in:1180 out:1180 type:P dur:2 cpbdur:2 q:37.16 aq:30.70 tex:10134 mv:1506 misc:1408 imb:27 pmb:311 smb:3262 d:- ref:0 ;
in:1181 out:1181 type:P dur:2 cpbdur:2 q:37.17 aq:33.72 tex:10269 mv:1609 misc:1490 imb:68 pmb:292 smb:3240 d:- ref:0 ;
in:1185 out:1182 type:P dur:2 cpbdur:2 q:37.15 aq:32.76 tex:22136 mv:3709 misc:2139 imb:122 pmb:663 smb:2815 d:- ref:0 ;
in:1183 out:1183 type:B dur:2 cpbdur:2 q:37.16 aq:38.99 tex:3247 mv:1194 misc:879 imb:28 pmb:170 smb:3402 d:- ref:0 ;
in:1182 out:1184 type:b dur:2 cpbdur:2 q:37.16 aq:38.28 tex:245 mv:179 misc:424 imb:1 pmb:45 smb:3554 d:- ref:0 ;
in:1184 out:1185 type:b dur:2 cpbdur:2 q:37.16 aq:39.46 tex:157 mv:211 misc:336 imb:1 pmb:23 smb:3576 d:- ref:0 ;
in:1189 out:1186 type:P dur:2 cpbdur:2 q:37.11 aq:33.74 tex:21523 mv:3700 misc:2137 imb:136 pmb:640 smb:2824 d:- ref:0 ;
in:1187 out:1187 type:B dur:2 cpbdur:2 q:37.13 aq:38.70 tex:1656 mv:573 misc:731 imb:1 pmb:138 smb:3461 d:- ref:0 ;
in:1186 out:1188 type:b dur:2 cpbdur:2 q:37.14 aq:36.91 tex:150 mv:114 misc:312 imb:0 pmb:17 smb:3583 d:- ref:0 ;
in:1188 out:1189 type:b dur:2 cpbdur:2 q:37.12 aq:40.44 tex:146 mv:322 misc:460 imb:10 pmb:51 smb:3539 d:- ref:0 ;
in:1193 out:1190 type:P dur:2 cpbdur:2 q:37.05 aq:33.17 tex:22593 mv:3451 misc:2028 imb:127 pmb:602 smb:2871 d:- ref:0 ;
in:1191 out:1191 type:B dur:2 cpbdur:2 q:37.08 aq:38.47 tex:2438 mv:794 misc:888 imb:7 pmb:173 smb:3420 d:- ref:0 ;
in:1190 out:1192 type:b dur:2 cpbdur:2 q:37.10 aq:38.58 tex:484 mv:248 misc:444 imb:2 pmb:48 smb:3550 d:- ref:0 ;
in:1192 out:1193 type:b dur:2 cpbdur:2 q:37.07 aq:36.97 tex:75 mv:61 misc:312 imb:0 pmb:15 smb:3585 d:- ref:0 ;
in:1197 out:1194 type:P dur:2 cpbdur:2 q:37.01 aq:33.25 tex:25345 mv:3974 misc:2145 imb:147 pmb:647 smb:2806 d:- ref:0 ;
in:1195 out:1195 type:B dur:2 cpbdur:2 q:37.03 aq:38.36 tex:2635 mv:878 misc:839 imb:35 pmb:119 smb:3446 d:- ref:0 ;
in:1194 out:1196 type:b dur:2 cpbdur:2 q:37.04 aq:38.97 tex:424 mv:166 misc:354 imb:0 pmb:23 smb:3577 d:- ref:0 ;
in:1196 out:1197 type:b dur:2 cpbdur:2 q:37.02 aq:40.79 tex:394 mv:331 misc:435 imb:25 pmb:33 smb:3542 d:- ref:0 ;
in:1199 out:1198 type:P dur:2 cpbdur:2 q:36.94 aq:36.76 tex:8019 mv:3651 misc:1746 imb:140 pmb:394 smb:3066 d:- ref:0 ;
in:1198 out:1199 type:b dur:2 cpbdur:2 q:36.97 aq:36.75 tex:458 mv:930 misc:988 imb:6 pmb:196 smb:3398 d:- ref:0 ;
in:1200 out:1200 type:I dur:2 cpbdur:2 q:34.20 aq:25.83 tex:336445 mv:56396 misc:543 imb:3600 pmb:0 smb:0 d:- ref:;
in:1204 out:1201 type:P dur:2 cpbdur:2 q:37.23 aq:33.75 tex:20200 mv:3242 misc:1958 imb:111 pmb:598 smb:2891 d:- ref:0 ;
in:1202 out:1202 type:B dur:2 cpbdur:2 q:37.23 aq:38.21 tex:2792 mv:1039 misc:881 imb:26 pmb:165 smb:3409 d:- ref:0 ;
in:1201 out:1203 type:b dur:2 cpbdur:2 q:37.23 aq:38.25 tex:540 mv:195 misc:449 imb:1 pmb:40 smb:3559 d:- ref:0 ;
in:1203 out:1204 type:b dur:2 cpbdur:2 q:37.23 aq:36.06 tex:221 mv:141 misc:366 imb:2 pmb:27 smb:3571 d:- ref:0 ;
in:1208 out:1205 type:P dur:2 cpbdur:2 q:37.17 aq:33.76 tex:21016 mv:3589 misc:2019 imb:126 pmb:655 smb:2819 d:- ref:0 ;
in:1206 out:1206 type:B dur:2 cpbdur:2 q:37.20 aq:39.88 tex:2827 mv:1076 misc:841 imb:31 pmb:144 smb:3425 d:- ref:0 ;
in:1205 out:1207 type:b dur:2 cpbdur:2 q:37.22 aq:38.75 tex:285 mv:134 misc:373 imb:1 pmb:40 smb:3559 d:- ref:0 ;
in:1207 out:1208 type:b dur:2 cpbdur:2 q:37.19 aq:40.60 tex:672 mv:526 misc:498 imb:29 pmb:51 smb:3520 d:- ref:0 ;
in:1212 out:1209 type:P dur:2 cpbdur:2 q:37.12 aq:33.82 tex:18240 mv:3628 misc:2036 imb:132 pmb:622 smb:2846 d:- ref:0 ;
in:1210 out:1210 type:B dur:2 cpbdur:2 q:37.15 aq:38.43 tex:2974 mv:780 misc:862 imb:9 pmb:144 smb:3447 d:- ref:0 ;
in:1209 out:1211 type:b dur:2 cpbdur:2 q:37.16 aq:38.56 tex:235 mv:149 misc:376 imb:3 pmb:29 smb:3568 d:- ref:0 ;
in:1211 out:1212 type:b dur:2 cpbdur:2 q:37.14 aq:41.27 tex:632 mv:467 misc:517 imb:12 pmb:55 smb:3533 d:- ref:0 ;
in:1216 out:1213 type:P dur:2 cpbdur:2 q:37.21 aq:34.24 tex:14502 mv:3134 misc:1996 imb:115 pmb:551 smb:2934 d:- ref:0 ;
in:1214 out:1214 type:B dur:2 cpbdur:2 q:37.17 aq:38.62 tex:2353 mv:788 misc:867 imb:11 pmb:164 smb:3425 d:- ref:0 ;
in:1213 out:1215 type:b dur:2 cpbdur:2 q:37.15 aq:39.12 tex:301 mv:208 misc:435 imb:1 pmb:46 smb:3553 d:- ref:0 ;
in:1215 out:1216 type:b dur:2 cpbdur:2 q:37.19 aq:39.29 tex:289 mv:136 misc:391 imb:0 pmb:33 smb:3567 d:- ref:0 ;
in:1220 out:1217 type:P dur:2 cpbdur:2 q:37.15 aq:33.35 tex:17706 mv:3923 misc:2099 imb:161 pmb:609 smb:2830 d:- ref:0 ;
in:1218 out:1218 type:B dur:2 cpbdur:2 q:37.18 aq:38.80 tex:3512 mv:856 misc:872 imb:31 pmb:132 smb:3437 d:- ref:0 ;
in:1217 out:1219 type:b dur:2 cpbdur:2 q:37.19 aq:39.92 tex:464 mv:268 misc:428 imb:6 pmb:33 smb:3561 d:- ref:0 ;
in:1219 out:1220 type:b dur:2 cpbdur:2 q:37.16 aq:38.74 tex:374 mv:121 misc:353 imb:0 pmb:31 smb:3569 d:- ref:0 ;
in:1224 out:1221 type:P dur:2 cpbdur:2 q:37.08 aq:32.91 tex:17827 mv:4125 misc:2192 imb:165 pmb:628 smb:2807 d:- ref:0 ;
in:1222 out:1222 type:B dur:2 cpbdur:2 q:37.12 aq:37.15 tex:2665 mv:974 misc:897 imb:31 pmb:134 smb:3435 d:- ref:0 ;
in:1221 out:1223 type:b dur:2 cpbdur:2 q:37.13 aq:37.20 tex:108 mv:151 misc:373 imb:0 pmb:25 smb:3575 d:- ref:0 ;
in:1223 out:1224 type:b dur:2 cpbdur:2 q:37.10 aq:40.99 tex:367 mv:387 misc:502 imb:25 pmb:54 smb:3521 d:- ref:0 ;
in:1228 out:1225 type:P dur:2 cpbdur:2 q:37.01 aq:33.84 tex:33244 mv:6212 misc:2000 imb:269 pmb:723 smb:2608 d:- ref:0 ;
in:1226 out:1226 type:B dur:2 cpbdur:2 q:37.05 aq:36.01 tex:2926 mv:2421 misc:1445 imb:27 pmb:352 smb:3221 d:- ref:0 ;
in:1225 out:1227 type:b dur:2 cpbdur:2 q:37.06 aq:37.94 tex:197 mv:75 misc:344 imb:0 pmb:20 smb:3580 d:- ref:0 ;
in:1227 out:1228 type:b dur:2 cpbdur:2 q:37.03 aq:37.98 tex:358 mv:1029 misc:1053 imb:3 pmb:245 smb:3352 d:- ref:0 ;
in:1232 out:1229 type:P dur:2 cpbdur:2 q:36.96 aq:32.72 tex:37955 mv:6942 misc:2135 imb:245 pmb:884 smb:2471 d:- ref:0 ;
in:1230 out:1230 type:B dur:2 cpbdur:2 q:36.99 aq:38.31 tex:3618 mv:2549 misc:1313 imb:17 pmb:300 smb:3283 d:- ref:0 ;
in:1229 out:1231 type:b dur:2 cpbdur:2 q:37.00 aq:41.01 tex:1290 mv:1083 misc:843 imb:28 pmb:133 smb:3439 d:- ref:0 ;
in:1231 out:1232 type:b dur:2 cpbdur:2 q:36.97 aq:36.53 tex:614 mv:606 misc:596 imb:4 pmb:79 smb:3517 d:- ref:0 ;
in:1236 out:1233 type:P dur:2 cpbdur:2 q:36.92 aq:30.88 tex:34390 mv:6724 misc:2198 imb:276 pmb:791 smb:2533 d:- ref:0 ;
in:1234 out:1234 type:B dur:2 cpbdur:2 q:36.94 aq:37.83 tex:4348 mv:2998 misc:1422 imb:52 pmb:316 smb:3232 d:- ref:0 ;
in:1233 out:1235 type:b dur:2 cpbdur:2 q:36.95 aq:38.44 tex:903 mv:393 misc:520 imb:2 pmb:59 smb:3539 d:- ref:0 ;
in:1235 out:1236 type:b dur:2 cpbdur:2 q:36.93 aq:40.49 tex:828 mv:599 misc:589 imb:29 pmb:62 smb:3509 d:- ref:0 ;
in:1240 out:1237 type:P dur:2 cpbdur:2 q:36.89 aq:33.59 tex:36051 mv:6523 misc:2234 imb:248 pmb:828 smb:2524 d:- ref:0 ;
in:1238 out:1238 type:B dur:2 cpbdur:2 q:36.90 aq:38.85 tex:3918 mv:2196 misc:1262 imb:20 pmb:250 smb:3330 d:- ref:0 ;
in:1237 out:1239 type:b dur:2 cpbdur:2 q:36.91 aq:39.04 tex:987 mv:482 misc:579 imb:6 pmb:68 smb:3526 d:- ref:0 ;
in:1239 out:1240 type:b dur:2 cpbdur:2 q:36.89 aq:40.30 tex:963 mv:414 misc:535 imb:8 pmb:61 smb:3531 d:- ref:0 ;
in:1244 out:1241 type:P dur:2 cpbdur:2 q:36.87 aq:31.29 tex:30283 mv:5426 misc:2155 imb:205 pmb:762 smb:2633 d:- ref:0 ;
in:1242 out:1242 type:B dur:2 cpbdur:2 q:36.88 aq:38.22 tex:3136 mv:1210 misc:1022 imb:10 pmb:193 smb:3397 d:- ref:0 ;
in:1241 out:1243 type:b dur:2 cpbdur:2 q:36.88 aq:40.42 tex:571 mv:463 misc:590 imb:25 pmb:58 smb:3517 d:- ref:0 ;
in:1243 out:1244 type:b dur:2 cpbdur:2 q:36.87 aq:38.46 tex:404 mv:262 misc:478 imb:2 pmb:46 smb:3552 d:- ref:0 ;
in:1248 out:1245 type:P dur:2 cpbdur:2 q:36.84 aq:31.14 tex:35514 mv:6150 misc:2112 imb:245 pmb:835 smb:2520 d:- ref:0 ;
in:1246 out:1246 type:B dur:2 cpbdur:2 q:36.85 aq:36.16 tex:2470 mv:976 misc:898 imb:5 pmb:179 smb:3416 d:- ref:0 ;
in:1245 out:1247 type:b dur:2 cpbdur:2 q:36.86 aq:38.24 tex:528 mv:263 misc:513 imb:1 pmb:65 smb:3534 d:- ref:0 ;
in:1247 out:1248 type:b dur:2 cpbdur:2 q:36.85 aq:38.56 tex:649 mv:552 misc:591 imb:26 pmb:72 smb:3502 d:- ref:0 ;
in:1252 out:1249 type:P dur:2 cpbdur:2 q:36.82 aq:31.85 tex:30129 mv:5902 misc:2249 imb:228 pmb:801 smb:2571 d:- ref:0 ;
in:1250 out:1250 type:B dur:2 cpbdur:2 q:36.83 aq:38.30 tex:4523 mv:1792 misc:1181 imb:21 pmb:278 smb:3301 d:- ref:0 ;
in:1249 out:1251 type:b dur:2 cpbdur:2 q:36.84 aq:36.20 tex:391 mv:255 misc:466 imb:3 pmb:44 smb:3553 d:- ref:0 ;
in:1251 out:1252 type:b dur:2 cpbdur:2 q:36.83 aq:39.58 tex:1216 mv:912 misc:880 imb:35 pmb:135 smb:3430 d:- ref:0 ;
in:1256 out:1253 type:P dur:2 cpbdur:2 q:36.77 aq:31.19 tex:32647 mv:6248 misc:2353 imb:288 pmb:813 smb:2499 d:- ref:0 ;
in:1254 out:1254 type:B dur:2 cpbdur:2 q:36.80 aq:35.16 tex:1904 mv:2003 misc:1205 imb:34 pmb:225 smb:3341 d:- ref:0 ;
in:1253 out:1255 type:b dur:2 cpbdur:2 q:36.81 aq:40.61 tex:2275 mv:911 misc:902 imb:42 pmb:151 smb:3407 d:- ref:0 ;
in:1255 out:1256 type:b dur:2 cpbdur:2 q:36.79 aq:40.44 tex:2697 mv:1221 misc:1002 imb:45 pmb:164 smb:3391 d:- ref:0 ;
in:1259 out:1257 type:P dur:2 cpbdur:2 q:36.74 aq:39.08 tex:5588 mv:3077 misc:1695 imb:151 pmb:377 smb:3072 d:- ref:0 ;
in:1257 out:1258 type:B dur:2 cpbdur:2 q:36.76 aq:40.04 tex:1332 mv:810 misc:786 imb:12 pmb:120 smb:3468 d:- ref:0 ;
in:1258 out:1259 type:b dur:2 cpbdur:2 q:36.75 aq:38.69 tex:1703 mv:873 misc:696 imb:39 pmb:93 smb:3468 d:- ref:0 ;
in:1260 out:1260 type:I dur:2 cpbdur:2 q:33.98 aq:25.99 tex:318744 mv:56846 misc:538 imb:3600 pmb:0 smb:0 d:- ref:;
in:1264 out:1261 type:P dur:2 cpbdur:2 q:37.01 aq:33.76 tex:27741 mv:4990 misc:2077 imb:169 pmb:723 smb:2708 d:- ref:0 ;
in:1262 out:1262 type:B dur:2 cpbdur:2 q:37.01 aq:37.72 tex:1414 mv:1776 misc:962 imb:6 pmb:210 smb:3384 d:- ref:0 ;
in:1261 out:1263 type:b dur:2 cpbdur:2 q:37.01 aq:39.80 tex:2881 mv:888 misc:863 imb:21 pmb:136 smb:3443 d:- ref:0 ;
in:1263 out:1264 type:b dur:2 cpbdur:2 q:37.01 aq:39.34 tex:2357 mv:763 misc:832 imb:31 pmb:108 smb:3461 d:- ref:0 ;
in:1268 out:1265 type:P dur:2 cpbdur:2 q:36.98 aq:31.19 tex:49984 mv:6309 misc:2363 imb:279 pmb:793 smb:2528 d:- ref:0 ;
in:1266 out:1266 type:B dur:2 cpbdur:2 q:37.00 aq:35.73 tex:2112 mv:1791 misc:1217 imb:23 pmb:265 smb:3312 d:- ref:0 ;
in:1265 out:1267 type:b dur:2 cpbdur:2 q:37.00 aq:40.24 tex:2457 mv:813 misc:882 imb:40 pmb:127 smb:3433 d:- ref:0 ;
in:1267 out:1268 type:b dur:2 cpbdur:2 q:36.99 aq:39.32 tex:1962 mv:923 misc:963 imb:23 pmb:187 smb:3390 d:- ref:0 ;
in:1272 out:1269 type:P dur:2 cpbdur:2 q:36.94 aq:31.67 tex:30939 mv:5676 misc:2249 imb:220 pmb:773 smb:2607 d:- ref:0 ;
in:1270 out:1270 type:B dur:2 cpbdur:2 q:36.96 aq:37.30 tex:1429 mv:1092 misc:919 imb:6 pmb:143 smb:3451 d:- ref:0 ;
in:1269 out:1271 type:b dur:2 cpbdur:2 q:36.97 aq:40.41 tex:1754 mv:905 misc:813 imb:34 pmb:123 smb:3443 d:- ref:0 ;
in:1271 out:1272 type:b dur:2 cpbdur:2 q:36.95 aq:39.85 tex:1611 mv:715 misc:762 imb:30 pmb:99 smb:3471 d:- ref:0 ;
in:1276 out:1273 type:P dur:2 cpbdur:2 q:37.02 aq:31.57 tex:27935 mv:5153 misc:2168 imb:171 pmb:729 smb:2700 d:- ref:0 ;
in:1274 out:1274 type:B dur:2 cpbdur:2 q:36.98 aq:36.38 tex:1442 mv:1270 misc:888 imb:6 pmb:160 smb:3434 d:- ref:0 ;
in:1273 out:1275 type:b dur:2 cpbdur:2 q:36.96 aq:37.11 tex:1458 mv:780 misc:738 imb:39 pmb:78 smb:3483 d:- ref:0 ;
in:1275 out:1276 type:b dur:2 cpbdur:2 q:37.00 aq:41.50 tex:1500 mv:555 misc:681 imb:18 pmb:99 smb:3483 d:- ref:0 ;
in:1280 out:1277 type:P dur:2 cpbdur:2 q:37.00 aq:32.93 tex:29011 mv:5690 misc:2275 imb:230 pmb:741 smb:2629 d:- ref:0 ;
in:1278 out:1278 type:B dur:2 cpbdur:2 q:37.01 aq:37.19 tex:1910 mv:1378 misc:992 imb:25 pmb:164 smb:3411 d:- ref:0 ;
in:1277 out:1279 type:b dur:2 cpbdur:2 q:37.02 aq:37.57 tex:1415 mv:489 misc:688 imb:13 pmb:72 smb:3515 d:- ref:0 ;
in:1279 out:1280 type:b dur:2 cpbdur:2 q:37.01 aq:40.33 tex:1100 mv:583 misc:661 imb:28 pmb:84 smb:3488 d:- ref:0 ;
in:1284 out:1281 type:P dur:2 cpbdur:2 q:36.98 aq:32.24 tex:33065 mv:5971 misc:2132 imb:192 pmb:818 smb:2590 d:- ref:0 ;
in:1282 out:1282 type:B dur:2 cpbdur:2 q:36.99 aq:36.37 tex:2859 mv:1714 misc:1115 imb:65 pmb:179 smb:3356 d:- ref:0 ;
in:1281 out:1283 type:b dur:2 cpbdur:2 q:37.00 aq:38.99 tex:1017 mv:743 misc:736 imb:41 pmb:84 smb:3475 d:- ref:0 ;
in:1283 out:1284 type:b dur:2 cpbdur:2 q:36.98 aq:38.29 tex:1375 mv:752 misc:745 imb:32 pmb:98 smb:3470 d:- ref:0 ;
in:1288 out:1285 type:P dur:2 cpbdur:2 q:36.94 aq:31.34 tex:30466 mv:5824 misc:2254 imb:233 pmb:735 smb:2632 d:- ref:0 ;
in:1286 out:1286 type:B dur:2 cpbdur:2 q:36.96 aq:38.89 tex:1999 mv:1573 misc:1076 imb:54 pmb:165 smb:3381 d:- ref:0 ;
in:1285 out:1287 type:b dur:2 cpbdur:2 q:36.97 aq:39.58 tex:1049 mv:660 misc:667 imb:34 pmb:70 smb:3496 d:- ref:0 ;
in:1287 out:1288 type:b dur:2 cpbdur:2 q:36.95 aq:38.34 tex:1204 mv:614 misc:678 imb:26 pmb:84 smb:3490 d:- ref:0 ;
in:1292 out:1289 type:P dur:2 cpbdur:2 q:36.90 aq:31.72 tex:32836 mv:5997 misc:2247 imb:239 pmb:807 smb:2554 d:- ref:0 ;
in:1290 out:1290 type:B dur:2 cpbdur:2 q:36.92 aq:36.41 tex:1829 mv:1238 misc:965 imb:30 pmb:160 smb:3410 d:- ref:0 ;
in:1289 out:1291 type:b dur:2 cpbdur:2 q:36.93 aq:40.81 tex:1101 mv:524 misc:623 imb:30 pmb:64 smb:3506 d:- ref:0 ;
in:1291 out:1292 type:b dur:2 cpbdur:2 q:36.91 aq:40.07 tex:1069 mv:599 misc:660 imb:19 pmb:84 smb:3497 d:- ref:0 ;
in:1296 out:1293 type:P dur:2 cpbdur:2 q:36.86 aq:30.93 tex:31299 mv:6062 misc:2327 imb:242 pmb:811 smb:2547 d:- ref:0 ;
in:1294 out:1294 type:B dur:2 cpbdur:2 q:36.88 aq:39.18 tex:3165 mv:1306 misc:1041 imb:40 pmb:167 smb:3393 d:- ref:0 ;
in:1293 out:1295 type:b dur:2 cpbdur:2 q:36.89 aq:39.15 tex:1066 mv:486 misc:624 imb:23 pmb:68 smb:3509 d:- ref:0 ;
in:1295 out:1296 type:b dur:2 cpbdur:2 q:36.87 aq:38.55 tex:926 mv:446 misc:572 imb:36 pmb:43 smb:3521 d:- ref:0 ;
in:1300 out:1297 type:P dur:2 cpbdur:2 q:36.83 aq:31.75 tex:26283 mv:5212 misc:2201 imb:177 pmb:758 smb:2665 d:- ref:0 ;
in:1298 out:1298 type:B dur:2 cpbdur:2 q:36.85 aq:37.91 tex:4067 mv:1620 misc:1185 imb:49 pmb:221 smb:3330 d:- ref:0 ;
in:1297 out:1299 type:b dur:2 cpbdur:2 q:36.85 aq:40.90 tex:1152 mv:619 misc:701 imb:25 pmb:102 smb:3473 d:- ref:0 ;
in:1299 out:1300 type:b dur:2 cpbdur:2 q:36.84 aq:38.49 tex:895 mv:319 misc:634 imb:4 pmb:85 smb:3511 d:- ref:0 ;
in:1304 out:1301 type:P dur:2 cpbdur:2 q:36.79 aq:32.47 tex:30350 mv:5873 misc:2249 imb:236 pmb:784 smb:2580 d:- ref:0 ;
in:1302 out:1302 type:B dur:2 cpbdur:2 q:36.81 aq:37.43 tex:4078 mv:1584 misc:1162 imb:43 pmb:215 smb:3342 d:- ref:0 ;
in:1301 out:1303 type:b dur:2 cpbdur:2 q:36.82 aq:38.83 tex:559 mv:438 misc:515 imb:18 pmb:40 smb:3542 d:- ref:0 ;
in:1303 out:1304 type:b dur:2 cpbdur:2 q:36.80 aq:38.57 tex:800 mv:518 misc:618 imb:27 pmb:60 smb:3513 d:- ref:0 ;
in:1308 out:1305 type:P dur:2 cpbdur:2 q:36.75 aq:33.40 tex:29574 mv:5386 misc:2232 imb:177 pmb:780 smb:2643 d:- ref:0 ;
in:1306 out:1306 type:B dur:2 cpbdur:2 q:36.77 aq:37.81 tex:4203 mv:1514 misc:1163 imb:47 pmb:219 smb:3334 d:- ref:0 ;
in:1305 out:1307 type:b dur:2 cpbdur:2 q:36.78 aq:37.65 tex:321 mv:124 misc:403 imb:1 pmb:36 smb:3563 d:- ref:0 ;
in:1307 out:1308 type:b dur:2 cpbdur:2 q:36.76 aq:37.29 tex:326 mv:217 misc:513 imb:1 pmb:65 smb:3534 d:- ref:0 ;
in:1312 out:1309 type:P dur:2 cpbdur:2 q:36.70 aq:33.09 tex:31478 mv:5994 misc:2288 imb:211 pmb:841 smb:2548 d:- ref:0 ;
in:1310 out:1310 type:B dur:2 cpbdur:2 q:36.73 aq:37.56 tex:4555 mv:1559 misc:1174 imb:70 pmb:204 smb:3326 d:- ref:0 ;
in:1309 out:1311 type:b dur:2 cpbdur:2 q:36.74 aq:35.94 tex:640 mv:364 misc:596 imb:8 pmb:70 smb:3522 d:- ref:0 ;
in:1311 out:1312 type:b dur:2 cpbdur:2 q:36.71 aq:36.48 tex:831 mv:540 misc:573 imb:27 pmb:74 smb:3499 d:- ref:0 ;
in:1316 out:1313 type:P dur:2 cpbdur:2 q:36.67 aq:33.23 tex:29743 mv:5577 misc:2208 imb:206 pmb:805 smb:2589 d:- ref:0 ;
in:1314 out:1314 type:B dur:2 cpbdur:2 q:36.69 aq:38.24 tex:2946 mv:1213 misc:1057 imb:24 pmb:217 smb:3359 d:- ref:0 ;
in:1313 out:1315 type:b dur:2 cpbdur:2 q:36.70 aq:36.75 tex:228 mv:252 misc:496 imb:3 pmb:65 smb:3532 d:- ref:0 ;
in:1315 out:1316 type:b dur:2 cpbdur:2 q:36.68 aq:33.97 tex:534 mv:237 misc:485 imb:2 pmb:64 smb:3534 d:- ref:0 ;
in:1319 out:1317 type:P dur:2 cpbdur:2 q:36.63 aq:37.69 tex:3285 mv:2986 misc:1665 imb:127 pmb:373 smb:3100 d:- ref:0 ;
in:1317 out:1318 type:B dur:2 cpbdur:2 q:36.66 aq:38.97 tex:1527 mv:1131 misc:870 imb:44 pmb:141 smb:3415 d:- ref:0 ;
in:1318 out:1319 type:b dur:2 cpbdur:2 q:36.64 aq:39.45 tex:1745 mv:784 misc:911 imb:11 pmb:167 smb:3422 d:- ref:0 ;
in:1320 out:1320 type:I dur:2 cpbdur:2 q:33.88 aq:26.10 tex:322330 mv:56447 misc:519 imb:3600 pmb:0 smb:0 d:- ref:;
in:1324 out:1321 type:P dur:2 cpbdur:2 q:36.90 aq:33.57 tex:33333 mv:5889 misc:2074 imb:237 pmb:789 smb:2574 d:- ref:0 ;
in:1322 out:1322 type:B dur:2 cpbdur:2 q:36.90 aq:38.58 tex:2234 mv:2165 misc:1321 imb:42 pmb:270 smb:3288 d:- ref:0 ;
in:1321 out:1323 type:b dur:2 cpbdur:2 q:36.90 aq:40.52 tex:1100 mv:576 misc:676 imb:14 pmb:86 smb:3500 d:- ref:0 ;
in:1323 out:1324 type:b dur:2 cpbdur:2 q:36.90 aq:37.05 tex:794 mv:628 misc:666 imb:14 pmb:104 smb:3482 d:- ref:0 ;
in:1328 out:1325 type:P dur:2 cpbdur:2 q:36.87 aq:30.14 tex:27880 mv:5858 misc:2174 imb:221 pmb:774 smb:2605 d:- ref:0 ;
in:1326 out:1326 type:B dur:2 cpbdur:2 q:36.89 aq:38.39 tex:2634 mv:2267 misc:1283 imb:55 pmb:245 smb:3300 d:- ref:0 ;
in:1325 out:1327 type:b dur:2 cpbdur:2 q:36.90 aq:39.10 tex:1471 mv:721 misc:712 imb:32 pmb:76 smb:3492 d:- ref:0 ;
in:1327 out:1328 type:b dur:2 cpbdur:2 q:36.88 aq:40.21 tex:1284 mv:659 misc:729 imb:15 pmb:94 smb:3491 d:- ref:0 ;
in:1332 out:1329 type:P dur:2 cpbdur:2 q:36.82 aq:31.33 tex:37548 mv:6058 misc:2242 imb:233 pmb:792 smb:2575 d:- ref:0 ;
in:1330 out:1330 type:B dur:2 cpbdur:2 q:36.84 aq:33.24 tex:1025 mv:1980 misc:1307 imb:33 pmb:262 smb:3305 d:- ref:0 ;
in:1329 out:1331 type:b dur:2 cpbdur:2 q:36.86 aq:38.97 tex:1626 mv:924 misc:802 imb:47 pmb:99 smb:3454 d:- ref:0 ;
in:1331 out:1332 type:b dur:2 cpbdur:2 q:36.83 aq:39.36 tex:1546 mv:791 misc:719 imb:47 pmb:82 smb:3471 d:- ref:0 ;
in:1336 out:1333 type:P dur:2 cpbdur:2 q:36.90 aq:33.38 tex:32668 mv:6330 misc:2242 imb:223 pmb:808 smb:2569 d:- ref:0 ;
in:1334 out:1334 type:B dur:2 cpbdur:2 q:36.86 aq:34.51 tex:1382 mv:2268 misc:1230 imb:66 pmb:222 smb:3312 d:- ref:0 ;
in:1333 out:1335 type:b dur:2 cpbdur:2 q:36.84 aq:40.72 tex:1397 mv:707 misc:696 imb:26 pmb:84 smb:3490 d:- ref:0 ;
in:1335 out:1336 type:b dur:2 cpbdur:2 q:36.88 aq:40.96 tex:1953 mv:634 misc:749 imb:30 pmb:91 smb:3479 d:- ref:0 ;
in:1340 out:1337 type:P dur:2 cpbdur:2 q:36.86 aq:32.78 tex:28390 mv:5449 misc:2225 imb:221 pmb:738 smb:2641 d:- ref:0 ;
in:1338 out:1338 type:B dur:2 cpbdur:2 q:36.88 aq:28.98 tex:1216 mv:1701 misc:1083 imb:33 pmb:191 smb:3376 d:- ref:0 ;
in:1337 out:1339 type:b dur:2 cpbdur:2 q:36.89 aq:41.31 tex:1618 mv:582 misc:720 imb:30 pmb:81 smb:3489 d:- ref:0 ;
in:1339 out:1340 type:b dur:2 cpbdur:2 q:36.87 aq:40.28 tex:1686 mv:661 misc:765 imb:33 pmb:95 smb:3472 d:- ref:0 ;
in:1344 out:1341 type:P dur:2 cpbdur:2 q:36.83 aq:29.08 tex:35596 mv:6488 misc:2340 imb:273 pmb:745 smb:2582 d:- ref:0 ;
in:1342 out:1342 type:B dur:2 cpbdur:2 q:36.84 aq:34.48 tex:1903 mv:2166 misc:1155 imb:72 pmb:201 smb:3327 d:- ref:0 ;
in:1341 out:1343 type:b dur:2 cpbdur:2 q:36.85 aq:39.75 tex:1588 mv:1007 misc:821 imb:42 pmb:109 smb:3449 d:- ref:0 ;
in:1343 out:1344 type:b dur:2 cpbdur:2 q:36.84 aq:40.59 tex:1633 mv:839 misc:816 imb:35 pmb:100 smb:3465 d:- ref:0 ;
in:1348 out:1345 type:P dur:2 cpbdur:2 q:36.81 aq:28.28 tex:34639 mv:6645 misc:2252 imb:275 pmb:820 smb:2505 d:- ref:0 ;
in:1346 out:1346 type:B dur:2 cpbdur:2 q:36.82 aq:35.38 tex:1008 mv:1874 misc:1006 imb:40 pmb:172 smb:3388 d:- ref:0 ;
in:1345 out:1347 type:b dur:2 cpbdur:2 q:36.83 aq:39.17 tex:1898 mv:1079 misc:887 imb:31 pmb:136 smb:3433 d:- ref:0 ;
in:1347 out:1348 type:b dur:2 cpbdur:2 q:36.81 aq:40.81 tex:2141 mv:895 misc:852 imb:42 pmb:111 smb:3447 d:- ref:0 ;
in:1352 out:1349 type:P dur:2 cpbdur:2 q:36.77 aq:30.64 tex:46222 mv:7374 misc:2460 imb:281 pmb:918 smb:2401 d:- ref:0 ;
in:1350 out:1350 type:B dur:2 cpbdur:2 q:36.79 aq:36.80 tex:1144 mv:2304 misc:1280 imb:37 pmb:268 smb:3295 d:- ref:0 ;
in:1349 out:1351 type:b dur:2 cpbdur:2 q:36.80 aq:40.60 tex:2327 mv:866 misc:839 imb:28 pmb:123 smb:3449 d:- ref:0 ;
in:1351 out:1352 type:b dur:2 cpbdur:2 q:36.78 aq:40.51 tex:2095 mv:1043 misc:958 imb:46 pmb:164 smb:3390 d:- ref:0 ;
in:1356 out:1353 type:P dur:2 cpbdur:2 q:36.75 aq:30.00 tex:35398 mv:6792 misc:2338 imb:264 pmb:885 smb:2451 d:- ref:0 ;
in:1354 out:1354 type:B dur:2 cpbdur:2 q:36.76 aq:36.78 tex:1684 mv:1927 misc:1077 imb:56 pmb:165 smb:3379 d:- ref:0 ;
in:1353 out:1355 type:b dur:2 cpbdur:2 q:36.76 aq:40.72 tex:2026 mv:1005 misc:857 imb:42 pmb:118 smb:3440 d:- ref:0 ;
in:1355 out:1356 type:b dur:2 cpbdur:2 q:36.75 aq:40.34 tex:2310 mv:803 misc:863 imb:37 pmb:129 smb:3434 d:- ref:0 ;
in:1360 out:1357 type:P dur:2 cpbdur:2 q:36.72 aq:30.10 tex:44021 mv:7888 misc:2259 imb:360 pmb:922 smb:2318 d:- ref:0 ;
in:1358 out:1358 type:B dur:2 cpbdur:2 q:36.73 aq:35.73 tex:1616 mv:2262 misc:1178 imb:63 pmb:213 smb:3324 d:- ref:0 ;
in:1357 out:1359 type:b dur:2 cpbdur:2 q:36.74 aq:40.30 tex:2424 mv:926 misc:874 imb:32 pmb:136 smb:3432 d:- ref:0 ;
in:1359 out:1360 type:b dur:2 cpbdur:2 q:36.73 aq:39.65 tex:2158 mv:854 misc:900 imb:20 pmb:182 smb:3398 d:- ref:0 ;
in:1364 out:1361 type:P dur:2 cpbdur:2 q:36.72 aq:29.78 tex:43178 mv:7654 misc:2336 imb:344 pmb:885 smb:2371 d:- ref:0 ;
in:1362 out:1362 type:B dur:2 cpbdur:2 q:36.72 aq:36.40 tex:1750 mv:2499 misc:1359 imb:44 pmb:337 smb:3219 d:- ref:0 ;
in:1361 out:1363 type:b dur:2 cpbdur:2 q:36.72 aq:38.12 tex:2717 mv:2369 misc:1418 imb:59 pmb:325 smb:3216 d:- ref:0 ;
in:1363 out:1364 type:b dur:2 cpbdur:2 q:36.72 aq:39.70 tex:2272 mv:723 misc:717 imb:36 pmb:102 smb:3462 d:- ref:0 ;
in:1368 out:1365 type:P dur:2 cpbdur:2 q:36.69 aq:30.53 tex:45403 mv:5463 misc:2542 imb:277 pmb:776 smb:2547 d:- ref:0 ;
in:1366 out:1366 type:B dur:2 cpbdur:2 q:36.70 aq:36.63 tex:1593 mv:2020 misc:1147 imb:54 pmb:201 smb:3345 d:- ref:0 ;
in:1365 out:1367 type:b dur:2 cpbdur:2 q:36.71 aq:39.95 tex:2258 mv:885 misc:857 imb:42 pmb:126 smb:3432 d:- ref:0 ;
in:1367 out:1368 type:b dur:2 cpbdur:2 q:36.70 aq:40.26 tex:1904 mv:771 misc:869 imb:20 pmb:168 smb:3412 d:- ref:0 ;
in:1372 out:1369 type:P dur:2 cpbdur:2 q:36.68 aq:29.56 tex:24425 mv:4547 misc:2356 imb:208 pmb:677 smb:2715 d:- ref:0 ;
in:1370 out:1370 type:B dur:2 cpbdur:2 q:36.68 aq:35.97 tex:1586 mv:2055 misc:1087 imb:63 pmb:178 smb:3359 d:- ref:0 ;
in:1369 out:1371 type:b dur:2 cpbdur:2 q:36.68 aq:39.65 tex:2553 mv:911 misc:848 imb:36 pmb:135 smb:3429 d:- ref:0 ;
in:1371 out:1372 type:b dur:2 cpbdur:2 q:36.68 aq:41.04 tex:2428 mv:801 misc:787 imb:29 pmb:120 smb:3451 d:- ref:0 ;
in:1376 out:1373 type:P dur:2 cpbdur:2 q:36.65 aq:28.06 tex:27191 mv:4491 misc:2350 imb:234 pmb:633 smb:2733 d:- ref:0 ;
in:1374 out:1374 type:B dur:2 cpbdur:2 q:36.66 aq:34.45 tex:761 mv:1582 misc:969 imb:56 pmb:146 smb:3398 d:- ref:0 ;
in:1373 out:1375 type:b dur:2 cpbdur:2 q:36.67 aq:40.00 tex:2701 mv:706 misc:801 imb:28 pmb:122 smb:3450 d:- ref:0 ;
in:1375 out:1376 type:b dur:2 cpbdur:2 q:36.66 aq:40.22 tex:2318 mv:854 misc:828 imb:39 pmb:134 smb:3427 d:- ref:0 ;
in:1379 out:1377 type:P dur:2 cpbdur:2 q:36.64 aq:39.26 tex:3703 mv:2208 misc:1625 imb:117 pmb:343 smb:3140 d:- ref:0 ;
in:1377 out:1378 type:B dur:2 cpbdur:2 q:36.65 aq:37.93 tex:1344 mv:685 misc:707 imb:24 pmb:81 smb:3495 d:- ref:0 ;
in:1378 out:1379 type:b dur:2 cpbdur:2 q:36.65 aq:40.29 tex:996 mv:657 misc:555 imb:39 pmb:47 smb:3514 d:- ref:0 ;
in:1380 out:1380 type:I dur:2 cpbdur:2 q:33.81 aq:25.17 tex:348175 mv:57938 misc:519 imb:3600 pmb:0 smb:0 d:- ref:;
in:1384 out:1381 type:P dur:2 cpbdur:2 q:36.94 aq:32.45 tex:9393 mv:2202 misc:1517 imb:101 pmb:365 smb:3134 d:- ref:0 ;
in:1382 out:1382 type:B dur:2 cpbdur:2 q:36.94 aq:38.56 tex:781 mv:1230 misc:765 imb:24 pmb:128 smb:3448 d:- ref:0 ;
in:1381 out:1383 type:b dur:2 cpbdur:2 q:36.94 aq:41.23 tex:2053 mv:590 misc:749 imb:28 pmb:102 smb:3470 d:- ref:0 ;
in:1383 out:1384 type:b dur:2 cpbdur:2 q:36.94 aq:40.84 tex:2066 mv:736 misc:806 imb:35 pmb:118 smb:3447 d:- ref:0 ;
in:1388 out:1385 type:P dur:2 cpbdur:2 q:36.89 aq:30.32 tex:10063 mv:2508 misc:1541 imb:134 pmb:363 smb:3103 d:- ref:0 ;
in:1386 out:1386 type:B dur:2 cpbdur:2 q:36.92 aq:33.20 tex:1148 mv:1500 misc:896 imb:30 pmb:172 smb:3398 d:- ref:0 ;
in:1385 out:1387 type:b dur:2 cpbdur:2 q:36.93 aq:40.72 tex:2256 mv:797 misc:771 imb:43 pmb:105 smb:3452 d:- ref:0 ;
in:1387 out:1388 type:b dur:2 cpbdur:2 q:36.91 aq:40.01 tex:2266 mv:863 misc:879 imb:48 pmb:122 smb:3430 d:- ref:0 ;
in:1392 out:1389 type:P dur:2 cpbdur:2 q:36.82 aq:31.40 tex:12458 mv:2641 misc:1749 imb:156 pmb:370 smb:3074 d:- ref:0 ;
in:1390 out:1390 type:B dur:2 cpbdur:2 q:36.86 aq:27.53 tex:745 mv:1202 misc:861 imb:12 pmb:130 smb:3458 d:- ref:0 ;
in:1389 out:1391 type:b dur:2 cpbdur:2 q:36.88 aq:37.70 tex:2058 mv:851 misc:835 imb:43 pmb:105 smb:3452 d:- ref:0 ;
in:1391 out:1392 type:b dur:2 cpbdur:2 q:36.84 aq:39.82 tex:2203 mv:731 misc:818 imb:29 pmb:129 smb:3442 d:- ref:0 ;
in:1396 out:1393 type:P dur:2 cpbdur:2 q:36.85 aq:31.61 tex:12195 mv:3001 misc:1788 imb:147 pmb:439 smb:3014 d:- ref:0 ;
in:1394 out:1394 type:B dur:2 cpbdur:2 q:36.84 aq:33.64 tex:1314 mv:1398 misc:832 imb:45 pmb:126 smb:3429 d:- ref:0 ;
in:1393 out:1395 type:b dur:2 cpbdur:2 q:36.83 aq:39.09 tex:3030 mv:878 misc:892 imb:42 pmb:140 smb:3418 d:- ref:0 ;
in:1395 out:1396 type:b dur:2 cpbdur:2 q:36.85 aq:40.15 tex:2789 mv:840 misc:883 imb:41 pmb:129 smb:3430 d:- ref:0 ;
in:1400 out:1397 type:P dur:2 cpbdur:2 q:36.78 aq:30.50 tex:12441 mv:3331 misc:1900 imb:168 pmb:440 smb:2992 d:- ref:0 ;
in:1398 out:1398 type:B dur:2 cpbdur:2 q:36.82 aq:36.83 tex:868 mv:1561 misc:963 imb:38 pmb:154 smb:3408 d:- ref:0 ;
in:1397 out:1399 type:b dur:2 cpbdur:2 q:36.83 aq:39.85 tex:2906 mv:878 misc:912 imb:45 pmb:133 smb:3422 d:- ref:0 ;
in:1399 out:1400 type:b dur:2 cpbdur:2 q:36.80 aq:39.18 tex:2668 mv:1128 misc:996 imb:52 pmb:158 smb:3390 d:- ref:0 ;
in:1404 out:1401 type:P dur:2 cpbdur:2 q:36.71 aq:31.56 tex:13357 mv:3446 misc:2045 imb:182 pmb:507 smb:2911 d:- ref:0 ;
in:1402 out:1402 type:B dur:2 cpbdur:2 q:36.74 aq:34.17 tex:691 mv:1221 misc:928 imb:20 pmb:132 smb:3448 d:- ref:0 ;
in:1401 out:1403 type:b dur:2 cpbdur:2 q:36.76 aq:39.32 tex:2806 mv:922 misc:920 imb:42 pmb:127 smb:3431 d:- ref:0 ;
in:1403 out:1404 type:b dur:2 cpbdur:2 q:36.73 aq:40.09 tex:2618 mv:830 misc:848 imb:34 pmb:125 smb:3441 d:- ref:0 ;
in:1408 out:1405 type:P dur:2 cpbdur:2 q:36.65 aq:31.20 tex:11712 mv:3194 misc:1918 imb:191 pmb:420 smb:2989 d:- ref:0 ;
in:1406 out:1406 type:B dur:2 cpbdur:2 q:36.68 aq:34.38 tex:1067 mv:1665 misc:1004 imb:55 pmb:156 smb:3389 d:- ref:0 ;
in:1405 out:1407 type:b dur:2 cpbdur:2 q:36.70 aq:39.34 tex:3345 mv:1158 misc:1009 imb:65 pmb:151 smb:3384 d:- ref:0 ;
in:1407 out:1408 type:b dur:2 cpbdur:2 q:36.66 aq:39.40 tex:2840 mv:896 misc:928 imb:32 pmb:169 smb:3399 d:- ref:0 ;
in:1412 out:1409 type:P dur:2 cpbdur:2 q:36.59 aq:31.27 tex:12141 mv:3450 misc:1825 imb:195 pmb:449 smb:2956 d:- ref:0 ;
in:1410 out:1410 type:B dur:2 cpbdur:2 q:36.62 aq:32.75 tex:674 mv:1614 misc:976 imb:37 pmb:184 smb:3379 d:- ref:0 ;
in:1409 out:1411 type:b dur:2 cpbdur:2 q:36.63 aq:39.04 tex:2983 mv:934 misc:859 imb:36 pmb:151 smb:3413 d:- ref:0 ;
in:1411 out:1412 type:b dur:2 cpbdur:2 q:36.60 aq:40.23 tex:2625 mv:907 misc:916 imb:33 pmb:158 smb:3409 d:- ref:0 ;
in:1416 out:1413 type:P dur:2 cpbdur:2 q:36.53 aq:28.80 tex:11991 mv:3764 misc:2085 imb:219 pmb:460 smb:2921 d:- ref:0 ;
in:1414 out:1414 type:B dur:2 cpbdur:2 q:36.56 aq:34.77 tex:860 mv:1335 misc:941 imb:8 pmb:168 smb:3424 d:- ref:0 ;
in:1413 out:1415 type:b dur:2 cpbdur:2 q:36.57 aq:40.24 tex:3034 mv:1030 misc:904 imb:43 pmb:142 smb:3415 d:- ref:0 ;
in:1415 out:1416 type:b dur:2 cpbdur:2 q:36.54 aq:39.71 tex:2572 mv:969 misc:819 imb:35 pmb:141 smb:3424 d:- ref:0 ;
in:1420 out:1417 type:P dur:2 cpbdur:2 q:36.46 aq:30.84 tex:26182 mv:6300 misc:2318 imb:277 pmb:681 smb:2642 d:- ref:0 ;
in:1418 out:1418 type:B dur:2 cpbdur:2 q:36.49 aq:36.42 tex:1422 mv:2915 misc:1335 imb:58 pmb:286 smb:3256 d:- ref:0 ;
in:1417 out:1419 type:b dur:2 cpbdur:2 q:36.51 aq:39.67 tex:3309 mv:2076 misc:1367 imb:41 pmb:340 smb:3219 d:- ref:0 ;
in:1419 out:1420 type:b dur:2 cpbdur:2 q:36.48 aq:40.52 tex:3056 mv:1066 misc:910 imb:36 pmb:164 smb:3400 d:- ref:0 ;
in:1424 out:1421 type:P dur:2 cpbdur:2 q:36.41 aq:30.97 tex:34061 mv:6737 misc:2218 imb:278 pmb:847 smb:2475 d:- ref:0 ;
in:1422 out:1422 type:B dur:2 cpbdur:2 q:36.44 aq:36.33 tex:2759 mv:2411 misc:1174 imb:56 pmb:211 smb:3333 d:- ref:0 ;
in:1421 out:1423 type:b dur:2 cpbdur:2 q:36.45 aq:39.96 tex:3585 mv:896 misc:919 imb:39 pmb:143 smb:3418 d:- ref:0 ;
in:1423 out:1424 type:b dur:2 cpbdur:2 q:36.43 aq:39.71 tex:2925 mv:1225 misc:1002 imb:51 pmb:142 smb:3407 d:- ref:0 ;
in:1428 out:1425 type:P dur:2 cpbdur:2 q:36.37 aq:32.32 tex:29409 mv:5732 misc:2147 imb:199 pmb:726 smb:2675 d:- ref:0 ;
in:1426 out:1426 type:B dur:2 cpbdur:2 q:36.39 aq:36.14 tex:2402 mv:2061 misc:1209 imb:21 pmb:228 smb:3351 d:- ref:0 ;
in:1425 out:1427 type:b dur:2 cpbdur:2 q:36.40 aq:38.98 tex:2638 mv:974 misc:900 imb:45 pmb:126 smb:3429 d:- ref:0 ;
in:1427 out:1428 type:b dur:2 cpbdur:2 q:36.38 aq:40.01 tex:2782 mv:895 misc:915 imb:34 pmb:134 smb:3432 d:- ref:0 ;
in:1432 out:1429 type:P dur:2 cpbdur:2 q:36.34 aq:30.12 tex:34126 mv:6878 misc:2276 imb:286 pmb:841 smb:2473 d:- ref:0 ;
in:1430 out:1430 type:B dur:2 cpbdur:2 q:36.36 aq:37.01 tex:2226 mv:2384 misc:1214 imb:53 pmb:228 smb:3319 d:- ref:0 ;
in:1429 out:1431 type:b dur:2 cpbdur:2 q:36.36 aq:40.22 tex:3303 mv:991 misc:922 imb:42 pmb:153 smb:3405 d:- ref:0 ;
in:1431 out:1432 type:b dur:2 cpbdur:2 q:36.35 aq:40.71 tex:2432 mv:954 misc:918 imb:45 pmb:129 smb:3426 d:- ref:0 ;
in:1436 out:1433 type:P dur:2 cpbdur:2 q:36.33 aq:32.52 tex:37331 mv:7203 misc:2330 imb:249 pmb:891 smb:2460 d:- ref:0 ;
in:1434 out:1434 type:B dur:2 cpbdur:2 q:36.34 aq:38.11 tex:2841 mv:2116 misc:1155 imb:41 pmb:213 smb:3346 d:- ref:0 ;
in:1433 out:1435 type:b dur:2 cpbdur:2 q:36.34 aq:40.46 tex:2692 mv:893 misc:871 imb:45 pmb:122 smb:3433 d:- ref:0 ;
in:1435 out:1436 type:b dur:2 cpbdur:2 q:36.34 aq:40.70 tex:2111 mv:1002 misc:879 imb:35 pmb:138 smb:3427 d:- ref:0 ;
in:1439 out:1437 type:P dur:2 cpbdur:2 q:36.32 aq:36.92 tex:6488 mv:3625 misc:1815 imb:170 pmb:420 smb:3010 d:- ref:0 ;
in:1437 out:1438 type:B dur:2 cpbdur:2 q:36.33 aq:38.42 tex:2288 mv:1159 misc:913 imb:30 pmb:161 smb:3409 d:- ref:0 ;
in:1438 out:1439 type:b dur:2 cpbdur:2 q:36.32 aq:37.48 tex:1890 mv:819 misc:795 imb:37 pmb:96 smb:3467 d:- ref:0 ;
in:1440 out:1440 type:I dur:2 cpbdur:2 q:33.56 aq:25.53 tex:326456 mv:56066 misc:534 imb:3600 pmb:0 smb:0 d:- ref:;
in:1444 out:1441 type:P dur:2 cpbdur:2 q:36.61 aq:32.34 tex:29747 mv:5326 misc:2023 imb:187 pmb:731 smb:2682 d:- ref:0 ;
in:1442 out:1442 type:B dur:2 cpbdur:2 q:36.61 aq:34.32 tex:1828 mv:2104 misc:1060 imb:49 pmb:186 smb:3365 d:- ref:0 ;
in:1441 out:1443 type:b dur:2 cpbdur:2 q:36.61 aq:41.05 tex:2767 mv:1107 misc:894 imb:44 pmb:131 smb:3425 d:- ref:0 ;
in:1443 out:1444 type:b dur:2 cpbdur:2 q:36.61 aq:40.76 tex:2911 mv:996 misc:933 imb:37 pmb:144 smb:3419 d:- ref:0 ;
in:1448 out:1445 type:P dur:2 cpbdur:2 q:36.59 aq:32.38 tex:23605 mv:5837 misc:2206 imb:220 pmb:775 smb:2605 d:- ref:0 ;
in:1446 out:1446 type:B dur:2 cpbdur:2 q:36.60 aq:36.25 tex:2535 mv:2071 misc:1050 imb:44 pmb:200 smb:3356 d:- ref:0 ;
in:1445 out:1447 type:b dur:2 cpbdur:2 q:36.60 aq:40.70 tex:2846 mv:1118 misc:972 imb:44 pmb:156 smb:3400 d:- ref:0 ;
in:1447 out:1448 type:b dur:2 cpbdur:2 q:36.59 aq:40.04 tex:2540 mv:1030 misc:870 imb:44 pmb:126 smb:3430 d:- ref:0 ;
in:1452 out:1449 type:P dur:2 cpbdur:2 q:36.54 aq:32.51 tex:24711 mv:5899 misc:2286 imb:238 pmb:740 smb:2622 d:- ref:0 ;
in:1450 out:1450 type:B dur:2 cpbdur:2 q:36.56 aq:32.27 tex:1839 mv:1879 misc:1082 imb:35 pmb:188 smb:3377 d:- ref:0 ;
in:1449 out:1451 type:b dur:2 cpbdur:2 q:36.57 aq:40.26 tex:2246 mv:998 misc:892 imb:40 pmb:139 smb:3421 d:- ref:0 ;
in:1451 out:1452 type:b dur:2 cpbdur:2 q:36.55 aq:40.18 tex:2797 mv:855 misc:860 imb:42 pmb:139 smb:3419 d:- ref:0 ;
in:1456 out:1453 type:P dur:2 cpbdur:2 q:36.61 aq:33.19 tex:30773 mv:6116 misc:2159 imb:229 pmb:812 smb:2559 d:- ref:0 ;
in:1454 out:1454 type:B dur:2 cpbdur:2 q:36.57 aq:37.17 tex:2204 mv:2060 misc:1208 imb:35 pmb:236 smb:3329 d:- ref:0 ;
in:1453 out:1455 type:b dur:2 cpbdur:2 q:36.56 aq:40.42 tex:2431 mv:908 misc:869 imb:24 pmb:146 smb:3430 d:- ref:0 ;
in:1455 out:1456 type:b dur:2 cpbdur:2 q:36.59 aq:40.86 tex:2293 mv:965 misc:838 imb:31 pmb:138 smb:3431 d:- ref:0 ;
in:1460 out:1457 type:P dur:2 cpbdur:2 q:36.57 aq:31.95 tex:38619 mv:6524 misc:2313 imb:280 pmb:840 smb:2480 d:- ref:0 ;
in:1458 out:1458 type:B dur:2 cpbdur:2 q:36.59 aq:35.03 tex:2576 mv:1994 misc:1246 imb:35 pmb:242 smb:3323 d:- ref:0 ;
in:1457 out:1459 type:b dur:2 cpbdur:2 q:36.60 aq:40.43 tex:2265 mv:881 misc:870 imb:37 pmb:138 smb:3425 d:- ref:0 ;
in:1459 out:1460 type:b dur:2 cpbdur:2 q:36.58 aq:39.95 tex:2074 mv:751 misc:879 imb:20 pmb:148 smb:3432 d:- ref:0 ;
in:1464 out:1461 type:P dur:2 cpbdur:2 q:36.54 aq:32.28 tex:35075 mv:6850 misc:2259 imb:272 pmb:873 smb:2455 d:- ref:0 ;
in:1462 out:1462 type:B dur:2 cpbdur:2 q:36.55 aq:36.11 tex:2342 mv:1661 misc:1069 imb:14 pmb:192 smb:3394 d:- ref:0 ;
in:1461 out:1463 type:b dur:2 cpbdur:2 q:36.56 aq:39.68 tex:1626 mv:907 misc:811 imb:29 pmb:126 smb:3445 d:- ref:0 ;
in:1463 out:1464 type:b dur:2 cpbdur:2 q:36.55 aq:39.63 tex:1425 mv:720 misc:759 imb:10 pmb:131 smb:3459 d:- ref:0 ;
in:1468 out:1465 type:P dur:2 cpbdur:2 q:36.51 aq:31.50 tex:32084 mv:6452 misc:2264 imb:264 pmb:821 smb:2515 d:- ref:0 ;
in:1466 out:1466 type:B dur:2 cpbdur:2 q:36.53 aq:35.37 tex:3638 mv:1803 misc:1167 imb:24 pmb:216 smb:3360 d:- ref:0 ;
in:1465 out:1467 type:b dur:2 cpbdur:2 q:36.53 aq:36.44 tex:1259 mv:689 misc:756 imb:13 pmb:114 smb:3473 d:- ref:0 ;
in:1467 out:1468 type:b dur:2 cpbdur:2 q:36.52 aq:40.42 tex:1782 mv:838 misc:764 imb:39 pmb:94 smb:3467 d:- ref:0 ;
in:1472 out:1469 type:P dur:2 cpbdur:2 q:36.49 aq:32.55 tex:33539 mv:6803 misc:2266 imb:286 pmb:813 smb:2501 d:- ref:0 ;
in:1470 out:1470 type:B dur:2 cpbdur:2 q:36.50 aq:37.21 tex:2980 mv:1686 misc:1038 imb:17 pmb:192 smb:3391 d:- ref:0 ;
in:1469 out:1471 type:b dur:2 cpbdur:2 q:36.51 aq:40.12 tex:1810 mv:938 misc:812 imb:52 pmb:96 smb:3452 d:- ref:0 ;
in:1471 out:1472 type:b dur:2 cpbdur:2 q:36.50 aq:39.49 tex:2103 mv:1085 misc:868 imb:54 pmb:111 smb:3435 d:- ref:0 ;
in:1476 out:1473 type:P dur:2 cpbdur:2 q:36.47 aq:32.98 tex:33406 mv:6657 misc:2241 imb:284 pmb:815 smb:2501 d:- ref:0 ;
in:1474 out:1474 type:B dur:2 cpbdur:2 q:36.48 aq:36.40 tex:3774 mv:2187 misc:1207 imb:43 pmb:226 smb:3331 d:- ref:0 ;
in:1473 out:1475 type:b dur:2 cpbdur:2 q:36.49 aq:37.44 tex:1469 mv:929 misc:730 imb:41 pmb:93 smb:3466 d:- ref:0 ;
in:1475 out:1476 type:b dur:2 cpbdur:2 q:36.48 aq:38.15 tex:1527 mv:775 misc:778 imb:30 pmb:110 smb:3460 d:- ref:0 ;
in:1480 out:1477 type:P dur:2 cpbdur:2 q:36.45 aq:33.05 tex:29413 mv:6921 misc:2162 imb:264 pmb:853 smb:2483 d:- ref:0 ;
in:1478 out:1478 type:B dur:2 cpbdur:2 q:36.46 aq:38.09 tex:4734 mv:2108 misc:1238 imb:44 pmb:235 smb:3321 d:- ref:0 ;
in:1477 out:1479 type:b dur:2 cpbdur:2 q:36.47 aq:37.43 tex:1711 mv:996 misc:765 imb:62 pmb:84 smb:3454 d:- ref:0 ;
in:1479 out:1480 type:b dur:2 cpbdur:2 q:36.45 aq:39.59 tex:1458 mv:729 misc:725 imb:34 pmb:97 smb:3469 d:- ref:0 ;
in:1484 out:1481 type:P dur:2 cpbdur:2 q:36.42 aq:32.74 tex:33088 mv:6578 misc:2294 imb:237 pmb:809 smb:2554 d:- ref:0 ;
in:1482 out:1482 type:B dur:2 cpbdur:2 q:36.43 aq:37.96 tex:3868 mv:1922 misc:1178 imb:45 pmb:224 smb:3331 d:- ref:0 ;
in:1481 out:1483 type:b dur:2 cpbdur:2 q:36.44 aq:40.74 tex:1247 mv:368 misc:681 imb:0 pmb:105 smb:3495 d:- ref:0 ;
in:1483 out:1484 type:b dur:2 cpbdur:2 q:36.43 aq:39.04 tex:780 mv:347 misc:569 imb:5 pmb:70 smb:3525 d:- ref:0 ;
in:1488 out:1485 type:P dur:2 cpbdur:2 q:36.39 aq:30.92 tex:33363 mv:6464 misc:2309 imb:276 pmb:793 smb:2531 d:- ref:0 ;
in:1486 out:1486 type:B dur:2 cpbdur:2 q:36.41 aq:37.67 tex:4452 mv:1771 misc:1217 imb:24 pmb:238 smb:3338 d:- ref:0 ;
in:1485 out:1487 type:b dur:2 cpbdur:2 q:36.41 aq:39.15 tex:1169 mv:671 misc:680 imb:29 pmb:75 smb:3496 d:- ref:0 ;
in:1487 out:1488 type:b dur:2 cpbdur:2 q:36.40 aq:39.96 tex:1057 mv:443 misc:604 imb:12 pmb:84 smb:3504 d:- ref:0 ;
in:1492 out:1489 type:P dur:2 cpbdur:2 q:36.36 aq:33.24 tex:34192 mv:6844 misc:2228 imb:283 pmb:825 smb:2492 d:- ref:0 ;
in:1490 out:1490 type:B dur:2 cpbdur:2 q:36.38 aq:36.70 tex:4208 mv:1849 misc:1191 imb:38 pmb:204 smb:3358 d:- ref:0 ;
in:1489 out:1491 type:b dur:2 cpbdur:2 q:36.39 aq:40.53 tex:1723 mv:723 misc:690 imb:36 pmb:80 smb:3484 d:- ref:0 ;
in:1491 out:1492 type:b dur:2 cpbdur:2 q:36.37 aq:40.17 tex:1676 mv:768 misc:756 imb:47 pmb:91 smb:3462 d:- ref:0 ;
in:1496 out:1493 type:P dur:2 cpbdur:2 q:36.33 aq:32.21 tex:34533 mv:6969 misc:2290 imb:276 pmb:825 smb:2499 d:- ref:0 ;
in:1494 out:1494 type:B dur:2 cpbdur:2 q:36.35 aq:38.16 tex:6463 mv:2757 misc:1404 imb:80 pmb:271 smb:3249 d:- ref:0 ;
in:1493 out:1495 type:b dur:2 cpbdur:2 q:36.36 aq:37.80 tex:880 mv:714 misc:702 imb:15 pmb:116 smb:3469 d:- ref:0 ;
in:1495 out:1496 type:b dur:2 cpbdur:2 q:36.34 aq:38.30 tex:1815 mv:902 misc:803 imb:38 pmb:106 smb:3456 d:- ref:0 ;
in:1499 out:1497 type:P dur:2 cpbdur:2 q:36.30 aq:37.50 tex:3168 mv:3369 misc:1591 imb:140 pmb:409 smb:3051 d:- ref:0 ;
in:1497 out:1498 type:B dur:2 cpbdur:2 q:36.32 aq:38.97 tex:2625 mv:792 misc:847 imb:11 pmb:131 smb:3458 d:- ref:0 ;
in:1498 out:1499 type:b dur:2 cpbdur:2 q:36.31 aq:38.50 tex:1805 mv:901 misc:838 imb:36 pmb:113 smb:3451 d:- ref:0 ;
in:1500 out:1500 type:I dur:2 cpbdur:2 q:33.51 aq:25.67 tex:325403 mv:56135 misc:502 imb:3600 pmb:0 smb:0 d:- ref:;
in:1504 out:1501 type:P dur:2 cpbdur:2 q:36.58 aq:33.61 tex:33461 mv:5453 misc:2006 imb:163 pmb:776 smb:2661 d:- ref:0 ;
in:1502 out:1502 type:B dur:2 cpbdur:2 q:36.58 aq:39.33 tex:5521 mv:1921 misc:1214 imb:35 pmb:268 smb:3297 d:- ref:0 ;
in:1501 out:1503 type:b dur:2 cpbdur:2 q:36.58 aq:38.84 tex:1697 mv:908 misc:819 imb:17 pmb:146 smb:3437 d:- ref:0 ;
in:1503 out:1504 type:b dur:2 cpbdur:2 q:36.58 aq:39.71 tex:1157 mv:630 misc:733 imb:21 pmb:100 smb:3479 d:- ref:0 ;
in:1508 out:1505 type:P dur:2 cpbdur:2 q:36.56 aq:31.52 tex:33213 mv:6315 misc:2040 imb:228 pmb:776 smb:2596 d:- ref:0 ;
in:1506 out:1506 type:B dur:2 cpbdur:2 q:36.57 aq:38.73 tex:4182 mv:1876 misc:1118 imb:31 pmb:233 smb:3336 d:- ref:0 ;
in:1505 out:1507 type:b dur:2 cpbdur:2 q:36.58 aq:41.26 tex:1718 mv:635 misc:695 imb:28 pmb:85 smb:3487 d:- ref:0 ;
in:1507 out:1508 type:b dur:2 cpbdur:2 q:36.57 aq:39.03 tex:997 mv:559 misc:668 imb:3 pmb:99 smb:3498 d:- ref:0 ;
in:1512 out:1509 type:P dur:2 cpbdur:2 q:36.51 aq:32.18 tex:32987 mv:6066 misc:2099 imb:200 pmb:829 smb:2571 d:- ref:0 ;
in:1510 out:1510 type:B dur:2 cpbdur:2 q:36.54 aq:37.25 tex:4074 mv:2061 misc:1217 imb:50 pmb:244 smb:3306 d:- ref:0 ;
in:1509 out:1511 type:b dur:2 cpbdur:2 q:36.55 aq:37.57 tex:1013 mv:706 misc:689 imb:14 pmb:104 smb:3482 d:- ref:0 ;
in:1511 out:1512 type:b dur:2 cpbdur:2 q:36.53 aq:36.98 tex:1198 mv:570 misc:720 imb:13 pmb:101 smb:3486 d:- ref:0 ;
in:1516 out:1513 type:P dur:2 cpbdur:2 q:36.58 aq:29.81 tex:28710 mv:6051 misc:2319 imb:213 pmb:795 smb:2592 d:- ref:0 ;
in:1514 out:1514 type:B dur:2 cpbdur:2 q:36.55 aq:36.46 tex:2133 mv:2072 misc:1243 imb:26 pmb:271 smb:3303 d:- ref:0 ;
in:1513 out:1515 type:b dur:2 cpbdur:2 q:36.53 aq:30.20 tex:1271 mv:753 misc:816 imb:14 pmb:134 smb:3452 d:- ref:0 ;
in:1515 out:1516 type:b dur:2 cpbdur:2 q:36.57 aq:39.22 tex:1138 mv:705 misc:685 imb:21 pmb:87 smb:3492 d:- ref:0 ;
in:1520 out:1517 type:P dur:2 cpbdur:2 q:36.55 aq:31.61 tex:36582 mv:5682 misc:2232 imb:214 pmb:729 smb:2657 d:- ref:0 ;
in:1518 out:1518 type:B dur:2 cpbdur:2 q:36.57 aq:38.34 tex:3818 mv:1883 misc:1291 imb:41 pmb:250 smb:3309 d:- ref:0 ;
in:1517 out:1519 type:b dur:2 cpbdur:2 q:36.58 aq:39.24 tex:1243 mv:743 misc:710 imb:36 pmb:99 smb:3465 d:- ref:0 ;
in:1519 out:1520 type:b dur:2 cpbdur:2 q:36.56 aq:39.79 tex:1068 mv:806 misc:742 imb:17 pmb:105 smb:3478 d:- ref:0 ;
in:1524 out:1521 type:P dur:2 cpbdur:2 q:36.53 aq:30.86 tex:28599 mv:5270 misc:2155 imb:193 pmb:734 smb:2673 d:- ref:0 ;
in:1522 out:1522 type:B dur:2 cpbdur:2 q:36.54 aq:38.03 tex:2305 mv:1370 misc:917 imb:16 pmb:156 smb:3428 d:- ref:0 ;
in:1521 out:1523 type:b dur:2 cpbdur:2 q:36.55 aq:34.66 tex:905 mv:345 misc:510 imb:2 pmb:52 smb:3546 d:- ref:0 ;
in:1523 out:1524 type:b dur:2 cpbdur:2 q:36.53 aq:39.46 tex:1391 mv:507 misc:614 imb:12 pmb:73 smb:3515 d:- ref:0 ;
in:1528 out:1525 type:P dur:2 cpbdur:2 q:36.49 aq:30.67 tex:28505 mv:5507 misc:2180 imb:193 pmb:758 smb:2649 d:- ref:0 ;
in:1526 out:1526 type:B dur:2 cpbdur:2 q:36.51 aq:38.36 tex:3330 mv:1930 misc:1156 imb:34 pmb:242 smb:3324 d:- ref:0 ;
in:1525 out:1527 type:b dur:2 cpbdur:2 q:36.52 aq:39.80 tex:1110 mv:522 misc:672 imb:3 pmb:91 smb:3506 d:- ref:0 ;
in:1527 out:1528 type:b dur:2 cpbdur:2 q:36.50 aq:37.73 tex:1057 mv:551 misc:632 imb:8 pmb:80 smb:3512 d:- ref:0 ;
in:1532 out:1529 type:P dur:2 cpbdur:2 q:36.46 aq:31.73 tex:35109 mv:6234 misc:2073 imb:225 pmb:778 smb:2597 d:- ref:0 ;
in:1530 out:1530 type:B dur:2 cpbdur:2 q:36.47 aq:36.41 tex:3903 mv:2174 misc:1155 imb:38 pmb:239 smb:3323 d:- ref:0 ;
in:1529 out:1531 type:b dur:2 cpbdur:2 q:36.48 aq:36.17 tex:941 mv:545 misc:602 imb:4 pmb:77 smb:3519 d:- ref:0 ;
in:1531 out:1532 type:b dur:2 cpbdur:2 q:36.46 aq:37.43 tex:1117 mv:667 misc:696 imb:5 pmb:101 smb:3494 d:- ref:0 ;
in:1536 out:1533 type:P dur:2 cpbdur:2 q:36.42 aq:31.17 tex:36819 mv:6794 misc:2203 imb:286 pmb:813 smb:2501 d:- ref:0 ;
in:1534 out:1534 type:B dur:2 cpbdur:2 q:36.44 aq:35.77 tex:4409 mv:3168 misc:1599 imb:44 pmb:391 smb:3165 d:- ref:0 ;
in:1533 out:1535 type:b dur:2 cpbdur:2 q:36.45 aq:36.08 tex:2006 mv:2652 misc:1422 imb:25 pmb:346 smb:3229 d:- ref:0 ;
in:1535 out:1536 type:b dur:2 cpbdur:2 q:36.43 aq:39.32 tex:1236 mv:547 misc:617 imb:10 pmb:75 smb:3515 d:- ref:0 ;
in:1540 out:1537 type:P dur:2 cpbdur:2 q:36.39 aq:33.06 tex:32314 mv:5588 misc:2194 imb:204 pmb:753 smb:2643 d:- ref:0 ;
in:1538 out:1538 type:B dur:2 cpbdur:2 q:36.41 aq:37.72 tex:4075 mv:2284 misc:1217 imb:28 pmb:268 smb:3304 d:- ref:0 ;
in:1537 out:1539 type:b dur:2 cpbdur:2 q:36.42 aq:39.58 tex:1229 mv:613 misc:622 imb:8 pmb:84 smb:3508 d:- ref:0 ;
in:1539 out:1540 type:b dur:2 cpbdur:2 q:36.40 aq:38.14 tex:1728 mv:698 misc:710 imb:9 pmb:101 smb:3490 d:- ref:0 ;
in:1544 out:1541 type:P dur:2 cpbdur:2 q:36.36 aq:30.62 tex:32893 mv:6127 misc:2180 imb:207 pmb:838 smb:2555 d:- ref:0 ;
in:1542 out:1542 type:B dur:2 cpbdur:2 q:36.38 aq:37.16 tex:4260 mv:2116 misc:1272 imb:35 pmb:277 smb:3288 d:- ref:0 ;
in:1541 out:1543 type:b dur:2 cpbdur:2 q:36.39 aq:36.56 tex:1242 mv:706 misc:676 imb:14 pmb:90 smb:3496 d:- ref:0 ;
in:1543 out:1544 type:b dur:2 cpbdur:2 q:36.37 aq:36.10 tex:1226 mv:460 misc:546 imb:5 pmb:66 smb:3529 d:- ref:0 ;
in:1548 out:1545 type:P dur:2 cpbdur:2 q:36.34 aq:31.56 tex:35078 mv:6515 misc:2263 imb:268 pmb:822 smb:2510 d:- ref:0 ;
in:1546 out:1546 type:B dur:2 cpbdur:2 q:36.35 aq:37.69 tex:4754 mv:2100 misc:1226 imb:36 pmb:249 smb:3315 d:- ref:0 ;
in:1545 out:1547 type:b dur:2 cpbdur:2 q:36.36 aq:38.35 tex:1282 mv:948 misc:706 imb:31 pmb:92 smb:3477 d:- ref:0 ;
in:1547 out:1548 type:b dur:2 cpbdur:2 q:36.35 aq:37.63 tex:1187 mv:596 misc:633 imb:6 pmb:86 smb:3508 d:- ref:0 ;
in:1552 out:1549 type:P dur:2 cpbdur:2 q:36.32 aq:31.86 tex:37712 mv:7413 misc:2243 imb:326 pmb:884 smb:2390 d:- ref:0 ;
in:1550 out:1550 type:B dur:2 cpbdur:2 q:36.33 aq:38.01 tex:4400 mv:2036 misc:1284 imb:43 pmb:280 smb:3277 d:- ref:0 ;
in:1549 out:1551 type:b dur:2 cpbdur:2 q:36.34 aq:37.46 tex:1772 mv:870 misc:886 imb:14 pmb:160 smb:3426 d:- ref:0 ;
in:1551 out:1552 type:b dur:2 cpbdur:2 q:36.33 aq:38.40 tex:1909 mv:714 misc:753 imb:21 pmb:100 smb:3479 d:- ref:0 ;
in:1556 out:1553 type:P dur:2 cpbdur:2 q:36.30 aq:31.56 tex:37194 mv:6146 misc:2188 imb:237 pmb:822 smb:2541 d:- ref:0 ;
in:1554 out:1554 type:B dur:2 cpbdur:2 q:36.31 aq:38.69 tex:3699 mv:1624 misc:1069 imb:53 pmb:192 smb:3355 d:- ref:0 ;
in:1553 out:1555 type:b dur:2 cpbdur:2 q:36.32 aq:39.41 tex:2063 mv:923 misc:742 imb:39 pmb:107 smb:3454 d:- ref:0 ;
in:1555 out:1556 type:b dur:2 cpbdur:2 q:36.30 aq:37.91 tex:1382 mv:807 misc:739 imb:21 pmb:125 smb:3454 d:- ref:0 ;
in:1559 out:1557 type:P dur:2 cpbdur:2 q:36.27 aq:38.01 tex:4424 mv:2682 misc:1534 imb:109 pmb:302 smb:3189 d:- ref:0 ;
in:1557 out:1558 type:B dur:2 cpbdur:2 q:36.29 aq:36.92 tex:1864 mv:789 misc:771 imb:13 pmb:102 smb:3485 d:- ref:0 ;
in:1558 out:1559 type:b dur:2 cpbdur:2 q:36.28 aq:36.46 tex:2036 mv:967 misc:821 imb:26 pmb:128 smb:3446 d:- ref:0 ;
in:1560 out:1560 type:I dur:2 cpbdur:2 q:33.47 aq:25.28 tex:334941 mv:57159 misc:524 imb:3600 pmb:0 smb:0 d:- ref:;
in:1564 out:1561 type:P dur:2 cpbdur:2 q:36.56 aq:33.65 tex:31257 mv:4907 misc:2044 imb:169 pmb:722 smb:2709 d:- ref:0 ;
in:1562 out:1562 type:B dur:2 cpbdur:2 q:36.56 aq:35.55 tex:3658 mv:1365 misc:961 imb:28 pmb:172 smb:3400 d:- ref:0 ;
in:1561 out:1563 type:b dur:2 cpbdur:2 q:36.56 aq:40.17 tex:1968 mv:824 misc:712 imb:40 pmb:91 smb:3469 d:- ref:0 ;
in:1563 out:1564 type:b dur:2 cpbdur:2 q:36.56 aq:40.55 tex:1406 mv:667 misc:583 imb:39 pmb:62 smb:3499 d:- ref:0 ;
in:1568 out:1565 type:P dur:2 cpbdur:2 q:36.54 aq:30.04 tex:26751 mv:4929 misc:2064 imb:164 pmb:722 smb:2714 d:- ref:0 ;
in:1566 out:1566 type:B dur:2 cpbdur:2 q:36.55 aq:38.01 tex:4055 mv:1574 misc:1043 imb:36 pmb:202 smb:3362 d:- ref:0 ;
in:1565 out:1567 type:b dur:2 cpbdur:2 q:36.55 aq:40.10 tex:1524 mv:449 misc:563 imb:13 pmb:73 smb:3514 d:- ref:0 ;
in:1567 out:1568 type:b dur:2 cpbdur:2 q:36.54 aq:40.08 tex:1441 mv:644 misc:555 imb:34 pmb:54 smb:3512 d:- ref:0 ;
in:1572 out:1569 type:P dur:2 cpbdur:2 q:36.49 aq:31.21 tex:30069 mv:5380 misc:2119 imb:143 pmb:769 smb:2688 d:- ref:0 ;
in:1570 out:1570 type:B dur:2 cpbdur:2 q:36.51 aq:37.77 tex:4482 mv:1447 misc:1103 imb:25 pmb:221 smb:3354 d:- ref:0 ;
in:1569 out:1571 type:b dur:2 cpbdur:2 q:36.53 aq:40.72 tex:1288 mv:600 misc:560 imb:18 pmb:74 smb:3508 d:- ref:0 ;
in:1571 out:1572 type:b dur:2 cpbdur:2 q:36.50 aq:39.56 tex:1440 mv:818 misc:726 imb:39 pmb:94 smb:3467 d:- ref:0 ;
in:1576 out:1573 type:P dur:2 cpbdur:2 q:36.55 aq:33.23 tex:26718 mv:5358 misc:2212 imb:188 pmb:756 smb:2656 d:- ref:0 ;
in:1574 out:1574 type:B dur:2 cpbdur:2 q:36.52 aq:36.90 tex:4527 mv:1487 misc:1066 imb:20 pmb:216 smb:3364 d:- ref:0 ;
in:1573 out:1575 type:b dur:2 cpbdur:2 q:36.50 aq:36.50 tex:1233 mv:554 misc:637 imb:14 pmb:80 smb:3506 d:- ref:0 ;
in:1575 out:1576 type:b dur:2 cpbdur:2 q:36.53 aq:41.34 tex:961 mv:512 misc:527 imb:26 pmb:48 smb:3526 d:- ref:0 ;
in:1580 out:1577 type:P dur:2 cpbdur:2 q:36.50 aq:31.97 tex:26797 mv:5981 misc:2198 imb:229 pmb:774 smb:2597 d:- ref:0 ;
in:1578 out:1578 type:B dur:2 cpbdur:2 q:36.53 aq:38.44 tex:4898 mv:1486 misc:1080 imb:28 pmb:210 smb:3362 d:- ref:0 ;
in:1577 out:1579 type:b dur:2 cpbdur:2 q:36.54 aq:40.84 tex:1359 mv:671 misc:658 imb:27 pmb:105 smb:3468 d:- ref:0 ;
in:1579 out:1580 type:b dur:2 cpbdur:2 q:36.52 aq:37.96 tex:969 mv:438 misc:593 imb:4 pmb:80 smb:3516 d:- ref:0 ;
in:1584 out:1581 type:P dur:2 cpbdur:2 q:36.47 aq:30.69 tex:24740 mv:6032 misc:2340 imb:245 pmb:782 smb:2573 d:- ref:0 ;
in:1582 out:1582 type:B dur:2 cpbdur:2 q:36.49 aq:39.17 tex:4231 mv:1654 misc:1091 imb:42 pmb:232 smb:3326 d:- ref:0 ;
in:1581 out:1583 type:b dur:2 cpbdur:2 q:36.50 aq:40.77 tex:1485 mv:751 misc:700 imb:31 pmb:99 smb:3470 d:- ref:0 ;
in:1583 out:1584 type:b dur:2 cpbdur:2 q:36.48 aq:37.40 tex:1227 mv:777 misc:660 imb:20 pmb:114 smb:3466 d:- ref:0 ;
in:1588 out:1585 type:P dur:2 cpbdur:2 q:36.43 aq:30.90 tex:25082 mv:6056 misc:2310 imb:259 pmb:769 smb:2572 d:- ref:0 ;
in:1586 out:1586 type:B dur:2 cpbdur:2 q:36.45 aq:38.44 tex:4210 mv:1494 misc:952 imb:36 pmb:185 smb:3379 d:- ref:0 ;
in:1585 out:1587 type:b dur:2 cpbdur:2 q:36.46 aq:40.76 tex:1300 mv:632 misc:660 imb:52 pmb:61 smb:3487 d:- ref:0 ;
in:1587 out:1588 type:b dur:2 cpbdur:2 q:36.44 aq:37.83 tex:837 mv:389 misc:510 imb:1 pmb:64 smb:3535 d:- ref:0 ;
in:1592 out:1589 type:P dur:2 cpbdur:2 q:36.39 aq:31.78 tex:31314 mv:6112 misc:2262 imb:240 pmb:767 smb:2593 d:- ref:0 ;
in:1590 out:1590 type:B dur:2 cpbdur:2 q:36.41 aq:38.18 tex:4109 mv:2319 misc:1260 imb:44 pmb:238 smb:3318 d:- ref:0 ;
in:1589 out:1591 type:b dur:2 cpbdur:2 q:36.42 aq:40.64 tex:1712 mv:676 misc:676 imb:35 pmb:89 smb:3476 d:- ref:0 ;
in:1591 out:1592 type:b dur:2 cpbdur:2 q:36.40 aq:38.73 tex:1793 mv:1216 misc:831 imb:52 pmb:127 smb:3421 d:- ref:0 ;
in:1596 out:1593 type:P dur:2 cpbdur:2 q:36.36 aq:29.03 tex:35790 mv:8405 misc:2317 imb:378 pmb:850 smb:2372 d:- ref:0 ;
in:1594 out:1594 type:B dur:2 cpbdur:2 q:36.38 aq:36.25 tex:4059 mv:3324 misc:1449 imb:77 pmb:310 smb:3213 d:- ref:0 ;
in:1593 out:1595 type:b dur:2 cpbdur:2 q:36.39 aq:35.38 tex:2419 mv:1190 misc:823 imb:32 pmb:116 smb:3452 d:- ref:0 ;
in:1595 out:1596 type:b dur:2 cpbdur:2 q:36.37 aq:35.46 tex:1343 mv:1144 misc:857 imb:24 pmb:135 smb:3441 d:- ref:0 ;
in:1600 out:1597 type:P dur:2 cpbdur:2 q:36.33 aq:28.55 tex:33414 mv:8316 misc:2366 imb:342 pmb:897 smb:2361 d:- ref:0 ;
in:1598 out:1598 type:B dur:2 cpbdur:2 q:36.35 aq:35.64 tex:3215 mv:3264 misc:1561 imb:38 pmb:360 smb:3202 d:- ref:0 ;
in:1597 out:1599 type:b dur:2 cpbdur:2 q:36.35 aq:39.58 tex:2614 mv:1234 misc:880 imb:46 pmb:126 smb:3428 d:- ref:0 ;
in:1599 out:1600 type:b dur:2 cpbdur:2 q:36.34 aq:39.54 tex:2505 mv:1302 misc:905 imb:63 pmb:134 smb:3403 d:- ref:0 ;
in:1604 out:1601 type:P dur:2 cpbdur:2 q:36.31 aq:29.25 tex:32777 mv:7785 misc:2302 imb:291 pmb:891 smb:2418 d:- ref:0 ;
in:1602 out:1602 type:B dur:2 cpbdur:2 q:36.32 aq:34.52 tex:3550 mv:3455 misc:1379 imb:71 pmb:304 smb:3225 d:- ref:0 ;
in:1601 out:1603 type:b dur:2 cpbdur:2 q:36.33 aq:38.54 tex:2684 mv:1457 misc:907 imb:49 pmb:141 smb:3410 d:- ref:0 ;
in:1603 out:1604 type:b dur:2 cpbdur:2 q:36.31 aq:39.82 tex:2279 mv:1535 misc:986 imb:46 pmb:177 smb:3377 d:- ref:0 ;
in:1608 out:1605 type:P dur:2 cpbdur:2 q:36.29 aq:30.44 tex:37213 mv:7141 misc:2358 imb:307 pmb:886 smb:2407 d:- ref:0 ;
in:1606 out:1606 type:B dur:2 cpbdur:2 q:36.30 aq:36.65 tex:4154 mv:2781 misc:1425 imb:24 pmb:325 smb:3251 d:- ref:0 ;
in:1605 out:1607 type:b dur:2 cpbdur:2 q:36.30 aq:38.39 tex:2141 mv:1368 misc:891 imb:38 pmb:139 smb:3423 d:- ref:0 ;
in:1607 out:1608 type:b dur:2 cpbdur:2 q:36.29 aq:38.98 tex:2157 mv:1043 misc:888 imb:16 pmb:157 smb:3427 d:- ref:0 ;
in:1612 out:1609 type:P dur:2 cpbdur:2 q:36.27 aq:30.69 tex:32819 mv:6144 misc:2221 imb:197 pmb:837 smb:2566 d:- ref:0 ;
in:1610 out:1610 type:B dur:2 cpbdur:2 q:36.28 aq:36.50 tex:3341 mv:1840 misc:1139 imb:15 pmb:234 smb:3351 d:- ref:0 ;
in:1609 out:1611 type:b dur:2 cpbdur:2 q:36.28 aq:36.08 tex:1512 mv:669 misc:731 imb:11 pmb:97 smb:3492 d:- ref:0 ;
in:1611 out:1612 type:b dur:2 cpbdur:2 q:36.27 aq:38.42 tex:918 mv:551 misc:563 imb:4 pmb:74 smb:3522 d:- ref:0 ;
in:1616 out:1613 type:P dur:2 cpbdur:2 q:36.25 aq:30.66 tex:33146 mv:6357 misc:2305 imb:257 pmb:815 smb:2528 d:- ref:0 ;
in:1614 out:1614 type:B dur:2 cpbdur:2 q:36.26 aq:35.14 tex:4777 mv:1923 misc:1180 imb:12 pmb:264 smb:3324 d:- ref:0 ;
in:1613 out:1615 type:b dur:2 cpbdur:2 q:36.26 aq:37.88 tex:794 mv:470 misc:576 imb:6 pmb:64 smb:3530 d:- ref:0 ;
in:1615 out:1616 type:b dur:2 cpbdur:2 q:36.26 aq:37.97 tex:1722 mv:619 misc:635 imb:18 pmb:81 smb:3501 d:- ref:0 ;
in:1619 out:1617 type:P dur:2 cpbdur:2 q:36.24 aq:38.01 tex:3608 mv:2561 misc:1447 imb:102 pmb:304 smb:3194 d:- ref:0 ;
in:1617 out:1618 type:B dur:2 cpbdur:2 q:36.25 aq:37.92 tex:1839 mv:833 misc:720 imb:23 pmb:96 smb:3481 d:- ref:0 ;
in:1618 out:1619 type:b dur:2 cpbdur:2 q:36.24 aq:39.48 tex:1882 mv:677 misc:617 imb:7 pmb:93 smb:3500 d:- ref:0 ;
in:1620 out:1620 type:I dur:2 cpbdur:2 q:33.42 aq:24.98 tex:336351 mv:58087 misc:522 imb:3600 pmb:0 smb:0 d:- ref:;
in:1624 out:1621 type:P dur:2 cpbdur:2 q:36.52 aq:29.91 tex:26662 mv:4241 misc:1809 imb:130 pmb:666 smb:2804 d:- ref:0 ;
in:1622 out:1622 type:B dur:2 cpbdur:2 q:36.52 aq:35.44 tex:4300 mv:1389 misc:991 imb:6 pmb:210 smb:3384 d:- ref:0 ;
in:1621 out:1623 type:b dur:2 cpbdur:2 q:36.52 aq:38.74 tex:1366 mv:454 misc:604 imb:4 pmb:72 smb:3524 d:- ref:0 ;
in:1623 out:1624 type:b dur:2 cpbdur:2 q:36.52 aq:39.48 tex:1668 mv:547 misc:553 imb:17 pmb:73 smb:3510 d:- ref:0 ;
in:1628 out:1625 type:P dur:2 cpbdur:2 q:36.49 aq:31.21 tex:26545 mv:4935 misc:1960 imb:136 pmb:742 smb:2722 d:- ref:0 ;
in:1626 out:1626 type:B dur:2 cpbdur:2 q:36.50 aq:34.22 tex:3221 mv:1391 misc:972 imb:20 pmb:185 smb:3395 d:- ref:0 ;
in:1625 out:1627 type:b dur:2 cpbdur:2 q:36.51 aq:37.21 tex:949 mv:505 misc:642 imb:2 pmb:89 smb:3509 d:- ref:0 ;
in:1627 out:1628 type:b dur:2 cpbdur:2 q:36.49 aq:35.73 tex:1209 mv:535 misc:576 imb:15 pmb:68 smb:3517 d:- ref:0 ;
in:1632 out:1629 type:P dur:2 cpbdur:2 q:36.43 aq:30.77 tex:29189 mv:4736 misc:2147 imb:156 pmb:738 smb:2706 d:- ref:0 ;
in:1630 out:1630 type:B dur:2 cpbdur:2 q:36.46 aq:37.03 tex:3567 mv:1493 misc:1052 imb:16 pmb:199 smb:3385 d:- ref:0 ;
in:1629 out:1631 type:b dur:2 cpbdur:2 q:36.47 aq:37.57 tex:1640 mv:737 misc:671 imb:8 pmb:98 smb:3494 d:- ref:0 ;
in:1631 out:1632 type:b dur:2 cpbdur:2 q:36.45 aq:36.94 tex:1693 mv:891 misc:888 imb:19 pmb:144 smb:3437 d:- ref:0 ;
in:1636 out:1633 type:P dur:2 cpbdur:2 q:36.49 aq:32.71 tex:30919 mv:4889 misc:2024 imb:128 pmb:738 smb:2734 d:- ref:0 ;
in:1634 out:1634 type:B dur:2 cpbdur:2 q:36.46 aq:36.67 tex:2726 mv:1548 misc:1038 imb:20 pmb:188 smb:3392 d:- ref:0 ;
in:1633 out:1635 type:b dur:2 cpbdur:2 q:36.45 aq:38.54 tex:1792 mv:445 misc:675 imb:8 pmb:90 smb:3502 d:- ref:0 ;
in:1635 out:1636 type:b dur:2 cpbdur:2 q:36.47 aq:36.14 tex:1276 mv:373 misc:583 imb:2 pmb:83 smb:3515 d:- ref:0 ;
in:1640 out:1637 type:P dur:2 cpbdur:2 q:36.45 aq:30.92 tex:27220 mv:4665 misc:2043 imb:135 pmb:724 smb:2741 d:- ref:0 ;
in:1638 out:1638 type:B dur:2 cpbdur:2 q:36.47 aq:35.53 tex:2309 mv:1147 misc:832 imb:24 pmb:142 smb:3434 d:- ref:0 ;
in:1637 out:1639 type:b dur:2 cpbdur:2 q:36.48 aq:35.85 tex:1180 mv:418 misc:570 imb:5 pmb:81 smb:3514 d:- ref:0 ;
in:1639 out:1640 type:b dur:2 cpbdur:2 q:36.46 aq:37.72 tex:1232 mv:484 misc:540 imb:9 pmb:73 smb:3518 d:- ref:0 ;
in:1644 out:1641 type:P dur:2 cpbdur:2 q:36.41 aq:28.88 tex:32284 mv:5136 misc:2172 imb:175 pmb:788 smb:2637 d:- ref:0 ;
in:1642 out:1642 type:B dur:2 cpbdur:2 q:36.43 aq:33.37 tex:2255 mv:945 misc:928 imb:18 pmb:147 smb:3435 d:- ref:0 ;
in:1641 out:1643 type:b dur:2 cpbdur:2 q:36.44 aq:37.07 tex:714 mv:279 misc:527 imb:2 pmb:55 smb:3543 d:- ref:0 ;
in:1643 out:1644 type:b dur:2 cpbdur:2 q:36.42 aq:37.72 tex:802 mv:320 misc:542 imb:3 pmb:68 smb:3529 d:- ref:0 ;
in:1648 out:1645 type:P dur:2 cpbdur:2 q:36.38 aq:29.93 tex:39936 mv:5019 misc:2157 imb:185 pmb:715 smb:2700 d:- ref:0 ;
in:1646 out:1646 type:B dur:2 cpbdur:2 q:36.39 aq:34.36 tex:2645 mv:880 misc:1019 imb:8 pmb:202 smb:3390 d:- ref:0 ;
in:1645 out:1647 type:b dur:2 cpbdur:2 q:36.40 aq:35.92 tex:1097 mv:534 misc:809 imb:7 pmb:146 smb:3447 d:- ref:0 ;
in:1647 out:1648 type:b dur:2 cpbdur:2 q:36.39 aq:37.94 tex:769 mv:220 misc:443 imb:2 pmb:42 smb:3556 d:- ref:0 ;
in:1652 out:1649 type:P dur:2 cpbdur:2 q:36.35 aq:30.52 tex:27590 mv:5292 misc:2110 imb:180 pmb:778 smb:2642 d:- ref:0 ;
in:1650 out:1650 type:B dur:2 cpbdur:2 q:36.37 aq:37.60 tex:2726 mv:1126 misc:876 imb:19 pmb:171 smb:3410 d:- ref:0 ;
in:1649 out:1651 type:b dur:2 cpbdur:2 q:36.37 aq:37.21 tex:797 mv:285 misc:478 imb:1 pmb:62 smb:3537 d:- ref:0 ;
in:1651 out:1652 type:b dur:2 cpbdur:2 q:36.36 aq:37.69 tex:1047 mv:272 misc:465 imb:0 pmb:64 smb:3536 d:- ref:0 ;
in:1656 out:1653 type:P dur:2 cpbdur:2 q:36.32 aq:31.57 tex:30699 mv:5061 misc:2008 imb:156 pmb:737 smb:2707 d:- ref:0 ;
in:1654 out:1654 type:B dur:2 cpbdur:2 q:36.33 aq:36.09 tex:2383 mv:895 misc:818 imb:18 pmb:123 smb:3459 d:- ref:0 ;
in:1653 out:1655 type:b dur:2 cpbdur:2 q:36.34 aq:36.81 tex:591 mv:373 misc:484 imb:7 pmb:53 smb:3540 d:- ref:0 ;
in:1655 out:1656 type:b dur:2 cpbdur:2 q:36.33 aq:39.46 tex:709 mv:294 misc:469 imb:10 pmb:43 smb:3547 d:- ref:0 ;
in:1660 out:1657 type:P dur:2 cpbdur:2 q:36.29 aq:31.09 tex:31372 mv:5123 misc:2033 imb:153 pmb:740 smb:2707 d:- ref:0 ;
in:1658 out:1658 type:B dur:2 cpbdur:2 q:36.30 aq:37.54 tex:2610 mv:1023 misc:879 imb:11 pmb:149 smb:3440 d:- ref:0 ;
in:1657 out:1659 type:b dur:2 cpbdur:2 q:36.31 aq:32.40 tex:257 mv:224 misc:431 imb:3 pmb:36 smb:3561 d:- ref:0 ;
in:1659 out:1660 type:b dur:2 cpbdur:2 q:36.29 aq:39.00 tex:694 mv:318 misc:476 imb:10 pmb:46 smb:3544 d:- ref:0 ;
in:1664 out:1661 type:P dur:2 cpbdur:2 q:36.25 aq:30.96 tex:31756 mv:4982 misc:2078 imb:138 pmb:763 smb:2699 d:- ref:0 ;
in:1662 out:1662 type:B dur:2 cpbdur:2 q:36.27 aq:35.27 tex:2306 mv:755 misc:763 imb:6 pmb:120 smb:3474 d:- ref:0 ;
in:1661 out:1663 type:b dur:2 cpbdur:2 q:36.28 aq:33.05 tex:488 mv:205 misc:443 imb:0 pmb:44 smb:3556 d:- ref:0 ;
in:1663 out:1664 type:b dur:2 cpbdur:2 q:36.26 aq:36.36 tex:532 mv:170 misc:418 imb:0 pmb:40 smb:3560 d:- ref:0 ;
in:1668 out:1665 type:P dur:2 cpbdur:2 q:36.21 aq:30.68 tex:29827 mv:5244 misc:2153 imb:174 pmb:733 smb:2693 d:- ref:0 ;
in:1666 out:1666 type:B dur:2 cpbdur:2 q:36.23 aq:35.53 tex:2846 mv:782 misc:884 imb:10 pmb:147 smb:3443 d:- ref:0 ;
in:1665 out:1667 type:b dur:2 cpbdur:2 q:36.24 aq:38.83 tex:509 mv:217 misc:410 imb:6 pmb:29 smb:3565 d:- ref:0 ;
in:1667 out:1668 type:b dur:2 cpbdur:2 q:36.22 aq:37.43 tex:365 mv:168 misc:355 imb:2 pmb:28 smb:3570 d:- ref:0 ;
in:1672 out:1669 type:P dur:2 cpbdur:2 q:36.17 aq:31.51 tex:33992 mv:5107 misc:2125 imb:143 pmb:830 smb:2627 d:- ref:0 ;
in:1670 out:1670 type:B dur:2 cpbdur:2 q:36.19 aq:36.48 tex:3768 mv:849 misc:871 imb:21 pmb:154 smb:3425 d:- ref:0 ;
in:1669 out:1671 type:b dur:2 cpbdur:2 q:36.20 aq:37.57 tex:721 mv:249 misc:478 imb:4 pmb:49 smb:3547 d:- ref:0 ;
in:1671 out:1672 type:b dur:2 cpbdur:2 q:36.18 aq:35.39 tex:221 mv:173 misc:406 imb:1 pmb:39 smb:3560 d:- ref:0 ;
in:1676 out:1673 type:P dur:2 cpbdur:2 q:36.14 aq:31.42 tex:30323 mv:5010 misc:2019 imb:135 pmb:750 smb:2715 d:- ref:0 ;
in:1674 out:1674 type:B dur:2 cpbdur:2 q:36.15 aq:35.77 tex:2752 mv:728 misc:856 imb:14 pmb:123 smb:3463 d:- ref:0 ;
in:1673 out:1675 type:b dur:2 cpbdur:2 q:36.16 aq:34.05 tex:715 mv:257 misc:452 imb:7 pmb:45 smb:3548 d:- ref:0 ;
in:1675 out:1676 type:b dur:2 cpbdur:2 q:36.14 aq:39.68 tex:375 mv:250 misc:455 imb:10 pmb:38 smb:3552 d:- ref:0 ;
in:1679 out:1677 type:P dur:2 cpbdur:2 q:36.09 aq:35.89 tex:3870 mv:1632 misc:1074 imb:65 pmb:206 smb:3329 d:- ref:0 ;
in:1677 out:1678 type:B dur:2 cpbdur:2 q:36.12 aq:34.71 tex:1109 mv:444 misc:567 imb:7 pmb:77 smb:3516 d:- ref:0 ;
in:1678 out:1679 type:b dur:2 cpbdur:2 q:36.11 aq:37.29 tex:791 mv:261 misc:476 imb:3 pmb:44 smb:3553 d:- ref:0 ;
in:1680 out:1680 type:I dur:2 cpbdur:2 q:33.34 aq:24.57 tex:352751 mv:58998 misc:507 imb:3600 pmb:0 smb:0 d:- ref:;
in:1684 out:1681 type:P dur:2 cpbdur:2 q:36.38 aq:32.31 tex:31148 mv:3245 misc:1775 imb:61 pmb:659 smb:2880 d:- ref:0 ;
in:1682 out:1682 type:B dur:2 cpbdur:2 q:36.38 aq:37.36 tex:1652 mv:383 misc:613 imb:0 pmb:99 smb:3501 d:- ref:0 ;
in:1681 out:1683 type:b dur:2 cpbdur:2 q:36.38 aq:37.40 tex:196 mv:74 misc:346 imb:0 pmb:21 smb:3579 d:- ref:0 ;
in:1683 out:1684 type:b dur:2 cpbdur:2 q:36.38 aq:40.10 tex:646 mv:118 misc:356 imb:2 pmb:28 smb:3570 d:- ref:0 ;
in:1688 out:1685 type:P dur:2 cpbdur:2 q:36.34 aq:32.54 tex:26413 mv:3392 misc:1771 imb:68 pmb:636 smb:2896 d:- ref:0 ;
in:1686 out:1686 type:B dur:2 cpbdur:2 q:36.36 aq:37.36 tex:2094 mv:467 misc:639 imb:2 pmb:107 smb:3491 d:- ref:0 ;
in:1685 out:1687 type:b dur:2 cpbdur:2 q:36.37 aq:35.17 tex:74 mv:89 misc:349 imb:0 pmb:21 smb:3579 d:- ref:0 ;
in:1687 out:1688 type:b dur:2 cpbdur:2 q:36.35 aq:34.89 tex:349 mv:243 misc:400 imb:5 pmb:33 smb:3562 d:- ref:0 ;
in:1692 out:1689 type:P dur:2 cpbdur:2 q:36.28 aq:31.03 tex:26288 mv:3490 misc:1846 imb:92 pmb:629 smb:2879 d:- ref:0 ;
in:1690 out:1690 type:B dur:2 cpbdur:2 q:36.31 aq:38.22 tex:1435 mv:540 misc:641 imb:15 pmb:88 smb:3497 d:- ref:0 ;
in:1689 out:1691 type:b dur:2 cpbdur:2 q:36.33 aq:35.09 tex:318 mv:202 misc:416 imb:3 pmb:35 smb:3562 d:- ref:0 ;
in:1691 out:1692 type:b dur:2 cpbdur:2 q:36.30 aq:35.19 tex:208 mv:72 misc:320 imb:1 pmb:15 smb:3584 d:- ref:0 ;
in:1696 out:1693 type:P dur:2 cpbdur:2 q:36.34 aq:32.31 tex:23338 mv:3898 misc:1852 imb:93 pmb:657 smb:2850 d:- ref:0 ;
in:1694 out:1694 type:B dur:2 cpbdur:2 q:36.31 aq:34.89 tex:1205 mv:349 misc:606 imb:3 pmb:81 smb:3516 d:- ref:0 ;
in:1693 out:1695 type:b dur:2 cpbdur:2 q:36.30 aq:35.76 tex:272 mv:114 misc:350 imb:3 pmb:19 smb:3578 d:- ref:0 ;
in:1695 out:1696 type:b dur:2 cpbdur:2 q:36.32 aq:37.47 tex:90 mv:64 misc:302 imb:0 pmb:12 smb:3588 d:- ref:0 ;
in:1700 out:1697 type:P dur:2 cpbdur:2 q:36.28 aq:32.43 tex:20049 mv:3598 misc:1961 imb:95 pmb:603 smb:2902 d:- ref:0 ;
in:1698 out:1698 type:B dur:2 cpbdur:2 q:36.31 aq:34.60 tex:1349 mv:534 misc:677 imb:17 pmb:107 smb:3476 d:- ref:0 ;
in:1697 out:1699 type:b dur:2 cpbdur:2 q:36.32 aq:35.84 tex:157 mv:71 misc:300 imb:2 pmb:11 smb:3587 d:- ref:0 ;
in:1699 out:1700 type:b dur:2 cpbdur:2 q:36.29 aq:30.50 tex:217 mv:190 misc:409 imb:4 pmb:41 smb:3555 d:- ref:0 ;
in:1701 out:1701 type:P dur:2 cpbdur:2 q:36.23 aq:32.32 tex:8135 mv:1261 misc:1380 imb:21 pmb:265 smb:3314 d:- ref:0 ;
in:1702 out:1702 type:P dur:2 cpbdur:2 q:36.21 aq:31.81 tex:8045 mv:1242 misc:1337 imb:18 pmb:282 smb:3300 d:- ref:0 ;
in:1703 out:1703 type:P dur:2 cpbdur:2 q:36.19 aq:32.46 tex:11171 mv:1492 misc:1481 imb:22 pmb:340 smb:3238 d:- ref:0 ;
in:1704 out:1704 type:P dur:2 cpbdur:2 q:36.18 aq:33.88 tex:9155 mv:1299 misc:1394 imb:27 pmb:293 smb:3280 d:- ref:0 ;
in:1705 out:1705 type:P dur:2 cpbdur:2 q:36.17 aq:33.08 tex:9733 mv:1421 misc:1422 imb:44 pmb:283 smb:3273 d:- ref:0 ;
in:1706 out:1706 type:P dur:2 cpbdur:2 q:36.16 aq:31.29 tex:10454 mv:1585 misc:1441 imb:46 pmb:297 smb:3257 d:- ref:0 ;
in:1707 out:1707 type:P dur:2 cpbdur:2 q:36.14 aq:32.70 tex:8405 mv:1054 misc:1229 imb:13 pmb:253 smb:3334 d:- ref:0 ;
in:1708 out:1708 type:P dur:2 cpbdur:2 q:36.12 aq:32.74 tex:10060 mv:1422 misc:1390 imb:21 pmb:310 smb:3269 d:- ref:0 ;
in:1709 out:1709 type:P dur:2 cpbdur:2 q:36.11 aq:32.20 tex:10068 mv:1240 misc:1348 imb:22 pmb:296 smb:3282 d:- ref:0 ;
in:1710 out:1710 type:P dur:2 cpbdur:2 q:36.09 aq:33.09 tex:10158 mv:1331 misc:1415 imb:36 pmb:278 smb:3286 d:- ref:0 ;
in:1711 out:1711 type:P dur:2 cpbdur:2 q:36.07 aq:31.57 tex:10296 mv:1229 misc:1339 imb:22 pmb:275 smb:3303 d:- ref:0 ;
in:1712 out:1712 type:P dur:2 cpbdur:2 q:36.05 aq:32.19 tex:10704 mv:1404 misc:1460 imb:38 pmb:304 smb:3258 d:- ref:0 ;
in:1713 out:1713 type:P dur:2 cpbdur:2 q:36.04 aq:31.97 tex:9172 mv:1276 misc:1392 imb:24 pmb:287 smb:3289 d:- ref:0 ;
in:1714 out:1714 type:P dur:2 cpbdur:2 q:36.03 aq:32.34 tex:10077 mv:1478 misc:1461 imb:45 pmb:292 smb:3263 d:- ref:0 ;
in:1715 out:1715 type:P dur:2 cpbdur:2 q:36.02 aq:32.25 tex:9884 mv:1072 misc:1364 imb:16 pmb:276 smb:3308 d:- ref:0 ;
in:1716 out:1716 type:P dur:2 cpbdur:2 q:36.01 aq:32.71 tex:9778 mv:1130 misc:1292 imb:23 pmb:267 smb:3310 d:- ref:0 ;
in:1717 out:1717 type:P dur:2 cpbdur:2 q:36.00 aq:31.73 tex:9801 mv:1083 misc:1324 imb:13 pmb:268 smb:3319 d:- ref:0 ;
in:1718 out:1718 type:P dur:2 cpbdur:2 q:35.99 aq:32.30 tex:9600 mv:1149 misc:1299 imb:26 pmb:267 smb:3307 d:- ref:0 ;
in:1719 out:1719 type:P dur:2 cpbdur:2 q:35.98 aq:32.14 tex:10122 mv:1168 misc:1454 imb:11 pmb:304 smb:3285 d:- ref:0 ;
in:1720 out:1720 type:P dur:2 cpbdur:2 q:35.97 aq:31.83 tex:9861 mv:1553 misc:1514 imb:68 pmb:281 smb:3251 d:- ref:0 ;
in:1721 out:1721 type:P dur:2 cpbdur:2 q:35.96 aq:31.80 tex:9195 mv:1191 misc:1358 imb:31 pmb:269 smb:3300 d:- ref:0 ;
in:1722 out:1722 type:P dur:2 cpbdur:2 q:35.95 aq:31.32 tex:9187 mv:1104 misc:1333 imb:12 pmb:278 smb:3310 d:- ref:0 ;
in:1723 out:1723 type:P dur:2 cpbdur:2 q:35.94 aq:32.01 tex:10169 mv:1126 misc:1369 imb:20 pmb:270 smb:3310 d:- ref:0 ;
in:1724 out:1724 type:P dur:2 cpbdur:2 q:35.94 aq:31.63 tex:8922 mv:910 misc:1240 imb:29 pmb:228 smb:3343 d:- ref:0 ;
in:1725 out:1725 type:P dur:2 cpbdur:2 q:35.93 aq:31.47 tex:8665 mv:1009 misc:1294 imb:10 pmb:258 smb:3332 d:- ref:0 ;
in:1726 out:1726 type:P dur:2 cpbdur:2 q:35.92 aq:31.93 tex:8902 mv:1214 misc:1404 imb:36 pmb:262 smb:3302 d:- ref:0 ;
in:1727 out:1727 type:P dur:2 cpbdur:2 q:35.91 aq:30.79 tex:9480 mv:1172 misc:1348 imb:22 pmb:266 smb:3312 d:- ref:0 ;
in:1728 out:1728 type:P dur:2 cpbdur:2 q:35.90 aq:31.66 tex:7814 mv:1026 misc:1288 imb:20 pmb:250 smb:3330 d:- ref:0 ;
in:1729 out:1729 type:P dur:2 cpbdur:2 q:35.89 aq:31.44 tex:8687 mv:1089 misc:1296 imb:32 pmb:238 smb:3330 d:- ref:0 ;
in:1730 out:1730 type:P dur:2 cpbdur:2 q:35.88 aq:31.26 tex:8189 mv:962 misc:1313 imb:15 pmb:247 smb:3338 d:- ref:0 ;
in:1731 out:1731 type:P dur:2 cpbdur:2 q:35.88 aq:31.23 tex:7985 mv:760 misc:1223 imb:11 pmb:235 smb:3354 d:- ref:0 ;
in:1732 out:1732 type:P dur:2 cpbdur:2 q:35.87 aq:31.19 tex:9533 mv:1194 misc:1321 imb:38 pmb:245 smb:3317 d:- ref:0 ;
in:1733 out:1733 type:P dur:2 cpbdur:2 q:35.86 aq:30.85 tex:9993 mv:944 misc:1295 imb:14 pmb:256 smb:3330 d:- ref:0 ;
in:1734 out:1734 type:P dur:2 cpbdur:2 q:35.85 aq:30.98 tex:9458 mv:1256 misc:1350 imb:27 pmb:266 smb:3307 d:- ref:0 ;
in:1735 out:1735 type:P dur:2 cpbdur:2 q:35.84 aq:31.24 tex:10749 mv:906 misc:1353 imb:18 pmb:248 smb:3334 d:- ref:0 ;
in:1736 out:1736 type:P dur:2 cpbdur:2 q:35.83 aq:29.34 tex:9685 mv:1138 misc:1313 imb:51 pmb:234 smb:3315 d:- ref:0 ;
in:1737 out:1737 type:P dur:2 cpbdur:2 q:35.82 aq:30.77 tex:8631 mv:983 misc:1266 imb:22 pmb:233 smb:3345 d:- ref:0 ;
in:1738 out:1738 type:P dur:2 cpbdur:2 q:35.81 aq:30.65 tex:9294 mv:997 misc:1381 imb:21 pmb:256 smb:3323 d:- ref:0 ;
in:1739 out:1739 type:P dur:2 cpbdur:2 q:35.80 aq:30.95 tex:8206 mv:884 misc:1286 imb:17 pmb:238 smb:3345 d:- ref:0 ;
in:1740 out:1740 type:I dur:2 cpbdur:2 q:33.06 aq:24.08 tex:373055 mv:59682 misc:511 imb:3600 pmb:0 smb:0 d:- ref:;
in:1741 out:1741 type:P dur:2 cpbdur:2 q:36.16 aq:28.88 tex:6049 mv:563 misc:964 imb:26 pmb:148 smb:3426 d:- ref:0 ;
in:1742 out:1742 type:P dur:2 cpbdur:2 q:36.14 aq:32.49 tex:6270 mv:379 misc:951 imb:1 pmb:160 smb:3439 d:- ref:0 ;
in:1743 out:1743 type:P dur:2 cpbdur:2 q:36.13 aq:32.07 tex:6100 mv:425 misc:971 imb:10 pmb:150 smb:3440 d:- ref:0 ;
in:1744 out:1744 type:P dur:2 cpbdur:2 q:36.12 aq:31.39 tex:8239 mv:511 misc:1018 imb:7 pmb:189 smb:3404 d:- ref:0 ;
in:1745 out:1745 type:P dur:2 cpbdur:2 q:36.11 aq:31.45 tex:7435 mv:503 misc:1014 imb:3 pmb:184 smb:3413 d:- ref:0 ;
in:1746 out:1746 type:P dur:2 cpbdur:2 q:36.10 aq:30.92 tex:9561 mv:859 misc:1156 imb:10 pmb:225 smb:3365 d:- ref:0 ;
in:1747 out:1747 type:P dur:2 cpbdur:2 q:36.09 aq:31.63 tex:7251 mv:544 misc:1085 imb:6 pmb:184 smb:3410 d:- ref:0 ;
in:1748 out:1748 type:P dur:2 cpbdur:2 q:36.08 aq:30.74 tex:9884 mv:822 misc:1142 imb:8 pmb:243 smb:3349 d:- ref:0 ;
in:1749 out:1749 type:P dur:2 cpbdur:2 q:36.08 aq:31.25 tex:10153 mv:961 misc:1302 imb:21 pmb:259 smb:3320 d:- ref:0 ;
in:1750 out:1750 type:P dur:2 cpbdur:2 q:36.07 aq:30.82 tex:7612 mv:573 misc:1079 imb:7 pmb:195 smb:3398 d:- ref:0 ;
in:1751 out:1751 type:P dur:2 cpbdur:2 q:36.06 aq:30.46 tex:8424 mv:654 misc:1074 imb:10 pmb:193 smb:3397 d:- ref:0 ;
in:1752 out:1752 type:P dur:2 cpbdur:2 q:36.12 aq:31.40 tex:7262 mv:750 misc:1100 imb:22 pmb:198 smb:3380 d:- ref:0 ;
in:1753 out:1753 type:P dur:2 cpbdur:2 q:36.11 aq:31.26 tex:8983 mv:498 misc:1031 imb:4 pmb:187 smb:3409 d:- ref:0 ;
in:1754 out:1754 type:P dur:2 cpbdur:2 q:36.09 aq:30.66 tex:5441 mv:591 misc:992 imb:13 pmb:161 smb:3426 d:- ref:0 ;
in:1755 out:1755 type:P dur:2 cpbdur:2 q:36.08 aq:30.68 tex:8639 mv:684 misc:1093 imb:11 pmb:205 smb:3384 d:- ref:0 ;
in:1756 out:1756 type:P dur:2 cpbdur:2 q:36.06 aq:31.12 tex:7951 mv:560 misc:1113 imb:9 pmb:198 smb:3393 d:- ref:0 ;
in:1757 out:1757 type:P dur:2 cpbdur:2 q:36.05 aq:30.67 tex:5947 mv:487 misc:990 imb:4 pmb:160 smb:3436 d:- ref:0 ;
in:1758 out:1758 type:P dur:2 cpbdur:2 q:36.04 aq:31.04 tex:6911 mv:574 misc:1019 imb:6 pmb:175 smb:3419 d:- ref:0 ;
in:1759 out:1759 type:P dur:2 cpbdur:2 q:36.03 aq:31.19 tex:10673 mv:691 misc:1156 imb:9 pmb:213 smb:3378 d:- ref:0 ;
in:1760 out:1760 type:P dur:2 cpbdur:2 q:36.02 aq:30.21 tex:5629 mv:530 misc:1049 imb:6 pmb:164 smb:3430 d:- ref:0 ;
in:1761 out:1761 type:P dur:2 cpbdur:2 q:36.01 aq:30.79 tex:8434 mv:689 misc:1085 imb:9 pmb:195 smb:3396 d:- ref:0 ;
in:1762 out:1762 type:P dur:2 cpbdur:2 q:36.00 aq:29.92 tex:7928 mv:688 misc:1104 imb:12 pmb:193 smb:3395 d:- ref:0 ;
in:1763 out:1763 type:P dur:2 cpbdur:2 q:35.99 aq:30.83 tex:6036 mv:428 misc:936 imb:7 pmb:139 smb:3454 d:- ref:0 ;
in:1764 out:1764 type:P dur:2 cpbdur:2 q:35.97 aq:30.44 tex:6963 mv:624 misc:1029 imb:10 pmb:177 smb:3413 d:- ref:0 ;
in:1765 out:1765 type:P dur:2 cpbdur:2 q:35.96 aq:30.12 tex:7000 mv:683 misc:1125 imb:23 pmb:196 smb:3381 d:- ref:0 ;
in:1766 out:1766 type:P dur:2 cpbdur:2 q:35.95 aq:30.28 tex:6339 mv:469 misc:968 imb:3 pmb:154 smb:3443 d:- ref:0 ;
in:1767 out:1767 type:P dur:2 cpbdur:2 q:35.94 aq:30.42 tex:6991 mv:645 misc:1060 imb:11 pmb:182 smb:3407 d:- ref:0 ;
in:1768 out:1768 type:P dur:2 cpbdur:2 q:35.93 aq:30.56 tex:8325 mv:749 misc:1174 imb:14 pmb:200 smb:3386 d:- ref:0 ;
in:1769 out:1769 type:P dur:2 cpbdur:2 q:35.92 aq:29.51 tex:8776 mv:795 misc:1125 imb:15 pmb:201 smb:3384 d:- ref:0 ;
in:1770 out:1770 type:P dur:2 cpbdur:2 q:35.90 aq:30.27 tex:7782 mv:670 misc:1100 imb:22 pmb:187 smb:3391 d:- ref:0 ;
in:1771 out:1771 type:P dur:2 cpbdur:2 q:35.89 aq:29.81 tex:7533 mv:565 misc:1086 imb:3 pmb:191 smb:3406 d:- ref:0 ;
in:1772 out:1772 type:P dur:2 cpbdur:2 q:35.88 aq:29.79 tex:7561 mv:512 misc:967 imb:9 pmb:152 smb:3439 d:- ref:0 ;
in:1773 out:1773 type:P dur:2 cpbdur:2 q:35.87 aq:30.77 tex:9196 mv:689 misc:1123 imb:19 pmb:192 smb:3389 d:- ref:0 ;
in:1774 out:1774 type:P dur:2 cpbdur:2 q:35.86 aq:29.65 tex:5765 mv:385 misc:962 imb:4 pmb:146 smb:3450 d:- ref:0 ;
in:1775 out:1775 type:P dur:2 cpbdur:2 q:35.84 aq:30.08 tex:8035 mv:440 misc:1013 imb:6 pmb:161 smb:3433 d:- ref:0 ;
in:1776 out:1776 type:P dur:2 cpbdur:2 q:35.83 aq:29.82 tex:6972 mv:549 misc:1007 imb:11 pmb:158 smb:3431 d:- ref:0 ;
in:1777 out:1777 type:P dur:2 cpbdur:2 q:35.82 aq:30.03 tex:5954 mv:397 misc:985 imb:3 pmb:157 smb:3440 d:- ref:0 ;
in:1778 out:1778 type:P dur:2 cpbdur:2 q:35.80 aq:30.15 tex:7597 mv:601 misc:1106 imb:11 pmb:196 smb:3393 d:- ref:0 ;
in:1779 out:1779 type:P dur:2 cpbdur:2 q:35.79 aq:29.66 tex:7237 mv:572 misc:1079 imb:10 pmb:177 smb:3413 d:- ref:0 ;
in:1780 out:1780 type:P dur:2 cpbdur:2 q:35.78 aq:28.34 tex:7162 mv:499 misc:1019 imb:8 pmb:166 smb:3426 d:- ref:0 ;
in:1781 out:1781 type:P dur:2 cpbdur:2 q:35.77 aq:29.84 tex:9130 mv:421 misc:1033 imb:7 pmb:174 smb:3419 d:- ref:0 ;
in:1782 out:1782 type:P dur:2 cpbdur:2 q:35.76 aq:29.03 tex:4955 mv:313 misc:892 imb:7 pmb:128 smb:3465 d:- ref:0 ;
in:1783 out:1783 type:P dur:2 cpbdur:2 q:35.74 aq:28.16 tex:7314 mv:539 misc:1059 imb:4 pmb:180 smb:3416 d:- ref:0 ;
in:1784 out:1784 type:P dur:2 cpbdur:2 q:35.73 aq:30.21 tex:7038 mv:366 misc:980 imb:2 pmb:160 smb:3438 d:- ref:0 ;
in:1785 out:1785 type:P dur:2 cpbdur:2 q:35.72 aq:29.15 tex:5709 mv:410 misc:873 imb:8 pmb:134 smb:3458 d:- ref:0 ;
in:1786 out:1786 type:P dur:2 cpbdur:2 q:35.71 aq:30.19 tex:5577 mv:331 misc:860 imb:3 pmb:133 smb:3464 d:- ref:0 ;
in:1787 out:1787 type:P dur:2 cpbdur:2 q:35.70 aq:26.34 tex:5194 mv:317 misc:857 imb:7 pmb:114 smb:3479 d:- ref:0 ;
in:1788 out:1788 type:P dur:2 cpbdur:2 q:35.68 aq:28.79 tex:8062 mv:596 misc:1014 imb:28 pmb:156 smb:3416 d:- ref:0 ;
in:1789 out:1789 type:P dur:2 cpbdur:2 q:35.67 aq:29.01 tex:5734 mv:424 misc:970 imb:5 pmb:152 smb:3443 d:- ref:0 ;
in:1790 out:1790 type:P dur:2 cpbdur:2 q:35.66 aq:29.02 tex:9511 mv:659 misc:1110 imb:9 pmb:197 smb:3394 d:- ref:0 ;
in:1791 out:1791 type:P dur:2 cpbdur:2 q:35.65 aq:28.77 tex:6195 mv:305 misc:900 imb:7 pmb:135 smb:3458 d:- ref:0 ;
in:1792 out:1792 type:P dur:2 cpbdur:2 q:35.63 aq:29.01 tex:11271 mv:825 misc:1104 imb:31 pmb:212 smb:3357 d:- ref:0 ;
in:1793 out:1793 type:P dur:2 cpbdur:2 q:35.63 aq:28.81 tex:6203 mv:549 misc:1040 imb:12 pmb:151 smb:3437 d:- ref:0 ;
in:1794 out:1794 type:P dur:2 cpbdur:2 q:35.61 aq:28.01 tex:8481 mv:695 misc:1160 imb:10 pmb:199 smb:3391 d:- ref:0 ;
in:1796 out:1795 type:P dur:2 cpbdur:2 q:35.60 aq:29.15 tex:10689 mv:955 misc:1268 imb:28 pmb:246 smb:3326 d:- ref:0 ;
in:1795 out:1796 type:b dur:2 cpbdur:2 q:35.60 aq:30.00 tex:1 mv:5 misc:226 imb:0 pmb:2 smb:3598 d:- ref:0 ;
in:1798 out:1797 type:P dur:2 cpbdur:2 q:35.57 aq:28.55 tex:11570 mv:690 misc:1212 imb:15 pmb:228 smb:3357 d:- ref:0 ;
in:1797 out:1798 type:b dur:2 cpbdur:2 q:35.58 aq:36.48 tex:59 mv:10 misc:243 imb:0 pmb:3 smb:3597 d:- ref:0 ;
in:1799 out:1799 type:P dur:2 cpbdur:2 q:35.54 aq:33.97 tex:582 mv:30 misc:276 imb:1 pmb:8 smb:3591 d:- ref:0 ;
in:1800 out:1800 type:I dur:2 cpbdur:2 q:32.84 aq:22.74 tex:428620 mv:62144 misc:516 imb:3600 pmb:0 smb:0 d:- ref:;
in:1801 out:1801 type:P dur:2 cpbdur:2 q:35.95 aq:29.27 tex:3159 mv:179 misc:606 imb:2 pmb:68 smb:3530 d:- ref:0 ;
in:1802 out:1802 type:P dur:2 cpbdur:2 q:35.94 aq:29.53 tex:4836 mv:280 misc:772 imb:6 pmb:101 smb:3493 d:- ref:0 ;
in:1803 out:1803 type:P dur:2 cpbdur:2 q:35.92 aq:29.46 tex:3221 mv:141 misc:702 imb:2 pmb:84 smb:3514 d:- ref:0 ;
in:1804 out:1804 type:P dur:2 cpbdur:2 q:35.91 aq:28.78 tex:5731 mv:284 misc:737 imb:9 pmb:94 smb:3497 d:- ref:0 ;
in:1806 out:1805 type:P dur:2 cpbdur:2 q:35.90 aq:29.56 tex:7950 mv:329 misc:1025 imb:3 pmb:181 smb:3416 d:- ref:0 ;
in:1805 out:1806 type:b dur:2 cpbdur:2 q:35.91 aq:31.00 tex:0 mv:0 misc:216 imb:0 pmb:0 smb:3600 d:- ref:0 ;
in:1807 out:1807 type:P dur:2 cpbdur:2 q:35.88 aq:29.12 tex:4402 mv:209 misc:741 imb:3 pmb:95 smb:3502 d:- ref:0 ;
in:1808 out:1808 type:P dur:2 cpbdur:2 q:35.86 aq:29.85 tex:4601 mv:248 misc:751 imb:5 pmb:104 smb:3491 d:- ref:0 ;
in:1810 out:1809 type:P dur:2 cpbdur:2 q:35.85 aq:29.20 tex:8099 mv:398 misc:951 imb:6 pmb:152 smb:3442 d:- ref:0 ;
in:1809 out:1810 type:b dur:2 cpbdur:2 q:35.85 aq:31.00 tex:1 mv:3 misc:228 imb:0 pmb:1 smb:3599 d:- ref:0 ;
in:1812 out:1811 type:P dur:2 cpbdur:2 q:35.81 aq:28.10 tex:8872 mv:461 misc:1067 imb:4 pmb:202 smb:3394 d:- ref:0 ;
in:1811 out:1812 type:b dur:2 cpbdur:2 q:35.83 aq:31.00 tex:0 mv:0 misc:216 imb:0 pmb:0 smb:3600 d:- ref:0 ;
in:1814 out:1813 type:P dur:2 cpbdur:2 q:35.85 aq:28.93 tex:8350 mv:517 misc:1117 imb:5 pmb:193 smb:3402 d:- ref:0 ;
in:1813 out:1814 type:b dur:2 cpbdur:2 q:35.83 aq:31.00 tex:4 mv:19 misc:249 imb:0 pmb:7 smb:3593 d:- ref:0 ;
in:1817 out:1815 type:P dur:2 cpbdur:2 q:35.82 aq:28.11 tex:12713 mv:566 misc:1241 imb:9 pmb:248 smb:3343 d:- ref:0 ;
in:1815 out:1816 type:B dur:2 cpbdur:2 q:35.84 aq:29.00 tex:1 mv:12 misc:259 imb:0 pmb:4 smb:3596 d:- ref:0 ;
in:1816 out:1817 type:b dur:2 cpbdur:2 q:35.83 aq:30.00 tex:1 mv:7 misc:232 imb:0 pmb:2 smb:3598 d:- ref:0 ;
in:1819 out:1818 type:P dur:2 cpbdur:2 q:35.77 aq:28.83 tex:10546 mv:482 misc:1148 imb:7 pmb:205 smb:3388 d:- ref:0 ;
in:1818 out:1819 type:b dur:2 cpbdur:2 q:35.79 aq:30.00 tex:0 mv:3 misc:229 imb:0 pmb:1 smb:3599 d:- ref:0 ;
in:1822 out:1820 type:P dur:2 cpbdur:2 q:35.73 aq:28.63 tex:12196 mv:798 misc:1166 imb:11 pmb:240 smb:3349 d:- ref:0 ;
in:1820 out:1821 type:B dur:2 cpbdur:2 q:35.75 aq:29.00 tex:3 mv:12 misc:257 imb:0 pmb:4 smb:3596 d:- ref:0 ;
in:1821 out:1822 type:b dur:2 cpbdur:2 q:35.74 aq:35.58 tex:138 mv:63 misc:255 imb:0 pmb:7 smb:3593 d:- ref:0 ;
in:1825 out:1823 type:P dur:2 cpbdur:2 q:35.68 aq:28.66 tex:10889 mv:539 misc:1196 imb:6 pmb:228 smb:3366 d:- ref:0 ;
in:1823 out:1824 type:B dur:2 cpbdur:2 q:35.71 aq:34.67 tex:61 mv:8 misc:243 imb:0 pmb:2 smb:3598 d:- ref:0 ;
in:1824 out:1825 type:b dur:2 cpbdur:2 q:35.70 aq:30.00 tex:1 mv:3 misc:228 imb:0 pmb:1 smb:3599 d:- ref:0 ;
in:1827 out:1826 type:P dur:2 cpbdur:2 q:35.63 aq:28.98 tex:13479 mv:641 misc:1192 imb:12 pmb:231 smb:3357 d:- ref:0 ;
in:1826 out:1827 type:b dur:2 cpbdur:2 q:35.66 aq:36.48 tex:54 mv:4 misc:230 imb:0 pmb:1 smb:3599 d:- ref:0 ;
in:1831 out:1828 type:P dur:2 cpbdur:2 q:35.60 aq:28.27 tex:15967 mv:978 misc:1239 imb:31 pmb:251 smb:3318 d:- ref:0 ;
in:1829 out:1829 type:B dur:2 cpbdur:2 q:35.62 aq:34.17 tex:207 mv:71 misc:378 imb:0 pmb:36 smb:3564 d:- ref:0 ;
in:1828 out:1830 type:b dur:2 cpbdur:2 q:35.62 aq:30.00 tex:3 mv:33 misc:292 imb:0 pmb:12 smb:3588 d:- ref:0 ;
in:1830 out:1831 type:b dur:2 cpbdur:2 q:35.61 aq:30.00 tex:1 mv:5 misc:226 imb:0 pmb:2 smb:3598 d:- ref:0 ;
in:1834 out:1832 type:P dur:2 cpbdur:2 q:35.55 aq:27.71 tex:11223 mv:640 misc:1201 imb:17 pmb:211 smb:3372 d:- ref:0 ;
in:1832 out:1833 type:B dur:2 cpbdur:2 q:35.59 aq:29.00 tex:0 mv:9 misc:263 imb:0 pmb:3 smb:3597 d:- ref:0 ;
in:1833 out:1834 type:b dur:2 cpbdur:2 q:35.57 aq:30.00 tex:1 mv:6 misc:233 imb:0 pmb:2 smb:3598 d:- ref:0 ;
in:1837 out:1835 type:P dur:2 cpbdur:2 q:35.50 aq:27.34 tex:10483 mv:602 misc:1275 imb:14 pmb:226 smb:3360 d:- ref:0 ;
in:1835 out:1836 type:B dur:2 cpbdur:2 q:35.53 aq:29.00 tex:0 mv:3 misc:245 imb:0 pmb:1 smb:3599 d:- ref:0 ;
in:1836 out:1837 type:b dur:2 cpbdur:2 q:35.51 aq:30.00 tex:0 mv:6 misc:226 imb:0 pmb:1 smb:3599 d:- ref:0 ;
in:1841 out:1838 type:P dur:2 cpbdur:2 q:35.45 aq:28.01 tex:13378 mv:826 misc:1324 imb:17 pmb:263 smb:3320 d:- ref:0 ;
in:1839 out:1839 type:B dur:2 cpbdur:2 q:35.47 aq:28.00 tex:8 mv:40 misc:288 imb:0 pmb:14 smb:3586 d:- ref:0 ;
in:1838 out:1840 type:b dur:2 cpbdur:2 q:35.49 aq:30.00 tex:2 mv:11 misc:243 imb:0 pmb:5 smb:3595 d:- ref:0 ;
in:1840 out:1841 type:b dur:2 cpbdur:2 q:35.46 aq:30.00 tex:1 mv:11 misc:244 imb:0 pmb:3 smb:3597 d:- ref:0 ;
in:1845 out:1842 type:P dur:2 cpbdur:2 q:35.38 aq:28.17 tex:13082 mv:777 misc:1317 imb:20 pmb:265 smb:3315 d:- ref:0 ;
in:1843 out:1843 type:B dur:2 cpbdur:2 q:35.42 aq:28.00 tex:7 mv:55 misc:274 imb:1 pmb:13 smb:3586 d:- ref:0 ;
in:1842 out:1844 type:b dur:2 cpbdur:2 q:35.43 aq:30.00 tex:0 mv:0 misc:216 imb:0 pmb:0 smb:3600 d:- ref:0 ;
in:1844 out:1845 type:b dur:2 cpbdur:2 q:35.40 aq:30.00 tex:3 mv:39 misc:278 imb:0 pmb:16 smb:3584 d:- ref:0 ;
in:1849 out:1846 type:P dur:2 cpbdur:2 q:35.31 aq:27.40 tex:15571 mv:699 misc:1314 imb:14 pmb:269 smb:3317 d:- ref:0 ;
in:1847 out:1847 type:B dur:2 cpbdur:2 q:35.35 aq:31.80 tex:49 mv:20 misc:283 imb:0 pmb:6 smb:3594 d:- ref:0 ;
in:1846 out:1848 type:b dur:2 cpbdur:2 q:35.37 aq:30.00 tex:1 mv:6 misc:233 imb:0 pmb:2 smb:3598 d:- ref:0 ;
in:1848 out:1849 type:b dur:2 cpbdur:2 q:35.33 aq:30.00 tex:0 mv:0 misc:216 imb:0 pmb:0 smb:3600 d:- ref:0 ;
in:1853 out:1850 type:P dur:2 cpbdur:2 q:35.25 aq:28.11 tex:13893 mv:820 misc:1271 imb:25 pmb:243 smb:3332 d:- ref:0 ;
in:1851 out:1851 type:B dur:2 cpbdur:2 q:35.28 aq:32.79 tex:80 mv:26 misc:278 imb:0 pmb:7 smb:3593 d:- ref:0 ;
in:1850 out:1852 type:b dur:2 cpbdur:2 q:35.30 aq:33.80 tex:152 mv:13 misc:235 imb:0 pmb:3 smb:3597 d:- ref:0 ;
in:1852 out:1853 type:b dur:2 cpbdur:2 q:35.26 aq:34.79 tex:73 mv:8 misc:231 imb:0 pmb:2 smb:3598 d:- ref:0 ;
in:1857 out:1854 type:P dur:2 cpbdur:2 q:35.17 aq:27.03 tex:12901 mv:845 misc:1230 imb:35 pmb:218 smb:3347 d:- ref:0 ;
in:1855 out:1855 type:B dur:2 cpbdur:2 q:35.21 aq:35.97 tex:253 mv:82 misc:305 imb:1 pmb:14 smb:3585 d:- ref:0 ;
in:1854 out:1856 type:b dur:2 cpbdur:2 q:35.23 aq:30.00 tex:1 mv:8 misc:239 imb:0 pmb:2 smb:3598 d:- ref:0 ;
in:1856 out:1857 type:b dur:2 cpbdur:2 q:35.19 aq:30.00 tex:8 mv:64 misc:272 imb:2 pmb:8 smb:3590 d:- ref:0 ;
in:1859 out:1858 type:P dur:2 cpbdur:2 q:35.10 aq:35.65 tex:458 mv:97 misc:341 imb:5 pmb:13 smb:3582 d:- ref:0 ;
in:1858 out:1859 type:b dur:2 cpbdur:2 q:35.14 aq:30.00 tex:2 mv:7 misc:239 imb:0 pmb:2 smb:3598 d:- ref:0 ;
in:1860 out:1860 type:I dur:2 cpbdur:2 q:32.50 aq:21.38 tex:476093 mv:64956 misc:519 imb:3600 pmb:0 smb:0 d:- ref:;
in:1864 out:1861 type:P dur:2 cpbdur:2 q:35.53 aq:28.39 tex:6277 mv:383 misc:836 imb:8 pmb:127 smb:3465 d:- ref:0 ;
in:1862 out:1862 type:B dur:2 cpbdur:2 q:35.53 aq:28.00 tex:2 mv:11 misc:235 imb:0 pmb:2 smb:3598 d:- ref:0 ;
in:1861 out:1863 type:b dur:2 cpbdur:2 q:35.53 aq:30.00 tex:0 mv:3 misc:229 imb:0 pmb:1 smb:3599 d:- ref:0 ;
in:1863 out:1864 type:b dur:2 cpbdur:2 q:35.53 aq:30.00 tex:0 mv:0 misc:216 imb:0 pmb:0 smb:3600 d:- ref:0 ;
in:1868 out:1865 type:P dur:2 cpbdur:2 q:35.46 aq:28.45 tex:6231 mv:322 misc:775 imb:10 pmb:102 smb:3488 d:- ref:0 ;
in:1866 out:1866 type:B dur:2 cpbdur:2 q:35.49 aq:28.00 tex:3 mv:22 misc:279 imb:0 pmb:9 smb:3591 d:- ref:0 ;
in:1865 out:1867 type:b dur:2 cpbdur:2 q:35.51 aq:30.00 tex:4 mv:16 misc:260 imb:0 pmb:7 smb:3593 d:- ref:0 ;
in:1867 out:1868 type:b dur:2 cpbdur:2 q:35.47 aq:30.00 tex:1 mv:3 misc:228 imb:0 pmb:1 smb:3599 d:- ref:0 ;
in:1872 out:1869 type:P dur:2 cpbdur:2 q:35.38 aq:27.54 tex:6004 mv:252 misc:864 imb:7 pmb:126 smb:3467 d:- ref:0 ;
in:1870 out:1870 type:B dur:2 cpbdur:2 q:35.42 aq:28.00 tex:0 mv:3 misc:245 imb:0 pmb:1 smb:3599 d:- ref:0 ;
in:1869 out:1871 type:b dur:2 cpbdur:2 q:35.44 aq:30.00 tex:1 mv:3 misc:228 imb:0 pmb:1 smb:3599 d:- ref:0 ;
in:1871 out:1872 type:b dur:2 cpbdur:2 q:35.40 aq:30.00 tex:0 mv:0 misc:216 imb:0 pmb:0 smb:3600 d:- ref:0 ;
in:1876 out:1873 type:P dur:2 cpbdur:2 q:35.39 aq:27.46 tex:6344 mv:226 misc:822 imb:3 pmb:125 smb:3472 d:- ref:0 ;
in:1874 out:1874 type:B dur:2 cpbdur:2 q:35.39 aq:28.00 tex:1 mv:15 misc:264 imb:0 pmb:5 smb:3595 d:- ref:0 ;
in:1873 out:1875 type:b dur:2 cpbdur:2 q:35.38 aq:30.00 tex:0 mv:0 misc:216 imb:0 pmb:0 smb:3600 d:- ref:0 ;
in:1875 out:1876 type:b dur:2 cpbdur:2 q:35.39 aq:30.00 tex:1 mv:10 misc:237 imb:0 pmb:3 smb:3597 d:- ref:0 ;
in:1880 out:1877 type:P dur:2 cpbdur:2 q:35.31 aq:27.01 tex:7020 mv:214 misc:814 imb:3 pmb:116 smb:3481 d:- ref:0 ;
in:1878 out:1878 type:B dur:2 cpbdur:2 q:35.35 aq:33.15 tex:175 mv:30 misc:267 imb:0 pmb:5 smb:3595 d:- ref:0 ;
in:1877 out:1879 type:b dur:2 cpbdur:2 q:35.37 aq:30.00 tex:0 mv:0 misc:216 imb:0 pmb:0 smb:3600 d:- ref:0 ;
in:1879 out:1880 type:b dur:2 cpbdur:2 q:35.33 aq:33.80 tex:108 mv:27 misc:241 imb:0 pmb:3 smb:3597 d:- ref:0 ;
in:1884 out:1881 type:P dur:2 cpbdur:2 q:35.22 aq:27.09 tex:6435 mv:339 misc:834 imb:7 pmb:111 smb:3482 d:- ref:0 ;
in:1882 out:1882 type:B dur:2 cpbdur:2 q:35.26 aq:35.30 tex:257 mv:32 misc:279 imb:0 pmb:8 smb:3592 d:- ref:0 ;
in:1881 out:1883 type:b dur:2 cpbdur:2 q:35.29 aq:34.79 tex:78 mv:7 misc:227 imb:0 pmb:2 smb:3598 d:- ref:0 ;
in:1883 out:1884 type:b dur:2 cpbdur:2 q:35.24 aq:32.89 tex:43 mv:22 misc:255 imb:0 pmb:6 smb:3594 d:- ref:0 ;
in:1888 out:1885 type:P dur:2 cpbdur:2 q:35.14 aq:27.66 tex:8708 mv:311 misc:917 imb:4 pmb:146 smb:3450 d:- ref:0 ;
in:1886 out:1886 type:B dur:2 cpbdur:2 q:35.18 aq:33.76 tex:230 mv:34 misc:280 imb:0 pmb:10 smb:3590 d:- ref:0 ;
in:1885 out:1887 type:b dur:2 cpbdur:2 q:35.20 aq:30.00 tex:1 mv:12 misc:243 imb:0 pmb:4 smb:3596 d:- ref:0 ;
in:1887 out:1888 type:b dur:2 cpbdur:2 q:35.16 aq:30.00 tex:0 mv:9 misc:239 imb:0 pmb:3 smb:3597 d:- ref:0 ;
in:1892 out:1889 type:P dur:2 cpbdur:2 q:35.06 aq:27.24 tex:4545 mv:147 misc:676 imb:1 pmb:83 smb:3516 d:- ref:0 ;
in:1890 out:1890 type:B dur:2 cpbdur:2 q:35.10 aq:36.03 tex:119 mv:15 misc:250 imb:0 pmb:2 smb:3598 d:- ref:0 ;
in:1889 out:1891 type:b dur:2 cpbdur:2 q:35.12 aq:30.00 tex:0 mv:0 misc:216 imb:0 pmb:0 smb:3600 d:- ref:0 ;
in:1891 out:1892 type:b dur:2 cpbdur:2 q:35.08 aq:30.00 tex:1 mv:2 misc:229 imb:0 pmb:1 smb:3599 d:- ref:0 ;
in:1896 out:1893 type:P dur:2 cpbdur:2 q:34.98 aq:25.74 tex:8332 mv:493 misc:1007 imb:11 pmb:173 smb:3416 d:- ref:0 ;
in:1894 out:1894 type:B dur:2 cpbdur:2 q:35.02 aq:19.15 tex:34 mv:24 misc:278 imb:0 pmb:7 smb:3593 d:- ref:0 ;
in:1893 out:1895 type:b dur:2 cpbdur:2 q:35.04 aq:30.00 tex:1 mv:8 misc:231 imb:0 pmb:2 smb:3598 d:- ref:0 ;
in:1895 out:1896 type:b dur:2 cpbdur:2 q:35.00 aq:20.17 tex:40 mv:8 misc:232 imb:0 pmb:2 smb:3598 d:- ref:0 ;
in:1900 out:1897 type:P dur:2 cpbdur:2 q:34.91 aq:27.31 tex:7040 mv:249 misc:903 imb:5 pmb:141 smb:3454 d:- ref:0 ;
in:1898 out:1898 type:B dur:2 cpbdur:2 q:34.94 aq:28.00 tex:0 mv:0 misc:232 imb:0 pmb:0 smb:3600 d:- ref:0 ;
in:1897 out:1899 type:b dur:2 cpbdur:2 q:34.96 aq:30.00 tex:0 mv:0 misc:216 imb:0 pmb:0 smb:3600 d:- ref:0 ;
in:1899 out:1900 type:b dur:2 cpbdur:2 q:34.92 aq:30.00 tex:0 mv:0 misc:216 imb:0 pmb:0 smb:3600 d:- ref:0 ;
in:1904 out:1901 type:P dur:2 cpbdur:2 q:34.82 aq:26.83 tex:7997 mv:290 misc:961 imb:3 pmb:149 smb:3448 d:- ref:0 ;
in:1902 out:1902 type:B dur:2 cpbdur:2 q:34.86 aq:28.00 tex:2 mv:16 misc:270 imb:0 pmb:5 smb:3595 d:- ref:0 ;
in:1901 out:1903 type:b dur:2 cpbdur:2 q:34.89 aq:29.00 tex:1 mv:3 misc:228 imb:0 pmb:1 smb:3599 d:- ref:0 ;
in:1903 out:1904 type:b dur:2 cpbdur:2 q:34.84 aq:29.00 tex:0 mv:4 misc:228 imb:0 pmb:1 smb:3599 d:- ref:0 ;
in:1908 out:1905 type:P dur:2 cpbdur:2 q:34.74 aq:25.05 tex:8308 mv:413 misc:943 imb:10 pmb:148 smb:3442 d:- ref:0 ;
in:1906 out:1906 type:B dur:2 cpbdur:2 q:34.78 aq:33.11 tex:156 mv:59 misc:289 imb:0 pmb:14 smb:3586 d:- ref:0 ;
in:1905 out:1907 type:b dur:2 cpbdur:2 q:34.80 aq:29.00 tex:0 mv:0 misc:216 imb:0 pmb:0 smb:3600 d:- ref:0 ;
in:1907 out:1908 type:b dur:2 cpbdur:2 q:34.76 aq:29.00 tex:1 mv:7 misc:232 imb:0 pmb:2 smb:3598 d:- ref:0 ;
in:1912 out:1909 type:P dur:2 cpbdur:2 q:34.66 aq:26.88 tex:7260 mv:212 misc:832 imb:5 pmb:116 smb:3479 d:- ref:0 ;
in:1910 out:1910 type:B dur:2 cpbdur:2 q:34.70 aq:33.10 tex:81 mv:20 misc:259 imb:0 pmb:4 smb:3596 d:- ref:0 ;
in:1909 out:1911 type:b dur:2 cpbdur:2 q:34.72 aq:29.00 tex:2 mv:5 misc:225 imb:0 pmb:2 smb:3598 d:- ref:0 ;
in:1911 out:1912 type:b dur:2 cpbdur:2 q:34.68 aq:29.00 tex:2 mv:4 misc:226 imb:0 pmb:2 smb:3598 d:- ref:0 ;
in:1916 out:1913 type:P dur:2 cpbdur:2 q:34.58 aq:26.50 tex:7144 mv:218 misc:854 imb:4 pmb:120 smb:3476 d:- ref:0 ;
in:1914 out:1914 type:B dur:2 cpbdur:2 q:34.62 aq:33.20 tex:385 mv:44 misc:283 imb:0 pmb:9 smb:3591 d:- ref:0 ;
in:1913 out:1915 type:b dur:2 cpbdur:2 q:34.64 aq:35.48 tex:65 mv:34 misc:245 imb:0 pmb:4 smb:3596 d:- ref:0 ;
in:1915 out:1916 type:b dur:2 cpbdur:2 q:34.60 aq:29.00 tex:3 mv:7 misc:238 imb:0 pmb:3 smb:3597 d:- ref:0 ;
in:1919 out:1917 type:P dur:2 cpbdur:2 q:34.50 aq:32.14 tex:201 mv:15 misc:272 imb:0 pmb:4 smb:3596 d:- ref:0 ;
in:1917 out:1918 type:B dur:2 cpbdur:2 q:34.56 aq:29.00 tex:2 mv:4 misc:242 imb:0 pmb:2 smb:3598 d:- ref:0 ;
in:1918 out:1919 type:b dur:2 cpbdur:2 q:34.53 aq:29.00 tex:1 mv:5 misc:226 imb:0 pmb:1 smb:3599 d:- ref:0 ;
in:1920 out:1920 type:I dur:2 cpbdur:2 q:31.95 aq:20.63 tex:508354 mv:66223 misc:535 imb:3600 pmb:0 smb:0 d:- ref:;
in:1924 out:1921 type:P dur:2 cpbdur:2 q:34.96 aq:26.54 tex:3846 mv:166 misc:652 imb:3 pmb:80 smb:3517 d:- ref:0 ;
in:1922 out:1922 type:B dur:2 cpbdur:2 q:34.96 aq:28.00 tex:3 mv:7 misc:238 imb:0 pmb:3 smb:3597 d:- ref:0 ;
in:1921 out:1923 type:b dur:2 cpbdur:2 q:34.96 aq:30.00 tex:0 mv:0 misc:216 imb:0 pmb:0 smb:3600 d:- ref:0 ;
in:1923 out:1924 type:b dur:2 cpbdur:2 q:34.96 aq:30.00 tex:0 mv:0 misc:216 imb:0 pmb:0 smb:3600 d:- ref:0 ;
in:1928 out:1925 type:P dur:2 cpbdur:2 q:34.88 aq:26.23 tex:2242 mv:110 misc:512 imb:2 pmb:44 smb:3554 d:- ref:0 ;
in:1926 out:1926 type:B dur:2 cpbdur:2 q:34.92 aq:28.00 tex:0 mv:0 misc:232 imb:0 pmb:0 smb:3600 d:- ref:0 ;
in:1925 out:1927 type:b dur:2 cpbdur:2 q:34.94 aq:30.00 tex:0 mv:0 misc:216 imb:0 pmb:0 smb:3600 d:- ref:0 ;
in:1927 out:1928 type:b dur:2 cpbdur:2 q:34.90 aq:29.00 tex:0 mv:0 misc:216 imb:0 pmb:0 smb:3600 d:- ref:0 ;
in:1932 out:1929 type:P dur:2 cpbdur:2 q:34.79 aq:26.89 tex:2862 mv:92 misc:542 imb:1 pmb:53 smb:3546 d:- ref:0 ;
in:1930 out:1930 type:B dur:2 cpbdur:2 q:34.83 aq:28.00 tex:0 mv:3 misc:245 imb:0 pmb:1 smb:3599 d:- ref:0 ;
in:1929 out:1931 type:b dur:2 cpbdur:2 q:34.85 aq:29.00 tex:0 mv:0 misc:216 imb:0 pmb:0 smb:3600 d:- ref:0 ;
in:1931 out:1932 type:b dur:2 cpbdur:2 q:34.81 aq:29.00 tex:0 mv:0 misc:216 imb:0 pmb:0 smb:3600 d:- ref:0 ;
in:1936 out:1933 type:P dur:2 cpbdur:2 q:34.79 aq:27.23 tex:3646 mv:142 misc:556 imb:0 pmb:62 smb:3538 d:- ref:0 ;
in:1934 out:1934 type:B dur:2 cpbdur:2 q:34.79 aq:31.33 tex:60 mv:12 misc:272 imb:0 pmb:4 smb:3596 d:- ref:0 ;
in:1933 out:1935 type:b dur:2 cpbdur:2 q:34.79 aq:29.00 tex:2 mv:5 misc:233 imb:0 pmb:2 smb:3598 d:- ref:0 ;
in:1935 out:1936 type:b dur:2 cpbdur:2 q:34.79 aq:29.00 tex:1 mv:3 misc:228 imb:0 pmb:1 smb:3599 d:- ref:0 ;
in:1940 out:1937 type:P dur:2 cpbdur:2 q:34.70 aq:27.10 tex:2825 mv:115 misc:532 imb:2 pmb:51 smb:3547 d:- ref:0 ;
in:1938 out:1938 type:B dur:2 cpbdur:2 q:34.75 aq:32.21 tex:169 mv:14 misc:257 imb:0 pmb:4 smb:3596 d:- ref:0 ;
in:1937 out:1939 type:b dur:2 cpbdur:2 q:34.77 aq:33.27 tex:122 mv:30 misc:240 imb:0 pmb:3 smb:3597 d:- ref:0 ;
in:1939 out:1940 type:b dur:2 cpbdur:2 q:34.72 aq:34.23 tex:72 mv:8 misc:232 imb:0 pmb:2 smb:3598 d:- ref:0 ;
in:1944 out:1941 type:P dur:2 cpbdur:2 q:34.61 aq:26.82 tex:14142 mv:422 misc:612 imb:29 pmb:74 smb:3497 d:- ref:0 ;
in:1942 out:1942 type:B dur:2 cpbdur:2 q:34.66 aq:34.22 tex:370 mv:93 misc:353 imb:0 pmb:45 smb:3555 d:- ref:0 ;
in:1941 out:1943 type:b dur:2 cpbdur:2 q:34.68 aq:29.00 tex:0 mv:0 misc:216 imb:0 pmb:0 smb:3600 d:- ref:0 ;
in:1943 out:1944 type:b dur:2 cpbdur:2 q:34.64 aq:29.00 tex:8 mv:57 misc:343 imb:0 pmb:42 smb:3558 d:- ref:0 ;
in:1948 out:1945 type:P dur:2 cpbdur:2 q:34.54 aq:27.10 tex:5341 mv:221 misc:662 imb:2 pmb:80 smb:3518 d:- ref:0 ;
in:1946 out:1946 type:B dur:2 cpbdur:2 q:34.58 aq:34.08 tex:556 mv:53 misc:279 imb:0 pmb:11 smb:3589 d:- ref:0 ;
in:1945 out:1947 type:b dur:2 cpbdur:2 q:34.60 aq:29.00 tex:1 mv:23 misc:248 imb:0 pmb:6 smb:3594 d:- ref:0 ;
in:1947 out:1948 type:b dur:2 cpbdur:2 q:34.56 aq:33.79 tex:67 mv:40 misc:229 imb:0 pmb:3 smb:3597 d:- ref:0 ;
in:1952 out:1949 type:P dur:2 cpbdur:2 q:34.45 aq:26.45 tex:4365 mv:190 misc:573 imb:1 pmb:67 smb:3532 d:- ref:0 ;
in:1950 out:1950 type:B dur:2 cpbdur:2 q:34.50 aq:31.58 tex:372 mv:77 misc:271 imb:0 pmb:9 smb:3591 d:- ref:0 ;
in:1949 out:1951 type:b dur:2 cpbdur:2 q:34.52 aq:29.00 tex:1 mv:13 misc:242 imb:0 pmb:5 smb:3595 d:- ref:0 ;
in:1951 out:1952 type:b dur:2 cpbdur:2 q:34.47 aq:33.79 tex:96 mv:29 misc:235 imb:0 pmb:3 smb:3597 d:- ref:0 ;
in:1956 out:1953 type:P dur:2 cpbdur:2 q:34.38 aq:26.41 tex:5196 mv:217 misc:651 imb:3 pmb:83 smb:3514 d:- ref:0 ;
in:1954 out:1954 type:B dur:2 cpbdur:2 q:34.42 aq:31.37 tex:349 mv:71 misc:260 imb:0 pmb:10 smb:3590 d:- ref:0 ;
in:1953 out:1955 type:b dur:2 cpbdur:2 q:34.43 aq:29.00 tex:2 mv:7 misc:231 imb:0 pmb:3 smb:3597 d:- ref:0 ;
in:1955 out:1956 type:b dur:2 cpbdur:2 q:34.40 aq:33.79 tex:61 mv:30 misc:229 imb:0 pmb:2 smb:3598 d:- ref:0 ;
in:1960 out:1957 type:P dur:2 cpbdur:2 q:34.29 aq:26.67 tex:5718 mv:320 misc:698 imb:5 pmb:89 smb:3506 d:- ref:0 ;
in:1958 out:1958 type:B dur:2 cpbdur:2 q:34.34 aq:32.24 tex:280 mv:115 misc:277 imb:0 pmb:12 smb:3588 d:- ref:0 ;
in:1957 out:1959 type:b dur:2 cpbdur:2 q:34.36 aq:29.00 tex:2 mv:62 misc:240 imb:1 pmb:4 smb:3595 d:- ref:0 ;
in:1959 out:1960 type:b dur:2 cpbdur:2 q:34.31 aq:33.80 tex:105 mv:24 misc:247 imb:0 pmb:6 smb:3594 d:- ref:0 ;
in:1964 out:1961 type:P dur:2 cpbdur:2 q:34.21 aq:24.70 tex:5495 mv:443 misc:710 imb:20 pmb:83 smb:3497 d:- ref:0 ;
in:1962 out:1962 type:B dur:2 cpbdur:2 q:34.25 aq:26.86 tex:416 mv:165 misc:323 imb:0 pmb:22 smb:3578 d:- ref:0 ;
in:1961 out:1963 type:b dur:2 cpbdur:2 q:34.27 aq:27.54 tex:104 mv:65 misc:295 imb:0 pmb:22 smb:3578 d:- ref:0 ;
in:1963 out:1964 type:b dur:2 cpbdur:2 q:34.23 aq:29.00 tex:1 mv:56 misc:255 imb:0 pmb:6 smb:3594 d:- ref:0 ;
in:1968 out:1965 type:P dur:2 cpbdur:2 q:34.13 aq:25.86 tex:5980 mv:381 misc:775 imb:18 pmb:90 smb:3492 d:- ref:0 ;
in:1966 out:1966 type:B dur:2 cpbdur:2 q:34.17 aq:31.81 tex:474 mv:112 misc:270 imb:0 pmb:9 smb:3591 d:- ref:0 ;
in:1965 out:1967 type:b dur:2 cpbdur:2 q:34.19 aq:33.79 tex:67 mv:35 misc:250 imb:0 pmb:5 smb:3595 d:- ref:0 ;
in:1967 out:1968 type:b dur:2 cpbdur:2 q:34.15 aq:33.79 tex:67 mv:25 misc:244 imb:0 pmb:5 smb:3595 d:- ref:0 ;
in:1972 out:1969 type:P dur:2 cpbdur:2 q:34.05 aq:27.86 tex:11591 mv:532 misc:933 imb:19 pmb:151 smb:3430 d:- ref:0 ;
in:1970 out:1970 type:B dur:2 cpbdur:2 q:34.09 aq:33.28 tex:620 mv:183 misc:405 imb:0 pmb:46 smb:3554 d:- ref:0 ;
in:1969 out:1971 type:b dur:2 cpbdur:2 q:34.11 aq:32.97 tex:101 mv:11 misc:240 imb:0 pmb:4 smb:3596 d:- ref:0 ;
in:1971 out:1972 type:b dur:2 cpbdur:2 q:34.07 aq:36.59 tex:107 mv:82 misc:291 imb:0 pmb:12 smb:3588 d:- ref:0 ;
in:1976 out:1973 type:P dur:2 cpbdur:2 q:33.97 aq:25.96 tex:9081 mv:391 misc:896 imb:10 pmb:131 smb:3459 d:- ref:0 ;
in:1974 out:1974 type:B dur:2 cpbdur:2 q:34.01 aq:32.89 tex:529 mv:124 misc:283 imb:0 pmb:16 smb:3584 d:- ref:0 ;
in:1973 out:1975 type:b dur:2 cpbdur:2 q:34.03 aq:29.00 tex:6 mv:19 misc:255 imb:0 pmb:8 smb:3592 d:- ref:0 ;
in:1975 out:1976 type:b dur:2 cpbdur:2 q:33.99 aq:33.79 tex:96 mv:64 misc:240 imb:0 pmb:6 smb:3594 d:- ref:0 ;
in:1977 out:1977 type:P dur:2 cpbdur:2 q:33.89 aq:26.55 tex:3099 mv:358 misc:695 imb:34 pmb:64 smb:3502 d:- ref:0 ;
in:1979 out:1978 type:P dur:2 cpbdur:2 q:33.86 aq:35.21 tex:1664 mv:297 misc:487 imb:26 pmb:37 smb:3537 d:- ref:0 ;
in:1978 out:1979 type:b dur:2 cpbdur:2 q:33.88 aq:33.29 tex:127 mv:130 misc:319 imb:0 pmb:35 smb:3565 d:- ref:0 ;
in:1980 out:1980 type:I dur:2 cpbdur:2 q:31.34 aq:21.51 tex:479569 mv:63859 misc:532 imb:3600 pmb:0 smb:0 d:- ref:;
in:1984 out:1981 type:P dur:2 cpbdur:2 q:34.34 aq:28.84 tex:8636 mv:465 misc:867 imb:11 pmb:152 smb:3437 d:- ref:0 ;
in:1982 out:1982 type:B dur:2 cpbdur:2 q:34.34 aq:31.46 tex:255 mv:105 misc:312 imb:0 pmb:28 smb:3572 d:- ref:0 ;
in:1981 out:1983 type:b dur:2 cpbdur:2 q:34.34 aq:29.00 tex:2 mv:11 misc:235 imb:0 pmb:4 smb:3596 d:- ref:0 ;
in:1983 out:1984 type:b dur:2 cpbdur:2 q:34.34 aq:34.28 tex:67 mv:67 misc:282 imb:0 pmb:11 smb:3589 d:- ref:0 ;
in:1988 out:1985 type:P dur:2 cpbdur:2 q:34.26 aq:28.65 tex:6027 mv:571 misc:834 imb:36 pmb:115 smb:3449 d:- ref:0 ;
in:1986 out:1986 type:B dur:2 cpbdur:2 q:34.30 aq:31.29 tex:218 mv:124 misc:306 imb:0 pmb:23 smb:3577 d:- ref:0 ;
in:1985 out:1987 type:b dur:2 cpbdur:2 q:34.32 aq:29.00 tex:2 mv:11 misc:235 imb:0 pmb:4 smb:3596 d:- ref:0 ;
in:1987 out:1988 type:b dur:2 cpbdur:2 q:34.28 aq:33.81 tex:142 mv:103 misc:283 imb:0 pmb:21 smb:3579 d:- ref:0 ;
in:1991 out:1989 type:P dur:2 cpbdur:2 q:34.18 aq:29.75 tex:13586 mv:1088 misc:1262 imb:27 pmb:291 smb:3282 d:- ref:0 ;
in:1989 out:1990 type:B dur:2 cpbdur:2 q:34.23 aq:33.01 tex:281 mv:171 misc:372 imb:1 pmb:40 smb:3559 d:- ref:0 ;
in:1990 out:1991 type:b dur:2 cpbdur:2 q:34.20 aq:32.38 tex:118 mv:118 misc:340 imb:0 pmb:36 smb:3564 d:- ref:0 ;
in:1993 out:1992 type:P dur:2 cpbdur:2 q:34.20 aq:29.46 tex:10846 mv:1226 misc:1216 imb:70 pmb:240 smb:3290 d:- ref:0 ;
in:1992 out:1993 type:b dur:2 cpbdur:2 q:34.19 aq:31.04 tex:46 mv:67 misc:359 imb:0 pmb:41 smb:3559 d:- ref:0 ;
in:1994 out:1994 type:P dur:2 cpbdur:2 q:34.17 aq:30.29 tex:8622 mv:564 misc:942 imb:5 pmb:177 smb:3418 d:- ref:0 ;
in:1996 out:1995 type:P dur:2 cpbdur:2 q:34.15 aq:29.93 tex:16228 mv:1147 misc:1297 imb:19 pmb:313 smb:3268 d:- ref:0 ;
in:1995 out:1996 type:b dur:2 cpbdur:2 q:34.16 aq:32.34 tex:222 mv:91 misc:303 imb:0 pmb:15 smb:3585 d:- ref:0 ;
in:1997 out:1997 type:P dur:2 cpbdur:2 q:34.13 aq:30.32 tex:16332 mv:1385 misc:1539 imb:62 pmb:341 smb:3197 d:- ref:0 ;
in:2001 out:1998 type:P dur:2 cpbdur:2 q:34.12 aq:30.41 tex:30468 mv:2920 misc:1796 imb:98 pmb:561 smb:2941 d:- ref:0 ;
in:1999 out:1999 type:B dur:2 cpbdur:2 q:34.12 aq:34.19 tex:3184 mv:888 misc:848 imb:7 pmb:197 smb:3396 d:- ref:0 ;
in:1998 out:2000 type:b dur:2 cpbdur:2 q:34.12 aq:37.55 tex:1148 mv:277 misc:471 imb:0 pmb:82 smb:3518 d:- ref:0 ;
in:2000 out:2001 type:b dur:2 cpbdur:2 q:34.12 aq:34.42 tex:583 mv:324 misc:573 imb:1 pmb:96 smb:3503 d:- ref:0 ;
in:2002 out:2002 type:P dur:2 cpbdur:2 q:34.07 aq:28.46 tex:12736 mv:1125 misc:1275 imb:41 pmb:250 smb:3309 d:- ref:0 ;
in:2003 out:2003 type:P dur:2 cpbdur:2 q:34.05 aq:30.24 tex:12636 mv:1234 misc:1354 imb:15 pmb:295 smb:3290 d:- ref:0 ;
in:2004 out:2004 type:P dur:2 cpbdur:2 q:34.05 aq:30.74 tex:14324 mv:1283 misc:1265 imb:22 pmb:304 smb:3274 d:- ref:0 ;
in:2005 out:2005 type:P dur:2 cpbdur:2 q:34.03 aq:30.49 tex:36407 mv:2902 misc:1795 imb:132 pmb:498 smb:2970 d:- ref:0 ;
in:2009 out:2006 type:P dur:2 cpbdur:2 q:34.04 aq:27.80 tex:75100 mv:6866 misc:2274 imb:284 pmb:964 smb:2352 d:- ref:0 ;
in:2007 out:2007 type:B dur:2 cpbdur:2 q:34.04 aq:34.83 tex:6419 mv:2146 misc:1467 imb:51 pmb:377 smb:3172 d:- ref:0 ;
in:2006 out:2008 type:b dur:2 cpbdur:2 q:34.04 aq:37.33 tex:814 mv:731 misc:983 imb:30 pmb:199 smb:3371 d:- ref:0 ;
in:2008 out:2009 type:b dur:2 cpbdur:2 q:34.04 aq:37.12 tex:4083 mv:1041 misc:876 imb:54 pmb:164 smb:3382 d:- ref:0 ;
in:2013 out:2010 type:P dur:2 cpbdur:2 q:34.07 aq:26.80 tex:54363 mv:6537 misc:2228 imb:229 pmb:955 smb:2416 d:- ref:0 ;
in:2011 out:2011 type:B dur:2 cpbdur:2 q:34.05 aq:35.28 tex:7402 mv:1870 misc:1352 imb:44 pmb:305 smb:3251 d:- ref:0 ;
in:2010 out:2012 type:b dur:2 cpbdur:2 q:34.05 aq:34.21 tex:1151 mv:522 misc:775 imb:2 pmb:159 smb:3439 d:- ref:0 ;
in:2012 out:2013 type:b dur:2 cpbdur:2 q:34.06 aq:36.85 tex:1874 mv:690 misc:756 imb:31 pmb:117 smb:3452 d:- ref:0 ;
in:2017 out:2014 type:P dur:2 cpbdur:2 q:34.05 aq:29.20 tex:44178 mv:6260 misc:2290 imb:227 pmb:885 smb:2488 d:- ref:0 ;
in:2015 out:2015 type:B dur:2 cpbdur:2 q:34.06 aq:34.20 tex:6658 mv:2232 misc:1262 imb:56 pmb:264 smb:3280 d:- ref:0 ;
in:2014 out:2016 type:b dur:2 cpbdur:2 q:34.06 aq:34.36 tex:2269 mv:1347 misc:904 imb:73 pmb:144 smb:3383 d:- ref:0 ;
in:2016 out:2017 type:b dur:2 cpbdur:2 q:34.06 aq:36.82 tex:2911 mv:1052 misc:885 imb:55 pmb:159 smb:3386 d:- ref:0 ;
in:2021 out:2018 type:P dur:2 cpbdur:2 q:34.12 aq:30.06 tex:45438 mv:6827 misc:2327 imb:233 pmb:915 smb:2452 d:- ref:0 ;
in:2019 out:2019 type:B dur:2 cpbdur:2 q:34.09 aq:35.24 tex:7581 mv:2361 misc:1274 imb:44 pmb:301 smb:3255 d:- ref:0 ;
in:2018 out:2020 type:b dur:2 cpbdur:2 q:34.07 aq:37.52 tex:2669 mv:984 misc:819 imb:25 pmb:151 smb:3424 d:- ref:0 ;
in:2020 out:2021 type:b dur:2 cpbdur:2 q:34.10 aq:37.26 tex:3707 mv:1328 misc:885 imb:69 pmb:143 smb:3388 d:- ref:0 ;
in:2025 out:2022 type:P dur:2 cpbdur:2 q:34.12 aq:30.20 tex:47477 mv:6729 misc:2250 imb:255 pmb:925 smb:2420 d:- ref:0 ;
in:2023 out:2023 type:B dur:2 cpbdur:2 q:34.12 aq:34.39 tex:7430 mv:2917 misc:1437 imb:66 pmb:319 smb:3215 d:- ref:0 ;
in:2022 out:2024 type:b dur:2 cpbdur:2 q:34.12 aq:36.77 tex:3525 mv:1196 misc:871 imb:58 pmb:157 smb:3385 d:- ref:0 ;
in:2024 out:2025 type:b dur:2 cpbdur:2 q:34.12 aq:37.45 tex:4253 mv:1291 misc:904 imb:80 pmb:145 smb:3375 d:- ref:0 ;
in:2029 out:2026 type:P dur:2 cpbdur:2 q:34.11 aq:29.03 tex:48037 mv:7602 misc:2281 imb:309 pmb:972 smb:2319 d:- ref:0 ;
in:2027 out:2027 type:B dur:2 cpbdur:2 q:34.11 aq:33.89 tex:7538 mv:2892 misc:1418 imb:60 pmb:340 smb:3200 d:- ref:0 ;
in:2026 out:2028 type:b dur:2 cpbdur:2 q:34.12 aq:37.01 tex:3456 mv:1335 misc:945 imb:34 pmb:189 smb:3377 d:- ref:0 ;
in:2028 out:2029 type:b dur:2 cpbdur:2 q:34.11 aq:35.01 tex:2708 mv:1239 misc:1045 imb:43 pmb:189 smb:3368 d:- ref:0 ;
in:2033 out:2030 type:P dur:2 cpbdur:2 q:34.11 aq:28.01 tex:52852 mv:8192 misc:2284 imb:337 pmb:1007 smb:2256 d:- ref:0 ;
in:2031 out:2031 type:B dur:2 cpbdur:2 q:34.11 aq:35.52 tex:10187 mv:3243 misc:1554 imb:70 pmb:368 smb:3162 d:- ref:0 ;
in:2030 out:2032 type:b dur:2 cpbdur:2 q:34.11 aq:34.55 tex:2333 mv:1189 misc:910 imb:30 pmb:159 smb:3411 d:- ref:0 ;
in:2032 out:2033 type:b dur:2 cpbdur:2 q:34.11 aq:34.13 tex:2710 mv:1414 misc:1004 imb:60 pmb:167 smb:3373 d:- ref:0 ;
in:2037 out:2034 type:P dur:2 cpbdur:2 q:34.11 aq:29.88 tex:54378 mv:8948 misc:2234 imb:349 pmb:1018 smb:2233 d:- ref:0 ;
in:2035 out:2035 type:B dur:2 cpbdur:2 q:34.11 aq:34.86 tex:8188 mv:4179 misc:1777 imb:67 pmb:478 smb:3055 d:- ref:0 ;
in:2034 out:2036 type:b dur:2 cpbdur:2 q:34.11 aq:36.24 tex:2420 mv:1285 misc:919 imb:55 pmb:153 smb:3392 d:- ref:0 ;
in:2036 out:2037 type:b dur:2 cpbdur:2 q:34.11 aq:36.20 tex:2264 mv:2430 misc:1394 imb:61 pmb:328 smb:3211 d:- ref:0 ;
in:2039 out:2038 type:P dur:2 cpbdur:2 q:34.12 aq:34.60 tex:13931 mv:3484 misc:1841 imb:149 pmb:490 smb:2961 d:- ref:0 ;
in:2038 out:2039 type:b dur:2 cpbdur:2 q:34.11 aq:37.85 tex:2187 mv:1145 misc:924 imb:48 pmb:157 smb:3395 d:- ref:0 ;
in:2040 out:2040 type:I dur:2 cpbdur:2 q:31.20 aq:23.14 tex:412676 mv:61662 misc:502 imb:3600 pmb:0 smb:0 d:- ref:;
in:2044 out:2041 type:P dur:2 cpbdur:2 q:34.52 aq:26.62 tex:46209 mv:6705 misc:2086 imb:263 pmb:947 smb:2390 d:- ref:0 ;
in:2042 out:2042 type:B dur:2 cpbdur:2 q:34.52 aq:35.00 tex:7321 mv:3234 misc:1413 imb:74 pmb:369 smb:3157 d:- ref:0 ;
in:2041 out:2043 type:b dur:2 cpbdur:2 q:34.52 aq:38.11 tex:1789 mv:1124 misc:871 imb:40 pmb:131 smb:3429 d:- ref:0 ;
in:2043 out:2044 type:b dur:2 cpbdur:2 q:34.52 aq:36.89 tex:1739 mv:870 misc:823 imb:27 pmb:133 smb:3440 d:- ref:0 ;
in:2048 out:2045 type:P dur:2 cpbdur:2 q:34.53 aq:29.17 tex:44647 mv:6670 misc:2315 imb:225 pmb:946 smb:2429 d:- ref:0 ;
in:2046 out:2046 type:B dur:2 cpbdur:2 q:34.52 aq:35.80 tex:6751 mv:2561 misc:1344 imb:79 pmb:291 smb:3230 d:- ref:0 ;
in:2045 out:2047 type:b dur:2 cpbdur:2 q:34.52 aq:37.24 tex:1474 mv:983 misc:783 imb:26 pmb:135 smb:3439 d:- ref:0 ;
in:2047 out:2048 type:b dur:2 cpbdur:2 q:34.53 aq:37.95 tex:1542 mv:832 misc:754 imb:29 pmb:108 smb:3463 d:- ref:0 ;
in:2052 out:2049 type:P dur:2 cpbdur:2 q:34.54 aq:29.56 tex:42665 mv:6708 misc:2243 imb:224 pmb:923 smb:2453 d:- ref:0 ;
in:2050 out:2050 type:B dur:2 cpbdur:2 q:34.54 aq:34.63 tex:5916 mv:2503 misc:1397 imb:76 pmb:269 smb:3255 d:- ref:0 ;
in:2049 out:2051 type:b dur:2 cpbdur:2 q:34.53 aq:38.35 tex:2379 mv:1036 misc:817 imb:26 pmb:131 smb:3443 d:- ref:0 ;
in:2051 out:2052 type:b dur:2 cpbdur:2 q:34.54 aq:37.80 tex:1783 mv:916 misc:757 imb:33 pmb:117 smb:3450 d:- ref:0 ;
in:2056 out:2053 type:P dur:2 cpbdur:2 q:34.61 aq:29.59 tex:42821 mv:6863 misc:2260 imb:214 pmb:965 smb:2421 d:- ref:0 ;
in:2054 out:2054 type:B dur:2 cpbdur:2 q:34.58 aq:35.22 tex:6141 mv:2670 misc:1285 imb:58 pmb:271 smb:3271 d:- ref:0 ;
in:2053 out:2055 type:b dur:2 cpbdur:2 q:34.56 aq:37.44 tex:2805 mv:1604 misc:975 imb:52 pmb:198 smb:3350 d:- ref:0 ;
in:2055 out:2056 type:b dur:2 cpbdur:2 q:34.59 aq:36.66 tex:1695 mv:737 misc:744 imb:8 pmb:112 smb:3480 d:- ref:0 ;
in:2060 out:2057 type:P dur:2 cpbdur:2 q:34.60 aq:29.83 tex:44046 mv:7298 misc:2240 imb:313 pmb:930 smb:2357 d:- ref:0 ;
in:2058 out:2058 type:B dur:2 cpbdur:2 q:34.60 aq:35.59 tex:6317 mv:2935 misc:1420 imb:84 pmb:304 smb:3212 d:- ref:0 ;
in:2057 out:2059 type:b dur:2 cpbdur:2 q:34.61 aq:36.99 tex:1908 mv:1208 misc:860 imb:54 pmb:123 smb:3423 d:- ref:0 ;
in:2059 out:2060 type:b dur:2 cpbdur:2 q:34.60 aq:33.23 tex:2014 mv:1416 misc:842 imb:42 pmb:156 smb:3402 d:- ref:0 ;
in:2064 out:2061 type:P dur:2 cpbdur:2 q:34.58 aq:28.12 tex:46011 mv:7554 misc:2219 imb:299 pmb:942 smb:2359 d:- ref:0 ;
in:2062 out:2062 type:B dur:2 cpbdur:2 q:34.59 aq:34.13 tex:5754 mv:2655 misc:1367 imb:54 pmb:301 smb:3245 d:- ref:0 ;
in:2061 out:2063 type:b dur:2 cpbdur:2 q:34.59 aq:38.21 tex:1948 mv:1213 misc:807 imb:57 pmb:114 smb:3429 d:- ref:0 ;
in:2063 out:2064 type:b dur:2 cpbdur:2 q:34.59 aq:36.28 tex:1573 mv:1283 misc:856 imb:25 pmb:153 smb:3422 d:- ref:0 ;
in:2068 out:2065 type:P dur:2 cpbdur:2 q:34.57 aq:29.21 tex:42964 mv:7284 misc:2344 imb:299 pmb:942 smb:2359 d:- ref:0 ;
in:2066 out:2066 type:B dur:2 cpbdur:2 q:34.58 aq:36.62 tex:4891 mv:2148 misc:1297 imb:36 pmb:281 smb:3283 d:- ref:0 ;
in:2065 out:2067 type:b dur:2 cpbdur:2 q:34.58 aq:38.55 tex:1756 mv:641 misc:779 imb:3 pmb:147 smb:3450 d:- ref:0 ;
in:2067 out:2068 type:b dur:2 cpbdur:2 q:34.58 aq:37.85 tex:2329 mv:1005 misc:850 imb:57 pmb:124 smb:3419 d:- ref:0 ;
in:2072 out:2069 type:P dur:2 cpbdur:2 q:34.57 aq:29.99 tex:48025 mv:6973 misc:2242 imb:256 pmb:930 smb:2414 d:- ref:0 ;
in:2070 out:2070 type:B dur:2 cpbdur:2 q:34.57 aq:32.66 tex:5171 mv:2552 misc:1413 imb:42 pmb:317 smb:3241 d:- ref:0 ;
in:2069 out:2071 type:b dur:2 cpbdur:2 q:34.57 aq:33.84 tex:2916 mv:1028 misc:944 imb:36 pmb:143 smb:3421 d:- ref:0 ;
in:2071 out:2072 type:b dur:2 cpbdur:2 q:34.57 aq:37.01 tex:2166 mv:896 misc:858 imb:52 pmb:103 smb:3445 d:- ref:0 ;
in:2076 out:2073 type:P dur:2 cpbdur:2 q:34.56 aq:29.79 tex:44543 mv:6381 misc:2292 imb:229 pmb:923 smb:2448 d:- ref:0 ;
in:2074 out:2074 type:B dur:2 cpbdur:2 q:34.56 aq:35.55 tex:6261 mv:2568 misc:1323 imb:84 pmb:274 smb:3242 d:- ref:0 ;
in:2073 out:2075 type:b dur:2 cpbdur:2 q:34.57 aq:36.31 tex:1997 mv:986 misc:841 imb:26 pmb:128 smb:3446 d:- ref:0 ;
in:2075 out:2076 type:b dur:2 cpbdur:2 q:34.56 aq:36.79 tex:1502 mv:1170 misc:848 imb:55 pmb:110 smb:3435 d:- ref:0 ;
in:2080 out:2077 type:P dur:2 cpbdur:2 q:34.56 aq:29.85 tex:41014 mv:6793 misc:2329 imb:274 pmb:878 smb:2448 d:- ref:0 ;
in:2078 out:2078 type:B dur:2 cpbdur:2 q:34.56 aq:34.50 tex:4509 mv:2281 misc:1402 imb:58 pmb:283 smb:3259 d:- ref:0 ;
in:2077 out:2079 type:b dur:2 cpbdur:2 q:34.56 aq:35.75 tex:1342 mv:963 misc:775 imb:57 pmb:110 smb:3433 d:- ref:0 ;
in:2079 out:2080 type:b dur:2 cpbdur:2 q:34.56 aq:38.14 tex:2634 mv:836 misc:810 imb:59 pmb:116 smb:3425 d:- ref:0 ;
in:2084 out:2081 type:P dur:2 cpbdur:2 q:34.55 aq:28.50 tex:58154 mv:7193 misc:2301 imb:273 pmb:971 smb:2356 d:- ref:0 ;
in:2082 out:2082 type:B dur:2 cpbdur:2 q:34.55 aq:34.35 tex:6984 mv:3121 misc:1679 imb:37 pmb:446 smb:3117 d:- ref:0 ;
in:2081 out:2083 type:b dur:2 cpbdur:2 q:34.55 aq:37.31 tex:2083 mv:994 misc:899 imb:60 pmb:138 smb:3402 d:- ref:0 ;
in:2083 out:2084 type:b dur:2 cpbdur:2 q:34.55 aq:36.23 tex:2377 mv:2027 misc:1204 imb:59 pmb:243 smb:3298 d:- ref:0 ;
in:2088 out:2085 type:P dur:2 cpbdur:2 q:34.55 aq:29.68 tex:57234 mv:7891 misc:2195 imb:299 pmb:975 smb:2326 d:- ref:0 ;
in:2086 out:2086 type:B dur:2 cpbdur:2 q:34.55 aq:36.55 tex:8107 mv:3881 misc:1564 imb:38 pmb:407 smb:3155 d:- ref:0 ;
in:2085 out:2087 type:b dur:2 cpbdur:2 q:34.55 aq:36.05 tex:3397 mv:1896 misc:1171 imb:32 pmb:235 smb:3333 d:- ref:0 ;
in:2087 out:2088 type:b dur:2 cpbdur:2 q:34.55 aq:38.50 tex:3913 mv:1933 misc:1098 imb:47 pmb:210 smb:3343 d:- ref:0 ;
in:2092 out:2089 type:P dur:2 cpbdur:2 q:34.55 aq:27.20 tex:81417 mv:8954 misc:2661 imb:419 pmb:1113 smb:2068 d:- ref:0 ;
in:2090 out:2090 type:B dur:2 cpbdur:2 q:34.55 aq:33.53 tex:4599 mv:2603 misc:1782 imb:46 pmb:473 smb:3081 d:- ref:0 ;
in:2089 out:2091 type:b dur:2 cpbdur:2 q:34.55 aq:37.71 tex:3788 mv:2318 misc:1070 imb:72 pmb:189 smb:3339 d:- ref:0 ;
in:2091 out:2092 type:b dur:2 cpbdur:2 q:34.55 aq:31.84 tex:532 mv:296 misc:620 imb:1 pmb:96 smb:3503 d:- ref:0 ;
in:2096 out:2093 type:P dur:2 cpbdur:2 q:34.58 aq:28.19 tex:41946 mv:4705 misc:2181 imb:122 pmb:908 smb:2570 d:- ref:0 ;
in:2094 out:2094 type:B dur:2 cpbdur:2 q:34.56 aq:35.07 tex:2174 mv:591 misc:787 imb:4 pmb:121 smb:3475 d:- ref:0 ;
in:2093 out:2095 type:b dur:2 cpbdur:2 q:34.56 aq:36.17 tex:342 mv:155 misc:399 imb:2 pmb:33 smb:3565 d:- ref:0 ;
in:2095 out:2096 type:b dur:2 cpbdur:2 q:34.57 aq:35.03 tex:308 mv:132 misc:400 imb:1 pmb:34 smb:3565 d:- ref:0 ;
in:2099 out:2097 type:P dur:2 cpbdur:2 q:34.58 aq:37.56 tex:3184 mv:1075 misc:1117 imb:34 pmb:201 smb:3365 d:- ref:0 ;
in:2097 out:2098 type:B dur:2 cpbdur:2 q:34.58 aq:34.92 tex:664 mv:316 misc:476 imb:3 pmb:49 smb:3548 d:- ref:0 ;
in:2098 out:2099 type:b dur:2 cpbdur:2 q:34.58 aq:36.86 tex:852 mv:329 misc:547 imb:6 pmb:58 smb:3536 d:- ref:0 ;
in:2100 out:2100 type:I dur:2 cpbdur:2 q:31.63 aq:23.03 tex:411823 mv:61732 misc:501 imb:3600 pmb:0 smb:0 d:- ref:;
in:2104 out:2101 type:P dur:2 cpbdur:2 q:34.96 aq:30.48 tex:36138 mv:3146 misc:1828 imb:55 pmb:793 smb:2752 d:- ref:0 ;
in:2102 out:2102 type:B dur:2 cpbdur:2 q:34.96 aq:35.35 tex:2827 mv:572 misc:793 imb:5 pmb:146 smb:3449 d:- ref:0 ;
in:2101 out:2103 type:b dur:2 cpbdur:2 q:34.96 aq:34.46 tex:401 mv:169 misc:430 imb:3 pmb:36 smb:3561 d:- ref:0 ;
in:2103 out:2104 type:b dur:2 cpbdur:2 q:34.96 aq:35.23 tex:272 mv:102 misc:370 imb:1 pmb:28 smb:3571 d:- ref:0 ;
in:2108 out:2105 type:P dur:2 cpbdur:2 q:34.93 aq:30.23 tex:32408 mv:3408 misc:1904 imb:74 pmb:789 smb:2737 d:- ref:0 ;
in:2106 out:2106 type:B dur:2 cpbdur:2 q:34.94 aq:35.19 tex:2349 mv:779 misc:824 imb:6 pmb:145 smb:3449 d:- ref:0 ;
in:2105 out:2107 type:b dur:2 cpbdur:2 q:34.95 aq:35.39 tex:393 mv:139 misc:444 imb:0 pmb:40 smb:3560 d:- ref:0 ;
in:2107 out:2108 type:b dur:2 cpbdur:2 q:34.94 aq:38.20 tex:685 mv:290 misc:433 imb:13 pmb:38 smb:3549 d:- ref:0 ;
in:2112 out:2109 type:P dur:2 cpbdur:2 q:34.88 aq:30.01 tex:30103 mv:3301 misc:1940 imb:76 pmb:746 smb:2778 d:- ref:0 ;
in:2110 out:2110 type:B dur:2 cpbdur:2 q:34.91 aq:35.43 tex:1794 mv:461 misc:737 imb:2 pmb:98 smb:3500 d:- ref:0 ;
in:2109 out:2111 type:b dur:2 cpbdur:2 q:34.92 aq:36.11 tex:299 mv:131 misc:362 imb:2 pmb:29 smb:3569 d:- ref:0 ;
in:2111 out:2112 type:b dur:2 cpbdur:2 q:34.89 aq:35.43 tex:245 mv:85 misc:390 imb:0 pmb:33 smb:3567 d:- ref:0 ;
in:2116 out:2113 type:P dur:2 cpbdur:2 q:34.92 aq:29.77 tex:36987 mv:3991 misc:1990 imb:71 pmb:867 smb:2662 d:- ref:0 ;
in:2114 out:2114 type:B dur:2 cpbdur:2 q:34.90 aq:36.37 tex:1862 mv:608 misc:762 imb:4 pmb:127 smb:3469 d:- ref:0 ;
in:2113 out:2115 type:b dur:2 cpbdur:2 q:34.89 aq:37.75 tex:233 mv:145 misc:334 imb:2 pmb:28 smb:3570 d:- ref:0 ;
in:2115 out:2116 type:b dur:2 cpbdur:2 q:34.91 aq:36.40 tex:222 mv:109 misc:349 imb:5 pmb:17 smb:3578 d:- ref:0 ;
in:2120 out:2117 type:P dur:2 cpbdur:2 q:34.88 aq:25.70 tex:37332 mv:4053 misc:2015 imb:111 pmb:850 smb:2639 d:- ref:0 ;
in:2118 out:2118 type:B dur:2 cpbdur:2 q:34.90 aq:34.09 tex:1709 mv:415 misc:596 imb:2 pmb:87 smb:3511 d:- ref:0 ;
in:2117 out:2119 type:b dur:2 cpbdur:2 q:34.91 aq:36.08 tex:98 mv:117 misc:353 imb:0 pmb:25 smb:3575 d:- ref:0 ;
in:2119 out:2120 type:b dur:2 cpbdur:2 q:34.89 aq:34.35 tex:224 mv:131 misc:373 imb:0 pmb:29 smb:3571 d:- ref:0 ;
in:2123 out:2121 type:P dur:2 cpbdur:2 q:34.85 aq:29.40 tex:20739 mv:1108 misc:1313 imb:45 pmb:248 smb:3307 d:- ref:0 ;
in:2121 out:2122 type:B dur:2 cpbdur:2 q:34.87 aq:29.00 tex:10 mv:50 misc:396 imb:0 pmb:49 smb:3551 d:- ref:0 ;
in:2122 out:2123 type:b dur:2 cpbdur:2 q:34.86 aq:32.28 tex:29 mv:5 misc:230 imb:0 pmb:1 smb:3599 d:- ref:0 ;
in:2124 out:2124 type:P dur:2 cpbdur:2 q:34.77 aq:29.81 tex:4627 mv:531 misc:898 imb:26 pmb:125 smb:3449 d:- ref:0 ;
in:2125 out:2125 type:P dur:2 cpbdur:2 q:34.77 aq:30.50 tex:6771 mv:609 misc:932 imb:8 pmb:180 smb:3412 d:- ref:0 ;
in:2126 out:2126 type:P dur:2 cpbdur:2 q:34.75 aq:30.09 tex:7889 mv:1001 misc:1206 imb:54 pmb:210 smb:3336 d:- ref:0 ;
in:2127 out:2127 type:P dur:2 cpbdur:2 q:34.72 aq:30.24 tex:11691 mv:754 misc:1171 imb:15 pmb:244 smb:3341 d:- ref:0 ;
in:2128 out:2128 type:P dur:2 cpbdur:2 q:34.70 aq:32.84 tex:10065 mv:725 misc:1162 imb:20 pmb:211 smb:3369 d:- ref:0 ;
in:2129 out:2129 type:P dur:2 cpbdur:2 q:34.70 aq:31.25 tex:13748 mv:1089 misc:1395 imb:36 pmb:281 smb:3283 d:- ref:0 ;
in:2130 out:2130 type:P dur:2 cpbdur:2 q:34.68 aq:29.65 tex:13830 mv:1038 misc:1364 imb:24 pmb:272 smb:3304 d:- ref:0 ;
in:2131 out:2131 type:P dur:2 cpbdur:2 q:34.66 aq:29.79 tex:15749 mv:1769 misc:1554 imb:74 pmb:344 smb:3182 d:- ref:0 ;
in:2132 out:2132 type:P dur:2 cpbdur:2 q:34.64 aq:29.61 tex:14567 mv:1707 misc:1534 imb:73 pmb:334 smb:3193 d:- ref:0 ;
in:2133 out:2133 type:P dur:2 cpbdur:2 q:34.64 aq:30.59 tex:14125 mv:1471 misc:1524 imb:44 pmb:338 smb:3218 d:- ref:0 ;
in:2134 out:2134 type:P dur:2 cpbdur:2 q:34.63 aq:30.58 tex:16380 mv:1891 misc:1697 imb:79 pmb:399 smb:3122 d:- ref:0 ;
in:2135 out:2135 type:P dur:2 cpbdur:2 q:34.63 aq:28.54 tex:16542 mv:1738 misc:1544 imb:40 pmb:380 smb:3180 d:- ref:0 ;
in:2139 out:2136 type:P dur:2 cpbdur:2 q:34.63 aq:29.90 tex:38722 mv:5070 misc:2120 imb:200 pmb:819 smb:2581 d:- ref:0 ;
in:2137 out:2137 type:B dur:2 cpbdur:2 q:34.63 aq:37.03 tex:4337 mv:812 misc:971 imb:4 pmb:213 smb:3383 d:- ref:0 ;
in:2136 out:2138 type:b dur:2 cpbdur:2 q:34.63 aq:37.92 tex:974 mv:340 misc:614 imb:3 pmb:95 smb:3502 d:- ref:0 ;
in:2138 out:2139 type:b dur:2 cpbdur:2 q:34.63 aq:36.68 tex:500 mv:171 misc:449 imb:1 pmb:53 smb:3546 d:- ref:0 ;
in:2143 out:2140 type:P dur:2 cpbdur:2 q:34.62 aq:30.67 tex:38310 mv:5397 misc:2157 imb:222 pmb:830 smb:2548 d:- ref:0 ;
in:2141 out:2141 type:B dur:2 cpbdur:2 q:34.63 aq:34.59 tex:4403 mv:1444 misc:1209 imb:69 pmb:205 smb:3326 d:- ref:0 ;
in:2140 out:2142 type:b dur:2 cpbdur:2 q:34.63 aq:34.78 tex:347 mv:261 misc:616 imb:5 pmb:107 smb:3488 d:- ref:0 ;
in:2142 out:2143 type:b dur:2 cpbdur:2 q:34.62 aq:38.53 tex:1714 mv:488 misc:670 imb:7 pmb:123 smb:3470 d:- ref:0 ;
in:2147 out:2144 type:P dur:2 cpbdur:2 q:34.62 aq:30.20 tex:40775 mv:5496 misc:2233 imb:212 pmb:829 smb:2559 d:- ref:0 ;
in:2145 out:2145 type:B dur:2 cpbdur:2 q:34.62 aq:35.28 tex:4164 mv:1474 misc:1138 imb:48 pmb:226 smb:3326 d:- ref:0 ;
in:2144 out:2146 type:b dur:2 cpbdur:2 q:34.62 aq:36.01 tex:573 mv:288 misc:523 imb:0 pmb:85 smb:3515 d:- ref:0 ;
in:2146 out:2147 type:b dur:2 cpbdur:2 q:34.62 aq:35.81 tex:624 mv:413 misc:691 imb:3 pmb:129 smb:3468 d:- ref:0 ;
in:2151 out:2148 type:P dur:2 cpbdur:2 q:34.62 aq:29.33 tex:45021 mv:6426 misc:2273 imb:288 pmb:895 smb:2417 d:- ref:0 ;
in:2149 out:2149 type:B dur:2 cpbdur:2 q:34.62 aq:34.72 tex:5236 mv:2098 misc:1218 imb:74 pmb:225 smb:3301 d:- ref:0 ;
in:2148 out:2150 type:b dur:2 cpbdur:2 q:34.62 aq:33.81 tex:805 mv:578 misc:705 imb:28 pmb:98 smb:3474 d:- ref:0 ;
in:2150 out:2151 type:b dur:2 cpbdur:2 q:34.62 aq:38.66 tex:1047 mv:778 misc:687 imb:41 pmb:106 smb:3453 d:- ref:0 ;
in:2155 out:2152 type:P dur:2 cpbdur:2 q:34.60 aq:30.79 tex:39113 mv:6277 misc:2130 imb:226 pmb:896 smb:2478 d:- ref:0 ;
in:2153 out:2153 type:B dur:2 cpbdur:2 q:34.61 aq:34.61 tex:6348 mv:2091 misc:1265 imb:67 pmb:273 smb:3260 d:- ref:0 ;
in:2152 out:2154 type:b dur:2 cpbdur:2 q:34.62 aq:36.36 tex:912 mv:515 misc:669 imb:5 pmb:117 smb:3478 d:- ref:0 ;
in:2154 out:2155 type:b dur:2 cpbdur:2 q:34.60 aq:38.58 tex:1864 mv:524 misc:740 imb:5 pmb:139 smb:3456 d:- ref:0 ;
in:2159 out:2156 type:P dur:2 cpbdur:2 q:34.59 aq:28.65 tex:42485 mv:7028 misc:2311 imb:308 pmb:928 smb:2364 d:- ref:0 ;
in:2157 out:2157 type:B dur:2 cpbdur:2 q:34.59 aq:35.04 tex:5515 mv:1749 misc:1280 imb:39 pmb:291 smb:3270 d:- ref:0 ;
in:2156 out:2158 type:b dur:2 cpbdur:2 q:34.60 aq:35.23 tex:930 mv:682 misc:724 imb:17 pmb:142 smb:3441 d:- ref:0 ;
in:2158 out:2159 type:b dur:2 cpbdur:2 q:34.59 aq:36.31 tex:1948 mv:835 misc:729 imb:43 pmb:98 smb:3459 d:- ref:0 ;
in:2160 out:2160 type:I dur:2 cpbdur:2 q:31.74 aq:23.27 tex:395104 mv:59483 misc:509 imb:3600 pmb:0 smb:0 d:- ref:;
in:2164 out:2161 type:P dur:2 cpbdur:2 q:34.93 aq:30.94 tex:37332 mv:5520 misc:2124 imb:230 pmb:799 smb:2571 d:- ref:0 ;
in:2162 out:2162 type:B dur:2 cpbdur:2 q:34.93 aq:38.39 tex:3071 mv:1198 misc:923 imb:28 pmb:158 smb:3414 d:- ref:0 ;
in:2161 out:2163 type:b dur:2 cpbdur:2 q:34.93 aq:37.65 tex:1980 mv:1209 misc:859 imb:44 pmb:143 smb:3413 d:- ref:0 ;
in:2163 out:2164 type:b dur:2 cpbdur:2 q:34.93 aq:34.06 tex:1472 mv:862 misc:730 imb:12 pmb:152 smb:3436 d:- ref:0 ;
in:2168 out:2165 type:P dur:2 cpbdur:2 q:34.91 aq:31.43 tex:36920 mv:5236 misc:2132 imb:179 pmb:824 smb:2597 d:- ref:0 ;
in:2166 out:2166 type:B dur:2 cpbdur:2 q:34.92 aq:34.15 tex:6232 mv:2015 misc:1233 imb:57 pmb:272 smb:3271 d:- ref:0 ;
in:2165 out:2167 type:b dur:2 cpbdur:2 q:34.92 aq:38.50 tex:1708 mv:890 misc:722 imb:38 pmb:104 smb:3458 d:- ref:0 ;
in:2167 out:2168 type:b dur:2 cpbdur:2 q:34.91 aq:37.73 tex:1800 mv:996 misc:772 imb:57 pmb:106 smb:3437 d:- ref:0 ;
in:2172 out:2169 type:P dur:2 cpbdur:2 q:34.88 aq:31.37 tex:38829 mv:6070 misc:2125 imb:196 pmb:865 smb:2539 d:- ref:0 ;
in:2170 out:2170 type:B dur:2 cpbdur:2 q:34.90 aq:35.19 tex:5719 mv:2495 misc:1346 imb:60 pmb:282 smb:3258 d:- ref:0 ;
in:2169 out:2171 type:b dur:2 cpbdur:2 q:34.90 aq:37.40 tex:1497 mv:744 misc:807 imb:10 pmb:169 smb:3421 d:- ref:0 ;
in:2171 out:2172 type:b dur:2 cpbdur:2 q:34.89 aq:36.33 tex:1739 mv:1094 misc:823 imb:42 pmb:137 smb:3421 d:- ref:0 ;
in:2176 out:2173 type:P dur:2 cpbdur:2 q:34.94 aq:30.81 tex:38588 mv:6412 misc:2344 imb:246 pmb:877 smb:2477 d:- ref:0 ;
in:2174 out:2174 type:B dur:2 cpbdur:2 q:34.91 aq:35.77 tex:5930 mv:2476 misc:1338 imb:67 pmb:294 smb:3239 d:- ref:0 ;
in:2173 out:2175 type:b dur:2 cpbdur:2 q:34.90 aq:35.02 tex:1907 mv:973 misc:912 imb:30 pmb:181 smb:3389 d:- ref:0 ;
in:2175 out:2176 type:b dur:2 cpbdur:2 q:34.93 aq:36.22 tex:1887 mv:1076 misc:869 imb:54 pmb:127 smb:3419 d:- ref:0 ;
in:2180 out:2177 type:P dur:2 cpbdur:2 q:34.93 aq:29.63 tex:42822 mv:7039 misc:2291 imb:266 pmb:953 smb:2381 d:- ref:0 ;
in:2178 out:2178 type:B dur:2 cpbdur:2 q:34.94 aq:34.84 tex:6913 mv:2321 misc:1390 imb:51 pmb:293 smb:3256 d:- ref:0 ;
in:2177 out:2179 type:b dur:2 cpbdur:2 q:34.94 aq:36.14 tex:2743 mv:1445 misc:1036 imb:53 pmb:200 smb:3347 d:- ref:0 ;
in:2179 out:2180 type:b dur:2 cpbdur:2 q:34.93 aq:38.74 tex:1893 mv:1209 misc:802 imb:66 pmb:114 smb:3420 d:- ref:0 ;
in:2184 out:2181 type:P dur:2 cpbdur:2 q:34.91 aq:31.18 tex:42815 mv:7215 misc:2274 imb:311 pmb:933 smb:2356 d:- ref:0 ;
in:2182 out:2182 type:B dur:2 cpbdur:2 q:34.92 aq:35.49 tex:5659 mv:2175 misc:1262 imb:51 pmb:249 smb:3300 d:- ref:0 ;
in:2181 out:2183 type:b dur:2 cpbdur:2 q:34.93 aq:38.36 tex:2516 mv:962 misc:818 imb:26 pmb:155 smb:3419 d:- ref:0 ;
in:2183 out:2184 type:b dur:2 cpbdur:2 q:34.92 aq:38.43 tex:2495 mv:1184 misc:841 imb:66 pmb:108 smb:3426 d:- ref:0 ;
in:2188 out:2185 type:P dur:2 cpbdur:2 q:34.90 aq:30.74 tex:40069 mv:6470 misc:2277 imb:258 pmb:913 smb:2429 d:- ref:0 ;
in:2186 out:2186 type:B dur:2 cpbdur:2 q:34.91 aq:35.93 tex:5833 mv:2092 misc:1299 imb:67 pmb:242 smb:3291 d:- ref:0 ;
in:2185 out:2187 type:b dur:2 cpbdur:2 q:34.91 aq:38.52 tex:2777 mv:1092 misc:835 imb:43 pmb:140 smb:3417 d:- ref:0 ;
in:2187 out:2188 type:b dur:2 cpbdur:2 q:34.90 aq:37.98 tex:2517 mv:1422 misc:885 imb:45 pmb:158 smb:3397 d:- ref:0 ;
in:2192 out:2189 type:P dur:2 cpbdur:2 q:34.88 aq:30.71 tex:46329 mv:7608 misc:2207 imb:313 pmb:964 smb:2323 d:- ref:0 ;
in:2190 out:2190 type:B dur:2 cpbdur:2 q:34.89 aq:34.71 tex:6814 mv:2651 misc:1383 imb:58 pmb:297 smb:3245 d:- ref:0 ;
in:2189 out:2191 type:b dur:2 cpbdur:2 q:34.89 aq:36.65 tex:2635 mv:1430 misc:943 imb:85 pmb:126 smb:3389 d:- ref:0 ;
in:2191 out:2192 type:b dur:2 cpbdur:2 q:34.88 aq:38.14 tex:2521 mv:1126 misc:857 imb:43 pmb:141 smb:3416 d:- ref:0 ;
in:2196 out:2193 type:P dur:2 cpbdur:2 q:34.88 aq:29.54 tex:47406 mv:7792 misc:2218 imb:365 pmb:966 smb:2269 d:- ref:0 ;
in:2194 out:2194 type:B dur:2 cpbdur:2 q:34.88 aq:35.67 tex:6366 mv:2514 misc:1384 imb:78 pmb:294 smb:3228 d:- ref:0 ;
in:2193 out:2195 type:b dur:2 cpbdur:2 q:34.88 aq:38.16 tex:2295 mv:1214 misc:907 imb:64 pmb:135 smb:3401 d:- ref:0 ;
in:2195 out:2196 type:b dur:2 cpbdur:2 q:34.88 aq:38.41 tex:3341 mv:1198 misc:893 imb:20 pmb:213 smb:3367 d:- ref:0 ;
in:2200 out:2197 type:P dur:2 cpbdur:2 q:34.87 aq:28.77 tex:42544 mv:6923 misc:2277 imb:279 pmb:938 smb:2383 d:- ref:0 ;
in:2198 out:2198 type:B dur:2 cpbdur:2 q:34.88 aq:33.82 tex:5318 mv:2500 misc:1238 imb:47 pmb:255 smb:3298 d:- ref:0 ;
in:2197 out:2199 type:b dur:2 cpbdur:2 q:34.88 aq:38.38 tex:3508 mv:1301 misc:927 imb:66 pmb:148 smb:3386 d:- ref:0 ;
in:2199 out:2200 type:b dur:2 cpbdur:2 q:34.88 aq:37.53 tex:2040 mv:1068 misc:868 imb:35 pmb:149 smb:3416 d:- ref:0 ;
in:2204 out:2201 type:P dur:2 cpbdur:2 q:34.87 aq:30.49 tex:44970 mv:7180 misc:2346 imb:336 pmb:898 smb:2366 d:- ref:0 ;
in:2202 out:2202 type:B dur:2 cpbdur:2 q:34.87 aq:35.34 tex:6836 mv:2534 misc:1446 imb:45 pmb:295 smb:3260 d:- ref:0 ;
in:2201 out:2203 type:b dur:2 cpbdur:2 q:34.87 aq:36.17 tex:2019 mv:1148 misc:897 imb:39 pmb:153 smb:3408 d:- ref:0 ;
in:2203 out:2204 type:b dur:2 cpbdur:2 q:34.87 aq:34.51 tex:2621 mv:1321 misc:946 imb:60 pmb:137 smb:3403 d:- ref:0 ;
in:2208 out:2205 type:P dur:2 cpbdur:2 q:34.86 aq:30.64 tex:43117 mv:6695 misc:2308 imb:250 pmb:889 smb:2461 d:- ref:0 ;
in:2206 out:2206 type:B dur:2 cpbdur:2 q:34.87 aq:34.89 tex:6023 mv:2645 misc:1420 imb:83 pmb:269 smb:3248 d:- ref:0 ;
in:2205 out:2207 type:b dur:2 cpbdur:2 q:34.87 aq:36.46 tex:1788 mv:819 misc:865 imb:2 pmb:175 smb:3423 d:- ref:0 ;
in:2207 out:2208 type:b dur:2 cpbdur:2 q:34.86 aq:36.16 tex:3050 mv:1241 misc:877 imb:56 pmb:126 smb:3418 d:- ref:0 ;
in:2212 out:2209 type:P dur:2 cpbdur:2 q:34.87 aq:30.08 tex:46531 mv:7388 misc:2313 imb:331 pmb:929 smb:2340 d:- ref:0 ;
in:2210 out:2210 type:B dur:2 cpbdur:2 q:34.87 aq:33.91 tex:6945 mv:2707 misc:1452 imb:90 pmb:289 smb:3221 d:- ref:0 ;
in:2209 out:2211 type:b dur:2 cpbdur:2 q:34.86 aq:37.90 tex:3445 mv:1279 misc:956 imb:34 pmb:172 smb:3394 d:- ref:0 ;
in:2211 out:2212 type:b dur:2 cpbdur:2 q:34.87 aq:36.02 tex:2349 mv:1300 misc:871 imb:71 pmb:115 smb:3414 d:- ref:0 ;
in:2216 out:2213 type:P dur:2 cpbdur:2 q:34.86 aq:30.83 tex:44808 mv:7262 misc:2226 imb:319 pmb:919 smb:2362 d:- ref:0 ;
in:2214 out:2214 type:B dur:2 cpbdur:2 q:34.87 aq:34.64 tex:6962 mv:2556 misc:1402 imb:69 pmb:274 smb:3257 d:- ref:0 ;
in:2213 out:2215 type:b dur:2 cpbdur:2 q:34.87 aq:36.21 tex:3054 mv:1300 misc:990 imb:42 pmb:202 smb:3356 d:- ref:0 ;
in:2215 out:2216 type:b dur:2 cpbdur:2 q:34.86 aq:36.49 tex:2778 mv:1240 misc:918 imb:56 pmb:148 smb:3396 d:- ref:0 ;
in:2219 out:2217 type:P dur:2 cpbdur:2 q:34.85 aq:35.59 tex:4823 mv:3178 misc:1815 imb:147 pmb:406 smb:3047 d:- ref:0 ;
in:2217 out:2218 type:B dur:2 cpbdur:2 q:34.86 aq:37.79 tex:3599 mv:1223 misc:994 imb:68 pmb:138 smb:3394 d:- ref:0 ;
in:2218 out:2219 type:b dur:2 cpbdur:2 q:34.86 aq:36.42 tex:2402 mv:1139 misc:1067 imb:23 pmb:202 smb:3375 d:- ref:0 ;
in:2220 out:2220 type:I dur:2 cpbdur:2 q:31.95 aq:23.49 tex:386156 mv:58711 misc:525 imb:3600 pmb:0 smb:0 d:- ref:;
in:2224 out:2221 type:P dur:2 cpbdur:2 q:35.16 aq:31.45 tex:38625 mv:5131 misc:2108 imb:192 pmb:771 smb:2637 d:- ref:0 ;
in:2222 out:2222 type:B dur:2 cpbdur:2 q:35.16 aq:37.19 tex:7460 mv:1933 misc:1183 imb:44 pmb:273 smb:3283 d:- ref:0 ;
in:2221 out:2223 type:b dur:2 cpbdur:2 q:35.16 aq:33.32 tex:1668 mv:766 misc:782 imb:11 pmb:148 smb:3441 d:- ref:0 ;
in:2223 out:2224 type:b dur:2 cpbdur:2 q:35.16 aq:38.71 tex:2152 mv:900 misc:852 imb:30 pmb:144 smb:3426 d:- ref:0 ;
in:2228 out:2225 type:P dur:2 cpbdur:2 q:35.16 aq:30.95 tex:38842 mv:5863 misc:2167 imb:201 pmb:857 smb:2542 d:- ref:0 ;
in:2226 out:2226 type:B dur:2 cpbdur:2 q:35.16 aq:37.39 tex:6887 mv:2148 misc:1301 imb:48 pmb:280 smb:3272 d:- ref:0 ;
in:2225 out:2227 type:b dur:2 cpbdur:2 q:35.16 aq:37.42 tex:2339 mv:701 misc:672 imb:19 pmb:103 smb:3478 d:- ref:0 ;
in:2227 out:2228 type:b dur:2 cpbdur:2 q:35.16 aq:38.89 tex:1372 mv:778 misc:698 imb:32 pmb:114 smb:3454 d:- ref:0 ;
in:2232 out:2229 type:P dur:2 cpbdur:2 q:35.13 aq:30.71 tex:38590 mv:5805 misc:2149 imb:244 pmb:833 smb:2523 d:- ref:0 ;
in:2230 out:2230 type:B dur:2 cpbdur:2 q:35.15 aq:36.75 tex:5171 mv:2200 misc:1117 imb:62 pmb:237 smb:3301 d:- ref:0 ;
in:2229 out:2231 type:b dur:2 cpbdur:2 q:35.16 aq:35.67 tex:2025 mv:840 misc:823 imb:16 pmb:182 smb:3402 d:- ref:0 ;
in:2231 out:2232 type:b dur:2 cpbdur:2 q:35.14 aq:38.38 tex:1894 mv:640 misc:706 imb:20 pmb:122 smb:3458 d:- ref:0 ;
in:2236 out:2233 type:P dur:2 cpbdur:2 q:35.19 aq:30.78 tex:43276 mv:6493 misc:2151 imb:267 pmb:935 smb:2398 d:- ref:0 ;
in:2234 out:2234 type:B dur:2 cpbdur:2 q:35.16 aq:37.28 tex:5369 mv:1839 misc:1144 imb:39 pmb:244 smb:3317 d:- ref:0 ;
in:2233 out:2235 type:b dur:2 cpbdur:2 q:35.15 aq:38.86 tex:1772 mv:932 misc:760 imb:37 pmb:112 smb:3451 d:- ref:0 ;
in:2235 out:2236 type:b dur:2 cpbdur:2 q:35.17 aq:38.24 tex:1853 mv:679 misc:700 imb:27 pmb:107 smb:3466 d:- ref:0 ;
in:2240 out:2237 type:P dur:2 cpbdur:2 q:35.17 aq:31.15 tex:38815 mv:5703 misc:2314 imb:216 pmb:849 smb:2535 d:- ref:0 ;
in:2238 out:2238 type:B dur:2 cpbdur:2 q:35.18 aq:36.27 tex:5720 mv:1922 misc:1246 imb:67 pmb:226 smb:3307 d:- ref:0 ;
in:2237 out:2239 type:b dur:2 cpbdur:2 q:35.18 aq:32.21 tex:1205 mv:679 misc:716 imb:26 pmb:95 smb:3479 d:- ref:0 ;
in:2239 out:2240 type:b dur:2 cpbdur:2 q:35.17 aq:38.15 tex:2269 mv:782 misc:701 imb:48 pmb:96 smb:3456 d:- ref:0 ;
in:2244 out:2241 type:P dur:2 cpbdur:2 q:35.16 aq:30.31 tex:44502 mv:6004 misc:2294 imb:239 pmb:904 smb:2457 d:- ref:0 ;
in:2242 out:2242 type:B dur:2 cpbdur:2 q:35.17 aq:37.11 tex:5891 mv:1736 misc:1189 imb:69 pmb:234 smb:3297 d:- ref:0 ;
in:2241 out:2243 type:b dur:2 cpbdur:2 q:35.17 aq:35.38 tex:1049 mv:632 misc:727 imb:15 pmb:125 smb:3460 d:- ref:0 ;
in:2243 out:2244 type:b dur:2 cpbdur:2 q:35.17 aq:36.87 tex:1627 mv:585 misc:676 imb:20 pmb:115 smb:3465 d:- ref:0 ;
in:2248 out:2245 type:P dur:2 cpbdur:2 q:35.16 aq:30.18 tex:43905 mv:5172 misc:2251 imb:166 pmb:850 smb:2584 d:- ref:0 ;
in:2246 out:2246 type:B dur:2 cpbdur:2 q:35.16 aq:36.05 tex:5017 mv:1710 misc:1145 imb:70 pmb:211 smb:3319 d:- ref:0 ;
in:2245 out:2247 type:b dur:2 cpbdur:2 q:35.16 aq:33.98 tex:641 mv:401 misc:622 imb:3 pmb:99 smb:3498 d:- ref:0 ;
in:2247 out:2248 type:b dur:2 cpbdur:2 q:35.16 aq:36.21 tex:1328 mv:460 misc:644 imb:4 pmb:102 smb:3494 d:- ref:0 ;
in:2252 out:2249 type:P dur:2 cpbdur:2 q:35.13 aq:30.16 tex:48668 mv:5728 misc:2244 imb:186 pmb:911 smb:2503 d:- ref:0 ;
in:2250 out:2250 type:B dur:2 cpbdur:2 q:35.14 aq:36.97 tex:4536 mv:1403 misc:1021 imb:64 pmb:180 smb:3356 d:- ref:0 ;
in:2249 out:2251 type:b dur:2 cpbdur:2 q:35.15 aq:37.48 tex:878 mv:386 misc:496 imb:10 pmb:68 smb:3522 d:- ref:0 ;
in:2251 out:2252 type:b dur:2 cpbdur:2 q:35.14 aq:35.88 tex:797 mv:353 misc:562 imb:7 pmb:78 smb:3515 d:- ref:0 ;
in:2256 out:2253 type:P dur:2 cpbdur:2 q:35.12 aq:29.61 tex:55061 mv:6043 misc:2280 imb:236 pmb:921 smb:2443 d:- ref:0 ;
in:2254 out:2254 type:B dur:2 cpbdur:2 q:35.13 aq:33.89 tex:2526 mv:1072 misc:1026 imb:20 pmb:213 smb:3367 d:- ref:0 ;
in:2253 out:2255 type:b dur:2 cpbdur:2 q:35.13 aq:35.97 tex:581 mv:242 misc:481 imb:5 pmb:46 smb:3549 d:- ref:0 ;
in:2255 out:2256 type:b dur:2 cpbdur:2 q:35.13 aq:35.73 tex:427 mv:341 misc:560 imb:4 pmb:86 smb:3510 d:- ref:0 ;
in:2257 out:2257 type:P dur:2 cpbdur:2 q:35.12 aq:28.85 tex:27495 mv:2356 misc:1861 imb:62 pmb:498 smb:3040 d:- ref:0 ;
in:2258 out:2258 type:P dur:2 cpbdur:2 q:35.12 aq:28.99 tex:26690 mv:2637 misc:1881 imb:113 pmb:486 smb:3001 d:- ref:0 ;
in:2259 out:2259 type:P dur:2 cpbdur:2 q:35.12 aq:27.58 tex:27167 mv:2229 misc:1804 imb:70 pmb:472 smb:3058 d:- ref:0 ;
in:2260 out:2260 type:P dur:2 cpbdur:2 q:35.11 aq:27.63 tex:22575 mv:1912 misc:1801 imb:93 pmb:413 smb:3094 d:- ref:0 ;
in:2261 out:2261 type:P dur:2 cpbdur:2 q:35.12 aq:26.90 tex:25397 mv:2065 misc:1690 imb:73 pmb:436 smb:3091 d:- ref:0 ;
in:2262 out:2262 type:P dur:2 cpbdur:2 q:35.12 aq:26.84 tex:27795 mv:1988 misc:1721 imb:70 pmb:433 smb:3097 d:- ref:0 ;
in:2263 out:2263 type:P dur:2 cpbdur:2 q:35.11 aq:26.88 tex:21784 mv:1835 misc:1693 imb:99 pmb:371 smb:3130 d:- ref:0 ;
in:2264 out:2264 type:P dur:2 cpbdur:2 q:35.09 aq:25.88 tex:27333 mv:2098 misc:1713 imb:122 pmb:378 smb:3100 d:- ref:0 ;
in:2265 out:2265 type:P dur:2 cpbdur:2 q:35.11 aq:26.22 tex:21959 mv:1642 misc:1623 imb:68 pmb:355 smb:3177 d:- ref:0 ;
in:2267 out:2266 type:P dur:2 cpbdur:2 q:35.10 aq:25.63 tex:33501 mv:2666 misc:1857 imb:124 pmb:466 smb:3010 d:- ref:0 ;
in:2266 out:2267 type:b dur:2 cpbdur:2 q:35.10 aq:37.32 tex:69 mv:76 misc:319 imb:0 pmb:22 smb:3578 d:- ref:0 ;
in:2271 out:2268 type:P dur:2 cpbdur:2 q:35.07 aq:25.40 tex:17927 mv:1455 misc:1642 imb:100 pmb:302 smb:3198 d:- ref:0 ;
in:2269 out:2269 type:B dur:2 cpbdur:2 q:35.08 aq:26.33 tex:38 mv:34 misc:296 imb:1 pmb:13 smb:3586 d:- ref:0 ;
in:2268 out:2270 type:b dur:2 cpbdur:2 q:35.09 aq:30.00 tex:3 mv:27 misc:258 imb:0 pmb:7 smb:3593 d:- ref:0 ;
in:2270 out:2271 type:b dur:2 cpbdur:2 q:35.08 aq:31.00 tex:0 mv:0 misc:216 imb:0 pmb:0 smb:3600 d:- ref:0 ;
in:2275 out:2272 type:P dur:2 cpbdur:2 q:35.07 aq:23.20 tex:2116 mv:316 misc:664 imb:25 pmb:48 smb:3527 d:- ref:0 ;
in:2273 out:2273 type:B dur:2 cpbdur:2 q:35.07 aq:29.00 tex:0 mv:0 misc:232 imb:0 pmb:0 smb:3600 d:- ref:0 ;
in:2272 out:2274 type:b dur:2 cpbdur:2 q:35.07 aq:31.00 tex:0 mv:0 misc:216 imb:0 pmb:0 smb:3600 d:- ref:0 ;
in:2274 out:2275 type:b dur:2 cpbdur:2 q:35.07 aq:31.00 tex:0 mv:0 misc:216 imb:0 pmb:0 smb:3600 d:- ref:0 ;
in:2279 out:2276 type:P dur:2 cpbdur:2 q:35.05 aq:25.17 tex:2088 mv:143 misc:569 imb:4 pmb:62 smb:3534 d:- ref:0 ;
in:2277 out:2277 type:B dur:2 cpbdur:2 q:35.06 aq:29.00 tex:0 mv:0 misc:232 imb:0 pmb:0 smb:3600 d:- ref:0 ;
in:2276 out:2278 type:b dur:2 cpbdur:2 q:35.07 aq:31.00 tex:0 mv:0 misc:216 imb:0 pmb:0 smb:3600 d:- ref:0 ;
in:2278 out:2279 type:b dur:2 cpbdur:2 q:35.06 aq:31.00 tex:0 mv:0 misc:216 imb:0 pmb:0 smb:3600 d:- ref:0 ;
in:2280 out:2280 type:I dur:2 cpbdur:2 q:32.18 aq:20.92 tex:496961 mv:64668 misc:531 imb:3600 pmb:0 smb:0 d:- ref:;
in:2284 out:2281 type:P dur:2 cpbdur:2 q:35.43 aq:19.72 tex:274 mv:114 misc:380 imb:3 pmb:28 smb:3569 d:- ref:0 ;
in:2282 out:2282 type:B dur:2 cpbdur:2 q:35.43 aq:31.00 tex:0 mv:0 misc:224 imb:0 pmb:0 smb:3600 d:- ref:0 ;
in:2281 out:2283 type:b dur:2 cpbdur:2 q:35.43 aq:31.00 tex:0 mv:0 misc:216 imb:0 pmb:0 smb:3600 d:- ref:0 ;
in:2283 out:2284 type:b dur:2 cpbdur:2 q:35.43 aq:31.00 tex:0 mv:0 misc:216 imb:0 pmb:0 smb:3600 d:- ref:0 ;
in:2288 out:2285 type:P dur:2 cpbdur:2 q:35.35 aq:27.00 tex:34 mv:3 misc:243 imb:0 pmb:1 smb:3599 d:- ref:0 ;
in:2286 out:2286 type:B dur:2 cpbdur:2 q:35.39 aq:30.00 tex:0 mv:0 misc:232 imb:0 pmb:0 smb:3600 d:- ref:0 ;
in:2285 out:2287 type:b dur:2 cpbdur:2 q:35.41 aq:31.00 tex:0 mv:0 misc:216 imb:0 pmb:0 smb:3600 d:- ref:0 ;
in:2287 out:2288 type:b dur:2 cpbdur:2 q:35.37 aq:31.00 tex:0 mv:0 misc:216 imb:0 pmb:0 smb:3600 d:- ref:0 ;
in:2292 out:2289 type:P dur:2 cpbdur:2 q:35.28 aq:26.00 tex:1 mv:5 misc:250 imb:0 pmb:1 smb:3599 d:- ref:0 ;
in:2290 out:2290 type:B dur:2 cpbdur:2 q:35.32 aq:30.00 tex:0 mv:0 misc:232 imb:0 pmb:0 smb:3600 d:- ref:0 ;
in:2289 out:2291 type:b dur:2 cpbdur:2 q:35.34 aq:31.00 tex:0 mv:0 misc:216 imb:0 pmb:0 smb:3600 d:- ref:0 ;
in:2291 out:2292 type:b dur:2 cpbdur:2 q:35.30 aq:31.00 tex:0 mv:0 misc:216 imb:0 pmb:0 smb:3600 d:- ref:0 ;
in:2296 out:2293 type:P dur:2 cpbdur:2 q:35.28 aq:26.00 tex:30 mv:8 misc:258 imb:0 pmb:2 smb:3598 d:- ref:0 ;
in:2294 out:2294 type:B dur:2 cpbdur:2 q:35.28 aq:30.00 tex:0 mv:0 misc:232 imb:0 pmb:0 smb:3600 d:- ref:0 ;
in:2293 out:2295 type:b dur:2 cpbdur:2 q:35.28 aq:31.00 tex:0 mv:0 misc:216 imb:0 pmb:0 smb:3600 d:- ref:0 ;
in:2295 out:2296 type:b dur:2 cpbdur:2 q:35.28 aq:31.00 tex:0 mv:0 misc:216 imb:0 pmb:0 smb:3600 d:- ref:0 ;
in:2300 out:2297 type:P dur:2 cpbdur:2 q:35.19 aq:26.00 tex:0 mv:5 misc:243 imb:0 pmb:1 smb:3599 d:- ref:0 ;
in:2298 out:2298 type:B dur:2 cpbdur:2 q:35.24 aq:29.00 tex:0 mv:0 misc:232 imb:0 pmb:0 smb:3600 d:- ref:0 ;
in:2297 out:2299 type:b dur:2 cpbdur:2 q:35.26 aq:31.00 tex:0 mv:0 misc:216 imb:0 pmb:0 smb:3600 d:- ref:0 ;
in:2299 out:2300 type:b dur:2 cpbdur:2 q:35.22 aq:31.00 tex:0 mv:0 misc:216 imb:0 pmb:0 smb:3600 d:- ref:0 ;
in:2304 out:2301 type:P dur:2 cpbdur:2 q:35.12 aq:26.00 tex:0 mv:0 misc:232 imb:0 pmb:0 smb:3600 d:- ref:0 ;
in:2302 out:2302 type:B dur:2 cpbdur:2 q:35.16 aq:29.00 tex:0 mv:0 misc:232 imb:0 pmb:0 smb:3600 d:- ref:0 ;
in:2301 out:2303 type:b dur:2 cpbdur:2 q:35.18 aq:31.00 tex:0 mv:0 misc:216 imb:0 pmb:0 smb:3600 d:- ref:0 ;
in:2303 out:2304 type:b dur:2 cpbdur:2 q:35.14 aq:31.00 tex:0 mv:0 misc:216 imb:0 pmb:0 smb:3600 d:- ref:0 ;
in:2308 out:2305 type:P dur:2 cpbdur:2 q:35.05 aq:27.04 tex:47 mv:3 misc:246 imb:0 pmb:1 smb:3599 d:- ref:0 ;
in:2306 out:2306 type:B dur:2 cpbdur:2 q:35.08 aq:29.00 tex:0 mv:0 misc:232 imb:0 pmb:0 smb:3600 d:- ref:0 ;
in:2305 out:2307 type:b dur:2 cpbdur:2 q:35.10 aq:31.00 tex:0 mv:0 misc:216 imb:0 pmb:0 smb:3600 d:- ref:0 ;
in:2307 out:2308 type:b dur:2 cpbdur:2 q:35.06 aq:31.00 tex:0 mv:0 misc:216 imb:0 pmb:0 smb:3600 d:- ref:0 ;
in:2312 out:2309 type:P dur:2 cpbdur:2 q:34.97 aq:26.00 tex:0 mv:0 misc:232 imb:0 pmb:0 smb:3600 d:- ref:0 ;
in:2310 out:2310 type:B dur:2 cpbdur:2 q:35.01 aq:29.00 tex:0 mv:0 misc:232 imb:0 pmb:0 smb:3600 d:- ref:0 ;
in:2309 out:2311 type:b dur:2 cpbdur:2 q:35.03 aq:30.00 tex:0 mv:0 misc:216 imb:0 pmb:0 smb:3600 d:- ref:0 ;
in:2311 out:2312 type:b dur:2 cpbdur:2 q:34.99 aq:30.00 tex:0 mv:0 misc:216 imb:0 pmb:0 smb:3600 d:- ref:0 ;
in:2315 out:2313 type:P dur:2 cpbdur:2 q:34.88 aq:27.51 tex:29395 mv:4012 misc:441 imb:986 pmb:52 smb:2562 d:- ref:0 ;
in:2313 out:2314 type:B dur:2 cpbdur:2 q:34.94 aq:30.00 tex:17 mv:68 misc:355 imb:0 pmb:94 smb:3506 d:- ref:0 ;
in:2314 out:2315 type:b dur:2 cpbdur:2 q:34.91 aq:30.00 tex:25 mv:86 misc:345 imb:0 pmb:94 smb:3506 d:- ref:0 ;
in:2319 out:2316 type:P dur:2 cpbdur:2 q:34.84 aq:27.14 tex:33577 mv:9837 misc:2530 imb:1714 pmb:879 smb:1007 d:- ref:0 w:7,115,3,4,15,7,16,0 ;
in:2317 out:2317 type:B dur:2 cpbdur:2 q:34.86 aq:23.44 tex:1515 mv:775 misc:942 imb:55 pmb:315 smb:3230 d:- ref:0 ;
in:2316 out:2318 type:b dur:2 cpbdur:2 q:34.87 aq:25.10 tex:634 mv:550 misc:728 imb:29 pmb:78 smb:3493 d:- ref:0 ;
in:2318 out:2319 type:b dur:2 cpbdur:2 q:34.85 aq:24.77 tex:1472 mv:537 misc:975 imb:32 pmb:333 smb:3235 d:- ref:0 ;
in:2323 out:2320 type:P dur:2 cpbdur:2 q:34.80 aq:28.00 tex:87717 mv:12366 misc:1349 imb:2179 pmb:1017 smb:404 d:- ref:0 w:7,111,0,5,29,13,26,24 ;
in:2321 out:2321 type:B dur:2 cpbdur:2 q:34.82 aq:23.26 tex:924 mv:836 misc:736 imb:80 pmb:38 smb:3482 d:- ref:0 ;
in:2320 out:2322 type:b dur:2 cpbdur:2 q:34.83 aq:23.60 tex:1604 mv:865 misc:971 imb:60 pmb:314 smb:3226 d:- ref:0 ;
in:2322 out:2323 type:b dur:2 cpbdur:2 q:34.81 aq:23.73 tex:789 mv:305 misc:650 imb:16 pmb:90 smb:3494 d:- ref:0 ;
in:2327 out:2324 type:P dur:2 cpbdur:2 q:34.79 aq:27.13 tex:134365 mv:16200 misc:891 imb:2424 pmb:1029 smb:147 d:- ref:0 w:5,29,-2,7,127,2,107,21 ;
in:2325 out:2325 type:B dur:2 cpbdur:2 q:34.80 aq:23.61 tex:1608 mv:1890 misc:1014 imb:249 pmb:123 smb:3228 d:- ref:0 ;
in:2324 out:2326 type:b dur:2 cpbdur:2 q:34.80 aq:24.46 tex:1304 mv:502 misc:866 imb:27 pmb:321 smb:3252 d:- ref:0 ;
in:2326 out:2327 type:b dur:2 cpbdur:2 q:34.80 aq:24.78 tex:1251 mv:1626 misc:867 imb:242 pmb:117 smb:3241 d:- ref:0 ;
in:2331 out:2328 type:P dur:2 cpbdur:2 q:34.83 aq:27.61 tex:136758 mv:12864 misc:1098 imb:1657 pmb:853 smb:1090 d:- ref:0 w:7,123,-6,4,15,9,16,0 ;
in:2329 out:2329 type:B dur:2 cpbdur:2 q:34.81 aq:24.50 tex:2745 mv:1093 misc:1306 imb:82 pmb:382 smb:3136 d:- ref:0 ;
in:2328 out:2330 type:b dur:2 cpbdur:2 q:34.80 aq:21.87 tex:1024 mv:303 misc:705 imb:18 pmb:278 smb:3304 d:- ref:0 ;
in:2330 out:2331 type:b dur:2 cpbdur:2 q:34.82 aq:21.99 tex:1828 mv:729 misc:931 imb:48 pmb:319 smb:3233 d:- ref:0 ;
in:2334 out:2332 type:P dur:2 cpbdur:2 q:34.92 aq:26.92 tex:100609 mv:10489 misc:1950 imb:1482 pmb:934 smb:1184 d:- ref:0 w:6,65,-6,5,33,-3,32,0 ;
in:2332 out:2333 type:B dur:2 cpbdur:2 q:34.86 aq:21.87 tex:876 mv:711 misc:877 imb:34 pmb:105 smb:3461 d:- ref:0 ;
in:2333 out:2334 type:b dur:2 cpbdur:2 q:34.89 aq:22.98 tex:1980 mv:1271 misc:1269 imb:85 pmb:190 smb:3325 d:- ref:0 ;
in:2335 out:2335 type:P dur:2 cpbdur:2 q:34.92 aq:25.94 tex:47722 mv:5168 misc:2486 imb:653 pmb:874 smb:2073 d:- ref:0 w:0,1,-2 ;
in:2339 out:2336 type:P dur:2 cpbdur:2 q:35.05 aq:25.40 tex:116954 mv:13432 misc:558 imb:2684 pmb:875 smb:41 d:- ref:0 w:6,67,-6,6,65,-1,73,-17 ;
in:2337 out:2337 type:B dur:2 cpbdur:2 q:34.98 aq:20.90 tex:2005 mv:1173 misc:1150 imb:90 pmb:143 smb:3367 d:- ref:0 ;
in:2336 out:2338 type:b dur:2 cpbdur:2 q:34.95 aq:20.84 tex:1536 mv:2590 misc:1266 imb:308 pmb:176 smb:3116 d:- ref:0 ;
in:2338 out:2339 type:b dur:2 cpbdur:2 q:35.02 aq:21.58 tex:565 mv:366 misc:661 imb:9 pmb:92 smb:3499 d:- ref:0 ;
in:2340 out:2340 type:I dur:2 cpbdur:2 q:32.04 aq:22.48 tex:273385 mv:41514 misc:509 imb:3600 pmb:0 smb:0 d:- ref:;
in:2343 out:2341 type:P dur:2 cpbdur:2 q:35.38 aq:24.04 tex:34080 mv:8542 misc:2362 imb:1690 pmb:817 smb:1093 d:- ref:0 w:6,67,-3,6,63,3,68,-8 ;
in:2341 out:2342 type:B dur:2 cpbdur:2 q:35.38 aq:20.05 tex:736 mv:2254 misc:890 imb:306 pmb:87 smb:3207 d:- ref:0 ;
in:2342 out:2343 type:b dur:2 cpbdur:2 q:35.38 aq:21.59 tex:2183 mv:1669 misc:1220 imb:126 pmb:294 smb:3180 d:- ref:0 ;
in:2346 out:2344 type:P dur:2 cpbdur:2 q:35.43 aq:24.64 tex:53572 mv:9781 misc:1735 imb:1981 pmb:800 smb:819 d:- ref:0 w:5,33,-1 ;
in:2344 out:2345 type:B dur:2 cpbdur:2 q:35.40 aq:21.67 tex:383 mv:488 misc:505 imb:38 pmb:54 smb:3508 d:- ref:0 ;
in:2345 out:2346 type:b dur:2 cpbdur:2 q:35.41 aq:28.00 tex:163 mv:153 misc:436 imb:3 pmb:55 smb:3542 d:- ref:0 ;
in:2347 out:2347 type:P dur:2 cpbdur:2 q:35.43 aq:23.27 tex:21445 mv:3275 misc:2608 imb:356 pmb:632 smb:2612 d:- ref:0 ;
in:2351 out:2348 type:P dur:2 cpbdur:2 q:35.49 aq:24.48 tex:29012 mv:4943 misc:2653 imb:756 pmb:649 smb:2195 d:- ref:0 ;
in:2349 out:2349 type:B dur:2 cpbdur:2 q:35.46 aq:19.61 tex:256 mv:426 misc:518 imb:14 pmb:63 smb:3523 d:- ref:0 ;
in:2348 out:2350 type:b dur:2 cpbdur:2 q:35.45 aq:21.43 tex:114 mv:162 misc:412 imb:6 pmb:35 smb:3559 d:- ref:0 ;
in:2350 out:2351 type:b dur:2 cpbdur:2 q:35.47 aq:21.43 tex:41 mv:42 misc:301 imb:0 pmb:23 smb:3577 d:- ref:0 ;
in:2355 out:2352 type:P dur:2 cpbdur:2 q:35.45 aq:24.53 tex:4771 mv:695 misc:1166 imb:43 pmb:161 smb:3396 d:- ref:0 ;
in:2353 out:2353 type:B dur:2 cpbdur:2 q:35.47 aq:20.28 tex:35 mv:23 misc:262 imb:0 pmb:3 smb:3597 d:- ref:0 ;
in:2352 out:2354 type:b dur:2 cpbdur:2 q:35.48 aq:21.43 tex:35 mv:10 misc:243 imb:0 pmb:3 smb:3597 d:- ref:0 ;
in:2354 out:2355 type:b dur:2 cpbdur:2 q:35.46 aq:21.43 tex:35 mv:7 misc:238 imb:0 pmb:2 smb:3598 d:- ref:0 ;
in:2359 out:2356 type:P dur:2 cpbdur:2 q:35.40 aq:23.30 tex:2309 mv:210 misc:721 imb:7 pmb:81 smb:3512 d:- ref:0 ;
in:2357 out:2357 type:B dur:2 cpbdur:2 q:35.43 aq:20.28 tex:33 mv:8 misc:255 imb:0 pmb:2 smb:3598 d:- ref:0 ;
in:2356 out:2358 type:b dur:2 cpbdur:2 q:35.44 aq:21.43 tex:35 mv:7 misc:238 imb:0 pmb:2 smb:3598 d:- ref:0 ;
in:2358 out:2359 type:b dur:2 cpbdur:2 q:35.41 aq:21.43 tex:35 mv:7 misc:238 imb:0 pmb:2 smb:3598 d:- ref:0 ;
in:2363 out:2360 type:P dur:2 cpbdur:2 q:35.32 aq:22.21 tex:2379 mv:428 misc:825 imb:40 pmb:71 smb:3489 d:- ref:0 ;
in:2361 out:2361 type:B dur:2 cpbdur:2 q:35.36 aq:20.28 tex:33 mv:8 misc:255 imb:0 pmb:2 smb:3598 d:- ref:0 ;
in:2360 out:2362 type:b dur:2 cpbdur:2 q:35.38 aq:21.43 tex:35 mv:7 misc:238 imb:0 pmb:2 smb:3598 d:- ref:0 ;
in:2362 out:2363 type:b dur:2 cpbdur:2 q:35.34 aq:21.43 tex:35 mv:7 misc:238 imb:0 pmb:2 smb:3598 d:- ref:0 ;
in:2367 out:2364 type:P dur:2 cpbdur:2 q:35.25 aq:26.66 tex:2108 mv:216 misc:668 imb:14 pmb:60 smb:3526 d:- ref:0 ;
in:2365 out:2365 type:B dur:2 cpbdur:2 q:35.29 aq:20.28 tex:33 mv:8 misc:255 imb:0 pmb:2 smb:3598 d:- ref:0 ;
in:2364 out:2366 type:b dur:2 cpbdur:2 q:35.30 aq:21.43 tex:35 mv:7 misc:238 imb:0 pmb:2 smb:3598 d:- ref:0 ;
in:2366 out:2367 type:b dur:2 cpbdur:2 q:35.27 aq:21.43 tex:35 mv:7 misc:238 imb:0 pmb:2 smb:3598 d:- ref:0 ;
in:2371 out:2368 type:P dur:2 cpbdur:2 q:35.16 aq:24.65 tex:3024 mv:238 misc:730 imb:13 pmb:83 smb:3504 d:- ref:0 ;
in:2369 out:2369 type:B dur:2 cpbdur:2 q:35.21 aq:20.28 tex:33 mv:8 misc:255 imb:0 pmb:2 smb:3598 d:- ref:0 ;
in:2368 out:2370 type:b dur:2 cpbdur:2 q:35.23 aq:21.43 tex:35 mv:7 misc:238 imb:0 pmb:2 smb:3598 d:- ref:0 ;
in:2370 out:2371 type:b dur:2 cpbdur:2 q:35.18 aq:21.43 tex:35 mv:7 misc:238 imb:0 pmb:2 smb:3598 d:- ref:0 ;
in:2375 out:2372 type:P dur:2 cpbdur:2 q:35.09 aq:24.94 tex:2360 mv:264 misc:688 imb:14 pmb:68 smb:3518 d:- ref:0 ;
in:2373 out:2373 type:B dur:2 cpbdur:2 q:35.13 aq:20.28 tex:33 mv:8 misc:255 imb:0 pmb:2 smb:3598 d:- ref:0 ;
in:2372 out:2374 type:b dur:2 cpbdur:2 q:35.14 aq:21.43 tex:35 mv:7 misc:238 imb:0 pmb:2 smb:3598 d:- ref:0 ;
in:2374 out:2375 type:b dur:2 cpbdur:2 q:35.11 aq:21.43 tex:35 mv:7 misc:238 imb:0 pmb:2 smb:3598 d:- ref:0 ;
in:2379 out:2376 type:P dur:2 cpbdur:2 q:35.01 aq:21.75 tex:1862 mv:314 misc:672 imb:20 pmb:55 smb:3525 d:- ref:0 ;
in:2377 out:2377 type:B dur:2 cpbdur:2 q:35.05 aq:20.28 tex:33 mv:8 misc:255 imb:0 pmb:2 smb:3598 d:- ref:0 ;
in:2376 out:2378 type:b dur:2 cpbdur:2 q:35.07 aq:21.28 tex:33 mv:8 misc:239 imb:0 pmb:2 smb:3598 d:- ref:0 ;
in:2378 out:2379 type:b dur:2 cpbdur:2 q:35.03 aq:21.28 tex:33 mv:8 misc:239 imb:0 pmb:2 smb:3598 d:- ref:0 ;
in:2383 out:2380 type:P dur:2 cpbdur:2 q:34.95 aq:21.05 tex:2288 mv:341 misc:699 imb:21 pmb:69 smb:3510 d:- ref:0 ;
in:2381 out:2381 type:B dur:2 cpbdur:2 q:34.98 aq:20.28 tex:33 mv:8 misc:255 imb:0 pmb:2 smb:3598 d:- ref:0 ;
in:2380 out:2382 type:b dur:2 cpbdur:2 q:35.00 aq:21.28 tex:33 mv:8 misc:239 imb:0 pmb:2 smb:3598 d:- ref:0 ;
in:2382 out:2383 type:b dur:2 cpbdur:2 q:34.96 aq:21.28 tex:25 mv:4 misc:227 imb:0 pmb:1 smb:3599 d:- ref:0 ;
in:2387 out:2384 type:P dur:2 cpbdur:2 q:34.86 aq:21.49 tex:1972 mv:299 misc:633 imb:24 pmb:48 smb:3528 d:- ref:0 ;
in:2385 out:2385 type:B dur:2 cpbdur:2 q:34.90 aq:20.28 tex:25 mv:4 misc:243 imb:0 pmb:1 smb:3599 d:- ref:0 ;
in:2384 out:2386 type:b dur:2 cpbdur:2 q:34.93 aq:21.28 tex:25 mv:4 misc:227 imb:0 pmb:1 smb:3599 d:- ref:0 ;
in:2386 out:2387 type:b dur:2 cpbdur:2 q:34.88 aq:21.28 tex:25 mv:4 misc:227 imb:0 pmb:1 smb:3599 d:- ref:0 ;
in:2391 out:2388 type:P dur:2 cpbdur:2 q:34.79 aq:22.91 tex:1269 mv:129 misc:522 imb:6 pmb:40 smb:3554 d:- ref:0 ;
in:2389 out:2389 type:B dur:2 cpbdur:2 q:34.83 aq:20.28 tex:25 mv:4 misc:243 imb:0 pmb:1 smb:3599 d:- ref:0 ;
in:2388 out:2390 type:b dur:2 cpbdur:2 q:34.84 aq:21.28 tex:25 mv:4 misc:227 imb:0 pmb:1 smb:3599 d:- ref:0 ;
in:2390 out:2391 type:b dur:2 cpbdur:2 q:34.81 aq:21.28 tex:25 mv:4 misc:227 imb:0 pmb:1 smb:3599 d:- ref:0 ;
in:2395 out:2392 type:P dur:2 cpbdur:2 q:34.71 aq:21.14 tex:856 mv:122 misc:462 imb:7 pmb:26 smb:3567 d:- ref:0 ;
in:2393 out:2393 type:B dur:2 cpbdur:2 q:34.75 aq:19.43 tex:26 mv:4 misc:242 imb:0 pmb:1 smb:3599 d:- ref:0 ;
in:2392 out:2394 type:b dur:2 cpbdur:2 q:34.77 aq:21.28 tex:25 mv:4 misc:227 imb:0 pmb:1 smb:3599 d:- ref:0 ;
in:2394 out:2395 type:b dur:2 cpbdur:2 q:34.73 aq:21.28 tex:25 mv:4 misc:227 imb:0 pmb:1 smb:3599 d:- ref:0 ;
in:2399 out:2396 type:P dur:2 cpbdur:2 q:34.65 aq:23.34 tex:2115 mv:205 misc:632 imb:14 pmb:52 smb:3534 d:- ref:0 ;
in:2397 out:2397 type:B dur:2 cpbdur:2 q:34.68 aq:19.43 tex:26 mv:4 misc:242 imb:0 pmb:1 smb:3599 d:- ref:0 ;
in:2396 out:2398 type:b dur:2 cpbdur:2 q:34.70 aq:21.28 tex:25 mv:4 misc:227 imb:0 pmb:1 smb:3599 d:- ref:0 ;
in:2398 out:2399 type:b dur:2 cpbdur:2 q:34.67 aq:21.28 tex:25 mv:4 misc:227 imb:0 pmb:1 smb:3599 d:- ref:0 ;
in:2400 out:2400 type:I dur:2 cpbdur:2 q:32.02 aq:18.31 tex:321216 mv:45147 misc:501 imb:3600 pmb:0 smb:0 d:- ref:;
in:2404 out:2401 type:P dur:2 cpbdur:2 q:34.86 aq:22.52 tex:560 mv:132 misc:396 imb:9 pmb:17 smb:3574 d:- ref:0 ;
in:2402 out:2402 type:B dur:2 cpbdur:2 q:34.86 aq:28.00 tex:0 mv:0 misc:216 imb:0 pmb:0 smb:3600 d:- ref:0 ;
in:2401 out:2403 type:b dur:2 cpbdur:2 q:34.86 aq:28.00 tex:0 mv:0 misc:216 imb:0 pmb:0 smb:3600 d:- ref:0 ;
in:2403 out:2404 type:b dur:2 cpbdur:2 q:34.86 aq:28.00 tex:0 mv:0 misc:216 imb:0 pmb:0 smb:3600 d:- ref:0 ;
in:2408 out:2405 type:P dur:2 cpbdur:2 q:34.79 aq:21.58 tex:550 mv:140 misc:350 imb:16 pmb:13 smb:3571 d:- ref:0 ;
in:2406 out:2406 type:B dur:2 cpbdur:2 q:34.82 aq:27.00 tex:0 mv:0 misc:232 imb:0 pmb:0 smb:3600 d:- ref:0 ;
in:2405 out:2407 type:b dur:2 cpbdur:2 q:34.84 aq:28.00 tex:0 mv:0 misc:216 imb:0 pmb:0 smb:3600 d:- ref:0 ;
in:2407 out:2408 type:b dur:2 cpbdur:2 q:34.80 aq:28.00 tex:0 mv:0 misc:216 imb:0 pmb:0 smb:3600 d:- ref:0 ;
in:2412 out:2409 type:P dur:2 cpbdur:2 q:34.70 aq:23.64 tex:101 mv:88 misc:283 imb:5 pmb:8 smb:3587 d:- ref:0 ;
in:2410 out:2410 type:B dur:2 cpbdur:2 q:34.74 aq:27.00 tex:0 mv:0 misc:232 imb:0 pmb:0 smb:3600 d:- ref:0 ;
in:2409 out:2411 type:b dur:2 cpbdur:2 q:34.77 aq:28.00 tex:0 mv:0 misc:216 imb:0 pmb:0 smb:3600 d:- ref:0 ;
in:2411 out:2412 type:b dur:2 cpbdur:2 q:34.72 aq:28.00 tex:0 mv:0 misc:216 imb:0 pmb:0 smb:3600 d:- ref:0 ;
in:2416 out:2413 type:P dur:2 cpbdur:2 q:34.65 aq:23.64 tex:13 mv:10 misc:257 imb:1 pmb:0 smb:3599 d:- ref:0 ;
in:2414 out:2414 type:B dur:2 cpbdur:2 q:34.68 aq:27.00 tex:0 mv:0 misc:232 imb:0 pmb:0 smb:3600 d:- ref:0 ;
in:2413 out:2415 type:b dur:2 cpbdur:2 q:34.69 aq:28.00 tex:0 mv:0 misc:216 imb:0 pmb:0 smb:3600 d:- ref:0 ;
in:2415 out:2416 type:b dur:2 cpbdur:2 q:34.67 aq:28.00 tex:0 mv:0 misc:216 imb:0 pmb:0 smb:3600 d:- ref:0 ;
in:2420 out:2417 type:P dur:2 cpbdur:2 q:34.57 aq:23.44 tex:120 mv:28 misc:284 imb:2 pmb:2 smb:3596 d:- ref:0 ;
in:2418 out:2418 type:B dur:2 cpbdur:2 q:34.61 aq:27.00 tex:0 mv:0 misc:232 imb:0 pmb:0 smb:3600 d:- ref:0 ;
in:2417 out:2419 type:b dur:2 cpbdur:2 q:34.63 aq:28.00 tex:0 mv:0 misc:216 imb:0 pmb:0 smb:3600 d:- ref:0 ;
in:2419 out:2420 type:b dur:2 cpbdur:2 q:34.59 aq:28.00 tex:0 mv:0 misc:216 imb:0 pmb:0 smb:3600 d:- ref:0 ;
in:2424 out:2421 type:P dur:2 cpbdur:2 q:34.50 aq:23.44 tex:39 mv:3 misc:262 imb:0 pmb:1 smb:3599 d:- ref:0 ;
in:2422 out:2422 type:B dur:2 cpbdur:2 q:34.53 aq:27.00 tex:0 mv:0 misc:232 imb:0 pmb:0 smb:3600 d:- ref:0 ;
in:2421 out:2423 type:b dur:2 cpbdur:2 q:34.55 aq:28.00 tex:0 mv:0 misc:216 imb:0 pmb:0 smb:3600 d:- ref:0 ;
in:2423 out:2424 type:b dur:2 cpbdur:2 q:34.51 aq:28.00 tex:0 mv:0 misc:216 imb:0 pmb:0 smb:3600 d:- ref:0 ;
in:2428 out:2425 type:P dur:2 cpbdur:2 q:34.42 aq:23.00 tex:32 mv:14 misc:266 imb:1 pmb:1 smb:3598 d:- ref:0 ;
in:2426 out:2426 type:B dur:2 cpbdur:2 q:34.46 aq:26.00 tex:0 mv:0 misc:232 imb:0 pmb:0 smb:3600 d:- ref:0 ;
in:2425 out:2427 type:b dur:2 cpbdur:2 q:34.48 aq:28.00 tex:0 mv:0 misc:216 imb:0 pmb:0 smb:3600 d:- ref:0 ;
in:2427 out:2428 type:b dur:2 cpbdur:2 q:34.44 aq:28.00 tex:0 mv:0 misc:216 imb:0 pmb:0 smb:3600 d:- ref:0 ;
in:2432 out:2429 type:P dur:2 cpbdur:2 q:34.34 aq:23.00 tex:0 mv:0 misc:248 imb:0 pmb:0 smb:3600 d:- ref:0 ;
in:2430 out:2430 type:B dur:2 cpbdur:2 q:34.38 aq:26.00 tex:0 mv:0 misc:232 imb:0 pmb:0 smb:3600 d:- ref:0 ;
in:2429 out:2431 type:b dur:2 cpbdur:2 q:34.40 aq:28.00 tex:0 mv:0 misc:216 imb:0 pmb:0 smb:3600 d:- ref:0 ;
in:2431 out:2432 type:b dur:2 cpbdur:2 q:34.36 aq:28.00 tex:0 mv:0 misc:216 imb:0 pmb:0 smb:3600 d:- ref:0 ;
in:2436 out:2433 type:P dur:2 cpbdur:2 q:34.26 aq:23.00 tex:56 mv:4 misc:260 imb:0 pmb:1 smb:3599 d:- ref:0 ;
in:2434 out:2434 type:B dur:2 cpbdur:2 q:34.30 aq:26.00 tex:0 mv:0 misc:232 imb:0 pmb:0 smb:3600 d:- ref:0 ;
in:2433 out:2435 type:b dur:2 cpbdur:2 q:34.32 aq:28.00 tex:0 mv:0 misc:216 imb:0 pmb:0 smb:3600 d:- ref:0 ;
in:2435 out:2436 type:b dur:2 cpbdur:2 q:34.28 aq:28.00 tex:0 mv:0 misc:216 imb:0 pmb:0 smb:3600 d:- ref:0 ;
in:2440 out:2437 type:P dur:2 cpbdur:2 q:34.18 aq:23.00 tex:59 mv:4 misc:257 imb:0 pmb:1 smb:3599 d:- ref:0 ;
in:2438 out:2438 type:B dur:2 cpbdur:2 q:34.22 aq:26.00 tex:0 mv:0 misc:232 imb:0 pmb:0 smb:3600 d:- ref:0 ;
in:2437 out:2439 type:b dur:2 cpbdur:2 q:34.24 aq:28.00 tex:0 mv:0 misc:216 imb:0 pmb:0 smb:3600 d:- ref:0 ;
in:2439 out:2440 type:b dur:2 cpbdur:2 q:34.20 aq:28.00 tex:0 mv:0 misc:216 imb:0 pmb:0 smb:3600 d:- ref:0 ;
in:2444 out:2441 type:P dur:2 cpbdur:2 q:34.11 aq:23.25 tex:144 mv:39 misc:313 imb:2 pmb:6 smb:3592 d:- ref:0 ;
in:2442 out:2442 type:B dur:2 cpbdur:2 q:34.15 aq:26.00 tex:0 mv:0 misc:232 imb:0 pmb:0 smb:3600 d:- ref:0 ;
in:2441 out:2443 type:b dur:2 cpbdur:2 q:34.16 aq:28.00 tex:0 mv:0 misc:216 imb:0 pmb:0 smb:3600 d:- ref:0 ;
in:2443 out:2444 type:b dur:2 cpbdur:2 q:34.13 aq:28.00 tex:0 mv:0 misc:216 imb:0 pmb:0 smb:3600 d:- ref:0 ;
in:2448 out:2445 type:P dur:2 cpbdur:2 q:34.03 aq:26.94 tex:135 mv:23 misc:290 imb:1 pmb:3 smb:3596 d:- ref:0 ;
in:2446 out:2446 type:B dur:2 cpbdur:2 q:34.07 aq:26.00 tex:0 mv:0 misc:232 imb:0 pmb:0 smb:3600 d:- ref:0 ;
in:2445 out:2447 type:b dur:2 cpbdur:2 q:34.09 aq:27.00 tex:0 mv:0 misc:216 imb:0 pmb:0 smb:3600 d:- ref:0 ;
in:2447 out:2448 type:b dur:2 cpbdur:2 q:34.05 aq:27.00 tex:0 mv:0 misc:216 imb:0 pmb:0 smb:3600 d:- ref:0 ;
in:2452 out:2449 type:P dur:2 cpbdur:2 q:33.94 aq:24.62 tex:45 mv:18 misc:281 imb:1 pmb:2 smb:3597 d:- ref:0 ;
in:2450 out:2450 type:B dur:2 cpbdur:2 q:33.98 aq:26.00 tex:0 mv:0 misc:232 imb:0 pmb:0 smb:3600 d:- ref:0 ;
in:2449 out:2451 type:b dur:2 cpbdur:2 q:34.00 aq:27.00 tex:0 mv:0 misc:216 imb:0 pmb:0 smb:3600 d:- ref:0 ;
in:2451 out:2452 type:b dur:2 cpbdur:2 q:33.96 aq:27.00 tex:0 mv:0 misc:216 imb:0 pmb:0 smb:3600 d:- ref:0 ;
in:2456 out:2453 type:P dur:2 cpbdur:2 q:33.86 aq:25.38 tex:182 mv:45 misc:309 imb:3 pmb:4 smb:3593 d:- ref:0 ;
in:2454 out:2454 type:B dur:2 cpbdur:2 q:33.90 aq:26.00 tex:0 mv:0 misc:232 imb:0 pmb:0 smb:3600 d:- ref:0 ;
in:2453 out:2455 type:b dur:2 cpbdur:2 q:33.92 aq:27.00 tex:0 mv:0 misc:216 imb:0 pmb:0 smb:3600 d:- ref:0 ;
in:2455 out:2456 type:b dur:2 cpbdur:2 q:33.88 aq:27.00 tex:0 mv:0 misc:216 imb:0 pmb:0 smb:3600 d:- ref:0 ;
in:2459 out:2457 type:P dur:2 cpbdur:2 q:33.79 aq:27.00 tex:0 mv:0 misc:232 imb:0 pmb:0 smb:3600 d:- ref:0 ;
in:2457 out:2458 type:B dur:2 cpbdur:2 q:33.84 aq:27.00 tex:0 mv:0 misc:232 imb:0 pmb:0 smb:3600 d:- ref:0 ;
in:2458 out:2459 type:b dur:2 cpbdur:2 q:33.81 aq:27.00 tex:0 mv:0 misc:216 imb:0 pmb:0 smb:3600 d:- ref:0 ;
in:2460 out:2460 type:I dur:2 cpbdur:2 q:31.25 aq:17.37 tex:344540 mv:45418 misc:506 imb:3600 pmb:0 smb:0 d:- ref:;
in:2464 out:2461 type:P dur:2 cpbdur:2 q:34.06 aq:22.83 tex:653 mv:188 misc:431 imb:16 pmb:20 smb:3564 d:- ref:0 ;
in:2462 out:2462 type:B dur:2 cpbdur:2 q:34.06 aq:26.00 tex:0 mv:0 misc:216 imb:0 pmb:0 smb:3600 d:- ref:0 ;
in:2461 out:2463 type:b dur:2 cpbdur:2 q:34.06 aq:27.00 tex:0 mv:0 misc:216 imb:0 pmb:0 smb:3600 d:- ref:0 ;
in:2463 out:2464 type:b dur:2 cpbdur:2 q:34.06 aq:27.00 tex:0 mv:0 misc:216 imb:0 pmb:0 smb:3600 d:- ref:0 ;
in:2468 out:2465 type:P dur:2 cpbdur:2 q:33.97 aq:24.05 tex:84 mv:42 misc:290 imb:4 pmb:1 smb:3595 d:- ref:0 ;
in:2466 out:2466 type:B dur:2 cpbdur:2 q:34.02 aq:26.00 tex:0 mv:0 misc:232 imb:0 pmb:0 smb:3600 d:- ref:0 ;
in:2465 out:2467 type:b dur:2 cpbdur:2 q:34.04 aq:27.00 tex:0 mv:0 misc:216 imb:0 pmb:0 smb:3600 d:- ref:0 ;
in:2467 out:2468 type:b dur:2 cpbdur:2 q:34.00 aq:27.00 tex:0 mv:0 misc:216 imb:0 pmb:0 smb:3600 d:- ref:0 ;
in:2472 out:2469 type:P dur:2 cpbdur:2 q:33.90 aq:23.41 tex:129 mv:48 misc:303 imb:4 pmb:3 smb:3593 d:- ref:0 ;
in:2470 out:2470 type:B dur:2 cpbdur:2 q:33.94 aq:26.00 tex:0 mv:0 misc:232 imb:0 pmb:0 smb:3600 d:- ref:0 ;
in:2469 out:2471 type:b dur:2 cpbdur:2 q:33.96 aq:27.00 tex:0 mv:0 misc:216 imb:0 pmb:0 smb:3600 d:- ref:0 ;
in:2471 out:2472 type:b dur:2 cpbdur:2 q:33.92 aq:27.00 tex:0 mv:0 misc:216 imb:0 pmb:0 smb:3600 d:- ref:0 ;
in:2476 out:2473 type:P dur:2 cpbdur:2 q:33.85 aq:23.41 tex:29 mv:29 misc:270 imb:3 pmb:0 smb:3597 d:- ref:0 ;
in:2474 out:2474 type:B dur:2 cpbdur:2 q:33.88 aq:26.00 tex:0 mv:0 misc:232 imb:0 pmb:0 smb:3600 d:- ref:0 ;
in:2473 out:2475 type:b dur:2 cpbdur:2 q:33.89 aq:27.00 tex:0 mv:0 misc:216 imb:0 pmb:0 smb:3600 d:- ref:0 ;
in:2475 out:2476 type:b dur:2 cpbdur:2 q:33.86 aq:27.00 tex:0 mv:0 misc:216 imb:0 pmb:0 smb:3600 d:- ref:0 ;
in:2480 out:2477 type:P dur:2 cpbdur:2 q:33.77 aq:22.44 tex:100 mv:44 misc:312 imb:3 pmb:4 smb:3593 d:- ref:0 ;
in:2478 out:2478 type:B dur:2 cpbdur:2 q:33.81 aq:26.00 tex:0 mv:0 misc:232 imb:0 pmb:0 smb:3600 d:- ref:0 ;
in:2477 out:2479 type:b dur:2 cpbdur:2 q:33.83 aq:27.00 tex:0 mv:0 misc:216 imb:0 pmb:0 smb:3600 d:- ref:0 ;
in:2479 out:2480 type:b dur:2 cpbdur:2 q:33.79 aq:27.00 tex:0 mv:0 misc:216 imb:0 pmb:0 smb:3600 d:- ref:0 ;
in:2484 out:2481 type:P dur:2 cpbdur:2 q:33.68 aq:22.44 tex:26 mv:29 misc:273 imb:3 pmb:0 smb:3597 d:- ref:0 ;
in:2482 out:2482 type:B dur:2 cpbdur:2 q:33.73 aq:26.00 tex:0 mv:0 misc:232 imb:0 pmb:0 smb:3600 d:- ref:0 ;
in:2481 out:2483 type:b dur:2 cpbdur:2 q:33.75 aq:27.00 tex:0 mv:0 misc:216 imb:0 pmb:0 smb:3600 d:- ref:0 ;
in:2483 out:2484 type:b dur:2 cpbdur:2 q:33.70 aq:27.00 tex:0 mv:0 misc:216 imb:0 pmb:0 smb:3600 d:- ref:0 ;
in:2488 out:2485 type:P dur:2 cpbdur:2 q:33.61 aq:22.44 tex:26 mv:29 misc:273 imb:3 pmb:0 smb:3597 d:- ref:0 ;
in:2486 out:2486 type:B dur:2 cpbdur:2 q:33.64 aq:26.00 tex:0 mv:0 misc:232 imb:0 pmb:0 smb:3600 d:- ref:0 ;
in:2485 out:2487 type:b dur:2 cpbdur:2 q:33.66 aq:27.00 tex:0 mv:0 misc:216 imb:0 pmb:0 smb:3600 d:- ref:0 ;
in:2487 out:2488 type:b dur:2 cpbdur:2 q:33.62 aq:27.00 tex:0 mv:0 misc:216 imb:0 pmb:0 smb:3600 d:- ref:0 ;
in:2492 out:2489 type:P dur:2 cpbdur:2 q:33.53 aq:20.91 tex:53 mv:40 misc:283 imb:4 pmb:0 smb:3596 d:- ref:0 ;
in:2490 out:2490 type:B dur:2 cpbdur:2 q:33.57 aq:26.00 tex:0 mv:0 misc:232 imb:0 pmb:0 smb:3600 d:- ref:0 ;
in:2489 out:2491 type:b dur:2 cpbdur:2 q:33.59 aq:27.00 tex:0 mv:0 misc:216 imb:0 pmb:0 smb:3600 d:- ref:0 ;
in:2491 out:2492 type:b dur:2 cpbdur:2 q:33.55 aq:27.00 tex:0 mv:0 misc:216 imb:0 pmb:0 smb:3600 d:- ref:0 ;
in:2496 out:2493 type:P dur:2 cpbdur:2 q:33.45 aq:18.21 tex:165 mv:53 misc:310 imb:4 pmb:3 smb:3593 d:- ref:0 ;
in:2494 out:2494 type:B dur:2 cpbdur:2 q:33.49 aq:25.00 tex:0 mv:0 misc:232 imb:0 pmb:0 smb:3600 d:- ref:0 ;
in:2493 out:2495 type:b dur:2 cpbdur:2 q:33.51 aq:27.00 tex:0 mv:0 misc:216 imb:0 pmb:0 smb:3600 d:- ref:0 ;
in:2495 out:2496 type:b dur:2 cpbdur:2 q:33.47 aq:27.00 tex:0 mv:0 misc:216 imb:0 pmb:0 smb:3600 d:- ref:0 ;
in:2500 out:2497 type:P dur:2 cpbdur:2 q:33.35 aq:20.32 tex:78 mv:42 misc:296 imb:4 pmb:1 smb:3595 d:- ref:0 ;
in:2498 out:2498 type:B dur:2 cpbdur:2 q:33.40 aq:25.00 tex:0 mv:0 misc:232 imb:0 pmb:0 smb:3600 d:- ref:0 ;
in:2497 out:2499 type:b dur:2 cpbdur:2 q:33.42 aq:27.00 tex:0 mv:0 misc:216 imb:0 pmb:0 smb:3600 d:- ref:0 ;
in:2499 out:2500 type:b dur:2 cpbdur:2 q:33.38 aq:27.00 tex:0 mv:0 misc:216 imb:0 pmb:0 smb:3600 d:- ref:0 ;
in:2504 out:2501 type:P dur:2 cpbdur:2 q:33.28 aq:22.44 tex:10 mv:10 misc:260 imb:1 pmb:0 smb:3599 d:- ref:0 ;
in:2502 out:2502 type:B dur:2 cpbdur:2 q:33.32 aq:25.00 tex:0 mv:0 misc:232 imb:0 pmb:0 smb:3600 d:- ref:0 ;
in:2501 out:2503 type:b dur:2 cpbdur:2 q:33.33 aq:27.00 tex:0 mv:0 misc:216 imb:0 pmb:0 smb:3600 d:- ref:0 ;
in:2503 out:2504 type:b dur:2 cpbdur:2 q:33.30 aq:27.00 tex:0 mv:0 misc:216 imb:0 pmb:0 smb:3600 d:- ref:0 ;
in:2508 out:2505 type:P dur:2 cpbdur:2 q:33.20 aq:22.44 tex:10 mv:10 misc:260 imb:1 pmb:0 smb:3599 d:- ref:0 ;
in:2506 out:2506 type:B dur:2 cpbdur:2 q:33.24 aq:25.00 tex:0 mv:0 misc:232 imb:0 pmb:0 smb:3600 d:- ref:0 ;
in:2505 out:2507 type:b dur:2 cpbdur:2 q:33.26 aq:27.00 tex:0 mv:0 misc:216 imb:0 pmb:0 smb:3600 d:- ref:0 ;
in:2507 out:2508 type:b dur:2 cpbdur:2 q:33.22 aq:27.00 tex:0 mv:0 misc:216 imb:0 pmb:0 smb:3600 d:- ref:0 ;
in:2512 out:2509 type:P dur:2 cpbdur:2 q:33.11 aq:24.40 tex:113 mv:30 misc:297 imb:2 pmb:3 smb:3595 d:- ref:0 ;
in:2510 out:2510 type:B dur:2 cpbdur:2 q:33.16 aq:25.00 tex:0 mv:0 misc:232 imb:0 pmb:0 smb:3600 d:- ref:0 ;
in:2509 out:2511 type:b dur:2 cpbdur:2 q:33.18 aq:27.00 tex:0 mv:0 misc:216 imb:0 pmb:0 smb:3600 d:- ref:0 ;
in:2511 out:2512 type:b dur:2 cpbdur:2 q:33.14 aq:27.00 tex:0 mv:0 misc:216 imb:0 pmb:0 smb:3600 d:- ref:0 ;
in:2516 out:2513 type:P dur:2 cpbdur:2 q:33.02 aq:19.70 tex:227 mv:64 misc:325 imb:5 pmb:5 smb:3590 d:- ref:0 ;
in:2514 out:2514 type:B dur:2 cpbdur:2 q:33.07 aq:25.00 tex:0 mv:0 misc:232 imb:0 pmb:0 smb:3600 d:- ref:0 ;
in:2513 out:2515 type:b dur:2 cpbdur:2 q:33.09 aq:27.00 tex:0 mv:0 misc:216 imb:0 pmb:0 smb:3600 d:- ref:0 ;
in:2515 out:2516 type:b dur:2 cpbdur:2 q:33.04 aq:26.00 tex:0 mv:0 misc:216 imb:0 pmb:0 smb:3600 d:- ref:0 ;
in:2519 out:2517 type:P dur:2 cpbdur:2 q:32.94 aq:26.00 tex:0 mv:0 misc:232 imb:0 pmb:0 smb:3600 d:- ref:0 ;
in:2517 out:2518 type:B dur:2 cpbdur:2 q:32.99 aq:26.00 tex:0 mv:0 misc:232 imb:0 pmb:0 smb:3600 d:- ref:0 ;
in:2518 out:2519 type:b dur:2 cpbdur:2 q:32.97 aq:26.00 tex:0 mv:0 misc:216 imb:0 pmb:0 smb:3600 d:- ref:0 ;
in:2520 out:2520 type:I dur:2 cpbdur:2 q:30.42 aq:16.59 tex:371144 mv:46665 misc:487 imb:3600 pmb:0 smb:0 d:- ref:;
in:2524 out:2521 type:P dur:2 cpbdur:2 q:33.26 aq:20.38 tex:1231 mv:297 misc:472 imb:30 pmb:33 smb:3537 d:- ref:0 ;
in:2522 out:2522 type:B dur:2 cpbdur:2 q:33.26 aq:25.00 tex:0 mv:0 misc:216 imb:0 pmb:0 smb:3600 d:- ref:0 ;
in:2521 out:2523 type:b dur:2 cpbdur:2 q:33.26 aq:27.00 tex:0 mv:0 misc:216 imb:0 pmb:0 smb:3600 d:- ref:0 ;
in:2523 out:2524 type:b dur:2 cpbdur:2 q:33.26 aq:27.00 tex:0 mv:0 misc:216 imb:0 pmb:0 smb:3600 d:- ref:0 ;
in:2528 out:2525 type:P dur:2 cpbdur:2 q:33.18 aq:18.89 tex:301 mv:163 misc:368 imb:22 pmb:4 smb:3574 d:- ref:0 ;
in:2526 out:2526 type:B dur:2 cpbdur:2 q:33.22 aq:25.00 tex:0 mv:0 misc:232 imb:0 pmb:0 smb:3600 d:- ref:0 ;
in:2525 out:2527 type:b dur:2 cpbdur:2 q:33.24 aq:27.00 tex:0 mv:0 misc:216 imb:0 pmb:0 smb:3600 d:- ref:0 ;
in:2527 out:2528 type:b dur:2 cpbdur:2 q:33.20 aq:27.00 tex:0 mv:0 misc:216 imb:0 pmb:0 smb:3600 d:- ref:0 ;
in:2532 out:2529 type:P dur:2 cpbdur:2 q:33.09 aq:22.85 tex:212 mv:98 misc:322 imb:12 pmb:2 smb:3586 d:- ref:0 ;
in:2530 out:2530 type:B dur:2 cpbdur:2 q:33.13 aq:25.00 tex:0 mv:0 misc:232 imb:0 pmb:0 smb:3600 d:- ref:0 ;
in:2529 out:2531 type:b dur:2 cpbdur:2 q:33.16 aq:27.00 tex:0 mv:0 misc:216 imb:0 pmb:0 smb:3600 d:- ref:0 ;
in:2531 out:2532 type:b dur:2 cpbdur:2 q:33.11 aq:27.00 tex:0 mv:0 misc:216 imb:0 pmb:0 smb:3600 d:- ref:0 ;
in:2536 out:2533 type:P dur:2 cpbdur:2 q:33.04 aq:24.83 tex:178 mv:96 misc:326 imb:12 pmb:2 smb:3586 d:- ref:0 ;
in:2534 out:2534 type:B dur:2 cpbdur:2 q:33.06 aq:25.00 tex:0 mv:0 misc:232 imb:0 pmb:0 smb:3600 d:- ref:0 ;
in:2533 out:2535 type:b dur:2 cpbdur:2 q:33.08 aq:26.00 tex:0 mv:0 misc:216 imb:0 pmb:0 smb:3600 d:- ref:0 ;
in:2535 out:2536 type:b dur:2 cpbdur:2 q:33.05 aq:26.00 tex:0 mv:0 misc:216 imb:0 pmb:0 smb:3600 d:- ref:0 ;
in:2540 out:2537 type:P dur:2 cpbdur:2 q:32.96 aq:20.37 tex:174 mv:112 misc:338 imb:14 pmb:2 smb:3584 d:- ref:0 ;
in:2538 out:2538 type:B dur:2 cpbdur:2 q:33.00 aq:25.00 tex:0 mv:0 misc:232 imb:0 pmb:0 smb:3600 d:- ref:0 ;
in:2537 out:2539 type:b dur:2 cpbdur:2 q:33.02 aq:26.00 tex:0 mv:0 misc:216 imb:0 pmb:0 smb:3600 d:- ref:0 ;
in:2539 out:2540 type:b dur:2 cpbdur:2 q:32.98 aq:26.00 tex:0 mv:0 misc:216 imb:0 pmb:0 smb:3600 d:- ref:0 ;
in:2544 out:2541 type:P dur:2 cpbdur:2 q:32.87 aq:22.44 tex:122 mv:93 misc:313 imb:12 pmb:0 smb:3588 d:- ref:0 ;
in:2542 out:2542 type:B dur:2 cpbdur:2 q:32.92 aq:25.00 tex:0 mv:0 misc:232 imb:0 pmb:0 smb:3600 d:- ref:0 ;
in:2541 out:2543 type:b dur:2 cpbdur:2 q:32.94 aq:26.00 tex:0 mv:0 misc:216 imb:0 pmb:0 smb:3600 d:- ref:0 ;
in:2543 out:2544 type:b dur:2 cpbdur:2 q:32.89 aq:26.00 tex:0 mv:0 misc:216 imb:0 pmb:0 smb:3600 d:- ref:0 ;
in:2548 out:2545 type:P dur:2 cpbdur:2 q:32.78 aq:21.66 tex:191 mv:110 misc:347 imb:12 pmb:4 smb:3584 d:- ref:0 ;
in:2546 out:2546 type:B dur:2 cpbdur:2 q:32.83 aq:25.00 tex:0 mv:0 misc:232 imb:0 pmb:0 smb:3600 d:- ref:0 ;
in:2545 out:2547 type:b dur:2 cpbdur:2 q:32.85 aq:26.00 tex:0 mv:0 misc:216 imb:0 pmb:0 smb:3600 d:- ref:0 ;
in:2547 out:2548 type:b dur:2 cpbdur:2 q:32.80 aq:26.00 tex:0 mv:0 misc:216 imb:0 pmb:0 smb:3600 d:- ref:0 ;
in:2552 out:2549 type:P dur:2 cpbdur:2 q:32.70 aq:20.96 tex:176 mv:111 misc:337 imb:12 pmb:3 smb:3585 d:- ref:0 ;
in:2550 out:2550 type:B dur:2 cpbdur:2 q:32.74 aq:25.00 tex:0 mv:0 misc:232 imb:0 pmb:0 smb:3600 d:- ref:0 ;
in:2549 out:2551 type:b dur:2 cpbdur:2 q:32.76 aq:26.00 tex:0 mv:0 misc:216 imb:0 pmb:0 smb:3600 d:- ref:0 ;
in:2551 out:2552 type:b dur:2 cpbdur:2 q:32.72 aq:26.00 tex:0 mv:0 misc:216 imb:0 pmb:0 smb:3600 d:- ref:0 ;
in:2556 out:2553 type:P dur:2 cpbdur:2 q:32.62 aq:21.66 tex:126 mv:95 misc:307 imb:12 pmb:0 smb:3588 d:- ref:0 ;
in:2554 out:2554 type:B dur:2 cpbdur:2 q:32.66 aq:25.00 tex:0 mv:0 misc:232 imb:0 pmb:0 smb:3600 d:- ref:0 ;
in:2553 out:2555 type:b dur:2 cpbdur:2 q:32.68 aq:26.00 tex:0 mv:0 misc:216 imb:0 pmb:0 smb:3600 d:- ref:0 ;
in:2555 out:2556 type:b dur:2 cpbdur:2 q:32.64 aq:26.00 tex:0 mv:0 misc:216 imb:0 pmb:0 smb:3600 d:- ref:0 ;
in:2560 out:2557 type:P dur:2 cpbdur:2 q:32.53 aq:21.85 tex:308 mv:141 misc:351 imb:18 pmb:4 smb:3578 d:- ref:0 ;
in:2558 out:2558 type:B dur:2 cpbdur:2 q:32.58 aq:25.00 tex:0 mv:0 misc:232 imb:0 pmb:0 smb:3600 d:- ref:0 ;
in:2557 out:2559 type:b dur:2 cpbdur:2 q:32.60 aq:26.00 tex:0 mv:0 misc:216 imb:0 pmb:0 smb:3600 d:- ref:0 ;
in:2559 out:2560 type:b dur:2 cpbdur:2 q:32.55 aq:26.00 tex:0 mv:0 misc:216 imb:0 pmb:0 smb:3600 d:- ref:0 ;
in:2564 out:2561 type:P dur:2 cpbdur:2 q:32.44 aq:21.85 tex:213 mv:119 misc:324 imb:17 pmb:1 smb:3582 d:- ref:0 ;
in:2562 out:2562 type:B dur:2 cpbdur:2 q:32.48 aq:24.00 tex:0 mv:0 misc:232 imb:0 pmb:0 smb:3600 d:- ref:0 ;
in:2561 out:2563 type:b dur:2 cpbdur:2 q:32.51 aq:26.00 tex:0 mv:0 misc:216 imb:0 pmb:0 smb:3600 d:- ref:0 ;
in:2563 out:2564 type:b dur:2 cpbdur:2 q:32.46 aq:26.00 tex:0 mv:0 misc:216 imb:0 pmb:0 smb:3600 d:- ref:0 ;
in:2568 out:2565 type:P dur:2 cpbdur:2 q:32.36 aq:21.85 tex:177 mv:108 misc:323 imb:16 pmb:0 smb:3584 d:- ref:0 ;
in:2566 out:2566 type:B dur:2 cpbdur:2 q:32.40 aq:24.00 tex:0 mv:0 misc:232 imb:0 pmb:0 smb:3600 d:- ref:0 ;
in:2565 out:2567 type:b dur:2 cpbdur:2 q:32.42 aq:26.00 tex:0 mv:0 misc:216 imb:0 pmb:0 smb:3600 d:- ref:0 ;
in:2567 out:2568 type:b dur:2 cpbdur:2 q:32.38 aq:26.00 tex:0 mv:0 misc:216 imb:0 pmb:0 smb:3600 d:- ref:0 ;
in:2572 out:2569 type:P dur:2 cpbdur:2 q:32.27 aq:21.85 tex:177 mv:108 misc:323 imb:16 pmb:0 smb:3584 d:- ref:0 ;
in:2570 out:2570 type:B dur:2 cpbdur:2 q:32.32 aq:24.00 tex:0 mv:0 misc:232 imb:0 pmb:0 smb:3600 d:- ref:0 ;
in:2569 out:2571 type:b dur:2 cpbdur:2 q:32.34 aq:26.00 tex:0 mv:0 misc:216 imb:0 pmb:0 smb:3600 d:- ref:0 ;
in:2571 out:2572 type:b dur:2 cpbdur:2 q:32.29 aq:26.00 tex:0 mv:0 misc:216 imb:0 pmb:0 smb:3600 d:- ref:0 ;
in:2576 out:2573 type:P dur:2 cpbdur:2 q:32.19 aq:21.77 tex:343 mv:134 misc:371 imb:17 pmb:5 smb:3578 d:- ref:0 ;
in:2574 out:2574 type:B dur:2 cpbdur:2 q:32.23 aq:24.00 tex:0 mv:0 misc:232 imb:0 pmb:0 smb:3600 d:- ref:0 ;
in:2573 out:2575 type:b dur:2 cpbdur:2 q:32.25 aq:26.00 tex:0 mv:0 misc:216 imb:0 pmb:0 smb:3600 d:- ref:0 ;
in:2575 out:2576 type:b dur:2 cpbdur:2 q:32.21 aq:26.00 tex:0 mv:0 misc:216 imb:0 pmb:0 smb:3600 d:- ref:0 ;
in:2579 out:2577 type:P dur:2 cpbdur:2 q:32.08 aq:25.00 tex:0 mv:0 misc:232 imb:0 pmb:0 smb:3600 d:- ref:0 ;
in:2577 out:2578 type:B dur:2 cpbdur:2 q:32.15 aq:26.00 tex:0 mv:0 misc:232 imb:0 pmb:0 smb:3600 d:- ref:0 ;
in:2578 out:2579 type:b dur:2 cpbdur:2 q:32.12 aq:26.00 tex:0 mv:0 misc:216 imb:0 pmb:0 smb:3600 d:- ref:0 ;
in:2580 out:2580 type:I dur:2 cpbdur:2 q:29.59 aq:15.77 tex:397767 mv:47493 misc:516 imb:3600 pmb:0 smb:0 d:- ref:;
in:2584 out:2581 type:P dur:2 cpbdur:2 q:32.46 aq:23.05 tex:1420 mv:400 misc:492 imb:45 pmb:32 smb:3523 d:- ref:0 ;
in:2582 out:2582 type:B dur:2 cpbdur:2 q:32.46 aq:24.00 tex:0 mv:0 misc:216 imb:0 pmb:0 smb:3600 d:- ref:0 ;
in:2581 out:2583 type:b dur:2 cpbdur:2 q:32.46 aq:26.00 tex:0 mv:0 misc:216 imb:0 pmb:0 smb:3600 d:- ref:0 ;
in:2583 out:2584 type:b dur:2 cpbdur:2 q:32.46 aq:26.00 tex:0 mv:0 misc:216 imb:0 pmb:0 smb:3600 d:- ref:0 ;
in:2588 out:2585 type:P dur:2 cpbdur:2 q:32.37 aq:20.88 tex:576 mv:189 misc:379 imb:21 pmb:6 smb:3573 d:- ref:0 ;
in:2586 out:2586 type:B dur:2 cpbdur:2 q:32.41 aq:24.00 tex:0 mv:0 misc:232 imb:0 pmb:0 smb:3600 d:- ref:0 ;
in:2585 out:2587 type:b dur:2 cpbdur:2 q:32.43 aq:26.00 tex:0 mv:0 misc:216 imb:0 pmb:0 smb:3600 d:- ref:0 ;
in:2587 out:2588 type:b dur:2 cpbdur:2 q:32.39 aq:26.00 tex:0 mv:0 misc:216 imb:0 pmb:0 smb:3600 d:- ref:0 ;
in:2592 out:2589 type:P dur:2 cpbdur:2 q:32.29 aq:21.44 tex:451 mv:157 misc:336 imb:20 pmb:0 smb:3580 d:- ref:0 ;
in:2590 out:2590 type:B dur:2 cpbdur:2 q:32.33 aq:24.00 tex:0 mv:0 misc:232 imb:0 pmb:0 smb:3600 d:- ref:0 ;
in:2589 out:2591 type:b dur:2 cpbdur:2 q:32.35 aq:26.00 tex:0 mv:0 misc:216 imb:0 pmb:0 smb:3600 d:- ref:0 ;
in:2591 out:2592 type:b dur:2 cpbdur:2 q:32.31 aq:26.00 tex:0 mv:0 misc:216 imb:0 pmb:0 smb:3600 d:- ref:0 ;
in:2596 out:2593 type:P dur:2 cpbdur:2 q:32.22 aq:21.84 tex:352 mv:147 misc:325 imb:19 pmb:0 smb:3581 d:- ref:0 ;
in:2594 out:2594 type:B dur:2 cpbdur:2 q:32.25 aq:24.00 tex:0 mv:0 misc:232 imb:0 pmb:0 smb:3600 d:- ref:0 ;
in:2593 out:2595 type:b dur:2 cpbdur:2 q:32.27 aq:26.00 tex:0 mv:0 misc:216 imb:0 pmb:0 smb:3600 d:- ref:0 ;
in:2595 out:2596 type:b dur:2 cpbdur:2 q:32.24 aq:26.00 tex:0 mv:0 misc:216 imb:0 pmb:0 smb:3600 d:- ref:0 ;
in:2600 out:2597 type:P dur:2 cpbdur:2 q:32.13 aq:21.84 tex:303 mv:138 misc:335 imb:17 pmb:1 smb:3582 d:- ref:0 ;
in:2598 out:2598 type:B dur:2 cpbdur:2 q:32.18 aq:24.00 tex:0 mv:0 misc:232 imb:0 pmb:0 smb:3600 d:- ref:0 ;
in:2597 out:2599 type:b dur:2 cpbdur:2 q:32.20 aq:26.00 tex:0 mv:0 misc:216 imb:0 pmb:0 smb:3600 d:- ref:0 ;
in:2599 out:2600 type:b dur:2 cpbdur:2 q:32.15 aq:26.00 tex:0 mv:0 misc:216 imb:0 pmb:0 smb:3600 d:- ref:0 ;
in:2604 out:2601 type:P dur:2 cpbdur:2 q:32.04 aq:21.66 tex:214 mv:120 misc:322 imb:14 pmb:1 smb:3585 d:- ref:0 ;
in:2602 out:2602 type:B dur:2 cpbdur:2 q:32.09 aq:24.00 tex:0 mv:0 misc:232 imb:0 pmb:0 smb:3600 d:- ref:0 ;
in:2601 out:2603 type:b dur:2 cpbdur:2 q:32.11 aq:26.00 tex:0 mv:0 misc:216 imb:0 pmb:0 smb:3600 d:- ref:0 ;
in:2603 out:2604 type:b dur:2 cpbdur:2 q:32.07 aq:25.00 tex:0 mv:0 misc:216 imb:0 pmb:0 smb:3600 d:- ref:0 ;
in:2608 out:2605 type:P dur:2 cpbdur:2 q:31.96 aq:21.66 tex:181 mv:115 misc:312 imb:14 pmb:0 smb:3586 d:- ref:0 ;
in:2606 out:2606 type:B dur:2 cpbdur:2 q:32.00 aq:24.00 tex:0 mv:0 misc:232 imb:0 pmb:0 smb:3600 d:- ref:0 ;
in:2605 out:2607 type:b dur:2 cpbdur:2 q:32.02 aq:25.00 tex:0 mv:0 misc:216 imb:0 pmb:0 smb:3600 d:- ref:0 ;
in:2607 out:2608 type:b dur:2 cpbdur:2 q:31.98 aq:25.00 tex:0 mv:0 misc:216 imb:0 pmb:0 smb:3600 d:- ref:0 ;
in:2612 out:2609 type:P dur:2 cpbdur:2 q:31.87 aq:21.88 tex:144 mv:100 misc:316 imb:14 pmb:0 smb:3586 d:- ref:0 ;
in:2610 out:2610 type:B dur:2 cpbdur:2 q:31.91 aq:24.00 tex:2 mv:10 misc:244 imb:1 pmb:0 smb:3599 d:- ref:0 ;
in:2609 out:2611 type:b dur:2 cpbdur:2 q:31.93 aq:25.00 tex:0 mv:0 misc:216 imb:0 pmb:0 smb:3600 d:- ref:0 ;
in:2611 out:2612 type:b dur:2 cpbdur:2 q:31.89 aq:25.00 tex:0 mv:0 misc:216 imb:0 pmb:0 smb:3600 d:- ref:0 ;
in:2616 out:2613 type:P dur:2 cpbdur:2 q:31.78 aq:22.07 tex:146 mv:50 misc:292 imb:5 pmb:1 smb:3594 d:- ref:0 ;
in:2614 out:2614 type:B dur:2 cpbdur:2 q:31.82 aq:24.00 tex:2 mv:10 misc:244 imb:1 pmb:0 smb:3599 d:- ref:0 ;
in:2613 out:2615 type:b dur:2 cpbdur:2 q:31.84 aq:25.00 tex:0 mv:0 misc:216 imb:0 pmb:0 smb:3600 d:- ref:0 ;
in:2615 out:2616 type:b dur:2 cpbdur:2 q:31.80 aq:25.00 tex:0 mv:0 misc:216 imb:0 pmb:0 smb:3600 d:- ref:0 ;
in:2620 out:2617 type:P dur:2 cpbdur:2 q:31.69 aq:22.00 tex:5 mv:19 misc:272 imb:2 pmb:0 smb:3598 d:- ref:0 ;
in:2618 out:2618 type:B dur:2 cpbdur:2 q:31.73 aq:24.00 tex:2 mv:10 misc:244 imb:1 pmb:0 smb:3599 d:- ref:0 ;
in:2617 out:2619 type:b dur:2 cpbdur:2 q:31.75 aq:25.00 tex:0 mv:0 misc:216 imb:0 pmb:0 smb:3600 d:- ref:0 ;
in:2619 out:2620 type:b dur:2 cpbdur:2 q:31.71 aq:25.00 tex:0 mv:0 misc:216 imb:0 pmb:0 smb:3600 d:- ref:0 ;
in:2624 out:2621 type:P dur:2 cpbdur:2 q:31.59 aq:16.65 tex:1259 mv:1023 misc:958 imb:300 pmb:21 smb:3279 d:- ref:0 w:7,117,1,7,125,3,122,6 ;
in:2622 out:2622 type:B dur:2 cpbdur:2 q:31.64 aq:16.34 tex:89 mv:269 misc:1090 imb:4 pmb:315 smb:3281 d:- ref:0 ;
in:2621 out:2623 type:b dur:2 cpbdur:2 q:31.66 aq:17.93 tex:24 mv:5 misc:227 imb:0 pmb:1 smb:3599 d:- ref:0 ;
in:2623 out:2624 type:b dur:2 cpbdur:2 q:31.62 aq:18.09 tex:203 mv:230 misc:823 imb:8 pmb:205 smb:3387 d:- ref:0 ;
in:2628 out:2625 type:P dur:2 cpbdur:2 q:31.52 aq:14.51 tex:1780 mv:1408 misc:1092 imb:500 pmb:82 smb:3018 d:- ref:0 w:7,105,3,7,101,27,100,28 ;
in:2626 out:2626 type:B dur:2 cpbdur:2 q:31.56 aq:17.23 tex:2481 mv:3085 misc:2018 imb:388 pmb:418 smb:2794 d:- ref:0 ;
in:2625 out:2627 type:b dur:2 cpbdur:2 q:31.57 aq:21.50 tex:1271 mv:162 misc:631 imb:6 pmb:306 smb:3288 d:- ref:0 ;
in:2627 out:2628 type:b dur:2 cpbdur:2 q:31.54 aq:17.08 tex:453 mv:989 misc:774 imb:83 pmb:99 smb:3418 d:- ref:0 ;
in:2632 out:2629 type:P dur:2 cpbdur:2 q:31.44 aq:16.39 tex:1374 mv:525 misc:813 imb:125 pmb:81 smb:3394 d:- ref:0 w:5,25,3,7,99,29,101,27 ;
in:2630 out:2630 type:B dur:2 cpbdur:2 q:31.48 aq:15.08 tex:292 mv:643 misc:617 imb:97 pmb:14 smb:3489 d:- ref:0 ;
in:2629 out:2631 type:b dur:2 cpbdur:2 q:31.50 aq:18.80 tex:3745 mv:2424 misc:2023 imb:282 pmb:880 smb:2438 d:- ref:0 ;
in:2631 out:2632 type:b dur:2 cpbdur:2 q:31.46 aq:21.97 tex:1565 mv:71 misc:636 imb:1 pmb:356 smb:3243 d:- ref:0 ;
in:2636 out:2633 type:P dur:2 cpbdur:2 q:31.36 aq:14.39 tex:3153 mv:3181 misc:2146 imb:1145 pmb:166 smb:2289 d:- ref:0 w:7,91,5,7,91,37,92,36 ;
in:2634 out:2634 type:B dur:2 cpbdur:2 q:31.40 aq:18.67 tex:9743 mv:1143 misc:2106 imb:83 pmb:1652 smb:1865 d:- ref:0 ;
in:2633 out:2635 type:b dur:2 cpbdur:2 q:31.42 aq:16.52 tex:268 mv:660 misc:568 imb:93 pmb:11 smb:3496 d:- ref:0 ;
in:2635 out:2636 type:b dur:2 cpbdur:2 q:31.38 aq:16.03 tex:285 mv:366 misc:1189 imb:18 pmb:334 smb:3248 d:- ref:0 ;
in:2639 out:2637 type:P dur:2 cpbdur:2 q:31.28 aq:16.02 tex:737 mv:701 misc:938 imb:130 pmb:74 smb:3396 d:- ref:0 w:7,89,5,4,10,48,11,40 ;
in:2637 out:2638 type:B dur:2 cpbdur:2 q:31.33 aq:18.23 tex:1531 mv:2036 misc:833 imb:264 pmb:355 smb:2981 d:- ref:0 ;
in:2638 out:2639 type:b dur:2 cpbdur:2 q:31.31 aq:18.27 tex:7052 mv:1715 misc:1937 imb:86 pmb:1426 smb:2088 d:- ref:0 ;
in:2640 out:2640 type:I dur:2 cpbdur:2 q:28.76 aq:17.70 tex:104940 mv:28070 misc:478 imb:3600 pmb:0 smb:0 d:- ref:;
in:2643 out:2641 type:P dur:2 cpbdur:2 q:31.30 aq:16.75 tex:3044 mv:1837 misc:1871 imb:441 pmb:543 smb:2616 d:- ref:0 w:1,1,8,6,35,58,44,40 ;
in:2641 out:2642 type:B dur:2 cpbdur:2 q:31.30 aq:16.19 tex:1330 mv:1557 misc:673 imb:303 pmb:80 smb:3217 d:- ref:0 ;
in:2642 out:2643 type:b dur:2 cpbdur:2 q:31.30 aq:16.58 tex:2108 mv:2726 misc:1462 imb:442 pmb:209 smb:2949 d:- ref:0 ;
in:2644 out:2644 type:P dur:2 cpbdur:2 q:31.25 aq:16.76 tex:5846 mv:3718 misc:2564 imb:1630 pmb:306 smb:1664 d:- ref:0 w:6,43,6,7,55,73,68,60 ;
in:2645 out:2645 type:P dur:2 cpbdur:2 q:31.24 aq:16.00 tex:0 mv:0 misc:312 imb:0 pmb:0 smb:3600 d:- ref:0 w:0,0,19,7,1,127,1,127 ;
