#options: 1280x720 fps=30/1 timebase=1/30 bitdepth=8 cabac=1 ref=1 deblock=1:0:0 analyse=0x1:0 me=dia subme=2 psy=1 psy_rd=1.00:0.00 mixed_ref=0 me_range=16 chroma_me=1 trellis=0 8x8dct=0 cqm=0 deadzone=21,11 fast_pskip=1 chroma_qp_offset=0 threads=12 lookahead_threads=4 sliced_threads=0 nr=0 decimate=1 interlaced=0 bluray_compat=0 constrained_intra=0 bframes=3 b_pyramid=2 b_adapt=1 b_bias=0 direct=1 weightb=1 open_gop=0 weightp=2 keyint=60 keyint_min=6 scenecut=40 intra_refresh=0 rc_lookahead=40 rc=abr mbtree=1 bitrate=1015 ratetol=1.0 qcomp=0.60 qpmin=0 qpmax=69 qpstep=4 ip_ratio=1.40 aq=1:1.00
in:0 out:0 type:I dur:2 cpbdur:2 q:35.84 aq:21.00 tex:338 mv:913 misc:6021 imb:3600 pmb:0 smb:0 d:- ref:;
in:1 out:1 type:i dur:2 cpbdur:2 q:35.78 aq:20.09 tex:53017 mv:17560 misc:143 imb:3600 pmb:0 smb:0 d:- ref:;
in:4 out:2 type:P dur:2 cpbdur:2 q:36.09 aq:21.76 tex:70793 mv:11961 misc:1062 imb:2386 pmb:988 smb:226 d:- ref:0 w:5,127,-48,0,2,-128,2,-128 ;
in:2 out:3 type:B dur:2 cpbdur:2 q:36.09 aq:20.35 tex:2433 mv:717 misc:1722 imb:30 pmb:779 smb:2791 d:- ref:0 ;
in:3 out:4 type:b dur:2 cpbdur:2 q:36.09 aq:21.72 tex:174 mv:47 misc:299 imb:0 pmb:15 smb:3585 d:- ref:0 ;
in:8 out:5 type:P dur:2 cpbdur:2 q:36.08 aq:22.51 tex:81409 mv:11532 misc:1571 imb:1534 pmb:1527 smb:539 d:- ref:0 w:0,2,-16,4,32,-128,31,-119 ;
in:6 out:6 type:B dur:2 cpbdur:2 q:36.08 aq:20.44 tex:1995 mv:821 misc:984 imb:81 pmb:543 smb:2976 d:- ref:0 ;
in:5 out:7 type:b dur:2 cpbdur:2 q:36.09 aq:21.00 tex:163 mv:81 misc:340 imb:2 pmb:30 smb:3568 d:- ref:0 ;
in:7 out:8 type:b dur:2 cpbdur:2 q:36.08 aq:21.66 tex:596 mv:216 misc:516 imb:6 pmb:71 smb:3523 d:- ref:0 ;
in:12 out:9 type:P dur:2 cpbdur:2 q:35.89 aq:24.65 tex:17343 mv:1449 misc:1840 imb:52 pmb:379 smb:3169 d:- ref:0 ;
in:10 out:10 type:B dur:2 cpbdur:2 q:35.98 aq:20.00 tex:9 mv:53 misc:322 imb:0 pmb:19 smb:3581 d:- ref:0 ;
in:9 out:11 type:b dur:2 cpbdur:2 q:36.03 aq:21.00 tex:6 mv:49 misc:305 imb:0 pmb:17 smb:3583 d:- ref:0 ;
in:11 out:12 type:b dur:2 cpbdur:2 q:35.94 aq:21.00 tex:0 mv:0 misc:224 imb:0 pmb:0 smb:3600 d:- ref:0 ;
in:16 out:13 type:P dur:2 cpbdur:2 q:36.00 aq:23.79 tex:2380 mv:291 misc:729 imb:12 pmb:72 smb:3516 d:- ref:0 ;
in:14 out:14 type:B dur:2 cpbdur:2 q:35.94 aq:20.00 tex:0 mv:0 misc:240 imb:0 pmb:0 smb:3600 d:- ref:0 ;
in:13 out:15 type:b dur:2 cpbdur:2 q:35.92 aq:21.00 tex:0 mv:0 misc:224 imb:0 pmb:0 smb:3600 d:- ref:0 ;
in:15 out:16 type:b dur:2 cpbdur:2 q:35.97 aq:21.00 tex:0 mv:0 misc:224 imb:0 pmb:0 smb:3600 d:- ref:0 ;
in:20 out:17 type:P dur:2 cpbdur:2 q:36.84 aq:20.88 tex:55 mv:37 misc:292 imb:3 pmb:1 smb:3596 d:- ref:0 ;
in:18 out:18 type:B dur:2 cpbdur:2 q:36.42 aq:20.00 tex:0 mv:0 misc:240 imb:0 pmb:0 smb:3600 d:- ref:0 ;
in:17 out:19 type:b dur:2 cpbdur:2 q:36.21 aq:21.00 tex:0 mv:0 misc:224 imb:0 pmb:0 smb:3600 d:- ref:0 ;
in:19 out:20 type:b dur:2 cpbdur:2 q:36.63 aq:22.00 tex:0 mv:0 misc:216 imb:0 pmb:0 smb:3600 d:- ref:0 ;
in:24 out:21 type:P dur:2 cpbdur:2 q:32.91 aq:20.80 tex:88974 mv:5961 misc:2777 imb:368 pmb:1370 smb:1862 d:- ref:0 ;
in:22 out:22 type:B dur:2 cpbdur:2 q:34.87 aq:19.00 tex:0 mv:0 misc:240 imb:0 pmb:0 smb:3600 d:- ref:0 ;
in:21 out:23 type:b dur:2 cpbdur:2 q:35.85 aq:21.00 tex:0 mv:0 misc:224 imb:0 pmb:0 smb:3600 d:- ref:0 ;
in:23 out:24 type:b dur:2 cpbdur:2 q:33.89 aq:19.00 tex:0 mv:0 misc:224 imb:0 pmb:0 smb:3600 d:- ref:0 ;
in:28 out:25 type:P dur:2 cpbdur:2 q:29.68 aq:16.85 tex:147409 mv:9091 misc:2324 imb:761 pmb:1663 smb:1176 d:- ref:0 ;
in:26 out:26 type:B dur:2 cpbdur:2 q:31.30 aq:15.16 tex:31 mv:5 misc:268 imb:0 pmb:2 smb:3598 d:- ref:0 ;
in:25 out:27 type:b dur:2 cpbdur:2 q:32.10 aq:17.00 tex:0 mv:0 misc:232 imb:0 pmb:0 smb:3600 d:- ref:0 ;
in:27 out:28 type:b dur:2 cpbdur:2 q:30.49 aq:15.16 tex:31 mv:5 misc:252 imb:0 pmb:2 smb:3598 d:- ref:0 ;
in:32 out:29 type:P dur:2 cpbdur:2 q:26.89 aq:13.94 tex:155991 mv:7737 misc:2552 imb:624 pmb:1759 smb:1217 d:- ref:0 ;
in:30 out:30 type:B dur:2 cpbdur:2 q:28.29 aq:16.60 tex:175 mv:60 misc:349 imb:2 pmb:11 smb:3587 d:- ref:0 ;
in:29 out:31 type:b dur:2 cpbdur:2 q:28.98 aq:17.61 tex:42 mv:6 misc:256 imb:0 pmb:3 smb:3597 d:- ref:0 ;
in:31 out:32 type:b dur:2 cpbdur:2 q:27.59 aq:16.56 tex:71 mv:19 misc:270 imb:1 pmb:3 smb:3596 d:- ref:0 ;
in:36 out:33 type:P dur:2 cpbdur:2 q:26.86 aq:14.80 tex:20391 mv:1119 misc:2298 imb:46 pmb:488 smb:3066 d:- ref:0 ;
in:34 out:34 type:B dur:2 cpbdur:2 q:26.88 aq:21.55 tex:56 mv:25 misc:287 imb:1 pmb:4 smb:3595 d:- ref:0 ;
in:33 out:35 type:b dur:2 cpbdur:2 q:26.89 aq:15.56 tex:20 mv:2 misc:242 imb:0 pmb:1 smb:3599 d:- ref:0 ;
in:35 out:36 type:b dur:2 cpbdur:2 q:26.87 aq:15.56 tex:20 mv:2 misc:242 imb:0 pmb:1 smb:3599 d:- ref:0 ;
in:40 out:37 type:P dur:2 cpbdur:2 q:27.86 aq:13.50 tex:1903 mv:303 misc:946 imb:12 pmb:105 smb:3483 d:- ref:0 ;
in:38 out:38 type:B dur:2 cpbdur:2 q:27.36 aq:21.55 tex:77 mv:21 misc:294 imb:1 pmb:5 smb:3594 d:- ref:0 ;
in:37 out:39 type:b dur:2 cpbdur:2 q:27.11 aq:16.46 tex:29 mv:5 misc:246 imb:0 pmb:2 smb:3598 d:- ref:0 ;
in:39 out:40 type:b dur:2 cpbdur:2 q:27.61 aq:16.56 tex:28 mv:5 misc:247 imb:0 pmb:2 smb:3598 d:- ref:0 ;
in:44 out:41 type:P dur:2 cpbdur:2 q:28.57 aq:13.40 tex:786 mv:160 misc:598 imb:5 pmb:45 smb:3550 d:- ref:0 ;
in:42 out:42 type:B dur:2 cpbdur:2 q:28.21 aq:15.56 tex:23 mv:13 misc:268 imb:1 pmb:1 smb:3598 d:- ref:0 ;
in:41 out:43 type:b dur:2 cpbdur:2 q:28.04 aq:16.56 tex:19 mv:3 misc:242 imb:0 pmb:1 smb:3599 d:- ref:0 ;
in:43 out:44 type:b dur:2 cpbdur:2 q:28.39 aq:17.45 tex:21 mv:3 misc:240 imb:0 pmb:1 smb:3599 d:- ref:0 ;
in:48 out:45 type:P dur:2 cpbdur:2 q:27.39 aq:12.06 tex:1881 mv:203 misc:812 imb:8 pmb:82 smb:3510 d:- ref:0 ;
in:46 out:46 type:B dur:2 cpbdur:2 q:27.98 aq:15.56 tex:27 mv:5 misc:264 imb:0 pmb:2 smb:3598 d:- ref:0 ;
in:45 out:47 type:b dur:2 cpbdur:2 q:28.27 aq:17.46 tex:29 mv:5 misc:246 imb:0 pmb:2 smb:3598 d:- ref:0 ;
in:47 out:48 type:b dur:2 cpbdur:2 q:27.68 aq:16.56 tex:28 mv:5 misc:247 imb:0 pmb:2 smb:3598 d:- ref:0 ;
in:52 out:49 type:P dur:2 cpbdur:2 q:25.75 aq:14.06 tex:26436 mv:1292 misc:2464 imb:91 pmb:541 smb:2968 d:- ref:0 ;
in:50 out:50 type:B dur:2 cpbdur:2 q:26.57 aq:12.32 tex:28 mv:2 misc:258 imb:0 pmb:1 smb:3599 d:- ref:0 ;
in:49 out:51 type:b dur:2 cpbdur:2 q:26.98 aq:15.56 tex:31 mv:4 misc:253 imb:0 pmb:2 smb:3598 d:- ref:0 ;
in:51 out:52 type:b dur:2 cpbdur:2 q:26.16 aq:15.47 tex:60 mv:8 misc:268 imb:0 pmb:4 smb:3596 d:- ref:0 ;
in:56 out:53 type:P dur:2 cpbdur:2 q:24.09 aq:12.50 tex:84763 mv:2954 misc:3251 imb:233 pmb:1319 smb:2048 d:- ref:0 ;
in:54 out:54 type:B dur:2 cpbdur:2 q:24.92 aq:15.52 tex:235 mv:48 misc:389 imb:0 pmb:21 smb:3579 d:- ref:0 ;
in:53 out:55 type:b dur:2 cpbdur:2 q:25.34 aq:12.53 tex:42 mv:9 misc:253 imb:0 pmb:2 smb:3598 d:- ref:0 ;
in:55 out:56 type:b dur:2 cpbdur:2 q:24.51 aq:13.58 tex:88 mv:10 misc:278 imb:0 pmb:6 smb:3594 d:- ref:0 ;
in:59 out:57 type:P dur:2 cpbdur:2 q:22.66 aq:12.54 tex:297 mv:112 misc:391 imb:5 pmb:14 smb:3581 d:- ref:0 ;
in:57 out:58 type:B dur:2 cpbdur:2 q:23.61 aq:14.50 tex:134 mv:30 misc:324 imb:0 pmb:11 smb:3589 d:- ref:0 ;
in:58 out:59 type:b dur:2 cpbdur:2 q:23.14 aq:13.71 tex:101 mv:11 misc:280 imb:0 pmb:6 smb:3594 d:- ref:0 ;
in:60 out:60 type:I dur:2 cpbdur:2 q:24.59 aq:11.92 tex:487680 mv:52400 misc:520 imb:3600 pmb:0 smb:0 d:- ref:;
in:64 out:61 type:P dur:2 cpbdur:2 q:24.31 aq:13.05 tex:5723 mv:747 misc:1594 imb:43 pmb:233 smb:3324 d:- ref:0 ;
in:62 out:62 type:B dur:2 cpbdur:2 q:24.31 aq:14.34 tex:289 mv:80 misc:391 imb:0 pmb:23 smb:3577 d:- ref:0 ;
in:61 out:63 type:b dur:2 cpbdur:2 q:24.31 aq:11.97 tex:88 mv:30 misc:298 imb:0 pmb:9 smb:3591 d:- ref:0 ;
in:63 out:64 type:b dur:2 cpbdur:2 q:24.31 aq:11.97 tex:62 mv:8 misc:266 imb:0 pmb:4 smb:3596 d:- ref:0 ;
in:68 out:65 type:P dur:2 cpbdur:2 q:23.89 aq:12.43 tex:1877 mv:382 misc:837 imb:26 pmb:69 smb:3505 d:- ref:0 ;
in:66 out:66 type:B dur:2 cpbdur:2 q:24.10 aq:14.23 tex:233 mv:42 misc:365 imb:0 pmb:15 smb:3585 d:- ref:0 ;
in:65 out:67 type:b dur:2 cpbdur:2 q:24.20 aq:11.97 tex:61 mv:8 misc:267 imb:0 pmb:4 smb:3596 d:- ref:0 ;
in:67 out:68 type:b dur:2 cpbdur:2 q:23.99 aq:11.97 tex:61 mv:8 misc:267 imb:0 pmb:4 smb:3596 d:- ref:0 ;
in:72 out:69 type:P dur:2 cpbdur:2 q:23.01 aq:10.93 tex:2407 mv:359 misc:730 imb:30 pmb:46 smb:3524 d:- ref:0 ;
in:70 out:70 type:B dur:2 cpbdur:2 q:23.45 aq:12.93 tex:241 mv:33 misc:358 imb:0 pmb:14 smb:3586 d:- ref:0 ;
in:69 out:71 type:b dur:2 cpbdur:2 q:23.67 aq:13.45 tex:105 mv:18 misc:293 imb:0 pmb:7 smb:3593 d:- ref:0 ;
in:71 out:72 type:b dur:2 cpbdur:2 q:23.23 aq:12.61 tex:104 mv:10 misc:286 imb:0 pmb:6 smb:3594 d:- ref:0 ;
in:76 out:73 type:P dur:2 cpbdur:2 q:23.72 aq:12.57 tex:624 mv:135 misc:441 imb:7 pmb:16 smb:3577 d:- ref:0 ;
in:74 out:74 type:B dur:2 cpbdur:2 q:23.37 aq:12.13 tex:132 mv:31 misc:325 imb:0 pmb:9 smb:3591 d:- ref:0 ;
in:73 out:75 type:b dur:2 cpbdur:2 q:23.19 aq:10.97 tex:53 mv:5 misc:262 imb:0 pmb:3 smb:3597 d:- ref:0 ;
in:75 out:76 type:b dur:2 cpbdur:2 q:23.55 aq:12.76 tex:53 mv:7 misc:260 imb:0 pmb:3 smb:3597 d:- ref:0 ;
in:80 out:77 type:P dur:2 cpbdur:2 q:22.65 aq:15.60 tex:287990 mv:18491 misc:1375 imb:1829 pmb:1165 smb:606 d:- ref:0 ;
in:78 out:78 type:B dur:2 cpbdur:2 q:23.19 aq:17.42 tex:83901 mv:11750 misc:2613 imb:271 pmb:1499 smb:1830 d:- ref:0 ;
in:77 out:79 type:b dur:2 cpbdur:2 q:23.46 aq:15.80 tex:861 mv:435 misc:1880 imb:0 pmb:518 smb:3082 d:- ref:0 ;
in:79 out:80 type:b dur:2 cpbdur:2 q:22.92 aq:18.80 tex:92804 mv:15003 misc:2513 imb:366 pmb:1672 smb:1562 d:- ref:0 ;
in:82 out:81 type:P dur:2 cpbdur:2 q:22.44 aq:15.68 tex:296034 mv:18651 misc:1347 imb:1624 pmb:1191 smb:785 d:- ref:0 ;
in:81 out:82 type:b dur:2 cpbdur:2 q:22.55 aq:18.89 tex:111195 mv:18966 misc:2399 imb:580 pmb:1637 smb:1383 d:- ref:0 ;
in:85 out:83 type:P dur:2 cpbdur:2 q:22.58 aq:14.84 tex:279096 mv:20287 misc:913 imb:2182 pmb:1253 smb:165 d:- ref:0 ;
in:83 out:84 type:B dur:2 cpbdur:2 q:22.49 aq:17.43 tex:162472 mv:22489 misc:1927 imb:864 pmb:1832 smb:904 d:- ref:0 ;
in:84 out:85 type:b dur:2 cpbdur:2 q:22.54 aq:18.62 tex:146615 mv:22317 misc:2100 imb:804 pmb:1698 smb:1098 d:- ref:0 ;
in:89 out:86 type:P dur:2 cpbdur:2 q:22.59 aq:15.79 tex:287267 mv:21128 misc:509 imb:2593 pmb:974 smb:33 d:- ref:0 ;
in:87 out:87 type:B dur:2 cpbdur:2 q:22.59 aq:16.68 tex:144647 mv:23572 misc:2069 imb:784 pmb:1897 smb:919 d:- ref:0 ;
in:86 out:88 type:b dur:2 cpbdur:2 q:22.58 aq:18.07 tex:157261 mv:22804 misc:1871 imb:906 pmb:1736 smb:958 d:- ref:0 ;
in:88 out:89 type:b dur:2 cpbdur:2 q:22.59 aq:18.25 tex:145912 mv:21894 misc:2290 imb:792 pmb:1685 smb:1123 d:- ref:0 ;
in:93 out:90 type:P dur:2 cpbdur:2 q:24.27 aq:17.92 tex:308036 mv:20134 misc:454 imb:3129 pmb:441 smb:30 d:- ref:0 ;
in:91 out:91 type:B dur:2 cpbdur:2 q:23.43 aq:18.00 tex:174615 mv:25147 misc:1614 imb:1013 pmb:2047 smb:540 d:- ref:0 ;
in:90 out:92 type:b dur:2 cpbdur:2 q:23.01 aq:18.45 tex:145670 mv:24241 misc:2033 imb:916 pmb:2018 smb:666 d:- ref:0 ;
in:92 out:93 type:b dur:2 cpbdur:2 q:23.85 aq:19.82 tex:124860 mv:23174 misc:2110 imb:866 pmb:1873 smb:861 d:- ref:0 ;
in:94 out:94 type:P dur:2 cpbdur:2 q:26.43 aq:20.00 tex:138421 mv:16680 misc:1675 imb:1854 pmb:1179 smb:567 d:- ref:0 ;
in:96 out:95 type:P dur:2 cpbdur:2 q:27.63 aq:20.96 tex:142229 mv:17981 misc:1390 imb:2079 pmb:1040 smb:481 d:- ref:0 w:0,1,1 ;
in:95 out:96 type:b dur:2 cpbdur:2 q:27.03 aq:22.95 tex:61180 mv:18574 misc:2678 imb:667 pmb:1680 smb:1253 d:- ref:0 ;
in:98 out:97 type:P dur:2 cpbdur:2 q:28.94 aq:22.65 tex:99588 mv:15568 misc:2276 imb:1530 pmb:1036 smb:1034 d:- ref:0 ;
in:97 out:98 type:b dur:2 cpbdur:2 q:28.29 aq:23.66 tex:51486 mv:16078 misc:2788 imb:485 pmb:1502 smb:1613 d:- ref:0 ;
in:100 out:99 type:P dur:2 cpbdur:2 q:30.34 aq:23.24 tex:79423 mv:14280 misc:2089 imb:1599 pmb:1000 smb:1001 d:- ref:0 w:0,1,1 ;
in:99 out:100 type:b dur:2 cpbdur:2 q:29.64 aq:24.00 tex:26840 mv:14444 misc:2884 imb:438 pmb:1466 smb:1696 d:- ref:0 ;
in:101 out:101 type:P dur:2 cpbdur:2 q:31.35 aq:24.68 tex:41217 mv:8858 misc:2765 imb:663 pmb:918 smb:2019 d:- ref:0 ;
in:103 out:102 type:P dur:2 cpbdur:2 q:32.13 aq:25.86 tex:53146 mv:11735 misc:2431 imb:1201 pmb:1020 smb:1379 d:- ref:0 w:0,1,1 ;
in:102 out:103 type:b dur:2 cpbdur:2 q:31.74 aq:26.94 tex:12505 mv:8425 misc:2582 imb:229 pmb:924 smb:2447 d:- ref:0 ;
in:105 out:104 type:P dur:2 cpbdur:2 q:33.08 aq:25.90 tex:50778 mv:11891 misc:2443 imb:1117 pmb:890 smb:1593 d:- ref:0 w:0,1,1 ;
in:104 out:105 type:b dur:2 cpbdur:2 q:32.61 aq:26.81 tex:10520 mv:8719 misc:2593 imb:242 pmb:938 smb:2420 d:- ref:0 ;
in:106 out:106 type:P dur:2 cpbdur:2 q:33.66 aq:26.31 tex:41620 mv:9829 misc:2591 imb:819 pmb:843 smb:1938 d:- ref:0 ;
in:109 out:107 type:P dur:2 cpbdur:2 q:33.94 aq:26.95 tex:133129 mv:15794 misc:1197 imb:2468 pmb:509 smb:623 d:- ref:0 w:0,1,1 ;
in:107 out:108 type:B dur:2 cpbdur:2 q:33.75 aq:28.39 tex:15962 mv:9237 misc:2321 imb:313 pmb:845 smb:2442 d:- ref:0 ;
in:108 out:109 type:b dur:2 cpbdur:2 q:33.85 aq:28.67 tex:7902 mv:6959 misc:2395 imb:188 pmb:906 smb:2506 d:- ref:0 ;
in:112 out:110 type:P dur:2 cpbdur:2 q:34.33 aq:27.10 tex:55183 mv:11303 misc:2354 imb:1207 pmb:810 smb:1583 d:- ref:0 w:0,1,1 ;
in:110 out:111 type:B dur:2 cpbdur:2 q:34.07 aq:28.67 tex:9485 mv:7848 misc:2331 imb:289 pmb:853 smb:2458 d:- ref:0 ;
in:111 out:112 type:b dur:2 cpbdur:2 q:34.20 aq:29.25 tex:10412 mv:6267 misc:2217 imb:139 pmb:938 smb:2523 d:- ref:0 ;
in:114 out:113 type:P dur:2 cpbdur:2 q:34.48 aq:26.20 tex:22083 mv:4811 misc:1522 imb:528 pmb:314 smb:2758 d:- ref:0 w:0,1,1 ;
in:113 out:114 type:b dur:2 cpbdur:2 q:34.40 aq:24.38 tex:5017 mv:3400 misc:1095 imb:109 pmb:502 smb:2989 d:- ref:0 ;
in:116 out:115 type:P dur:2 cpbdur:2 q:34.44 aq:26.13 tex:29982 mv:5959 misc:2107 imb:575 pmb:469 smb:2556 d:- ref:0 w:0,1,1 ;
in:115 out:116 type:b dur:2 cpbdur:2 q:34.46 aq:31.19 tex:3914 mv:3073 misc:1205 imb:106 pmb:247 smb:3247 d:- ref:0 ;
in:119 out:117 type:P dur:2 cpbdur:2 q:34.40 aq:30.80 tex:21848 mv:7551 misc:2321 imb:660 pmb:540 smb:2400 d:- ref:0 w:0,1,1 ;
in:117 out:118 type:B dur:2 cpbdur:2 q:34.42 aq:29.46 tex:9037 mv:6144 misc:1987 imb:376 pmb:642 smb:2582 d:- ref:0 ;
in:118 out:119 type:b dur:2 cpbdur:2 q:34.41 aq:29.99 tex:7970 mv:5301 misc:2001 imb:184 pmb:736 smb:2680 d:- ref:0 ;
in:120 out:120 type:I dur:2 cpbdur:2 q:27.75 aq:20.74 tex:240706 mv:40059 misc:531 imb:3600 pmb:0 smb:0 d:- ref:;
in:124 out:121 type:P dur:2 cpbdur:2 q:35.07 aq:28.40 tex:57633 mv:11017 misc:2230 imb:951 pmb:770 smb:1879 d:- ref:0 w:0,1,1 ;
in:122 out:122 type:B dur:2 cpbdur:2 q:35.07 aq:30.59 tex:12075 mv:8161 misc:2436 imb:196 pmb:942 smb:2462 d:- ref:0 ;
in:121 out:123 type:b dur:2 cpbdur:2 q:35.07 aq:33.61 tex:6203 mv:4760 misc:1853 imb:89 pmb:579 smb:2932 d:- ref:0 ;
in:123 out:124 type:b dur:2 cpbdur:2 q:35.07 aq:33.60 tex:7973 mv:5299 misc:2096 imb:123 pmb:685 smb:2792 d:- ref:0 ;
in:128 out:125 type:P dur:2 cpbdur:2 q:35.09 aq:27.69 tex:62297 mv:13497 misc:2166 imb:1193 pmb:998 smb:1409 d:- ref:0 w:0,1,1 ;
in:126 out:126 type:B dur:2 cpbdur:2 q:35.08 aq:32.16 tex:14138 mv:8972 misc:2402 imb:203 pmb:996 smb:2401 d:- ref:0 ;
in:125 out:127 type:b dur:2 cpbdur:2 q:35.07 aq:31.51 tex:6011 mv:6052 misc:2025 imb:127 pmb:663 smb:2810 d:- ref:0 ;
in:127 out:128 type:b dur:2 cpbdur:2 q:35.08 aq:32.07 tex:7761 mv:5303 misc:2096 imb:131 pmb:609 smb:2860 d:- ref:0 ;
in:132 out:129 type:P dur:2 cpbdur:2 q:34.93 aq:30.06 tex:55599 mv:11027 misc:2470 imb:813 pmb:898 smb:1889 d:- ref:0 ;
in:130 out:130 type:B dur:2 cpbdur:2 q:35.01 aq:33.25 tex:15982 mv:9473 misc:2513 imb:296 pmb:835 smb:2469 d:- ref:0 ;
in:129 out:131 type:b dur:2 cpbdur:2 q:35.05 aq:34.27 tex:7323 mv:5889 misc:2124 imb:149 pmb:672 smb:2779 d:- ref:0 ;
in:131 out:132 type:b dur:2 cpbdur:2 q:34.97 aq:32.58 tex:7188 mv:5521 misc:2131 imb:146 pmb:637 smb:2817 d:- ref:0 ;
in:136 out:133 type:P dur:2 cpbdur:2 q:35.30 aq:30.25 tex:39720 mv:11358 misc:2314 imb:929 pmb:783 smb:1888 d:- ref:0 ;
in:134 out:134 type:B dur:2 cpbdur:2 q:35.12 aq:31.24 tex:14031 mv:9857 misc:2424 imb:242 pmb:814 smb:2544 d:- ref:0 ;
in:133 out:135 type:b dur:2 cpbdur:2 q:35.02 aq:35.65 tex:8015 mv:6244 misc:1941 imb:167 pmb:600 smb:2833 d:- ref:0 ;
in:135 out:136 type:b dur:2 cpbdur:2 q:35.21 aq:36.85 tex:6909 mv:5824 misc:2003 imb:147 pmb:597 smb:2856 d:- ref:0 ;
in:140 out:137 type:P dur:2 cpbdur:2 q:35.33 aq:29.76 tex:45551 mv:11667 misc:2374 imb:860 pmb:848 smb:1892 d:- ref:0 ;
in:138 out:138 type:B dur:2 cpbdur:2 q:35.32 aq:32.44 tex:11637 mv:9072 misc:2275 imb:210 pmb:761 smb:2629 d:- ref:0 ;
in:137 out:139 type:b dur:2 cpbdur:2 q:35.31 aq:33.77 tex:7769 mv:6428 misc:1947 imb:179 pmb:623 smb:2798 d:- ref:0 ;
in:139 out:140 type:b dur:2 cpbdur:2 q:35.32 aq:34.91 tex:6861 mv:6602 misc:2121 imb:198 pmb:642 smb:2760 d:- ref:0 ;
in:144 out:141 type:P dur:2 cpbdur:2 q:35.38 aq:30.76 tex:44920 mv:11923 misc:2509 imb:824 pmb:876 smb:1900 d:- ref:0 ;
in:142 out:142 type:B dur:2 cpbdur:2 q:35.35 aq:34.46 tex:11438 mv:9536 misc:2426 imb:232 pmb:802 smb:2566 d:- ref:0 ;
in:141 out:143 type:b dur:2 cpbdur:2 q:35.34 aq:33.36 tex:7952 mv:6201 misc:2151 imb:147 pmb:652 smb:2801 d:- ref:0 ;
in:143 out:144 type:b dur:2 cpbdur:2 q:35.36 aq:35.24 tex:5175 mv:6311 misc:2058 imb:131 pmb:649 smb:2820 d:- ref:0 ;
in:148 out:145 type:P dur:2 cpbdur:2 q:35.37 aq:29.77 tex:43354 mv:11885 misc:2505 imb:1016 pmb:793 smb:1791 d:- ref:0 ;
in:146 out:146 type:B dur:2 cpbdur:2 q:35.37 aq:33.16 tex:12757 mv:9492 misc:2471 imb:264 pmb:787 smb:2549 d:- ref:0 ;
in:145 out:147 type:b dur:2 cpbdur:2 q:35.38 aq:36.10 tex:7180 mv:6633 misc:2107 imb:203 pmb:615 smb:2782 d:- ref:0 ;
in:147 out:148 type:b dur:2 cpbdur:2 q:35.37 aq:36.56 tex:6778 mv:6949 misc:2097 imb:198 pmb:682 smb:2720 d:- ref:0 ;
in:152 out:149 type:P dur:2 cpbdur:2 q:35.38 aq:30.71 tex:46926 mv:12205 misc:2445 imb:1092 pmb:768 smb:1740 d:- ref:0 ;
in:150 out:150 type:B dur:2 cpbdur:2 q:35.38 aq:33.51 tex:13364 mv:9572 misc:2504 imb:251 pmb:877 smb:2472 d:- ref:0 ;
in:149 out:151 type:b dur:2 cpbdur:2 q:35.38 aq:35.52 tex:9478 mv:8031 misc:2219 imb:287 pmb:668 smb:2645 d:- ref:0 ;
in:151 out:152 type:b dur:2 cpbdur:2 q:35.38 aq:35.43 tex:6526 mv:6565 misc:2077 imb:155 pmb:611 smb:2834 d:- ref:0 ;
in:156 out:153 type:P dur:2 cpbdur:2 q:35.38 aq:30.32 tex:43433 mv:12701 misc:2578 imb:1014 pmb:824 smb:1762 d:- ref:0 ;
in:154 out:154 type:B dur:2 cpbdur:2 q:35.38 aq:33.86 tex:16121 mv:10670 misc:2553 imb:345 pmb:840 smb:2415 d:- ref:0 ;
in:153 out:155 type:b dur:2 cpbdur:2 q:35.38 aq:36.54 tex:8109 mv:7029 misc:2318 imb:221 pmb:655 smb:2724 d:- ref:0 ;
in:155 out:156 type:b dur:2 cpbdur:2 q:35.38 aq:36.01 tex:7570 mv:7355 misc:2227 imb:229 pmb:660 smb:2711 d:- ref:0 ;
in:160 out:157 type:P dur:2 cpbdur:2 q:35.38 aq:30.52 tex:46630 mv:12135 misc:2427 imb:1028 pmb:758 smb:1814 d:- ref:0 ;
in:158 out:158 type:B dur:2 cpbdur:2 q:35.38 aq:33.78 tex:13312 mv:10498 misc:2598 imb:328 pmb:788 smb:2484 d:- ref:0 ;
in:157 out:159 type:b dur:2 cpbdur:2 q:35.38 aq:36.11 tex:5909 mv:6937 misc:2122 imb:234 pmb:571 smb:2795 d:- ref:0 ;
in:159 out:160 type:b dur:2 cpbdur:2 q:35.38 aq:37.22 tex:8416 mv:7857 misc:2119 imb:251 pmb:647 smb:2702 d:- ref:0 ;
in:164 out:161 type:P dur:2 cpbdur:2 q:35.40 aq:30.30 tex:44683 mv:12324 misc:2393 imb:926 pmb:838 smb:1836 d:- ref:0 ;
in:162 out:162 type:B dur:2 cpbdur:2 q:35.39 aq:34.84 tex:15828 mv:10983 misc:2581 imb:275 pmb:868 smb:2457 d:- ref:0 ;
in:161 out:163 type:b dur:2 cpbdur:2 q:35.39 aq:36.35 tex:7538 mv:7921 misc:2317 imb:222 pmb:685 smb:2693 d:- ref:0 ;
in:163 out:164 type:b dur:2 cpbdur:2 q:35.40 aq:34.07 tex:9021 mv:7297 misc:2306 imb:215 pmb:666 smb:2719 d:- ref:0 ;
in:168 out:165 type:P dur:2 cpbdur:2 q:35.41 aq:30.85 tex:51707 mv:13635 misc:2410 imb:1087 pmb:881 smb:1632 d:- ref:0 ;
in:166 out:166 type:B dur:2 cpbdur:2 q:35.41 aq:33.82 tex:13495 mv:10625 misc:2528 imb:316 pmb:829 smb:2455 d:- ref:0 ;
in:165 out:167 type:b dur:2 cpbdur:2 q:35.40 aq:35.38 tex:7120 mv:7365 misc:2259 imb:215 pmb:653 smb:2732 d:- ref:0 ;
in:167 out:168 type:b dur:2 cpbdur:2 q:35.41 aq:35.56 tex:9852 mv:7635 misc:2345 imb:238 pmb:646 smb:2716 d:- ref:0 ;
in:172 out:169 type:P dur:2 cpbdur:2 q:35.45 aq:31.01 tex:46575 mv:12291 misc:2518 imb:946 pmb:854 smb:1800 d:- ref:0 ;
in:170 out:170 type:B dur:2 cpbdur:2 q:35.43 aq:35.10 tex:19980 mv:12007 misc:2613 imb:364 pmb:937 smb:2299 d:- ref:0 ;
in:169 out:171 type:b dur:2 cpbdur:2 q:35.42 aq:36.02 tex:8127 mv:7578 misc:2311 imb:201 pmb:708 smb:2691 d:- ref:0 ;
in:171 out:172 type:b dur:2 cpbdur:2 q:35.44 aq:34.11 tex:9076 mv:8417 misc:2339 imb:241 pmb:723 smb:2636 d:- ref:0 ;
in:176 out:173 type:P dur:2 cpbdur:2 q:35.46 aq:30.45 tex:45443 mv:12256 misc:2453 imb:972 pmb:857 smb:1771 d:- ref:0 ;
in:174 out:174 type:B dur:2 cpbdur:2 q:35.45 aq:33.88 tex:16703 mv:10870 misc:2459 imb:348 pmb:837 smb:2415 d:- ref:0 ;
in:173 out:175 type:b dur:2 cpbdur:2 q:35.45 aq:35.56 tex:10332 mv:7486 misc:2246 imb:229 pmb:638 smb:2733 d:- ref:0 ;
in:175 out:176 type:b dur:2 cpbdur:2 q:35.46 aq:34.72 tex:9046 mv:7534 misc:2324 imb:315 pmb:589 smb:2696 d:- ref:0 ;
in:179 out:177 type:P dur:2 cpbdur:2 q:35.53 aq:33.54 tex:17046 mv:8638 misc:2388 imb:660 pmb:636 smb:2304 d:- ref:0 ;
in:177 out:178 type:B dur:2 cpbdur:2 q:35.49 aq:35.17 tex:9460 mv:7404 misc:2256 imb:193 pmb:659 smb:2748 d:- ref:0 ;
in:178 out:179 type:b dur:2 cpbdur:2 q:35.51 aq:35.28 tex:11051 mv:7232 misc:2221 imb:219 pmb:641 smb:2740 d:- ref:0 ;
in:180 out:180 type:I dur:2 cpbdur:2 q:32.26 aq:26.76 tex:164441 mv:35423 misc:528 imb:3600 pmb:0 smb:0 d:- ref:;
in:184 out:181 type:P dur:2 cpbdur:2 q:35.75 aq:31.42 tex:40890 mv:11589 misc:2345 imb:882 pmb:824 smb:1894 d:- ref:0 ;
in:182 out:182 type:B dur:2 cpbdur:2 q:35.75 aq:34.07 tex:17620 mv:10195 misc:2465 imb:299 pmb:830 smb:2471 d:- ref:0 ;
in:181 out:183 type:b dur:2 cpbdur:2 q:35.75 aq:35.27 tex:8352 mv:7640 misc:2184 imb:183 pmb:682 smb:2735 d:- ref:0 ;
in:183 out:184 type:b dur:2 cpbdur:2 q:35.75 aq:35.05 tex:7208 mv:7134 misc:2274 imb:198 pmb:667 smb:2735 d:- ref:0 ;
in:188 out:185 type:P dur:2 cpbdur:2 q:35.78 aq:32.06 tex:44602 mv:11856 misc:2374 imb:963 pmb:801 smb:1836 d:- ref:0 ;
in:186 out:186 type:B dur:2 cpbdur:2 q:35.77 aq:33.58 tex:13550 mv:9825 misc:2425 imb:271 pmb:794 smb:2535 d:- ref:0 ;
in:185 out:187 type:b dur:2 cpbdur:2 q:35.76 aq:36.35 tex:9086 mv:7386 misc:2248 imb:246 pmb:683 smb:2671 d:- ref:0 ;
in:187 out:188 type:b dur:2 cpbdur:2 q:35.78 aq:36.24 tex:9005 mv:6930 misc:2225 imb:205 pmb:610 smb:2785 d:- ref:0 ;
in:192 out:189 type:P dur:2 cpbdur:2 q:35.73 aq:30.96 tex:44721 mv:12695 misc:2368 imb:1155 pmb:821 smb:1624 d:- ref:0 ;
in:190 out:190 type:B dur:2 cpbdur:2 q:35.76 aq:33.74 tex:13655 mv:10012 misc:2581 imb:300 pmb:873 smb:2427 d:- ref:0 ;
in:189 out:191 type:b dur:2 cpbdur:2 q:35.77 aq:34.93 tex:9596 mv:6745 misc:2211 imb:167 pmb:684 smb:2749 d:- ref:0 ;
in:191 out:192 type:b dur:2 cpbdur:2 q:35.74 aq:37.06 tex:8609 mv:7100 misc:2187 imb:217 pmb:584 smb:2799 d:- ref:0 ;
in:196 out:193 type:P dur:2 cpbdur:2 q:35.95 aq:31.27 tex:46329 mv:12629 misc:2210 imb:1146 pmb:796 smb:1658 d:- ref:0 ;
in:194 out:194 type:B dur:2 cpbdur:2 q:35.84 aq:34.75 tex:13002 mv:10647 misc:2519 imb:342 pmb:839 smb:2419 d:- ref:0 ;
in:193 out:195 type:b dur:2 cpbdur:2 q:35.79 aq:34.87 tex:8314 mv:7223 misc:2231 imb:237 pmb:633 smb:2730 d:- ref:0 ;
in:195 out:196 type:b dur:2 cpbdur:2 q:35.90 aq:35.63 tex:7019 mv:6762 misc:2219 imb:204 pmb:641 smb:2755 d:- ref:0 ;
in:200 out:197 type:P dur:2 cpbdur:2 q:35.97 aq:31.32 tex:42575 mv:12009 misc:2384 imb:1018 pmb:832 smb:1750 d:- ref:0 ;
in:198 out:198 type:B dur:2 cpbdur:2 q:35.96 aq:34.38 tex:14210 mv:9357 misc:2497 imb:330 pmb:750 smb:2520 d:- ref:0 ;
in:197 out:199 type:b dur:2 cpbdur:2 q:35.96 aq:36.11 tex:7584 mv:6874 misc:2182 imb:185 pmb:675 smb:2740 d:- ref:0 ;
in:199 out:200 type:b dur:2 cpbdur:2 q:35.97 aq:35.17 tex:8630 mv:6854 misc:2116 imb:253 pmb:576 smb:2771 d:- ref:0 ;
in:204 out:201 type:P dur:2 cpbdur:2 q:35.98 aq:30.94 tex:46899 mv:12391 misc:2246 imb:975 pmb:842 smb:1783 d:- ref:0 ;
in:202 out:202 type:B dur:2 cpbdur:2 q:35.98 aq:35.15 tex:13004 mv:9084 misc:2432 imb:272 pmb:760 smb:2568 d:- ref:0 ;
in:201 out:203 type:b dur:2 cpbdur:2 q:35.98 aq:36.28 tex:6466 mv:6534 misc:2144 imb:191 pmb:609 smb:2800 d:- ref:0 ;
in:203 out:204 type:b dur:2 cpbdur:2 q:35.98 aq:35.48 tex:7758 mv:5899 misc:2095 imb:182 pmb:620 smb:2798 d:- ref:0 ;
in:208 out:205 type:P dur:2 cpbdur:2 q:36.00 aq:31.33 tex:38526 mv:11910 misc:2548 imb:885 pmb:882 smb:1833 d:- ref:0 ;
in:206 out:206 type:B dur:2 cpbdur:2 q:35.99 aq:35.62 tex:11051 mv:9902 misc:2567 imb:312 pmb:826 smb:2462 d:- ref:0 ;
in:205 out:207 type:b dur:2 cpbdur:2 q:35.99 aq:34.63 tex:7817 mv:5897 misc:2118 imb:167 pmb:641 smb:2792 d:- ref:0 ;
in:207 out:208 type:b dur:2 cpbdur:2 q:35.99 aq:36.81 tex:5696 mv:6624 misc:2120 imb:196 pmb:678 smb:2726 d:- ref:0 ;
in:212 out:209 type:P dur:2 cpbdur:2 q:35.98 aq:31.39 tex:47825 mv:12087 misc:2432 imb:1065 pmb:840 smb:1695 d:- ref:0 ;
in:210 out:210 type:B dur:2 cpbdur:2 q:35.99 aq:35.02 tex:14546 mv:10642 misc:2516 imb:336 pmb:844 smb:2420 d:- ref:0 ;
in:209 out:211 type:b dur:2 cpbdur:2 q:35.99 aq:35.69 tex:5092 mv:6291 misc:2057 imb:175 pmb:606 smb:2819 d:- ref:0 ;
in:211 out:212 type:b dur:2 cpbdur:2 q:35.98 aq:36.07 tex:6185 mv:6228 misc:2203 imb:150 pmb:705 smb:2745 d:- ref:0 ;
in:216 out:213 type:P dur:2 cpbdur:2 q:35.99 aq:31.52 tex:46753 mv:11273 misc:2502 imb:866 pmb:870 smb:1864 d:- ref:0 ;
in:214 out:214 type:B dur:2 cpbdur:2 q:35.98 aq:35.65 tex:11654 mv:8121 misc:2489 imb:266 pmb:674 smb:2660 d:- ref:0 ;
in:213 out:215 type:b dur:2 cpbdur:2 q:35.98 aq:36.27 tex:5431 mv:5599 misc:2114 imb:143 pmb:594 smb:2863 d:- ref:0 ;
in:215 out:216 type:b dur:2 cpbdur:2 q:35.99 aq:36.89 tex:5898 mv:4740 misc:1898 imb:145 pmb:457 smb:2998 d:- ref:0 ;
in:220 out:217 type:P dur:2 cpbdur:2 q:35.95 aq:31.44 tex:48472 mv:11966 misc:2378 imb:877 pmb:897 smb:1826 d:- ref:0 ;
in:218 out:218 type:B dur:2 cpbdur:2 q:35.97 aq:34.70 tex:10120 mv:7994 misc:2438 imb:218 pmb:708 smb:2674 d:- ref:0 ;
in:217 out:219 type:b dur:2 cpbdur:2 q:35.98 aq:35.37 tex:6075 mv:4722 misc:2003 imb:118 pmb:482 smb:3000 d:- ref:0 ;
in:219 out:220 type:b dur:2 cpbdur:2 q:35.96 aq:36.28 tex:6523 mv:4279 misc:1854 imb:109 pmb:429 smb:3062 d:- ref:0 ;
in:224 out:221 type:P dur:2 cpbdur:2 q:35.94 aq:31.22 tex:51645 mv:11669 misc:2422 imb:954 pmb:893 smb:1753 d:- ref:0 ;
in:222 out:222 type:B dur:2 cpbdur:2 q:35.95 aq:34.91 tex:11191 mv:7456 misc:2289 imb:219 pmb:716 smb:2665 d:- ref:0 ;
in:221 out:223 type:b dur:2 cpbdur:2 q:35.95 aq:37.09 tex:6022 mv:5241 misc:2033 imb:130 pmb:581 smb:2889 d:- ref:0 ;
in:223 out:224 type:b dur:2 cpbdur:2 q:35.94 aq:36.05 tex:5602 mv:4795 misc:1867 imb:148 pmb:563 smb:2889 d:- ref:0 ;
in:228 out:225 type:P dur:2 cpbdur:2 q:35.92 aq:30.74 tex:53304 mv:10991 misc:2449 imb:874 pmb:892 smb:1834 d:- ref:0 ;
in:226 out:226 type:B dur:2 cpbdur:2 q:35.93 aq:34.74 tex:10261 mv:6814 misc:2165 imb:171 pmb:734 smb:2695 d:- ref:0 ;
in:225 out:227 type:b dur:2 cpbdur:2 q:35.94 aq:37.40 tex:4742 mv:3430 misc:1612 imb:76 pmb:408 smb:3116 d:- ref:0 ;
in:227 out:228 type:b dur:2 cpbdur:2 q:35.93 aq:36.18 tex:7891 mv:4762 misc:1731 imb:173 pmb:549 smb:2878 d:- ref:0 ;
in:232 out:229 type:P dur:2 cpbdur:2 q:35.91 aq:30.33 tex:66053 mv:10687 misc:2556 imb:803 pmb:928 smb:1869 d:- ref:0 ;
in:230 out:230 type:B dur:2 cpbdur:2 q:35.92 aq:34.21 tex:9754 mv:6430 misc:2368 imb:208 pmb:732 smb:2660 d:- ref:0 ;
in:229 out:231 type:b dur:2 cpbdur:2 q:35.92 aq:36.56 tex:4261 mv:3373 misc:1670 imb:118 pmb:463 smb:3019 d:- ref:0 ;
in:231 out:232 type:b dur:2 cpbdur:2 q:35.91 aq:36.59 tex:4953 mv:2946 misc:1597 imb:116 pmb:370 smb:3114 d:- ref:0 ;
in:236 out:233 type:P dur:2 cpbdur:2 q:35.89 aq:28.21 tex:88483 mv:12755 misc:2602 imb:1094 pmb:1084 smb:1422 d:- ref:0 ;
in:234 out:234 type:B dur:2 cpbdur:2 q:35.90 aq:35.47 tex:7224 mv:5491 misc:2053 imb:157 pmb:620 smb:2823 d:- ref:0 ;
in:233 out:235 type:b dur:2 cpbdur:2 q:35.91 aq:37.23 tex:5682 mv:3406 misc:1560 imb:154 pmb:381 smb:3065 d:- ref:0 ;
in:235 out:236 type:b dur:2 cpbdur:2 q:35.90 aq:36.36 tex:2381 mv:2216 misc:1283 imb:34 pmb:359 smb:3207 d:- ref:0 ;
in:237 out:237 type:P dur:2 cpbdur:2 q:35.91 aq:26.70 tex:59948 mv:6929 misc:3187 imb:563 pmb:848 smb:2189 d:- ref:0 ;
in:239 out:238 type:P dur:2 cpbdur:2 q:35.92 aq:33.38 tex:9258 mv:2612 misc:1610 imb:246 pmb:264 smb:3090 d:- ref:0 ;
in:238 out:239 type:b dur:2 cpbdur:2 q:35.91 aq:33.47 tex:1106 mv:866 misc:556 imb:6 pmb:93 smb:3501 d:- ref:0 ;
in:240 out:240 type:I dur:2 cpbdur:2 q:32.98 aq:21.95 tex:374658 mv:55632 misc:534 imb:3600 pmb:0 smb:0 d:- ref:;
in:244 out:241 type:P dur:2 cpbdur:2 q:36.32 aq:28.00 tex:3051 mv:874 misc:371 imb:33 pmb:49 smb:3518 d:- ref:0 ;
in:242 out:242 type:B dur:2 cpbdur:2 q:36.32 aq:31.03 tex:368 mv:497 misc:335 imb:3 pmb:52 smb:3545 d:- ref:0 ;
in:241 out:243 type:b dur:2 cpbdur:2 q:36.32 aq:36.23 tex:408 mv:474 misc:342 imb:3 pmb:46 smb:3551 d:- ref:0 ;
in:243 out:244 type:b dur:2 cpbdur:2 q:36.32 aq:36.24 tex:541 mv:421 misc:326 imb:4 pmb:42 smb:3554 d:- ref:0 ;
in:246 out:245 type:P dur:2 cpbdur:2 q:36.26 aq:23.93 tex:2899 mv:649 misc:420 imb:24 pmb:44 smb:3532 d:- ref:0 ;
in:245 out:246 type:b dur:2 cpbdur:2 q:36.29 aq:34.01 tex:402 mv:430 misc:320 imb:3 pmb:42 smb:3555 d:- ref:0 ;
in:250 out:247 type:P dur:2 cpbdur:2 q:36.14 aq:27.44 tex:4375 mv:788 misc:389 imb:36 pmb:40 smb:3524 d:- ref:0 ;
in:248 out:248 type:B dur:2 cpbdur:2 q:36.20 aq:31.46 tex:352 mv:588 misc:356 imb:5 pmb:49 smb:3546 d:- ref:0 ;
in:247 out:249 type:b dur:2 cpbdur:2 q:36.23 aq:36.09 tex:651 mv:435 misc:338 imb:3 pmb:43 smb:3554 d:- ref:0 ;
in:249 out:250 type:b dur:2 cpbdur:2 q:36.17 aq:34.52 tex:550 mv:450 misc:312 imb:7 pmb:42 smb:3551 d:- ref:0 ;
in:252 out:251 type:P dur:2 cpbdur:2 q:35.96 aq:24.21 tex:5088 mv:664 misc:416 imb:27 pmb:41 smb:3532 d:- ref:0 ;
in:251 out:252 type:b dur:2 cpbdur:2 q:36.05 aq:31.87 tex:196 mv:200 misc:340 imb:1 pmb:35 smb:3564 d:- ref:0 ;
in:256 out:253 type:P dur:2 cpbdur:2 q:36.27 aq:25.69 tex:2736 mv:345 misc:367 imb:17 pmb:29 smb:3554 d:- ref:0 ;
in:254 out:254 type:B dur:2 cpbdur:2 q:36.12 aq:34.78 tex:351 mv:247 misc:322 imb:1 pmb:33 smb:3566 d:- ref:0 ;
in:253 out:255 type:b dur:2 cpbdur:2 q:36.04 aq:31.29 tex:82 mv:194 misc:316 imb:1 pmb:25 smb:3574 d:- ref:0 ;
in:255 out:256 type:b dur:2 cpbdur:2 q:36.20 aq:31.47 tex:254 mv:156 misc:278 imb:2 pmb:16 smb:3582 d:- ref:0 ;
in:259 out:257 type:P dur:2 cpbdur:2 q:35.99 aq:24.18 tex:3469 mv:450 misc:441 imb:14 pmb:48 smb:3538 d:- ref:0 ;
in:257 out:258 type:B dur:2 cpbdur:2 q:36.18 aq:35.79 tex:269 mv:184 misc:331 imb:1 pmb:29 smb:3570 d:- ref:0 ;
in:258 out:259 type:b dur:2 cpbdur:2 q:36.08 aq:32.02 tex:142 mv:168 misc:306 imb:0 pmb:30 smb:3570 d:- ref:0 ;
in:262 out:260 type:P dur:2 cpbdur:2 q:35.77 aq:25.28 tex:1613 mv:319 misc:404 imb:16 pmb:27 smb:3557 d:- ref:0 ;
in:260 out:261 type:B dur:2 cpbdur:2 q:35.92 aq:30.38 tex:210 mv:174 misc:288 imb:1 pmb:25 smb:3574 d:- ref:0 ;
in:261 out:262 type:b dur:2 cpbdur:2 q:35.85 aq:31.53 tex:93 mv:166 misc:269 imb:1 pmb:18 smb:3581 d:- ref:0 ;
in:266 out:263 type:P dur:2 cpbdur:2 q:35.55 aq:25.18 tex:4980 mv:566 misc:446 imb:24 pmb:42 smb:3534 d:- ref:0 ;
in:264 out:264 type:B dur:2 cpbdur:2 q:35.66 aq:33.96 tex:461 mv:235 misc:344 imb:0 pmb:37 smb:3563 d:- ref:0 ;
in:263 out:265 type:b dur:2 cpbdur:2 q:35.72 aq:30.92 tex:248 mv:225 misc:295 imb:1 pmb:24 smb:3575 d:- ref:0 ;
in:265 out:266 type:b dur:2 cpbdur:2 q:35.61 aq:35.55 tex:215 mv:223 misc:306 imb:1 pmb:26 smb:3573 d:- ref:0 ;
in:270 out:267 type:P dur:2 cpbdur:2 q:35.25 aq:22.25 tex:3743 mv:544 misc:529 imb:18 pmb:61 smb:3521 d:- ref:0 ;
in:268 out:268 type:B dur:2 cpbdur:2 q:35.40 aq:34.43 tex:553 mv:274 misc:325 imb:0 pmb:31 smb:3569 d:- ref:0 ;
in:267 out:269 type:b dur:2 cpbdur:2 q:35.47 aq:34.92 tex:88 mv:172 misc:292 imb:1 pmb:22 smb:3577 d:- ref:0 ;
in:269 out:270 type:b dur:2 cpbdur:2 q:35.32 aq:34.24 tex:518 mv:263 misc:299 imb:3 pmb:28 smb:3569 d:- ref:0 ;
in:274 out:271 type:P dur:2 cpbdur:2 q:34.96 aq:28.36 tex:3629 mv:595 misc:488 imb:27 pmb:54 smb:3519 d:- ref:0 ;
in:272 out:272 type:B dur:2 cpbdur:2 q:35.11 aq:33.65 tex:454 mv:310 misc:324 imb:1 pmb:32 smb:3567 d:- ref:0 ;
in:271 out:273 type:b dur:2 cpbdur:2 q:35.18 aq:34.85 tex:301 mv:158 misc:277 imb:2 pmb:19 smb:3579 d:- ref:0 ;
in:273 out:274 type:b dur:2 cpbdur:2 q:35.03 aq:34.94 tex:588 mv:300 misc:304 imb:2 pmb:29 smb:3569 d:- ref:0 ;
in:278 out:275 type:P dur:2 cpbdur:2 q:34.68 aq:22.38 tex:4345 mv:753 misc:566 imb:28 pmb:64 smb:3508 d:- ref:0 ;
in:276 out:276 type:B dur:2 cpbdur:2 q:34.82 aq:33.03 tex:1148 mv:430 misc:310 imb:3 pmb:33 smb:3564 d:- ref:0 ;
in:275 out:277 type:b dur:2 cpbdur:2 q:34.89 aq:34.66 tex:893 mv:323 misc:296 imb:5 pmb:28 smb:3567 d:- ref:0 ;
in:277 out:278 type:b dur:2 cpbdur:2 q:34.75 aq:34.18 tex:766 mv:430 misc:292 imb:4 pmb:35 smb:3561 d:- ref:0 ;
in:282 out:279 type:P dur:2 cpbdur:2 q:34.42 aq:25.33 tex:7626 mv:806 misc:648 imb:45 pmb:72 smb:3483 d:- ref:0 ;
in:280 out:280 type:B dur:2 cpbdur:2 q:34.55 aq:32.53 tex:2049 mv:664 misc:351 imb:12 pmb:46 smb:3542 d:- ref:0 ;
in:279 out:281 type:b dur:2 cpbdur:2 q:34.62 aq:33.74 tex:800 mv:418 misc:302 imb:2 pmb:34 smb:3564 d:- ref:0 ;
in:281 out:282 type:b dur:2 cpbdur:2 q:34.48 aq:33.93 tex:635 mv:394 misc:307 imb:0 pmb:37 smb:3563 d:- ref:0 ;
in:286 out:283 type:P dur:2 cpbdur:2 q:34.16 aq:22.80 tex:6787 mv:966 misc:687 imb:30 pmb:90 smb:3480 d:- ref:0 ;
in:284 out:284 type:B dur:2 cpbdur:2 q:34.29 aq:32.70 tex:2364 mv:569 misc:347 imb:1 pmb:54 smb:3545 d:- ref:0 ;
in:283 out:285 type:b dur:2 cpbdur:2 q:34.35 aq:34.02 tex:841 mv:527 misc:328 imb:1 pmb:40 smb:3559 d:- ref:0 ;
in:285 out:286 type:b dur:2 cpbdur:2 q:34.22 aq:33.51 tex:602 mv:448 misc:326 imb:0 pmb:38 smb:3562 d:- ref:0 ;
in:290 out:287 type:P dur:2 cpbdur:2 q:33.88 aq:21.66 tex:6845 mv:1045 misc:726 imb:34 pmb:94 smb:3472 d:- ref:0 ;
in:288 out:288 type:B dur:2 cpbdur:2 q:34.02 aq:31.42 tex:1573 mv:662 misc:349 imb:0 pmb:55 smb:3545 d:- ref:0 ;
in:287 out:289 type:b dur:2 cpbdur:2 q:34.09 aq:33.17 tex:708 mv:413 misc:343 imb:0 pmb:39 smb:3561 d:- ref:0 ;
in:289 out:290 type:b dur:2 cpbdur:2 q:33.95 aq:33.83 tex:917 mv:446 misc:325 imb:0 pmb:35 smb:3565 d:- ref:0 ;
in:294 out:291 type:P dur:2 cpbdur:2 q:33.60 aq:22.49 tex:6708 mv:958 misc:846 imb:25 pmb:111 smb:3464 d:- ref:0 ;
in:292 out:292 type:B dur:2 cpbdur:2 q:33.74 aq:32.72 tex:2115 mv:577 misc:356 imb:0 pmb:49 smb:3551 d:- ref:0 ;
in:291 out:293 type:b dur:2 cpbdur:2 q:33.81 aq:33.79 tex:947 mv:469 misc:328 imb:0 pmb:36 smb:3564 d:- ref:0 ;
in:293 out:294 type:b dur:2 cpbdur:2 q:33.67 aq:33.99 tex:903 mv:364 misc:317 imb:0 pmb:36 smb:3564 d:- ref:0 ;
in:298 out:295 type:P dur:2 cpbdur:2 q:33.37 aq:21.50 tex:9546 mv:1198 misc:1000 imb:36 pmb:146 smb:3418 d:- ref:0 ;
in:296 out:296 type:B dur:2 cpbdur:2 q:33.49 aq:31.71 tex:2490 mv:579 misc:379 imb:1 pmb:54 smb:3545 d:- ref:0 ;
in:295 out:297 type:b dur:2 cpbdur:2 q:33.55 aq:33.75 tex:1248 mv:467 misc:341 imb:0 pmb:42 smb:3558 d:- ref:0 ;
in:297 out:298 type:b dur:2 cpbdur:2 q:33.43 aq:33.91 tex:965 mv:392 misc:331 imb:0 pmb:36 smb:3564 d:- ref:0 ;
in:299 out:299 type:P dur:2 cpbdur:2 q:33.13 aq:29.78 tex:2309 mv:462 misc:357 imb:6 pmb:51 smb:3543 d:- ref:0 ;
in:300 out:300 type:I dur:2 cpbdur:2 q:31.49 aq:20.32 tex:454631 mv:63779 misc:526 imb:3600 pmb:0 smb:0 d:- ref:;
in:304 out:301 type:P dur:2 cpbdur:2 q:33.60 aq:21.35 tex:15911 mv:939 misc:710 imb:48 pmb:92 smb:3460 d:- ref:0 ;
in:302 out:302 type:B dur:2 cpbdur:2 q:33.60 aq:31.34 tex:2713 mv:544 misc:335 imb:1 pmb:53 smb:3546 d:- ref:0 ;
in:301 out:303 type:b dur:2 cpbdur:2 q:33.60 aq:33.07 tex:1392 mv:709 misc:315 imb:6 pmb:57 smb:3537 d:- ref:0 ;
in:303 out:304 type:b dur:2 cpbdur:2 q:33.60 aq:34.15 tex:1397 mv:328 misc:283 imb:0 pmb:35 smb:3565 d:- ref:0 ;
in:308 out:305 type:P dur:2 cpbdur:2 q:33.35 aq:21.79 tex:7730 mv:618 misc:524 imb:9 pmb:71 smb:3520 d:- ref:0 ;
in:306 out:306 type:B dur:2 cpbdur:2 q:33.47 aq:32.87 tex:2970 mv:605 misc:305 imb:0 pmb:42 smb:3558 d:- ref:0 ;
in:305 out:307 type:b dur:2 cpbdur:2 q:33.53 aq:34.00 tex:1002 mv:471 misc:295 imb:0 pmb:35 smb:3565 d:- ref:0 ;
in:307 out:308 type:b dur:2 cpbdur:2 q:33.41 aq:34.10 tex:1133 mv:353 misc:306 imb:0 pmb:29 smb:3571 d:- ref:0 ;
in:312 out:309 type:P dur:2 cpbdur:2 q:33.13 aq:24.15 tex:10077 mv:801 misc:570 imb:23 pmb:83 smb:3494 d:- ref:0 ;
in:310 out:310 type:B dur:2 cpbdur:2 q:33.24 aq:31.45 tex:2917 mv:666 misc:345 imb:0 pmb:52 smb:3548 d:- ref:0 ;
in:309 out:311 type:b dur:2 cpbdur:2 q:33.29 aq:32.64 tex:965 mv:398 misc:317 imb:0 pmb:38 smb:3562 d:- ref:0 ;
in:311 out:312 type:b dur:2 cpbdur:2 q:33.18 aq:33.23 tex:1507 mv:446 misc:287 imb:1 pmb:39 smb:3560 d:- ref:0 ;
in:316 out:313 type:P dur:2 cpbdur:2 q:33.34 aq:25.90 tex:10816 mv:760 misc:432 imb:17 pmb:68 smb:3515 d:- ref:0 ;
in:314 out:314 type:B dur:2 cpbdur:2 q:33.23 aq:32.56 tex:3195 mv:689 misc:348 imb:1 pmb:56 smb:3543 d:- ref:0 ;
in:313 out:315 type:b dur:2 cpbdur:2 q:33.18 aq:33.56 tex:1092 mv:329 misc:323 imb:0 pmb:36 smb:3564 d:- ref:0 ;
in:315 out:316 type:b dur:2 cpbdur:2 q:33.28 aq:34.20 tex:1482 mv:426 misc:332 imb:0 pmb:44 smb:3556 d:- ref:0 ;
in:320 out:317 type:P dur:2 cpbdur:2 q:33.08 aq:24.72 tex:9028 mv:734 misc:486 imb:16 pmb:70 smb:3514 d:- ref:0 ;
in:318 out:318 type:B dur:2 cpbdur:2 q:33.21 aq:32.26 tex:3366 mv:696 misc:314 imb:0 pmb:56 smb:3544 d:- ref:0 ;
in:317 out:319 type:b dur:2 cpbdur:2 q:33.27 aq:33.16 tex:1254 mv:437 misc:309 imb:0 pmb:40 smb:3560 d:- ref:0 ;
in:319 out:320 type:b dur:2 cpbdur:2 q:33.14 aq:33.22 tex:1071 mv:442 misc:327 imb:0 pmb:41 smb:3559 d:- ref:0 ;
in:324 out:321 type:P dur:2 cpbdur:2 q:32.82 aq:23.92 tex:9124 mv:817 misc:515 imb:16 pmb:78 smb:3506 d:- ref:0 ;
in:322 out:322 type:B dur:2 cpbdur:2 q:32.95 aq:31.77 tex:3789 mv:797 misc:326 imb:1 pmb:53 smb:3546 d:- ref:0 ;
in:321 out:323 type:b dur:2 cpbdur:2 q:33.02 aq:33.05 tex:1535 mv:477 misc:316 imb:0 pmb:43 smb:3557 d:- ref:0 ;
in:323 out:324 type:b dur:2 cpbdur:2 q:32.89 aq:32.27 tex:1086 mv:519 misc:307 imb:0 pmb:41 smb:3559 d:- ref:0 ;
in:328 out:325 type:P dur:2 cpbdur:2 q:32.61 aq:22.23 tex:10654 mv:793 misc:609 imb:18 pmb:85 smb:3497 d:- ref:0 ;
in:326 out:326 type:B dur:2 cpbdur:2 q:32.72 aq:31.02 tex:3751 mv:757 misc:340 imb:0 pmb:56 smb:3544 d:- ref:0 ;
in:325 out:327 type:b dur:2 cpbdur:2 q:32.77 aq:32.78 tex:1469 mv:463 misc:316 imb:1 pmb:44 smb:3555 d:- ref:0 ;
in:327 out:328 type:b dur:2 cpbdur:2 q:32.66 aq:32.97 tex:1297 mv:483 misc:348 imb:0 pmb:40 smb:3560 d:- ref:0 ;
in:332 out:329 type:P dur:2 cpbdur:2 q:32.39 aq:23.27 tex:13229 mv:856 misc:627 imb:18 pmb:94 smb:3488 d:- ref:0 ;
in:330 out:330 type:B dur:2 cpbdur:2 q:32.50 aq:30.53 tex:4385 mv:706 misc:333 imb:0 pmb:57 smb:3543 d:- ref:0 ;
in:329 out:331 type:b dur:2 cpbdur:2 q:32.56 aq:32.61 tex:1774 mv:548 misc:326 imb:0 pmb:46 smb:3554 d:- ref:0 ;
in:331 out:332 type:b dur:2 cpbdur:2 q:32.45 aq:32.79 tex:2075 mv:465 misc:324 imb:0 pmb:50 smb:3550 d:- ref:0 ;
in:336 out:333 type:P dur:2 cpbdur:2 q:32.14 aq:21.68 tex:13418 mv:797 misc:729 imb:21 pmb:104 smb:3475 d:- ref:0 ;
in:334 out:334 type:B dur:2 cpbdur:2 q:32.27 aq:30.99 tex:3364 mv:621 misc:335 imb:1 pmb:52 smb:3547 d:- ref:0 ;
in:333 out:335 type:b dur:2 cpbdur:2 q:32.33 aq:31.99 tex:1261 mv:455 misc:308 imb:0 pmb:39 smb:3561 d:- ref:0 ;
in:335 out:336 type:b dur:2 cpbdur:2 q:32.21 aq:31.75 tex:1525 mv:387 misc:304 imb:1 pmb:33 smb:3566 d:- ref:0 ;
in:340 out:337 type:P dur:2 cpbdur:2 q:31.90 aq:22.22 tex:9103 mv:706 misc:735 imb:22 pmb:93 smb:3485 d:- ref:0 ;
in:338 out:338 type:B dur:2 cpbdur:2 q:32.02 aq:30.11 tex:3472 mv:574 misc:306 imb:1 pmb:32 smb:3567 d:- ref:0 ;
in:337 out:339 type:b dur:2 cpbdur:2 q:32.08 aq:31.62 tex:1441 mv:428 misc:299 imb:0 pmb:30 smb:3570 d:- ref:0 ;
in:339 out:340 type:b dur:2 cpbdur:2 q:31.96 aq:31.41 tex:1409 mv:400 misc:279 imb:0 pmb:32 smb:3568 d:- ref:0 ;
in:344 out:341 type:P dur:2 cpbdur:2 q:31.69 aq:22.47 tex:8821 mv:692 misc:743 imb:14 pmb:107 smb:3479 d:- ref:0 ;
in:342 out:342 type:B dur:2 cpbdur:2 q:31.79 aq:29.73 tex:3118 mv:561 misc:305 imb:0 pmb:40 smb:3560 d:- ref:0 ;
in:341 out:343 type:b dur:2 cpbdur:2 q:31.85 aq:31.42 tex:1336 mv:425 misc:303 imb:0 pmb:33 smb:3567 d:- ref:0 ;
in:343 out:344 type:b dur:2 cpbdur:2 q:31.74 aq:30.96 tex:1914 mv:528 misc:286 imb:0 pmb:35 smb:3565 d:- ref:0 ;
in:348 out:345 type:P dur:2 cpbdur:2 q:31.49 aq:23.21 tex:10941 mv:754 misc:737 imb:22 pmb:102 smb:3476 d:- ref:0 ;
in:346 out:346 type:B dur:2 cpbdur:2 q:31.59 aq:29.50 tex:4194 mv:595 misc:331 imb:1 pmb:43 smb:3556 d:- ref:0 ;
in:345 out:347 type:b dur:2 cpbdur:2 q:31.64 aq:31.49 tex:1829 mv:447 misc:292 imb:0 pmb:40 smb:3560 d:- ref:0 ;
in:347 out:348 type:b dur:2 cpbdur:2 q:31.54 aq:30.84 tex:1826 mv:391 misc:303 imb:0 pmb:34 smb:3566 d:- ref:0 ;
in:352 out:349 type:P dur:2 cpbdur:2 q:31.24 aq:20.26 tex:13258 mv:939 misc:1035 imb:26 pmb:155 smb:3419 d:- ref:0 ;
in:350 out:350 type:B dur:2 cpbdur:2 q:31.37 aq:28.89 tex:4391 mv:620 misc:341 imb:0 pmb:47 smb:3553 d:- ref:0 ;
in:349 out:351 type:b dur:2 cpbdur:2 q:31.43 aq:31.12 tex:2336 mv:476 misc:308 imb:0 pmb:36 smb:3564 d:- ref:0 ;
in:351 out:352 type:b dur:2 cpbdur:2 q:31.30 aq:31.02 tex:1741 mv:441 misc:290 imb:0 pmb:32 smb:3568 d:- ref:0 ;
in:356 out:353 type:P dur:2 cpbdur:2 q:30.99 aq:19.68 tex:15631 mv:956 misc:1077 imb:23 pmb:170 smb:3407 d:- ref:0 ;
in:354 out:354 type:B dur:2 cpbdur:2 q:31.11 aq:29.68 tex:4954 mv:709 misc:329 imb:0 pmb:50 smb:3550 d:- ref:0 ;
in:353 out:355 type:b dur:2 cpbdur:2 q:31.18 aq:30.98 tex:2297 mv:544 misc:295 imb:0 pmb:39 smb:3561 d:- ref:0 ;
in:355 out:356 type:b dur:2 cpbdur:2 q:31.05 aq:30.73 tex:2083 mv:518 misc:311 imb:0 pmb:45 smb:3555 d:- ref:0 ;
in:359 out:357 type:P dur:2 cpbdur:2 q:30.79 aq:30.09 tex:5914 mv:524 misc:338 imb:8 pmb:43 smb:3549 d:- ref:0 ;
in:357 out:358 type:B dur:2 cpbdur:2 q:30.92 aq:30.34 tex:2983 mv:579 misc:334 imb:0 pmb:42 smb:3558 d:- ref:0 ;
in:358 out:359 type:b dur:2 cpbdur:2 q:30.86 aq:30.09 tex:2756 mv:524 misc:296 imb:1 pmb:42 smb:3557 d:- ref:0 ;
in:360 out:360 type:I dur:2 cpbdur:2 q:28.95 aq:17.84 tex:609343 mv:86068 misc:533 imb:3600 pmb:0 smb:0 d:- ref:;
in:364 out:361 type:P dur:2 cpbdur:2 q:31.45 aq:20.15 tex:14222 mv:743 misc:667 imb:18 pmb:94 smb:3488 d:- ref:0 ;
in:362 out:362 type:B dur:2 cpbdur:2 q:31.45 aq:30.19 tex:4717 mv:690 misc:313 imb:1 pmb:52 smb:3547 d:- ref:0 ;
in:361 out:363 type:b dur:2 cpbdur:2 q:31.45 aq:31.15 tex:2052 mv:530 misc:306 imb:0 pmb:41 smb:3559 d:- ref:0 ;
in:363 out:364 type:b dur:2 cpbdur:2 q:31.45 aq:30.06 tex:1643 mv:415 misc:302 imb:0 pmb:40 smb:3560 d:- ref:0 ;
in:368 out:365 type:P dur:2 cpbdur:2 q:31.22 aq:19.89 tex:12407 mv:630 misc:515 imb:15 pmb:73 smb:3512 d:- ref:0 ;
in:366 out:366 type:B dur:2 cpbdur:2 q:31.33 aq:28.17 tex:3888 mv:540 misc:324 imb:1 pmb:46 smb:3553 d:- ref:0 ;
in:365 out:367 type:b dur:2 cpbdur:2 q:31.39 aq:30.82 tex:1611 mv:419 misc:306 imb:0 pmb:35 smb:3565 d:- ref:0 ;
in:367 out:368 type:b dur:2 cpbdur:2 q:31.28 aq:29.50 tex:1785 mv:388 misc:291 imb:0 pmb:32 smb:3568 d:- ref:0 ;
in:372 out:369 type:P dur:2 cpbdur:2 q:30.98 aq:20.18 tex:8976 mv:545 misc:527 imb:10 pmb:66 smb:3524 d:- ref:0 ;
in:370 out:370 type:B dur:2 cpbdur:2 q:31.10 aq:27.72 tex:3552 mv:565 misc:331 imb:1 pmb:42 smb:3557 d:- ref:0 ;
in:369 out:371 type:b dur:2 cpbdur:2 q:31.16 aq:30.99 tex:1908 mv:434 misc:290 imb:0 pmb:32 smb:3568 d:- ref:0 ;
in:371 out:372 type:b dur:2 cpbdur:2 q:31.04 aq:29.29 tex:1667 mv:386 misc:291 imb:0 pmb:29 smb:3571 d:- ref:0 ;
in:376 out:373 type:P dur:2 cpbdur:2 q:31.20 aq:20.03 tex:10850 mv:476 misc:378 imb:16 pmb:37 smb:3547 d:- ref:0 ;
in:374 out:374 type:B dur:2 cpbdur:2 q:31.09 aq:28.59 tex:3918 mv:597 misc:309 imb:2 pmb:36 smb:3562 d:- ref:0 ;
in:373 out:375 type:b dur:2 cpbdur:2 q:31.03 aq:28.96 tex:1986 mv:411 misc:283 imb:0 pmb:32 smb:3568 d:- ref:0 ;
in:375 out:376 type:b dur:2 cpbdur:2 q:31.14 aq:30.71 tex:2449 mv:412 misc:275 imb:0 pmb:33 smb:3567 d:- ref:0 ;
in:380 out:377 type:P dur:2 cpbdur:2 q:30.98 aq:19.54 tex:6257 mv:386 misc:397 imb:10 pmb:37 smb:3553 d:- ref:0 ;
in:378 out:378 type:B dur:2 cpbdur:2 q:31.09 aq:28.76 tex:2526 mv:459 misc:303 imb:2 pmb:27 smb:3571 d:- ref:0 ;
in:377 out:379 type:b dur:2 cpbdur:2 q:31.14 aq:30.60 tex:1515 mv:339 misc:266 imb:0 pmb:23 smb:3577 d:- ref:0 ;
in:379 out:380 type:b dur:2 cpbdur:2 q:31.04 aq:30.81 tex:1416 mv:278 misc:258 imb:0 pmb:22 smb:3578 d:- ref:0 ;
in:384 out:381 type:P dur:2 cpbdur:2 q:30.73 aq:19.72 tex:7586 mv:409 misc:429 imb:16 pmb:38 smb:3546 d:- ref:0 ;
in:382 out:382 type:B dur:2 cpbdur:2 q:30.86 aq:27.62 tex:2771 mv:425 misc:300 imb:1 pmb:30 smb:3569 d:- ref:0 ;
in:381 out:383 type:b dur:2 cpbdur:2 q:30.92 aq:29.72 tex:1242 mv:323 misc:275 imb:0 pmb:21 smb:3579 d:- ref:0 ;
in:383 out:384 type:b dur:2 cpbdur:2 q:30.80 aq:30.51 tex:1144 mv:324 misc:284 imb:0 pmb:25 smb:3575 d:- ref:0 ;
in:388 out:385 type:P dur:2 cpbdur:2 q:30.47 aq:19.50 tex:9149 mv:424 misc:563 imb:13 pmb:61 smb:3526 d:- ref:0 ;
in:386 out:386 type:B dur:2 cpbdur:2 q:30.60 aq:27.52 tex:1442 mv:232 misc:310 imb:0 pmb:25 smb:3575 d:- ref:0 ;
in:385 out:387 type:b dur:2 cpbdur:2 q:30.67 aq:29.87 tex:1886 mv:316 misc:278 imb:0 pmb:25 smb:3575 d:- ref:0 ;
in:387 out:388 type:b dur:2 cpbdur:2 q:30.53 aq:29.29 tex:841 mv:138 misc:245 imb:0 pmb:11 smb:3589 d:- ref:0 ;
in:392 out:389 type:P dur:2 cpbdur:2 q:30.29 aq:18.86 tex:4892 mv:252 misc:616 imb:4 pmb:61 smb:3535 d:- ref:0 ;
in:390 out:390 type:B dur:2 cpbdur:2 q:30.38 aq:27.15 tex:1560 mv:214 misc:274 imb:0 pmb:12 smb:3588 d:- ref:0 ;
in:389 out:391 type:b dur:2 cpbdur:2 q:30.42 aq:29.64 tex:817 mv:130 misc:245 imb:0 pmb:11 smb:3589 d:- ref:0 ;
in:391 out:392 type:b dur:2 cpbdur:2 q:30.34 aq:29.40 tex:950 mv:157 misc:245 imb:0 pmb:11 smb:3589 d:- ref:0 ;
in:396 out:393 type:P dur:2 cpbdur:2 q:30.06 aq:17.17 tex:6258 mv:329 misc:653 imb:6 pmb:76 smb:3518 d:- ref:0 ;
in:394 out:394 type:B dur:2 cpbdur:2 q:30.17 aq:26.70 tex:1557 mv:208 misc:267 imb:0 pmb:16 smb:3584 d:- ref:0 ;
in:393 out:395 type:b dur:2 cpbdur:2 q:30.23 aq:28.83 tex:812 mv:159 misc:253 imb:0 pmb:12 smb:3588 d:- ref:0 ;
in:395 out:396 type:b dur:2 cpbdur:2 q:30.11 aq:28.65 tex:848 mv:208 misc:264 imb:0 pmb:14 smb:3586 d:- ref:0 ;
in:400 out:397 type:P dur:2 cpbdur:2 q:29.79 aq:16.66 tex:7807 mv:350 misc:579 imb:13 pmb:57 smb:3530 d:- ref:0 ;
in:398 out:398 type:B dur:2 cpbdur:2 q:29.92 aq:21.20 tex:806 mv:150 misc:268 imb:2 pmb:16 smb:3582 d:- ref:0 ;
in:397 out:399 type:b dur:2 cpbdur:2 q:29.99 aq:26.82 tex:803 mv:196 misc:257 imb:0 pmb:16 smb:3584 d:- ref:0 ;
in:399 out:400 type:b dur:2 cpbdur:2 q:29.86 aq:22.13 tex:25 mv:21 misc:242 imb:0 pmb:7 smb:3593 d:- ref:0 ;
in:404 out:401 type:P dur:2 cpbdur:2 q:29.52 aq:17.99 tex:3015 mv:256 misc:817 imb:8 pmb:94 smb:3498 d:- ref:0 ;
in:402 out:402 type:B dur:2 cpbdur:2 q:29.66 aq:20.35 tex:37 mv:7 misc:252 imb:0 pmb:2 smb:3598 d:- ref:0 ;
in:401 out:403 type:b dur:2 cpbdur:2 q:29.73 aq:22.13 tex:21 mv:4 misc:231 imb:0 pmb:1 smb:3599 d:- ref:0 ;
in:403 out:404 type:b dur:2 cpbdur:2 q:29.59 aq:22.13 tex:21 mv:4 misc:231 imb:0 pmb:1 smb:3599 d:- ref:0 ;
in:408 out:405 type:P dur:2 cpbdur:2 q:29.34 aq:16.03 tex:2926 mv:242 misc:888 imb:8 pmb:108 smb:3484 d:- ref:0 ;
in:406 out:406 type:B dur:2 cpbdur:2 q:29.43 aq:20.35 tex:37 mv:7 misc:252 imb:0 pmb:2 smb:3598 d:- ref:0 ;
in:405 out:407 type:b dur:2 cpbdur:2 q:29.48 aq:22.30 tex:36 mv:8 misc:236 imb:0 pmb:2 smb:3598 d:- ref:0 ;
in:407 out:408 type:b dur:2 cpbdur:2 q:29.39 aq:22.13 tex:21 mv:4 misc:231 imb:0 pmb:1 smb:3599 d:- ref:0 ;
in:412 out:409 type:P dur:2 cpbdur:2 q:29.10 aq:16.93 tex:1181 mv:147 misc:528 imb:6 pmb:38 smb:3556 d:- ref:0 ;
in:410 out:410 type:B dur:2 cpbdur:2 q:29.22 aq:19.50 tex:20 mv:4 misc:248 imb:0 pmb:1 smb:3599 d:- ref:0 ;
in:409 out:411 type:b dur:2 cpbdur:2 q:29.28 aq:21.13 tex:21 mv:4 misc:231 imb:0 pmb:1 smb:3599 d:- ref:0 ;
in:411 out:412 type:b dur:2 cpbdur:2 q:29.16 aq:21.13 tex:21 mv:4 misc:231 imb:0 pmb:1 smb:3599 d:- ref:0 ;
in:416 out:413 type:P dur:2 cpbdur:2 q:28.81 aq:16.50 tex:783 mv:132 misc:469 imb:5 pmb:28 smb:3567 d:- ref:0 ;
in:414 out:414 type:B dur:2 cpbdur:2 q:28.96 aq:19.50 tex:20 mv:4 misc:248 imb:0 pmb:1 smb:3599 d:- ref:0 ;
in:413 out:415 type:b dur:2 cpbdur:2 q:29.03 aq:21.13 tex:21 mv:4 misc:231 imb:0 pmb:1 smb:3599 d:- ref:0 ;
in:415 out:416 type:b dur:2 cpbdur:2 q:28.88 aq:21.13 tex:21 mv:4 misc:231 imb:0 pmb:1 smb:3599 d:- ref:0 ;
in:419 out:417 type:P dur:2 cpbdur:2 q:28.52 aq:22.27 tex:5231 mv:427 misc:310 imb:48 pmb:16 smb:3536 d:- ref:0 ;
in:417 out:418 type:B dur:2 cpbdur:2 q:28.72 aq:22.35 tex:60 mv:45 misc:303 imb:0 pmb:22 smb:3578 d:- ref:0 ;
in:418 out:419 type:b dur:2 cpbdur:2 q:28.62 aq:23.00 tex:0 mv:0 misc:216 imb:0 pmb:0 smb:3600 d:- ref:0 ;
in:420 out:420 type:I dur:2 cpbdur:2 q:26.78 aq:16.56 tex:709517 mv:89812 misc:535 imb:3600 pmb:0 smb:0 d:- ref:;
in:424 out:421 type:P dur:2 cpbdur:2 q:29.40 aq:18.24 tex:453 mv:102 misc:421 imb:2 pmb:26 smb:3572 d:- ref:0 ;
in:422 out:422 type:B dur:2 cpbdur:2 q:29.40 aq:22.00 tex:0 mv:0 misc:224 imb:0 pmb:0 smb:3600 d:- ref:0 ;
in:421 out:423 type:b dur:2 cpbdur:2 q:29.40 aq:24.00 tex:0 mv:0 misc:216 imb:0 pmb:0 smb:3600 d:- ref:0 ;
in:423 out:424 type:b dur:2 cpbdur:2 q:29.40 aq:24.00 tex:0 mv:0 misc:216 imb:0 pmb:0 smb:3600 d:- ref:0 ;
in:428 out:425 type:P dur:2 cpbdur:2 q:29.15 aq:13.41 tex:105 mv:55 misc:328 imb:2 pmb:6 smb:3592 d:- ref:0 ;
in:426 out:426 type:B dur:2 cpbdur:2 q:29.28 aq:22.00 tex:0 mv:0 misc:232 imb:0 pmb:0 smb:3600 d:- ref:0 ;
in:425 out:427 type:b dur:2 cpbdur:2 q:29.34 aq:24.00 tex:0 mv:0 misc:216 imb:0 pmb:0 smb:3600 d:- ref:0 ;
in:427 out:428 type:b dur:2 cpbdur:2 q:29.22 aq:23.00 tex:0 mv:0 misc:216 imb:0 pmb:0 smb:3600 d:- ref:0 ;
in:432 out:429 type:P dur:2 cpbdur:2 q:28.88 aq:15.42 tex:115 mv:38 misc:311 imb:2 pmb:3 smb:3595 d:- ref:0 ;
in:430 out:430 type:B dur:2 cpbdur:2 q:29.02 aq:21.00 tex:0 mv:0 misc:240 imb:0 pmb:0 smb:3600 d:- ref:0 ;
in:429 out:431 type:b dur:2 cpbdur:2 q:29.09 aq:23.00 tex:0 mv:0 misc:216 imb:0 pmb:0 smb:3600 d:- ref:0 ;
in:431 out:432 type:b dur:2 cpbdur:2 q:28.95 aq:23.00 tex:0 mv:0 misc:216 imb:0 pmb:0 smb:3600 d:- ref:0 ;
in:436 out:433 type:P dur:2 cpbdur:2 q:28.92 aq:14.50 tex:53 mv:16 misc:275 imb:1 pmb:1 smb:3598 d:- ref:0 ;
in:434 out:434 type:B dur:2 cpbdur:2 q:28.90 aq:21.00 tex:0 mv:0 misc:240 imb:0 pmb:0 smb:3600 d:- ref:0 ;
in:433 out:435 type:b dur:2 cpbdur:2 q:28.89 aq:23.00 tex:0 mv:0 misc:216 imb:0 pmb:0 smb:3600 d:- ref:0 ;
in:435 out:436 type:b dur:2 cpbdur:2 q:28.91 aq:23.00 tex:0 mv:0 misc:216 imb:0 pmb:0 smb:3600 d:- ref:0 ;
in:440 out:437 type:P dur:2 cpbdur:2 q:28.67 aq:18.00 tex:0 mv:0 misc:256 imb:0 pmb:0 smb:3600 d:- ref:0 ;
in:438 out:438 type:B dur:2 cpbdur:2 q:28.80 aq:21.00 tex:0 mv:0 misc:240 imb:0 pmb:0 smb:3600 d:- ref:0 ;
in:437 out:439 type:b dur:2 cpbdur:2 q:28.86 aq:23.00 tex:0 mv:0 misc:216 imb:0 pmb:0 smb:3600 d:- ref:0 ;
in:439 out:440 type:b dur:2 cpbdur:2 q:28.73 aq:23.00 tex:0 mv:0 misc:216 imb:0 pmb:0 smb:3600 d:- ref:0 ;
in:444 out:441 type:P dur:2 cpbdur:2 q:28.41 aq:20.62 tex:109 mv:26 misc:289 imb:1 pmb:3 smb:3596 d:- ref:0 ;
in:442 out:442 type:B dur:2 cpbdur:2 q:28.54 aq:21.00 tex:0 mv:0 misc:240 imb:0 pmb:0 smb:3600 d:- ref:0 ;
in:441 out:443 type:b dur:2 cpbdur:2 q:28.60 aq:23.00 tex:0 mv:0 misc:216 imb:0 pmb:0 smb:3600 d:- ref:0 ;
in:443 out:444 type:b dur:2 cpbdur:2 q:28.47 aq:23.00 tex:0 mv:0 misc:216 imb:0 pmb:0 smb:3600 d:- ref:0 ;
in:446 out:445 type:P dur:2 cpbdur:2 q:28.12 aq:22.16 tex:478274 mv:20793 misc:565 imb:3239 pmb:295 smb:66 d:- ref:0 ;
in:445 out:446 type:b dur:2 cpbdur:2 q:28.26 aq:22.00 tex:6 mv:4 misc:230 imb:0 pmb:1 smb:3599 d:- ref:0 ;
in:450 out:447 type:P dur:2 cpbdur:2 q:28.40 aq:23.38 tex:196220 mv:15949 misc:1655 imb:1317 pmb:1112 smb:1171 d:- ref:0 ;
in:448 out:448 type:B dur:2 cpbdur:2 q:28.26 aq:24.51 tex:85921 mv:16307 misc:2436 imb:475 pmb:1346 smb:1779 d:- ref:0 ;
in:447 out:449 type:b dur:2 cpbdur:2 q:28.19 aq:26.50 tex:58051 mv:14485 misc:2544 imb:449 pmb:1207 smb:1944 d:- ref:0 ;
in:449 out:450 type:b dur:2 cpbdur:2 q:28.33 aq:28.00 tex:52813 mv:11966 misc:2517 imb:410 pmb:1110 smb:2080 d:- ref:0 ;
in:454 out:451 type:P dur:2 cpbdur:2 q:28.35 aq:23.64 tex:158697 mv:13941 misc:1930 imb:1096 pmb:1161 smb:1343 d:- ref:0 ;
in:452 out:452 type:B dur:2 cpbdur:2 q:28.38 aq:27.09 tex:56570 mv:11226 misc:2516 imb:327 pmb:1177 smb:2096 d:- ref:0 ;
in:451 out:453 type:b dur:2 cpbdur:2 q:28.39 aq:27.32 tex:49072 mv:10928 misc:2408 imb:364 pmb:1134 smb:2102 d:- ref:0 ;
in:453 out:454 type:b dur:2 cpbdur:2 q:28.37 aq:28.13 tex:43999 mv:10326 misc:2339 imb:336 pmb:1080 smb:2184 d:- ref:0 ;
in:458 out:455 type:P dur:2 cpbdur:2 q:28.34 aq:23.62 tex:173619 mv:14057 misc:1820 imb:1045 pmb:1167 smb:1388 d:- ref:0 ;
in:456 out:456 type:B dur:2 cpbdur:2 q:28.35 aq:26.02 tex:58215 mv:11887 misc:2530 imb:322 pmb:1220 smb:2058 d:- ref:0 ;
in:455 out:457 type:b dur:2 cpbdur:2 q:28.35 aq:26.61 tex:49582 mv:10424 misc:2306 imb:359 pmb:1068 smb:2173 d:- ref:0 ;
in:457 out:458 type:b dur:2 cpbdur:2 q:28.35 aq:28.30 tex:46041 mv:10186 misc:2389 imb:297 pmb:1097 smb:2206 d:- ref:0 ;
in:462 out:459 type:P dur:2 cpbdur:2 q:29.12 aq:24.50 tex:142912 mv:13380 misc:1916 imb:1004 pmb:1070 smb:1526 d:- ref:0 ;
in:460 out:460 type:B dur:2 cpbdur:2 q:28.73 aq:27.78 tex:49767 mv:11040 misc:2521 imb:273 pmb:1149 smb:2178 d:- ref:0 ;
in:459 out:461 type:b dur:2 cpbdur:2 q:28.54 aq:28.38 tex:43885 mv:10461 misc:2214 imb:330 pmb:1085 smb:2185 d:- ref:0 ;
in:461 out:462 type:b dur:2 cpbdur:2 q:28.93 aq:29.50 tex:43333 mv:9849 misc:2258 imb:296 pmb:1021 smb:2283 d:- ref:0 ;
in:466 out:463 type:P dur:2 cpbdur:2 q:29.72 aq:25.26 tex:125898 mv:12611 misc:1963 imb:963 pmb:1047 smb:1590 d:- ref:0 ;
in:464 out:464 type:B dur:2 cpbdur:2 q:29.42 aq:28.73 tex:44838 mv:9984 misc:2466 imb:255 pmb:1013 smb:2332 d:- ref:0 ;
in:463 out:465 type:b dur:2 cpbdur:2 q:29.27 aq:29.43 tex:43226 mv:9323 misc:2211 imb:321 pmb:921 smb:2358 d:- ref:0 ;
in:465 out:466 type:b dur:2 cpbdur:2 q:29.57 aq:30.28 tex:36384 mv:9475 misc:2181 imb:320 pmb:955 smb:2325 d:- ref:0 ;
in:470 out:467 type:P dur:2 cpbdur:2 q:30.19 aq:26.62 tex:119596 mv:11642 misc:1970 imb:890 pmb:990 smb:1720 d:- ref:0 ;
in:468 out:468 type:B dur:2 cpbdur:2 q:29.95 aq:29.60 tex:38838 mv:9311 misc:2339 imb:220 pmb:980 smb:2400 d:- ref:0 ;
in:467 out:469 type:b dur:2 cpbdur:2 q:29.84 aq:30.38 tex:35739 mv:9075 misc:2298 imb:327 pmb:892 smb:2381 d:- ref:0 ;
in:469 out:470 type:b dur:2 cpbdur:2 q:30.07 aq:31.14 tex:35759 mv:8569 misc:2232 imb:301 pmb:891 smb:2408 d:- ref:0 ;
in:474 out:471 type:P dur:2 cpbdur:2 q:30.51 aq:26.65 tex:108506 mv:11298 misc:2028 imb:814 pmb:988 smb:1798 d:- ref:0 ;
in:472 out:472 type:B dur:2 cpbdur:2 q:30.35 aq:29.99 tex:33529 mv:8703 misc:2360 imb:215 pmb:894 smb:2491 d:- ref:0 ;
in:471 out:473 type:b dur:2 cpbdur:2 q:30.27 aq:31.35 tex:30607 mv:8406 misc:2195 imb:278 pmb:836 smb:2486 d:- ref:0 ;
in:473 out:474 type:b dur:2 cpbdur:2 q:30.43 aq:31.02 tex:30511 mv:7966 misc:2211 imb:288 pmb:810 smb:2502 d:- ref:0 ;
in:478 out:475 type:P dur:2 cpbdur:2 q:30.84 aq:25.74 tex:111065 mv:11687 misc:2064 imb:794 pmb:1014 smb:1792 d:- ref:0 ;
in:476 out:476 type:B dur:2 cpbdur:2 q:30.68 aq:30.36 tex:32011 mv:9494 misc:2367 imb:253 pmb:939 smb:2408 d:- ref:0 ;
in:475 out:477 type:b dur:2 cpbdur:2 q:30.59 aq:31.57 tex:23726 mv:7455 misc:2139 imb:211 pmb:822 smb:2567 d:- ref:0 ;
in:477 out:478 type:b dur:2 cpbdur:2 q:30.76 aq:31.61 tex:18365 mv:6204 misc:1847 imb:170 pmb:688 smb:2742 d:- ref:0 ;
in:479 out:479 type:P dur:2 cpbdur:2 q:31.05 aq:31.43 tex:21781 mv:5069 misc:1998 imb:347 pmb:645 smb:2608 d:- ref:0 ;
in:480 out:480 type:I dur:2 cpbdur:2 q:26.74 aq:20.86 tex:508418 mv:60931 misc:523 imb:3600 pmb:0 smb:0 d:- ref:;
in:482 out:481 type:P dur:2 cpbdur:2 q:31.72 aq:27.30 tex:47469 mv:4671 misc:2060 imb:207 pmb:644 smb:2749 d:- ref:0 ;
in:481 out:482 type:b dur:2 cpbdur:2 q:31.72 aq:32.78 tex:19629 mv:5999 misc:1636 imb:232 pmb:595 smb:2773 d:- ref:0 ;
in:486 out:483 type:P dur:2 cpbdur:2 q:31.82 aq:27.50 tex:81124 mv:9138 misc:1946 imb:607 pmb:875 smb:2118 d:- ref:0 ;
in:484 out:484 type:B dur:2 cpbdur:2 q:31.77 aq:31.09 tex:32600 mv:8851 misc:2069 imb:254 pmb:758 smb:2588 d:- ref:0 ;
in:483 out:485 type:b dur:2 cpbdur:2 q:31.75 aq:33.70 tex:11840 mv:5146 misc:1774 imb:117 pmb:575 smb:2908 d:- ref:0 ;
in:485 out:486 type:b dur:2 cpbdur:2 q:31.79 aq:33.09 tex:15348 mv:6313 misc:1747 imb:204 pmb:604 smb:2792 d:- ref:0 ;
in:490 out:487 type:P dur:2 cpbdur:2 q:31.92 aq:26.39 tex:80449 mv:8353 misc:2086 imb:497 pmb:899 smb:2204 d:- ref:0 ;
in:488 out:488 type:B dur:2 cpbdur:2 q:31.87 aq:31.16 tex:27785 mv:7557 misc:2010 imb:230 pmb:692 smb:2678 d:- ref:0 ;
in:487 out:489 type:b dur:2 cpbdur:2 q:31.84 aq:31.83 tex:11151 mv:5024 misc:1737 imb:148 pmb:553 smb:2899 d:- ref:0 ;
in:489 out:490 type:b dur:2 cpbdur:2 q:31.90 aq:33.69 tex:13554 mv:5422 misc:1712 imb:145 pmb:592 smb:2863 d:- ref:0 ;
in:494 out:491 type:P dur:2 cpbdur:2 q:31.94 aq:27.08 tex:75136 mv:8018 misc:1974 imb:520 pmb:835 smb:2245 d:- ref:0 ;
in:492 out:492 type:B dur:2 cpbdur:2 q:31.93 aq:30.50 tex:26902 mv:7578 misc:1984 imb:232 pmb:705 smb:2663 d:- ref:0 ;
in:491 out:493 type:b dur:2 cpbdur:2 q:31.93 aq:33.82 tex:13961 mv:5628 misc:1795 imb:138 pmb:603 smb:2859 d:- ref:0 ;
in:493 out:494 type:b dur:2 cpbdur:2 q:31.94 aq:32.34 tex:10469 mv:5304 misc:1787 imb:146 pmb:578 smb:2876 d:- ref:0 ;
in:498 out:495 type:P dur:2 cpbdur:2 q:32.02 aq:28.46 tex:86158 mv:8743 misc:1819 imb:594 pmb:888 smb:2118 d:- ref:0 ;
in:496 out:496 type:B dur:2 cpbdur:2 q:31.98 aq:32.23 tex:27012 mv:8201 misc:1835 imb:258 pmb:684 smb:2658 d:- ref:0 ;
in:495 out:497 type:b dur:2 cpbdur:2 q:31.96 aq:33.81 tex:14365 mv:5364 misc:1759 imb:179 pmb:558 smb:2863 d:- ref:0 ;
in:497 out:498 type:b dur:2 cpbdur:2 q:32.00 aq:33.76 tex:14005 mv:5251 misc:1744 imb:144 pmb:564 smb:2892 d:- ref:0 ;
in:502 out:499 type:P dur:2 cpbdur:2 q:32.10 aq:27.64 tex:85564 mv:8478 misc:1910 imb:563 pmb:907 smb:2130 d:- ref:0 ;
in:500 out:500 type:B dur:2 cpbdur:2 q:32.06 aq:32.50 tex:28525 mv:7773 misc:1894 imb:210 pmb:728 smb:2662 d:- ref:0 ;
in:499 out:501 type:b dur:2 cpbdur:2 q:32.04 aq:33.11 tex:12906 mv:4969 misc:1685 imb:155 pmb:504 smb:2941 d:- ref:0 ;
in:501 out:502 type:b dur:2 cpbdur:2 q:32.08 aq:33.01 tex:13651 mv:4601 misc:1628 imb:144 pmb:505 smb:2951 d:- ref:0 ;
in:506 out:503 type:P dur:2 cpbdur:2 q:32.12 aq:26.21 tex:89366 mv:8888 misc:2154 imb:580 pmb:934 smb:2086 d:- ref:0 ;
in:504 out:504 type:B dur:2 cpbdur:2 q:32.11 aq:31.97 tex:27510 mv:7776 misc:1898 imb:221 pmb:698 smb:2681 d:- ref:0 ;
in:503 out:505 type:b dur:2 cpbdur:2 q:32.10 aq:32.80 tex:11011 mv:5509 misc:1768 imb:161 pmb:592 smb:2847 d:- ref:0 ;
in:505 out:506 type:b dur:2 cpbdur:2 q:32.11 aq:32.75 tex:9813 mv:4437 misc:1662 imb:99 pmb:510 smb:2991 d:- ref:0 ;
in:510 out:507 type:P dur:2 cpbdur:2 q:32.21 aq:26.11 tex:76436 mv:8777 misc:2291 imb:584 pmb:970 smb:2046 d:- ref:0 ;
in:508 out:508 type:B dur:2 cpbdur:2 q:32.16 aq:32.54 tex:20044 mv:5782 misc:1806 imb:153 pmb:659 smb:2788 d:- ref:0 ;
in:507 out:509 type:b dur:2 cpbdur:2 q:32.14 aq:33.10 tex:16415 mv:6358 misc:1659 imb:205 pmb:599 smb:2796 d:- ref:0 ;
in:509 out:510 type:b dur:2 cpbdur:2 q:32.19 aq:32.83 tex:2836 mv:1288 misc:972 imb:5 pmb:246 smb:3349 d:- ref:0 ;
in:514 out:511 type:P dur:2 cpbdur:2 q:32.17 aq:26.77 tex:57306 mv:5268 misc:1842 imb:258 pmb:679 smb:2663 d:- ref:0 ;
in:512 out:512 type:B dur:2 cpbdur:2 q:32.19 aq:31.80 tex:6537 mv:1752 misc:1263 imb:7 pmb:339 smb:3254 d:- ref:0 ;
in:511 out:513 type:b dur:2 cpbdur:2 q:32.20 aq:34.09 tex:2815 mv:720 misc:385 imb:1 pmb:62 smb:3537 d:- ref:0 ;
in:513 out:514 type:b dur:2 cpbdur:2 q:32.18 aq:34.27 tex:2745 mv:1016 misc:983 imb:4 pmb:237 smb:3359 d:- ref:0 ;
in:518 out:515 type:P dur:2 cpbdur:2 q:32.26 aq:25.98 tex:91303 mv:8701 misc:1940 imb:538 pmb:959 smb:2103 d:- ref:0 ;
in:516 out:516 type:B dur:2 cpbdur:2 q:32.21 aq:31.26 tex:15009 mv:6206 misc:1753 imb:136 pmb:621 smb:2843 d:- ref:0 ;
in:515 out:517 type:b dur:2 cpbdur:2 q:32.19 aq:34.08 tex:4606 mv:2501 misc:1397 imb:33 pmb:390 smb:3177 d:- ref:0 ;
in:517 out:518 type:b dur:2 cpbdur:2 q:32.23 aq:29.85 tex:5254 mv:2871 misc:1371 imb:58 pmb:394 smb:3148 d:- ref:0 ;
in:522 out:519 type:P dur:2 cpbdur:2 q:32.30 aq:24.93 tex:99994 mv:10363 misc:1739 imb:710 pmb:1135 smb:1755 d:- ref:0 ;
in:520 out:520 type:B dur:2 cpbdur:2 q:32.28 aq:32.14 tex:24057 mv:6885 misc:1818 imb:187 pmb:716 smb:2697 d:- ref:0 ;
in:519 out:521 type:b dur:2 cpbdur:2 q:32.27 aq:33.08 tex:8278 mv:3418 misc:1544 imb:56 pmb:486 smb:3058 d:- ref:0 ;
in:521 out:522 type:b dur:2 cpbdur:2 q:32.29 aq:34.30 tex:6863 mv:3624 misc:1553 imb:85 pmb:486 smb:3029 d:- ref:0 ;
in:526 out:523 type:P dur:2 cpbdur:2 q:32.34 aq:27.33 tex:16794 mv:1114 misc:516 imb:69 pmb:68 smb:3463 d:- ref:0 ;
in:524 out:524 type:B dur:2 cpbdur:2 q:32.32 aq:29.54 tex:5424 mv:963 misc:445 imb:5 pmb:83 smb:3512 d:- ref:0 ;
in:523 out:525 type:b dur:2 cpbdur:2 q:32.31 aq:35.25 tex:2513 mv:662 misc:385 imb:0 pmb:68 smb:3532 d:- ref:0 ;
in:525 out:526 type:b dur:2 cpbdur:2 q:32.33 aq:34.21 tex:2276 mv:604 misc:352 imb:0 pmb:53 smb:3547 d:- ref:0 ;
in:528 out:527 type:P dur:2 cpbdur:2 q:32.15 aq:27.96 tex:33027 mv:3089 misc:1460 imb:175 pmb:435 smb:2990 d:- ref:0 ;
in:527 out:528 type:b dur:2 cpbdur:2 q:32.25 aq:32.17 tex:3459 mv:924 misc:753 imb:2 pmb:176 smb:3422 d:- ref:0 ;
in:529 out:529 type:P dur:2 cpbdur:2 q:32.11 aq:28.86 tex:35865 mv:3609 misc:1710 imb:223 pmb:541 smb:2836 d:- ref:0 ;
in:530 out:530 type:P dur:2 cpbdur:2 q:32.11 aq:27.56 tex:37242 mv:3685 misc:1785 imb:220 pmb:568 smb:2812 d:- ref:0 ;
in:531 out:531 type:P dur:2 cpbdur:2 q:32.19 aq:28.37 tex:36813 mv:3933 misc:1870 imb:231 pmb:622 smb:2747 d:- ref:0 ;
in:535 out:532 type:P dur:2 cpbdur:2 q:32.22 aq:28.45 tex:60353 mv:6488 misc:1839 imb:383 pmb:826 smb:2391 d:- ref:0 ;
in:533 out:533 type:B dur:2 cpbdur:2 q:32.20 aq:31.11 tex:13983 mv:3481 misc:1688 imb:103 pmb:584 smb:2913 d:- ref:0 ;
in:532 out:534 type:b dur:2 cpbdur:2 q:32.19 aq:32.71 tex:2961 mv:1080 misc:935 imb:8 pmb:226 smb:3366 d:- ref:0 ;
in:534 out:535 type:b dur:2 cpbdur:2 q:32.21 aq:35.30 tex:3908 mv:1822 misc:1118 imb:54 pmb:328 smb:3218 d:- ref:0 ;
in:539 out:536 type:P dur:2 cpbdur:2 q:32.12 aq:27.34 tex:60786 mv:6779 misc:1859 imb:340 pmb:907 smb:2353 d:- ref:0 ;
in:537 out:537 type:B dur:2 cpbdur:2 q:32.17 aq:31.59 tex:15193 mv:4139 misc:1740 imb:110 pmb:585 smb:2905 d:- ref:0 ;
in:536 out:538 type:b dur:2 cpbdur:2 q:32.19 aq:34.51 tex:5302 mv:1784 misc:1130 imb:43 pmb:354 smb:3203 d:- ref:0 ;
in:538 out:539 type:b dur:2 cpbdur:2 q:32.15 aq:34.05 tex:3645 mv:1358 misc:1029 imb:31 pmb:249 smb:3320 d:- ref:0 ;
in:540 out:540 type:I dur:2 cpbdur:2 q:29.14 aq:23.48 tex:395160 mv:55758 misc:514 imb:3600 pmb:0 smb:0 d:- ref:;
in:544 out:541 type:P dur:2 cpbdur:2 q:32.41 aq:27.35 tex:79598 mv:8845 misc:1893 imb:635 pmb:903 smb:2062 d:- ref:0 ;
in:542 out:542 type:B dur:2 cpbdur:2 q:32.41 aq:35.55 tex:10547 mv:3823 misc:1638 imb:93 pmb:504 smb:3003 d:- ref:0 ;
in:541 out:543 type:b dur:2 cpbdur:2 q:32.41 aq:33.04 tex:15920 mv:5269 misc:1611 imb:172 pmb:612 smb:2816 d:- ref:0 ;
in:543 out:544 type:b dur:2 cpbdur:2 q:32.41 aq:31.44 tex:15774 mv:5400 misc:1834 imb:155 pmb:617 smb:2828 d:- ref:0 ;
in:548 out:545 type:P dur:2 cpbdur:2 q:32.36 aq:28.34 tex:90953 mv:10018 misc:1853 imb:660 pmb:948 smb:1992 d:- ref:0 ;
in:546 out:546 type:B dur:2 cpbdur:2 q:32.39 aq:32.06 tex:21544 mv:7595 misc:2125 imb:179 pmb:783 smb:2638 d:- ref:0 ;
in:545 out:547 type:b dur:2 cpbdur:2 q:32.40 aq:33.87 tex:17596 mv:6492 misc:1840 imb:224 pmb:633 smb:2743 d:- ref:0 ;
in:547 out:548 type:b dur:2 cpbdur:2 q:32.38 aq:31.61 tex:13777 mv:4778 misc:1837 imb:160 pmb:564 smb:2876 d:- ref:0 ;
in:552 out:549 type:P dur:2 cpbdur:2 q:32.33 aq:26.09 tex:93841 mv:10073 misc:1878 imb:693 pmb:995 smb:1912 d:- ref:0 ;
in:550 out:550 type:B dur:2 cpbdur:2 q:32.35 aq:31.83 tex:21760 mv:7340 misc:2268 imb:176 pmb:831 smb:2593 d:- ref:0 ;
in:549 out:551 type:b dur:2 cpbdur:2 q:32.36 aq:33.07 tex:12151 mv:5763 misc:1886 imb:156 pmb:626 smb:2818 d:- ref:0 ;
in:551 out:552 type:b dur:2 cpbdur:2 q:32.34 aq:34.36 tex:14859 mv:6332 misc:1953 imb:209 pmb:701 smb:2690 d:- ref:0 ;
in:556 out:553 type:P dur:2 cpbdur:2 q:32.48 aq:28.09 tex:47139 mv:5248 misc:2189 imb:256 pmb:762 smb:2582 d:- ref:0 ;
in:554 out:554 type:B dur:2 cpbdur:2 q:32.40 aq:32.95 tex:17308 mv:5566 misc:1742 imb:189 pmb:598 smb:2813 d:- ref:0 ;
in:553 out:555 type:b dur:2 cpbdur:2 q:32.36 aq:33.81 tex:14298 mv:4954 misc:1604 imb:165 pmb:608 smb:2827 d:- ref:0 ;
in:555 out:556 type:b dur:2 cpbdur:2 q:32.44 aq:35.17 tex:10561 mv:3259 misc:1436 imb:128 pmb:465 smb:3007 d:- ref:0 ;
in:560 out:557 type:P dur:2 cpbdur:2 q:32.52 aq:27.98 tex:64789 mv:7118 misc:1989 imb:416 pmb:854 smb:2330 d:- ref:0 ;
in:558 out:558 type:B dur:2 cpbdur:2 q:32.50 aq:32.38 tex:14086 mv:3947 misc:1799 imb:90 pmb:600 smb:2910 d:- ref:0 ;
in:557 out:559 type:b dur:2 cpbdur:2 q:32.49 aq:34.15 tex:3831 mv:1697 misc:1144 imb:32 pmb:286 smb:3282 d:- ref:0 ;
in:559 out:560 type:b dur:2 cpbdur:2 q:32.51 aq:34.20 tex:4278 mv:1533 misc:1101 imb:36 pmb:237 smb:3327 d:- ref:0 ;
in:564 out:561 type:P dur:2 cpbdur:2 q:32.59 aq:27.74 tex:70085 mv:8612 misc:2055 imb:577 pmb:919 smb:2104 d:- ref:0 ;
in:562 out:562 type:B dur:2 cpbdur:2 q:32.56 aq:32.43 tex:25387 mv:8166 misc:2007 imb:261 pmb:813 smb:2526 d:- ref:0 ;
in:561 out:563 type:b dur:2 cpbdur:2 q:32.54 aq:34.53 tex:5546 mv:2770 misc:1308 imb:86 pmb:410 smb:3104 d:- ref:0 ;
in:563 out:564 type:b dur:2 cpbdur:2 q:32.58 aq:33.28 tex:10090 mv:4071 misc:1783 imb:104 pmb:593 smb:2903 d:- ref:0 ;
in:568 out:565 type:P dur:2 cpbdur:2 q:32.60 aq:28.63 tex:79535 mv:9376 misc:2049 imb:636 pmb:923 smb:2041 d:- ref:0 ;
in:566 out:566 type:B dur:2 cpbdur:2 q:32.60 aq:32.57 tex:30471 mv:8539 misc:2246 imb:275 pmb:857 smb:2468 d:- ref:0 ;
in:565 out:567 type:b dur:2 cpbdur:2 q:32.60 aq:33.93 tex:8297 mv:3951 misc:1760 imb:144 pmb:522 smb:2934 d:- ref:0 ;
in:567 out:568 type:b dur:2 cpbdur:2 q:32.60 aq:34.30 tex:12115 mv:5000 misc:1845 imb:151 pmb:611 smb:2838 d:- ref:0 ;
in:572 out:569 type:P dur:2 cpbdur:2 q:32.60 aq:28.87 tex:74448 mv:9149 misc:2059 imb:678 pmb:952 smb:1970 d:- ref:0 ;
in:570 out:570 type:B dur:2 cpbdur:2 q:32.60 aq:32.45 tex:32573 mv:8588 misc:2175 imb:299 pmb:815 smb:2486 d:- ref:0 ;
in:569 out:571 type:b dur:2 cpbdur:2 q:32.60 aq:33.51 tex:12288 mv:4738 misc:1846 imb:186 pmb:556 smb:2858 d:- ref:0 ;
in:571 out:572 type:b dur:2 cpbdur:2 q:32.60 aq:33.92 tex:10801 mv:3986 misc:1741 imb:137 pmb:513 smb:2950 d:- ref:0 ;
in:576 out:573 type:P dur:2 cpbdur:2 q:32.58 aq:29.17 tex:75590 mv:9783 misc:1795 imb:710 pmb:957 smb:1933 d:- ref:0 ;
in:574 out:574 type:B dur:2 cpbdur:2 q:32.59 aq:31.84 tex:28607 mv:8946 misc:2103 imb:305 pmb:873 smb:2422 d:- ref:0 ;
in:573 out:575 type:b dur:2 cpbdur:2 q:32.60 aq:34.09 tex:10282 mv:4570 misc:1772 imb:163 pmb:555 smb:2882 d:- ref:0 ;
in:575 out:576 type:b dur:2 cpbdur:2 q:32.59 aq:33.63 tex:8511 mv:3809 misc:1760 imb:114 pmb:528 smb:2958 d:- ref:0 ;
in:580 out:577 type:P dur:2 cpbdur:2 q:32.61 aq:28.62 tex:70749 mv:8711 misc:1940 imb:636 pmb:887 smb:2077 d:- ref:0 ;
in:578 out:578 type:B dur:2 cpbdur:2 q:32.60 aq:32.56 tex:31123 mv:8560 misc:1949 imb:271 pmb:817 smb:2512 d:- ref:0 ;
in:577 out:579 type:b dur:2 cpbdur:2 q:32.59 aq:34.35 tex:8169 mv:3753 misc:1542 imb:93 pmb:507 smb:3000 d:- ref:0 ;
in:579 out:580 type:b dur:2 cpbdur:2 q:32.60 aq:34.00 tex:10379 mv:4343 misc:1838 imb:134 pmb:580 smb:2886 d:- ref:0 ;
in:584 out:581 type:P dur:2 cpbdur:2 q:32.65 aq:29.16 tex:75401 mv:9546 misc:1909 imb:732 pmb:899 smb:1969 d:- ref:0 ;
in:582 out:582 type:B dur:2 cpbdur:2 q:32.63 aq:33.15 tex:28838 mv:8333 misc:2125 imb:279 pmb:793 smb:2528 d:- ref:0 ;
in:581 out:583 type:b dur:2 cpbdur:2 q:32.62 aq:33.78 tex:9953 mv:4352 misc:1807 imb:163 pmb:510 smb:2927 d:- ref:0 ;
in:583 out:584 type:b dur:2 cpbdur:2 q:32.64 aq:34.56 tex:9329 mv:3730 misc:1605 imb:144 pmb:416 smb:3040 d:- ref:0 ;
in:588 out:585 type:P dur:2 cpbdur:2 q:32.68 aq:29.22 tex:72229 mv:9574 misc:1941 imb:685 pmb:934 smb:1981 d:- ref:0 ;
in:586 out:586 type:B dur:2 cpbdur:2 q:32.66 aq:33.37 tex:32025 mv:9263 misc:2104 imb:363 pmb:774 smb:2463 d:- ref:0 ;
in:585 out:587 type:b dur:2 cpbdur:2 q:32.65 aq:34.35 tex:8451 mv:4318 misc:1751 imb:141 pmb:573 smb:2886 d:- ref:0 ;
in:587 out:588 type:b dur:2 cpbdur:2 q:32.67 aq:35.10 tex:9913 mv:4147 misc:1764 imb:126 pmb:497 smb:2977 d:- ref:0 ;
in:592 out:589 type:P dur:2 cpbdur:2 q:32.73 aq:29.71 tex:73858 mv:9345 misc:1893 imb:676 pmb:905 smb:2019 d:- ref:0 ;
in:590 out:590 type:B dur:2 cpbdur:2 q:32.70 aq:33.29 tex:30191 mv:8468 misc:2149 imb:271 pmb:866 smb:2463 d:- ref:0 ;
in:589 out:591 type:b dur:2 cpbdur:2 q:32.69 aq:35.07 tex:10004 mv:4177 misc:1595 imb:139 pmb:460 smb:3001 d:- ref:0 ;
in:591 out:592 type:b dur:2 cpbdur:2 q:32.72 aq:35.21 tex:9690 mv:4221 misc:1769 imb:121 pmb:623 smb:2856 d:- ref:0 ;
in:596 out:593 type:P dur:2 cpbdur:2 q:32.77 aq:29.80 tex:77079 mv:9494 misc:1859 imb:739 pmb:939 smb:1922 d:- ref:0 ;
in:594 out:594 type:B dur:2 cpbdur:2 q:32.75 aq:31.61 tex:25775 mv:8073 misc:2144 imb:254 pmb:831 smb:2515 d:- ref:0 ;
in:593 out:595 type:b dur:2 cpbdur:2 q:32.74 aq:34.53 tex:9130 mv:3741 misc:1665 imb:147 pmb:467 smb:2986 d:- ref:0 ;
in:595 out:596 type:b dur:2 cpbdur:2 q:32.76 aq:34.53 tex:10026 mv:3771 misc:1667 imb:132 pmb:472 smb:2996 d:- ref:0 ;
in:599 out:597 type:P dur:2 cpbdur:2 q:32.81 aq:34.34 tex:22579 mv:5755 misc:1962 imb:395 pmb:672 smb:2533 d:- ref:0 ;
in:597 out:598 type:B dur:2 cpbdur:2 q:32.78 aq:34.55 tex:16298 mv:5716 misc:1946 imb:201 pmb:666 smb:2733 d:- ref:0 ;
in:598 out:599 type:b dur:2 cpbdur:2 q:32.80 aq:35.06 tex:13116 mv:4803 misc:1833 imb:189 pmb:573 smb:2838 d:- ref:0 ;
in:600 out:600 type:I dur:2 cpbdur:2 q:29.72 aq:23.88 tex:389459 mv:55522 misc:523 imb:3600 pmb:0 smb:0 d:- ref:;
in:604 out:601 type:P dur:2 cpbdur:2 q:33.14 aq:26.97 tex:82346 mv:10111 misc:1791 imb:713 pmb:926 smb:1961 d:- ref:0 ;
in:602 out:602 type:B dur:2 cpbdur:2 q:33.14 aq:33.58 tex:22294 mv:8426 misc:2176 imb:305 pmb:784 smb:2511 d:- ref:0 ;
in:601 out:603 type:b dur:2 cpbdur:2 q:33.14 aq:36.13 tex:9871 mv:3923 misc:1646 imb:128 pmb:504 smb:2968 d:- ref:0 ;
in:603 out:604 type:b dur:2 cpbdur:2 q:33.14 aq:35.14 tex:9872 mv:6192 misc:1952 imb:203 pmb:639 smb:2758 d:- ref:0 ;
in:608 out:605 type:P dur:2 cpbdur:2 q:33.19 aq:28.05 tex:113586 mv:12166 misc:1760 imb:974 pmb:986 smb:1640 d:- ref:0 ;
in:606 out:606 type:B dur:2 cpbdur:2 q:33.17 aq:32.64 tex:19644 mv:8629 misc:2199 imb:214 pmb:820 smb:2566 d:- ref:0 ;
in:605 out:607 type:b dur:2 cpbdur:2 q:33.16 aq:34.86 tex:11938 mv:6771 misc:2083 imb:217 pmb:644 smb:2739 d:- ref:0 ;
in:607 out:608 type:b dur:2 cpbdur:2 q:33.18 aq:34.75 tex:12179 mv:6431 misc:1918 imb:232 pmb:578 smb:2790 d:- ref:0 ;
in:612 out:609 type:P dur:2 cpbdur:2 q:33.19 aq:27.19 tex:132342 mv:12846 misc:1796 imb:1047 pmb:1039 smb:1514 d:- ref:0 ;
in:610 out:610 type:B dur:2 cpbdur:2 q:33.19 aq:33.11 tex:18052 mv:8165 misc:2151 imb:181 pmb:850 smb:2569 d:- ref:0 ;
in:609 out:611 type:b dur:2 cpbdur:2 q:33.19 aq:34.29 tex:12280 mv:6491 misc:2005 imb:200 pmb:687 smb:2713 d:- ref:0 ;
in:611 out:612 type:b dur:2 cpbdur:2 q:33.19 aq:34.25 tex:12869 mv:5990 misc:1997 imb:239 pmb:620 smb:2741 d:- ref:0 ;
in:615 out:613 type:P dur:2 cpbdur:2 q:33.38 aq:25.53 tex:69495 mv:6291 misc:2454 imb:364 pmb:1007 smb:2229 d:- ref:0 ;
in:613 out:614 type:B dur:2 cpbdur:2 q:33.25 aq:33.87 tex:11386 mv:3602 misc:1508 imb:139 pmb:439 smb:3022 d:- ref:0 ;
in:614 out:615 type:b dur:2 cpbdur:2 q:33.31 aq:34.19 tex:8586 mv:3565 misc:1329 imb:158 pmb:418 smb:3024 d:- ref:0 ;
in:619 out:616 type:P dur:2 cpbdur:2 q:33.37 aq:23.50 tex:198014 mv:12554 misc:1304 imb:837 pmb:1282 smb:1481 d:- ref:0 ;
in:617 out:617 type:B dur:2 cpbdur:2 q:33.38 aq:28.34 tex:2071 mv:1033 misc:1280 imb:4 pmb:397 smb:3199 d:- ref:0 ;
in:616 out:618 type:b dur:2 cpbdur:2 q:33.38 aq:34.61 tex:3138 mv:3606 misc:1568 imb:75 pmb:570 smb:2955 d:- ref:0 ;
in:618 out:619 type:b dur:2 cpbdur:2 q:33.37 aq:33.72 tex:970 mv:391 misc:359 imb:0 pmb:39 smb:3561 d:- ref:0 ;
in:623 out:620 type:P dur:2 cpbdur:2 q:33.53 aq:23.82 tex:15282 mv:1232 misc:1638 imb:18 pmb:356 smb:3226 d:- ref:0 ;
in:621 out:621 type:B dur:2 cpbdur:2 q:33.45 aq:32.30 tex:2413 mv:540 misc:383 imb:0 pmb:52 smb:3548 d:- ref:0 ;
in:620 out:622 type:b dur:2 cpbdur:2 q:33.41 aq:31.90 tex:333 mv:250 misc:337 imb:0 pmb:32 smb:3568 d:- ref:0 ;
in:622 out:623 type:b dur:2 cpbdur:2 q:33.49 aq:31.96 tex:463 mv:260 misc:349 imb:0 pmb:39 smb:3561 d:- ref:0 ;
in:627 out:624 type:P dur:2 cpbdur:2 q:33.60 aq:23.63 tex:13090 mv:893 misc:849 imb:12 pmb:139 smb:3449 d:- ref:0 ;
in:625 out:625 type:B dur:2 cpbdur:2 q:33.57 aq:32.41 tex:1263 mv:494 misc:395 imb:0 pmb:53 smb:3547 d:- ref:0 ;
in:624 out:626 type:b dur:2 cpbdur:2 q:33.55 aq:32.91 tex:289 mv:259 misc:372 imb:0 pmb:41 smb:3559 d:- ref:0 ;
in:626 out:627 type:b dur:2 cpbdur:2 q:33.58 aq:32.71 tex:355 mv:181 misc:304 imb:0 pmb:21 smb:3579 d:- ref:0 ;
in:631 out:628 type:P dur:2 cpbdur:2 q:33.69 aq:23.69 tex:44409 mv:1947 misc:964 imb:128 pmb:185 smb:3287 d:- ref:0 ;
in:629 out:629 type:B dur:2 cpbdur:2 q:33.64 aq:30.23 tex:917 mv:428 misc:671 imb:0 pmb:146 smb:3454 d:- ref:0 ;
in:628 out:630 type:b dur:2 cpbdur:2 q:33.62 aq:32.43 tex:879 mv:250 misc:615 imb:0 pmb:126 smb:3474 d:- ref:0 ;
in:630 out:631 type:b dur:2 cpbdur:2 q:33.67 aq:31.83 tex:131 mv:119 misc:318 imb:0 pmb:22 smb:3578 d:- ref:0 ;
in:635 out:632 type:P dur:2 cpbdur:2 q:33.54 aq:22.18 tex:7622 mv:516 misc:814 imb:11 pmb:111 smb:3478 d:- ref:0 ;
in:633 out:633 type:B dur:2 cpbdur:2 q:33.61 aq:31.33 tex:955 mv:218 misc:339 imb:0 pmb:28 smb:3572 d:- ref:0 ;
in:632 out:634 type:b dur:2 cpbdur:2 q:33.65 aq:33.21 tex:366 mv:111 misc:315 imb:0 pmb:18 smb:3582 d:- ref:0 ;
in:634 out:635 type:b dur:2 cpbdur:2 q:33.58 aq:32.70 tex:144 mv:120 misc:288 imb:0 pmb:13 smb:3587 d:- ref:0 ;
in:639 out:636 type:P dur:2 cpbdur:2 q:33.35 aq:22.82 tex:7299 mv:584 misc:909 imb:8 pmb:128 smb:3464 d:- ref:0 ;
in:637 out:637 type:B dur:2 cpbdur:2 q:33.44 aq:31.26 tex:1466 mv:284 misc:330 imb:0 pmb:28 smb:3572 d:- ref:0 ;
in:636 out:638 type:b dur:2 cpbdur:2 q:33.49 aq:32.70 tex:154 mv:180 misc:306 imb:0 pmb:23 smb:3577 d:- ref:0 ;
in:638 out:639 type:b dur:2 cpbdur:2 q:33.40 aq:31.36 tex:240 mv:156 misc:316 imb:0 pmb:24 smb:3576 d:- ref:0 ;
in:643 out:640 type:P dur:2 cpbdur:2 q:33.25 aq:24.07 tex:12334 mv:846 misc:1116 imb:8 pmb:203 smb:3389 d:- ref:0 ;
in:641 out:641 type:B dur:2 cpbdur:2 q:33.30 aq:32.36 tex:1530 mv:412 misc:346 imb:0 pmb:32 smb:3568 d:- ref:0 ;
in:640 out:642 type:b dur:2 cpbdur:2 q:33.32 aq:31.90 tex:199 mv:114 misc:303 imb:0 pmb:21 smb:3579 d:- ref:0 ;
in:642 out:643 type:b dur:2 cpbdur:2 q:33.28 aq:31.48 tex:125 mv:164 misc:311 imb:0 pmb:24 smb:3576 d:- ref:0 ;
in:647 out:644 type:P dur:2 cpbdur:2 q:33.09 aq:24.41 tex:13954 mv:1021 misc:1257 imb:21 pmb:227 smb:3352 d:- ref:0 ;
in:645 out:645 type:B dur:2 cpbdur:2 q:33.17 aq:32.28 tex:2536 mv:717 misc:371 imb:0 pmb:48 smb:3552 d:- ref:0 ;
in:644 out:646 type:b dur:2 cpbdur:2 q:33.21 aq:33.63 tex:815 mv:213 misc:364 imb:0 pmb:39 smb:3561 d:- ref:0 ;
in:646 out:647 type:b dur:2 cpbdur:2 q:33.13 aq:32.02 tex:208 mv:200 misc:344 imb:0 pmb:36 smb:3564 d:- ref:0 ;
in:651 out:648 type:P dur:2 cpbdur:2 q:32.95 aq:23.58 tex:15929 mv:1049 misc:1070 imb:27 pmb:185 smb:3388 d:- ref:0 ;
in:649 out:649 type:B dur:2 cpbdur:2 q:33.02 aq:31.15 tex:3129 mv:626 misc:389 imb:0 pmb:57 smb:3543 d:- ref:0 ;
in:648 out:650 type:b dur:2 cpbdur:2 q:33.06 aq:33.02 tex:277 mv:174 misc:357 imb:0 pmb:35 smb:3565 d:- ref:0 ;
in:650 out:651 type:b dur:2 cpbdur:2 q:32.98 aq:31.87 tex:779 mv:262 misc:343 imb:0 pmb:30 smb:3570 d:- ref:0 ;
in:655 out:652 type:P dur:2 cpbdur:2 q:32.76 aq:22.65 tex:20765 mv:862 misc:1157 imb:18 pmb:229 smb:3353 d:- ref:0 ;
in:653 out:653 type:B dur:2 cpbdur:2 q:32.85 aq:31.54 tex:2301 mv:480 misc:379 imb:0 pmb:51 smb:3549 d:- ref:0 ;
in:652 out:654 type:b dur:2 cpbdur:2 q:32.90 aq:31.70 tex:128 mv:184 misc:312 imb:0 pmb:29 smb:3571 d:- ref:0 ;
in:654 out:655 type:b dur:2 cpbdur:2 q:32.81 aq:32.57 tex:721 mv:265 misc:374 imb:1 pmb:39 smb:3560 d:- ref:0 ;
in:659 out:656 type:P dur:2 cpbdur:2 q:32.67 aq:22.56 tex:10328 mv:480 misc:1008 imb:11 pmb:149 smb:3440 d:- ref:0 ;
in:657 out:657 type:B dur:2 cpbdur:2 q:32.72 aq:30.28 tex:803 mv:164 misc:297 imb:0 pmb:20 smb:3580 d:- ref:0 ;
in:656 out:658 type:b dur:2 cpbdur:2 q:32.74 aq:31.90 tex:535 mv:117 misc:276 imb:0 pmb:14 smb:3586 d:- ref:0 ;
in:658 out:659 type:b dur:2 cpbdur:2 q:32.69 aq:31.23 tex:258 mv:99 misc:267 imb:0 pmb:11 smb:3589 d:- ref:0 ;
in:660 out:660 type:I dur:2 cpbdur:2 q:30.17 aq:19.95 tex:555555 mv:76838 misc:535 imb:3600 pmb:0 smb:0 d:- ref:;
in:664 out:661 type:P dur:2 cpbdur:2 q:32.96 aq:22.46 tex:15091 mv:813 misc:640 imb:30 pmb:90 smb:3480 d:- ref:0 ;
in:662 out:662 type:B dur:2 cpbdur:2 q:32.96 aq:33.21 tex:1182 mv:367 misc:395 imb:0 pmb:59 smb:3541 d:- ref:0 ;
in:661 out:663 type:b dur:2 cpbdur:2 q:32.96 aq:32.14 tex:381 mv:108 misc:319 imb:0 pmb:25 smb:3575 d:- ref:0 ;
in:663 out:664 type:b dur:2 cpbdur:2 q:32.96 aq:32.37 tex:1109 mv:261 misc:398 imb:1 pmb:54 smb:3545 d:- ref:0 ;
in:668 out:665 type:P dur:2 cpbdur:2 q:32.82 aq:23.48 tex:15621 mv:722 misc:529 imb:26 pmb:71 smb:3503 d:- ref:0 ;
in:666 out:666 type:B dur:2 cpbdur:2 q:32.89 aq:30.77 tex:1514 mv:391 misc:391 imb:1 pmb:52 smb:3547 d:- ref:0 ;
in:665 out:667 type:b dur:2 cpbdur:2 q:32.93 aq:33.59 tex:621 mv:128 misc:307 imb:0 pmb:25 smb:3575 d:- ref:0 ;
in:667 out:668 type:b dur:2 cpbdur:2 q:32.86 aq:32.69 tex:331 mv:224 misc:349 imb:0 pmb:36 smb:3564 d:- ref:0 ;
in:672 out:669 type:P dur:2 cpbdur:2 q:32.64 aq:23.55 tex:55822 mv:2455 misc:843 imb:155 pmb:198 smb:3247 d:- ref:0 ;
in:670 out:670 type:B dur:2 cpbdur:2 q:32.73 aq:29.98 tex:1511 mv:533 misc:732 imb:3 pmb:182 smb:3415 d:- ref:0 ;
in:669 out:671 type:b dur:2 cpbdur:2 q:32.78 aq:31.74 tex:513 mv:410 misc:581 imb:4 pmb:118 smb:3478 d:- ref:0 ;
in:671 out:672 type:b dur:2 cpbdur:2 q:32.69 aq:31.02 tex:244 mv:137 misc:435 imb:0 pmb:64 smb:3536 d:- ref:0 ;
in:676 out:673 type:P dur:2 cpbdur:2 q:32.78 aq:24.20 tex:14190 mv:1070 misc:628 imb:17 pmb:120 smb:3463 d:- ref:0 ;
in:674 out:674 type:B dur:2 cpbdur:2 q:32.71 aq:31.74 tex:4748 mv:935 misc:429 imb:0 pmb:76 smb:3524 d:- ref:0 ;
in:673 out:675 type:b dur:2 cpbdur:2 q:32.68 aq:32.97 tex:1358 mv:585 misc:385 imb:0 pmb:51 smb:3549 d:- ref:0 ;
in:675 out:676 type:b dur:2 cpbdur:2 q:32.74 aq:34.16 tex:1175 mv:593 misc:408 imb:0 pmb:50 smb:3550 d:- ref:0 ;
in:680 out:677 type:P dur:2 cpbdur:2 q:32.64 aq:23.46 tex:18804 mv:1011 misc:593 imb:29 pmb:114 smb:3457 d:- ref:0 ;
in:678 out:678 type:B dur:2 cpbdur:2 q:32.71 aq:31.90 tex:3592 mv:852 misc:452 imb:1 pmb:78 smb:3521 d:- ref:0 ;
in:677 out:679 type:b dur:2 cpbdur:2 q:32.74 aq:33.62 tex:1357 mv:694 misc:429 imb:1 pmb:55 smb:3544 d:- ref:0 ;
in:679 out:680 type:b dur:2 cpbdur:2 q:32.67 aq:32.96 tex:1481 mv:552 misc:351 imb:1 pmb:45 smb:3554 d:- ref:0 ;
in:684 out:681 type:P dur:2 cpbdur:2 q:32.51 aq:23.68 tex:13057 mv:939 misc:604 imb:15 pmb:106 smb:3479 d:- ref:0 ;
in:682 out:682 type:B dur:2 cpbdur:2 q:32.58 aq:30.77 tex:4238 mv:915 misc:399 imb:0 pmb:71 smb:3529 d:- ref:0 ;
in:681 out:683 type:b dur:2 cpbdur:2 q:32.61 aq:33.81 tex:1125 mv:561 misc:370 imb:0 pmb:49 smb:3551 d:- ref:0 ;
in:683 out:684 type:b dur:2 cpbdur:2 q:32.54 aq:33.82 tex:1040 mv:558 misc:394 imb:0 pmb:50 smb:3550 d:- ref:0 ;
in:688 out:685 type:P dur:2 cpbdur:2 q:32.38 aq:23.93 tex:18495 mv:1078 misc:683 imb:23 pmb:126 smb:3451 d:- ref:0 ;
in:686 out:686 type:B dur:2 cpbdur:2 q:32.44 aq:31.84 tex:4235 mv:1011 misc:394 imb:0 pmb:74 smb:3526 d:- ref:0 ;
in:685 out:687 type:b dur:2 cpbdur:2 q:32.48 aq:34.06 tex:1584 mv:635 misc:389 imb:1 pmb:49 smb:3550 d:- ref:0 ;
in:687 out:688 type:b dur:2 cpbdur:2 q:32.41 aq:33.23 tex:1642 mv:536 misc:366 imb:0 pmb:55 smb:3545 d:- ref:0 ;
in:692 out:689 type:P dur:2 cpbdur:2 q:32.25 aq:22.35 tex:13416 mv:912 misc:640 imb:16 pmb:112 smb:3472 d:- ref:0 ;
in:690 out:690 type:B dur:2 cpbdur:2 q:32.31 aq:32.11 tex:3851 mv:833 misc:372 imb:0 pmb:56 smb:3544 d:- ref:0 ;
in:689 out:691 type:b dur:2 cpbdur:2 q:32.34 aq:32.29 tex:1537 mv:526 misc:361 imb:0 pmb:47 smb:3553 d:- ref:0 ;
in:691 out:692 type:b dur:2 cpbdur:2 q:32.28 aq:33.41 tex:1447 mv:581 misc:332 imb:0 pmb:41 smb:3559 d:- ref:0 ;
in:696 out:693 type:P dur:2 cpbdur:2 q:32.12 aq:22.46 tex:14674 mv:809 misc:629 imb:15 pmb:114 smb:3471 d:- ref:0 ;
in:694 out:694 type:B dur:2 cpbdur:2 q:32.19 aq:31.66 tex:3532 mv:787 misc:377 imb:0 pmb:59 smb:3541 d:- ref:0 ;
in:693 out:695 type:b dur:2 cpbdur:2 q:32.22 aq:32.51 tex:1630 mv:523 misc:359 imb:0 pmb:43 smb:3557 d:- ref:0 ;
in:695 out:696 type:b dur:2 cpbdur:2 q:32.15 aq:33.10 tex:1383 mv:387 misc:350 imb:0 pmb:39 smb:3561 d:- ref:0 ;
in:700 out:697 type:P dur:2 cpbdur:2 q:31.97 aq:20.98 tex:13469 mv:792 misc:555 imb:14 pmb:90 smb:3496 d:- ref:0 ;
in:698 out:698 type:B dur:2 cpbdur:2 q:32.05 aq:30.28 tex:3594 mv:720 misc:390 imb:0 pmb:58 smb:3542 d:- ref:0 ;
in:697 out:699 type:b dur:2 cpbdur:2 q:32.08 aq:33.12 tex:1336 mv:486 misc:354 imb:0 pmb:39 smb:3561 d:- ref:0 ;
in:699 out:700 type:b dur:2 cpbdur:2 q:32.01 aq:33.05 tex:1139 mv:457 misc:348 imb:0 pmb:36 smb:3564 d:- ref:0 ;
in:704 out:701 type:P dur:2 cpbdur:2 q:31.86 aq:20.45 tex:12732 mv:762 misc:602 imb:17 pmb:94 smb:3489 d:- ref:0 ;
in:702 out:702 type:B dur:2 cpbdur:2 q:31.92 aq:30.11 tex:3508 mv:628 misc:368 imb:0 pmb:47 smb:3553 d:- ref:0 ;
in:701 out:703 type:b dur:2 cpbdur:2 q:31.95 aq:32.57 tex:1020 mv:408 misc:332 imb:0 pmb:34 smb:3566 d:- ref:0 ;
in:703 out:704 type:b dur:2 cpbdur:2 q:31.89 aq:32.53 tex:1304 mv:461 misc:331 imb:0 pmb:36 smb:3564 d:- ref:0 ;
in:708 out:705 type:P dur:2 cpbdur:2 q:31.72 aq:23.81 tex:14119 mv:830 misc:635 imb:18 pmb:102 smb:3480 d:- ref:0 ;
in:706 out:706 type:B dur:2 cpbdur:2 q:31.79 aq:30.15 tex:4186 mv:795 misc:395 imb:0 pmb:61 smb:3539 d:- ref:0 ;
in:705 out:707 type:b dur:2 cpbdur:2 q:31.82 aq:33.14 tex:1395 mv:504 misc:357 imb:0 pmb:43 smb:3557 d:- ref:0 ;
in:707 out:708 type:b dur:2 cpbdur:2 q:31.76 aq:31.90 tex:1303 mv:529 misc:344 imb:0 pmb:48 smb:3552 d:- ref:0 ;
in:712 out:709 type:P dur:2 cpbdur:2 q:31.59 aq:23.78 tex:16069 mv:926 misc:709 imb:14 pmb:126 smb:3460 d:- ref:0 ;
in:710 out:710 type:B dur:2 cpbdur:2 q:31.66 aq:30.33 tex:4835 mv:913 misc:420 imb:1 pmb:74 smb:3525 d:- ref:0 ;
in:709 out:711 type:b dur:2 cpbdur:2 q:31.69 aq:32.44 tex:1810 mv:554 misc:372 imb:0 pmb:52 smb:3548 d:- ref:0 ;
in:711 out:712 type:b dur:2 cpbdur:2 q:31.62 aq:33.25 tex:2052 mv:538 misc:386 imb:0 pmb:57 smb:3543 d:- ref:0 ;
in:716 out:713 type:P dur:2 cpbdur:2 q:31.44 aq:23.35 tex:14923 mv:960 misc:709 imb:18 pmb:123 smb:3459 d:- ref:0 ;
in:714 out:714 type:B dur:2 cpbdur:2 q:31.51 aq:29.85 tex:4601 mv:833 misc:414 imb:1 pmb:63 smb:3536 d:- ref:0 ;
in:713 out:715 type:b dur:2 cpbdur:2 q:31.55 aq:30.94 tex:2238 mv:573 misc:405 imb:0 pmb:57 smb:3543 d:- ref:0 ;
in:715 out:716 type:b dur:2 cpbdur:2 q:31.48 aq:32.16 tex:1827 mv:505 misc:356 imb:0 pmb:45 smb:3555 d:- ref:0 ;
in:719 out:717 type:P dur:2 cpbdur:2 q:31.32 aq:32.18 tex:5412 mv:588 misc:416 imb:7 pmb:58 smb:3535 d:- ref:0 ;
in:717 out:718 type:B dur:2 cpbdur:2 q:31.40 aq:32.24 tex:2189 mv:568 misc:379 imb:0 pmb:52 smb:3548 d:- ref:0 ;
in:718 out:719 type:b dur:2 cpbdur:2 q:31.36 aq:31.33 tex:1736 mv:446 misc:362 imb:0 pmb:42 smb:3558 d:- ref:0 ;
in:720 out:720 type:I dur:2 cpbdur:2 q:29.02 aq:18.85 tex:630704 mv:81036 misc:532 imb:3600 pmb:0 smb:0 d:- ref:;
in:724 out:721 type:P dur:2 cpbdur:2 q:31.77 aq:22.63 tex:15266 mv:904 misc:670 imb:21 pmb:104 smb:3475 d:- ref:0 ;
in:722 out:722 type:B dur:2 cpbdur:2 q:31.77 aq:30.67 tex:4145 mv:872 misc:407 imb:0 pmb:76 smb:3524 d:- ref:0 ;
in:721 out:723 type:b dur:2 cpbdur:2 q:31.77 aq:31.67 tex:1312 mv:544 misc:376 imb:0 pmb:51 smb:3549 d:- ref:0 ;
in:723 out:724 type:b dur:2 cpbdur:2 q:31.77 aq:32.52 tex:1697 mv:523 misc:396 imb:0 pmb:51 smb:3549 d:- ref:0 ;
in:728 out:725 type:P dur:2 cpbdur:2 q:31.65 aq:21.69 tex:13449 mv:843 misc:524 imb:21 pmb:77 smb:3502 d:- ref:0 ;
in:726 out:726 type:B dur:2 cpbdur:2 q:31.71 aq:30.81 tex:4136 mv:777 misc:391 imb:0 pmb:63 smb:3537 d:- ref:0 ;
in:725 out:727 type:b dur:2 cpbdur:2 q:31.74 aq:32.24 tex:1570 mv:532 misc:370 imb:0 pmb:47 smb:3553 d:- ref:0 ;
in:727 out:728 type:b dur:2 cpbdur:2 q:31.68 aq:32.69 tex:1591 mv:564 misc:357 imb:0 pmb:50 smb:3550 d:- ref:0 ;
in:732 out:729 type:P dur:2 cpbdur:2 q:31.50 aq:21.96 tex:11066 mv:780 misc:498 imb:12 pmb:85 smb:3503 d:- ref:0 ;
in:730 out:730 type:B dur:2 cpbdur:2 q:31.57 aq:30.18 tex:4400 mv:782 misc:362 imb:1 pmb:56 smb:3543 d:- ref:0 ;
in:729 out:731 type:b dur:2 cpbdur:2 q:31.61 aq:32.65 tex:1257 mv:477 misc:330 imb:0 pmb:40 smb:3560 d:- ref:0 ;
in:731 out:732 type:b dur:2 cpbdur:2 q:31.54 aq:30.48 tex:1586 mv:442 misc:356 imb:0 pmb:43 smb:3557 d:- ref:0 ;
in:736 out:733 type:P dur:2 cpbdur:2 q:31.58 aq:22.52 tex:10484 mv:643 misc:457 imb:18 pmb:62 smb:3520 d:- ref:0 ;
in:734 out:734 type:B dur:2 cpbdur:2 q:31.54 aq:31.20 tex:3734 mv:751 misc:355 imb:0 pmb:53 smb:3547 d:- ref:0 ;
in:733 out:735 type:b dur:2 cpbdur:2 q:31.52 aq:32.69 tex:1674 mv:515 misc:355 imb:0 pmb:42 smb:3558 d:- ref:0 ;
in:735 out:736 type:b dur:2 cpbdur:2 q:31.56 aq:32.79 tex:1391 mv:582 misc:347 imb:0 pmb:43 smb:3557 d:- ref:0 ;
in:740 out:737 type:P dur:2 cpbdur:2 q:31.45 aq:22.27 tex:10678 mv:701 misc:549 imb:20 pmb:80 smb:3500 d:- ref:0 ;
in:738 out:738 type:B dur:2 cpbdur:2 q:31.52 aq:31.04 tex:4408 mv:693 misc:347 imb:1 pmb:53 smb:3546 d:- ref:0 ;
in:737 out:739 type:b dur:2 cpbdur:2 q:31.55 aq:32.83 tex:2026 mv:469 misc:337 imb:0 pmb:41 smb:3559 d:- ref:0 ;
in:739 out:740 type:b dur:2 cpbdur:2 q:31.48 aq:32.94 tex:1757 mv:559 misc:332 imb:0 pmb:42 smb:3558 d:- ref:0 ;
in:744 out:741 type:P dur:2 cpbdur:2 q:31.32 aq:21.49 tex:15939 mv:1009 misc:540 imb:58 pmb:73 smb:3469 d:- ref:0 ;
in:742 out:742 type:B dur:2 cpbdur:2 q:31.38 aq:27.15 tex:5195 mv:814 misc:407 imb:2 pmb:73 smb:3525 d:- ref:0 ;
in:741 out:743 type:b dur:2 cpbdur:2 q:31.42 aq:31.79 tex:1836 mv:508 misc:336 imb:0 pmb:42 smb:3558 d:- ref:0 ;
in:743 out:744 type:b dur:2 cpbdur:2 q:31.35 aq:32.86 tex:2187 mv:484 misc:377 imb:0 pmb:59 smb:3541 d:- ref:0 ;
in:748 out:745 type:P dur:2 cpbdur:2 q:31.16 aq:22.31 tex:15952 mv:761 misc:591 imb:19 pmb:86 smb:3495 d:- ref:0 ;
in:746 out:746 type:B dur:2 cpbdur:2 q:31.24 aq:29.75 tex:4672 mv:666 misc:390 imb:1 pmb:63 smb:3536 d:- ref:0 ;
in:745 out:747 type:b dur:2 cpbdur:2 q:31.28 aq:32.18 tex:1710 mv:421 misc:357 imb:0 pmb:52 smb:3548 d:- ref:0 ;
in:747 out:748 type:b dur:2 cpbdur:2 q:31.20 aq:32.69 tex:1514 mv:300 misc:362 imb:1 pmb:44 smb:3555 d:- ref:0 ;
in:752 out:749 type:P dur:2 cpbdur:2 q:31.05 aq:21.10 tex:219524 mv:10900 misc:1496 imb:698 pmb:1479 smb:1423 d:- ref:0 ;
in:750 out:750 type:B dur:2 cpbdur:2 q:31.10 aq:24.91 tex:4868 mv:1169 misc:1339 imb:3 pmb:408 smb:3189 d:- ref:0 ;
in:749 out:751 type:b dur:2 cpbdur:2 q:31.13 aq:24.66 tex:1822 mv:644 misc:1246 imb:1 pmb:442 smb:3157 d:- ref:0 ;
in:751 out:752 type:b dur:2 cpbdur:2 q:31.07 aq:31.55 tex:1638 mv:341 misc:397 imb:0 pmb:54 smb:3546 d:- ref:0 ;
in:756 out:753 type:P dur:2 cpbdur:2 q:31.07 aq:20.83 tex:23736 mv:1305 misc:1543 imb:27 pmb:308 smb:3265 d:- ref:0 ;
in:754 out:754 type:B dur:2 cpbdur:2 q:31.06 aq:31.10 tex:3279 mv:519 misc:418 imb:0 pmb:56 smb:3544 d:- ref:0 ;
in:753 out:755 type:b dur:2 cpbdur:2 q:31.05 aq:30.11 tex:1300 mv:228 misc:392 imb:1 pmb:50 smb:3549 d:- ref:0 ;
in:755 out:756 type:b dur:2 cpbdur:2 q:31.06 aq:30.85 tex:785 mv:203 misc:308 imb:0 pmb:28 smb:3572 d:- ref:0 ;
in:760 out:757 type:P dur:2 cpbdur:2 q:30.95 aq:18.83 tex:20590 mv:949 misc:1245 imb:12 pmb:240 smb:3348 d:- ref:0 ;
in:758 out:758 type:B dur:2 cpbdur:2 q:31.01 aq:31.73 tex:3035 mv:438 misc:399 imb:0 pmb:52 smb:3548 d:- ref:0 ;
in:757 out:759 type:b dur:2 cpbdur:2 q:31.04 aq:31.49 tex:1540 mv:252 misc:368 imb:0 pmb:41 smb:3559 d:- ref:0 ;
in:759 out:760 type:b dur:2 cpbdur:2 q:30.98 aq:31.51 tex:1486 mv:267 misc:335 imb:0 pmb:33 smb:3567 d:- ref:0 ;
in:764 out:761 type:P dur:2 cpbdur:2 q:30.98 aq:20.66 tex:17021 mv:830 misc:741 imb:29 pmb:109 smb:3462 d:- ref:0 ;
in:762 out:762 type:B dur:2 cpbdur:2 q:30.97 aq:31.06 tex:3035 mv:476 misc:385 imb:0 pmb:48 smb:3552 d:- ref:0 ;
in:761 out:763 type:b dur:2 cpbdur:2 q:30.96 aq:31.27 tex:1168 mv:257 misc:343 imb:0 pmb:40 smb:3560 d:- ref:0 ;
in:763 out:764 type:b dur:2 cpbdur:2 q:30.97 aq:30.62 tex:1475 mv:168 misc:325 imb:0 pmb:29 smb:3571 d:- ref:0 ;
in:768 out:765 type:P dur:2 cpbdur:2 q:30.83 aq:21.35 tex:22343 mv:1048 misc:1169 imb:51 pmb:239 smb:3310 d:- ref:0 ;
in:766 out:766 type:B dur:2 cpbdur:2 q:30.90 aq:30.31 tex:3855 mv:563 misc:430 imb:2 pmb:60 smb:3538 d:- ref:0 ;
in:765 out:767 type:b dur:2 cpbdur:2 q:30.94 aq:32.88 tex:1640 mv:351 misc:321 imb:0 pmb:29 smb:3571 d:- ref:0 ;
in:767 out:768 type:b dur:2 cpbdur:2 q:30.86 aq:32.34 tex:1107 mv:244 misc:321 imb:0 pmb:30 smb:3570 d:- ref:0 ;
in:772 out:769 type:P dur:2 cpbdur:2 q:30.71 aq:20.74 tex:21138 mv:1039 misc:967 imb:48 pmb:160 smb:3392 d:- ref:0 ;
in:770 out:770 type:B dur:2 cpbdur:2 q:30.77 aq:30.21 tex:3755 mv:603 misc:346 imb:1 pmb:44 smb:3555 d:- ref:0 ;
in:769 out:771 type:b dur:2 cpbdur:2 q:30.80 aq:30.74 tex:1310 mv:186 misc:328 imb:2 pmb:29 smb:3569 d:- ref:0 ;
in:771 out:772 type:b dur:2 cpbdur:2 q:30.74 aq:30.17 tex:1356 mv:232 misc:324 imb:0 pmb:35 smb:3565 d:- ref:0 ;
in:776 out:773 type:P dur:2 cpbdur:2 q:30.58 aq:20.62 tex:18475 mv:762 misc:1075 imb:18 pmb:187 smb:3395 d:- ref:0 ;
in:774 out:774 type:B dur:2 cpbdur:2 q:30.65 aq:31.02 tex:2526 mv:292 misc:358 imb:0 pmb:41 smb:3559 d:- ref:0 ;
in:773 out:775 type:b dur:2 cpbdur:2 q:30.68 aq:30.58 tex:1600 mv:274 misc:310 imb:0 pmb:34 smb:3566 d:- ref:0 ;
in:775 out:776 type:b dur:2 cpbdur:2 q:30.61 aq:30.18 tex:999 mv:111 misc:282 imb:0 pmb:19 smb:3581 d:- ref:0 ;
in:779 out:777 type:P dur:2 cpbdur:2 q:30.43 aq:30.91 tex:3712 mv:289 misc:343 imb:2 pmb:35 smb:3563 d:- ref:0 ;
in:777 out:778 type:B dur:2 cpbdur:2 q:30.53 aq:31.31 tex:1545 mv:268 misc:315 imb:0 pmb:25 smb:3575 d:- ref:0 ;
in:778 out:779 type:b dur:2 cpbdur:2 q:30.48 aq:30.87 tex:1297 mv:237 misc:298 imb:0 pmb:31 smb:3569 d:- ref:0 ;
in:780 out:780 type:I dur:2 cpbdur:2 q:28.03 aq:17.53 tex:704328 mv:86305 misc:535 imb:3600 pmb:0 smb:0 d:- ref:;
in:784 out:781 type:P dur:2 cpbdur:2 q:30.99 aq:21.44 tex:11778 mv:536 misc:598 imb:13 pmb:81 smb:3506 d:- ref:0 ;
in:782 out:782 type:B dur:2 cpbdur:2 q:30.99 aq:29.05 tex:3070 mv:387 misc:327 imb:0 pmb:40 smb:3560 d:- ref:0 ;
in:781 out:783 type:b dur:2 cpbdur:2 q:30.99 aq:30.73 tex:1517 mv:179 misc:312 imb:0 pmb:27 smb:3573 d:- ref:0 ;
in:783 out:784 type:b dur:2 cpbdur:2 q:30.99 aq:30.81 tex:1277 mv:265 misc:298 imb:0 pmb:29 smb:3571 d:- ref:0 ;
in:788 out:785 type:P dur:2 cpbdur:2 q:30.86 aq:20.82 tex:27188 mv:1235 misc:521 imb:59 pmb:92 smb:3449 d:- ref:0 ;
in:786 out:786 type:B dur:2 cpbdur:2 q:30.93 aq:30.91 tex:5362 mv:885 misc:441 imb:0 pmb:95 smb:3505 d:- ref:0 ;
in:785 out:787 type:b dur:2 cpbdur:2 q:30.96 aq:31.74 tex:1289 mv:328 misc:375 imb:0 pmb:58 smb:3542 d:- ref:0 ;
in:787 out:788 type:b dur:2 cpbdur:2 q:30.89 aq:32.60 tex:2718 mv:609 misc:401 imb:1 pmb:71 smb:3528 d:- ref:0 ;
in:792 out:789 type:P dur:2 cpbdur:2 q:30.73 aq:21.85 tex:13108 mv:706 misc:506 imb:16 pmb:76 smb:3508 d:- ref:0 ;
in:790 out:790 type:B dur:2 cpbdur:2 q:30.80 aq:30.61 tex:5194 mv:703 misc:383 imb:1 pmb:53 smb:3546 d:- ref:0 ;
in:789 out:791 type:b dur:2 cpbdur:2 q:30.83 aq:32.53 tex:2451 mv:539 misc:354 imb:0 pmb:45 smb:3555 d:- ref:0 ;
in:791 out:792 type:b dur:2 cpbdur:2 q:30.76 aq:32.89 tex:2072 mv:503 misc:345 imb:0 pmb:46 smb:3554 d:- ref:0 ;
in:796 out:793 type:P dur:2 cpbdur:2 q:30.76 aq:23.41 tex:12466 mv:642 misc:476 imb:10 pmb:76 smb:3514 d:- ref:0 ;
in:794 out:794 type:B dur:2 cpbdur:2 q:30.74 aq:30.65 tex:4011 mv:690 misc:355 imb:0 pmb:52 smb:3548 d:- ref:0 ;
in:793 out:795 type:b dur:2 cpbdur:2 q:30.74 aq:32.41 tex:1738 mv:444 misc:330 imb:0 pmb:41 smb:3559 d:- ref:0 ;
in:795 out:796 type:b dur:2 cpbdur:2 q:30.75 aq:33.03 tex:1852 mv:519 misc:325 imb:0 pmb:40 smb:3560 d:- ref:0 ;
in:800 out:797 type:P dur:2 cpbdur:2 q:30.63 aq:21.34 tex:11575 mv:665 misc:480 imb:11 pmb:72 smb:3517 d:- ref:0 ;
in:798 out:798 type:B dur:2 cpbdur:2 q:30.69 aq:31.15 tex:4003 mv:643 misc:338 imb:0 pmb:52 smb:3548 d:- ref:0 ;
in:797 out:799 type:b dur:2 cpbdur:2 q:30.72 aq:32.38 tex:1727 mv:436 misc:317 imb:0 pmb:41 smb:3559 d:- ref:0 ;
in:799 out:800 type:b dur:2 cpbdur:2 q:30.66 aq:31.92 tex:1826 mv:486 misc:344 imb:1 pmb:41 smb:3558 d:- ref:0 ;
in:804 out:801 type:P dur:2 cpbdur:2 q:30.50 aq:23.18 tex:13352 mv:674 misc:534 imb:18 pmb:78 smb:3504 d:- ref:0 ;
in:802 out:802 type:B dur:2 cpbdur:2 q:30.56 aq:30.89 tex:4736 mv:717 misc:371 imb:0 pmb:58 smb:3542 d:- ref:0 ;
in:801 out:803 type:b dur:2 cpbdur:2 q:30.60 aq:32.12 tex:1957 mv:480 misc:355 imb:0 pmb:46 smb:3554 d:- ref:0 ;
in:803 out:804 type:b dur:2 cpbdur:2 q:30.53 aq:31.85 tex:2580 mv:519 misc:357 imb:0 pmb:48 smb:3552 d:- ref:0 ;
in:808 out:805 type:P dur:2 cpbdur:2 q:30.38 aq:21.10 tex:14979 mv:803 misc:562 imb:14 pmb:95 smb:3491 d:- ref:0 ;
in:806 out:806 type:B dur:2 cpbdur:2 q:30.44 aq:30.93 tex:4782 mv:791 misc:395 imb:0 pmb:62 smb:3538 d:- ref:0 ;
in:805 out:807 type:b dur:2 cpbdur:2 q:30.47 aq:32.29 tex:1835 mv:502 misc:351 imb:0 pmb:41 smb:3559 d:- ref:0 ;
in:807 out:808 type:b dur:2 cpbdur:2 q:30.41 aq:32.37 tex:1815 mv:564 misc:381 imb:0 pmb:53 smb:3547 d:- ref:0 ;
in:812 out:809 type:P dur:2 cpbdur:2 q:30.24 aq:21.95 tex:15406 mv:913 misc:585 imb:11 pmb:107 smb:3482 d:- ref:0 ;
in:810 out:810 type:B dur:2 cpbdur:2 q:30.31 aq:30.16 tex:5183 mv:794 misc:399 imb:0 pmb:71 smb:3529 d:- ref:0 ;
in:809 out:811 type:b dur:2 cpbdur:2 q:30.34 aq:31.51 tex:2471 mv:615 misc:386 imb:0 pmb:57 smb:3543 d:- ref:0 ;
in:811 out:812 type:b dur:2 cpbdur:2 q:30.27 aq:31.82 tex:2055 mv:432 misc:361 imb:0 pmb:49 smb:3551 d:- ref:0 ;
in:816 out:813 type:P dur:2 cpbdur:2 q:30.11 aq:20.80 tex:66184 mv:2331 misc:925 imb:156 pmb:203 smb:3241 d:- ref:0 ;
in:814 out:814 type:B dur:2 cpbdur:2 q:30.17 aq:26.04 tex:6268 mv:1017 misc:739 imb:0 pmb:181 smb:3419 d:- ref:0 ;
in:813 out:815 type:b dur:2 cpbdur:2 q:30.21 aq:32.15 tex:1932 mv:418 misc:378 imb:0 pmb:49 smb:3551 d:- ref:0 ;
in:815 out:816 type:b dur:2 cpbdur:2 q:30.14 aq:28.62 tex:2670 mv:704 misc:714 imb:1 pmb:168 smb:3431 d:- ref:0 ;
in:820 out:817 type:P dur:2 cpbdur:2 q:30.03 aq:22.48 tex:16903 mv:819 misc:766 imb:9 pmb:132 smb:3459 d:- ref:0 ;
in:818 out:818 type:B dur:2 cpbdur:2 q:30.07 aq:30.89 tex:3906 mv:717 misc:401 imb:1 pmb:57 smb:3542 d:- ref:0 ;
in:817 out:819 type:b dur:2 cpbdur:2 q:30.09 aq:32.20 tex:1604 mv:483 misc:353 imb:0 pmb:47 smb:3553 d:- ref:0 ;
in:819 out:820 type:b dur:2 cpbdur:2 q:30.05 aq:30.73 tex:1978 mv:470 misc:336 imb:1 pmb:39 smb:3560 d:- ref:0 ;
in:823 out:821 type:P dur:2 cpbdur:2 q:29.90 aq:20.66 tex:12859 mv:680 misc:717 imb:8 pmb:119 smb:3473 d:- ref:0 ;
in:821 out:822 type:B dur:2 cpbdur:2 q:29.99 aq:30.86 tex:3593 mv:599 misc:352 imb:0 pmb:47 smb:3553 d:- ref:0 ;
in:822 out:823 type:b dur:2 cpbdur:2 q:29.94 aq:32.28 tex:2499 mv:502 misc:351 imb:0 pmb:43 smb:3557 d:- ref:0 ;
in:827 out:824 type:P dur:2 cpbdur:2 q:29.81 aq:20.65 tex:12209 mv:720 misc:543 imb:16 pmb:80 smb:3504 d:- ref:0 ;
in:825 out:825 type:B dur:2 cpbdur:2 q:29.86 aq:30.15 tex:5094 mv:759 misc:339 imb:0 pmb:47 smb:3553 d:- ref:0 ;
in:824 out:826 type:b dur:2 cpbdur:2 q:29.88 aq:32.00 tex:1763 mv:447 misc:318 imb:0 pmb:39 smb:3561 d:- ref:0 ;
in:826 out:827 type:b dur:2 cpbdur:2 q:29.83 aq:32.06 tex:2418 mv:487 misc:319 imb:0 pmb:42 smb:3558 d:- ref:0 ;
in:831 out:828 type:P dur:2 cpbdur:2 q:29.70 aq:20.49 tex:14377 mv:772 misc:595 imb:24 pmb:87 smb:3489 d:- ref:0 ;
in:829 out:829 type:B dur:2 cpbdur:2 q:29.75 aq:29.33 tex:5357 mv:735 misc:364 imb:1 pmb:51 smb:3548 d:- ref:0 ;
in:828 out:830 type:b dur:2 cpbdur:2 q:29.78 aq:31.95 tex:2518 mv:628 misc:342 imb:1 pmb:42 smb:3557 d:- ref:0 ;
in:830 out:831 type:b dur:2 cpbdur:2 q:29.72 aq:31.92 tex:2794 mv:424 misc:334 imb:0 pmb:43 smb:3557 d:- ref:0 ;
in:835 out:832 type:P dur:2 cpbdur:2 q:29.57 aq:21.73 tex:15035 mv:756 misc:697 imb:15 pmb:111 smb:3474 d:- ref:0 ;
in:833 out:833 type:B dur:2 cpbdur:2 q:29.63 aq:29.76 tex:6369 mv:761 misc:390 imb:2 pmb:60 smb:3538 d:- ref:0 ;
in:832 out:834 type:b dur:2 cpbdur:2 q:29.67 aq:29.65 tex:3250 mv:571 misc:339 imb:0 pmb:46 smb:3554 d:- ref:0 ;
in:834 out:835 type:b dur:2 cpbdur:2 q:29.60 aq:31.02 tex:2757 mv:469 misc:366 imb:0 pmb:54 smb:3546 d:- ref:0 ;
in:839 out:836 type:P dur:2 cpbdur:2 q:29.45 aq:21.03 tex:23999 mv:1207 misc:746 imb:42 pmb:142 smb:3416 d:- ref:0 ;
in:837 out:837 type:B dur:2 cpbdur:2 q:29.51 aq:28.68 tex:6967 mv:982 misc:467 imb:0 pmb:89 smb:3511 d:- ref:0 ;
in:836 out:838 type:b dur:2 cpbdur:2 q:29.54 aq:31.59 tex:3429 mv:576 misc:379 imb:1 pmb:58 smb:3541 d:- ref:0 ;
in:838 out:839 type:b dur:2 cpbdur:2 q:29.48 aq:31.28 tex:4113 mv:682 misc:397 imb:1 pmb:61 smb:3538 d:- ref:0 ;
in:840 out:840 type:I dur:2 cpbdur:2 q:27.06 aq:16.57 tex:763775 mv:87652 misc:557 imb:3600 pmb:0 smb:0 d:- ref:;
in:844 out:841 type:P dur:2 cpbdur:2 q:30.08 aq:20.60 tex:25443 mv:1114 misc:635 imb:48 pmb:118 smb:3434 d:- ref:0 ;
in:842 out:842 type:B dur:2 cpbdur:2 q:30.08 aq:31.73 tex:4283 mv:806 misc:375 imb:0 pmb:57 smb:3543 d:- ref:0 ;
in:841 out:843 type:b dur:2 cpbdur:2 q:30.08 aq:31.00 tex:2975 mv:447 misc:354 imb:0 pmb:51 smb:3549 d:- ref:0 ;
in:843 out:844 type:b dur:2 cpbdur:2 q:30.08 aq:30.56 tex:2850 mv:451 misc:363 imb:0 pmb:49 smb:3551 d:- ref:0 ;
in:848 out:845 type:P dur:2 cpbdur:2 q:29.97 aq:20.41 tex:17707 mv:749 misc:544 imb:19 pmb:86 smb:3495 d:- ref:0 ;
in:846 out:846 type:B dur:2 cpbdur:2 q:30.03 aq:29.90 tex:5142 mv:635 misc:391 imb:1 pmb:56 smb:3543 d:- ref:0 ;
in:845 out:847 type:b dur:2 cpbdur:2 q:30.05 aq:32.24 tex:2831 mv:529 misc:376 imb:0 pmb:48 smb:3552 d:- ref:0 ;
in:847 out:848 type:b dur:2 cpbdur:2 q:30.00 aq:27.79 tex:2292 mv:425 misc:339 imb:0 pmb:38 smb:3562 d:- ref:0 ;
in:852 out:849 type:P dur:2 cpbdur:2 q:29.86 aq:22.65 tex:12556 mv:605 misc:535 imb:13 pmb:73 smb:3514 d:- ref:0 ;
in:850 out:850 type:B dur:2 cpbdur:2 q:29.91 aq:30.21 tex:4699 mv:591 misc:358 imb:0 pmb:45 smb:3555 d:- ref:0 ;
in:849 out:851 type:b dur:2 cpbdur:2 q:29.94 aq:31.58 tex:2246 mv:466 misc:336 imb:0 pmb:41 smb:3559 d:- ref:0 ;
in:851 out:852 type:b dur:2 cpbdur:2 q:29.88 aq:31.98 tex:2483 mv:395 misc:314 imb:0 pmb:32 smb:3568 d:- ref:0 ;
in:856 out:853 type:P dur:2 cpbdur:2 q:29.87 aq:22.14 tex:12431 mv:613 misc:460 imb:12 pmb:61 smb:3527 d:- ref:0 ;
in:854 out:854 type:B dur:2 cpbdur:2 q:29.86 aq:25.22 tex:4449 mv:638 misc:345 imb:1 pmb:41 smb:3558 d:- ref:0 ;
in:853 out:855 type:b dur:2 cpbdur:2 q:29.86 aq:32.29 tex:2677 mv:451 misc:320 imb:0 pmb:36 smb:3564 d:- ref:0 ;
in:855 out:856 type:b dur:2 cpbdur:2 q:29.87 aq:31.82 tex:2625 mv:404 misc:315 imb:0 pmb:34 smb:3566 d:- ref:0 ;
in:860 out:857 type:P dur:2 cpbdur:2 q:29.75 aq:23.13 tex:13706 mv:660 misc:530 imb:15 pmb:78 smb:3507 d:- ref:0 ;
in:858 out:858 type:B dur:2 cpbdur:2 q:29.81 aq:29.85 tex:4918 mv:544 misc:362 imb:0 pmb:47 smb:3553 d:- ref:0 ;
in:857 out:859 type:b dur:2 cpbdur:2 q:29.84 aq:31.54 tex:3141 mv:501 misc:326 imb:0 pmb:42 smb:3558 d:- ref:0 ;
in:859 out:860 type:b dur:2 cpbdur:2 q:29.78 aq:31.56 tex:3118 mv:409 misc:337 imb:0 pmb:44 smb:3556 d:- ref:0 ;
in:864 out:861 type:P dur:2 cpbdur:2 q:29.62 aq:23.90 tex:18308 mv:696 misc:548 imb:16 pmb:86 smb:3498 d:- ref:0 ;
in:862 out:862 type:B dur:2 cpbdur:2 q:29.68 aq:29.49 tex:4066 mv:550 misc:376 imb:0 pmb:52 smb:3548 d:- ref:0 ;
in:861 out:863 type:b dur:2 cpbdur:2 q:29.72 aq:31.62 tex:3305 mv:506 misc:349 imb:0 pmb:46 smb:3554 d:- ref:0 ;
in:863 out:864 type:b dur:2 cpbdur:2 q:29.65 aq:31.74 tex:1998 mv:317 misc:317 imb:0 pmb:33 smb:3567 d:- ref:0 ;
in:868 out:865 type:P dur:2 cpbdur:2 q:29.49 aq:21.26 tex:13868 mv:605 misc:567 imb:16 pmb:77 smb:3507 d:- ref:0 ;
in:866 out:866 type:B dur:2 cpbdur:2 q:29.56 aq:30.13 tex:4910 mv:575 misc:355 imb:0 pmb:48 smb:3552 d:- ref:0 ;
in:865 out:867 type:b dur:2 cpbdur:2 q:29.59 aq:31.36 tex:2405 mv:366 misc:325 imb:0 pmb:37 smb:3563 d:- ref:0 ;
in:867 out:868 type:b dur:2 cpbdur:2 q:29.52 aq:31.94 tex:3132 mv:448 misc:340 imb:0 pmb:41 smb:3559 d:- ref:0 ;
in:872 out:869 type:P dur:2 cpbdur:2 q:29.37 aq:22.01 tex:12832 mv:554 misc:510 imb:9 pmb:69 smb:3522 d:- ref:0 ;
in:870 out:870 type:B dur:2 cpbdur:2 q:29.43 aq:26.26 tex:4915 mv:617 misc:348 imb:0 pmb:46 smb:3554 d:- ref:0 ;
in:869 out:871 type:b dur:2 cpbdur:2 q:29.46 aq:31.41 tex:2183 mv:333 misc:316 imb:0 pmb:36 smb:3564 d:- ref:0 ;
in:871 out:872 type:b dur:2 cpbdur:2 q:29.40 aq:29.11 tex:2141 mv:356 misc:319 imb:0 pmb:39 smb:3561 d:- ref:0 ;
in:876 out:873 type:P dur:2 cpbdur:2 q:29.24 aq:21.13 tex:17003 mv:682 misc:547 imb:16 pmb:81 smb:3503 d:- ref:0 ;
in:874 out:874 type:B dur:2 cpbdur:2 q:29.30 aq:29.10 tex:4816 mv:593 misc:391 imb:2 pmb:54 smb:3544 d:- ref:0 ;
in:873 out:875 type:b dur:2 cpbdur:2 q:29.33 aq:31.01 tex:2817 mv:486 misc:377 imb:0 pmb:51 smb:3549 d:- ref:0 ;
in:875 out:876 type:b dur:2 cpbdur:2 q:29.27 aq:31.71 tex:2731 mv:421 misc:344 imb:0 pmb:36 smb:3564 d:- ref:0 ;
in:880 out:877 type:P dur:2 cpbdur:2 q:29.12 aq:22.03 tex:12657 mv:569 misc:494 imb:11 pmb:70 smb:3519 d:- ref:0 ;
in:878 out:878 type:B dur:2 cpbdur:2 q:29.18 aq:29.73 tex:3981 mv:468 misc:351 imb:0 pmb:41 smb:3559 d:- ref:0 ;
in:877 out:879 type:b dur:2 cpbdur:2 q:29.21 aq:29.66 tex:2410 mv:325 misc:305 imb:0 pmb:30 smb:3570 d:- ref:0 ;
in:879 out:880 type:b dur:2 cpbdur:2 q:29.15 aq:31.06 tex:2190 mv:348 misc:318 imb:0 pmb:31 smb:3569 d:- ref:0 ;
in:884 out:881 type:P dur:2 cpbdur:2 q:28.99 aq:20.09 tex:14149 mv:424 misc:563 imb:11 pmb:69 smb:3520 d:- ref:0 ;
in:882 out:882 type:B dur:2 cpbdur:2 q:29.05 aq:29.64 tex:4126 mv:345 misc:305 imb:0 pmb:32 smb:3568 d:- ref:0 ;
in:881 out:883 type:b dur:2 cpbdur:2 q:29.08 aq:31.42 tex:2192 mv:240 misc:280 imb:0 pmb:26 smb:3574 d:- ref:0 ;
in:883 out:884 type:b dur:2 cpbdur:2 q:29.02 aq:28.13 tex:1243 mv:132 misc:281 imb:0 pmb:24 smb:3576 d:- ref:0 ;
in:888 out:885 type:P dur:2 cpbdur:2 q:28.86 aq:18.54 tex:9760 mv:373 misc:547 imb:6 pmb:68 smb:3526 d:- ref:0 ;
in:886 out:886 type:B dur:2 cpbdur:2 q:28.92 aq:22.95 tex:2292 mv:205 misc:295 imb:0 pmb:23 smb:3577 d:- ref:0 ;
in:885 out:887 type:b dur:2 cpbdur:2 q:28.95 aq:27.82 tex:1390 mv:208 misc:274 imb:0 pmb:21 smb:3579 d:- ref:0 ;
in:887 out:888 type:b dur:2 cpbdur:2 q:28.89 aq:27.82 tex:1285 mv:182 misc:261 imb:0 pmb:16 smb:3584 d:- ref:0 ;
in:892 out:889 type:P dur:2 cpbdur:2 q:28.72 aq:22.28 tex:8355 mv:317 misc:520 imb:6 pmb:62 smb:3532 d:- ref:0 ;
in:890 out:890 type:B dur:2 cpbdur:2 q:28.79 aq:25.51 tex:2132 mv:213 misc:319 imb:0 pmb:23 smb:3577 d:- ref:0 ;
in:889 out:891 type:b dur:2 cpbdur:2 q:28.82 aq:29.34 tex:1263 mv:191 misc:290 imb:0 pmb:21 smb:3579 d:- ref:0 ;
in:891 out:892 type:b dur:2 cpbdur:2 q:28.76 aq:27.75 tex:1130 mv:158 misc:272 imb:0 pmb:16 smb:3584 d:- ref:0 ;
in:896 out:893 type:P dur:2 cpbdur:2 q:28.58 aq:21.71 tex:9057 mv:400 misc:567 imb:9 pmb:59 smb:3532 d:- ref:0 ;
in:894 out:894 type:B dur:2 cpbdur:2 q:28.65 aq:27.43 tex:2848 mv:315 misc:317 imb:0 pmb:27 smb:3573 d:- ref:0 ;
in:893 out:895 type:b dur:2 cpbdur:2 q:28.69 aq:27.47 tex:1298 mv:173 misc:273 imb:0 pmb:18 smb:3582 d:- ref:0 ;
in:895 out:896 type:b dur:2 cpbdur:2 q:28.62 aq:28.53 tex:1711 mv:237 misc:284 imb:0 pmb:23 smb:3577 d:- ref:0 ;
in:899 out:897 type:P dur:2 cpbdur:2 q:28.44 aq:28.58 tex:2883 mv:195 misc:322 imb:3 pmb:22 smb:3575 d:- ref:0 ;
in:897 out:898 type:B dur:2 cpbdur:2 q:28.54 aq:27.70 tex:1888 mv:245 misc:291 imb:1 pmb:17 smb:3582 d:- ref:0 ;
in:898 out:899 type:b dur:2 cpbdur:2 q:28.49 aq:27.24 tex:1607 mv:193 misc:256 imb:0 pmb:18 smb:3582 d:- ref:0 ;
in:900 out:900 type:I dur:2 cpbdur:2 q:26.13 aq:15.63 tex:838892 mv:89548 misc:536 imb:3600 pmb:0 smb:0 d:- ref:;
in:904 out:901 type:P dur:2 cpbdur:2 q:29.19 aq:17.81 tex:20626 mv:979 misc:779 imb:52 pmb:143 smb:3405 d:- ref:0 ;
in:902 out:902 type:B dur:2 cpbdur:2 q:29.19 aq:28.78 tex:4232 mv:473 misc:375 imb:1 pmb:61 smb:3538 d:- ref:0 ;
in:901 out:903 type:b dur:2 cpbdur:2 q:29.19 aq:30.42 tex:2026 mv:339 misc:339 imb:1 pmb:50 smb:3549 d:- ref:0 ;
in:903 out:904 type:b dur:2 cpbdur:2 q:29.19 aq:29.92 tex:2639 mv:341 misc:316 imb:0 pmb:35 smb:3565 d:- ref:0 ;
in:908 out:905 type:P dur:2 cpbdur:2 q:29.06 aq:19.62 tex:9875 mv:498 misc:523 imb:10 pmb:62 smb:3528 d:- ref:0 ;
in:906 out:906 type:B dur:2 cpbdur:2 q:29.13 aq:27.59 tex:3457 mv:451 misc:316 imb:0 pmb:34 smb:3566 d:- ref:0 ;
in:905 out:907 type:b dur:2 cpbdur:2 q:29.16 aq:30.07 tex:1479 mv:335 misc:290 imb:0 pmb:27 smb:3573 d:- ref:0 ;
in:907 out:908 type:b dur:2 cpbdur:2 q:29.09 aq:30.22 tex:1749 mv:272 misc:275 imb:0 pmb:27 smb:3573 d:- ref:0 ;
in:912 out:909 type:P dur:2 cpbdur:2 q:28.92 aq:18.75 tex:9280 mv:388 misc:460 imb:7 pmb:56 smb:3537 d:- ref:0 ;
in:910 out:910 type:B dur:2 cpbdur:2 q:28.99 aq:27.46 tex:3824 mv:392 misc:296 imb:1 pmb:33 smb:3566 d:- ref:0 ;
in:909 out:911 type:b dur:2 cpbdur:2 q:29.02 aq:30.07 tex:2134 mv:302 misc:284 imb:0 pmb:26 smb:3574 d:- ref:0 ;
in:911 out:912 type:b dur:2 cpbdur:2 q:28.95 aq:26.04 tex:2105 mv:265 misc:294 imb:0 pmb:31 smb:3569 d:- ref:0 ;
in:916 out:913 type:P dur:2 cpbdur:2 q:28.91 aq:20.86 tex:9758 mv:462 misc:420 imb:7 pmb:60 smb:3533 d:- ref:0 ;
in:914 out:914 type:B dur:2 cpbdur:2 q:28.91 aq:28.04 tex:4178 mv:393 misc:317 imb:1 pmb:34 smb:3565 d:- ref:0 ;
in:913 out:915 type:b dur:2 cpbdur:2 q:28.92 aq:29.41 tex:2157 mv:330 misc:305 imb:0 pmb:30 smb:3570 d:- ref:0 ;
in:915 out:916 type:b dur:2 cpbdur:2 q:28.91 aq:29.89 tex:2074 mv:280 misc:278 imb:1 pmb:26 smb:3573 d:- ref:0 ;
in:920 out:917 type:P dur:2 cpbdur:2 q:28.78 aq:22.00 tex:10247 mv:508 misc:477 imb:8 pmb:65 smb:3527 d:- ref:0 ;
in:918 out:918 type:B dur:2 cpbdur:2 q:28.85 aq:29.14 tex:4137 mv:390 misc:329 imb:0 pmb:35 smb:3565 d:- ref:0 ;
in:917 out:919 type:b dur:2 cpbdur:2 q:28.88 aq:29.87 tex:2364 mv:293 misc:287 imb:0 pmb:29 smb:3571 d:- ref:0 ;
in:919 out:920 type:b dur:2 cpbdur:2 q:28.81 aq:30.39 tex:2565 mv:311 misc:324 imb:0 pmb:33 smb:3567 d:- ref:0 ;
in:924 out:921 type:P dur:2 cpbdur:2 q:28.65 aq:21.80 tex:10263 mv:463 misc:458 imb:3 pmb:67 smb:3530 d:- ref:0 ;
in:922 out:922 type:B dur:2 cpbdur:2 q:28.71 aq:26.81 tex:4001 mv:440 misc:335 imb:0 pmb:40 smb:3560 d:- ref:0 ;
in:921 out:923 type:b dur:2 cpbdur:2 q:28.75 aq:29.93 tex:1995 mv:273 misc:308 imb:0 pmb:30 smb:3570 d:- ref:0 ;
in:923 out:924 type:b dur:2 cpbdur:2 q:28.68 aq:29.51 tex:1750 mv:269 misc:309 imb:0 pmb:30 smb:3570 d:- ref:0 ;
in:928 out:925 type:P dur:2 cpbdur:2 q:28.51 aq:18.58 tex:21898 mv:886 misc:600 imb:26 pmb:114 smb:3460 d:- ref:0 ;
in:926 out:926 type:B dur:2 cpbdur:2 q:28.58 aq:28.33 tex:4529 mv:555 misc:420 imb:0 pmb:71 smb:3529 d:- ref:0 ;
in:925 out:927 type:b dur:2 cpbdur:2 q:28.61 aq:29.90 tex:2320 mv:359 misc:297 imb:0 pmb:31 smb:3569 d:- ref:0 ;
in:927 out:928 type:b dur:2 cpbdur:2 q:28.54 aq:23.99 tex:6904 mv:789 misc:443 imb:2 pmb:78 smb:3520 d:- ref:0 ;
in:932 out:929 type:P dur:2 cpbdur:2 q:28.38 aq:20.36 tex:21001 mv:902 misc:625 imb:23 pmb:101 smb:3476 d:- ref:0 ;
in:930 out:930 type:B dur:2 cpbdur:2 q:28.44 aq:26.70 tex:9315 mv:1069 misc:416 imb:0 pmb:80 smb:3520 d:- ref:0 ;
in:929 out:931 type:b dur:2 cpbdur:2 q:28.48 aq:26.44 tex:5006 mv:792 misc:386 imb:1 pmb:66 smb:3533 d:- ref:0 ;
in:931 out:932 type:b dur:2 cpbdur:2 q:28.41 aq:29.89 tex:5406 mv:773 misc:357 imb:0 pmb:65 smb:3535 d:- ref:0 ;
in:936 out:933 type:P dur:2 cpbdur:2 q:28.25 aq:20.56 tex:20248 mv:928 misc:632 imb:16 pmb:111 smb:3473 d:- ref:0 ;
in:934 out:934 type:B dur:2 cpbdur:2 q:28.32 aq:27.79 tex:9173 mv:962 misc:417 imb:1 pmb:70 smb:3529 d:- ref:0 ;
in:933 out:935 type:b dur:2 cpbdur:2 q:28.35 aq:29.95 tex:5075 mv:675 misc:386 imb:0 pmb:61 smb:3539 d:- ref:0 ;
in:935 out:936 type:b dur:2 cpbdur:2 q:28.29 aq:29.62 tex:5239 mv:714 misc:383 imb:1 pmb:62 smb:3537 d:- ref:0 ;
in:940 out:937 type:P dur:2 cpbdur:2 q:28.13 aq:19.85 tex:28881 mv:1162 misc:645 imb:34 pmb:127 smb:3439 d:- ref:0 ;
in:938 out:938 type:B dur:2 cpbdur:2 q:28.19 aq:25.52 tex:12060 mv:1238 misc:454 imb:1 pmb:107 smb:3492 d:- ref:0 ;
in:937 out:939 type:b dur:2 cpbdur:2 q:28.22 aq:29.60 tex:5144 mv:882 misc:414 imb:0 pmb:80 smb:3520 d:- ref:0 ;
in:939 out:940 type:b dur:2 cpbdur:2 q:28.16 aq:29.62 tex:6877 mv:963 misc:416 imb:0 pmb:85 smb:3515 d:- ref:0 ;
in:944 out:941 type:P dur:2 cpbdur:2 q:28.02 aq:20.25 tex:25186 mv:1231 misc:663 imb:20 pmb:134 smb:3446 d:- ref:0 ;
in:942 out:942 type:B dur:2 cpbdur:2 q:28.08 aq:27.97 tex:11208 mv:1311 misc:417 imb:0 pmb:87 smb:3513 d:- ref:0 ;
in:941 out:943 type:b dur:2 cpbdur:2 q:28.11 aq:29.65 tex:4336 mv:673 misc:407 imb:0 pmb:71 smb:3529 d:- ref:0 ;
in:943 out:944 type:b dur:2 cpbdur:2 q:28.05 aq:30.05 tex:6665 mv:834 misc:381 imb:0 pmb:76 smb:3524 d:- ref:0 ;
in:948 out:945 type:P dur:2 cpbdur:2 q:27.93 aq:17.07 tex:28016 mv:1213 misc:675 imb:29 pmb:123 smb:3448 d:- ref:0 ;
in:946 out:946 type:B dur:2 cpbdur:2 q:27.98 aq:28.01 tex:11579 mv:1430 misc:423 imb:0 pmb:90 smb:3510 d:- ref:0 ;
in:945 out:947 type:b dur:2 cpbdur:2 q:28.00 aq:29.98 tex:6492 mv:973 misc:415 imb:1 pmb:77 smb:3522 d:- ref:0 ;
in:947 out:948 type:b dur:2 cpbdur:2 q:27.95 aq:29.72 tex:7201 mv:1013 misc:402 imb:0 pmb:83 smb:3517 d:- ref:0 ;
in:952 out:949 type:P dur:2 cpbdur:2 q:27.83 aq:19.63 tex:35840 mv:1576 misc:728 imb:53 pmb:169 smb:3378 d:- ref:0 ;
in:950 out:950 type:B dur:2 cpbdur:2 q:27.88 aq:28.03 tex:13712 mv:1582 misc:482 imb:15 pmb:113 smb:3472 d:- ref:0 ;
in:949 out:951 type:b dur:2 cpbdur:2 q:27.90 aq:29.64 tex:7420 mv:1023 misc:461 imb:0 pmb:97 smb:3503 d:- ref:0 ;
in:951 out:952 type:b dur:2 cpbdur:2 q:27.86 aq:29.96 tex:8038 mv:1014 misc:420 imb:1 pmb:81 smb:3518 d:- ref:0 ;
in:956 out:953 type:P dur:2 cpbdur:2 q:27.75 aq:19.97 tex:37192 mv:1608 misc:704 imb:44 pmb:184 smb:3372 d:- ref:0 ;
in:954 out:954 type:B dur:2 cpbdur:2 q:27.79 aq:25.06 tex:12542 mv:1632 misc:482 imb:10 pmb:116 smb:3474 d:- ref:0 ;
in:953 out:955 type:b dur:2 cpbdur:2 q:27.81 aq:26.34 tex:7483 mv:1037 misc:416 imb:1 pmb:85 smb:3514 d:- ref:0 ;
in:955 out:956 type:b dur:2 cpbdur:2 q:27.77 aq:27.58 tex:7158 mv:1062 misc:420 imb:0 pmb:86 smb:3514 d:- ref:0 ;
in:959 out:957 type:P dur:2 cpbdur:2 q:27.68 aq:28.60 tex:14200 mv:912 misc:456 imb:14 pmb:80 smb:3506 d:- ref:0 ;
in:957 out:958 type:B dur:2 cpbdur:2 q:27.73 aq:28.18 tex:9340 mv:1199 misc:445 imb:1 pmb:96 smb:3503 d:- ref:0 ;
in:958 out:959 type:b dur:2 cpbdur:2 q:27.70 aq:29.34 tex:8253 mv:974 misc:405 imb:0 pmb:89 smb:3511 d:- ref:0 ;
in:960 out:960 type:I dur:2 cpbdur:2 q:25.22 aq:14.77 tex:891822 mv:91111 misc:539 imb:3600 pmb:0 smb:0 d:- ref:;
in:964 out:961 type:P dur:2 cpbdur:2 q:28.55 aq:18.95 tex:27657 mv:1191 misc:832 imb:27 pmb:151 smb:3422 d:- ref:0 ;
in:962 out:962 type:B dur:2 cpbdur:2 q:28.55 aq:24.60 tex:9093 mv:1239 misc:420 imb:0 pmb:83 smb:3517 d:- ref:0 ;
in:961 out:963 type:b dur:2 cpbdur:2 q:28.55 aq:30.82 tex:6355 mv:903 misc:398 imb:0 pmb:79 smb:3521 d:- ref:0 ;
in:963 out:964 type:b dur:2 cpbdur:2 q:28.55 aq:28.50 tex:4883 mv:705 misc:364 imb:0 pmb:59 smb:3541 d:- ref:0 ;
in:968 out:965 type:P dur:2 cpbdur:2 q:28.47 aq:19.13 tex:26857 mv:1219 misc:588 imb:22 pmb:124 smb:3454 d:- ref:0 ;
in:966 out:966 type:B dur:2 cpbdur:2 q:28.51 aq:26.87 tex:10659 mv:1192 misc:445 imb:2 pmb:94 smb:3504 d:- ref:0 ;
in:965 out:967 type:b dur:2 cpbdur:2 q:28.53 aq:28.31 tex:5527 mv:995 misc:406 imb:1 pmb:77 smb:3522 d:- ref:0 ;
in:967 out:968 type:b dur:2 cpbdur:2 q:28.49 aq:29.65 tex:5614 mv:844 misc:382 imb:0 pmb:70 smb:3530 d:- ref:0 ;
in:972 out:969 type:P dur:2 cpbdur:2 q:28.37 aq:18.63 tex:27194 mv:1043 misc:587 imb:31 pmb:116 smb:3453 d:- ref:0 ;
in:970 out:970 type:B dur:2 cpbdur:2 q:28.42 aq:28.22 tex:10363 mv:1115 misc:426 imb:1 pmb:87 smb:3512 d:- ref:0 ;
in:969 out:971 type:b dur:2 cpbdur:2 q:28.44 aq:29.82 tex:5165 mv:836 misc:375 imb:0 pmb:66 smb:3534 d:- ref:0 ;
in:971 out:972 type:b dur:2 cpbdur:2 q:28.39 aq:27.36 tex:6332 mv:854 misc:406 imb:0 pmb:74 smb:3526 d:- ref:0 ;
in:976 out:973 type:P dur:2 cpbdur:2 q:28.39 aq:17.10 tex:19182 mv:840 misc:618 imb:14 pmb:108 smb:3478 d:- ref:0 ;
in:974 out:974 type:B dur:2 cpbdur:2 q:28.38 aq:26.83 tex:7628 mv:911 misc:381 imb:0 pmb:66 smb:3534 d:- ref:0 ;
in:973 out:975 type:b dur:2 cpbdur:2 q:28.38 aq:28.84 tex:3854 mv:736 misc:370 imb:0 pmb:61 smb:3539 d:- ref:0 ;
in:975 out:976 type:b dur:2 cpbdur:2 q:28.38 aq:28.28 tex:4201 mv:704 misc:351 imb:1 pmb:55 smb:3544 d:- ref:0 ;
in:980 out:977 type:P dur:2 cpbdur:2 q:28.29 aq:17.25 tex:21366 mv:967 misc:635 imb:10 pmb:125 smb:3465 d:- ref:0 ;
in:978 out:978 type:B dur:2 cpbdur:2 q:28.34 aq:27.53 tex:9526 mv:1010 misc:400 imb:0 pmb:74 smb:3526 d:- ref:0 ;
in:977 out:979 type:b dur:2 cpbdur:2 q:28.36 aq:29.09 tex:4368 mv:653 misc:355 imb:0 pmb:59 smb:3541 d:- ref:0 ;
in:979 out:980 type:b dur:2 cpbdur:2 q:28.32 aq:29.01 tex:4454 mv:661 misc:365 imb:0 pmb:61 smb:3539 d:- ref:0 ;
in:984 out:981 type:P dur:2 cpbdur:2 q:28.20 aq:16.24 tex:29344 mv:971 misc:653 imb:26 pmb:118 smb:3456 d:- ref:0 ;
in:982 out:982 type:B dur:2 cpbdur:2 q:28.25 aq:25.97 tex:6331 mv:753 misc:428 imb:0 pmb:79 smb:3521 d:- ref:0 ;
in:981 out:983 type:b dur:2 cpbdur:2 q:28.27 aq:28.18 tex:4087 mv:702 misc:387 imb:0 pmb:67 smb:3533 d:- ref:0 ;
in:983 out:984 type:b dur:2 cpbdur:2 q:28.22 aq:27.55 tex:3448 mv:559 misc:345 imb:0 pmb:50 smb:3550 d:- ref:0 ;
in:988 out:985 type:P dur:2 cpbdur:2 q:28.10 aq:16.49 tex:19561 mv:762 misc:629 imb:14 pmb:108 smb:3478 d:- ref:0 ;
in:986 out:986 type:B dur:2 cpbdur:2 q:28.15 aq:26.64 tex:6934 mv:722 misc:400 imb:0 pmb:62 smb:3538 d:- ref:0 ;
in:985 out:987 type:b dur:2 cpbdur:2 q:28.17 aq:27.81 tex:3139 mv:490 misc:331 imb:0 pmb:43 smb:3557 d:- ref:0 ;
in:987 out:988 type:b dur:2 cpbdur:2 q:28.12 aq:28.19 tex:3221 mv:465 misc:354 imb:0 pmb:52 smb:3548 d:- ref:0 ;
in:992 out:989 type:P dur:2 cpbdur:2 q:27.98 aq:17.76 tex:18343 mv:776 misc:665 imb:23 pmb:106 smb:3471 d:- ref:0 ;
in:990 out:990 type:B dur:2 cpbdur:2 q:28.04 aq:26.40 tex:7519 mv:793 misc:384 imb:0 pmb:65 smb:3535 d:- ref:0 ;
in:989 out:991 type:b dur:2 cpbdur:2 q:28.07 aq:29.74 tex:4838 mv:648 misc:378 imb:0 pmb:63 smb:3537 d:- ref:0 ;
in:991 out:992 type:b dur:2 cpbdur:2 q:28.01 aq:27.99 tex:3426 mv:510 misc:344 imb:0 pmb:47 smb:3553 d:- ref:0 ;
in:996 out:993 type:P dur:2 cpbdur:2 q:27.88 aq:16.81 tex:14209 mv:697 misc:646 imb:8 pmb:109 smb:3483 d:- ref:0 ;
in:994 out:994 type:B dur:2 cpbdur:2 q:27.93 aq:21.12 tex:6708 mv:676 misc:368 imb:0 pmb:49 smb:3551 d:- ref:0 ;
in:993 out:995 type:b dur:2 cpbdur:2 q:27.95 aq:27.87 tex:3636 mv:546 misc:330 imb:0 pmb:41 smb:3559 d:- ref:0 ;
in:995 out:996 type:b dur:2 cpbdur:2 q:27.90 aq:28.27 tex:3325 mv:494 misc:349 imb:0 pmb:42 smb:3558 d:- ref:0 ;
in:1000 out:997 type:P dur:2 cpbdur:2 q:27.75 aq:17.49 tex:20027 mv:862 misc:655 imb:14 pmb:120 smb:3466 d:- ref:0 ;
in:998 out:998 type:B dur:2 cpbdur:2 q:27.81 aq:26.14 tex:7353 mv:850 misc:405 imb:2 pmb:64 smb:3534 d:- ref:0 ;
in:997 out:999 type:b dur:2 cpbdur:2 q:27.84 aq:27.74 tex:3394 mv:554 misc:340 imb:1 pmb:44 smb:3555 d:- ref:0 ;
in:999 out:1000 type:b dur:2 cpbdur:2 q:27.78 aq:27.12 tex:3425 mv:554 misc:389 imb:0 pmb:58 smb:3542 d:- ref:0 ;
in:1004 out:1001 type:P dur:2 cpbdur:2 q:27.63 aq:17.19 tex:27164 mv:1002 misc:658 imb:21 pmb:125 smb:3454 d:- ref:0 ;
in:1002 out:1002 type:B dur:2 cpbdur:2 q:27.69 aq:27.69 tex:9713 mv:1016 misc:439 imb:0 pmb:81 smb:3519 d:- ref:0 ;
in:1001 out:1003 type:b dur:2 cpbdur:2 q:27.72 aq:28.18 tex:3849 mv:599 misc:376 imb:1 pmb:62 smb:3537 d:- ref:0 ;
in:1003 out:1004 type:b dur:2 cpbdur:2 q:27.66 aq:29.50 tex:5863 mv:749 misc:396 imb:0 pmb:70 smb:3530 d:- ref:0 ;
in:1008 out:1005 type:P dur:2 cpbdur:2 q:27.51 aq:17.74 tex:21838 mv:931 misc:743 imb:11 pmb:138 smb:3451 d:- ref:0 ;
in:1006 out:1006 type:B dur:2 cpbdur:2 q:27.57 aq:23.81 tex:9626 mv:1047 misc:407 imb:1 pmb:72 smb:3527 d:- ref:0 ;
in:1005 out:1007 type:b dur:2 cpbdur:2 q:27.60 aq:28.28 tex:4177 mv:606 misc:377 imb:1 pmb:56 smb:3543 d:- ref:0 ;
in:1007 out:1008 type:b dur:2 cpbdur:2 q:27.54 aq:27.50 tex:3956 mv:603 misc:369 imb:1 pmb:57 smb:3542 d:- ref:0 ;
in:1012 out:1009 type:P dur:2 cpbdur:2 q:27.40 aq:16.87 tex:33356 mv:1184 misc:796 imb:30 pmb:157 smb:3413 d:- ref:0 ;
in:1010 out:1010 type:B dur:2 cpbdur:2 q:27.46 aq:20.18 tex:10666 mv:1043 misc:451 imb:0 pmb:90 smb:3510 d:- ref:0 ;
in:1009 out:1011 type:b dur:2 cpbdur:2 q:27.48 aq:21.34 tex:4637 mv:750 misc:397 imb:0 pmb:71 smb:3529 d:- ref:0 ;
in:1011 out:1012 type:b dur:2 cpbdur:2 q:27.43 aq:27.73 tex:5664 mv:648 misc:432 imb:0 pmb:75 smb:3525 d:- ref:0 ;
in:1016 out:1013 type:P dur:2 cpbdur:2 q:27.30 aq:18.53 tex:30435 mv:853 misc:704 imb:21 pmb:139 smb:3440 d:- ref:0 ;
in:1014 out:1014 type:B dur:2 cpbdur:2 q:27.35 aq:27.31 tex:10977 mv:836 misc:411 imb:1 pmb:77 smb:3522 d:- ref:0 ;
in:1013 out:1015 type:b dur:2 cpbdur:2 q:27.38 aq:29.32 tex:5880 mv:618 misc:398 imb:2 pmb:66 smb:3532 d:- ref:0 ;
in:1015 out:1016 type:b dur:2 cpbdur:2 q:27.33 aq:26.05 tex:5305 mv:609 misc:366 imb:0 pmb:62 smb:3538 d:- ref:0 ;
in:1019 out:1017 type:P dur:2 cpbdur:2 q:27.20 aq:29.11 tex:10426 mv:548 misc:410 imb:7 pmb:62 smb:3531 d:- ref:0 ;
in:1017 out:1018 type:B dur:2 cpbdur:2 q:27.27 aq:29.17 tex:5805 mv:713 misc:370 imb:0 pmb:59 smb:3541 d:- ref:0 ;
in:1018 out:1019 type:b dur:2 cpbdur:2 q:27.24 aq:28.81 tex:5361 mv:706 misc:357 imb:0 pmb:60 smb:3540 d:- ref:0 ;
in:1020 out:1020 type:I dur:2 cpbdur:2 q:24.76 aq:14.19 tex:935181 mv:92119 misc:556 imb:3600 pmb:0 smb:0 d:- ref:;
in:1024 out:1021 type:P dur:2 cpbdur:2 q:28.09 aq:18.01 tex:18506 mv:761 misc:789 imb:18 pmb:131 smb:3451 d:- ref:0 ;
in:1022 out:1022 type:B dur:2 cpbdur:2 q:28.09 aq:28.29 tex:8390 mv:755 misc:343 imb:1 pmb:55 smb:3544 d:- ref:0 ;
in:1021 out:1023 type:b dur:2 cpbdur:2 q:28.09 aq:29.67 tex:4181 mv:574 misc:341 imb:0 pmb:46 smb:3554 d:- ref:0 ;
in:1023 out:1024 type:b dur:2 cpbdur:2 q:28.09 aq:29.76 tex:4660 mv:511 misc:325 imb:0 pmb:46 smb:3554 d:- ref:0 ;
in:1028 out:1025 type:P dur:2 cpbdur:2 q:27.99 aq:18.14 tex:22806 mv:886 misc:540 imb:21 pmb:89 smb:3490 d:- ref:0 ;
in:1026 out:1026 type:B dur:2 cpbdur:2 q:28.04 aq:28.20 tex:8260 mv:716 misc:392 imb:1 pmb:69 smb:3530 d:- ref:0 ;
in:1025 out:1027 type:b dur:2 cpbdur:2 q:28.06 aq:29.65 tex:4468 mv:679 misc:365 imb:0 pmb:63 smb:3537 d:- ref:0 ;
in:1027 out:1028 type:b dur:2 cpbdur:2 q:28.01 aq:29.37 tex:3388 mv:455 misc:357 imb:0 pmb:48 smb:3552 d:- ref:0 ;
in:1032 out:1029 type:P dur:2 cpbdur:2 q:27.88 aq:17.16 tex:21824 mv:849 misc:575 imb:15 pmb:106 smb:3479 d:- ref:0 ;
in:1030 out:1030 type:B dur:2 cpbdur:2 q:27.94 aq:28.19 tex:8456 mv:785 misc:383 imb:1 pmb:61 smb:3538 d:- ref:0 ;
in:1029 out:1031 type:b dur:2 cpbdur:2 q:27.96 aq:30.02 tex:3888 mv:486 misc:338 imb:0 pmb:47 smb:3553 d:- ref:0 ;
in:1031 out:1032 type:b dur:2 cpbdur:2 q:27.91 aq:29.57 tex:3537 mv:474 misc:357 imb:0 pmb:57 smb:3543 d:- ref:0 ;
in:1036 out:1033 type:P dur:2 cpbdur:2 q:27.88 aq:17.19 tex:24438 mv:911 misc:579 imb:13 pmb:111 smb:3476 d:- ref:0 ;
in:1034 out:1034 type:B dur:2 cpbdur:2 q:27.88 aq:28.24 tex:6108 mv:618 misc:386 imb:0 pmb:62 smb:3538 d:- ref:0 ;
in:1033 out:1035 type:b dur:2 cpbdur:2 q:27.88 aq:28.56 tex:4292 mv:504 misc:388 imb:0 pmb:63 smb:3537 d:- ref:0 ;
in:1035 out:1036 type:b dur:2 cpbdur:2 q:27.88 aq:29.62 tex:3115 mv:383 misc:326 imb:0 pmb:40 smb:3560 d:- ref:0 ;
in:1040 out:1037 type:P dur:2 cpbdur:2 q:27.79 aq:16.73 tex:18353 mv:636 misc:571 imb:7 pmb:95 smb:3498 d:- ref:0 ;
in:1038 out:1038 type:B dur:2 cpbdur:2 q:27.83 aq:24.32 tex:7123 mv:679 misc:366 imb:0 pmb:53 smb:3547 d:- ref:0 ;
in:1037 out:1039 type:b dur:2 cpbdur:2 q:27.86 aq:30.16 tex:2651 mv:296 misc:325 imb:0 pmb:39 smb:3561 d:- ref:0 ;
in:1039 out:1040 type:b dur:2 cpbdur:2 q:27.81 aq:29.72 tex:3823 mv:432 misc:337 imb:0 pmb:42 smb:3558 d:- ref:0 ;
in:1044 out:1041 type:P dur:2 cpbdur:2 q:27.69 aq:18.49 tex:21273 mv:757 misc:618 imb:13 pmb:108 smb:3479 d:- ref:0 ;
in:1042 out:1042 type:B dur:2 cpbdur:2 q:27.74 aq:27.24 tex:8529 mv:758 misc:401 imb:0 pmb:64 smb:3536 d:- ref:0 ;
in:1041 out:1043 type:b dur:2 cpbdur:2 q:27.76 aq:28.02 tex:4306 mv:446 misc:352 imb:0 pmb:53 smb:3547 d:- ref:0 ;
in:1043 out:1044 type:b dur:2 cpbdur:2 q:27.71 aq:29.77 tex:4164 mv:617 misc:347 imb:0 pmb:49 smb:3551 d:- ref:0 ;
in:1048 out:1045 type:P dur:2 cpbdur:2 q:27.58 aq:17.26 tex:21056 mv:765 misc:667 imb:18 pmb:102 smb:3480 d:- ref:0 ;
in:1046 out:1046 type:B dur:2 cpbdur:2 q:27.63 aq:27.79 tex:8614 mv:787 misc:383 imb:1 pmb:60 smb:3539 d:- ref:0 ;
in:1045 out:1047 type:b dur:2 cpbdur:2 q:27.66 aq:29.24 tex:4227 mv:625 misc:380 imb:0 pmb:53 smb:3547 d:- ref:0 ;
in:1047 out:1048 type:b dur:2 cpbdur:2 q:27.61 aq:29.57 tex:4006 mv:486 misc:356 imb:0 pmb:51 smb:3549 d:- ref:0 ;
in:1052 out:1049 type:P dur:2 cpbdur:2 q:27.46 aq:17.33 tex:17639 mv:642 misc:655 imb:11 pmb:104 smb:3485 d:- ref:0 ;
in:1050 out:1050 type:B dur:2 cpbdur:2 q:27.52 aq:25.31 tex:6607 mv:686 misc:363 imb:1 pmb:50 smb:3549 d:- ref:0 ;
in:1049 out:1051 type:b dur:2 cpbdur:2 q:27.55 aq:26.59 tex:4196 mv:565 misc:335 imb:1 pmb:43 smb:3556 d:- ref:0 ;
in:1051 out:1052 type:b dur:2 cpbdur:2 q:27.49 aq:28.18 tex:4225 mv:431 misc:360 imb:0 pmb:46 smb:3554 d:- ref:0 ;
in:1056 out:1053 type:P dur:2 cpbdur:2 q:27.34 aq:17.78 tex:17737 mv:700 misc:651 imb:15 pmb:105 smb:3480 d:- ref:0 ;
in:1054 out:1054 type:B dur:2 cpbdur:2 q:27.40 aq:27.62 tex:7193 mv:681 misc:358 imb:1 pmb:49 smb:3550 d:- ref:0 ;
in:1053 out:1055 type:b dur:2 cpbdur:2 q:27.43 aq:29.63 tex:4182 mv:549 misc:349 imb:0 pmb:43 smb:3557 d:- ref:0 ;
in:1055 out:1056 type:b dur:2 cpbdur:2 q:27.37 aq:29.32 tex:4646 mv:423 misc:331 imb:0 pmb:43 smb:3557 d:- ref:0 ;
in:1060 out:1057 type:P dur:2 cpbdur:2 q:27.23 aq:17.95 tex:20776 mv:695 misc:689 imb:15 pmb:110 smb:3475 d:- ref:0 ;
in:1058 out:1058 type:B dur:2 cpbdur:2 q:27.28 aq:23.39 tex:5237 mv:540 misc:367 imb:1 pmb:51 smb:3548 d:- ref:0 ;
in:1057 out:1059 type:b dur:2 cpbdur:2 q:27.31 aq:26.90 tex:2787 mv:458 misc:331 imb:0 pmb:42 smb:3558 d:- ref:0 ;
in:1059 out:1060 type:b dur:2 cpbdur:2 q:27.26 aq:26.23 tex:2755 mv:445 misc:320 imb:0 pmb:39 smb:3561 d:- ref:0 ;
in:1064 out:1061 type:P dur:2 cpbdur:2 q:27.12 aq:17.69 tex:17963 mv:636 misc:649 imb:15 pmb:98 smb:3487 d:- ref:0 ;
in:1062 out:1062 type:B dur:2 cpbdur:2 q:27.17 aq:25.56 tex:6149 mv:530 misc:369 imb:0 pmb:52 smb:3548 d:- ref:0 ;
in:1061 out:1063 type:b dur:2 cpbdur:2 q:27.20 aq:26.71 tex:3518 mv:400 misc:306 imb:1 pmb:33 smb:3566 d:- ref:0 ;
in:1063 out:1064 type:b dur:2 cpbdur:2 q:27.14 aq:26.67 tex:3116 mv:365 misc:335 imb:0 pmb:39 smb:3561 d:- ref:0 ;
in:1068 out:1065 type:P dur:2 cpbdur:2 q:27.00 aq:16.13 tex:17038 mv:690 misc:672 imb:14 pmb:98 smb:3488 d:- ref:0 ;
in:1066 out:1066 type:B dur:2 cpbdur:2 q:27.06 aq:25.86 tex:7672 mv:789 misc:347 imb:0 pmb:53 smb:3547 d:- ref:0 ;
in:1065 out:1067 type:b dur:2 cpbdur:2 q:27.09 aq:26.21 tex:3388 mv:379 misc:329 imb:0 pmb:41 smb:3559 d:- ref:0 ;
in:1067 out:1068 type:b dur:2 cpbdur:2 q:27.03 aq:26.09 tex:2893 mv:384 misc:307 imb:0 pmb:38 smb:3562 d:- ref:0 ;
in:1072 out:1069 type:P dur:2 cpbdur:2 q:26.88 aq:16.62 tex:16919 mv:753 misc:680 imb:14 pmb:106 smb:3480 d:- ref:0 ;
in:1070 out:1070 type:B dur:2 cpbdur:2 q:26.94 aq:26.35 tex:6243 mv:540 misc:377 imb:0 pmb:50 smb:3550 d:- ref:0 ;
in:1069 out:1071 type:b dur:2 cpbdur:2 q:26.97 aq:27.57 tex:3571 mv:424 misc:301 imb:1 pmb:35 smb:3564 d:- ref:0 ;
in:1071 out:1072 type:b dur:2 cpbdur:2 q:26.91 aq:26.30 tex:4230 mv:422 misc:356 imb:0 pmb:42 smb:3558 d:- ref:0 ;
in:1076 out:1073 type:P dur:2 cpbdur:2 q:26.77 aq:17.24 tex:25795 mv:843 misc:674 imb:24 pmb:114 smb:3462 d:- ref:0 ;
in:1074 out:1074 type:B dur:2 cpbdur:2 q:26.83 aq:21.60 tex:8280 mv:704 misc:408 imb:0 pmb:70 smb:3530 d:- ref:0 ;
in:1073 out:1075 type:b dur:2 cpbdur:2 q:26.85 aq:26.30 tex:3324 mv:452 misc:344 imb:0 pmb:45 smb:3555 d:- ref:0 ;
in:1075 out:1076 type:b dur:2 cpbdur:2 q:26.80 aq:26.89 tex:5861 mv:673 misc:418 imb:2 pmb:76 smb:3522 d:- ref:0 ;
in:1079 out:1077 type:P dur:2 cpbdur:2 q:26.66 aq:21.08 tex:6168 mv:425 misc:375 imb:8 pmb:38 smb:3554 d:- ref:0 ;
in:1077 out:1078 type:B dur:2 cpbdur:2 q:26.73 aq:25.76 tex:3604 mv:421 misc:351 imb:0 pmb:43 smb:3557 d:- ref:0 ;
in:1078 out:1079 type:b dur:2 cpbdur:2 q:26.69 aq:26.58 tex:3305 mv:398 misc:321 imb:1 pmb:35 smb:3564 d:- ref:0 ;
in:1080 out:1080 type:I dur:2 cpbdur:2 q:24.24 aq:13.84 tex:965547 mv:92816 misc:549 imb:3600 pmb:0 smb:0 d:- ref:;
in:1084 out:1081 type:P dur:2 cpbdur:2 q:27.55 aq:16.89 tex:48902 mv:1509 misc:861 imb:117 pmb:152 smb:3331 d:- ref:0 ;
in:1082 out:1082 type:B dur:2 cpbdur:2 q:27.55 aq:19.76 tex:6045 mv:703 misc:532 imb:2 pmb:117 smb:3481 d:- ref:0 ;
in:1081 out:1083 type:b dur:2 cpbdur:2 q:27.55 aq:23.80 tex:2549 mv:379 misc:312 imb:0 pmb:32 smb:3568 d:- ref:0 ;
in:1083 out:1084 type:b dur:2 cpbdur:2 q:27.55 aq:27.30 tex:3881 mv:579 misc:484 imb:0 pmb:101 smb:3499 d:- ref:0 ;
in:1088 out:1085 type:P dur:2 cpbdur:2 q:27.47 aq:16.35 tex:13592 mv:598 misc:642 imb:7 pmb:100 smb:3493 d:- ref:0 ;
in:1086 out:1086 type:B dur:2 cpbdur:2 q:27.51 aq:25.65 tex:6504 mv:665 misc:351 imb:0 pmb:48 smb:3552 d:- ref:0 ;
in:1085 out:1087 type:b dur:2 cpbdur:2 q:27.53 aq:26.80 tex:3088 mv:397 misc:323 imb:0 pmb:39 smb:3561 d:- ref:0 ;
in:1087 out:1088 type:b dur:2 cpbdur:2 q:27.49 aq:27.54 tex:2886 mv:366 misc:324 imb:0 pmb:34 smb:3566 d:- ref:0 ;
in:1092 out:1089 type:P dur:2 cpbdur:2 q:27.36 aq:16.19 tex:16875 mv:614 misc:711 imb:18 pmb:92 smb:3490 d:- ref:0 ;
in:1090 out:1090 type:B dur:2 cpbdur:2 q:27.42 aq:25.19 tex:6378 mv:627 misc:331 imb:0 pmb:55 smb:3545 d:- ref:0 ;
in:1089 out:1091 type:b dur:2 cpbdur:2 q:27.44 aq:27.13 tex:3230 mv:371 misc:327 imb:1 pmb:38 smb:3561 d:- ref:0 ;
in:1091 out:1092 type:b dur:2 cpbdur:2 q:27.39 aq:27.04 tex:2889 mv:377 misc:326 imb:0 pmb:39 smb:3561 d:- ref:0 ;
in:1096 out:1093 type:P dur:2 cpbdur:2 q:27.36 aq:16.06 tex:17503 mv:710 misc:603 imb:13 pmb:96 smb:3491 d:- ref:0 ;
in:1094 out:1094 type:B dur:2 cpbdur:2 q:27.36 aq:26.87 tex:8237 mv:837 misc:374 imb:0 pmb:59 smb:3541 d:- ref:0 ;
in:1093 out:1095 type:b dur:2 cpbdur:2 q:27.36 aq:26.53 tex:2523 mv:417 misc:356 imb:0 pmb:50 smb:3550 d:- ref:0 ;
in:1095 out:1096 type:b dur:2 cpbdur:2 q:27.36 aq:23.09 tex:2690 mv:417 misc:349 imb:1 pmb:46 smb:3553 d:- ref:0 ;
in:1100 out:1097 type:P dur:2 cpbdur:2 q:27.24 aq:16.71 tex:20019 mv:772 misc:641 imb:17 pmb:98 smb:3485 d:- ref:0 ;
in:1098 out:1098 type:B dur:2 cpbdur:2 q:27.30 aq:26.25 tex:8760 mv:763 misc:373 imb:2 pmb:56 smb:3542 d:- ref:0 ;
in:1097 out:1099 type:b dur:2 cpbdur:2 q:27.33 aq:28.65 tex:4328 mv:551 misc:345 imb:1 pmb:49 smb:3550 d:- ref:0 ;
in:1099 out:1100 type:b dur:2 cpbdur:2 q:27.27 aq:27.60 tex:3276 mv:443 misc:345 imb:0 pmb:49 smb:3551 d:- ref:0 ;
in:1104 out:1101 type:P dur:2 cpbdur:2 q:27.13 aq:15.84 tex:20609 mv:609 misc:622 imb:13 pmb:95 smb:3492 d:- ref:0 ;
in:1102 out:1102 type:B dur:2 cpbdur:2 q:27.18 aq:26.30 tex:8523 mv:792 misc:405 imb:0 pmb:66 smb:3534 d:- ref:0 ;
in:1101 out:1103 type:b dur:2 cpbdur:2 q:27.21 aq:25.89 tex:3411 mv:445 misc:352 imb:0 pmb:49 smb:3551 d:- ref:0 ;
in:1103 out:1104 type:b dur:2 cpbdur:2 q:27.16 aq:23.39 tex:3252 mv:442 misc:378 imb:0 pmb:50 smb:3550 d:- ref:0 ;
in:1108 out:1105 type:P dur:2 cpbdur:2 q:27.03 aq:16.53 tex:22513 mv:647 misc:656 imb:10 pmb:109 smb:3481 d:- ref:0 ;
in:1106 out:1106 type:B dur:2 cpbdur:2 q:27.08 aq:25.15 tex:6797 mv:635 misc:392 imb:1 pmb:58 smb:3541 d:- ref:0 ;
in:1105 out:1107 type:b dur:2 cpbdur:2 q:27.10 aq:27.01 tex:3890 mv:451 misc:395 imb:0 pmb:61 smb:3539 d:- ref:0 ;
in:1107 out:1108 type:b dur:2 cpbdur:2 q:27.05 aq:26.25 tex:3068 mv:389 misc:335 imb:1 pmb:37 smb:3562 d:- ref:0 ;
in:1112 out:1109 type:P dur:2 cpbdur:2 q:26.91 aq:14.55 tex:11300 mv:502 misc:630 imb:9 pmb:80 smb:3511 d:- ref:0 ;
in:1110 out:1110 type:B dur:2 cpbdur:2 q:26.97 aq:23.91 tex:5650 mv:449 misc:325 imb:0 pmb:42 smb:3558 d:- ref:0 ;
in:1109 out:1111 type:b dur:2 cpbdur:2 q:27.00 aq:26.36 tex:2990 mv:313 misc:305 imb:0 pmb:33 smb:3567 d:- ref:0 ;
in:1111 out:1112 type:b dur:2 cpbdur:2 q:26.94 aq:26.41 tex:2913 mv:309 misc:298 imb:0 pmb:29 smb:3571 d:- ref:0 ;
in:1116 out:1113 type:P dur:2 cpbdur:2 q:26.79 aq:16.03 tex:11458 mv:457 misc:637 imb:4 pmb:86 smb:3510 d:- ref:0 ;
in:1114 out:1114 type:B dur:2 cpbdur:2 q:26.85 aq:24.70 tex:4532 mv:417 misc:299 imb:0 pmb:28 smb:3572 d:- ref:0 ;
in:1113 out:1115 type:b dur:2 cpbdur:2 q:26.88 aq:26.19 tex:2985 mv:345 misc:278 imb:0 pmb:25 smb:3575 d:- ref:0 ;
in:1115 out:1116 type:b dur:2 cpbdur:2 q:26.82 aq:26.52 tex:2933 mv:362 misc:281 imb:0 pmb:27 smb:3573 d:- ref:0 ;
in:1120 out:1117 type:P dur:2 cpbdur:2 q:26.67 aq:15.22 tex:11548 mv:454 misc:566 imb:9 pmb:64 smb:3527 d:- ref:0 ;
in:1118 out:1118 type:B dur:2 cpbdur:2 q:26.73 aq:23.69 tex:5140 mv:405 misc:303 imb:0 pmb:30 smb:3570 d:- ref:0 ;
in:1117 out:1119 type:b dur:2 cpbdur:2 q:26.76 aq:25.80 tex:2714 mv:299 misc:291 imb:0 pmb:27 smb:3573 d:- ref:0 ;
in:1119 out:1120 type:b dur:2 cpbdur:2 q:26.70 aq:25.21 tex:3451 mv:364 misc:273 imb:1 pmb:28 smb:3571 d:- ref:0 ;
in:1124 out:1121 type:P dur:2 cpbdur:2 q:26.55 aq:16.69 tex:12669 mv:551 misc:636 imb:7 pmb:87 smb:3506 d:- ref:0 ;
in:1122 out:1122 type:B dur:2 cpbdur:2 q:26.61 aq:26.70 tex:6026 mv:534 misc:320 imb:0 pmb:37 smb:3563 d:- ref:0 ;
in:1121 out:1123 type:b dur:2 cpbdur:2 q:26.64 aq:26.00 tex:2849 mv:345 misc:302 imb:0 pmb:31 smb:3569 d:- ref:0 ;
in:1123 out:1124 type:b dur:2 cpbdur:2 q:26.58 aq:26.02 tex:2806 mv:354 misc:296 imb:0 pmb:34 smb:3566 d:- ref:0 ;
in:1128 out:1125 type:P dur:2 cpbdur:2 q:26.42 aq:15.39 tex:16052 mv:563 misc:689 imb:17 pmb:87 smb:3496 d:- ref:0 ;
in:1126 out:1126 type:B dur:2 cpbdur:2 q:26.48 aq:25.25 tex:6746 mv:520 misc:326 imb:1 pmb:41 smb:3558 d:- ref:0 ;
in:1125 out:1127 type:b dur:2 cpbdur:2 q:26.51 aq:25.97 tex:2709 mv:348 misc:303 imb:0 pmb:35 smb:3565 d:- ref:0 ;
in:1127 out:1128 type:b dur:2 cpbdur:2 q:26.45 aq:26.48 tex:2972 mv:376 misc:308 imb:0 pmb:38 smb:3562 d:- ref:0 ;
in:1132 out:1129 type:P dur:2 cpbdur:2 q:26.29 aq:15.44 tex:13627 mv:564 misc:681 imb:15 pmb:88 smb:3497 d:- ref:0 ;
in:1130 out:1130 type:B dur:2 cpbdur:2 q:26.35 aq:21.92 tex:6148 mv:557 misc:343 imb:1 pmb:40 smb:3559 d:- ref:0 ;
in:1129 out:1131 type:b dur:2 cpbdur:2 q:26.39 aq:22.21 tex:2801 mv:344 misc:319 imb:0 pmb:39 smb:3561 d:- ref:0 ;
in:1131 out:1132 type:b dur:2 cpbdur:2 q:26.32 aq:27.59 tex:2986 mv:331 misc:315 imb:0 pmb:35 smb:3565 d:- ref:0 ;
in:1136 out:1133 type:P dur:2 cpbdur:2 q:26.16 aq:15.69 tex:18435 mv:501 misc:664 imb:13 pmb:88 smb:3499 d:- ref:0 ;
in:1134 out:1134 type:B dur:2 cpbdur:2 q:26.23 aq:22.77 tex:5978 mv:472 misc:374 imb:0 pmb:52 smb:3548 d:- ref:0 ;
in:1133 out:1135 type:b dur:2 cpbdur:2 q:26.26 aq:27.03 tex:5209 mv:430 misc:369 imb:0 pmb:53 smb:3547 d:- ref:0 ;
in:1135 out:1136 type:b dur:2 cpbdur:2 q:26.19 aq:24.72 tex:3692 mv:320 misc:324 imb:0 pmb:37 smb:3563 d:- ref:0 ;
in:1139 out:1137 type:P dur:2 cpbdur:2 q:26.05 aq:24.56 tex:5486 mv:306 misc:312 imb:2 pmb:26 smb:3572 d:- ref:0 ;
in:1137 out:1138 type:B dur:2 cpbdur:2 q:26.12 aq:22.11 tex:3792 mv:331 misc:293 imb:0 pmb:25 smb:3575 d:- ref:0 ;
in:1138 out:1139 type:b dur:2 cpbdur:2 q:26.09 aq:21.39 tex:3503 mv:353 misc:272 imb:0 pmb:27 smb:3573 d:- ref:0 ;
in:1140 out:1140 type:I dur:2 cpbdur:2 q:23.67 aq:13.53 tex:979515 mv:93084 misc:561 imb:3600 pmb:0 smb:0 d:- ref:;
in:1144 out:1141 type:P dur:2 cpbdur:2 q:26.98 aq:15.77 tex:11095 mv:479 misc:714 imb:13 pmb:92 smb:3495 d:- ref:0 ;
in:1142 out:1142 type:B dur:2 cpbdur:2 q:26.98 aq:23.74 tex:4221 mv:460 misc:295 imb:1 pmb:28 smb:3571 d:- ref:0 ;
in:1141 out:1143 type:b dur:2 cpbdur:2 q:26.98 aq:26.07 tex:2129 mv:322 misc:269 imb:0 pmb:25 smb:3575 d:- ref:0 ;
in:1143 out:1144 type:b dur:2 cpbdur:2 q:26.98 aq:25.23 tex:2209 mv:335 misc:280 imb:0 pmb:28 smb:3572 d:- ref:0 ;
in:1148 out:1145 type:P dur:2 cpbdur:2 q:26.86 aq:16.85 tex:9815 mv:396 misc:453 imb:4 pmb:54 smb:3542 d:- ref:0 ;
in:1146 out:1146 type:B dur:2 cpbdur:2 q:26.92 aq:23.71 tex:4401 mv:389 misc:306 imb:0 pmb:30 smb:3570 d:- ref:0 ;
in:1145 out:1147 type:b dur:2 cpbdur:2 q:26.95 aq:25.20 tex:2409 mv:269 misc:290 imb:0 pmb:27 smb:3573 d:- ref:0 ;
in:1147 out:1148 type:b dur:2 cpbdur:2 q:26.89 aq:26.03 tex:2692 mv:279 misc:285 imb:0 pmb:28 smb:3572 d:- ref:0 ;
in:1152 out:1149 type:P dur:2 cpbdur:2 q:26.73 aq:17.20 tex:11395 mv:438 misc:423 imb:3 pmb:57 smb:3540 d:- ref:0 ;
in:1150 out:1150 type:B dur:2 cpbdur:2 q:26.80 aq:24.57 tex:4630 mv:426 misc:328 imb:0 pmb:35 smb:3565 d:- ref:0 ;
in:1149 out:1151 type:b dur:2 cpbdur:2 q:26.83 aq:26.04 tex:2686 mv:266 misc:272 imb:0 pmb:25 smb:3575 d:- ref:0 ;
in:1151 out:1152 type:b dur:2 cpbdur:2 q:26.76 aq:26.07 tex:2656 mv:313 misc:303 imb:0 pmb:34 smb:3566 d:- ref:0 ;
in:1156 out:1153 type:P dur:2 cpbdur:2 q:26.70 aq:17.15 tex:14087 mv:438 misc:403 imb:11 pmb:49 smb:3540 d:- ref:0 ;
in:1154 out:1154 type:B dur:2 cpbdur:2 q:26.72 aq:26.01 tex:6791 mv:503 misc:338 imb:0 pmb:45 smb:3555 d:- ref:0 ;
in:1153 out:1155 type:b dur:2 cpbdur:2 q:26.72 aq:26.09 tex:2570 mv:340 misc:314 imb:0 pmb:37 smb:3563 d:- ref:0 ;
in:1155 out:1156 type:b dur:2 cpbdur:2 q:26.71 aq:26.13 tex:4223 mv:342 misc:315 imb:0 pmb:36 smb:3564 d:- ref:0 ;
in:1160 out:1157 type:P dur:2 cpbdur:2 q:26.58 aq:17.86 tex:14251 mv:441 misc:420 imb:5 pmb:53 smb:3542 d:- ref:0 ;
in:1158 out:1158 type:B dur:2 cpbdur:2 q:26.64 aq:24.97 tex:5891 mv:485 misc:336 imb:0 pmb:38 smb:3562 d:- ref:0 ;
in:1157 out:1159 type:b dur:2 cpbdur:2 q:26.67 aq:26.98 tex:2750 mv:287 misc:307 imb:0 pmb:31 smb:3569 d:- ref:0 ;
in:1159 out:1160 type:b dur:2 cpbdur:2 q:26.61 aq:25.27 tex:2654 mv:270 misc:316 imb:0 pmb:34 smb:3566 d:- ref:0 ;
in:1164 out:1161 type:P dur:2 cpbdur:2 q:26.46 aq:20.10 tex:57195 mv:1773 misc:1832 imb:120 pmb:458 smb:3022 d:- ref:0 ;
in:1162 out:1162 type:B dur:2 cpbdur:2 q:26.52 aq:26.35 tex:1129 mv:302 misc:873 imb:1 pmb:170 smb:3429 d:- ref:0 ;
in:1161 out:1163 type:b dur:2 cpbdur:2 q:26.55 aq:25.27 tex:1345 mv:156 misc:419 imb:0 pmb:62 smb:3538 d:- ref:0 ;
in:1163 out:1164 type:b dur:2 cpbdur:2 q:26.49 aq:25.31 tex:402 mv:176 misc:670 imb:0 pmb:101 smb:3499 d:- ref:0 ;
in:1165 out:1165 type:P dur:2 cpbdur:2 q:26.37 aq:20.22 tex:23463 mv:900 misc:1509 imb:70 pmb:326 smb:3204 d:- ref:0 ;
in:1167 out:1166 type:P dur:2 cpbdur:2 q:26.35 aq:20.00 tex:57992 mv:2312 misc:2080 imb:163 pmb:647 smb:2790 d:- ref:0 ;
in:1166 out:1167 type:b dur:2 cpbdur:2 q:26.36 aq:27.20 tex:2190 mv:629 misc:1029 imb:16 pmb:230 smb:3354 d:- ref:0 ;
in:1168 out:1168 type:P dur:2 cpbdur:2 q:26.32 aq:20.84 tex:37387 mv:1509 misc:1880 imb:100 pmb:492 smb:3008 d:- ref:0 ;
in:1169 out:1169 type:P dur:2 cpbdur:2 q:26.31 aq:21.10 tex:41498 mv:2408 misc:1966 imb:185 pmb:525 smb:2890 d:- ref:0 ;
in:1170 out:1170 type:P dur:2 cpbdur:2 q:26.31 aq:20.26 tex:47422 mv:2014 misc:2196 imb:123 pmb:664 smb:2813 d:- ref:0 ;
in:1171 out:1171 type:P dur:2 cpbdur:2 q:26.30 aq:20.57 tex:53785 mv:2636 misc:2235 imb:177 pmb:644 smb:2779 d:- ref:0 ;
in:1172 out:1172 type:P dur:2 cpbdur:2 q:26.29 aq:20.84 tex:58325 mv:2757 misc:2182 imb:197 pmb:670 smb:2733 d:- ref:0 ;
in:1173 out:1173 type:P dur:2 cpbdur:2 q:26.32 aq:21.54 tex:62035 mv:3236 misc:2233 imb:201 pmb:730 smb:2669 d:- ref:0 ;
in:1174 out:1174 type:P dur:2 cpbdur:2 q:26.32 aq:22.04 tex:55696 mv:3080 misc:2336 imb:205 pmb:703 smb:2692 d:- ref:0 ;
in:1175 out:1175 type:P dur:2 cpbdur:2 q:26.32 aq:21.25 tex:61607 mv:3396 misc:2285 imb:253 pmb:694 smb:2653 d:- ref:0 ;
in:1176 out:1176 type:P dur:2 cpbdur:2 q:26.31 aq:21.71 tex:75877 mv:4562 misc:2457 imb:338 pmb:846 smb:2416 d:- ref:0 ;
in:1177 out:1177 type:P dur:2 cpbdur:2 q:26.34 aq:20.04 tex:69466 mv:3958 misc:2400 imb:252 pmb:826 smb:2522 d:- ref:0 ;
in:1178 out:1178 type:P dur:2 cpbdur:2 q:26.39 aq:22.34 tex:65108 mv:3562 misc:2266 imb:232 pmb:770 smb:2598 d:- ref:0 ;
in:1179 out:1179 type:P dur:2 cpbdur:2 q:26.39 aq:22.05 tex:63411 mv:4014 misc:2375 imb:268 pmb:772 smb:2560 d:- ref:0 ;
in:1180 out:1180 type:P dur:2 cpbdur:2 q:26.43 aq:22.25 tex:71511 mv:3900 misc:2381 imb:251 pmb:832 smb:2517 d:- ref:0 ;
in:1181 out:1181 type:P dur:2 cpbdur:2 q:26.48 aq:22.27 tex:77075 mv:4454 misc:2319 imb:292 pmb:861 smb:2447 d:- ref:0 ;
in:1182 out:1182 type:P dur:2 cpbdur:2 q:26.53 aq:22.13 tex:80010 mv:4462 misc:2320 imb:321 pmb:869 smb:2410 d:- ref:0 ;
in:1183 out:1183 type:P dur:2 cpbdur:2 q:26.59 aq:22.65 tex:74696 mv:4663 misc:2289 imb:328 pmb:802 smb:2470 d:- ref:0 ;
in:1184 out:1184 type:P dur:2 cpbdur:2 q:26.66 aq:22.04 tex:80472 mv:4351 misc:2345 imb:285 pmb:825 smb:2490 d:- ref:0 ;
in:1185 out:1185 type:P dur:2 cpbdur:2 q:26.72 aq:21.71 tex:71945 mv:4423 misc:2232 imb:299 pmb:843 smb:2458 d:- ref:0 ;
in:1186 out:1186 type:P dur:2 cpbdur:2 q:26.77 aq:22.23 tex:79249 mv:4883 misc:2300 imb:299 pmb:882 smb:2419 d:- ref:0 ;
in:1187 out:1187 type:P dur:2 cpbdur:2 q:26.84 aq:22.10 tex:92085 mv:5738 misc:2273 imb:412 pmb:934 smb:2254 d:- ref:0 ;
in:1188 out:1188 type:P dur:2 cpbdur:2 q:26.92 aq:21.03 tex:95080 mv:5545 misc:2311 imb:392 pmb:935 smb:2273 d:- ref:0 ;
in:1192 out:1189 type:P dur:2 cpbdur:2 q:27.00 aq:22.30 tex:187484 mv:12134 misc:1590 imb:951 pmb:1255 smb:1394 d:- ref:0 ;
in:1190 out:1190 type:B dur:2 cpbdur:2 q:26.96 aq:25.13 tex:54413 mv:7637 misc:2366 imb:316 pmb:1181 smb:2103 d:- ref:0 ;
in:1189 out:1191 type:b dur:2 cpbdur:2 q:26.94 aq:26.98 tex:11307 mv:2565 misc:2056 imb:82 pmb:671 smb:2847 d:- ref:0 ;
in:1191 out:1192 type:b dur:2 cpbdur:2 q:26.98 aq:26.70 tex:12420 mv:3127 misc:1925 imb:137 pmb:588 smb:2875 d:- ref:0 ;
in:1193 out:1193 type:P dur:2 cpbdur:2 q:27.17 aq:22.57 tex:92963 mv:5809 misc:2116 imb:378 pmb:1012 smb:2210 d:- ref:0 ;
in:1197 out:1194 type:P dur:2 cpbdur:2 q:27.24 aq:21.66 tex:167763 mv:11152 misc:1789 imb:805 pmb:1244 smb:1551 d:- ref:0 ;
in:1195 out:1195 type:B dur:2 cpbdur:2 q:27.20 aq:25.89 tex:51491 mv:7410 misc:2251 imb:277 pmb:1069 smb:2254 d:- ref:0 ;
in:1194 out:1196 type:b dur:2 cpbdur:2 q:27.18 aq:27.73 tex:12389 mv:2134 misc:1733 imb:54 pmb:514 smb:3032 d:- ref:0 ;
in:1196 out:1197 type:b dur:2 cpbdur:2 q:27.22 aq:26.31 tex:14141 mv:3234 misc:2065 imb:118 pmb:667 smb:2815 d:- ref:0 ;
in:1199 out:1198 type:P dur:2 cpbdur:2 q:27.37 aq:25.99 tex:79314 mv:8131 misc:2011 imb:672 pmb:944 smb:1984 d:- ref:0 ;
in:1198 out:1199 type:b dur:2 cpbdur:2 q:27.31 aq:26.74 tex:12841 mv:3203 misc:2068 imb:115 pmb:639 smb:2846 d:- ref:0 ;
in:1200 out:1200 type:I dur:2 cpbdur:2 q:23.91 aq:18.08 tex:674724 mv:71778 misc:482 imb:3600 pmb:0 smb:0 d:- ref:;
in:1201 out:1201 type:P dur:2 cpbdur:2 q:28.08 aq:22.58 tex:72663 mv:4711 misc:2234 imb:357 pmb:777 smb:2466 d:- ref:0 ;
in:1205 out:1202 type:P dur:2 cpbdur:2 q:28.16 aq:23.22 tex:144098 mv:10730 misc:1900 imb:833 pmb:1155 smb:1612 d:- ref:0 ;
in:1203 out:1203 type:B dur:2 cpbdur:2 q:28.12 aq:26.43 tex:45693 mv:7503 misc:2284 imb:309 pmb:1017 smb:2274 d:- ref:0 ;
in:1202 out:1204 type:b dur:2 cpbdur:2 q:28.10 aq:26.73 tex:13431 mv:3388 misc:1957 imb:167 pmb:596 smb:2837 d:- ref:0 ;
in:1204 out:1205 type:b dur:2 cpbdur:2 q:28.14 aq:27.76 tex:14889 mv:3729 misc:1966 imb:146 pmb:659 smb:2795 d:- ref:0 ;
in:1209 out:1206 type:P dur:2 cpbdur:2 q:28.28 aq:24.36 tex:129213 mv:10937 misc:1738 imb:845 pmb:1193 smb:1562 d:- ref:0 ;
in:1207 out:1207 type:B dur:2 cpbdur:2 q:28.22 aq:26.91 tex:48625 mv:8152 misc:2287 imb:358 pmb:1059 smb:2183 d:- ref:0 ;
in:1206 out:1208 type:b dur:2 cpbdur:2 q:28.19 aq:26.89 tex:12906 mv:3456 misc:2022 imb:161 pmb:626 smb:2813 d:- ref:0 ;
in:1208 out:1209 type:b dur:2 cpbdur:2 q:28.25 aq:28.38 tex:14059 mv:3982 misc:2015 imb:160 pmb:674 smb:2766 d:- ref:0 ;
in:1210 out:1210 type:P dur:2 cpbdur:2 q:28.35 aq:23.46 tex:88277 mv:6877 misc:2318 imb:509 pmb:944 smb:2147 d:- ref:0 ;
in:1214 out:1211 type:P dur:2 cpbdur:2 q:28.38 aq:24.71 tex:127555 mv:10090 misc:1995 imb:808 pmb:1151 smb:1641 d:- ref:0 ;
in:1212 out:1212 type:B dur:2 cpbdur:2 q:28.37 aq:27.02 tex:49382 mv:8453 misc:2365 imb:367 pmb:1011 smb:2222 d:- ref:0 ;
in:1211 out:1213 type:b dur:2 cpbdur:2 q:28.36 aq:27.77 tex:15666 mv:3569 misc:1981 imb:182 pmb:571 smb:2847 d:- ref:0 ;
in:1213 out:1214 type:b dur:2 cpbdur:2 q:28.38 aq:28.77 tex:16118 mv:4159 misc:2051 imb:189 pmb:672 smb:2739 d:- ref:0 ;
in:1215 out:1215 type:P dur:2 cpbdur:2 q:28.54 aq:24.33 tex:79498 mv:6247 misc:2255 imb:534 pmb:873 smb:2193 d:- ref:0 ;
in:1216 out:1216 type:P dur:2 cpbdur:2 q:28.59 aq:23.01 tex:87828 mv:6638 misc:2326 imb:531 pmb:966 smb:2103 d:- ref:0 ;
in:1220 out:1217 type:P dur:2 cpbdur:2 q:28.62 aq:23.79 tex:141640 mv:10603 misc:1853 imb:827 pmb:1131 smb:1642 d:- ref:0 ;
in:1218 out:1218 type:B dur:2 cpbdur:2 q:28.60 aq:26.87 tex:41517 mv:7934 misc:2301 imb:344 pmb:994 smb:2262 d:- ref:0 ;
in:1217 out:1219 type:b dur:2 cpbdur:2 q:28.59 aq:29.04 tex:15570 mv:3932 misc:1978 imb:176 pmb:629 smb:2795 d:- ref:0 ;
in:1219 out:1220 type:b dur:2 cpbdur:2 q:28.61 aq:27.39 tex:12365 mv:3355 misc:1952 imb:155 pmb:613 smb:2832 d:- ref:0 ;
in:1224 out:1221 type:P dur:2 cpbdur:2 q:28.72 aq:24.01 tex:131393 mv:11169 misc:1798 imb:826 pmb:1208 smb:1566 d:- ref:0 ;
in:1222 out:1222 type:B dur:2 cpbdur:2 q:28.67 aq:27.56 tex:44761 mv:8788 misc:2299 imb:378 pmb:1015 smb:2207 d:- ref:0 ;
in:1221 out:1223 type:b dur:2 cpbdur:2 q:28.65 aq:27.53 tex:15402 mv:3944 misc:2038 imb:182 pmb:623 smb:2795 d:- ref:0 ;
in:1223 out:1224 type:b dur:2 cpbdur:2 q:28.70 aq:29.04 tex:16195 mv:4326 misc:2055 imb:208 pmb:668 smb:2724 d:- ref:0 ;
in:1228 out:1225 type:P dur:2 cpbdur:2 q:28.84 aq:24.56 tex:139550 mv:11114 misc:1864 imb:913 pmb:1173 smb:1514 d:- ref:0 ;
in:1226 out:1226 type:B dur:2 cpbdur:2 q:28.78 aq:27.16 tex:42784 mv:8806 misc:2346 imb:365 pmb:1081 smb:2154 d:- ref:0 ;
in:1225 out:1227 type:b dur:2 cpbdur:2 q:28.75 aq:29.44 tex:16579 mv:4094 misc:2007 imb:177 pmb:725 smb:2698 d:- ref:0 ;
in:1227 out:1228 type:b dur:2 cpbdur:2 q:28.81 aq:29.28 tex:17272 mv:4233 misc:2007 imb:221 pmb:639 smb:2740 d:- ref:0 ;
in:1232 out:1229 type:P dur:2 cpbdur:2 q:28.96 aq:24.37 tex:141489 mv:11934 misc:1857 imb:964 pmb:1128 smb:1508 d:- ref:0 ;
in:1230 out:1230 type:B dur:2 cpbdur:2 q:28.90 aq:27.31 tex:42058 mv:8876 misc:2338 imb:399 pmb:1033 smb:2168 d:- ref:0 ;
in:1229 out:1231 type:b dur:2 cpbdur:2 q:28.87 aq:29.33 tex:16239 mv:3863 misc:2098 imb:186 pmb:681 smb:2733 d:- ref:0 ;
in:1231 out:1232 type:b dur:2 cpbdur:2 q:28.93 aq:28.98 tex:16461 mv:4118 misc:2013 imb:193 pmb:700 smb:2707 d:- ref:0 ;
in:1236 out:1233 type:P dur:2 cpbdur:2 q:29.05 aq:24.21 tex:129638 mv:10887 misc:1963 imb:831 pmb:1128 smb:1641 d:- ref:0 ;
in:1234 out:1234 type:B dur:2 cpbdur:2 q:29.00 aq:27.90 tex:42021 mv:7995 misc:2328 imb:341 pmb:956 smb:2303 d:- ref:0 ;
in:1233 out:1235 type:b dur:2 cpbdur:2 q:28.98 aq:29.06 tex:14907 mv:3913 misc:1996 imb:188 pmb:650 smb:2762 d:- ref:0 ;
in:1235 out:1236 type:b dur:2 cpbdur:2 q:29.03 aq:29.17 tex:17960 mv:4369 misc:2015 imb:215 pmb:610 smb:2775 d:- ref:0 ;
in:1240 out:1237 type:P dur:2 cpbdur:2 q:29.16 aq:23.94 tex:138005 mv:10894 misc:1877 imb:879 pmb:1103 smb:1618 d:- ref:0 ;
in:1238 out:1238 type:B dur:2 cpbdur:2 q:29.10 aq:28.07 tex:44664 mv:8809 misc:2231 imb:362 pmb:1010 smb:2228 d:- ref:0 ;
in:1237 out:1239 type:b dur:2 cpbdur:2 q:29.08 aq:28.57 tex:14611 mv:3927 misc:1934 imb:215 pmb:559 smb:2826 d:- ref:0 ;
in:1239 out:1240 type:b dur:2 cpbdur:2 q:29.13 aq:29.25 tex:12320 mv:4095 misc:2049 imb:177 pmb:711 smb:2712 d:- ref:0 ;
in:1244 out:1241 type:P dur:2 cpbdur:2 q:29.26 aq:24.31 tex:130267 mv:10785 misc:1932 imb:811 pmb:1155 smb:1634 d:- ref:0 ;
in:1242 out:1242 type:B dur:2 cpbdur:2 q:29.21 aq:27.91 tex:42106 mv:8532 misc:2338 imb:371 pmb:980 smb:2249 d:- ref:0 ;
in:1241 out:1243 type:b dur:2 cpbdur:2 q:29.18 aq:29.71 tex:17293 mv:4088 misc:2011 imb:194 pmb:636 smb:2770 d:- ref:0 ;
in:1243 out:1244 type:b dur:2 cpbdur:2 q:29.23 aq:29.29 tex:14826 mv:4193 misc:1973 imb:219 pmb:559 smb:2822 d:- ref:0 ;
in:1248 out:1245 type:P dur:2 cpbdur:2 q:29.35 aq:24.30 tex:119202 mv:10597 misc:2009 imb:818 pmb:1152 smb:1630 d:- ref:0 ;
in:1246 out:1246 type:B dur:2 cpbdur:2 q:29.30 aq:28.57 tex:42547 mv:8334 misc:2319 imb:413 pmb:903 smb:2284 d:- ref:0 ;
in:1245 out:1247 type:b dur:2 cpbdur:2 q:29.28 aq:30.18 tex:16249 mv:3930 misc:1965 imb:176 pmb:630 smb:2794 d:- ref:0 ;
in:1247 out:1248 type:b dur:2 cpbdur:2 q:29.33 aq:29.80 tex:14323 mv:4027 misc:1906 imb:207 pmb:602 smb:2791 d:- ref:0 ;
in:1252 out:1249 type:P dur:2 cpbdur:2 q:29.43 aq:24.22 tex:126388 mv:11080 misc:1924 imb:796 pmb:1138 smb:1666 d:- ref:0 ;
in:1250 out:1250 type:B dur:2 cpbdur:2 q:29.39 aq:27.89 tex:41150 mv:8838 misc:2316 imb:372 pmb:981 smb:2247 d:- ref:0 ;
in:1249 out:1251 type:b dur:2 cpbdur:2 q:29.37 aq:29.92 tex:16688 mv:4357 misc:2019 imb:186 pmb:674 smb:2740 d:- ref:0 ;
in:1251 out:1252 type:b dur:2 cpbdur:2 q:29.41 aq:29.28 tex:15641 mv:4029 misc:1874 imb:203 pmb:576 smb:2821 d:- ref:0 ;
in:1256 out:1253 type:P dur:2 cpbdur:2 q:29.52 aq:24.85 tex:126286 mv:11130 misc:1872 imb:889 pmb:1094 smb:1617 d:- ref:0 ;
in:1254 out:1254 type:B dur:2 cpbdur:2 q:29.47 aq:28.90 tex:42647 mv:8474 misc:2271 imb:368 pmb:995 smb:2237 d:- ref:0 ;
in:1253 out:1255 type:b dur:2 cpbdur:2 q:29.45 aq:29.70 tex:13478 mv:3572 misc:1766 imb:146 pmb:596 smb:2858 d:- ref:0 ;
in:1255 out:1256 type:b dur:2 cpbdur:2 q:29.49 aq:29.81 tex:13952 mv:4210 misc:1966 imb:225 pmb:570 smb:2805 d:- ref:0 ;
in:1259 out:1257 type:P dur:2 cpbdur:2 q:29.59 aq:29.96 tex:36493 mv:6532 misc:1991 imb:501 pmb:762 smb:2337 d:- ref:0 ;
in:1257 out:1258 type:B dur:2 cpbdur:2 q:29.54 aq:30.20 tex:21850 mv:4685 misc:1897 imb:234 pmb:543 smb:2823 d:- ref:0 ;
in:1258 out:1259 type:b dur:2 cpbdur:2 q:29.57 aq:30.45 tex:17131 mv:4183 misc:1950 imb:198 pmb:608 smb:2794 d:- ref:0 ;
in:1260 out:1260 type:I dur:2 cpbdur:2 q:26.18 aq:20.19 tex:543156 mv:63000 misc:532 imb:3600 pmb:0 smb:0 d:- ref:;
in:1264 out:1261 type:P dur:2 cpbdur:2 q:29.98 aq:25.41 tex:92903 mv:9495 misc:1946 imb:793 pmb:1017 smb:1790 d:- ref:0 ;
in:1262 out:1262 type:B dur:2 cpbdur:2 q:29.98 aq:26.31 tex:37224 mv:7486 misc:2138 imb:390 pmb:805 smb:2405 d:- ref:0 ;
in:1261 out:1263 type:b dur:2 cpbdur:2 q:29.98 aq:30.46 tex:11471 mv:3481 misc:1664 imb:150 pmb:530 smb:2920 d:- ref:0 ;
in:1263 out:1264 type:b dur:2 cpbdur:2 q:29.98 aq:31.13 tex:10758 mv:3015 misc:1723 imb:158 pmb:529 smb:2913 d:- ref:0 ;
in:1268 out:1265 type:P dur:2 cpbdur:2 q:30.03 aq:27.26 tex:82780 mv:9137 misc:2099 imb:727 pmb:959 smb:1914 d:- ref:0 ;
in:1266 out:1266 type:B dur:2 cpbdur:2 q:30.00 aq:29.71 tex:34104 mv:7685 misc:2179 imb:336 pmb:832 smb:2432 d:- ref:0 ;
in:1265 out:1267 type:b dur:2 cpbdur:2 q:29.99 aq:30.32 tex:10848 mv:3229 misc:1779 imb:156 pmb:514 smb:2930 d:- ref:0 ;
in:1267 out:1268 type:b dur:2 cpbdur:2 q:30.02 aq:31.41 tex:12857 mv:3585 misc:1846 imb:200 pmb:483 smb:2917 d:- ref:0 ;
in:1269 out:1269 type:P dur:2 cpbdur:2 q:30.05 aq:26.74 tex:46683 mv:4814 misc:2071 imb:420 pmb:632 smb:2548 d:- ref:0 ;
in:1270 out:1270 type:P dur:2 cpbdur:2 q:30.07 aq:26.55 tex:48182 mv:5253 misc:2125 imb:481 pmb:686 smb:2433 d:- ref:0 ;
in:1271 out:1271 type:P dur:2 cpbdur:2 q:30.09 aq:27.55 tex:43676 mv:4561 misc:2171 imb:422 pmb:635 smb:2543 d:- ref:0 ;
in:1272 out:1272 type:P dur:2 cpbdur:2 q:30.20 aq:25.99 tex:45056 mv:4811 misc:2069 imb:438 pmb:656 smb:2506 d:- ref:0 ;
in:1273 out:1273 type:P dur:2 cpbdur:2 q:30.21 aq:27.32 tex:53739 mv:5475 misc:2170 imb:461 pmb:699 smb:2440 d:- ref:0 ;
in:1274 out:1274 type:P dur:2 cpbdur:2 q:30.25 aq:27.21 tex:47465 mv:5049 misc:2182 imb:507 pmb:666 smb:2427 d:- ref:0 ;
in:1275 out:1275 type:P dur:2 cpbdur:2 q:30.26 aq:27.14 tex:44402 mv:4351 misc:2095 imb:393 pmb:597 smb:2610 d:- ref:0 ;
in:1276 out:1276 type:P dur:2 cpbdur:2 q:30.26 aq:27.21 tex:46347 mv:4560 misc:2149 imb:413 pmb:618 smb:2569 d:- ref:0 ;
in:1277 out:1277 type:P dur:2 cpbdur:2 q:30.28 aq:26.99 tex:45464 mv:5055 misc:2177 imb:427 pmb:648 smb:2525 d:- ref:0 ;
in:1278 out:1278 type:P dur:2 cpbdur:2 q:30.30 aq:26.46 tex:38960 mv:4133 misc:2123 imb:408 pmb:589 smb:2603 d:- ref:0 ;
in:1279 out:1279 type:P dur:2 cpbdur:2 q:30.30 aq:26.83 tex:48263 mv:5195 misc:2126 imb:469 pmb:659 smb:2472 d:- ref:0 ;
in:1280 out:1280 type:P dur:2 cpbdur:2 q:30.31 aq:26.67 tex:41587 mv:4299 misc:2146 imb:400 pmb:623 smb:2577 d:- ref:0 ;
in:1281 out:1281 type:P dur:2 cpbdur:2 q:30.33 aq:26.25 tex:41263 mv:4457 misc:2160 imb:449 pmb:604 smb:2547 d:- ref:0 ;
in:1282 out:1282 type:P dur:2 cpbdur:2 q:30.34 aq:26.73 tex:44827 mv:4750 misc:2143 imb:473 pmb:609 smb:2518 d:- ref:0 ;
in:1283 out:1283 type:P dur:2 cpbdur:2 q:30.36 aq:26.06 tex:49570 mv:4902 misc:2224 imb:425 pmb:659 smb:2516 d:- ref:0 ;
in:1284 out:1284 type:P dur:2 cpbdur:2 q:30.37 aq:25.25 tex:35725 mv:3564 misc:2031 imb:354 pmb:568 smb:2678 d:- ref:0 ;
in:1285 out:1285 type:P dur:2 cpbdur:2 q:30.38 aq:25.47 tex:43962 mv:4452 misc:2138 imb:392 pmb:614 smb:2594 d:- ref:0 ;
in:1286 out:1286 type:P dur:2 cpbdur:2 q:30.39 aq:26.13 tex:35987 mv:3754 misc:2171 imb:368 pmb:560 smb:2672 d:- ref:0 ;
in:1287 out:1287 type:P dur:2 cpbdur:2 q:30.40 aq:26.32 tex:50172 mv:4470 misc:2166 imb:376 pmb:676 smb:2548 d:- ref:0 ;
in:1288 out:1288 type:P dur:2 cpbdur:2 q:30.41 aq:25.48 tex:46056 mv:4386 misc:2350 imb:362 pmb:661 smb:2577 d:- ref:0 ;
in:1289 out:1289 type:P dur:2 cpbdur:2 q:30.42 aq:26.61 tex:43899 mv:4046 misc:2215 imb:374 pmb:639 smb:2587 d:- ref:0 ;
in:1290 out:1290 type:P dur:2 cpbdur:2 q:30.43 aq:26.59 tex:45537 mv:3914 misc:2093 imb:338 pmb:627 smb:2635 d:- ref:0 ;
in:1291 out:1291 type:P dur:2 cpbdur:2 q:30.44 aq:26.18 tex:44627 mv:3604 misc:1889 imb:381 pmb:580 smb:2639 d:- ref:0 ;
in:1292 out:1292 type:P dur:2 cpbdur:2 q:30.44 aq:26.15 tex:53218 mv:4298 misc:2196 imb:412 pmb:594 smb:2594 d:- ref:0 ;
in:1293 out:1293 type:P dur:2 cpbdur:2 q:30.45 aq:24.61 tex:47048 mv:3671 misc:2121 imb:283 pmb:649 smb:2668 d:- ref:0 ;
in:1294 out:1294 type:P dur:2 cpbdur:2 q:30.46 aq:25.09 tex:46916 mv:3891 misc:2217 imb:344 pmb:623 smb:2633 d:- ref:0 ;
in:1295 out:1295 type:P dur:2 cpbdur:2 q:30.48 aq:25.06 tex:49269 mv:3616 misc:2131 imb:313 pmb:578 smb:2709 d:- ref:0 ;
in:1296 out:1296 type:P dur:2 cpbdur:2 q:30.49 aq:25.09 tex:49131 mv:3847 misc:2230 imb:302 pmb:657 smb:2641 d:- ref:0 ;
in:1297 out:1297 type:P dur:2 cpbdur:2 q:30.50 aq:22.74 tex:53598 mv:3822 misc:2268 imb:336 pmb:663 smb:2601 d:- ref:0 ;
in:1298 out:1298 type:P dur:2 cpbdur:2 q:30.51 aq:23.06 tex:41796 mv:2551 misc:2085 imb:188 pmb:579 smb:2833 d:- ref:0 ;
in:1299 out:1299 type:P dur:2 cpbdur:2 q:30.52 aq:21.91 tex:60752 mv:4091 misc:2197 imb:336 pmb:756 smb:2508 d:- ref:0 ;
in:1300 out:1300 type:P dur:2 cpbdur:2 q:30.53 aq:23.79 tex:54759 mv:3813 misc:2260 imb:248 pmb:705 smb:2647 d:- ref:0 ;
in:1301 out:1301 type:P dur:2 cpbdur:2 q:30.55 aq:22.58 tex:57862 mv:3085 misc:2229 imb:228 pmb:667 smb:2705 d:- ref:0 ;
in:1302 out:1302 type:P dur:2 cpbdur:2 q:30.56 aq:20.23 tex:53381 mv:2738 misc:2249 imb:203 pmb:659 smb:2738 d:- ref:0 ;
in:1303 out:1303 type:P dur:2 cpbdur:2 q:30.57 aq:21.99 tex:59353 mv:2827 misc:2204 imb:195 pmb:645 smb:2760 d:- ref:0 ;
in:1304 out:1304 type:P dur:2 cpbdur:2 q:30.59 aq:21.05 tex:62320 mv:3400 misc:2288 imb:284 pmb:682 smb:2634 d:- ref:0 ;
in:1305 out:1305 type:P dur:2 cpbdur:2 q:30.61 aq:21.84 tex:51211 mv:2199 misc:2238 imb:160 pmb:622 smb:2818 d:- ref:0 ;
in:1307 out:1306 type:P dur:2 cpbdur:2 q:30.62 aq:21.03 tex:83939 mv:4094 misc:2359 imb:318 pmb:830 smb:2452 d:- ref:0 ;
in:1306 out:1307 type:b dur:2 cpbdur:2 q:30.62 aq:27.16 tex:190 mv:133 misc:509 imb:1 pmb:66 smb:3533 d:- ref:0 ;
in:1311 out:1308 type:P dur:2 cpbdur:2 q:30.65 aq:20.19 tex:66474 mv:3625 misc:2261 imb:271 pmb:741 smb:2588 d:- ref:0 ;
in:1309 out:1309 type:B dur:2 cpbdur:2 q:30.64 aq:24.91 tex:252 mv:285 misc:687 imb:10 pmb:102 smb:3488 d:- ref:0 ;
in:1308 out:1310 type:b dur:2 cpbdur:2 q:30.63 aq:24.75 tex:199 mv:117 misc:436 imb:2 pmb:45 smb:3553 d:- ref:0 ;
in:1310 out:1311 type:b dur:2 cpbdur:2 q:30.65 aq:26.00 tex:22 mv:68 misc:326 imb:1 pmb:21 smb:3578 d:- ref:0 ;
in:1315 out:1312 type:P dur:2 cpbdur:2 q:30.69 aq:19.25 tex:6278 mv:340 misc:1166 imb:9 pmb:185 smb:3406 d:- ref:0 ;
in:1313 out:1313 type:B dur:2 cpbdur:2 q:30.67 aq:24.00 tex:0 mv:0 misc:232 imb:0 pmb:0 smb:3600 d:- ref:0 ;
in:1312 out:1314 type:b dur:2 cpbdur:2 q:30.66 aq:26.00 tex:0 mv:0 misc:216 imb:0 pmb:0 smb:3600 d:- ref:0 ;
in:1314 out:1315 type:b dur:2 cpbdur:2 q:30.68 aq:26.00 tex:0 mv:0 misc:216 imb:0 pmb:0 smb:3600 d:- ref:0 ;
in:1319 out:1316 type:P dur:2 cpbdur:2 q:30.69 aq:16.91 tex:1071 mv:106 misc:519 imb:2 pmb:40 smb:3558 d:- ref:0 ;
in:1317 out:1317 type:B dur:2 cpbdur:2 q:30.69 aq:24.00 tex:0 mv:0 misc:232 imb:0 pmb:0 smb:3600 d:- ref:0 ;
in:1316 out:1318 type:b dur:2 cpbdur:2 q:30.69 aq:26.00 tex:0 mv:0 misc:216 imb:0 pmb:0 smb:3600 d:- ref:0 ;
in:1318 out:1319 type:b dur:2 cpbdur:2 q:30.69 aq:26.00 tex:0 mv:0 misc:216 imb:0 pmb:0 smb:3600 d:- ref:0 ;
in:1320 out:1320 type:I dur:2 cpbdur:2 q:27.57 aq:17.84 tex:661050 mv:81748 misc:546 imb:3600 pmb:0 smb:0 d:- ref:;
in:1324 out:1321 type:P dur:2 cpbdur:2 q:31.01 aq:18.03 tex:183 mv:71 misc:362 imb:2 pmb:13 smb:3585 d:- ref:0 ;
in:1322 out:1322 type:B dur:2 cpbdur:2 q:31.01 aq:27.00 tex:0 mv:0 misc:216 imb:0 pmb:0 smb:3600 d:- ref:0 ;
in:1321 out:1323 type:b dur:2 cpbdur:2 q:31.01 aq:27.00 tex:0 mv:0 misc:216 imb:0 pmb:0 smb:3600 d:- ref:0 ;
in:1323 out:1324 type:b dur:2 cpbdur:2 q:31.01 aq:27.00 tex:0 mv:0 misc:216 imb:0 pmb:0 smb:3600 d:- ref:0 ;
in:1328 out:1325 type:P dur:2 cpbdur:2 q:30.91 aq:17.31 tex:27 mv:5 misc:264 imb:0 pmb:1 smb:3599 d:- ref:0 ;
in:1326 out:1326 type:B dur:2 cpbdur:2 q:30.96 aq:24.00 tex:0 mv:0 misc:232 imb:0 pmb:0 smb:3600 d:- ref:0 ;
in:1325 out:1327 type:b dur:2 cpbdur:2 q:30.99 aq:26.00 tex:0 mv:0 misc:216 imb:0 pmb:0 smb:3600 d:- ref:0 ;
in:1327 out:1328 type:b dur:2 cpbdur:2 q:30.93 aq:26.00 tex:0 mv:0 misc:216 imb:0 pmb:0 smb:3600 d:- ref:0 ;
in:1332 out:1329 type:P dur:2 cpbdur:2 q:30.80 aq:19.00 tex:0 mv:0 misc:256 imb:0 pmb:0 smb:3600 d:- ref:0 ;
in:1330 out:1330 type:B dur:2 cpbdur:2 q:30.85 aq:24.00 tex:0 mv:0 misc:232 imb:0 pmb:0 smb:3600 d:- ref:0 ;
in:1329 out:1331 type:b dur:2 cpbdur:2 q:30.88 aq:26.00 tex:0 mv:0 misc:216 imb:0 pmb:0 smb:3600 d:- ref:0 ;
in:1331 out:1332 type:b dur:2 cpbdur:2 q:30.83 aq:26.00 tex:0 mv:0 misc:216 imb:0 pmb:0 smb:3600 d:- ref:0 ;
in:1336 out:1333 type:P dur:2 cpbdur:2 q:30.85 aq:20.00 tex:0 mv:0 misc:248 imb:0 pmb:0 smb:3600 d:- ref:0 ;
in:1334 out:1334 type:B dur:2 cpbdur:2 q:30.83 aq:24.00 tex:0 mv:0 misc:232 imb:0 pmb:0 smb:3600 d:- ref:0 ;
in:1333 out:1335 type:b dur:2 cpbdur:2 q:30.81 aq:26.00 tex:0 mv:0 misc:216 imb:0 pmb:0 smb:3600 d:- ref:0 ;
in:1335 out:1336 type:b dur:2 cpbdur:2 q:30.84 aq:26.00 tex:0 mv:0 misc:216 imb:0 pmb:0 smb:3600 d:- ref:0 ;
in:1340 out:1337 type:P dur:2 cpbdur:2 q:30.74 aq:21.00 tex:0 mv:0 misc:248 imb:0 pmb:0 smb:3600 d:- ref:0 ;
in:1338 out:1338 type:B dur:2 cpbdur:2 q:30.79 aq:24.00 tex:0 mv:0 misc:232 imb:0 pmb:0 smb:3600 d:- ref:0 ;
in:1337 out:1339 type:b dur:2 cpbdur:2 q:30.82 aq:26.00 tex:0 mv:0 misc:216 imb:0 pmb:0 smb:3600 d:- ref:0 ;
in:1339 out:1340 type:b dur:2 cpbdur:2 q:30.77 aq:26.00 tex:0 mv:0 misc:216 imb:0 pmb:0 smb:3600 d:- ref:0 ;
in:1343 out:1341 type:P dur:2 cpbdur:2 q:30.63 aq:23.81 tex:48715 mv:5817 misc:1372 imb:1174 pmb:173 smb:2253 d:- ref:0 ;
in:1341 out:1342 type:B dur:2 cpbdur:2 q:30.70 aq:24.28 tex:82 mv:149 misc:561 imb:2 pmb:136 smb:3462 d:- ref:0 ;
in:1342 out:1343 type:b dur:2 cpbdur:2 q:30.67 aq:22.58 tex:333 mv:659 misc:664 imb:42 pmb:144 smb:3414 d:- ref:0 ;
in:1347 out:1344 type:P dur:2 cpbdur:2 q:30.59 aq:25.98 tex:75428 mv:11661 misc:1759 imb:1745 pmb:1191 smb:664 d:- ref:0 w:7,117,1,6,57,14,64,0 ;
in:1345 out:1345 type:B dur:2 cpbdur:2 q:30.61 aq:22.65 tex:3472 mv:1361 misc:1519 imb:94 pmb:319 smb:3187 d:- ref:0 ;
in:1344 out:1346 type:b dur:2 cpbdur:2 q:30.62 aq:23.83 tex:882 mv:505 misc:941 imb:20 pmb:160 smb:3420 d:- ref:0 ;
in:1346 out:1347 type:b dur:2 cpbdur:2 q:30.60 aq:24.66 tex:1784 mv:434 misc:990 imb:18 pmb:184 smb:3398 d:- ref:0 ;
in:1351 out:1348 type:P dur:2 cpbdur:2 q:30.55 aq:26.24 tex:146350 mv:16535 misc:715 imb:2460 pmb:1072 smb:68 d:- ref:0 w:7,111,2,6,55,18,64,0 ;
in:1349 out:1349 type:B dur:2 cpbdur:2 q:30.57 aq:23.69 tex:3730 mv:1152 misc:1566 imb:51 pmb:419 smb:3130 d:- ref:0 ;
in:1348 out:1350 type:b dur:2 cpbdur:2 q:30.58 aq:23.88 tex:3321 mv:1313 misc:1558 imb:75 pmb:368 smb:3157 d:- ref:0 ;
in:1350 out:1351 type:b dur:2 cpbdur:2 q:30.56 aq:23.08 tex:3916 mv:1382 misc:1518 imb:74 pmb:379 smb:3147 d:- ref:0 ;
in:1352 out:1352 type:P dur:2 cpbdur:2 q:30.51 aq:25.78 tex:67691 mv:9806 misc:2743 imb:1081 pmb:1427 smb:1092 d:- ref:0 w:7,123,0 ;
in:1353 out:1353 type:P dur:2 cpbdur:2 q:30.52 aq:25.69 tex:87523 mv:11475 misc:1914 imb:1368 pmb:1390 smb:842 d:- ref:0 w:7,123,1 ;
in:1357 out:1354 type:P dur:2 cpbdur:2 q:30.51 aq:25.50 tex:187313 mv:16734 misc:1145 imb:2310 pmb:1021 smb:269 d:- ref:0 w:7,113,0,7,113,16,115,13 ;
in:1355 out:1355 type:B dur:2 cpbdur:2 q:30.52 aq:23.93 tex:8730 mv:2084 misc:2082 imb:156 pmb:565 smb:2879 d:- ref:0 ;
in:1354 out:1356 type:b dur:2 cpbdur:2 q:30.52 aq:23.94 tex:2850 mv:1263 misc:1319 imb:81 pmb:224 smb:3295 d:- ref:0 ;
in:1356 out:1357 type:b dur:2 cpbdur:2 q:30.52 aq:23.30 tex:4340 mv:1577 misc:1731 imb:117 pmb:421 smb:3062 d:- ref:0 ;
in:1358 out:1358 type:P dur:2 cpbdur:2 q:30.54 aq:24.69 tex:87619 mv:10380 misc:2729 imb:1200 pmb:1193 smb:1207 d:- ref:0 w:5,31,0 ;
in:1362 out:1359 type:P dur:2 cpbdur:2 q:30.53 aq:24.32 tex:175770 mv:14681 misc:1213 imb:2085 pmb:902 smb:613 d:- ref:0 w:7,119,-2 ;
in:1360 out:1360 type:B dur:2 cpbdur:2 q:30.53 aq:23.51 tex:7665 mv:2392 misc:2215 imb:193 pmb:596 smb:2811 d:- ref:0 ;
in:1359 out:1361 type:b dur:2 cpbdur:2 q:30.54 aq:22.22 tex:1683 mv:815 misc:990 imb:53 pmb:162 smb:3385 d:- ref:0 ;
in:1361 out:1362 type:b dur:2 cpbdur:2 q:30.53 aq:22.44 tex:3897 mv:1785 misc:1654 imb:161 pmb:329 smb:3110 d:- ref:0 ;
in:1365 out:1363 type:P dur:2 cpbdur:2 q:30.60 aq:24.21 tex:141403 mv:13039 misc:1430 imb:2040 pmb:1077 smb:483 d:- ref:0 w:7,123,-1 ;
in:1363 out:1364 type:B dur:2 cpbdur:2 q:30.55 aq:22.90 tex:3511 mv:1529 misc:1608 imb:132 pmb:305 smb:3163 d:- ref:0 ;
in:1364 out:1365 type:b dur:2 cpbdur:2 q:30.58 aq:22.56 tex:4531 mv:1668 misc:1849 imb:86 pmb:533 smb:2981 d:- ref:0 ;
in:1368 out:1366 type:P dur:2 cpbdur:2 q:30.82 aq:23.54 tex:136889 mv:13754 misc:797 imb:2685 pmb:774 smb:141 d:- ref:0 ;
in:1366 out:1367 type:B dur:2 cpbdur:2 q:30.67 aq:23.30 tex:2833 mv:919 misc:1312 imb:46 pmb:281 smb:3273 d:- ref:0 ;
in:1367 out:1368 type:b dur:2 cpbdur:2 q:30.74 aq:22.34 tex:1880 mv:929 misc:1111 imb:72 pmb:177 smb:3351 d:- ref:0 ;
in:1369 out:1369 type:P dur:2 cpbdur:2 q:30.80 aq:23.76 tex:57508 mv:4126 misc:2710 imb:567 pmb:863 smb:2170 d:- ref:0 ;
in:1370 out:1370 type:P dur:2 cpbdur:2 q:30.86 aq:22.94 tex:66707 mv:6615 misc:2534 imb:956 pmb:897 smb:1747 d:- ref:0 w:0,1,-1,6,64,0,67,-6 ;
in:1371 out:1371 type:P dur:2 cpbdur:2 q:30.96 aq:22.61 tex:64109 mv:7209 misc:2202 imb:1258 pmb:852 smb:1490 d:- ref:0 ;
in:1372 out:1372 type:P dur:2 cpbdur:2 q:30.96 aq:22.10 tex:56567 mv:5927 misc:2802 imb:970 pmb:883 smb:1747 d:- ref:0 ;
in:1374 out:1373 type:P dur:2 cpbdur:2 q:30.97 aq:20.12 tex:93351 mv:9212 misc:2077 imb:1581 pmb:967 smb:1052 d:- ref:0 ;
in:1373 out:1374 type:b dur:2 cpbdur:2 q:30.97 aq:20.17 tex:754 mv:342 misc:800 imb:9 pmb:151 smb:3440 d:- ref:0 ;
in:1378 out:1375 type:P dur:2 cpbdur:2 q:31.01 aq:19.93 tex:92019 mv:8522 misc:2011 imb:1386 pmb:961 smb:1253 d:- ref:0 ;
in:1376 out:1376 type:B dur:2 cpbdur:2 q:30.99 aq:18.82 tex:907 mv:773 misc:1096 imb:32 pmb:294 smb:3274 d:- ref:0 ;
in:1375 out:1377 type:b dur:2 cpbdur:2 q:30.98 aq:21.18 tex:515 mv:507 misc:842 imb:15 pmb:159 smb:3426 d:- ref:0 ;
in:1377 out:1378 type:b dur:2 cpbdur:2 q:31.00 aq:17.14 tex:52 mv:141 misc:279 imb:5 pmb:16 smb:3579 d:- ref:0 ;
in:1379 out:1379 type:P dur:2 cpbdur:2 q:30.99 aq:16.00 tex:0 mv:0 misc:256 imb:0 pmb:0 smb:3600 d:- ref:0 ;
in:1380 out:1380 type:I dur:2 cpbdur:2 q:27.86 aq:15.35 tex:461269 mv:49238 misc:533 imb:3600 pmb:0 smb:0 d:- ref:;
in:1384 out:1381 type:P dur:2 cpbdur:2 q:31.25 aq:18.10 tex:430 mv:109 misc:445 imb:2 pmb:27 smb:3571 d:- ref:0 ;
in:1382 out:1382 type:B dur:2 cpbdur:2 q:31.25 aq:15.00 tex:0 mv:0 misc:232 imb:0 pmb:0 smb:3600 d:- ref:0 ;
in:1381 out:1383 type:b dur:2 cpbdur:2 q:31.25 aq:16.00 tex:0 mv:0 misc:232 imb:0 pmb:0 smb:3600 d:- ref:0 ;
in:1383 out:1384 type:b dur:2 cpbdur:2 q:31.25 aq:16.00 tex:0 mv:0 misc:232 imb:0 pmb:0 smb:3600 d:- ref:0 ;
in:1388 out:1385 type:P dur:2 cpbdur:2 q:31.26 aq:14.34 tex:70 mv:17 misc:305 imb:0 pmb:4 smb:3596 d:- ref:0 ;
in:1386 out:1386 type:B dur:2 cpbdur:2 q:31.26 aq:15.00 tex:0 mv:0 misc:248 imb:0 pmb:0 smb:3600 d:- ref:0 ;
in:1385 out:1387 type:b dur:2 cpbdur:2 q:31.25 aq:16.00 tex:0 mv:0 misc:232 imb:0 pmb:0 smb:3600 d:- ref:0 ;
in:1387 out:1388 type:b dur:2 cpbdur:2 q:31.26 aq:16.00 tex:0 mv:0 misc:232 imb:0 pmb:0 smb:3600 d:- ref:0 ;
in:1392 out:1389 type:P dur:2 cpbdur:2 q:31.19 aq:15.60 tex:78 mv:24 misc:314 imb:0 pmb:6 smb:3594 d:- ref:0 ;
in:1390 out:1390 type:B dur:2 cpbdur:2 q:31.23 aq:15.00 tex:0 mv:0 misc:248 imb:0 pmb:0 smb:3600 d:- ref:0 ;
in:1389 out:1391 type:b dur:2 cpbdur:2 q:31.25 aq:16.00 tex:0 mv:0 misc:232 imb:0 pmb:0 smb:3600 d:- ref:0 ;
in:1391 out:1392 type:b dur:2 cpbdur:2 q:31.21 aq:16.00 tex:0 mv:0 misc:232 imb:0 pmb:0 smb:3600 d:- ref:0 ;
in:1396 out:1393 type:P dur:2 cpbdur:2 q:31.15 aq:15.63 tex:77 mv:37 misc:310 imb:1 pmb:5 smb:3594 d:- ref:0 ;
in:1394 out:1394 type:B dur:2 cpbdur:2 q:31.17 aq:15.00 tex:0 mv:0 misc:248 imb:0 pmb:0 smb:3600 d:- ref:0 ;
in:1393 out:1395 type:b dur:2 cpbdur:2 q:31.18 aq:16.00 tex:0 mv:0 misc:232 imb:0 pmb:0 smb:3600 d:- ref:0 ;
in:1395 out:1396 type:b dur:2 cpbdur:2 q:31.16 aq:16.00 tex:0 mv:0 misc:232 imb:0 pmb:0 smb:3600 d:- ref:0 ;
in:1400 out:1397 type:P dur:2 cpbdur:2 q:31.04 aq:15.83 tex:86 mv:28 misc:318 imb:0 pmb:7 smb:3593 d:- ref:0 ;
in:1398 out:1398 type:B dur:2 cpbdur:2 q:31.09 aq:15.00 tex:0 mv:0 misc:248 imb:0 pmb:0 smb:3600 d:- ref:0 ;
in:1397 out:1399 type:b dur:2 cpbdur:2 q:31.12 aq:16.00 tex:0 mv:0 misc:232 imb:0 pmb:0 smb:3600 d:- ref:0 ;
in:1399 out:1400 type:b dur:2 cpbdur:2 q:31.06 aq:16.00 tex:0 mv:0 misc:232 imb:0 pmb:0 smb:3600 d:- ref:0 ;
in:1404 out:1401 type:P dur:2 cpbdur:2 q:30.94 aq:13.37 tex:110 mv:42 misc:336 imb:0 pmb:9 smb:3591 d:- ref:0 ;
in:1402 out:1402 type:B dur:2 cpbdur:2 q:30.99 aq:15.00 tex:0 mv:0 misc:248 imb:0 pmb:0 smb:3600 d:- ref:0 ;
in:1401 out:1403 type:b dur:2 cpbdur:2 q:31.01 aq:16.00 tex:0 mv:0 misc:232 imb:0 pmb:0 smb:3600 d:- ref:0 ;
in:1403 out:1404 type:b dur:2 cpbdur:2 q:30.97 aq:16.00 tex:0 mv:0 misc:232 imb:0 pmb:0 smb:3600 d:- ref:0 ;
in:1408 out:1405 type:P dur:2 cpbdur:2 q:30.83 aq:14.08 tex:73 mv:24 misc:311 imb:0 pmb:6 smb:3594 d:- ref:0 ;
in:1406 out:1406 type:B dur:2 cpbdur:2 q:30.89 aq:15.00 tex:0 mv:0 misc:248 imb:0 pmb:0 smb:3600 d:- ref:0 ;
in:1405 out:1407 type:b dur:2 cpbdur:2 q:30.91 aq:16.00 tex:0 mv:0 misc:232 imb:0 pmb:0 smb:3600 d:- ref:0 ;
in:1407 out:1408 type:b dur:2 cpbdur:2 q:30.86 aq:16.00 tex:0 mv:0 misc:232 imb:0 pmb:0 smb:3600 d:- ref:0 ;
in:1412 out:1409 type:P dur:2 cpbdur:2 q:30.73 aq:14.08 tex:94 mv:31 misc:315 imb:0 pmb:7 smb:3593 d:- ref:0 ;
in:1410 out:1410 type:B dur:2 cpbdur:2 q:30.78 aq:15.00 tex:0 mv:0 misc:248 imb:0 pmb:0 smb:3600 d:- ref:0 ;
in:1409 out:1411 type:b dur:2 cpbdur:2 q:30.80 aq:16.00 tex:0 mv:0 misc:232 imb:0 pmb:0 smb:3600 d:- ref:0 ;
in:1411 out:1412 type:b dur:2 cpbdur:2 q:30.76 aq:16.00 tex:0 mv:0 misc:232 imb:0 pmb:0 smb:3600 d:- ref:0 ;
in:1416 out:1413 type:P dur:2 cpbdur:2 q:30.62 aq:17.10 tex:140 mv:55 misc:365 imb:1 pmb:12 smb:3587 d:- ref:0 ;
in:1414 out:1414 type:B dur:2 cpbdur:2 q:30.68 aq:14.00 tex:0 mv:0 misc:248 imb:0 pmb:0 smb:3600 d:- ref:0 ;
in:1413 out:1415 type:b dur:2 cpbdur:2 q:30.70 aq:16.00 tex:0 mv:0 misc:232 imb:0 pmb:0 smb:3600 d:- ref:0 ;
in:1415 out:1416 type:b dur:2 cpbdur:2 q:30.65 aq:16.00 tex:0 mv:0 misc:232 imb:0 pmb:0 smb:3600 d:- ref:0 ;
in:1420 out:1417 type:P dur:2 cpbdur:2 q:30.53 aq:17.62 tex:145 mv:45 misc:362 imb:0 pmb:13 smb:3587 d:- ref:0 ;
in:1418 out:1418 type:B dur:2 cpbdur:2 q:30.58 aq:14.00 tex:0 mv:0 misc:248 imb:0 pmb:0 smb:3600 d:- ref:0 ;
in:1417 out:1419 type:b dur:2 cpbdur:2 q:30.60 aq:16.00 tex:0 mv:0 misc:232 imb:0 pmb:0 smb:3600 d:- ref:0 ;
in:1419 out:1420 type:b dur:2 cpbdur:2 q:30.56 aq:16.00 tex:0 mv:0 misc:232 imb:0 pmb:0 smb:3600 d:- ref:0 ;
in:1424 out:1421 type:P dur:2 cpbdur:2 q:30.42 aq:16.47 tex:161 mv:32 misc:327 imb:0 pmb:8 smb:3592 d:- ref:0 ;
in:1422 out:1422 type:B dur:2 cpbdur:2 q:30.48 aq:14.00 tex:0 mv:0 misc:248 imb:0 pmb:0 smb:3600 d:- ref:0 ;
in:1421 out:1423 type:b dur:2 cpbdur:2 q:30.51 aq:16.00 tex:0 mv:0 misc:232 imb:0 pmb:0 smb:3600 d:- ref:0 ;
in:1423 out:1424 type:b dur:2 cpbdur:2 q:30.45 aq:15.00 tex:0 mv:0 misc:232 imb:0 pmb:0 smb:3600 d:- ref:0 ;
in:1428 out:1425 type:P dur:2 cpbdur:2 q:30.32 aq:13.65 tex:171 mv:40 misc:365 imb:0 pmb:12 smb:3588 d:- ref:0 ;
in:1426 out:1426 type:B dur:2 cpbdur:2 q:30.37 aq:14.00 tex:0 mv:0 misc:248 imb:0 pmb:0 smb:3600 d:- ref:0 ;
in:1425 out:1427 type:b dur:2 cpbdur:2 q:30.40 aq:15.00 tex:0 mv:0 misc:232 imb:0 pmb:0 smb:3600 d:- ref:0 ;
in:1427 out:1428 type:b dur:2 cpbdur:2 q:30.35 aq:15.00 tex:0 mv:0 misc:232 imb:0 pmb:0 smb:3600 d:- ref:0 ;
in:1432 out:1429 type:P dur:2 cpbdur:2 q:30.21 aq:13.76 tex:108 mv:30 misc:310 imb:1 pmb:4 smb:3595 d:- ref:0 ;
in:1430 out:1430 type:B dur:2 cpbdur:2 q:30.27 aq:14.00 tex:0 mv:0 misc:248 imb:0 pmb:0 smb:3600 d:- ref:0 ;
in:1429 out:1431 type:b dur:2 cpbdur:2 q:30.29 aq:15.00 tex:0 mv:0 misc:232 imb:0 pmb:0 smb:3600 d:- ref:0 ;
in:1431 out:1432 type:b dur:2 cpbdur:2 q:30.24 aq:15.00 tex:0 mv:0 misc:232 imb:0 pmb:0 smb:3600 d:- ref:0 ;
in:1436 out:1433 type:P dur:2 cpbdur:2 q:30.12 aq:15.29 tex:102 mv:35 misc:319 imb:1 pmb:5 smb:3594 d:- ref:0 ;
in:1434 out:1434 type:B dur:2 cpbdur:2 q:30.17 aq:14.00 tex:0 mv:0 misc:248 imb:0 pmb:0 smb:3600 d:- ref:0 ;
in:1433 out:1435 type:b dur:2 cpbdur:2 q:30.19 aq:15.00 tex:0 mv:0 misc:232 imb:0 pmb:0 smb:3600 d:- ref:0 ;
in:1435 out:1436 type:b dur:2 cpbdur:2 q:30.15 aq:15.00 tex:0 mv:0 misc:232 imb:0 pmb:0 smb:3600 d:- ref:0 ;
in:1439 out:1437 type:P dur:2 cpbdur:2 q:30.01 aq:15.00 tex:0 mv:0 misc:256 imb:0 pmb:0 smb:3600 d:- ref:0 ;
in:1437 out:1438 type:B dur:2 cpbdur:2 q:30.09 aq:15.00 tex:0 mv:0 misc:248 imb:0 pmb:0 smb:3600 d:- ref:0 ;
in:1438 out:1439 type:b dur:2 cpbdur:2 q:30.05 aq:15.00 tex:0 mv:0 misc:232 imb:0 pmb:0 smb:3600 d:- ref:0 ;
in:1440 out:1440 type:I dur:2 cpbdur:2 q:27.55 aq:15.11 tex:473673 mv:49435 misc:508 imb:3600 pmb:0 smb:0 d:- ref:;
in:1444 out:1441 type:P dur:2 cpbdur:2 q:30.22 aq:16.49 tex:622 mv:150 misc:500 imb:5 pmb:32 smb:3563 d:- ref:0 ;
in:1442 out:1442 type:B dur:2 cpbdur:2 q:30.22 aq:19.41 tex:24 mv:3 misc:237 imb:0 pmb:1 smb:3599 d:- ref:0 ;
in:1441 out:1443 type:b dur:2 cpbdur:2 q:30.22 aq:15.00 tex:0 mv:0 misc:232 imb:0 pmb:0 smb:3600 d:- ref:0 ;
in:1443 out:1444 type:b dur:2 cpbdur:2 q:30.22 aq:15.00 tex:0 mv:0 misc:232 imb:0 pmb:0 smb:3600 d:- ref:0 ;
in:1448 out:1445 type:P dur:2 cpbdur:2 q:30.10 aq:17.10 tex:179 mv:64 misc:373 imb:1 pmb:12 smb:3587 d:- ref:0 ;
in:1446 out:1446 type:B dur:2 cpbdur:2 q:30.16 aq:14.00 tex:0 mv:0 misc:248 imb:0 pmb:0 smb:3600 d:- ref:0 ;
in:1445 out:1447 type:b dur:2 cpbdur:2 q:30.19 aq:15.00 tex:0 mv:0 misc:232 imb:0 pmb:0 smb:3600 d:- ref:0 ;
in:1447 out:1448 type:b dur:2 cpbdur:2 q:30.13 aq:15.00 tex:0 mv:0 misc:232 imb:0 pmb:0 smb:3600 d:- ref:0 ;
in:1452 out:1449 type:P dur:2 cpbdur:2 q:30.02 aq:13.68 tex:129 mv:36 misc:339 imb:0 pmb:10 smb:3590 d:- ref:0 ;
in:1450 out:1450 type:B dur:2 cpbdur:2 q:30.06 aq:14.00 tex:0 mv:0 misc:248 imb:0 pmb:0 smb:3600 d:- ref:0 ;
in:1449 out:1451 type:b dur:2 cpbdur:2 q:30.08 aq:15.00 tex:0 mv:0 misc:232 imb:0 pmb:0 smb:3600 d:- ref:0 ;
in:1451 out:1452 type:b dur:2 cpbdur:2 q:30.04 aq:15.00 tex:0 mv:0 misc:232 imb:0 pmb:0 smb:3600 d:- ref:0 ;
in:1456 out:1453 type:P dur:2 cpbdur:2 q:29.98 aq:13.68 tex:72 mv:29 misc:323 imb:0 pmb:7 smb:3593 d:- ref:0 ;
in:1454 out:1454 type:B dur:2 cpbdur:2 q:30.00 aq:14.00 tex:0 mv:0 misc:248 imb:0 pmb:0 smb:3600 d:- ref:0 ;
in:1453 out:1455 type:b dur:2 cpbdur:2 q:30.01 aq:15.00 tex:0 mv:0 misc:232 imb:0 pmb:0 smb:3600 d:- ref:0 ;
in:1455 out:1456 type:b dur:2 cpbdur:2 q:29.99 aq:15.00 tex:0 mv:0 misc:232 imb:0 pmb:0 smb:3600 d:- ref:0 ;
in:1460 out:1457 type:P dur:2 cpbdur:2 q:29.87 aq:16.81 tex:163 mv:44 misc:361 imb:0 pmb:11 smb:3589 d:- ref:0 ;
in:1458 out:1458 type:B dur:2 cpbdur:2 q:29.92 aq:14.00 tex:0 mv:0 misc:248 imb:0 pmb:0 smb:3600 d:- ref:0 ;
in:1457 out:1459 type:b dur:2 cpbdur:2 q:29.95 aq:15.00 tex:0 mv:0 misc:232 imb:0 pmb:0 smb:3600 d:- ref:0 ;
in:1459 out:1460 type:b dur:2 cpbdur:2 q:29.89 aq:15.00 tex:0 mv:0 misc:232 imb:0 pmb:0 smb:3600 d:- ref:0 ;
in:1464 out:1461 type:P dur:2 cpbdur:2 q:29.75 aq:12.68 tex:91 mv:37 misc:336 imb:0 pmb:8 smb:3592 d:- ref:0 ;
in:1462 out:1462 type:B dur:2 cpbdur:2 q:29.81 aq:14.00 tex:0 mv:0 misc:248 imb:0 pmb:0 smb:3600 d:- ref:0 ;
in:1461 out:1463 type:b dur:2 cpbdur:2 q:29.84 aq:15.00 tex:0 mv:0 misc:232 imb:0 pmb:0 smb:3600 d:- ref:0 ;
in:1463 out:1464 type:b dur:2 cpbdur:2 q:29.78 aq:15.00 tex:0 mv:0 misc:232 imb:0 pmb:0 smb:3600 d:- ref:0 ;
in:1468 out:1465 type:P dur:2 cpbdur:2 q:29.67 aq:14.39 tex:154 mv:48 misc:358 imb:0 pmb:13 smb:3587 d:- ref:0 ;
in:1466 out:1466 type:B dur:2 cpbdur:2 q:29.71 aq:13.00 tex:0 mv:0 misc:248 imb:0 pmb:0 smb:3600 d:- ref:0 ;
in:1465 out:1467 type:b dur:2 cpbdur:2 q:29.73 aq:15.00 tex:0 mv:0 misc:232 imb:0 pmb:0 smb:3600 d:- ref:0 ;
in:1467 out:1468 type:b dur:2 cpbdur:2 q:29.69 aq:15.00 tex:0 mv:0 misc:232 imb:0 pmb:0 smb:3600 d:- ref:0 ;
in:1472 out:1469 type:P dur:2 cpbdur:2 q:29.56 aq:17.74 tex:131 mv:47 misc:358 imb:0 pmb:12 smb:3588 d:- ref:0 ;
in:1470 out:1470 type:B dur:2 cpbdur:2 q:29.61 aq:13.00 tex:0 mv:0 misc:248 imb:0 pmb:0 smb:3600 d:- ref:0 ;
in:1469 out:1471 type:b dur:2 cpbdur:2 q:29.64 aq:15.00 tex:0 mv:0 misc:232 imb:0 pmb:0 smb:3600 d:- ref:0 ;
in:1471 out:1472 type:b dur:2 cpbdur:2 q:29.59 aq:15.00 tex:0 mv:0 misc:232 imb:0 pmb:0 smb:3600 d:- ref:0 ;
in:1476 out:1473 type:P dur:2 cpbdur:2 q:29.45 aq:13.52 tex:102 mv:35 misc:327 imb:0 pmb:8 smb:3592 d:- ref:0 ;
in:1474 out:1474 type:B dur:2 cpbdur:2 q:29.50 aq:13.00 tex:0 mv:0 misc:248 imb:0 pmb:0 smb:3600 d:- ref:0 ;
in:1473 out:1475 type:b dur:2 cpbdur:2 q:29.53 aq:15.00 tex:0 mv:0 misc:232 imb:0 pmb:0 smb:3600 d:- ref:0 ;
in:1475 out:1476 type:b dur:2 cpbdur:2 q:29.47 aq:14.00 tex:0 mv:0 misc:232 imb:0 pmb:0 smb:3600 d:- ref:0 ;
in:1480 out:1477 type:P dur:2 cpbdur:2 q:29.33 aq:13.28 tex:89 mv:46 misc:329 imb:0 pmb:11 smb:3589 d:- ref:0 ;
in:1478 out:1478 type:B dur:2 cpbdur:2 q:29.39 aq:13.00 tex:0 mv:0 misc:248 imb:0 pmb:0 smb:3600 d:- ref:0 ;
in:1477 out:1479 type:b dur:2 cpbdur:2 q:29.42 aq:14.00 tex:0 mv:0 misc:232 imb:0 pmb:0 smb:3600 d:- ref:0 ;
in:1479 out:1480 type:b dur:2 cpbdur:2 q:29.36 aq:14.00 tex:0 mv:0 misc:232 imb:0 pmb:0 smb:3600 d:- ref:0 ;
in:1484 out:1481 type:P dur:2 cpbdur:2 q:29.24 aq:12.38 tex:126 mv:101 misc:373 imb:7 pmb:9 smb:3584 d:- ref:0 ;
in:1482 out:1482 type:B dur:2 cpbdur:2 q:29.29 aq:13.00 tex:0 mv:0 misc:248 imb:0 pmb:0 smb:3600 d:- ref:0 ;
in:1481 out:1483 type:b dur:2 cpbdur:2 q:29.31 aq:14.00 tex:0 mv:0 misc:232 imb:0 pmb:0 smb:3600 d:- ref:0 ;
in:1483 out:1484 type:b dur:2 cpbdur:2 q:29.27 aq:14.00 tex:0 mv:0 misc:232 imb:0 pmb:0 smb:3600 d:- ref:0 ;
in:1488 out:1485 type:P dur:2 cpbdur:2 q:29.14 aq:14.96 tex:291 mv:55 misc:390 imb:0 pmb:17 smb:3583 d:- ref:0 ;
in:1486 out:1486 type:B dur:2 cpbdur:2 q:29.19 aq:13.00 tex:0 mv:0 misc:248 imb:0 pmb:0 smb:3600 d:- ref:0 ;
in:1485 out:1487 type:b dur:2 cpbdur:2 q:29.22 aq:14.00 tex:0 mv:0 misc:232 imb:0 pmb:0 smb:3600 d:- ref:0 ;
in:1487 out:1488 type:b dur:2 cpbdur:2 q:29.16 aq:14.00 tex:0 mv:0 misc:232 imb:0 pmb:0 smb:3600 d:- ref:0 ;
in:1492 out:1489 type:P dur:2 cpbdur:2 q:29.02 aq:13.55 tex:182 mv:74 misc:392 imb:2 pmb:15 smb:3583 d:- ref:0 ;
in:1490 out:1490 type:B dur:2 cpbdur:2 q:29.08 aq:13.00 tex:0 mv:0 misc:248 imb:0 pmb:0 smb:3600 d:- ref:0 ;
in:1489 out:1491 type:b dur:2 cpbdur:2 q:29.11 aq:14.00 tex:0 mv:0 misc:232 imb:0 pmb:0 smb:3600 d:- ref:0 ;
in:1491 out:1492 type:b dur:2 cpbdur:2 q:29.05 aq:14.00 tex:0 mv:0 misc:232 imb:0 pmb:0 smb:3600 d:- ref:0 ;
in:1496 out:1493 type:P dur:2 cpbdur:2 q:28.90 aq:12.15 tex:402 mv:123 misc:467 imb:4 pmb:24 smb:3572 d:- ref:0 ;
in:1494 out:1494 type:B dur:2 cpbdur:2 q:28.96 aq:13.00 tex:0 mv:0 misc:248 imb:0 pmb:0 smb:3600 d:- ref:0 ;
in:1493 out:1495 type:b dur:2 cpbdur:2 q:28.99 aq:14.00 tex:0 mv:0 misc:232 imb:0 pmb:0 smb:3600 d:- ref:0 ;
in:1495 out:1496 type:b dur:2 cpbdur:2 q:28.93 aq:14.00 tex:0 mv:0 misc:232 imb:0 pmb:0 smb:3600 d:- ref:0 ;
in:1499 out:1497 type:P dur:2 cpbdur:2 q:28.81 aq:14.00 tex:0 mv:0 misc:256 imb:0 pmb:0 smb:3600 d:- ref:0 ;
in:1497 out:1498 type:B dur:2 cpbdur:2 q:28.87 aq:14.00 tex:0 mv:0 misc:248 imb:0 pmb:0 smb:3600 d:- ref:0 ;
in:1498 out:1499 type:b dur:2 cpbdur:2 q:28.84 aq:14.00 tex:0 mv:0 misc:232 imb:0 pmb:0 smb:3600 d:- ref:0 ;
in:1500 out:1500 type:I dur:2 cpbdur:2 q:26.40 aq:13.96 tex:525649 mv:50643 misc:516 imb:3600 pmb:0 smb:0 d:- ref:;
in:1504 out:1501 type:P dur:2 cpbdur:2 q:29.09 aq:17.69 tex:934 mv:181 misc:669 imb:4 pmb:64 smb:3532 d:- ref:0 ;
in:1502 out:1502 type:B dur:2 cpbdur:2 q:29.09 aq:13.00 tex:0 mv:0 misc:232 imb:0 pmb:0 smb:3600 d:- ref:0 ;
in:1501 out:1503 type:b dur:2 cpbdur:2 q:29.09 aq:14.00 tex:0 mv:0 misc:232 imb:0 pmb:0 smb:3600 d:- ref:0 ;
in:1503 out:1504 type:b dur:2 cpbdur:2 q:29.09 aq:14.00 tex:0 mv:0 misc:232 imb:0 pmb:0 smb:3600 d:- ref:0 ;
in:1508 out:1505 type:P dur:2 cpbdur:2 q:28.97 aq:14.17 tex:226 mv:65 misc:365 imb:0 pmb:13 smb:3587 d:- ref:0 ;
in:1506 out:1506 type:B dur:2 cpbdur:2 q:29.03 aq:13.00 tex:0 mv:0 misc:248 imb:0 pmb:0 smb:3600 d:- ref:0 ;
in:1505 out:1507 type:b dur:2 cpbdur:2 q:29.06 aq:14.00 tex:0 mv:0 misc:232 imb:0 pmb:0 smb:3600 d:- ref:0 ;
in:1507 out:1508 type:b dur:2 cpbdur:2 q:29.00 aq:14.00 tex:0 mv:0 misc:232 imb:0 pmb:0 smb:3600 d:- ref:0 ;
in:1512 out:1509 type:P dur:2 cpbdur:2 q:28.86 aq:13.99 tex:287 mv:92 misc:429 imb:1 pmb:22 smb:3577 d:- ref:0 ;
in:1510 out:1510 type:B dur:2 cpbdur:2 q:28.92 aq:13.00 tex:0 mv:0 misc:248 imb:0 pmb:0 smb:3600 d:- ref:0 ;
in:1509 out:1511 type:b dur:2 cpbdur:2 q:28.94 aq:14.00 tex:0 mv:0 misc:232 imb:0 pmb:0 smb:3600 d:- ref:0 ;
in:1511 out:1512 type:b dur:2 cpbdur:2 q:28.89 aq:14.00 tex:0 mv:0 misc:232 imb:0 pmb:0 smb:3600 d:- ref:0 ;
in:1516 out:1513 type:P dur:2 cpbdur:2 q:28.82 aq:12.57 tex:119 mv:48 misc:329 imb:2 pmb:5 smb:3593 d:- ref:0 ;
in:1514 out:1514 type:B dur:2 cpbdur:2 q:28.84 aq:13.00 tex:0 mv:0 misc:248 imb:0 pmb:0 smb:3600 d:- ref:0 ;
in:1513 out:1515 type:b dur:2 cpbdur:2 q:28.85 aq:14.00 tex:0 mv:0 misc:232 imb:0 pmb:0 smb:3600 d:- ref:0 ;
in:1515 out:1516 type:b dur:2 cpbdur:2 q:28.83 aq:14.00 tex:0 mv:0 misc:232 imb:0 pmb:0 smb:3600 d:- ref:0 ;
in:1520 out:1517 type:P dur:2 cpbdur:2 q:28.71 aq:14.62 tex:166 mv:48 misc:346 imb:1 pmb:8 smb:3591 d:- ref:0 ;
in:1518 out:1518 type:B dur:2 cpbdur:2 q:28.77 aq:13.00 tex:0 mv:0 misc:248 imb:0 pmb:0 smb:3600 d:- ref:0 ;
in:1517 out:1519 type:b dur:2 cpbdur:2 q:28.79 aq:14.00 tex:0 mv:0 misc:232 imb:0 pmb:0 smb:3600 d:- ref:0 ;
in:1519 out:1520 type:b dur:2 cpbdur:2 q:28.74 aq:14.00 tex:0 mv:0 misc:232 imb:0 pmb:0 smb:3600 d:- ref:0 ;
in:1524 out:1521 type:P dur:2 cpbdur:2 q:28.59 aq:14.59 tex:340 mv:151 misc:485 imb:8 pmb:26 smb:3566 d:- ref:0 ;
in:1522 out:1522 type:B dur:2 cpbdur:2 q:28.65 aq:12.00 tex:0 mv:0 misc:248 imb:0 pmb:0 smb:3600 d:- ref:0 ;
in:1521 out:1523 type:b dur:2 cpbdur:2 q:28.68 aq:14.00 tex:0 mv:0 misc:232 imb:0 pmb:0 smb:3600 d:- ref:0 ;
in:1523 out:1524 type:b dur:2 cpbdur:2 q:28.62 aq:14.00 tex:0 mv:0 misc:232 imb:0 pmb:0 smb:3600 d:- ref:0 ;
in:1528 out:1525 type:P dur:2 cpbdur:2 q:28.47 aq:13.50 tex:280 mv:116 misc:436 imb:5 pmb:21 smb:3574 d:- ref:0 ;
in:1526 out:1526 type:B dur:2 cpbdur:2 q:28.53 aq:12.00 tex:0 mv:0 misc:248 imb:0 pmb:0 smb:3600 d:- ref:0 ;
in:1525 out:1527 type:b dur:2 cpbdur:2 q:28.56 aq:14.00 tex:0 mv:0 misc:232 imb:0 pmb:0 smb:3600 d:- ref:0 ;
in:1527 out:1528 type:b dur:2 cpbdur:2 q:28.50 aq:14.00 tex:0 mv:0 misc:232 imb:0 pmb:0 smb:3600 d:- ref:0 ;
in:1532 out:1529 type:P dur:2 cpbdur:2 q:28.39 aq:13.54 tex:319 mv:119 misc:442 imb:5 pmb:22 smb:3573 d:- ref:0 ;
in:1530 out:1530 type:B dur:2 cpbdur:2 q:28.43 aq:12.00 tex:0 mv:0 misc:248 imb:0 pmb:0 smb:3600 d:- ref:0 ;
in:1529 out:1531 type:b dur:2 cpbdur:2 q:28.45 aq:13.00 tex:0 mv:0 misc:232 imb:0 pmb:0 smb:3600 d:- ref:0 ;
in:1531 out:1532 type:b dur:2 cpbdur:2 q:28.41 aq:13.00 tex:0 mv:0 misc:232 imb:0 pmb:0 smb:3600 d:- ref:0 ;
in:1536 out:1533 type:P dur:2 cpbdur:2 q:28.27 aq:14.84 tex:359 mv:138 misc:455 imb:6 pmb:23 smb:3571 d:- ref:0 ;
in:1534 out:1534 type:B dur:2 cpbdur:2 q:28.33 aq:12.00 tex:0 mv:0 misc:248 imb:0 pmb:0 smb:3600 d:- ref:0 ;
in:1533 out:1535 type:b dur:2 cpbdur:2 q:28.36 aq:13.00 tex:0 mv:0 misc:232 imb:0 pmb:0 smb:3600 d:- ref:0 ;
in:1535 out:1536 type:b dur:2 cpbdur:2 q:28.30 aq:13.00 tex:0 mv:0 misc:232 imb:0 pmb:0 smb:3600 d:- ref:0 ;
in:1540 out:1537 type:P dur:2 cpbdur:2 q:28.15 aq:13.22 tex:327 mv:125 misc:452 imb:5 pmb:23 smb:3572 d:- ref:0 ;
in:1538 out:1538 type:B dur:2 cpbdur:2 q:28.21 aq:15.38 tex:24 mv:2 misc:254 imb:0 pmb:1 smb:3599 d:- ref:0 ;
in:1537 out:1539 type:b dur:2 cpbdur:2 q:28.24 aq:13.00 tex:0 mv:0 misc:232 imb:0 pmb:0 smb:3600 d:- ref:0 ;
in:1539 out:1540 type:b dur:2 cpbdur:2 q:28.18 aq:13.00 tex:0 mv:0 misc:232 imb:0 pmb:0 smb:3600 d:- ref:0 ;
in:1544 out:1541 type:P dur:2 cpbdur:2 q:28.03 aq:12.73 tex:367 mv:119 misc:458 imb:5 pmb:24 smb:3571 d:- ref:0 ;
in:1542 out:1542 type:B dur:2 cpbdur:2 q:28.09 aq:15.38 tex:24 mv:2 misc:254 imb:0 pmb:1 smb:3599 d:- ref:0 ;
in:1541 out:1543 type:b dur:2 cpbdur:2 q:28.12 aq:13.00 tex:0 mv:0 misc:232 imb:0 pmb:0 smb:3600 d:- ref:0 ;
in:1543 out:1544 type:b dur:2 cpbdur:2 q:28.06 aq:13.00 tex:0 mv:0 misc:232 imb:0 pmb:0 smb:3600 d:- ref:0 ;
in:1548 out:1545 type:P dur:2 cpbdur:2 q:27.94 aq:15.16 tex:365 mv:141 misc:486 imb:5 pmb:29 smb:3566 d:- ref:0 ;
in:1546 out:1546 type:B dur:2 cpbdur:2 q:27.99 aq:15.38 tex:24 mv:2 misc:254 imb:0 pmb:1 smb:3599 d:- ref:0 ;
in:1545 out:1547 type:b dur:2 cpbdur:2 q:28.01 aq:13.00 tex:0 mv:0 misc:232 imb:0 pmb:0 smb:3600 d:- ref:0 ;
in:1547 out:1548 type:b dur:2 cpbdur:2 q:27.96 aq:13.00 tex:0 mv:0 misc:232 imb:0 pmb:0 smb:3600 d:- ref:0 ;
in:1552 out:1549 type:P dur:2 cpbdur:2 q:27.83 aq:14.19 tex:417 mv:149 misc:522 imb:5 pmb:34 smb:3561 d:- ref:0 ;
in:1550 out:1550 type:B dur:2 cpbdur:2 q:27.88 aq:15.38 tex:24 mv:2 misc:254 imb:0 pmb:1 smb:3599 d:- ref:0 ;
in:1549 out:1551 type:b dur:2 cpbdur:2 q:27.91 aq:13.00 tex:0 mv:0 misc:232 imb:0 pmb:0 smb:3600 d:- ref:0 ;
in:1551 out:1552 type:b dur:2 cpbdur:2 q:27.86 aq:13.00 tex:0 mv:0 misc:232 imb:0 pmb:0 smb:3600 d:- ref:0 ;
in:1556 out:1553 type:P dur:2 cpbdur:2 q:27.70 aq:13.86 tex:328 mv:129 misc:463 imb:6 pmb:22 smb:3572 d:- ref:0 ;
in:1554 out:1554 type:B dur:2 cpbdur:2 q:27.77 aq:15.38 tex:24 mv:2 misc:254 imb:0 pmb:1 smb:3599 d:- ref:0 ;
in:1553 out:1555 type:b dur:2 cpbdur:2 q:27.80 aq:13.00 tex:0 mv:0 misc:232 imb:0 pmb:0 smb:3600 d:- ref:0 ;
in:1555 out:1556 type:b dur:2 cpbdur:2 q:27.73 aq:13.00 tex:0 mv:0 misc:232 imb:0 pmb:0 smb:3600 d:- ref:0 ;
in:1559 out:1557 type:P dur:2 cpbdur:2 q:27.58 aq:13.00 tex:0 mv:0 misc:256 imb:0 pmb:0 smb:3600 d:- ref:0 ;
in:1557 out:1558 type:B dur:2 cpbdur:2 q:27.66 aq:13.00 tex:0 mv:0 misc:248 imb:0 pmb:0 smb:3600 d:- ref:0 ;
in:1558 out:1559 type:b dur:2 cpbdur:2 q:27.62 aq:13.00 tex:0 mv:0 misc:232 imb:0 pmb:0 smb:3600 d:- ref:0 ;
in:1560 out:1560 type:I dur:2 cpbdur:2 q:25.21 aq:13.06 tex:569003 mv:51705 misc:540 imb:3600 pmb:0 smb:0 d:- ref:;
in:1564 out:1561 type:P dur:2 cpbdur:2 q:27.92 aq:16.35 tex:1086 mv:175 misc:691 imb:5 pmb:69 smb:3526 d:- ref:0 ;
in:1562 out:1562 type:B dur:2 cpbdur:2 q:27.92 aq:12.00 tex:0 mv:0 misc:232 imb:0 pmb:0 smb:3600 d:- ref:0 ;
in:1561 out:1563 type:b dur:2 cpbdur:2 q:27.92 aq:13.00 tex:0 mv:0 misc:232 imb:0 pmb:0 smb:3600 d:- ref:0 ;
in:1563 out:1564 type:b dur:2 cpbdur:2 q:27.92 aq:13.00 tex:0 mv:0 misc:232 imb:0 pmb:0 smb:3600 d:- ref:0 ;
in:1568 out:1565 type:P dur:2 cpbdur:2 q:27.81 aq:12.58 tex:115 mv:49 misc:332 imb:2 pmb:5 smb:3593 d:- ref:0 ;
in:1566 out:1566 type:B dur:2 cpbdur:2 q:27.87 aq:12.00 tex:0 mv:0 misc:248 imb:0 pmb:0 smb:3600 d:- ref:0 ;
in:1565 out:1567 type:b dur:2 cpbdur:2 q:27.90 aq:13.00 tex:0 mv:0 misc:232 imb:0 pmb:0 smb:3600 d:- ref:0 ;
in:1567 out:1568 type:b dur:2 cpbdur:2 q:27.84 aq:13.00 tex:0 mv:0 misc:232 imb:0 pmb:0 smb:3600 d:- ref:0 ;
in:1572 out:1569 type:P dur:2 cpbdur:2 q:27.69 aq:8.98 tex:43 mv:30 misc:295 imb:2 pmb:1 smb:3597 d:- ref:0 ;
in:1570 out:1570 type:B dur:2 cpbdur:2 q:27.75 aq:11.00 tex:0 mv:0 misc:248 imb:0 pmb:0 smb:3600 d:- ref:0 ;
in:1569 out:1571 type:b dur:2 cpbdur:2 q:27.78 aq:13.00 tex:0 mv:0 misc:232 imb:0 pmb:0 smb:3600 d:- ref:0 ;
in:1571 out:1572 type:b dur:2 cpbdur:2 q:27.72 aq:13.00 tex:0 mv:0 misc:232 imb:0 pmb:0 smb:3600 d:- ref:0 ;
in:1576 out:1573 type:P dur:2 cpbdur:2 q:27.62 aq:8.98 tex:43 mv:30 misc:295 imb:2 pmb:1 smb:3597 d:- ref:0 ;
in:1574 out:1574 type:B dur:2 cpbdur:2 q:27.66 aq:11.00 tex:0 mv:0 misc:248 imb:0 pmb:0 smb:3600 d:- ref:0 ;
in:1573 out:1575 type:b dur:2 cpbdur:2 q:27.67 aq:13.00 tex:0 mv:0 misc:232 imb:0 pmb:0 smb:3600 d:- ref:0 ;
in:1575 out:1576 type:b dur:2 cpbdur:2 q:27.64 aq:13.00 tex:0 mv:0 misc:232 imb:0 pmb:0 smb:3600 d:- ref:0 ;
in:1580 out:1577 type:P dur:2 cpbdur:2 q:27.51 aq:9.00 tex:6 mv:22 misc:292 imb:2 pmb:0 smb:3598 d:- ref:0 ;
in:1578 out:1578 type:B dur:2 cpbdur:2 q:27.57 aq:11.69 tex:30 mv:2 misc:256 imb:0 pmb:1 smb:3599 d:- ref:0 ;
in:1577 out:1579 type:b dur:2 cpbdur:2 q:27.59 aq:13.00 tex:0 mv:0 misc:232 imb:0 pmb:0 smb:3600 d:- ref:0 ;
in:1579 out:1580 type:b dur:2 cpbdur:2 q:27.54 aq:13.00 tex:0 mv:0 misc:232 imb:0 pmb:0 smb:3600 d:- ref:0 ;
in:1584 out:1581 type:P dur:2 cpbdur:2 q:27.39 aq:9.00 tex:3 mv:12 misc:281 imb:1 pmb:0 smb:3599 d:- ref:0 ;
in:1582 out:1582 type:B dur:2 cpbdur:2 q:27.45 aq:11.69 tex:30 mv:2 misc:256 imb:0 pmb:1 smb:3599 d:- ref:0 ;
in:1581 out:1583 type:b dur:2 cpbdur:2 q:27.48 aq:12.00 tex:0 mv:0 misc:232 imb:0 pmb:0 smb:3600 d:- ref:0 ;
in:1583 out:1584 type:b dur:2 cpbdur:2 q:27.42 aq:12.00 tex:0 mv:0 misc:232 imb:0 pmb:0 smb:3600 d:- ref:0 ;
in:1588 out:1585 type:P dur:2 cpbdur:2 q:27.26 aq:11.00 tex:3 mv:12 misc:273 imb:1 pmb:0 smb:3599 d:- ref:0 ;
in:1586 out:1586 type:B dur:2 cpbdur:2 q:27.33 aq:11.69 tex:30 mv:2 misc:256 imb:0 pmb:1 smb:3599 d:- ref:0 ;
in:1585 out:1587 type:b dur:2 cpbdur:2 q:27.36 aq:12.00 tex:0 mv:0 misc:232 imb:0 pmb:0 smb:3600 d:- ref:0 ;
in:1587 out:1588 type:b dur:2 cpbdur:2 q:27.29 aq:12.00 tex:0 mv:0 misc:232 imb:0 pmb:0 smb:3600 d:- ref:0 ;
in:1592 out:1589 type:P dur:2 cpbdur:2 q:27.16 aq:16.60 tex:4546 mv:1521 misc:1117 imb:298 pmb:68 smb:3234 d:- ref:0 w:7,117,1,7,121,7,121,7 ;
in:1590 out:1590 type:B dur:2 cpbdur:2 q:27.21 aq:11.69 tex:138 mv:298 misc:1348 imb:0 pmb:402 smb:3198 d:- ref:0 ;
in:1589 out:1591 type:b dur:2 cpbdur:2 q:27.24 aq:12.00 tex:0 mv:0 misc:232 imb:0 pmb:0 smb:3600 d:- ref:0 ;
in:1591 out:1592 type:b dur:2 cpbdur:2 q:27.18 aq:14.62 tex:189 mv:249 misc:706 imb:1 pmb:184 smb:3415 d:- ref:0 ;
in:1596 out:1593 type:P dur:2 cpbdur:2 q:27.06 aq:15.61 tex:4252 mv:1886 misc:1510 imb:363 pmb:228 smb:3009 d:- ref:0 w:7,105,3,7,102,26,101,27 ;
in:1594 out:1594 type:B dur:2 cpbdur:2 q:27.11 aq:16.46 tex:6581 mv:4027 misc:2456 imb:409 pmb:917 smb:2274 d:- ref:0 ;
in:1593 out:1595 type:b dur:2 cpbdur:2 q:27.13 aq:18.30 tex:2497 mv:460 misc:1043 imb:14 pmb:460 smb:3126 d:- ref:0 ;
in:1595 out:1596 type:b dur:2 cpbdur:2 q:27.09 aq:14.72 tex:668 mv:550 misc:606 imb:47 pmb:75 smb:3478 d:- ref:0 ;
in:1600 out:1597 type:P dur:2 cpbdur:2 q:26.97 aq:16.70 tex:2925 mv:1403 misc:1232 imb:379 pmb:105 smb:3116 d:- ref:0 w:5,25,3,7,101,27,101,27 ;
in:1598 out:1598 type:B dur:2 cpbdur:2 q:27.02 aq:14.68 tex:1042 mv:1113 misc:749 imb:127 pmb:60 smb:3413 d:- ref:0 ;
in:1597 out:1599 type:b dur:2 cpbdur:2 q:27.04 aq:17.52 tex:2789 mv:1080 misc:1515 imb:21 pmb:713 smb:2866 d:- ref:0 ;
in:1599 out:1600 type:b dur:2 cpbdur:2 q:26.99 aq:17.29 tex:2361 mv:339 misc:1172 imb:4 pmb:544 smb:3052 d:- ref:0 ;
in:1604 out:1601 type:P dur:2 cpbdur:2 q:26.85 aq:15.21 tex:8143 mv:4226 misc:2439 imb:1155 pmb:591 smb:1854 d:- ref:0 w:7,91,5,7,92,36,91,37 ;
in:1602 out:1602 type:B dur:2 cpbdur:2 q:26.91 aq:17.32 tex:13981 mv:1483 misc:2632 imb:78 pmb:1994 smb:1528 d:- ref:0 ;
in:1601 out:1603 type:b dur:2 cpbdur:2 q:26.94 aq:16.50 tex:652 mv:737 misc:691 imb:89 pmb:87 smb:3424 d:- ref:0 ;
in:1603 out:1604 type:b dur:2 cpbdur:2 q:26.88 aq:15.13 tex:670 mv:807 misc:1707 imb:17 pmb:523 smb:3060 d:- ref:0 ;
in:1607 out:1605 type:P dur:2 cpbdur:2 q:26.76 aq:15.65 tex:1579 mv:719 misc:958 imb:132 pmb:47 smb:3421 d:- ref:0 w:7,89,5,7,90,38,91,37 ;
in:1605 out:1606 type:B dur:2 cpbdur:2 q:26.82 aq:15.29 tex:2241 mv:1072 misc:1031 imb:37 pmb:446 smb:3117 d:- ref:0 ;
in:1606 out:1607 type:b dur:2 cpbdur:2 q:26.79 aq:16.83 tex:3103 mv:1201 misc:1872 imb:21 pmb:846 smb:2733 d:- ref:0 ;
in:1611 out:1608 type:P dur:2 cpbdur:2 q:26.69 aq:14.28 tex:2355 mv:1718 misc:1311 imb:587 pmb:178 smb:2835 d:- ref:0 w:4,7,9,6,25,78,31,66 ;
in:1609 out:1609 type:B dur:2 cpbdur:2 q:26.72 aq:16.99 tex:10885 mv:4988 misc:2079 imb:591 pmb:1174 smb:1835 d:- ref:0 ;
in:1608 out:1610 type:b dur:2 cpbdur:2 q:26.74 aq:17.19 tex:5381 mv:1590 misc:2277 imb:34 pmb:928 smb:2638 d:- ref:0 ;
in:1610 out:1611 type:b dur:2 cpbdur:2 q:26.71 aq:18.17 tex:8983 mv:2283 misc:2070 imb:202 pmb:1253 smb:2145 d:- ref:0 ;
in:1613 out:1612 type:P dur:2 cpbdur:2 q:26.58 aq:15.20 tex:2019 mv:1156 misc:1177 imb:651 pmb:21 smb:2928 d:- ref:0 w:6,23,10,7,39,89,30,98 ;
in:1612 out:1613 type:b dur:2 cpbdur:2 q:26.64 aq:16.11 tex:880 mv:1456 misc:1280 imb:78 pmb:337 smb:3185 d:- ref:0 ;
