#options: 1280x720 fps=30/1 timebase=1/30 bitdepth=8 cabac=1 ref=1 deblock=1:0:0 analyse=0x1:0 me=dia subme=2 psy=1 psy_rd=1.00:0.00 mixed_ref=0 me_range=16 chroma_me=1 trellis=0 8x8dct=0 cqm=0 deadzone=21,11 fast_pskip=1 chroma_qp_offset=0 threads=12 lookahead_threads=4 sliced_threads=0 nr=0 decimate=1 interlaced=0 bluray_compat=0 constrained_intra=0 bframes=3 b_pyramid=2 b_adapt=1 b_bias=0 direct=1 weightb=1 open_gop=0 weightp=2 keyint=60 keyint_min=6 scenecut=40 intra_refresh=0 rc_lookahead=40 rc=abr mbtree=1 bitrate=932 ratetol=1.0 qcomp=0.60 qpmin=0 qpmax=69 qpstep=4 ip_ratio=1.40 aq=1:1.00
in:0 out:0 type:I dur:2 cpbdur:2 q:36.58 aq:22.00 tex:337 mv:910 misc:6009 imb:3600 pmb:0 smb:0 d:- ref:;
in:1 out:1 type:i dur:2 cpbdur:2 q:36.52 aq:20.58 tex:47486 mv:16306 misc:144 imb:3600 pmb:0 smb:0 d:- ref:;
in:4 out:2 type:P dur:2 cpbdur:2 q:36.82 aq:22.19 tex:63161 mv:11333 misc:1162 imb:2221 pmb:1013 smb:366 d:- ref:0 w:5,127,-48,0,2,-128,2,-128 ;
in:2 out:3 type:B dur:2 cpbdur:2 q:36.82 aq:21.57 tex:1799 mv:302 misc:1507 imb:4 pmb:705 smb:2891 d:- ref:0 ;
in:3 out:4 type:b dur:2 cpbdur:2 q:36.82 aq:22.00 tex:137 mv:53 misc:298 imb:0 pmb:23 smb:3577 d:- ref:0 ;
in:8 out:5 type:P dur:2 cpbdur:2 q:36.81 aq:22.82 tex:73331 mv:12490 misc:1331 imb:1849 pmb:1350 smb:401 d:- ref:0 w:0,2,-16,4,32,-128,31,-119 ;
in:6 out:6 type:B dur:2 cpbdur:2 q:36.82 aq:20.84 tex:1610 mv:645 misc:1049 imb:65 pmb:519 smb:3016 d:- ref:0 ;
in:5 out:7 type:b dur:2 cpbdur:2 q:36.82 aq:22.00 tex:308 mv:71 misc:493 imb:2 pmb:80 smb:3518 d:- ref:0 ;
in:7 out:8 type:b dur:2 cpbdur:2 q:36.82 aq:22.29 tex:386 mv:166 misc:472 imb:3 pmb:60 smb:3537 d:- ref:0 ;
in:12 out:9 type:P dur:2 cpbdur:2 q:36.63 aq:25.60 tex:14666 mv:1169 misc:1589 imb:39 pmb:316 smb:3245 d:- ref:0 ;
in:10 out:10 type:B dur:2 cpbdur:2 q:36.72 aq:20.00 tex:11 mv:41 misc:316 imb:0 pmb:17 smb:3583 d:- ref:0 ;
in:9 out:11 type:b dur:2 cpbdur:2 q:36.77 aq:29.41 tex:81 mv:53 misc:298 imb:0 pmb:15 smb:3585 d:- ref:0 ;
in:11 out:12 type:b dur:2 cpbdur:2 q:36.67 aq:22.00 tex:0 mv:0 misc:216 imb:0 pmb:0 smb:3600 d:- ref:0 ;
in:16 out:13 type:P dur:2 cpbdur:2 q:36.71 aq:24.25 tex:3158 mv:247 misc:827 imb:10 pmb:95 smb:3495 d:- ref:0 ;
in:14 out:14 type:B dur:2 cpbdur:2 q:36.67 aq:20.00 tex:0 mv:0 misc:240 imb:0 pmb:0 smb:3600 d:- ref:0 ;
in:13 out:15 type:b dur:2 cpbdur:2 q:36.65 aq:22.00 tex:0 mv:0 misc:216 imb:0 pmb:0 smb:3600 d:- ref:0 ;
in:15 out:16 type:b dur:2 cpbdur:2 q:36.69 aq:22.00 tex:0 mv:0 misc:216 imb:0 pmb:0 smb:3600 d:- ref:0 ;
in:20 out:17 type:P dur:2 cpbdur:2 q:37.49 aq:18.38 tex:51 mv:59 misc:322 imb:7 pmb:0 smb:3593 d:- ref:0 ;
in:18 out:18 type:B dur:2 cpbdur:2 q:37.10 aq:21.00 tex:0 mv:0 misc:240 imb:0 pmb:0 smb:3600 d:- ref:0 ;
in:17 out:19 type:b dur:2 cpbdur:2 q:36.91 aq:22.00 tex:0 mv:0 misc:216 imb:0 pmb:0 smb:3600 d:- ref:0 ;
in:19 out:20 type:b dur:2 cpbdur:2 q:37.30 aq:22.00 tex:0 mv:0 misc:216 imb:0 pmb:0 smb:3600 d:- ref:0 ;
in:24 out:21 type:P dur:2 cpbdur:2 q:33.51 aq:20.86 tex:84777 mv:5128 misc:2655 imb:298 pmb:1302 smb:2000 d:- ref:0 ;
in:22 out:22 type:B dur:2 cpbdur:2 q:35.50 aq:19.00 tex:0 mv:0 misc:240 imb:0 pmb:0 smb:3600 d:- ref:0 ;
in:21 out:23 type:b dur:2 cpbdur:2 q:36.50 aq:21.00 tex:0 mv:0 misc:224 imb:0 pmb:0 smb:3600 d:- ref:0 ;
in:23 out:24 type:b dur:2 cpbdur:2 q:34.51 aq:20.00 tex:0 mv:0 misc:224 imb:0 pmb:0 smb:3600 d:- ref:0 ;
in:28 out:25 type:P dur:2 cpbdur:2 q:30.31 aq:17.65 tex:131938 mv:8094 misc:2480 imb:648 pmb:1554 smb:1398 d:- ref:0 ;
in:26 out:26 type:B dur:2 cpbdur:2 q:31.91 aq:19.50 tex:63 mv:26 misc:303 imb:0 pmb:8 smb:3592 d:- ref:0 ;
in:25 out:27 type:b dur:2 cpbdur:2 q:32.71 aq:18.00 tex:0 mv:0 misc:232 imb:0 pmb:0 smb:3600 d:- ref:0 ;
in:27 out:28 type:b dur:2 cpbdur:2 q:31.11 aq:20.20 tex:53 mv:15 misc:268 imb:0 pmb:5 smb:3595 d:- ref:0 ;
in:32 out:29 type:P dur:2 cpbdur:2 q:27.53 aq:14.82 tex:147238 mv:7380 misc:2502 imb:596 pmb:1677 smb:1327 d:- ref:0 ;
in:30 out:30 type:B dur:2 cpbdur:2 q:28.92 aq:18.13 tex:114 mv:34 misc:340 imb:0 pmb:13 smb:3587 d:- ref:0 ;
in:29 out:31 type:b dur:2 cpbdur:2 q:29.62 aq:19.76 tex:65 mv:12 misc:267 imb:0 pmb:5 smb:3595 d:- ref:0 ;
in:31 out:32 type:b dur:2 cpbdur:2 q:28.22 aq:16.36 tex:25 mv:2 misc:237 imb:0 pmb:1 smb:3599 d:- ref:0 ;
in:36 out:33 type:P dur:2 cpbdur:2 q:27.56 aq:14.37 tex:20706 mv:1599 misc:2351 imb:86 pmb:509 smb:3005 d:- ref:0 ;
in:34 out:34 type:B dur:2 cpbdur:2 q:27.54 aq:14.78 tex:79 mv:9 misc:288 imb:0 pmb:4 smb:3596 d:- ref:0 ;
in:33 out:35 type:b dur:2 cpbdur:2 q:27.54 aq:18.94 tex:36 mv:6 misc:246 imb:0 pmb:2 smb:3598 d:- ref:0 ;
in:35 out:36 type:b dur:2 cpbdur:2 q:27.55 aq:18.94 tex:36 mv:6 misc:246 imb:0 pmb:2 smb:3598 d:- ref:0 ;
in:40 out:37 type:P dur:2 cpbdur:2 q:28.51 aq:12.69 tex:2266 mv:388 misc:1018 imb:20 pmb:124 smb:3456 d:- ref:0 ;
in:38 out:38 type:B dur:2 cpbdur:2 q:28.04 aq:13.86 tex:72 mv:9 misc:287 imb:0 pmb:4 smb:3596 d:- ref:0 ;
in:37 out:39 type:b dur:2 cpbdur:2 q:27.80 aq:17.75 tex:25 mv:2 misc:245 imb:0 pmb:1 smb:3599 d:- ref:0 ;
in:39 out:40 type:b dur:2 cpbdur:2 q:28.28 aq:13.00 tex:0 mv:0 misc:232 imb:0 pmb:0 smb:3600 d:- ref:0 ;
in:44 out:41 type:P dur:2 cpbdur:2 q:29.26 aq:14.10 tex:953 mv:205 misc:626 imb:10 pmb:52 smb:3538 d:- ref:0 ;
in:42 out:42 type:B dur:2 cpbdur:2 q:28.89 aq:16.56 tex:19 mv:3 misc:258 imb:0 pmb:1 smb:3599 d:- ref:0 ;
in:41 out:43 type:b dur:2 cpbdur:2 q:28.70 aq:14.00 tex:0 mv:0 misc:232 imb:0 pmb:0 smb:3600 d:- ref:0 ;
in:43 out:44 type:b dur:2 cpbdur:2 q:29.08 aq:14.00 tex:0 mv:0 misc:232 imb:0 pmb:0 smb:3600 d:- ref:0 ;
in:48 out:45 type:P dur:2 cpbdur:2 q:28.11 aq:12.76 tex:2456 mv:336 misc:968 imb:22 pmb:111 smb:3467 d:- ref:0 ;
in:46 out:46 type:B dur:2 cpbdur:2 q:28.69 aq:17.52 tex:35 mv:6 misc:263 imb:0 pmb:2 smb:3598 d:- ref:0 ;
in:45 out:47 type:b dur:2 cpbdur:2 q:28.98 aq:14.00 tex:0 mv:0 misc:232 imb:0 pmb:0 smb:3600 d:- ref:0 ;
in:47 out:48 type:b dur:2 cpbdur:2 q:28.40 aq:13.00 tex:0 mv:0 misc:232 imb:0 pmb:0 smb:3600 d:- ref:0 ;
in:52 out:49 type:P dur:2 cpbdur:2 q:26.50 aq:13.87 tex:23428 mv:1465 misc:2411 imb:127 pmb:487 smb:2986 d:- ref:0 ;
in:50 out:50 type:B dur:2 cpbdur:2 q:27.31 aq:11.00 tex:0 mv:0 misc:248 imb:0 pmb:0 smb:3600 d:- ref:0 ;
in:49 out:51 type:b dur:2 cpbdur:2 q:27.71 aq:16.56 tex:19 mv:3 misc:242 imb:0 pmb:1 smb:3599 d:- ref:0 ;
in:51 out:52 type:b dur:2 cpbdur:2 q:26.90 aq:16.46 tex:20 mv:3 misc:241 imb:0 pmb:1 smb:3599 d:- ref:0 ;
in:56 out:53 type:P dur:2 cpbdur:2 q:24.85 aq:13.07 tex:69094 mv:2899 misc:3287 imb:255 pmb:1162 smb:2183 d:- ref:0 ;
in:54 out:54 type:B dur:2 cpbdur:2 q:25.67 aq:14.68 tex:143 mv:66 misc:343 imb:0 pmb:16 smb:3584 d:- ref:0 ;
in:53 out:55 type:b dur:2 cpbdur:2 q:26.09 aq:11.00 tex:0 mv:0 misc:232 imb:0 pmb:0 smb:3600 d:- ref:0 ;
in:55 out:56 type:b dur:2 cpbdur:2 q:25.26 aq:10.38 tex:26 mv:3 misc:243 imb:0 pmb:1 smb:3599 d:- ref:0 ;
in:59 out:57 type:P dur:2 cpbdur:2 q:23.42 aq:12.98 tex:218 mv:101 misc:385 imb:3 pmb:17 smb:3580 d:- ref:0 ;
in:57 out:58 type:B dur:2 cpbdur:2 q:24.37 aq:12.14 tex:182 mv:22 misc:340 imb:0 pmb:17 smb:3583 d:- ref:0 ;
in:58 out:59 type:b dur:2 cpbdur:2 q:23.90 aq:9.00 tex:2 mv:7 misc:247 imb:0 pmb:1 smb:3599 d:- ref:0 ;
in:60 out:60 type:I dur:2 cpbdur:2 q:25.31 aq:12.57 tex:456929 mv:50951 misc:536 imb:3600 pmb:0 smb:0 d:- ref:;
in:64 out:61 type:P dur:2 cpbdur:2 q:25.03 aq:13.19 tex:5972 mv:1031 misc:1773 imb:68 pmb:272 smb:3260 d:- ref:0 ;
in:62 out:62 type:B dur:2 cpbdur:2 q:25.03 aq:13.85 tex:420 mv:113 misc:411 imb:1 pmb:35 smb:3564 d:- ref:0 ;
in:61 out:63 type:b dur:2 cpbdur:2 q:25.03 aq:10.64 tex:143 mv:28 misc:269 imb:0 pmb:16 smb:3584 d:- ref:0 ;
in:63 out:64 type:b dur:2 cpbdur:2 q:25.03 aq:10.00 tex:0 mv:0 misc:232 imb:0 pmb:0 smb:3600 d:- ref:0 ;
in:68 out:65 type:P dur:2 cpbdur:2 q:24.54 aq:12.23 tex:2311 mv:434 misc:967 imb:29 pmb:93 smb:3478 d:- ref:0 ;
in:66 out:66 type:B dur:2 cpbdur:2 q:24.78 aq:13.11 tex:232 mv:55 misc:369 imb:0 pmb:16 smb:3584 d:- ref:0 ;
in:65 out:67 type:b dur:2 cpbdur:2 q:24.91 aq:10.00 tex:0 mv:0 misc:232 imb:0 pmb:0 smb:3600 d:- ref:0 ;
in:67 out:68 type:b dur:2 cpbdur:2 q:24.66 aq:10.00 tex:0 mv:0 misc:232 imb:0 pmb:0 smb:3600 d:- ref:0 ;
in:72 out:69 type:P dur:2 cpbdur:2 q:23.65 aq:11.52 tex:2304 mv:344 misc:816 imb:29 pmb:60 smb:3511 d:- ref:0 ;
in:70 out:70 type:B dur:2 cpbdur:2 q:24.09 aq:13.62 tex:446 mv:36 misc:422 imb:0 pmb:27 smb:3573 d:- ref:0 ;
in:69 out:71 type:b dur:2 cpbdur:2 q:24.32 aq:10.76 tex:36 mv:12 misc:264 imb:0 pmb:3 smb:3597 d:- ref:0 ;
in:71 out:72 type:b dur:2 cpbdur:2 q:23.87 aq:12.56 tex:23 mv:2 misc:247 imb:0 pmb:1 smb:3599 d:- ref:0 ;
in:76 out:73 type:P dur:2 cpbdur:2 q:24.49 aq:14.03 tex:875 mv:160 misc:461 imb:9 pmb:20 smb:3571 d:- ref:0 ;
in:74 out:74 type:B dur:2 cpbdur:2 q:24.07 aq:16.03 tex:183 mv:29 misc:340 imb:0 pmb:11 smb:3589 d:- ref:0 ;
in:73 out:75 type:b dur:2 cpbdur:2 q:23.86 aq:12.56 tex:36 mv:4 misc:256 imb:0 pmb:2 smb:3598 d:- ref:0 ;
in:75 out:76 type:b dur:2 cpbdur:2 q:24.28 aq:10.76 tex:34 mv:5 misc:249 imb:0 pmb:2 smb:3598 d:- ref:0 ;
in:80 out:77 type:P dur:2 cpbdur:2 q:23.44 aq:15.52 tex:264221 mv:17611 misc:1416 imb:1785 pmb:1121 smb:694 d:- ref:0 ;
in:78 out:78 type:B dur:2 cpbdur:2 q:23.96 aq:18.11 tex:71779 mv:11124 misc:2561 imb:268 pmb:1421 smb:1911 d:- ref:0 ;
in:77 out:79 type:b dur:2 cpbdur:2 q:24.23 aq:17.01 tex:869 mv:402 misc:1745 imb:0 pmb:476 smb:3124 d:- ref:0 ;
in:79 out:80 type:b dur:2 cpbdur:2 q:23.70 aq:19.08 tex:77344 mv:13440 misc:2504 imb:298 pmb:1549 smb:1753 d:- ref:0 ;
in:84 out:81 type:P dur:2 cpbdur:2 q:23.30 aq:16.03 tex:225385 mv:18535 misc:1224 imb:1963 pmb:1154 smb:483 d:- ref:0 ;
in:82 out:82 type:B dur:2 cpbdur:2 q:23.37 aq:17.40 tex:165634 mv:23576 misc:1966 imb:914 pmb:1636 smb:1050 d:- ref:0 ;
in:81 out:83 type:b dur:2 cpbdur:2 q:23.40 aq:19.10 tex:88548 mv:17283 misc:2417 imb:534 pmb:1531 smb:1535 d:- ref:0 ;
in:83 out:84 type:b dur:2 cpbdur:2 q:23.33 aq:17.89 tex:111397 mv:20106 misc:2049 imb:649 pmb:1899 smb:1052 d:- ref:0 ;
in:86 out:85 type:P dur:2 cpbdur:2 q:23.18 aq:16.22 tex:223524 mv:18522 misc:994 imb:2016 pmb:1199 smb:385 d:- ref:0 ;
in:85 out:86 type:b dur:2 cpbdur:2 q:23.24 aq:18.50 tex:130611 mv:21257 misc:1708 imb:828 pmb:1970 smb:802 d:- ref:0 ;
in:88 out:87 type:P dur:2 cpbdur:2 q:23.22 aq:16.54 tex:196846 mv:16770 misc:1576 imb:1807 pmb:1068 smb:725 d:- ref:0 ;
in:87 out:88 type:b dur:2 cpbdur:2 q:23.20 aq:18.13 tex:123563 mv:20497 misc:1956 imb:826 pmb:1571 smb:1203 d:- ref:0 ;
in:91 out:89 type:P dur:2 cpbdur:2 q:24.60 aq:17.99 tex:190266 mv:18674 misc:868 imb:2345 pmb:948 smb:307 d:- ref:0 w:0,1,1 ;
in:89 out:90 type:B dur:2 cpbdur:2 q:23.68 aq:19.36 tex:134976 mv:23539 misc:1965 imb:1039 pmb:1599 smb:962 d:- ref:0 ;
in:90 out:91 type:b dur:2 cpbdur:2 q:24.14 aq:19.41 tex:110406 mv:21159 misc:2091 imb:853 pmb:1877 smb:870 d:- ref:0 ;
in:92 out:92 type:P dur:2 cpbdur:2 q:25.61 aq:19.45 tex:160017 mv:17142 misc:1585 imb:1887 pmb:1060 smb:653 d:- ref:0 ;
in:94 out:93 type:P dur:2 cpbdur:2 q:26.75 aq:19.82 tex:146224 mv:17658 misc:1222 imb:2170 pmb:1075 smb:355 d:- ref:0 ;
in:93 out:94 type:b dur:2 cpbdur:2 q:26.18 aq:21.33 tex:68574 mv:17682 misc:2536 imb:669 pmb:1858 smb:1073 d:- ref:0 ;
in:97 out:95 type:P dur:2 cpbdur:2 q:28.16 aq:21.54 tex:143182 mv:17148 misc:1342 imb:2367 pmb:729 smb:504 d:- ref:0 w:0,1,1 ;
in:95 out:96 type:B dur:2 cpbdur:2 q:27.22 aq:21.85 tex:70958 mv:19671 misc:2579 imb:986 pmb:1256 smb:1358 d:- ref:0 ;
in:96 out:97 type:b dur:2 cpbdur:2 q:27.69 aq:23.14 tex:56422 mv:16319 misc:2555 imb:583 pmb:1506 smb:1511 d:- ref:0 ;
in:98 out:98 type:P dur:2 cpbdur:2 q:30.00 aq:23.79 tex:71136 mv:12799 misc:2409 imb:1161 pmb:917 smb:1522 d:- ref:0 ;
in:100 out:99 type:P dur:2 cpbdur:2 q:30.67 aq:23.35 tex:72743 mv:12713 misc:2288 imb:1313 pmb:1052 smb:1235 d:- ref:0 w:6,65,0 ;
in:99 out:100 type:b dur:2 cpbdur:2 q:30.34 aq:23.19 tex:21430 mv:11645 misc:2845 imb:394 pmb:1347 smb:1859 d:- ref:0 ;
in:101 out:101 type:P dur:2 cpbdur:2 q:31.58 aq:25.16 tex:33993 mv:8530 misc:2629 imb:759 pmb:791 smb:2050 d:- ref:0 ;
in:103 out:102 type:P dur:2 cpbdur:2 q:32.02 aq:25.81 tex:53530 mv:10870 misc:2392 imb:1044 pmb:991 smb:1565 d:- ref:0 w:0,1,1 ;
in:102 out:103 type:b dur:2 cpbdur:2 q:31.80 aq:26.83 tex:12384 mv:7687 misc:2361 imb:192 pmb:874 smb:2534 d:- ref:0 ;
in:105 out:104 type:P dur:2 cpbdur:2 q:32.75 aq:26.62 tex:45940 mv:11650 misc:2354 imb:1147 pmb:783 smb:1670 d:- ref:0 w:0,1,1 ;
in:104 out:105 type:b dur:2 cpbdur:2 q:32.39 aq:26.93 tex:13171 mv:9439 misc:2654 imb:249 pmb:1023 smb:2328 d:- ref:0 ;
in:106 out:106 type:P dur:2 cpbdur:2 q:33.30 aq:26.69 tex:35092 mv:9112 misc:2316 imb:802 pmb:750 smb:2048 d:- ref:0 ;
in:107 out:107 type:P dur:2 cpbdur:2 q:33.69 aq:27.28 tex:30413 mv:8671 misc:2508 imb:914 pmb:673 smb:2013 d:- ref:0 ;
in:109 out:108 type:P dur:2 cpbdur:2 q:33.88 aq:25.77 tex:41473 mv:10769 misc:2582 imb:1256 pmb:742 smb:1602 d:- ref:0 ;
in:108 out:109 type:b dur:2 cpbdur:2 q:33.79 aq:28.30 tex:7809 mv:5963 misc:2036 imb:153 pmb:740 smb:2707 d:- ref:0 ;
in:110 out:110 type:P dur:2 cpbdur:2 q:34.16 aq:26.54 tex:38971 mv:10376 misc:2245 imb:1148 pmb:725 smb:1727 d:- ref:0 ;
in:113 out:111 type:P dur:2 cpbdur:2 q:34.33 aq:25.59 tex:46136 mv:11301 misc:2491 imb:1200 pmb:837 smb:1563 d:- ref:0 w:0,1,1 ;
in:111 out:112 type:B dur:2 cpbdur:2 q:34.22 aq:28.76 tex:10144 mv:7741 misc:2187 imb:303 pmb:867 smb:2430 d:- ref:0 ;
in:112 out:113 type:b dur:2 cpbdur:2 q:34.27 aq:27.18 tex:4034 mv:4703 misc:1767 imb:143 pmb:721 smb:2736 d:- ref:0 ;
in:114 out:114 type:P dur:2 cpbdur:2 q:34.40 aq:26.37 tex:18130 mv:4417 misc:1861 imb:405 pmb:450 smb:2745 d:- ref:0 ;
in:116 out:115 type:P dur:2 cpbdur:2 q:34.32 aq:25.46 tex:28159 mv:5891 misc:1942 imb:642 pmb:418 smb:2540 d:- ref:0 w:0,1,1 ;
in:115 out:116 type:b dur:2 cpbdur:2 q:34.36 aq:29.82 tex:3758 mv:3274 misc:1032 imb:87 pmb:249 smb:3264 d:- ref:0 ;
in:119 out:117 type:P dur:2 cpbdur:2 q:34.32 aq:28.98 tex:21137 mv:7142 misc:1977 imb:670 pmb:490 smb:2440 d:- ref:0 w:0,1,1 ;
in:117 out:118 type:B dur:2 cpbdur:2 q:34.32 aq:29.92 tex:9287 mv:5099 misc:1998 imb:147 pmb:889 smb:2564 d:- ref:0 ;
in:118 out:119 type:b dur:2 cpbdur:2 q:34.32 aq:29.56 tex:7826 mv:5390 misc:1880 imb:190 pmb:717 smb:2693 d:- ref:0 ;
in:120 out:120 type:I dur:2 cpbdur:2 q:27.98 aq:20.74 tex:220203 mv:38255 misc:510 imb:3600 pmb:0 smb:0 d:- ref:;
in:124 out:121 type:P dur:2 cpbdur:2 q:34.61 aq:27.96 tex:61469 mv:10988 misc:1999 imb:990 pmb:848 smb:1762 d:- ref:0 w:7,127,1 ;
in:122 out:122 type:B dur:2 cpbdur:2 q:34.61 aq:29.89 tex:15183 mv:7746 misc:2239 imb:198 pmb:810 smb:2592 d:- ref:0 ;
in:121 out:123 type:b dur:2 cpbdur:2 q:34.61 aq:32.71 tex:7055 mv:4620 misc:1637 imb:119 pmb:521 smb:2960 d:- ref:0 ;
in:123 out:124 type:b dur:2 cpbdur:2 q:34.61 aq:31.92 tex:10370 mv:5598 misc:1968 imb:119 pmb:705 smb:2776 d:- ref:0 ;
in:128 out:125 type:P dur:2 cpbdur:2 q:34.66 aq:27.19 tex:61486 mv:11968 misc:2442 imb:1125 pmb:892 smb:1583 d:- ref:0 w:0,1,1 ;
in:126 out:126 type:B dur:2 cpbdur:2 q:34.63 aq:30.62 tex:16236 mv:8931 misc:2417 imb:244 pmb:957 smb:2399 d:- ref:0 ;
in:125 out:127 type:b dur:2 cpbdur:2 q:34.62 aq:33.23 tex:7696 mv:5760 misc:2040 imb:159 pmb:631 smb:2810 d:- ref:0 ;
in:127 out:128 type:b dur:2 cpbdur:2 q:34.64 aq:32.67 tex:9744 mv:6112 misc:2104 imb:180 pmb:609 smb:2811 d:- ref:0 ;
in:132 out:129 type:P dur:2 cpbdur:2 q:34.57 aq:28.51 tex:58552 mv:10850 misc:2334 imb:914 pmb:822 smb:1864 d:- ref:0 ;
in:130 out:130 type:B dur:2 cpbdur:2 q:34.61 aq:31.30 tex:16843 mv:8787 misc:2322 imb:335 pmb:752 smb:2513 d:- ref:0 ;
in:129 out:131 type:b dur:2 cpbdur:2 q:34.64 aq:31.82 tex:7930 mv:5792 misc:2150 imb:113 pmb:649 smb:2838 d:- ref:0 ;
in:131 out:132 type:b dur:2 cpbdur:2 q:34.59 aq:33.28 tex:8500 mv:5084 misc:1936 imb:153 pmb:553 smb:2894 d:- ref:0 ;
in:136 out:133 type:P dur:2 cpbdur:2 q:35.03 aq:29.22 tex:36394 mv:10069 misc:2313 imb:924 pmb:710 smb:1966 d:- ref:0 ;
in:134 out:134 type:B dur:2 cpbdur:2 q:34.80 aq:31.27 tex:14241 mv:8669 misc:2290 imb:222 pmb:778 smb:2600 d:- ref:0 ;
in:133 out:135 type:b dur:2 cpbdur:2 q:34.69 aq:35.00 tex:9304 mv:6148 misc:1876 imb:162 pmb:573 smb:2865 d:- ref:0 ;
in:135 out:136 type:b dur:2 cpbdur:2 q:34.91 aq:34.47 tex:8826 mv:5327 misc:1935 imb:170 pmb:542 smb:2888 d:- ref:0 ;
in:140 out:137 type:P dur:2 cpbdur:2 q:35.09 aq:28.81 tex:41165 mv:10820 misc:2311 imb:1065 pmb:730 smb:1805 d:- ref:0 ;
in:138 out:138 type:B dur:2 cpbdur:2 q:35.06 aq:31.95 tex:10006 mv:8044 misc:2270 imb:242 pmb:631 smb:2727 d:- ref:0 ;
in:137 out:139 type:b dur:2 cpbdur:2 q:35.04 aq:32.64 tex:7954 mv:6459 misc:2043 imb:212 pmb:571 smb:2817 d:- ref:0 ;
in:139 out:140 type:b dur:2 cpbdur:2 q:35.08 aq:35.48 tex:7332 mv:6061 misc:1999 imb:241 pmb:528 smb:2831 d:- ref:0 ;
in:144 out:141 type:P dur:2 cpbdur:2 q:35.20 aq:30.22 tex:39447 mv:11283 misc:2478 imb:972 pmb:747 smb:1881 d:- ref:0 ;
in:142 out:142 type:B dur:2 cpbdur:2 q:35.15 aq:33.74 tex:10813 mv:9097 misc:2250 imb:196 pmb:780 smb:2624 d:- ref:0 ;
in:141 out:143 type:b dur:2 cpbdur:2 q:35.12 aq:32.97 tex:7863 mv:5975 misc:1994 imb:189 pmb:577 smb:2834 d:- ref:0 ;
in:143 out:144 type:b dur:2 cpbdur:2 q:35.18 aq:36.26 tex:5324 mv:6008 misc:2004 imb:170 pmb:576 smb:2854 d:- ref:0 ;
in:148 out:145 type:P dur:2 cpbdur:2 q:35.21 aq:29.91 tex:39450 mv:10682 misc:2356 imb:1087 pmb:705 smb:1808 d:- ref:0 ;
in:146 out:146 type:B dur:2 cpbdur:2 q:35.21 aq:32.70 tex:13321 mv:9403 misc:2372 imb:316 pmb:731 smb:2553 d:- ref:0 ;
in:145 out:147 type:b dur:2 cpbdur:2 q:35.21 aq:35.89 tex:6848 mv:6802 misc:2062 imb:241 pmb:576 smb:2783 d:- ref:0 ;
in:147 out:148 type:b dur:2 cpbdur:2 q:35.21 aq:34.69 tex:6115 mv:6379 misc:2034 imb:241 pmb:535 smb:2824 d:- ref:0 ;
in:152 out:149 type:P dur:2 cpbdur:2 q:35.22 aq:30.52 tex:41397 mv:11218 misc:2361 imb:1065 pmb:703 smb:1832 d:- ref:0 ;
in:150 out:150 type:B dur:2 cpbdur:2 q:35.22 aq:34.24 tex:11106 mv:8737 misc:2357 imb:276 pmb:777 smb:2547 d:- ref:0 ;
in:149 out:151 type:b dur:2 cpbdur:2 q:35.21 aq:34.63 tex:7390 mv:6889 misc:2121 imb:250 pmb:605 smb:2745 d:- ref:0 ;
in:151 out:152 type:b dur:2 cpbdur:2 q:35.22 aq:35.43 tex:6892 mv:6333 misc:2007 imb:224 pmb:526 smb:2850 d:- ref:0 ;
in:156 out:153 type:P dur:2 cpbdur:2 q:35.21 aq:30.16 tex:40309 mv:11620 misc:2479 imb:1044 pmb:766 smb:1790 d:- ref:0 ;
in:154 out:154 type:B dur:2 cpbdur:2 q:35.22 aq:32.03 tex:14842 mv:10020 misc:2490 imb:363 pmb:817 smb:2420 d:- ref:0 ;
in:153 out:155 type:b dur:2 cpbdur:2 q:35.22 aq:35.07 tex:6802 mv:6041 misc:2077 imb:240 pmb:514 smb:2846 d:- ref:0 ;
in:155 out:156 type:b dur:2 cpbdur:2 q:35.22 aq:35.35 tex:7343 mv:6953 misc:2080 imb:230 pmb:546 smb:2824 d:- ref:0 ;
in:160 out:157 type:P dur:2 cpbdur:2 q:35.21 aq:29.50 tex:39640 mv:10827 misc:2485 imb:1066 pmb:692 smb:1842 d:- ref:0 ;
in:158 out:158 type:B dur:2 cpbdur:2 q:35.21 aq:33.87 tex:12808 mv:9599 misc:2401 imb:302 pmb:738 smb:2560 d:- ref:0 ;
in:157 out:159 type:b dur:2 cpbdur:2 q:35.21 aq:35.02 tex:6588 mv:6393 misc:2099 imb:250 pmb:551 smb:2799 d:- ref:0 ;
in:159 out:160 type:b dur:2 cpbdur:2 q:35.21 aq:35.21 tex:8046 mv:6969 misc:2089 imb:201 pmb:657 smb:2742 d:- ref:0 ;
in:164 out:161 type:P dur:2 cpbdur:2 q:35.22 aq:29.93 tex:39442 mv:10948 misc:2298 imb:943 pmb:739 smb:1918 d:- ref:0 ;
in:162 out:162 type:B dur:2 cpbdur:2 q:35.21 aq:32.22 tex:14145 mv:9810 misc:2413 imb:294 pmb:730 smb:2576 d:- ref:0 ;
in:161 out:163 type:b dur:2 cpbdur:2 q:35.21 aq:34.83 tex:6971 mv:6677 misc:2104 imb:256 pmb:574 smb:2770 d:- ref:0 ;
in:163 out:164 type:b dur:2 cpbdur:2 q:35.22 aq:34.46 tex:8511 mv:6450 misc:2111 imb:227 pmb:543 smb:2830 d:- ref:0 ;
in:168 out:165 type:P dur:2 cpbdur:2 q:35.21 aq:29.87 tex:46914 mv:12302 misc:2304 imb:1243 pmb:762 smb:1595 d:- ref:0 ;
in:166 out:166 type:B dur:2 cpbdur:2 q:35.22 aq:34.22 tex:11931 mv:9682 misc:2459 imb:276 pmb:860 smb:2464 d:- ref:0 ;
in:165 out:167 type:b dur:2 cpbdur:2 q:35.22 aq:35.49 tex:5694 mv:6709 misc:2149 imb:185 pmb:616 smb:2799 d:- ref:0 ;
in:167 out:168 type:b dur:2 cpbdur:2 q:35.21 aq:35.41 tex:9659 mv:7211 misc:2242 imb:206 pmb:656 smb:2738 d:- ref:0 ;
in:172 out:169 type:P dur:2 cpbdur:2 q:35.22 aq:29.86 tex:40687 mv:11452 misc:2413 imb:1024 pmb:775 smb:1801 d:- ref:0 ;
in:170 out:170 type:B dur:2 cpbdur:2 q:35.22 aq:33.37 tex:18778 mv:10570 misc:2572 imb:351 pmb:884 smb:2365 d:- ref:0 ;
in:169 out:171 type:b dur:2 cpbdur:2 q:35.22 aq:35.04 tex:7290 mv:6629 misc:2305 imb:185 pmb:677 smb:2738 d:- ref:0 ;
in:171 out:172 type:b dur:2 cpbdur:2 q:35.22 aq:35.23 tex:7322 mv:7366 misc:2264 imb:238 pmb:665 smb:2697 d:- ref:0 ;
in:176 out:173 type:P dur:2 cpbdur:2 q:35.23 aq:30.48 tex:43525 mv:10976 misc:2355 imb:945 pmb:749 smb:1906 d:- ref:0 ;
in:174 out:174 type:B dur:2 cpbdur:2 q:35.23 aq:34.85 tex:15869 mv:10211 misc:2352 imb:394 pmb:699 smb:2507 d:- ref:0 ;
in:173 out:175 type:b dur:2 cpbdur:2 q:35.23 aq:35.71 tex:10222 mv:7220 misc:2062 imb:258 pmb:568 smb:2774 d:- ref:0 ;
in:175 out:176 type:b dur:2 cpbdur:2 q:35.23 aq:35.36 tex:10169 mv:7394 misc:2189 imb:305 pmb:559 smb:2736 d:- ref:0 ;
in:179 out:177 type:P dur:2 cpbdur:2 q:35.28 aq:33.02 tex:16216 mv:8240 misc:2264 imb:718 pmb:578 smb:2304 d:- ref:0 ;
in:177 out:178 type:B dur:2 cpbdur:2 q:35.25 aq:32.78 tex:10395 mv:7102 misc:2119 imb:155 pmb:641 smb:2804 d:- ref:0 ;
in:178 out:179 type:b dur:2 cpbdur:2 q:35.27 aq:35.48 tex:11131 mv:7105 misc:2068 imb:256 pmb:544 smb:2800 d:- ref:0 ;
in:180 out:180 type:I dur:2 cpbdur:2 q:32.07 aq:26.67 tex:163669 mv:34233 misc:506 imb:3600 pmb:0 smb:0 d:- ref:;
in:184 out:181 type:P dur:2 cpbdur:2 q:35.52 aq:31.07 tex:40077 mv:10900 misc:2175 imb:938 pmb:749 smb:1913 d:- ref:0 ;
in:182 out:182 type:B dur:2 cpbdur:2 q:35.52 aq:33.68 tex:17130 mv:9861 misc:2417 imb:306 pmb:770 smb:2524 d:- ref:0 ;
in:181 out:183 type:b dur:2 cpbdur:2 q:35.52 aq:36.84 tex:8351 mv:7027 misc:2014 imb:195 pmb:586 smb:2819 d:- ref:0 ;
in:183 out:184 type:b dur:2 cpbdur:2 q:35.52 aq:35.44 tex:7970 mv:7406 misc:2176 imb:223 pmb:680 smb:2697 d:- ref:0 ;
in:188 out:185 type:P dur:2 cpbdur:2 q:35.55 aq:31.16 tex:41257 mv:11310 misc:2273 imb:1062 pmb:734 smb:1804 d:- ref:0 ;
in:186 out:186 type:B dur:2 cpbdur:2 q:35.53 aq:35.44 tex:13103 mv:9565 misc:2276 imb:305 pmb:712 smb:2583 d:- ref:0 ;
in:185 out:187 type:b dur:2 cpbdur:2 q:35.53 aq:36.82 tex:9250 mv:7145 misc:2045 imb:255 pmb:603 smb:2742 d:- ref:0 ;
in:187 out:188 type:b dur:2 cpbdur:2 q:35.54 aq:36.76 tex:10135 mv:6235 misc:1958 imb:180 pmb:512 smb:2908 d:- ref:0 ;
in:192 out:189 type:P dur:2 cpbdur:2 q:35.51 aq:30.08 tex:42009 mv:11541 misc:2314 imb:1117 pmb:743 smb:1740 d:- ref:0 ;
in:190 out:190 type:B dur:2 cpbdur:2 q:35.53 aq:34.14 tex:12191 mv:10163 misc:2446 imb:355 pmb:829 smb:2416 d:- ref:0 ;
in:189 out:191 type:b dur:2 cpbdur:2 q:35.54 aq:36.62 tex:8893 mv:6337 misc:1986 imb:198 pmb:583 smb:2819 d:- ref:0 ;
in:191 out:192 type:b dur:2 cpbdur:2 q:35.52 aq:36.91 tex:9318 mv:6783 misc:2035 imb:233 pmb:550 smb:2817 d:- ref:0 ;
in:196 out:193 type:P dur:2 cpbdur:2 q:35.75 aq:31.59 tex:42233 mv:11549 misc:2130 imb:1091 pmb:747 smb:1762 d:- ref:0 ;
in:194 out:194 type:B dur:2 cpbdur:2 q:35.63 aq:36.03 tex:12660 mv:9511 misc:2357 imb:315 pmb:800 smb:2485 d:- ref:0 ;
in:193 out:195 type:b dur:2 cpbdur:2 q:35.57 aq:37.74 tex:7329 mv:7182 misc:2065 imb:237 pmb:597 smb:2766 d:- ref:0 ;
in:195 out:196 type:b dur:2 cpbdur:2 q:35.69 aq:36.74 tex:6991 mv:6328 misc:1945 imb:217 pmb:539 smb:2844 d:- ref:0 ;
in:200 out:197 type:P dur:2 cpbdur:2 q:35.79 aq:31.00 tex:38946 mv:11246 misc:2224 imb:1052 pmb:745 smb:1803 d:- ref:0 ;
in:198 out:198 type:B dur:2 cpbdur:2 q:35.77 aq:34.45 tex:13609 mv:9457 misc:2446 imb:343 pmb:747 smb:2510 d:- ref:0 ;
in:197 out:199 type:b dur:2 cpbdur:2 q:35.76 aq:35.52 tex:8047 mv:6214 misc:1971 imb:219 pmb:552 smb:2829 d:- ref:0 ;
in:199 out:200 type:b dur:2 cpbdur:2 q:35.78 aq:35.25 tex:8684 mv:6483 misc:1993 imb:275 pmb:549 smb:2776 d:- ref:0 ;
in:204 out:201 type:P dur:2 cpbdur:2 q:35.81 aq:30.16 tex:45182 mv:10610 misc:2232 imb:943 pmb:740 smb:1917 d:- ref:0 ;
in:202 out:202 type:B dur:2 cpbdur:2 q:35.80 aq:35.70 tex:13261 mv:8617 misc:2298 imb:313 pmb:709 smb:2578 d:- ref:0 ;
in:201 out:203 type:b dur:2 cpbdur:2 q:35.79 aq:34.99 tex:6587 mv:6001 misc:2036 imb:220 pmb:567 smb:2813 d:- ref:0 ;
in:203 out:204 type:b dur:2 cpbdur:2 q:35.80 aq:37.23 tex:7624 mv:5798 misc:1986 imb:211 pmb:562 smb:2827 d:- ref:0 ;
in:208 out:205 type:P dur:2 cpbdur:2 q:35.83 aq:32.22 tex:37901 mv:11229 misc:2342 imb:892 pmb:830 smb:1878 d:- ref:0 ;
in:206 out:206 type:B dur:2 cpbdur:2 q:35.82 aq:35.11 tex:12344 mv:9333 misc:2451 imb:352 pmb:740 smb:2508 d:- ref:0 ;
in:205 out:207 type:b dur:2 cpbdur:2 q:35.81 aq:35.84 tex:6494 mv:5150 misc:1972 imb:133 pmb:571 smb:2896 d:- ref:0 ;
in:207 out:208 type:b dur:2 cpbdur:2 q:35.82 aq:37.12 tex:5735 mv:6754 misc:2151 imb:248 pmb:632 smb:2720 d:- ref:0 ;
in:212 out:209 type:P dur:2 cpbdur:2 q:35.80 aq:31.95 tex:46105 mv:10985 misc:2446 imb:947 pmb:783 smb:1870 d:- ref:0 ;
in:210 out:210 type:B dur:2 cpbdur:2 q:35.82 aq:35.25 tex:13773 mv:10203 misc:2440 imb:328 pmb:860 smb:2412 d:- ref:0 ;
in:209 out:211 type:b dur:2 cpbdur:2 q:35.82 aq:36.49 tex:5396 mv:5663 misc:1933 imb:132 pmb:617 smb:2851 d:- ref:0 ;
in:211 out:212 type:b dur:2 cpbdur:2 q:35.81 aq:37.60 tex:5884 mv:5275 misc:2001 imb:128 pmb:625 smb:2847 d:- ref:0 ;
in:216 out:213 type:P dur:2 cpbdur:2 q:35.82 aq:31.06 tex:41894 mv:10516 misc:2414 imb:849 pmb:805 smb:1946 d:- ref:0 ;
in:214 out:214 type:B dur:2 cpbdur:2 q:35.81 aq:35.18 tex:10275 mv:7990 misc:2335 imb:261 pmb:635 smb:2704 d:- ref:0 ;
in:213 out:215 type:b dur:2 cpbdur:2 q:35.81 aq:36.48 tex:5701 mv:5010 misc:1897 imb:144 pmb:510 smb:2946 d:- ref:0 ;
in:215 out:216 type:b dur:2 cpbdur:2 q:35.82 aq:36.54 tex:5972 mv:4350 misc:1782 imb:122 pmb:425 smb:3053 d:- ref:0 ;
in:220 out:217 type:P dur:2 cpbdur:2 q:35.80 aq:30.63 tex:45861 mv:10907 misc:2200 imb:939 pmb:795 smb:1866 d:- ref:0 ;
in:218 out:218 type:B dur:2 cpbdur:2 q:35.81 aq:34.26 tex:11690 mv:7494 misc:2192 imb:227 pmb:608 smb:2765 d:- ref:0 ;
in:217 out:219 type:b dur:2 cpbdur:2 q:35.82 aq:34.15 tex:6907 mv:4820 misc:1937 imb:170 pmb:416 smb:3014 d:- ref:0 ;
in:219 out:220 type:b dur:2 cpbdur:2 q:35.81 aq:35.51 tex:6782 mv:4178 misc:1720 imb:151 pmb:384 smb:3065 d:- ref:0 ;
in:224 out:221 type:P dur:2 cpbdur:2 q:35.80 aq:30.85 tex:49182 mv:10736 misc:2298 imb:1046 pmb:810 smb:1744 d:- ref:0 ;
in:222 out:222 type:B dur:2 cpbdur:2 q:35.80 aq:35.41 tex:13157 mv:7584 misc:2163 imb:210 pmb:691 smb:2699 d:- ref:0 ;
in:221 out:223 type:b dur:2 cpbdur:2 q:35.80 aq:36.88 tex:6473 mv:5213 misc:1906 imb:147 pmb:510 smb:2943 d:- ref:0 ;
in:223 out:224 type:b dur:2 cpbdur:2 q:35.80 aq:34.29 tex:5331 mv:4256 misc:1621 imb:160 pmb:445 smb:2995 d:- ref:0 ;
in:228 out:225 type:P dur:2 cpbdur:2 q:35.78 aq:30.78 tex:50127 mv:9824 misc:2257 imb:946 pmb:809 smb:1845 d:- ref:0 ;
in:226 out:226 type:B dur:2 cpbdur:2 q:35.79 aq:35.21 tex:9952 mv:5985 misc:1927 imb:182 pmb:645 smb:2773 d:- ref:0 ;
in:225 out:227 type:b dur:2 cpbdur:2 q:35.80 aq:36.93 tex:4325 mv:3469 misc:1542 imb:85 pmb:436 smb:3079 d:- ref:0 ;
in:227 out:228 type:b dur:2 cpbdur:2 q:35.78 aq:36.55 tex:7390 mv:4004 misc:1526 imb:174 pmb:476 smb:2950 d:- ref:0 ;
in:232 out:229 type:P dur:2 cpbdur:2 q:35.76 aq:30.05 tex:63076 mv:10219 misc:2337 imb:875 pmb:891 smb:1834 d:- ref:0 ;
in:230 out:230 type:B dur:2 cpbdur:2 q:35.77 aq:34.11 tex:9571 mv:5499 misc:2250 imb:180 pmb:643 smb:2777 d:- ref:0 ;
in:229 out:231 type:b dur:2 cpbdur:2 q:35.77 aq:36.61 tex:4721 mv:3379 misc:1572 imb:151 pmb:367 smb:3082 d:- ref:0 ;
in:231 out:232 type:b dur:2 cpbdur:2 q:35.77 aq:37.06 tex:4069 mv:2523 misc:1496 imb:67 pmb:404 smb:3129 d:- ref:0 ;
in:236 out:233 type:P dur:2 cpbdur:2 q:35.77 aq:27.92 tex:84274 mv:11841 misc:2581 imb:1068 pmb:1000 smb:1532 d:- ref:0 ;
in:234 out:234 type:B dur:2 cpbdur:2 q:35.77 aq:35.00 tex:7011 mv:4869 misc:1888 imb:163 pmb:567 smb:2870 d:- ref:0 ;
in:233 out:235 type:b dur:2 cpbdur:2 q:35.76 aq:37.37 tex:4543 mv:2894 misc:1363 imb:183 pmb:283 smb:3134 d:- ref:0 ;
in:235 out:236 type:b dur:2 cpbdur:2 q:35.77 aq:36.31 tex:2740 mv:1637 misc:1183 imb:25 pmb:294 smb:3281 d:- ref:0 ;
in:237 out:237 type:P dur:2 cpbdur:2 q:35.80 aq:26.21 tex:56567 mv:6778 misc:3007 imb:553 pmb:812 smb:2235 d:- ref:0 ;
in:239 out:238 type:P dur:2 cpbdur:2 q:35.81 aq:33.64 tex:8783 mv:2405 misc:1460 imb:234 pmb:254 smb:3112 d:- ref:0 ;
in:238 out:239 type:b dur:2 cpbdur:2 q:35.81 aq:36.46 tex:989 mv:631 misc:572 imb:3 pmb:102 smb:3495 d:- ref:0 ;
in:240 out:240 type:I dur:2 cpbdur:2 q:32.83 aq:21.28 tex:381204 mv:54871 misc:493 imb:3600 pmb:0 smb:0 d:- ref:;
in:244 out:241 type:P dur:2 cpbdur:2 q:36.28 aq:25.40 tex:4605 mv:831 misc:388 imb:39 pmb:45 smb:3516 d:- ref:0 ;
in:242 out:242 type:B dur:2 cpbdur:2 q:36.28 aq:33.68 tex:822 mv:562 misc:344 imb:9 pmb:46 smb:3545 d:- ref:0 ;
in:241 out:243 type:b dur:2 cpbdur:2 q:36.28 aq:33.47 tex:683 mv:391 misc:326 imb:7 pmb:35 smb:3558 d:- ref:0 ;
in:243 out:244 type:b dur:2 cpbdur:2 q:36.28 aq:35.32 tex:670 mv:401 misc:313 imb:6 pmb:36 smb:3558 d:- ref:0 ;
in:247 out:245 type:P dur:2 cpbdur:2 q:36.21 aq:23.39 tex:3345 mv:783 misc:392 imb:30 pmb:51 smb:3519 d:- ref:0 ;
in:245 out:246 type:B dur:2 cpbdur:2 q:36.26 aq:34.56 tex:1083 mv:488 misc:341 imb:7 pmb:46 smb:3547 d:- ref:0 ;
in:246 out:247 type:b dur:2 cpbdur:2 q:36.23 aq:32.61 tex:860 mv:559 misc:341 imb:5 pmb:42 smb:3553 d:- ref:0 ;
in:251 out:248 type:P dur:2 cpbdur:2 q:35.99 aq:23.20 tex:6829 mv:841 misc:378 imb:39 pmb:46 smb:3515 d:- ref:0 ;
in:249 out:249 type:B dur:2 cpbdur:2 q:36.10 aq:33.79 tex:593 mv:529 misc:334 imb:6 pmb:44 smb:3550 d:- ref:0 ;
in:248 out:250 type:b dur:2 cpbdur:2 q:36.16 aq:34.42 tex:835 mv:480 misc:325 imb:8 pmb:43 smb:3549 d:- ref:0 ;
in:250 out:251 type:b dur:2 cpbdur:2 q:36.05 aq:33.59 tex:1100 mv:510 misc:318 imb:8 pmb:42 smb:3550 d:- ref:0 ;
in:255 out:252 type:P dur:2 cpbdur:2 q:36.32 aq:24.17 tex:2970 mv:360 misc:390 imb:16 pmb:34 smb:3550 d:- ref:0 ;
in:253 out:253 type:B dur:2 cpbdur:2 q:36.16 aq:29.18 tex:397 mv:175 misc:300 imb:1 pmb:25 smb:3574 d:- ref:0 ;
in:252 out:254 type:b dur:2 cpbdur:2 q:36.08 aq:32.01 tex:267 mv:173 misc:280 imb:0 pmb:25 smb:3575 d:- ref:0 ;
in:254 out:255 type:b dur:2 cpbdur:2 q:36.24 aq:31.97 tex:196 mv:141 misc:255 imb:0 pmb:17 smb:3583 d:- ref:0 ;
in:259 out:256 type:P dur:2 cpbdur:2 q:36.04 aq:23.29 tex:3915 mv:453 misc:392 imb:18 pmb:45 smb:3537 d:- ref:0 ;
in:257 out:257 type:B dur:2 cpbdur:2 q:36.18 aq:32.74 tex:451 mv:186 misc:331 imb:1 pmb:28 smb:3571 d:- ref:0 ;
in:256 out:258 type:b dur:2 cpbdur:2 q:36.25 aq:32.11 tex:152 mv:167 misc:265 imb:2 pmb:16 smb:3582 d:- ref:0 ;
in:258 out:259 type:b dur:2 cpbdur:2 q:36.11 aq:32.11 tex:269 mv:162 misc:305 imb:0 pmb:27 smb:3573 d:- ref:0 ;
in:263 out:260 type:P dur:2 cpbdur:2 q:35.78 aq:23.27 tex:2161 mv:343 misc:440 imb:13 pmb:37 smb:3550 d:- ref:0 ;
in:261 out:261 type:B dur:2 cpbdur:2 q:35.91 aq:31.63 tex:632 mv:207 misc:297 imb:1 pmb:28 smb:3571 d:- ref:0 ;
in:260 out:262 type:b dur:2 cpbdur:2 q:35.97 aq:34.87 tex:186 mv:186 misc:276 imb:0 pmb:22 smb:3578 d:- ref:0 ;
in:262 out:263 type:b dur:2 cpbdur:2 q:35.84 aq:31.29 tex:343 mv:148 misc:269 imb:0 pmb:22 smb:3578 d:- ref:0 ;
in:266 out:264 type:P dur:2 cpbdur:2 q:35.48 aq:24.83 tex:6362 mv:592 misc:462 imb:22 pmb:49 smb:3529 d:- ref:0 ;
in:264 out:265 type:B dur:2 cpbdur:2 q:35.68 aq:33.08 tex:314 mv:247 misc:327 imb:1 pmb:36 smb:3563 d:- ref:0 ;
in:265 out:266 type:b dur:2 cpbdur:2 q:35.58 aq:34.88 tex:397 mv:254 misc:317 imb:1 pmb:32 smb:3567 d:- ref:0 ;
in:270 out:267 type:P dur:2 cpbdur:2 q:35.25 aq:25.78 tex:3261 mv:457 misc:490 imb:14 pmb:54 smb:3532 d:- ref:0 ;
in:268 out:268 type:B dur:2 cpbdur:2 q:35.37 aq:32.22 tex:673 mv:296 misc:319 imb:0 pmb:35 smb:3565 d:- ref:0 ;
in:267 out:269 type:b dur:2 cpbdur:2 q:35.42 aq:31.91 tex:257 mv:197 misc:290 imb:2 pmb:20 smb:3578 d:- ref:0 ;
in:269 out:270 type:b dur:2 cpbdur:2 q:35.31 aq:33.92 tex:369 mv:210 misc:293 imb:0 pmb:25 smb:3575 d:- ref:0 ;
in:274 out:271 type:P dur:2 cpbdur:2 q:34.94 aq:22.70 tex:4782 mv:691 misc:495 imb:24 pmb:63 smb:3513 d:- ref:0 ;
in:272 out:272 type:B dur:2 cpbdur:2 q:35.10 aq:32.62 tex:903 mv:288 misc:297 imb:0 pmb:40 smb:3560 d:- ref:0 ;
in:271 out:273 type:b dur:2 cpbdur:2 q:35.17 aq:35.24 tex:421 mv:148 misc:271 imb:2 pmb:18 smb:3580 d:- ref:0 ;
in:273 out:274 type:b dur:2 cpbdur:2 q:35.02 aq:34.44 tex:649 mv:273 misc:286 imb:0 pmb:28 smb:3572 d:- ref:0 ;
in:278 out:275 type:P dur:2 cpbdur:2 q:34.65 aq:24.75 tex:4870 mv:685 misc:469 imb:30 pmb:50 smb:3520 d:- ref:0 ;
in:276 out:276 type:B dur:2 cpbdur:2 q:34.80 aq:33.94 tex:1443 mv:463 misc:326 imb:3 pmb:40 smb:3557 d:- ref:0 ;
in:275 out:277 type:b dur:2 cpbdur:2 q:34.87 aq:35.29 tex:880 mv:401 misc:287 imb:3 pmb:25 smb:3572 d:- ref:0 ;
in:277 out:278 type:b dur:2 cpbdur:2 q:34.72 aq:35.48 tex:957 mv:423 misc:284 imb:2 pmb:30 smb:3568 d:- ref:0 ;
in:282 out:279 type:P dur:2 cpbdur:2 q:34.38 aq:27.65 tex:9854 mv:775 misc:531 imb:28 pmb:67 smb:3505 d:- ref:0 ;
in:280 out:280 type:B dur:2 cpbdur:2 q:34.52 aq:32.37 tex:2086 mv:546 misc:336 imb:5 pmb:48 smb:3547 d:- ref:0 ;
in:279 out:281 type:b dur:2 cpbdur:2 q:34.58 aq:33.93 tex:800 mv:332 misc:300 imb:3 pmb:32 smb:3565 d:- ref:0 ;
in:281 out:282 type:b dur:2 cpbdur:2 q:34.45 aq:34.29 tex:676 mv:381 misc:311 imb:0 pmb:43 smb:3557 d:- ref:0 ;
in:286 out:283 type:P dur:2 cpbdur:2 q:34.14 aq:26.70 tex:5875 mv:811 misc:514 imb:15 pmb:71 smb:3514 d:- ref:0 ;
in:284 out:284 type:B dur:2 cpbdur:2 q:34.26 aq:32.50 tex:2395 mv:500 misc:345 imb:2 pmb:48 smb:3550 d:- ref:0 ;
in:283 out:285 type:b dur:2 cpbdur:2 q:34.32 aq:34.71 tex:967 mv:389 misc:324 imb:0 pmb:36 smb:3564 d:- ref:0 ;
in:285 out:286 type:b dur:2 cpbdur:2 q:34.20 aq:34.16 tex:776 mv:462 misc:322 imb:0 pmb:38 smb:3562 d:- ref:0 ;
in:288 out:287 type:P dur:2 cpbdur:2 q:33.87 aq:23.75 tex:6169 mv:791 misc:832 imb:20 pmb:119 smb:3461 d:- ref:0 ;
in:287 out:288 type:b dur:2 cpbdur:2 q:34.00 aq:33.51 tex:1112 mv:433 misc:327 imb:0 pmb:44 smb:3556 d:- ref:0 ;
in:290 out:289 type:P dur:2 cpbdur:2 q:33.74 aq:21.96 tex:5592 mv:726 misc:642 imb:16 pmb:91 smb:3493 d:- ref:0 ;
in:289 out:290 type:b dur:2 cpbdur:2 q:33.80 aq:34.85 tex:969 mv:408 misc:319 imb:0 pmb:39 smb:3561 d:- ref:0 ;
in:292 out:291 type:P dur:2 cpbdur:2 q:33.62 aq:22.35 tex:6085 mv:837 misc:646 imb:17 pmb:92 smb:3491 d:- ref:0 ;
in:291 out:292 type:b dur:2 cpbdur:2 q:33.68 aq:32.98 tex:931 mv:490 misc:323 imb:0 pmb:47 smb:3553 d:- ref:0 ;
in:294 out:293 type:P dur:2 cpbdur:2 q:33.47 aq:21.55 tex:6313 mv:878 misc:801 imb:20 pmb:116 smb:3464 d:- ref:0 ;
in:293 out:294 type:b dur:2 cpbdur:2 q:33.55 aq:33.13 tex:1212 mv:484 misc:328 imb:0 pmb:43 smb:3557 d:- ref:0 ;
in:295 out:295 type:P dur:2 cpbdur:2 q:33.35 aq:21.67 tex:6985 mv:756 misc:755 imb:14 pmb:112 smb:3474 d:- ref:0 ;
in:298 out:296 type:P dur:2 cpbdur:2 q:33.29 aq:22.43 tex:6916 mv:854 misc:542 imb:22 pmb:79 smb:3499 d:- ref:0 ;
in:296 out:297 type:B dur:2 cpbdur:2 q:33.33 aq:32.69 tex:1655 mv:617 misc:368 imb:0 pmb:53 smb:3547 d:- ref:0 ;
in:297 out:298 type:b dur:2 cpbdur:2 q:33.31 aq:33.33 tex:999 mv:538 misc:327 imb:0 pmb:47 smb:3553 d:- ref:0 ;
in:299 out:299 type:P dur:2 cpbdur:2 q:33.10 aq:19.65 tex:7726 mv:928 misc:1082 imb:23 pmb:171 smb:3406 d:- ref:0 ;
in:300 out:300 type:I dur:2 cpbdur:2 q:31.42 aq:19.90 tex:455561 mv:63383 misc:520 imb:3600 pmb:0 smb:0 d:- ref:;
in:304 out:301 type:P dur:2 cpbdur:2 q:33.65 aq:20.43 tex:17050 mv:972 misc:674 imb:44 pmb:99 smb:3457 d:- ref:0 ;
in:302 out:302 type:B dur:2 cpbdur:2 q:33.65 aq:34.60 tex:1497 mv:505 misc:334 imb:1 pmb:53 smb:3546 d:- ref:0 ;
in:301 out:303 type:b dur:2 cpbdur:2 q:33.65 aq:34.23 tex:1678 mv:587 misc:311 imb:6 pmb:53 smb:3541 d:- ref:0 ;
in:303 out:304 type:b dur:2 cpbdur:2 q:33.65 aq:31.50 tex:923 mv:313 misc:316 imb:1 pmb:36 smb:3563 d:- ref:0 ;
in:308 out:305 type:P dur:2 cpbdur:2 q:33.45 aq:22.80 tex:7282 mv:630 misc:456 imb:9 pmb:64 smb:3527 d:- ref:0 ;
in:306 out:306 type:B dur:2 cpbdur:2 q:33.55 aq:32.69 tex:2255 mv:579 misc:310 imb:0 pmb:39 smb:3561 d:- ref:0 ;
in:305 out:307 type:b dur:2 cpbdur:2 q:33.60 aq:32.86 tex:1076 mv:393 misc:307 imb:0 pmb:33 smb:3567 d:- ref:0 ;
in:307 out:308 type:b dur:2 cpbdur:2 q:33.50 aq:34.56 tex:825 mv:319 misc:304 imb:0 pmb:33 smb:3567 d:- ref:0 ;
in:312 out:309 type:P dur:2 cpbdur:2 q:33.23 aq:24.78 tex:10476 mv:769 misc:531 imb:17 pmb:83 smb:3500 d:- ref:0 ;
in:310 out:310 type:B dur:2 cpbdur:2 q:33.34 aq:32.35 tex:2602 mv:614 misc:360 imb:1 pmb:52 smb:3547 d:- ref:0 ;
in:309 out:311 type:b dur:2 cpbdur:2 q:33.39 aq:33.55 tex:800 mv:365 misc:323 imb:0 pmb:37 smb:3563 d:- ref:0 ;
in:311 out:312 type:b dur:2 cpbdur:2 q:33.29 aq:33.76 tex:1060 mv:444 misc:304 imb:0 pmb:37 smb:3563 d:- ref:0 ;
in:316 out:313 type:P dur:2 cpbdur:2 q:33.48 aq:26.56 tex:11450 mv:644 misc:410 imb:20 pmb:52 smb:3528 d:- ref:0 ;
in:314 out:314 type:B dur:2 cpbdur:2 q:33.35 aq:32.29 tex:2171 mv:694 misc:359 imb:0 pmb:55 smb:3545 d:- ref:0 ;
in:313 out:315 type:b dur:2 cpbdur:2 q:33.29 aq:32.82 tex:609 mv:355 misc:300 imb:0 pmb:26 smb:3574 d:- ref:0 ;
in:315 out:316 type:b dur:2 cpbdur:2 q:33.42 aq:34.14 tex:834 mv:343 misc:335 imb:0 pmb:41 smb:3559 d:- ref:0 ;
in:320 out:317 type:P dur:2 cpbdur:2 q:33.20 aq:25.21 tex:8251 mv:749 misc:456 imb:13 pmb:68 smb:3519 d:- ref:0 ;
in:318 out:318 type:B dur:2 cpbdur:2 q:33.34 aq:29.39 tex:2735 mv:708 misc:317 imb:1 pmb:57 smb:3542 d:- ref:0 ;
in:317 out:319 type:b dur:2 cpbdur:2 q:33.41 aq:33.50 tex:957 mv:452 misc:303 imb:0 pmb:37 smb:3563 d:- ref:0 ;
in:319 out:320 type:b dur:2 cpbdur:2 q:33.27 aq:33.65 tex:909 mv:466 misc:313 imb:0 pmb:44 smb:3556 d:- ref:0 ;
in:324 out:321 type:P dur:2 cpbdur:2 q:32.98 aq:23.87 tex:9184 mv:804 misc:476 imb:12 pmb:70 smb:3518 d:- ref:0 ;
in:322 out:322 type:B dur:2 cpbdur:2 q:33.09 aq:29.47 tex:3016 mv:766 misc:322 imb:0 pmb:55 smb:3545 d:- ref:0 ;
in:321 out:323 type:b dur:2 cpbdur:2 q:33.14 aq:33.69 tex:1218 mv:502 misc:312 imb:0 pmb:47 smb:3553 d:- ref:0 ;
in:323 out:324 type:b dur:2 cpbdur:2 q:33.04 aq:33.88 tex:1188 mv:512 misc:316 imb:0 pmb:44 smb:3556 d:- ref:0 ;
in:328 out:325 type:P dur:2 cpbdur:2 q:32.75 aq:20.93 tex:9951 mv:908 misc:669 imb:14 pmb:114 smb:3472 d:- ref:0 ;
in:326 out:326 type:B dur:2 cpbdur:2 q:32.87 aq:30.62 tex:3252 mv:724 misc:344 imb:1 pmb:59 smb:3540 d:- ref:0 ;
in:325 out:327 type:b dur:2 cpbdur:2 q:32.92 aq:33.78 tex:977 mv:539 misc:332 imb:0 pmb:46 smb:3554 d:- ref:0 ;
in:327 out:328 type:b dur:2 cpbdur:2 q:32.81 aq:33.66 tex:916 mv:491 misc:329 imb:0 pmb:41 smb:3559 d:- ref:0 ;
in:332 out:329 type:P dur:2 cpbdur:2 q:32.53 aq:22.38 tex:13417 mv:844 misc:587 imb:32 pmb:79 smb:3489 d:- ref:0 ;
in:330 out:330 type:B dur:2 cpbdur:2 q:32.64 aq:32.07 tex:3356 mv:708 misc:336 imb:0 pmb:60 smb:3540 d:- ref:0 ;
in:329 out:331 type:b dur:2 cpbdur:2 q:32.70 aq:32.53 tex:1061 mv:501 misc:342 imb:0 pmb:43 smb:3557 d:- ref:0 ;
in:331 out:332 type:b dur:2 cpbdur:2 q:32.59 aq:33.64 tex:1240 mv:412 misc:316 imb:0 pmb:44 smb:3556 d:- ref:0 ;
in:336 out:333 type:P dur:2 cpbdur:2 q:32.26 aq:23.12 tex:8408 mv:710 misc:650 imb:18 pmb:90 smb:3492 d:- ref:0 ;
in:334 out:334 type:B dur:2 cpbdur:2 q:32.39 aq:28.39 tex:2778 mv:584 misc:318 imb:1 pmb:42 smb:3557 d:- ref:0 ;
in:333 out:335 type:b dur:2 cpbdur:2 q:32.46 aq:31.49 tex:1165 mv:430 misc:309 imb:1 pmb:34 smb:3565 d:- ref:0 ;
in:335 out:336 type:b dur:2 cpbdur:2 q:32.33 aq:31.85 tex:1574 mv:378 misc:312 imb:1 pmb:30 smb:3569 d:- ref:0 ;
in:340 out:337 type:P dur:2 cpbdur:2 q:32.04 aq:23.40 tex:6974 mv:691 misc:647 imb:14 pmb:83 smb:3503 d:- ref:0 ;
in:338 out:338 type:B dur:2 cpbdur:2 q:32.15 aq:29.40 tex:2260 mv:582 misc:318 imb:0 pmb:42 smb:3558 d:- ref:0 ;
in:337 out:339 type:b dur:2 cpbdur:2 q:32.20 aq:32.07 tex:975 mv:447 misc:298 imb:0 pmb:35 smb:3565 d:- ref:0 ;
in:339 out:340 type:b dur:2 cpbdur:2 q:32.10 aq:31.53 tex:1280 mv:449 misc:303 imb:1 pmb:35 smb:3564 d:- ref:0 ;
in:344 out:341 type:P dur:2 cpbdur:2 q:31.82 aq:20.69 tex:9472 mv:744 misc:832 imb:21 pmb:114 smb:3465 d:- ref:0 ;
in:342 out:342 type:B dur:2 cpbdur:2 q:31.93 aq:28.14 tex:2839 mv:601 misc:320 imb:0 pmb:42 smb:3558 d:- ref:0 ;
in:341 out:343 type:b dur:2 cpbdur:2 q:31.99 aq:31.69 tex:1157 mv:446 misc:309 imb:0 pmb:35 smb:3565 d:- ref:0 ;
in:343 out:344 type:b dur:2 cpbdur:2 q:31.88 aq:31.54 tex:1098 mv:345 misc:285 imb:0 pmb:29 smb:3571 d:- ref:0 ;
in:348 out:345 type:P dur:2 cpbdur:2 q:31.61 aq:20.18 tex:10852 mv:879 misc:829 imb:29 pmb:107 smb:3464 d:- ref:0 ;
in:346 out:346 type:B dur:2 cpbdur:2 q:31.72 aq:28.10 tex:3476 mv:626 misc:322 imb:1 pmb:44 smb:3555 d:- ref:0 ;
in:345 out:347 type:b dur:2 cpbdur:2 q:31.77 aq:30.63 tex:1463 mv:508 misc:293 imb:0 pmb:38 smb:3562 d:- ref:0 ;
in:347 out:348 type:b dur:2 cpbdur:2 q:31.66 aq:32.04 tex:1549 mv:377 misc:314 imb:0 pmb:34 smb:3566 d:- ref:0 ;
in:352 out:349 type:P dur:2 cpbdur:2 q:31.33 aq:21.78 tex:11616 mv:916 misc:884 imb:25 pmb:121 smb:3454 d:- ref:0 ;
in:350 out:350 type:B dur:2 cpbdur:2 q:31.47 aq:28.51 tex:3946 mv:599 misc:327 imb:0 pmb:43 smb:3557 d:- ref:0 ;
in:349 out:351 type:b dur:2 cpbdur:2 q:31.54 aq:30.78 tex:1583 mv:444 misc:309 imb:0 pmb:35 smb:3565 d:- ref:0 ;
in:351 out:352 type:b dur:2 cpbdur:2 q:31.40 aq:32.04 tex:1749 mv:498 misc:305 imb:0 pmb:36 smb:3564 d:- ref:0 ;
in:356 out:353 type:P dur:2 cpbdur:2 q:31.12 aq:20.54 tex:14516 mv:985 misc:963 imb:28 pmb:142 smb:3430 d:- ref:0 ;
in:354 out:354 type:B dur:2 cpbdur:2 q:31.23 aq:28.36 tex:3730 mv:723 misc:323 imb:1 pmb:51 smb:3548 d:- ref:0 ;
in:353 out:355 type:b dur:2 cpbdur:2 q:31.28 aq:29.83 tex:1737 mv:511 misc:320 imb:1 pmb:38 smb:3561 d:- ref:0 ;
in:355 out:356 type:b dur:2 cpbdur:2 q:31.17 aq:31.58 tex:1799 mv:498 misc:311 imb:0 pmb:47 smb:3553 d:- ref:0 ;
in:359 out:357 type:P dur:2 cpbdur:2 q:30.91 aq:29.55 tex:4920 mv:470 misc:338 imb:5 pmb:46 smb:3549 d:- ref:0 ;
in:357 out:358 type:B dur:2 cpbdur:2 q:31.05 aq:31.26 tex:2237 mv:656 misc:331 imb:0 pmb:44 smb:3556 d:- ref:0 ;
in:358 out:359 type:b dur:2 cpbdur:2 q:30.98 aq:31.03 tex:1927 mv:540 misc:301 imb:1 pmb:42 smb:3557 d:- ref:0 ;
in:360 out:360 type:I dur:2 cpbdur:2 q:29.06 aq:17.57 tex:608589 mv:85240 misc:539 imb:3600 pmb:0 smb:0 d:- ref:;
in:364 out:361 type:P dur:2 cpbdur:2 q:31.63 aq:20.64 tex:12466 mv:773 misc:601 imb:17 pmb:89 smb:3494 d:- ref:0 ;
in:362 out:362 type:B dur:2 cpbdur:2 q:31.63 aq:29.61 tex:2682 mv:608 misc:302 imb:0 pmb:52 smb:3548 d:- ref:0 ;
in:361 out:363 type:b dur:2 cpbdur:2 q:31.63 aq:31.44 tex:1446 mv:566 misc:324 imb:0 pmb:43 smb:3557 d:- ref:0 ;
in:363 out:364 type:b dur:2 cpbdur:2 q:31.63 aq:29.71 tex:1315 mv:439 misc:286 imb:0 pmb:32 smb:3568 d:- ref:0 ;
in:368 out:365 type:P dur:2 cpbdur:2 q:31.38 aq:19.63 tex:10931 mv:562 misc:499 imb:14 pmb:70 smb:3516 d:- ref:0 ;
in:366 out:366 type:B dur:2 cpbdur:2 q:31.51 aq:29.65 tex:2748 mv:558 misc:310 imb:0 pmb:42 smb:3558 d:- ref:0 ;
in:365 out:367 type:b dur:2 cpbdur:2 q:31.57 aq:31.13 tex:962 mv:403 misc:291 imb:0 pmb:32 smb:3568 d:- ref:0 ;
in:367 out:368 type:b dur:2 cpbdur:2 q:31.44 aq:31.35 tex:920 mv:392 misc:288 imb:0 pmb:28 smb:3572 d:- ref:0 ;
in:372 out:369 type:P dur:2 cpbdur:2 q:31.18 aq:19.45 tex:8147 mv:621 misc:544 imb:12 pmb:69 smb:3519 d:- ref:0 ;
in:370 out:370 type:B dur:2 cpbdur:2 q:31.28 aq:27.72 tex:2679 mv:480 misc:297 imb:0 pmb:39 smb:3561 d:- ref:0 ;
in:369 out:371 type:b dur:2 cpbdur:2 q:31.33 aq:31.35 tex:959 mv:461 misc:292 imb:0 pmb:31 smb:3569 d:- ref:0 ;
in:371 out:372 type:b dur:2 cpbdur:2 q:31.23 aq:30.38 tex:1045 mv:385 misc:298 imb:0 pmb:27 smb:3573 d:- ref:0 ;
in:376 out:373 type:P dur:2 cpbdur:2 q:31.40 aq:19.72 tex:7907 mv:475 misc:370 imb:8 pmb:49 smb:3543 d:- ref:0 ;
in:374 out:374 type:B dur:2 cpbdur:2 q:31.29 aq:28.16 tex:2757 mv:557 misc:294 imb:0 pmb:39 smb:3561 d:- ref:0 ;
in:373 out:375 type:b dur:2 cpbdur:2 q:31.23 aq:30.17 tex:1451 mv:437 misc:272 imb:0 pmb:33 smb:3567 d:- ref:0 ;
in:375 out:376 type:b dur:2 cpbdur:2 q:31.35 aq:28.77 tex:1260 mv:403 misc:297 imb:0 pmb:33 smb:3567 d:- ref:0 ;
in:380 out:377 type:P dur:2 cpbdur:2 q:31.18 aq:20.38 tex:9755 mv:456 misc:373 imb:14 pmb:43 smb:3543 d:- ref:0 ;
in:378 out:378 type:B dur:2 cpbdur:2 q:31.29 aq:29.46 tex:2167 mv:492 misc:309 imb:0 pmb:34 smb:3566 d:- ref:0 ;
in:377 out:379 type:b dur:2 cpbdur:2 q:31.35 aq:31.16 tex:1075 mv:275 misc:282 imb:0 pmb:28 smb:3572 d:- ref:0 ;
in:379 out:380 type:b dur:2 cpbdur:2 q:31.24 aq:30.12 tex:1121 mv:323 misc:260 imb:0 pmb:21 smb:3579 d:- ref:0 ;
in:384 out:381 type:P dur:2 cpbdur:2 q:30.90 aq:18.56 tex:6742 mv:430 misc:500 imb:15 pmb:47 smb:3538 d:- ref:0 ;
in:382 out:382 type:B dur:2 cpbdur:2 q:31.04 aq:28.93 tex:2145 mv:368 misc:287 imb:0 pmb:27 smb:3573 d:- ref:0 ;
in:381 out:383 type:b dur:2 cpbdur:2 q:31.11 aq:30.44 tex:967 mv:319 misc:266 imb:0 pmb:21 smb:3579 d:- ref:0 ;
in:383 out:384 type:b dur:2 cpbdur:2 q:30.97 aq:30.07 tex:845 mv:345 misc:282 imb:0 pmb:24 smb:3576 d:- ref:0 ;
in:388 out:385 type:P dur:2 cpbdur:2 q:30.69 aq:19.07 tex:7306 mv:396 misc:482 imb:11 pmb:46 smb:3543 d:- ref:0 ;
in:386 out:386 type:B dur:2 cpbdur:2 q:30.80 aq:27.62 tex:1397 mv:238 misc:301 imb:0 pmb:22 smb:3578 d:- ref:0 ;
in:385 out:387 type:b dur:2 cpbdur:2 q:30.85 aq:29.59 tex:1442 mv:287 misc:295 imb:0 pmb:26 smb:3574 d:- ref:0 ;
in:387 out:388 type:b dur:2 cpbdur:2 q:30.74 aq:29.29 tex:503 mv:133 misc:244 imb:0 pmb:10 smb:3590 d:- ref:0 ;
in:392 out:389 type:P dur:2 cpbdur:2 q:30.49 aq:18.69 tex:4973 mv:317 misc:558 imb:10 pmb:51 smb:3539 d:- ref:0 ;
in:390 out:390 type:B dur:2 cpbdur:2 q:30.59 aq:27.29 tex:1664 mv:218 misc:254 imb:0 pmb:10 smb:3590 d:- ref:0 ;
in:389 out:391 type:b dur:2 cpbdur:2 q:30.64 aq:29.28 tex:584 mv:156 misc:244 imb:0 pmb:11 smb:3589 d:- ref:0 ;
in:391 out:392 type:b dur:2 cpbdur:2 q:30.54 aq:28.86 tex:839 mv:136 misc:241 imb:0 pmb:10 smb:3590 d:- ref:0 ;
in:396 out:393 type:P dur:2 cpbdur:2 q:30.25 aq:17.87 tex:5407 mv:344 misc:641 imb:8 pmb:69 smb:3523 d:- ref:0 ;
in:394 out:394 type:B dur:2 cpbdur:2 q:30.37 aq:27.29 tex:1303 mv:177 misc:256 imb:0 pmb:10 smb:3590 d:- ref:0 ;
in:393 out:395 type:b dur:2 cpbdur:2 q:30.43 aq:28.86 tex:834 mv:159 misc:239 imb:0 pmb:10 smb:3590 d:- ref:0 ;
in:395 out:396 type:b dur:2 cpbdur:2 q:30.31 aq:29.22 tex:604 mv:157 misc:239 imb:0 pmb:10 smb:3590 d:- ref:0 ;
in:400 out:397 type:P dur:2 cpbdur:2 q:29.95 aq:17.40 tex:6824 mv:496 misc:832 imb:16 pmb:97 smb:3487 d:- ref:0 ;
in:398 out:398 type:B dur:2 cpbdur:2 q:30.10 aq:25.62 tex:1255 mv:195 misc:262 imb:0 pmb:15 smb:3585 d:- ref:0 ;
in:397 out:399 type:b dur:2 cpbdur:2 q:30.18 aq:26.74 tex:680 mv:148 misc:252 imb:0 pmb:12 smb:3588 d:- ref:0 ;
in:399 out:400 type:b dur:2 cpbdur:2 q:30.03 aq:28.78 tex:768 mv:171 misc:253 imb:0 pmb:13 smb:3587 d:- ref:0 ;
in:404 out:401 type:P dur:2 cpbdur:2 q:29.74 aq:17.51 tex:6359 mv:318 misc:691 imb:14 pmb:69 smb:3517 d:- ref:0 ;
in:402 out:402 type:B dur:2 cpbdur:2 q:29.85 aq:22.00 tex:4 mv:21 misc:263 imb:0 pmb:7 smb:3593 d:- ref:0 ;
in:401 out:403 type:b dur:2 cpbdur:2 q:29.90 aq:24.00 tex:5 mv:21 misc:246 imb:0 pmb:7 smb:3593 d:- ref:0 ;
in:403 out:404 type:b dur:2 cpbdur:2 q:29.79 aq:24.00 tex:0 mv:0 misc:216 imb:0 pmb:0 smb:3600 d:- ref:0 ;
in:408 out:405 type:P dur:2 cpbdur:2 q:29.54 aq:18.61 tex:2967 mv:252 misc:693 imb:16 pmb:58 smb:3526 d:- ref:0 ;
in:406 out:406 type:B dur:2 cpbdur:2 q:29.64 aq:22.00 tex:0 mv:0 misc:232 imb:0 pmb:0 smb:3600 d:- ref:0 ;
in:405 out:407 type:b dur:2 cpbdur:2 q:29.69 aq:24.00 tex:0 mv:0 misc:216 imb:0 pmb:0 smb:3600 d:- ref:0 ;
in:407 out:408 type:b dur:2 cpbdur:2 q:29.59 aq:24.00 tex:0 mv:0 misc:216 imb:0 pmb:0 smb:3600 d:- ref:0 ;
in:412 out:409 type:P dur:2 cpbdur:2 q:29.30 aq:14.67 tex:1635 mv:288 misc:741 imb:13 pmb:70 smb:3517 d:- ref:0 ;
in:410 out:410 type:B dur:2 cpbdur:2 q:29.42 aq:22.00 tex:0 mv:0 misc:232 imb:0 pmb:0 smb:3600 d:- ref:0 ;
in:409 out:411 type:b dur:2 cpbdur:2 q:29.48 aq:24.00 tex:0 mv:0 misc:216 imb:0 pmb:0 smb:3600 d:- ref:0 ;
in:411 out:412 type:b dur:2 cpbdur:2 q:29.36 aq:24.00 tex:0 mv:0 misc:216 imb:0 pmb:0 smb:3600 d:- ref:0 ;
in:416 out:413 type:P dur:2 cpbdur:2 q:28.98 aq:13.89 tex:785 mv:185 misc:502 imb:15 pmb:21 smb:3564 d:- ref:0 ;
in:414 out:414 type:B dur:2 cpbdur:2 q:29.14 aq:21.00 tex:0 mv:0 misc:240 imb:0 pmb:0 smb:3600 d:- ref:0 ;
in:413 out:415 type:b dur:2 cpbdur:2 q:29.22 aq:23.00 tex:0 mv:0 misc:216 imb:0 pmb:0 smb:3600 d:- ref:0 ;
in:415 out:416 type:b dur:2 cpbdur:2 q:29.06 aq:23.00 tex:0 mv:0 misc:216 imb:0 pmb:0 smb:3600 d:- ref:0 ;
in:419 out:417 type:P dur:2 cpbdur:2 q:28.76 aq:23.66 tex:5278 mv:429 misc:285 imb:55 pmb:9 smb:3536 d:- ref:0 ;
in:417 out:418 type:B dur:2 cpbdur:2 q:28.91 aq:23.00 tex:6 mv:45 misc:293 imb:0 pmb:21 smb:3579 d:- ref:0 ;
in:418 out:419 type:b dur:2 cpbdur:2 q:28.83 aq:22.94 tex:16 mv:60 misc:268 imb:1 pmb:21 smb:3578 d:- ref:0 ;
in:420 out:420 type:I dur:2 cpbdur:2 q:26.97 aq:16.24 tex:713080 mv:89816 misc:544 imb:3600 pmb:0 smb:0 d:- ref:;
in:424 out:421 type:P dur:2 cpbdur:2 q:29.73 aq:17.39 tex:449 mv:111 misc:448 imb:1 pmb:28 smb:3571 d:- ref:0 ;
in:422 out:422 type:B dur:2 cpbdur:2 q:29.73 aq:22.00 tex:0 mv:0 misc:224 imb:0 pmb:0 smb:3600 d:- ref:0 ;
in:421 out:423 type:b dur:2 cpbdur:2 q:29.73 aq:24.00 tex:0 mv:0 misc:216 imb:0 pmb:0 smb:3600 d:- ref:0 ;
in:423 out:424 type:b dur:2 cpbdur:2 q:29.73 aq:24.00 tex:0 mv:0 misc:216 imb:0 pmb:0 smb:3600 d:- ref:0 ;
in:428 out:425 type:P dur:2 cpbdur:2 q:29.48 aq:14.56 tex:88 mv:44 misc:332 imb:0 pmb:8 smb:3592 d:- ref:0 ;
in:426 out:426 type:B dur:2 cpbdur:2 q:29.60 aq:22.00 tex:0 mv:0 misc:232 imb:0 pmb:0 smb:3600 d:- ref:0 ;
in:425 out:427 type:b dur:2 cpbdur:2 q:29.67 aq:24.00 tex:0 mv:0 misc:216 imb:0 pmb:0 smb:3600 d:- ref:0 ;
in:427 out:428 type:b dur:2 cpbdur:2 q:29.54 aq:24.00 tex:0 mv:0 misc:216 imb:0 pmb:0 smb:3600 d:- ref:0 ;
in:432 out:429 type:P dur:2 cpbdur:2 q:29.17 aq:21.59 tex:85 mv:30 misc:301 imb:0 pmb:9 smb:3591 d:- ref:0 ;
in:430 out:430 type:B dur:2 cpbdur:2 q:29.32 aq:22.00 tex:0 mv:0 misc:232 imb:0 pmb:0 smb:3600 d:- ref:0 ;
in:429 out:431 type:b dur:2 cpbdur:2 q:29.40 aq:24.00 tex:0 mv:0 misc:216 imb:0 pmb:0 smb:3600 d:- ref:0 ;
in:431 out:432 type:b dur:2 cpbdur:2 q:29.25 aq:23.00 tex:0 mv:0 misc:216 imb:0 pmb:0 smb:3600 d:- ref:0 ;
in:436 out:433 type:P dur:2 cpbdur:2 q:29.29 aq:17.00 tex:0 mv:0 misc:256 imb:0 pmb:0 smb:3600 d:- ref:0 ;
in:434 out:434 type:B dur:2 cpbdur:2 q:29.23 aq:21.00 tex:0 mv:0 misc:240 imb:0 pmb:0 smb:3600 d:- ref:0 ;
in:433 out:435 type:b dur:2 cpbdur:2 q:29.20 aq:23.00 tex:0 mv:0 misc:216 imb:0 pmb:0 smb:3600 d:- ref:0 ;
in:435 out:436 type:b dur:2 cpbdur:2 q:29.26 aq:23.00 tex:0 mv:0 misc:216 imb:0 pmb:0 smb:3600 d:- ref:0 ;
in:440 out:437 type:P dur:2 cpbdur:2 q:29.03 aq:17.00 tex:0 mv:0 misc:256 imb:0 pmb:0 smb:3600 d:- ref:0 ;
in:438 out:438 type:B dur:2 cpbdur:2 q:29.16 aq:21.00 tex:0 mv:0 misc:240 imb:0 pmb:0 smb:3600 d:- ref:0 ;
in:437 out:439 type:b dur:2 cpbdur:2 q:29.22 aq:23.00 tex:0 mv:0 misc:216 imb:0 pmb:0 smb:3600 d:- ref:0 ;
in:439 out:440 type:b dur:2 cpbdur:2 q:29.10 aq:23.00 tex:0 mv:0 misc:216 imb:0 pmb:0 smb:3600 d:- ref:0 ;
in:444 out:441 type:P dur:2 cpbdur:2 q:28.78 aq:17.45 tex:106 mv:8 misc:270 imb:0 pmb:2 smb:3598 d:- ref:0 ;
in:442 out:442 type:B dur:2 cpbdur:2 q:28.90 aq:21.00 tex:0 mv:0 misc:240 imb:0 pmb:0 smb:3600 d:- ref:0 ;
in:441 out:443 type:b dur:2 cpbdur:2 q:28.97 aq:23.00 tex:0 mv:0 misc:216 imb:0 pmb:0 smb:3600 d:- ref:0 ;
in:443 out:444 type:b dur:2 cpbdur:2 q:28.84 aq:23.00 tex:0 mv:0 misc:216 imb:0 pmb:0 smb:3600 d:- ref:0 ;
in:447 out:445 type:P dur:2 cpbdur:2 q:28.44 aq:18.05 tex:38 mv:6 misc:268 imb:0 pmb:2 smb:3598 d:- ref:0 ;
in:445 out:446 type:B dur:2 cpbdur:2 q:28.67 aq:23.00 tex:0 mv:0 misc:232 imb:0 pmb:0 smb:3600 d:- ref:0 ;
in:446 out:447 type:b dur:2 cpbdur:2 q:28.56 aq:23.00 tex:0 mv:0 misc:216 imb:0 pmb:0 smb:3600 d:- ref:0 ;
in:448 out:448 type:I dur:2 cpbdur:2 q:26.37 aq:20.58 tex:517373 mv:60933 misc:502 imb:3600 pmb:0 smb:0 d:- ref:;
in:452 out:449 type:P dur:2 cpbdur:2 q:29.16 aq:24.36 tex:168641 mv:14935 misc:1808 imb:1221 pmb:983 smb:1396 d:- ref:0 ;
in:450 out:450 type:B dur:2 cpbdur:2 q:29.16 aq:27.25 tex:65203 mv:13806 misc:2423 imb:393 pmb:1118 smb:2089 d:- ref:0 ;
in:449 out:451 type:b dur:2 cpbdur:2 q:29.16 aq:28.95 tex:43691 mv:12773 misc:2448 imb:394 pmb:1045 smb:2161 d:- ref:0 ;
in:451 out:452 type:b dur:2 cpbdur:2 q:29.16 aq:28.14 tex:40719 mv:10861 misc:2356 imb:409 pmb:924 smb:2267 d:- ref:0 ;
in:456 out:453 type:P dur:2 cpbdur:2 q:29.11 aq:24.89 tex:130706 mv:12291 misc:1979 imb:975 pmb:1042 smb:1583 d:- ref:0 ;
in:454 out:454 type:B dur:2 cpbdur:2 q:29.13 aq:27.37 tex:48901 mv:10244 misc:2423 imb:307 pmb:1065 smb:2228 d:- ref:0 ;
in:453 out:455 type:b dur:2 cpbdur:2 q:29.14 aq:29.34 tex:44785 mv:9757 misc:2306 imb:366 pmb:962 smb:2272 d:- ref:0 ;
in:455 out:456 type:b dur:2 cpbdur:2 q:29.12 aq:27.94 tex:42362 mv:9774 misc:2328 imb:339 pmb:991 smb:2270 d:- ref:0 ;
in:460 out:457 type:P dur:2 cpbdur:2 q:29.04 aq:24.56 tex:143010 mv:12676 misc:1978 imb:940 pmb:1048 smb:1612 d:- ref:0 ;
in:458 out:458 type:B dur:2 cpbdur:2 q:29.08 aq:28.04 tex:48649 mv:9983 misc:2464 imb:318 pmb:999 smb:2283 d:- ref:0 ;
in:457 out:459 type:b dur:2 cpbdur:2 q:29.09 aq:29.64 tex:38076 mv:9546 misc:2186 imb:387 pmb:898 smb:2315 d:- ref:0 ;
in:459 out:460 type:b dur:2 cpbdur:2 q:29.06 aq:28.98 tex:44374 mv:9080 misc:2130 imb:330 pmb:920 smb:2350 d:- ref:0 ;
in:464 out:461 type:P dur:2 cpbdur:2 q:29.35 aq:25.54 tex:130787 mv:12598 misc:1919 imb:986 pmb:1033 smb:1581 d:- ref:0 ;
in:462 out:462 type:B dur:2 cpbdur:2 q:29.19 aq:28.24 tex:47404 mv:10350 misc:2342 imb:298 pmb:1072 smb:2230 d:- ref:0 ;
in:461 out:463 type:b dur:2 cpbdur:2 q:29.12 aq:29.36 tex:41310 mv:9710 misc:2188 imb:324 pmb:1015 smb:2261 d:- ref:0 ;
in:463 out:464 type:b dur:2 cpbdur:2 q:29.27 aq:29.93 tex:40125 mv:9130 misc:2257 imb:307 pmb:1011 smb:2282 d:- ref:0 ;
in:468 out:465 type:P dur:2 cpbdur:2 q:29.81 aq:25.36 tex:127026 mv:12427 misc:1939 imb:1029 pmb:968 smb:1603 d:- ref:0 ;
in:466 out:466 type:B dur:2 cpbdur:2 q:29.58 aq:28.63 tex:42796 mv:9344 misc:2332 imb:224 pmb:992 smb:2384 d:- ref:0 ;
in:465 out:467 type:b dur:2 cpbdur:2 q:29.46 aq:29.57 tex:39176 mv:9504 misc:2104 imb:372 pmb:878 smb:2350 d:- ref:0 ;
in:467 out:468 type:b dur:2 cpbdur:2 q:29.69 aq:30.46 tex:33806 mv:8720 misc:2178 imb:262 pmb:938 smb:2400 d:- ref:0 ;
in:472 out:469 type:P dur:2 cpbdur:2 q:30.27 aq:25.82 tex:111169 mv:11178 misc:2069 imb:844 pmb:993 smb:1763 d:- ref:0 ;
in:470 out:470 type:B dur:2 cpbdur:2 q:30.04 aq:29.34 tex:38383 mv:9442 misc:2303 imb:246 pmb:932 smb:2422 d:- ref:0 ;
in:469 out:471 type:b dur:2 cpbdur:2 q:29.92 aq:30.24 tex:34688 mv:8594 misc:2070 imb:304 pmb:811 smb:2485 d:- ref:0 ;
in:471 out:472 type:b dur:2 cpbdur:2 q:30.16 aq:31.12 tex:30996 mv:8147 misc:2105 imb:289 pmb:803 smb:2508 d:- ref:0 ;
in:476 out:473 type:P dur:2 cpbdur:2 q:30.63 aq:26.67 tex:98682 mv:10987 misc:1963 imb:839 pmb:917 smb:1844 d:- ref:0 ;
in:474 out:474 type:B dur:2 cpbdur:2 q:30.45 aq:30.26 tex:34387 mv:9487 misc:2214 imb:333 pmb:861 smb:2406 d:- ref:0 ;
in:473 out:475 type:b dur:2 cpbdur:2 q:30.36 aq:31.47 tex:30289 mv:7522 misc:2101 imb:251 pmb:799 smb:2550 d:- ref:0 ;
in:475 out:476 type:b dur:2 cpbdur:2 q:30.54 aq:31.35 tex:28738 mv:8066 misc:2036 imb:269 pmb:781 smb:2550 d:- ref:0 ;
in:480 out:477 type:P dur:2 cpbdur:2 q:30.95 aq:26.94 tex:100181 mv:11001 misc:2018 imb:796 pmb:950 smb:1854 d:- ref:0 ;
in:478 out:478 type:B dur:2 cpbdur:2 q:30.79 aq:30.45 tex:32637 mv:9434 misc:2185 imb:242 pmb:876 smb:2482 d:- ref:0 ;
in:477 out:479 type:b dur:2 cpbdur:2 q:30.71 aq:31.90 tex:26959 mv:7795 misc:2094 imb:267 pmb:770 smb:2563 d:- ref:0 ;
in:479 out:480 type:b dur:2 cpbdur:2 q:30.87 aq:32.22 tex:25258 mv:7530 misc:1948 imb:205 pmb:785 smb:2610 d:- ref:0 ;
in:484 out:481 type:P dur:2 cpbdur:2 q:31.19 aq:27.01 tex:107336 mv:11651 misc:1981 imb:810 pmb:967 smb:1823 d:- ref:0 ;
in:482 out:482 type:B dur:2 cpbdur:2 q:31.07 aq:30.86 tex:30921 mv:9602 misc:2261 imb:293 pmb:843 smb:2464 d:- ref:0 ;
in:481 out:483 type:b dur:2 cpbdur:2 q:31.01 aq:31.98 tex:25149 mv:7739 misc:1984 imb:221 pmb:793 smb:2586 d:- ref:0 ;
in:483 out:484 type:b dur:2 cpbdur:2 q:31.13 aq:27.40 tex:20185 mv:7239 misc:2064 imb:209 pmb:758 smb:2633 d:- ref:0 ;
in:488 out:485 type:P dur:2 cpbdur:2 q:31.38 aq:26.42 tex:87495 mv:9289 misc:2040 imb:614 pmb:894 smb:2092 d:- ref:0 ;
in:486 out:486 type:B dur:2 cpbdur:2 q:31.28 aq:30.49 tex:35482 mv:8759 misc:2031 imb:273 pmb:757 smb:2570 d:- ref:0 ;
in:485 out:487 type:b dur:2 cpbdur:2 q:31.24 aq:33.03 tex:12556 mv:5669 misc:1799 imb:173 pmb:574 smb:2853 d:- ref:0 ;
in:487 out:488 type:b dur:2 cpbdur:2 q:31.33 aq:33.07 tex:16815 mv:6018 misc:1751 imb:195 pmb:578 smb:2827 d:- ref:0 ;
in:492 out:489 type:P dur:2 cpbdur:2 q:31.53 aq:26.93 tex:83205 mv:8734 misc:2005 imb:469 pmb:913 smb:2218 d:- ref:0 ;
in:490 out:490 type:B dur:2 cpbdur:2 q:31.46 aq:32.23 tex:31494 mv:8738 misc:1960 imb:227 pmb:764 smb:2609 d:- ref:0 ;
in:489 out:491 type:b dur:2 cpbdur:2 q:31.42 aq:32.90 tex:15887 mv:5781 misc:1876 imb:143 pmb:637 smb:2820 d:- ref:0 ;
in:491 out:492 type:b dur:2 cpbdur:2 q:31.50 aq:33.53 tex:13862 mv:5416 misc:1770 imb:126 pmb:586 smb:2888 d:- ref:0 ;
in:496 out:493 type:P dur:2 cpbdur:2 q:31.68 aq:27.77 tex:80269 mv:9009 misc:1946 imb:573 pmb:889 smb:2138 d:- ref:0 ;
in:494 out:494 type:B dur:2 cpbdur:2 q:31.61 aq:31.23 tex:30812 mv:8618 misc:1962 imb:255 pmb:779 smb:2566 d:- ref:0 ;
in:493 out:495 type:b dur:2 cpbdur:2 q:31.57 aq:32.94 tex:13689 mv:5690 misc:1773 imb:170 pmb:588 smb:2842 d:- ref:0 ;
in:495 out:496 type:b dur:2 cpbdur:2 q:31.65 aq:33.35 tex:11215 mv:5774 misc:1771 imb:171 pmb:597 smb:2832 d:- ref:0 ;
in:500 out:497 type:P dur:2 cpbdur:2 q:31.79 aq:28.03 tex:79678 mv:8973 misc:1941 imb:553 pmb:909 smb:2138 d:- ref:0 ;
in:498 out:498 type:B dur:2 cpbdur:2 q:31.74 aq:31.44 tex:27393 mv:8739 misc:1916 imb:263 pmb:724 smb:2613 d:- ref:0 ;
in:497 out:499 type:b dur:2 cpbdur:2 q:31.71 aq:31.59 tex:11191 mv:5820 misc:1765 imb:187 pmb:597 smb:2816 d:- ref:0 ;
in:499 out:500 type:b dur:2 cpbdur:2 q:31.76 aq:32.58 tex:13752 mv:5573 misc:1699 imb:161 pmb:571 smb:2868 d:- ref:0 ;
in:504 out:501 type:P dur:2 cpbdur:2 q:31.87 aq:26.95 tex:82797 mv:8572 misc:2007 imb:587 pmb:879 smb:2134 d:- ref:0 ;
in:502 out:502 type:B dur:2 cpbdur:2 q:31.83 aq:31.51 tex:27984 mv:7946 misc:1998 imb:231 pmb:711 smb:2658 d:- ref:0 ;
in:501 out:503 type:b dur:2 cpbdur:2 q:31.81 aq:32.84 tex:10358 mv:4745 misc:1737 imb:101 pmb:565 smb:2934 d:- ref:0 ;
in:503 out:504 type:b dur:2 cpbdur:2 q:31.85 aq:32.03 tex:13362 mv:5170 misc:1644 imb:176 pmb:544 smb:2880 d:- ref:0 ;
in:507 out:505 type:P dur:2 cpbdur:2 q:31.93 aq:32.14 tex:15989 mv:3979 misc:1672 imb:253 pmb:420 smb:2927 d:- ref:0 ;
in:505 out:506 type:B dur:2 cpbdur:2 q:31.89 aq:33.87 tex:16292 mv:5408 misc:1748 imb:146 pmb:609 smb:2845 d:- ref:0 ;
in:506 out:507 type:b dur:2 cpbdur:2 q:31.91 aq:33.53 tex:15870 mv:5340 misc:1750 imb:173 pmb:587 smb:2840 d:- ref:0 ;
in:508 out:508 type:I dur:2 cpbdur:2 q:28.30 aq:21.42 tex:486496 mv:60565 misc:515 imb:3600 pmb:0 smb:0 d:- ref:;
in:512 out:509 type:P dur:2 cpbdur:2 q:32.51 aq:25.69 tex:73473 mv:7901 misc:2018 imb:490 pmb:887 smb:2223 d:- ref:0 ;
in:510 out:510 type:B dur:2 cpbdur:2 q:32.51 aq:33.15 tex:20151 mv:6800 misc:1849 imb:189 pmb:654 smb:2757 d:- ref:0 ;
in:509 out:511 type:b dur:2 cpbdur:2 q:32.51 aq:33.63 tex:11803 mv:4426 misc:1427 imb:190 pmb:422 smb:2988 d:- ref:0 ;
in:511 out:512 type:b dur:2 cpbdur:2 q:32.51 aq:32.98 tex:2629 mv:2237 misc:1278 imb:16 pmb:397 smb:3187 d:- ref:0 ;
in:516 out:513 type:P dur:2 cpbdur:2 q:32.56 aq:26.81 tex:56375 mv:5035 misc:1798 imb:254 pmb:685 smb:2661 d:- ref:0 ;
in:514 out:514 type:B dur:2 cpbdur:2 q:32.53 aq:33.31 tex:5165 mv:1780 misc:1215 imb:15 pmb:322 smb:3263 d:- ref:0 ;
in:513 out:515 type:b dur:2 cpbdur:2 q:32.52 aq:34.79 tex:2409 mv:734 misc:385 imb:0 pmb:64 smb:3536 d:- ref:0 ;
in:515 out:516 type:b dur:2 cpbdur:2 q:32.55 aq:34.61 tex:2002 mv:1020 misc:1058 imb:5 pmb:262 smb:3333 d:- ref:0 ;
in:520 out:517 type:P dur:2 cpbdur:2 q:32.51 aq:26.79 tex:79911 mv:7843 misc:1766 imb:465 pmb:908 smb:2227 d:- ref:0 ;
in:518 out:518 type:B dur:2 cpbdur:2 q:32.53 aq:32.89 tex:11735 mv:5528 misc:1657 imb:116 pmb:564 smb:2920 d:- ref:0 ;
in:517 out:519 type:b dur:2 cpbdur:2 q:32.55 aq:34.42 tex:3409 mv:2381 misc:1298 imb:26 pmb:392 smb:3182 d:- ref:0 ;
in:519 out:520 type:b dur:2 cpbdur:2 q:32.52 aq:34.14 tex:4143 mv:2358 misc:1203 imb:38 pmb:345 smb:3217 d:- ref:0 ;
in:524 out:521 type:P dur:2 cpbdur:2 q:32.72 aq:25.51 tex:86933 mv:9033 misc:1898 imb:598 pmb:1047 smb:1955 d:- ref:0 ;
in:522 out:522 type:B dur:2 cpbdur:2 q:32.62 aq:33.15 tex:21106 mv:6843 misc:1739 imb:236 pmb:630 smb:2734 d:- ref:0 ;
in:521 out:523 type:b dur:2 cpbdur:2 q:32.56 aq:34.93 tex:6881 mv:3161 misc:1398 imb:44 pmb:446 smb:3110 d:- ref:0 ;
in:523 out:524 type:b dur:2 cpbdur:2 q:32.67 aq:34.53 tex:5743 mv:3666 misc:1527 imb:95 pmb:445 smb:3060 d:- ref:0 ;
in:528 out:525 type:P dur:2 cpbdur:2 q:32.76 aq:28.03 tex:17115 mv:1213 misc:536 imb:66 pmb:78 smb:3456 d:- ref:0 ;
in:526 out:526 type:B dur:2 cpbdur:2 q:32.74 aq:32.20 tex:4555 mv:979 misc:514 imb:9 pmb:90 smb:3501 d:- ref:0 ;
in:525 out:527 type:b dur:2 cpbdur:2 q:32.73 aq:35.01 tex:1919 mv:563 misc:350 imb:1 pmb:56 smb:3543 d:- ref:0 ;
in:527 out:528 type:b dur:2 cpbdur:2 q:32.75 aq:34.43 tex:1738 mv:586 misc:420 imb:0 pmb:60 smb:3540 d:- ref:0 ;
in:532 out:529 type:P dur:2 cpbdur:2 q:32.66 aq:29.58 tex:53539 mv:5956 misc:1761 imb:342 pmb:787 smb:2471 d:- ref:0 ;
in:530 out:530 type:B dur:2 cpbdur:2 q:32.71 aq:33.85 tex:10627 mv:2851 misc:1322 imb:84 pmb:436 smb:3080 d:- ref:0 ;
in:529 out:531 type:b dur:2 cpbdur:2 q:32.74 aq:32.91 tex:1732 mv:761 misc:611 imb:0 pmb:129 smb:3471 d:- ref:0 ;
in:531 out:532 type:b dur:2 cpbdur:2 q:32.68 aq:35.17 tex:4426 mv:2049 misc:1077 imb:101 pmb:277 smb:3222 d:- ref:0 ;
in:533 out:533 type:P dur:2 cpbdur:2 q:32.64 aq:28.86 tex:31154 mv:3500 misc:1770 imb:191 pmb:571 smb:2838 d:- ref:0 ;
in:537 out:534 type:P dur:2 cpbdur:2 q:32.65 aq:29.07 tex:54483 mv:6252 misc:1729 imb:373 pmb:787 smb:2440 d:- ref:0 ;
in:535 out:535 type:B dur:2 cpbdur:2 q:32.64 aq:32.01 tex:12153 mv:3465 misc:1622 imb:105 pmb:519 smb:2976 d:- ref:0 ;
in:534 out:536 type:b dur:2 cpbdur:2 q:32.64 aq:33.60 tex:2349 mv:1002 misc:913 imb:3 pmb:206 smb:3391 d:- ref:0 ;
in:536 out:537 type:b dur:2 cpbdur:2 q:32.65 aq:35.35 tex:3144 mv:1624 misc:1032 imb:40 pmb:286 smb:3274 d:- ref:0 ;
in:541 out:538 type:P dur:2 cpbdur:2 q:32.56 aq:28.63 tex:52856 mv:5988 misc:1652 imb:276 pmb:821 smb:2503 d:- ref:0 ;
in:539 out:539 type:B dur:2 cpbdur:2 q:32.61 aq:32.46 tex:13237 mv:3939 misc:1664 imb:106 pmb:546 smb:2948 d:- ref:0 ;
in:538 out:540 type:b dur:2 cpbdur:2 q:32.63 aq:34.54 tex:4241 mv:1644 misc:1139 imb:23 pmb:356 smb:3221 d:- ref:0 ;
in:540 out:541 type:b dur:2 cpbdur:2 q:32.58 aq:33.67 tex:2572 mv:1109 misc:919 imb:8 pmb:233 smb:3359 d:- ref:0 ;
in:543 out:542 type:P dur:2 cpbdur:2 q:32.51 aq:26.98 tex:26856 mv:3700 misc:1972 imb:187 pmb:602 smb:2811 d:- ref:0 ;
in:542 out:543 type:b dur:2 cpbdur:2 q:32.54 aq:34.86 tex:12725 mv:3846 misc:1557 imb:124 pmb:600 smb:2876 d:- ref:0 ;
in:547 out:544 type:P dur:2 cpbdur:2 q:32.47 aq:29.22 tex:63672 mv:7538 misc:1990 imb:405 pmb:851 smb:2344 d:- ref:0 ;
in:545 out:545 type:B dur:2 cpbdur:2 q:32.49 aq:32.56 tex:11474 mv:5000 misc:1878 imb:89 pmb:726 smb:2785 d:- ref:0 ;
in:544 out:546 type:b dur:2 cpbdur:2 q:32.50 aq:35.21 tex:13278 mv:4251 misc:1487 imb:206 pmb:495 smb:2899 d:- ref:0 ;
in:546 out:547 type:b dur:2 cpbdur:2 q:32.48 aq:34.26 tex:17953 mv:5722 misc:1829 imb:218 pmb:596 smb:2786 d:- ref:0 ;
in:551 out:548 type:P dur:2 cpbdur:2 q:32.46 aq:28.79 tex:63284 mv:8029 misc:1887 imb:501 pmb:873 smb:2226 d:- ref:0 ;
in:549 out:549 type:B dur:2 cpbdur:2 q:32.47 aq:32.12 tex:27294 mv:8037 misc:2109 imb:240 pmb:823 smb:2537 d:- ref:0 ;
in:548 out:550 type:b dur:2 cpbdur:2 q:32.47 aq:34.78 tex:16108 mv:6282 misc:1794 imb:209 pmb:643 smb:2748 d:- ref:0 ;
in:550 out:551 type:b dur:2 cpbdur:2 q:32.46 aq:34.76 tex:9229 mv:4007 misc:1764 imb:131 pmb:516 smb:2953 d:- ref:0 ;
in:555 out:552 type:P dur:2 cpbdur:2 q:32.43 aq:27.38 tex:78383 mv:9949 misc:1796 imb:684 pmb:906 smb:2010 d:- ref:0 ;
in:553 out:553 type:B dur:2 cpbdur:2 q:32.45 aq:31.84 tex:15450 mv:5798 misc:2072 imb:127 pmb:690 smb:2783 d:- ref:0 ;
in:552 out:554 type:b dur:2 cpbdur:2 q:32.45 aq:33.90 tex:11121 mv:5012 misc:1835 imb:135 pmb:576 smb:2889 d:- ref:0 ;
in:554 out:555 type:b dur:2 cpbdur:2 q:32.44 aq:34.00 tex:15097 mv:5330 misc:1685 imb:191 pmb:627 smb:2782 d:- ref:0 ;
in:559 out:556 type:P dur:2 cpbdur:2 q:32.44 aq:28.36 tex:68982 mv:7891 misc:1911 imb:502 pmb:897 smb:2201 d:- ref:0 ;
in:557 out:557 type:B dur:2 cpbdur:2 q:32.43 aq:31.79 tex:14185 mv:4984 misc:1791 imb:175 pmb:550 smb:2875 d:- ref:0 ;
in:556 out:558 type:b dur:2 cpbdur:2 q:32.43 aq:33.91 tex:10738 mv:4932 misc:1554 imb:181 pmb:535 smb:2884 d:- ref:0 ;
in:558 out:559 type:b dur:2 cpbdur:2 q:32.44 aq:31.33 tex:4096 mv:1507 misc:1037 imb:38 pmb:250 smb:3312 d:- ref:0 ;
in:563 out:560 type:P dur:2 cpbdur:2 q:32.44 aq:28.60 tex:60912 mv:6544 misc:1696 imb:428 pmb:799 smb:2373 d:- ref:0 ;
in:561 out:561 type:B dur:2 cpbdur:2 q:32.44 aq:31.51 tex:14832 mv:4377 misc:1783 imb:115 pmb:662 smb:2823 d:- ref:0 ;
in:560 out:562 type:b dur:2 cpbdur:2 q:32.44 aq:34.26 tex:2930 mv:1133 misc:1025 imb:5 pmb:258 smb:3337 d:- ref:0 ;
in:562 out:563 type:b dur:2 cpbdur:2 q:32.44 aq:35.13 tex:3152 mv:1541 misc:1179 imb:14 pmb:324 smb:3262 d:- ref:0 ;
in:567 out:564 type:P dur:2 cpbdur:2 q:32.52 aq:28.39 tex:68959 mv:9230 misc:1923 imb:692 pmb:863 smb:2045 d:- ref:0 ;
in:565 out:565 type:B dur:2 cpbdur:2 q:32.48 aq:32.09 tex:27821 mv:7915 misc:2056 imb:239 pmb:816 smb:2545 d:- ref:0 ;
in:564 out:566 type:b dur:2 cpbdur:2 q:32.46 aq:33.53 tex:8987 mv:3543 misc:1566 imb:108 pmb:474 smb:3018 d:- ref:0 ;
in:566 out:567 type:b dur:2 cpbdur:2 q:32.50 aq:34.11 tex:12307 mv:4134 misc:1727 imb:154 pmb:510 smb:2936 d:- ref:0 ;
in:568 out:568 type:I dur:2 cpbdur:2 q:29.53 aq:23.79 tex:386058 mv:55983 misc:511 imb:3600 pmb:0 smb:0 d:- ref:;
in:572 out:569 type:P dur:2 cpbdur:2 q:32.94 aq:27.67 tex:62661 mv:7628 misc:1959 imb:466 pmb:813 smb:2321 d:- ref:0 ;
in:570 out:570 type:B dur:2 cpbdur:2 q:32.94 aq:34.58 tex:22463 mv:7555 misc:2014 imb:237 pmb:728 smb:2635 d:- ref:0 ;
in:569 out:571 type:b dur:2 cpbdur:2 q:32.94 aq:34.40 tex:10601 mv:4561 misc:1734 imb:169 pmb:553 smb:2878 d:- ref:0 ;
in:571 out:572 type:b dur:2 cpbdur:2 q:32.94 aq:34.22 tex:11265 mv:4769 misc:1822 imb:129 pmb:593 smb:2878 d:- ref:0 ;
in:576 out:573 type:P dur:2 cpbdur:2 q:32.93 aq:29.13 tex:79100 mv:9220 misc:1784 imb:671 pmb:910 smb:2019 d:- ref:0 ;
in:574 out:574 type:B dur:2 cpbdur:2 q:32.93 aq:32.85 tex:25002 mv:8050 misc:2060 imb:225 pmb:852 smb:2523 d:- ref:0 ;
in:573 out:575 type:b dur:2 cpbdur:2 q:32.93 aq:34.76 tex:9572 mv:3340 misc:1640 imb:91 pmb:459 smb:3050 d:- ref:0 ;
in:575 out:576 type:b dur:2 cpbdur:2 q:32.93 aq:34.33 tex:8289 mv:4028 misc:1707 imb:101 pmb:537 smb:2962 d:- ref:0 ;
in:580 out:577 type:P dur:2 cpbdur:2 q:32.93 aq:29.12 tex:65829 mv:8590 misc:2013 imb:611 pmb:870 smb:2119 d:- ref:0 ;
in:578 out:578 type:B dur:2 cpbdur:2 q:32.93 aq:33.08 tex:26937 mv:8164 misc:1923 imb:328 pmb:742 smb:2530 d:- ref:0 ;
in:577 out:579 type:b dur:2 cpbdur:2 q:32.93 aq:33.41 tex:8115 mv:3478 misc:1647 imb:127 pmb:486 smb:2987 d:- ref:0 ;
in:579 out:580 type:b dur:2 cpbdur:2 q:32.93 aq:34.47 tex:8004 mv:3656 misc:1596 imb:104 pmb:488 smb:3008 d:- ref:0 ;
in:584 out:581 type:P dur:2 cpbdur:2 q:33.08 aq:29.17 tex:59516 mv:8438 misc:1886 imb:644 pmb:837 smb:2119 d:- ref:0 ;
in:582 out:582 type:B dur:2 cpbdur:2 q:33.01 aq:33.05 tex:30049 mv:8821 misc:2026 imb:375 pmb:759 smb:2466 d:- ref:0 ;
in:581 out:583 type:b dur:2 cpbdur:2 q:32.97 aq:34.43 tex:8792 mv:3968 misc:1792 imb:104 pmb:531 smb:2965 d:- ref:0 ;
in:583 out:584 type:b dur:2 cpbdur:2 q:33.04 aq:35.44 tex:7430 mv:3489 misc:1609 imb:91 pmb:475 smb:3034 d:- ref:0 ;
in:588 out:585 type:P dur:2 cpbdur:2 q:33.13 aq:29.34 tex:69607 mv:9114 misc:1775 imb:755 pmb:839 smb:2006 d:- ref:0 ;
in:586 out:586 type:B dur:2 cpbdur:2 q:33.11 aq:33.41 tex:24897 mv:7807 misc:2056 imb:225 pmb:784 smb:2591 d:- ref:0 ;
in:585 out:587 type:b dur:2 cpbdur:2 q:33.10 aq:34.87 tex:8453 mv:3298 misc:1433 imb:125 pmb:368 smb:3107 d:- ref:0 ;
in:587 out:588 type:b dur:2 cpbdur:2 q:33.12 aq:34.73 tex:7405 mv:4035 misc:1800 imb:123 pmb:572 smb:2905 d:- ref:0 ;
in:592 out:589 type:P dur:2 cpbdur:2 q:33.15 aq:29.61 tex:66201 mv:8702 misc:1913 imb:606 pmb:897 smb:2097 d:- ref:0 ;
in:590 out:590 type:B dur:2 cpbdur:2 q:33.14 aq:33.92 tex:26253 mv:8310 misc:2029 imb:292 pmb:766 smb:2542 d:- ref:0 ;
in:589 out:591 type:b dur:2 cpbdur:2 q:33.14 aq:35.42 tex:8889 mv:3603 misc:1580 imb:127 pmb:430 smb:3043 d:- ref:0 ;
in:591 out:592 type:b dur:2 cpbdur:2 q:33.14 aq:35.03 tex:8157 mv:4082 misc:1609 imb:144 pmb:443 smb:3013 d:- ref:0 ;
in:596 out:593 type:P dur:2 cpbdur:2 q:33.17 aq:29.55 tex:65000 mv:9156 misc:2012 imb:659 pmb:895 smb:2046 d:- ref:0 ;
in:594 out:594 type:B dur:2 cpbdur:2 q:33.16 aq:33.56 tex:25091 mv:7705 misc:2052 imb:277 pmb:727 smb:2596 d:- ref:0 ;
in:593 out:595 type:b dur:2 cpbdur:2 q:33.15 aq:34.97 tex:8748 mv:4056 misc:1748 imb:100 pmb:561 smb:2939 d:- ref:0 ;
in:595 out:596 type:b dur:2 cpbdur:2 q:33.17 aq:35.53 tex:7289 mv:3239 misc:1480 imb:120 pmb:417 smb:3063 d:- ref:0 ;
in:600 out:597 type:P dur:2 cpbdur:2 q:33.22 aq:30.67 tex:64883 mv:9080 misc:1949 imb:654 pmb:878 smb:2068 d:- ref:0 ;
in:598 out:598 type:B dur:2 cpbdur:2 q:33.20 aq:32.17 tex:26760 mv:7803 misc:2045 imb:299 pmb:719 smb:2582 d:- ref:0 ;
in:597 out:599 type:b dur:2 cpbdur:2 q:33.18 aq:34.93 tex:8481 mv:3507 misc:1612 imb:123 pmb:440 smb:3037 d:- ref:0 ;
in:599 out:600 type:b dur:2 cpbdur:2 q:33.21 aq:35.35 tex:9994 mv:4218 misc:1700 imb:112 pmb:571 smb:2917 d:- ref:0 ;
in:604 out:601 type:P dur:2 cpbdur:2 q:33.26 aq:30.66 tex:70089 mv:8833 misc:1822 imb:641 pmb:888 smb:2071 d:- ref:0 ;
in:602 out:602 type:B dur:2 cpbdur:2 q:33.24 aq:33.28 tex:23878 mv:8120 misc:2178 imb:308 pmb:756 smb:2536 d:- ref:0 ;
in:601 out:603 type:b dur:2 cpbdur:2 q:33.23 aq:35.70 tex:7974 mv:3962 misc:1600 imb:148 pmb:438 smb:3014 d:- ref:0 ;
in:603 out:604 type:b dur:2 cpbdur:2 q:33.25 aq:34.49 tex:9150 mv:4193 misc:1681 imb:172 pmb:442 smb:2986 d:- ref:0 ;
in:608 out:605 type:P dur:2 cpbdur:2 q:33.28 aq:29.43 tex:88432 mv:11066 misc:1846 imb:765 pmb:949 smb:1886 d:- ref:0 ;
in:606 out:606 type:B dur:2 cpbdur:2 q:33.27 aq:33.63 tex:18361 mv:8443 misc:2100 imb:201 pmb:741 smb:2658 d:- ref:0 ;
in:605 out:607 type:b dur:2 cpbdur:2 q:33.26 aq:35.23 tex:11273 mv:6360 misc:1959 imb:202 pmb:623 smb:2775 d:- ref:0 ;
in:607 out:608 type:b dur:2 cpbdur:2 q:33.27 aq:34.33 tex:10638 mv:6089 misc:1937 imb:204 pmb:616 smb:2780 d:- ref:0 ;
in:612 out:609 type:P dur:2 cpbdur:2 q:33.31 aq:28.30 tex:103011 mv:11228 misc:1873 imb:795 pmb:993 smb:1812 d:- ref:0 ;
in:610 out:610 type:B dur:2 cpbdur:2 q:33.29 aq:33.24 tex:18632 mv:8526 misc:2106 imb:307 pmb:691 smb:2602 d:- ref:0 ;
in:609 out:611 type:b dur:2 cpbdur:2 q:33.29 aq:35.50 tex:11157 mv:5710 misc:1797 imb:184 pmb:539 smb:2877 d:- ref:0 ;
in:611 out:612 type:b dur:2 cpbdur:2 q:33.30 aq:34.58 tex:10903 mv:5604 misc:1989 imb:180 pmb:560 smb:2860 d:- ref:0 ;
in:616 out:613 type:P dur:2 cpbdur:2 q:33.37 aq:25.73 tex:141333 mv:12871 misc:1612 imb:1113 pmb:1043 smb:1444 d:- ref:0 ;
in:614 out:614 type:B dur:2 cpbdur:2 q:33.34 aq:32.83 tex:12289 mv:5858 misc:1861 imb:145 pmb:673 smb:2782 d:- ref:0 ;
in:613 out:615 type:b dur:2 cpbdur:2 q:33.33 aq:34.59 tex:10683 mv:5828 misc:1961 imb:234 pmb:608 smb:2758 d:- ref:0 ;
in:615 out:616 type:b dur:2 cpbdur:2 q:33.36 aq:34.64 tex:7569 mv:2461 misc:1250 imb:91 pmb:363 smb:3146 d:- ref:0 ;
in:620 out:617 type:P dur:2 cpbdur:2 q:33.49 aq:23.56 tex:184428 mv:12079 misc:1285 imb:826 pmb:1293 smb:1481 d:- ref:0 ;
in:618 out:618 type:B dur:2 cpbdur:2 q:33.43 aq:33.13 tex:7038 mv:3177 misc:1585 imb:75 pmb:435 smb:3090 d:- ref:0 ;
in:617 out:619 type:b dur:2 cpbdur:2 q:33.40 aq:33.79 tex:6480 mv:2594 misc:1334 imb:86 pmb:391 smb:3123 d:- ref:0 ;
in:619 out:620 type:b dur:2 cpbdur:2 q:33.46 aq:32.75 tex:277 mv:554 misc:1233 imb:0 pmb:323 smb:3277 d:- ref:0 ;
in:624 out:621 type:P dur:2 cpbdur:2 q:33.62 aq:23.49 tex:15355 mv:1371 misc:1658 imb:38 pmb:347 smb:3215 d:- ref:0 ;
in:622 out:622 type:B dur:2 cpbdur:2 q:33.55 aq:31.40 tex:1580 mv:548 misc:384 imb:1 pmb:54 smb:3545 d:- ref:0 ;
in:621 out:623 type:b dur:2 cpbdur:2 q:33.52 aq:33.07 tex:564 mv:346 misc:338 imb:0 pmb:34 smb:3566 d:- ref:0 ;
in:623 out:624 type:b dur:2 cpbdur:2 q:33.59 aq:32.75 tex:249 mv:200 misc:343 imb:0 pmb:30 smb:3570 d:- ref:0 ;
in:627 out:625 type:P dur:2 cpbdur:2 q:33.64 aq:30.66 tex:3272 mv:531 misc:413 imb:11 pmb:49 smb:3540 d:- ref:0 ;
in:625 out:626 type:B dur:2 cpbdur:2 q:33.63 aq:33.47 tex:506 mv:380 misc:386 imb:0 pmb:46 smb:3554 d:- ref:0 ;
in:626 out:627 type:b dur:2 cpbdur:2 q:33.64 aq:32.62 tex:335 mv:211 misc:342 imb:0 pmb:37 smb:3563 d:- ref:0 ;
in:628 out:628 type:I dur:2 cpbdur:2 q:30.41 aq:20.08 tex:549838 mv:75862 misc:532 imb:3600 pmb:0 smb:0 d:- ref:;
in:632 out:629 type:P dur:2 cpbdur:2 q:34.10 aq:24.27 tex:44630 mv:2075 misc:759 imb:140 pmb:149 smb:3311 d:- ref:0 ;
in:630 out:630 type:B dur:2 cpbdur:2 q:34.10 aq:31.66 tex:1314 mv:506 misc:668 imb:1 pmb:159 smb:3440 d:- ref:0 ;
in:629 out:631 type:b dur:2 cpbdur:2 q:34.10 aq:32.93 tex:669 mv:456 misc:651 imb:1 pmb:142 smb:3457 d:- ref:0 ;
in:631 out:632 type:b dur:2 cpbdur:2 q:34.10 aq:33.21 tex:345 mv:125 misc:298 imb:0 pmb:21 smb:3579 d:- ref:0 ;
in:636 out:633 type:P dur:2 cpbdur:2 q:34.00 aq:24.61 tex:5009 mv:377 misc:542 imb:3 pmb:67 smb:3530 d:- ref:0 ;
in:634 out:634 type:B dur:2 cpbdur:2 q:34.05 aq:30.97 tex:575 mv:160 misc:297 imb:0 pmb:23 smb:3577 d:- ref:0 ;
in:633 out:635 type:b dur:2 cpbdur:2 q:34.08 aq:32.98 tex:324 mv:89 misc:299 imb:0 pmb:18 smb:3582 d:- ref:0 ;
in:635 out:636 type:b dur:2 cpbdur:2 q:34.03 aq:32.70 tex:84 mv:52 misc:264 imb:0 pmb:9 smb:3591 d:- ref:0 ;
in:640 out:637 type:P dur:2 cpbdur:2 q:33.84 aq:22.75 tex:11609 mv:520 misc:503 imb:17 pmb:64 smb:3519 d:- ref:0 ;
in:638 out:638 type:B dur:2 cpbdur:2 q:33.92 aq:32.01 tex:463 mv:259 misc:342 imb:0 pmb:35 smb:3565 d:- ref:0 ;
in:637 out:639 type:b dur:2 cpbdur:2 q:33.96 aq:25.79 tex:27 mv:100 misc:289 imb:1 pmb:18 smb:3581 d:- ref:0 ;
in:639 out:640 type:b dur:2 cpbdur:2 q:33.88 aq:33.60 tex:271 mv:89 misc:304 imb:0 pmb:20 smb:3580 d:- ref:0 ;
in:644 out:641 type:P dur:2 cpbdur:2 q:34.01 aq:24.41 tex:7417 mv:508 misc:443 imb:8 pmb:56 smb:3536 d:- ref:0 ;
in:642 out:642 type:B dur:2 cpbdur:2 q:33.93 aq:32.83 tex:981 mv:363 misc:328 imb:0 pmb:35 smb:3565 d:- ref:0 ;
in:641 out:643 type:b dur:2 cpbdur:2 q:33.88 aq:32.03 tex:60 mv:97 misc:299 imb:0 pmb:22 smb:3578 d:- ref:0 ;
in:643 out:644 type:b dur:2 cpbdur:2 q:33.97 aq:32.70 tex:135 mv:61 misc:292 imb:0 pmb:16 smb:3584 d:- ref:0 ;
in:648 out:645 type:P dur:2 cpbdur:2 q:33.84 aq:24.51 tex:7829 mv:587 misc:512 imb:9 pmb:74 smb:3517 d:- ref:0 ;
in:646 out:646 type:B dur:2 cpbdur:2 q:33.92 aq:32.76 tex:1684 mv:478 misc:350 imb:0 pmb:38 smb:3562 d:- ref:0 ;
in:645 out:647 type:b dur:2 cpbdur:2 q:33.97 aq:32.40 tex:368 mv:225 misc:287 imb:0 pmb:16 smb:3584 d:- ref:0 ;
in:647 out:648 type:b dur:2 cpbdur:2 q:33.88 aq:32.99 tex:441 mv:180 misc:307 imb:0 pmb:27 smb:3573 d:- ref:0 ;
in:652 out:649 type:P dur:2 cpbdur:2 q:33.70 aq:22.66 tex:10101 mv:677 misc:502 imb:14 pmb:77 smb:3509 d:- ref:0 ;
in:650 out:650 type:B dur:2 cpbdur:2 q:33.77 aq:31.68 tex:2046 mv:590 misc:356 imb:0 pmb:49 smb:3551 d:- ref:0 ;
in:649 out:651 type:b dur:2 cpbdur:2 q:33.80 aq:33.15 tex:447 mv:205 misc:316 imb:0 pmb:27 smb:3573 d:- ref:0 ;
in:651 out:652 type:b dur:2 cpbdur:2 q:33.74 aq:33.01 tex:415 mv:116 misc:373 imb:0 pmb:35 smb:3565 d:- ref:0 ;
in:656 out:653 type:P dur:2 cpbdur:2 q:33.54 aq:22.91 tex:12567 mv:679 misc:522 imb:10 pmb:87 smb:3503 d:- ref:0 ;
in:654 out:654 type:B dur:2 cpbdur:2 q:33.62 aq:31.49 tex:1206 mv:416 misc:370 imb:0 pmb:46 smb:3554 d:- ref:0 ;
in:653 out:655 type:b dur:2 cpbdur:2 q:33.66 aq:32.23 tex:194 mv:153 misc:325 imb:0 pmb:29 smb:3571 d:- ref:0 ;
in:655 out:656 type:b dur:2 cpbdur:2 q:33.58 aq:32.43 tex:129 mv:101 misc:306 imb:0 pmb:20 smb:3580 d:- ref:0 ;
in:660 out:657 type:P dur:2 cpbdur:2 q:33.41 aq:21.34 tex:6740 mv:426 misc:474 imb:5 pmb:64 smb:3531 d:- ref:0 ;
in:658 out:658 type:B dur:2 cpbdur:2 q:33.48 aq:30.33 tex:554 mv:188 misc:330 imb:0 pmb:27 smb:3573 d:- ref:0 ;
in:657 out:659 type:b dur:2 cpbdur:2 q:33.51 aq:32.89 tex:443 mv:120 misc:293 imb:0 pmb:18 smb:3582 d:- ref:0 ;
in:659 out:660 type:b dur:2 cpbdur:2 q:33.45 aq:32.25 tex:389 mv:120 misc:291 imb:0 pmb:16 smb:3584 d:- ref:0 ;
in:664 out:661 type:P dur:2 cpbdur:2 q:33.26 aq:25.29 tex:7965 mv:406 misc:581 imb:6 pmb:84 smb:3510 d:- ref:0 ;
in:662 out:662 type:B dur:2 cpbdur:2 q:33.33 aq:30.98 tex:1006 mv:258 misc:312 imb:0 pmb:23 smb:3577 d:- ref:0 ;
in:661 out:663 type:b dur:2 cpbdur:2 q:33.37 aq:31.99 tex:276 mv:151 misc:285 imb:0 pmb:15 smb:3585 d:- ref:0 ;
in:663 out:664 type:b dur:2 cpbdur:2 q:33.30 aq:31.48 tex:249 mv:102 misc:273 imb:0 pmb:14 smb:3586 d:- ref:0 ;
in:668 out:665 type:P dur:2 cpbdur:2 q:33.13 aq:23.13 tex:7302 mv:451 misc:511 imb:5 pmb:69 smb:3526 d:- ref:0 ;
in:666 out:666 type:B dur:2 cpbdur:2 q:33.19 aq:31.98 tex:1088 mv:331 misc:317 imb:0 pmb:31 smb:3569 d:- ref:0 ;
in:665 out:667 type:b dur:2 cpbdur:2 q:33.22 aq:31.92 tex:171 mv:147 misc:306 imb:0 pmb:18 smb:3582 d:- ref:0 ;
in:667 out:668 type:b dur:2 cpbdur:2 q:33.16 aq:33.97 tex:404 mv:133 misc:303 imb:0 pmb:21 smb:3579 d:- ref:0 ;
in:672 out:669 type:P dur:2 cpbdur:2 q:32.97 aq:24.22 tex:7150 mv:400 misc:554 imb:5 pmb:74 smb:3521 d:- ref:0 ;
in:670 out:670 type:B dur:2 cpbdur:2 q:33.05 aq:32.05 tex:720 mv:201 misc:327 imb:0 pmb:26 smb:3574 d:- ref:0 ;
in:669 out:671 type:b dur:2 cpbdur:2 q:33.09 aq:31.72 tex:246 mv:84 misc:270 imb:0 pmb:13 smb:3587 d:- ref:0 ;
in:671 out:672 type:b dur:2 cpbdur:2 q:33.01 aq:32.14 tex:181 mv:51 misc:280 imb:0 pmb:12 smb:3588 d:- ref:0 ;
in:676 out:673 type:P dur:2 cpbdur:2 q:32.84 aq:23.10 tex:19284 mv:1039 misc:645 imb:35 pmb:115 smb:3450 d:- ref:0 ;
in:674 out:674 type:B dur:2 cpbdur:2 q:32.90 aq:31.09 tex:2477 mv:709 misc:462 imb:0 pmb:87 smb:3513 d:- ref:0 ;
in:673 out:675 type:b dur:2 cpbdur:2 q:32.93 aq:31.56 tex:376 mv:103 misc:449 imb:0 pmb:65 smb:3535 d:- ref:0 ;
in:675 out:676 type:b dur:2 cpbdur:2 q:32.87 aq:33.03 tex:658 mv:388 misc:354 imb:0 pmb:39 smb:3561 d:- ref:0 ;
in:680 out:677 type:P dur:2 cpbdur:2 q:32.68 aq:23.10 tex:13563 mv:947 misc:618 imb:24 pmb:108 smb:3468 d:- ref:0 ;
in:678 out:678 type:B dur:2 cpbdur:2 q:32.76 aq:31.36 tex:3563 mv:821 misc:440 imb:0 pmb:78 smb:3522 d:- ref:0 ;
in:677 out:679 type:b dur:2 cpbdur:2 q:32.80 aq:33.40 tex:983 mv:467 misc:398 imb:0 pmb:53 smb:3547 d:- ref:0 ;
in:679 out:680 type:b dur:2 cpbdur:2 q:32.72 aq:33.15 tex:1409 mv:597 misc:378 imb:1 pmb:54 smb:3545 d:- ref:0 ;
in:684 out:681 type:P dur:2 cpbdur:2 q:32.55 aq:24.17 tex:13627 mv:1052 misc:649 imb:20 pmb:116 smb:3464 d:- ref:0 ;
in:682 out:682 type:B dur:2 cpbdur:2 q:32.62 aq:30.91 tex:3467 mv:840 misc:429 imb:0 pmb:77 smb:3523 d:- ref:0 ;
in:681 out:683 type:b dur:2 cpbdur:2 q:32.65 aq:32.45 tex:825 mv:457 misc:366 imb:0 pmb:41 smb:3559 d:- ref:0 ;
in:683 out:684 type:b dur:2 cpbdur:2 q:32.59 aq:33.71 tex:865 mv:478 misc:393 imb:0 pmb:56 smb:3544 d:- ref:0 ;
in:687 out:685 type:P dur:2 cpbdur:2 q:32.41 aq:31.93 tex:6996 mv:852 misc:472 imb:22 pmb:67 smb:3511 d:- ref:0 ;
in:685 out:686 type:B dur:2 cpbdur:2 q:32.51 aq:33.20 tex:1899 mv:593 misc:468 imb:0 pmb:73 smb:3527 d:- ref:0 ;
in:686 out:687 type:b dur:2 cpbdur:2 q:32.46 aq:32.82 tex:1592 mv:601 misc:415 imb:0 pmb:65 smb:3535 d:- ref:0 ;
in:688 out:688 type:I dur:2 cpbdur:2 q:30.10 aq:19.75 tex:563317 mv:77289 misc:554 imb:3600 pmb:0 smb:0 d:- ref:;
in:692 out:689 type:P dur:2 cpbdur:2 q:32.80 aq:22.75 tex:18837 mv:1327 misc:692 imb:33 pmb:125 smb:3442 d:- ref:0 ;
in:690 out:690 type:B dur:2 cpbdur:2 q:32.80 aq:31.48 tex:3890 mv:956 misc:498 imb:0 pmb:101 smb:3499 d:- ref:0 ;
in:689 out:691 type:b dur:2 cpbdur:2 q:32.80 aq:33.88 tex:1664 mv:664 misc:392 imb:1 pmb:67 smb:3532 d:- ref:0 ;
in:691 out:692 type:b dur:2 cpbdur:2 q:32.80 aq:33.18 tex:1648 mv:621 misc:459 imb:0 pmb:73 smb:3527 d:- ref:0 ;
in:696 out:693 type:P dur:2 cpbdur:2 q:32.67 aq:24.71 tex:16731 mv:1104 misc:605 imb:22 pmb:122 smb:3456 d:- ref:0 ;
in:694 out:694 type:B dur:2 cpbdur:2 q:32.74 aq:31.14 tex:3733 mv:1037 misc:462 imb:1 pmb:91 smb:3508 d:- ref:0 ;
in:693 out:695 type:b dur:2 cpbdur:2 q:32.77 aq:33.08 tex:1484 mv:612 misc:416 imb:0 pmb:59 smb:3541 d:- ref:0 ;
in:695 out:696 type:b dur:2 cpbdur:2 q:32.70 aq:33.69 tex:1389 mv:701 misc:422 imb:0 pmb:68 smb:3532 d:- ref:0 ;
in:700 out:697 type:P dur:2 cpbdur:2 q:32.55 aq:23.91 tex:16440 mv:1247 misc:593 imb:21 pmb:130 smb:3449 d:- ref:0 ;
in:698 out:698 type:B dur:2 cpbdur:2 q:32.61 aq:30.41 tex:4511 mv:1217 misc:480 imb:0 pmb:101 smb:3499 d:- ref:0 ;
in:697 out:699 type:b dur:2 cpbdur:2 q:32.64 aq:33.37 tex:1489 mv:719 misc:456 imb:0 pmb:71 smb:3529 d:- ref:0 ;
in:699 out:700 type:b dur:2 cpbdur:2 q:32.58 aq:32.91 tex:1337 mv:707 misc:476 imb:0 pmb:73 smb:3527 d:- ref:0 ;
in:704 out:701 type:P dur:2 cpbdur:2 q:32.67 aq:24.40 tex:57936 mv:2685 misc:907 imb:156 pmb:217 smb:3227 d:- ref:0 ;
in:702 out:702 type:B dur:2 cpbdur:2 q:32.61 aq:31.52 tex:5818 mv:1401 misc:789 imb:4 pmb:193 smb:3403 d:- ref:0 ;
in:701 out:703 type:b dur:2 cpbdur:2 q:32.58 aq:33.97 tex:1605 mv:777 misc:706 imb:0 pmb:166 smb:3434 d:- ref:0 ;
in:703 out:704 type:b dur:2 cpbdur:2 q:32.64 aq:34.66 tex:1397 mv:804 misc:487 imb:0 pmb:78 smb:3522 d:- ref:0 ;
in:708 out:705 type:P dur:2 cpbdur:2 q:32.59 aq:23.31 tex:18745 mv:1116 misc:755 imb:25 pmb:145 smb:3430 d:- ref:0 ;
in:706 out:706 type:B dur:2 cpbdur:2 q:32.63 aq:31.83 tex:4251 mv:986 misc:475 imb:1 pmb:87 smb:3512 d:- ref:0 ;
in:705 out:707 type:b dur:2 cpbdur:2 q:32.65 aq:33.58 tex:1552 mv:537 misc:463 imb:0 pmb:66 smb:3534 d:- ref:0 ;
in:707 out:708 type:b dur:2 cpbdur:2 q:32.61 aq:32.94 tex:2172 mv:630 misc:414 imb:0 pmb:67 smb:3533 d:- ref:0 ;
in:712 out:709 type:P dur:2 cpbdur:2 q:32.46 aq:23.34 tex:13985 mv:1016 misc:599 imb:14 pmb:113 smb:3473 d:- ref:0 ;
in:710 out:710 type:B dur:2 cpbdur:2 q:32.52 aq:32.02 tex:4804 mv:985 misc:451 imb:1 pmb:77 smb:3522 d:- ref:0 ;
in:709 out:711 type:b dur:2 cpbdur:2 q:32.56 aq:32.96 tex:1280 mv:584 misc:408 imb:0 pmb:56 smb:3544 d:- ref:0 ;
in:711 out:712 type:b dur:2 cpbdur:2 q:32.49 aq:33.25 tex:1660 mv:700 misc:424 imb:0 pmb:62 smb:3538 d:- ref:0 ;
in:716 out:713 type:P dur:2 cpbdur:2 q:32.38 aq:24.88 tex:15084 mv:970 misc:642 imb:17 pmb:119 smb:3464 d:- ref:0 ;
in:714 out:714 type:B dur:2 cpbdur:2 q:32.42 aq:30.14 tex:4069 mv:992 misc:475 imb:0 pmb:83 smb:3517 d:- ref:0 ;
in:713 out:715 type:b dur:2 cpbdur:2 q:32.44 aq:33.35 tex:1554 mv:643 misc:419 imb:0 pmb:57 smb:3543 d:- ref:0 ;
in:715 out:716 type:b dur:2 cpbdur:2 q:32.40 aq:32.77 tex:1336 mv:477 misc:403 imb:0 pmb:53 smb:3547 d:- ref:0 ;
in:720 out:717 type:P dur:2 cpbdur:2 q:32.25 aq:24.00 tex:17883 mv:1072 misc:685 imb:25 pmb:126 smb:3449 d:- ref:0 ;
in:718 out:718 type:B dur:2 cpbdur:2 q:32.31 aq:32.12 tex:4420 mv:823 misc:445 imb:0 pmb:78 smb:3522 d:- ref:0 ;
in:717 out:719 type:b dur:2 cpbdur:2 q:32.35 aq:33.95 tex:2201 mv:529 misc:406 imb:0 pmb:54 smb:3546 d:- ref:0 ;
in:719 out:720 type:b dur:2 cpbdur:2 q:32.28 aq:33.39 tex:1581 mv:535 misc:388 imb:1 pmb:49 smb:3550 d:- ref:0 ;
in:724 out:721 type:P dur:2 cpbdur:2 q:32.12 aq:24.09 tex:17525 mv:1152 misc:683 imb:12 pmb:142 smb:3446 d:- ref:0 ;
in:722 out:722 type:B dur:2 cpbdur:2 q:32.19 aq:31.53 tex:3881 mv:964 misc:443 imb:0 pmb:77 smb:3523 d:- ref:0 ;
in:721 out:723 type:b dur:2 cpbdur:2 q:32.22 aq:33.36 tex:1103 mv:429 misc:404 imb:0 pmb:49 smb:3551 d:- ref:0 ;
in:723 out:724 type:b dur:2 cpbdur:2 q:32.15 aq:33.54 tex:1558 mv:533 misc:429 imb:1 pmb:63 smb:3536 d:- ref:0 ;
in:728 out:725 type:P dur:2 cpbdur:2 q:31.99 aq:24.09 tex:18707 mv:1024 misc:709 imb:18 pmb:130 smb:3452 d:- ref:0 ;
in:726 out:726 type:B dur:2 cpbdur:2 q:32.06 aq:28.94 tex:4100 mv:908 misc:464 imb:1 pmb:74 smb:3525 d:- ref:0 ;
in:725 out:727 type:b dur:2 cpbdur:2 q:32.09 aq:33.25 tex:1715 mv:581 misc:408 imb:0 pmb:54 smb:3546 d:- ref:0 ;
in:727 out:728 type:b dur:2 cpbdur:2 q:32.02 aq:32.71 tex:2169 mv:535 misc:400 imb:0 pmb:49 smb:3551 d:- ref:0 ;
in:732 out:729 type:P dur:2 cpbdur:2 q:31.88 aq:21.16 tex:21365 mv:1314 misc:641 imb:51 pmb:120 smb:3429 d:- ref:0 ;
in:730 out:730 type:B dur:2 cpbdur:2 q:31.93 aq:31.59 tex:4306 mv:888 misc:470 imb:0 pmb:92 smb:3508 d:- ref:0 ;
in:729 out:731 type:b dur:2 cpbdur:2 q:31.96 aq:33.23 tex:1583 mv:537 misc:400 imb:0 pmb:54 smb:3546 d:- ref:0 ;
in:731 out:732 type:b dur:2 cpbdur:2 q:31.91 aq:33.28 tex:1572 mv:671 misc:405 imb:0 pmb:67 smb:3533 d:- ref:0 ;
in:736 out:733 type:P dur:2 cpbdur:2 q:31.77 aq:23.94 tex:17475 mv:885 misc:728 imb:20 pmb:124 smb:3456 d:- ref:0 ;
in:734 out:734 type:B dur:2 cpbdur:2 q:31.82 aq:28.72 tex:4463 mv:785 misc:456 imb:0 pmb:77 smb:3523 d:- ref:0 ;
in:733 out:735 type:b dur:2 cpbdur:2 q:31.85 aq:32.95 tex:1948 mv:556 misc:408 imb:0 pmb:63 smb:3537 d:- ref:0 ;
in:735 out:736 type:b dur:2 cpbdur:2 q:31.79 aq:32.91 tex:2491 mv:404 misc:377 imb:0 pmb:51 smb:3549 d:- ref:0 ;
in:740 out:737 type:P dur:2 cpbdur:2 q:31.65 aq:22.53 tex:13866 mv:811 misc:659 imb:16 pmb:113 smb:3471 d:- ref:0 ;
in:738 out:738 type:B dur:2 cpbdur:2 q:31.71 aq:28.50 tex:4254 mv:693 misc:381 imb:0 pmb:64 smb:3536 d:- ref:0 ;
in:737 out:739 type:b dur:2 cpbdur:2 q:31.74 aq:32.62 tex:2319 mv:548 misc:373 imb:0 pmb:53 smb:3547 d:- ref:0 ;
in:739 out:740 type:b dur:2 cpbdur:2 q:31.68 aq:33.35 tex:1754 mv:466 misc:348 imb:0 pmb:45 smb:3555 d:- ref:0 ;
in:744 out:741 type:P dur:2 cpbdur:2 q:31.51 aq:20.66 tex:13655 mv:831 misc:658 imb:8 pmb:125 smb:3467 d:- ref:0 ;
in:742 out:742 type:B dur:2 cpbdur:2 q:31.58 aq:28.97 tex:4289 mv:804 misc:387 imb:0 pmb:66 smb:3534 d:- ref:0 ;
in:741 out:743 type:b dur:2 cpbdur:2 q:31.61 aq:33.74 tex:1531 mv:505 misc:364 imb:0 pmb:48 smb:3552 d:- ref:0 ;
in:743 out:744 type:b dur:2 cpbdur:2 q:31.54 aq:33.29 tex:1815 mv:429 misc:356 imb:0 pmb:42 smb:3558 d:- ref:0 ;
in:747 out:745 type:P dur:2 cpbdur:2 q:31.39 aq:31.02 tex:7745 mv:694 misc:449 imb:22 pmb:60 smb:3518 d:- ref:0 ;
in:745 out:746 type:B dur:2 cpbdur:2 q:31.47 aq:32.60 tex:2698 mv:594 misc:428 imb:0 pmb:68 smb:3532 d:- ref:0 ;
in:746 out:747 type:b dur:2 cpbdur:2 q:31.43 aq:32.74 tex:2603 mv:526 misc:407 imb:0 pmb:73 smb:3527 d:- ref:0 ;
in:748 out:748 type:I dur:2 cpbdur:2 q:29.03 aq:18.46 tex:636159 mv:82467 misc:518 imb:3600 pmb:0 smb:0 d:- ref:;
in:752 out:749 type:P dur:2 cpbdur:2 q:31.90 aq:22.64 tex:14699 mv:850 misc:563 imb:14 pmb:107 smb:3479 d:- ref:0 ;
in:750 out:750 type:B dur:2 cpbdur:2 q:31.90 aq:32.30 tex:3772 mv:658 misc:402 imb:1 pmb:65 smb:3534 d:- ref:0 ;
in:749 out:751 type:b dur:2 cpbdur:2 q:31.90 aq:33.73 tex:1370 mv:369 misc:373 imb:0 pmb:47 smb:3553 d:- ref:0 ;
in:751 out:752 type:b dur:2 cpbdur:2 q:31.90 aq:33.74 tex:2058 mv:393 misc:357 imb:0 pmb:42 smb:3558 d:- ref:0 ;
in:756 out:753 type:P dur:2 cpbdur:2 q:31.78 aq:20.48 tex:15644 mv:792 misc:540 imb:14 pmb:93 smb:3493 d:- ref:0 ;
in:754 out:754 type:B dur:2 cpbdur:2 q:31.84 aq:31.88 tex:4329 mv:776 misc:383 imb:1 pmb:66 smb:3533 d:- ref:0 ;
in:753 out:755 type:b dur:2 cpbdur:2 q:31.87 aq:33.22 tex:1878 mv:431 misc:379 imb:0 pmb:50 smb:3550 d:- ref:0 ;
in:755 out:756 type:b dur:2 cpbdur:2 q:31.81 aq:33.46 tex:1937 mv:396 misc:371 imb:0 pmb:55 smb:3545 d:- ref:0 ;
in:760 out:757 type:P dur:2 cpbdur:2 q:31.64 aq:19.74 tex:18611 mv:827 misc:490 imb:19 pmb:84 smb:3497 d:- ref:0 ;
in:758 out:758 type:B dur:2 cpbdur:2 q:31.71 aq:31.78 tex:3795 mv:539 misc:386 imb:0 pmb:69 smb:3531 d:- ref:0 ;
in:757 out:759 type:b dur:2 cpbdur:2 q:31.75 aq:33.07 tex:1911 mv:463 misc:362 imb:0 pmb:57 smb:3543 d:- ref:0 ;
in:759 out:760 type:b dur:2 cpbdur:2 q:31.68 aq:32.91 tex:1157 mv:303 misc:356 imb:0 pmb:41 smb:3559 d:- ref:0 ;
in:764 out:761 type:P dur:2 cpbdur:2 q:31.75 aq:20.47 tex:9419 mv:569 misc:484 imb:8 pmb:78 smb:3514 d:- ref:0 ;
in:762 out:762 type:B dur:2 cpbdur:2 q:31.69 aq:31.17 tex:2967 mv:525 misc:340 imb:0 pmb:45 smb:3555 d:- ref:0 ;
in:761 out:763 type:b dur:2 cpbdur:2 q:31.67 aq:32.48 tex:1052 mv:285 misc:311 imb:0 pmb:34 smb:3566 d:- ref:0 ;
in:763 out:764 type:b dur:2 cpbdur:2 q:31.72 aq:32.57 tex:1044 mv:177 misc:315 imb:0 pmb:29 smb:3571 d:- ref:0 ;
in:768 out:765 type:P dur:2 cpbdur:2 q:31.62 aq:21.73 tex:52093 mv:2006 misc:709 imb:147 pmb:148 smb:3305 d:- ref:0 ;
in:766 out:766 type:B dur:2 cpbdur:2 q:31.68 aq:28.18 tex:3020 mv:529 misc:611 imb:1 pmb:143 smb:3456 d:- ref:0 ;
in:765 out:767 type:b dur:2 cpbdur:2 q:31.71 aq:33.01 tex:1289 mv:412 misc:603 imb:1 pmb:135 smb:3464 d:- ref:0 ;
in:767 out:768 type:b dur:2 cpbdur:2 q:31.65 aq:31.71 tex:938 mv:262 misc:320 imb:0 pmb:32 smb:3568 d:- ref:0 ;
in:772 out:769 type:P dur:2 cpbdur:2 q:31.54 aq:20.39 tex:9931 mv:556 misc:609 imb:11 pmb:92 smb:3497 d:- ref:0 ;
in:770 out:770 type:B dur:2 cpbdur:2 q:31.58 aq:30.45 tex:2326 mv:318 misc:316 imb:0 pmb:40 smb:3560 d:- ref:0 ;
in:769 out:771 type:b dur:2 cpbdur:2 q:31.60 aq:31.91 tex:738 mv:143 misc:279 imb:0 pmb:21 smb:3579 d:- ref:0 ;
in:771 out:772 type:b dur:2 cpbdur:2 q:31.56 aq:31.51 tex:1063 mv:169 misc:304 imb:0 pmb:26 smb:3574 d:- ref:0 ;
in:776 out:773 type:P dur:2 cpbdur:2 q:31.38 aq:19.34 tex:10439 mv:491 misc:606 imb:8 pmb:86 smb:3506 d:- ref:0 ;
in:774 out:774 type:B dur:2 cpbdur:2 q:31.46 aq:29.26 tex:2889 mv:440 misc:319 imb:0 pmb:39 smb:3561 d:- ref:0 ;
in:773 out:775 type:b dur:2 cpbdur:2 q:31.50 aq:30.27 tex:878 mv:195 misc:319 imb:0 pmb:27 smb:3573 d:- ref:0 ;
in:775 out:776 type:b dur:2 cpbdur:2 q:31.42 aq:31.43 tex:962 mv:251 misc:291 imb:0 pmb:29 smb:3571 d:- ref:0 ;
in:780 out:777 type:P dur:2 cpbdur:2 q:31.29 aq:20.51 tex:10257 mv:558 misc:513 imb:5 pmb:75 smb:3520 d:- ref:0 ;
in:778 out:778 type:B dur:2 cpbdur:2 q:31.34 aq:29.39 tex:3065 mv:501 misc:338 imb:0 pmb:40 smb:3560 d:- ref:0 ;
in:777 out:779 type:b dur:2 cpbdur:2 q:31.36 aq:30.82 tex:878 mv:260 misc:310 imb:0 pmb:30 smb:3570 d:- ref:0 ;
in:779 out:780 type:b dur:2 cpbdur:2 q:31.32 aq:30.51 tex:1118 mv:201 misc:321 imb:0 pmb:29 smb:3571 d:- ref:0 ;
in:784 out:781 type:P dur:2 cpbdur:2 q:31.14 aq:21.85 tex:11859 mv:647 misc:590 imb:10 pmb:97 smb:3493 d:- ref:0 ;
in:782 out:782 type:B dur:2 cpbdur:2 q:31.22 aq:29.71 tex:3218 mv:513 misc:349 imb:0 pmb:46 smb:3554 d:- ref:0 ;
in:781 out:783 type:b dur:2 cpbdur:2 q:31.25 aq:31.67 tex:888 mv:266 misc:310 imb:0 pmb:30 smb:3570 d:- ref:0 ;
in:783 out:784 type:b dur:2 cpbdur:2 q:31.18 aq:31.39 tex:1122 mv:206 misc:312 imb:0 pmb:34 smb:3566 d:- ref:0 ;
in:788 out:785 type:P dur:2 cpbdur:2 q:31.01 aq:20.68 tex:16626 mv:682 misc:604 imb:15 pmb:95 smb:3490 d:- ref:0 ;
in:786 out:786 type:B dur:2 cpbdur:2 q:31.07 aq:31.02 tex:3687 mv:573 misc:348 imb:0 pmb:54 smb:3546 d:- ref:0 ;
in:785 out:787 type:b dur:2 cpbdur:2 q:31.11 aq:30.96 tex:1013 mv:232 misc:331 imb:0 pmb:39 smb:3561 d:- ref:0 ;
in:787 out:788 type:b dur:2 cpbdur:2 q:31.04 aq:32.09 tex:1148 mv:295 misc:325 imb:0 pmb:35 smb:3565 d:- ref:0 ;
in:792 out:789 type:P dur:2 cpbdur:2 q:30.86 aq:20.55 tex:11182 mv:512 misc:570 imb:7 pmb:85 smb:3508 d:- ref:0 ;
in:790 out:790 type:B dur:2 cpbdur:2 q:30.93 aq:29.40 tex:2294 mv:305 misc:321 imb:1 pmb:33 smb:3566 d:- ref:0 ;
in:789 out:791 type:b dur:2 cpbdur:2 q:30.97 aq:31.30 tex:916 mv:213 misc:303 imb:0 pmb:27 smb:3573 d:- ref:0 ;
in:791 out:792 type:b dur:2 cpbdur:2 q:30.89 aq:30.82 tex:754 mv:211 misc:299 imb:0 pmb:20 smb:3580 d:- ref:0 ;
in:796 out:793 type:P dur:2 cpbdur:2 q:30.74 aq:22.17 tex:9958 mv:413 misc:557 imb:7 pmb:80 smb:3513 d:- ref:0 ;
in:794 out:794 type:B dur:2 cpbdur:2 q:30.80 aq:29.36 tex:2177 mv:281 misc:326 imb:0 pmb:37 smb:3563 d:- ref:0 ;
in:793 out:795 type:b dur:2 cpbdur:2 q:30.83 aq:30.72 tex:1118 mv:160 misc:274 imb:0 pmb:26 smb:3574 d:- ref:0 ;
in:795 out:796 type:b dur:2 cpbdur:2 q:30.77 aq:30.60 tex:1092 mv:174 misc:334 imb:1 pmb:30 smb:3569 d:- ref:0 ;
in:800 out:797 type:P dur:2 cpbdur:2 q:30.60 aq:21.78 tex:10844 mv:518 misc:646 imb:13 pmb:80 smb:3507 d:- ref:0 ;
in:798 out:798 type:B dur:2 cpbdur:2 q:30.67 aq:29.46 tex:2607 mv:401 misc:312 imb:0 pmb:32 smb:3568 d:- ref:0 ;
in:797 out:799 type:b dur:2 cpbdur:2 q:30.71 aq:31.76 tex:1089 mv:264 misc:303 imb:1 pmb:27 smb:3572 d:- ref:0 ;
in:799 out:800 type:b dur:2 cpbdur:2 q:30.64 aq:30.92 tex:1489 mv:195 misc:276 imb:0 pmb:23 smb:3577 d:- ref:0 ;
in:804 out:801 type:P dur:2 cpbdur:2 q:30.47 aq:21.25 tex:9645 mv:443 misc:616 imb:8 pmb:83 smb:3509 d:- ref:0 ;
in:802 out:802 type:B dur:2 cpbdur:2 q:30.54 aq:29.18 tex:3161 mv:455 misc:312 imb:0 pmb:38 smb:3562 d:- ref:0 ;
in:801 out:803 type:b dur:2 cpbdur:2 q:30.57 aq:30.72 tex:1500 mv:266 misc:314 imb:0 pmb:27 smb:3573 d:- ref:0 ;
in:803 out:804 type:b dur:2 cpbdur:2 q:30.50 aq:30.72 tex:1459 mv:329 misc:292 imb:0 pmb:32 smb:3568 d:- ref:0 ;
in:807 out:805 type:P dur:2 cpbdur:2 q:30.31 aq:30.76 tex:3828 mv:345 misc:339 imb:2 pmb:35 smb:3563 d:- ref:0 ;
in:805 out:806 type:B dur:2 cpbdur:2 q:30.42 aq:29.92 tex:1557 mv:311 misc:300 imb:0 pmb:32 smb:3568 d:- ref:0 ;
in:806 out:807 type:b dur:2 cpbdur:2 q:30.36 aq:30.79 tex:1840 mv:260 misc:308 imb:0 pmb:31 smb:3569 d:- ref:0 ;
in:808 out:808 type:I dur:2 cpbdur:2 q:28.02 aq:17.34 tex:711746 mv:85248 misc:550 imb:3600 pmb:0 smb:0 d:- ref:;
in:812 out:809 type:P dur:2 cpbdur:2 q:30.94 aq:20.95 tex:9308 mv:521 misc:563 imb:6 pmb:83 smb:3511 d:- ref:0 ;
in:810 out:810 type:B dur:2 cpbdur:2 q:30.94 aq:30.48 tex:2970 mv:464 misc:310 imb:1 pmb:42 smb:3557 d:- ref:0 ;
in:809 out:811 type:b dur:2 cpbdur:2 q:30.94 aq:30.72 tex:1525 mv:241 misc:306 imb:0 pmb:26 smb:3574 d:- ref:0 ;
in:811 out:812 type:b dur:2 cpbdur:2 q:30.94 aq:31.55 tex:1144 mv:290 misc:318 imb:0 pmb:30 smb:3570 d:- ref:0 ;
in:816 out:813 type:P dur:2 cpbdur:2 q:30.80 aq:20.97 tex:9868 mv:491 misc:425 imb:5 pmb:59 smb:3536 d:- ref:0 ;
in:814 out:814 type:B dur:2 cpbdur:2 q:30.87 aq:29.89 tex:3029 mv:492 misc:311 imb:0 pmb:41 smb:3559 d:- ref:0 ;
in:813 out:815 type:b dur:2 cpbdur:2 q:30.91 aq:30.71 tex:1033 mv:263 misc:312 imb:0 pmb:26 smb:3574 d:- ref:0 ;
in:815 out:816 type:b dur:2 cpbdur:2 q:30.84 aq:31.52 tex:1041 mv:328 misc:311 imb:0 pmb:33 smb:3567 d:- ref:0 ;
in:820 out:817 type:P dur:2 cpbdur:2 q:30.67 aq:22.17 tex:9835 mv:546 misc:467 imb:7 pmb:58 smb:3535 d:- ref:0 ;
in:818 out:818 type:B dur:2 cpbdur:2 q:30.74 aq:29.40 tex:2756 mv:456 misc:332 imb:0 pmb:43 smb:3557 d:- ref:0 ;
in:817 out:819 type:b dur:2 cpbdur:2 q:30.77 aq:31.30 tex:693 mv:288 misc:307 imb:0 pmb:33 smb:3567 d:- ref:0 ;
in:819 out:820 type:b dur:2 cpbdur:2 q:30.70 aq:31.22 tex:1021 mv:241 misc:306 imb:0 pmb:28 smb:3572 d:- ref:0 ;
in:824 out:821 type:P dur:2 cpbdur:2 q:30.70 aq:19.92 tex:8318 mv:474 misc:392 imb:7 pmb:54 smb:3539 d:- ref:0 ;
in:822 out:822 type:B dur:2 cpbdur:2 q:30.69 aq:29.61 tex:2830 mv:483 misc:319 imb:1 pmb:41 smb:3558 d:- ref:0 ;
in:821 out:823 type:b dur:2 cpbdur:2 q:30.68 aq:31.49 tex:991 mv:280 misc:313 imb:0 pmb:28 smb:3572 d:- ref:0 ;
in:823 out:824 type:b dur:2 cpbdur:2 q:30.69 aq:31.02 tex:1000 mv:254 misc:314 imb:0 pmb:23 smb:3577 d:- ref:0 ;
in:828 out:825 type:P dur:2 cpbdur:2 q:30.57 aq:20.07 tex:8333 mv:489 misc:442 imb:6 pmb:58 smb:3536 d:- ref:0 ;
in:826 out:826 type:B dur:2 cpbdur:2 q:30.64 aq:29.76 tex:2634 mv:410 misc:316 imb:0 pmb:32 smb:3568 d:- ref:0 ;
in:825 out:827 type:b dur:2 cpbdur:2 q:30.67 aq:31.31 tex:1609 mv:300 misc:299 imb:0 pmb:25 smb:3575 d:- ref:0 ;
in:827 out:828 type:b dur:2 cpbdur:2 q:30.60 aq:31.26 tex:1121 mv:224 misc:295 imb:0 pmb:24 smb:3576 d:- ref:0 ;
in:832 out:829 type:P dur:2 cpbdur:2 q:30.43 aq:20.64 tex:8392 mv:479 misc:433 imb:7 pmb:56 smb:3537 d:- ref:0 ;
in:830 out:830 type:B dur:2 cpbdur:2 q:30.50 aq:29.53 tex:2785 mv:416 misc:335 imb:0 pmb:41 smb:3559 d:- ref:0 ;
in:829 out:831 type:b dur:2 cpbdur:2 q:30.53 aq:31.27 tex:970 mv:266 misc:316 imb:0 pmb:29 smb:3571 d:- ref:0 ;
in:831 out:832 type:b dur:2 cpbdur:2 q:30.47 aq:31.01 tex:1139 mv:298 misc:307 imb:0 pmb:30 smb:3570 d:- ref:0 ;
in:836 out:833 type:P dur:2 cpbdur:2 q:30.29 aq:20.06 tex:10160 mv:514 misc:438 imb:10 pmb:55 smb:3535 d:- ref:0 ;
in:834 out:834 type:B dur:2 cpbdur:2 q:30.36 aq:29.17 tex:3803 mv:475 misc:338 imb:1 pmb:40 smb:3559 d:- ref:0 ;
in:833 out:835 type:b dur:2 cpbdur:2 q:30.40 aq:30.49 tex:1802 mv:343 misc:303 imb:0 pmb:32 smb:3568 d:- ref:0 ;
in:835 out:836 type:b dur:2 cpbdur:2 q:30.33 aq:30.08 tex:1328 mv:399 misc:313 imb:1 pmb:30 smb:3569 d:- ref:0 ;
in:840 out:837 type:P dur:2 cpbdur:2 q:30.16 aq:19.64 tex:11717 mv:600 misc:491 imb:9 pmb:74 smb:3517 d:- ref:0 ;
in:838 out:838 type:B dur:2 cpbdur:2 q:30.22 aq:26.47 tex:3711 mv:527 misc:354 imb:0 pmb:50 smb:3550 d:- ref:0 ;
in:837 out:839 type:b dur:2 cpbdur:2 q:30.26 aq:30.34 tex:1869 mv:326 misc:333 imb:0 pmb:38 smb:3562 d:- ref:0 ;
in:839 out:840 type:b dur:2 cpbdur:2 q:30.19 aq:28.33 tex:1849 mv:394 misc:341 imb:0 pmb:41 smb:3559 d:- ref:0 ;
in:844 out:841 type:P dur:2 cpbdur:2 q:30.02 aq:19.21 tex:11036 mv:566 misc:470 imb:7 pmb:68 smb:3525 d:- ref:0 ;
in:842 out:842 type:B dur:2 cpbdur:2 q:30.09 aq:28.44 tex:4373 mv:550 misc:349 imb:0 pmb:47 smb:3553 d:- ref:0 ;
in:841 out:843 type:b dur:2 cpbdur:2 q:30.12 aq:30.60 tex:1790 mv:423 misc:323 imb:0 pmb:38 smb:3562 d:- ref:0 ;
in:843 out:844 type:b dur:2 cpbdur:2 q:30.05 aq:29.90 tex:1556 mv:294 misc:318 imb:0 pmb:36 smb:3564 d:- ref:0 ;
in:848 out:845 type:P dur:2 cpbdur:2 q:29.88 aq:22.83 tex:12875 mv:620 misc:465 imb:10 pmb:71 smb:3519 d:- ref:0 ;
in:846 out:846 type:B dur:2 cpbdur:2 q:29.95 aq:28.24 tex:3932 mv:573 misc:367 imb:0 pmb:49 smb:3551 d:- ref:0 ;
in:845 out:847 type:b dur:2 cpbdur:2 q:29.98 aq:30.66 tex:2125 mv:413 misc:334 imb:0 pmb:40 smb:3560 d:- ref:0 ;
in:847 out:848 type:b dur:2 cpbdur:2 q:29.92 aq:30.70 tex:1945 mv:360 misc:311 imb:0 pmb:34 smb:3566 d:- ref:0 ;
in:852 out:849 type:P dur:2 cpbdur:2 q:29.75 aq:25.64 tex:10796 mv:568 misc:508 imb:6 pmb:80 smb:3514 d:- ref:0 ;
in:850 out:850 type:B dur:2 cpbdur:2 q:29.82 aq:27.52 tex:3884 mv:554 misc:362 imb:0 pmb:51 smb:3549 d:- ref:0 ;
in:849 out:851 type:b dur:2 cpbdur:2 q:29.85 aq:28.76 tex:1712 mv:307 misc:317 imb:0 pmb:35 smb:3565 d:- ref:0 ;
in:851 out:852 type:b dur:2 cpbdur:2 q:29.78 aq:30.67 tex:1780 mv:346 misc:314 imb:0 pmb:35 smb:3565 d:- ref:0 ;
in:856 out:853 type:P dur:2 cpbdur:2 q:29.62 aq:21.23 tex:68289 mv:2280 misc:751 imb:191 pmb:171 smb:3238 d:- ref:0 ;
in:854 out:854 type:B dur:2 cpbdur:2 q:29.69 aq:26.51 tex:4567 mv:721 misc:696 imb:7 pmb:149 smb:3444 d:- ref:0 ;
in:853 out:855 type:b dur:2 cpbdur:2 q:29.72 aq:28.36 tex:2824 mv:561 misc:615 imb:2 pmb:129 smb:3469 d:- ref:0 ;
in:855 out:856 type:b dur:2 cpbdur:2 q:29.65 aq:29.68 tex:1725 mv:320 misc:323 imb:0 pmb:32 smb:3568 d:- ref:0 ;
in:860 out:857 type:P dur:2 cpbdur:2 q:29.55 aq:19.55 tex:16662 mv:830 misc:700 imb:36 pmb:126 smb:3438 d:- ref:0 ;
in:858 out:858 type:B dur:2 cpbdur:2 q:29.59 aq:26.99 tex:3567 mv:551 misc:370 imb:1 pmb:53 smb:3546 d:- ref:0 ;
in:857 out:859 type:b dur:2 cpbdur:2 q:29.60 aq:27.58 tex:1775 mv:300 misc:301 imb:0 pmb:31 smb:3569 d:- ref:0 ;
in:859 out:860 type:b dur:2 cpbdur:2 q:29.57 aq:30.06 tex:2087 mv:401 misc:304 imb:0 pmb:31 smb:3569 d:- ref:0 ;
in:864 out:861 type:P dur:2 cpbdur:2 q:29.42 aq:20.07 tex:10789 mv:552 misc:611 imb:8 pmb:87 smb:3505 d:- ref:0 ;
in:862 out:862 type:B dur:2 cpbdur:2 q:29.49 aq:27.55 tex:3741 mv:412 misc:343 imb:0 pmb:43 smb:3557 d:- ref:0 ;
in:861 out:863 type:b dur:2 cpbdur:2 q:29.52 aq:28.50 tex:1445 mv:272 misc:307 imb:0 pmb:29 smb:3571 d:- ref:0 ;
in:863 out:864 type:b dur:2 cpbdur:2 q:29.46 aq:29.81 tex:2014 mv:331 misc:327 imb:0 pmb:37 smb:3563 d:- ref:0 ;
in:867 out:865 type:P dur:2 cpbdur:2 q:29.33 aq:28.30 tex:3924 mv:361 misc:355 imb:9 pmb:32 smb:3559 d:- ref:0 ;
in:865 out:866 type:B dur:2 cpbdur:2 q:29.39 aq:26.62 tex:2172 mv:331 misc:321 imb:0 pmb:35 smb:3565 d:- ref:0 ;
in:866 out:867 type:b dur:2 cpbdur:2 q:29.36 aq:27.15 tex:2017 mv:289 misc:310 imb:1 pmb:31 smb:3568 d:- ref:0 ;
in:868 out:868 type:I dur:2 cpbdur:2 q:26.95 aq:16.31 tex:776739 mv:86990 misc:519 imb:3600 pmb:0 smb:0 d:- ref:;
in:872 out:869 type:P dur:2 cpbdur:2 q:30.05 aq:18.16 tex:9339 mv:545 misc:532 imb:6 pmb:80 smb:3514 d:- ref:0 ;
in:870 out:870 type:B dur:2 cpbdur:2 q:30.05 aq:29.10 tex:3327 mv:491 misc:326 imb:0 pmb:40 smb:3560 d:- ref:0 ;
in:869 out:871 type:b dur:2 cpbdur:2 q:30.05 aq:29.27 tex:1398 mv:270 misc:300 imb:0 pmb:30 smb:3570 d:- ref:0 ;
in:871 out:872 type:b dur:2 cpbdur:2 q:30.05 aq:28.49 tex:1535 mv:321 misc:296 imb:0 pmb:29 smb:3571 d:- ref:0 ;
in:876 out:873 type:P dur:2 cpbdur:2 q:29.92 aq:22.41 tex:12814 mv:662 misc:476 imb:10 pmb:76 smb:3514 d:- ref:0 ;
in:874 out:874 type:B dur:2 cpbdur:2 q:29.98 aq:29.76 tex:3460 mv:600 misc:356 imb:0 pmb:50 smb:3550 d:- ref:0 ;
in:873 out:875 type:b dur:2 cpbdur:2 q:30.02 aq:30.48 tex:1446 mv:387 misc:319 imb:0 pmb:42 smb:3558 d:- ref:0 ;
in:875 out:876 type:b dur:2 cpbdur:2 q:29.95 aq:28.87 tex:1319 mv:360 misc:337 imb:0 pmb:38 smb:3562 d:- ref:0 ;
in:880 out:877 type:P dur:2 cpbdur:2 q:29.79 aq:24.60 tex:9939 mv:482 misc:443 imb:4 pmb:56 smb:3540 d:- ref:0 ;
in:878 out:878 type:B dur:2 cpbdur:2 q:29.85 aq:28.84 tex:2870 mv:388 misc:318 imb:0 pmb:32 smb:3568 d:- ref:0 ;
in:877 out:879 type:b dur:2 cpbdur:2 q:29.89 aq:32.12 tex:1709 mv:341 misc:294 imb:0 pmb:29 smb:3571 d:- ref:0 ;
in:879 out:880 type:b dur:2 cpbdur:2 q:29.82 aq:30.26 tex:1503 mv:292 misc:285 imb:0 pmb:26 smb:3574 d:- ref:0 ;
in:884 out:881 type:P dur:2 cpbdur:2 q:29.80 aq:21.97 tex:8614 mv:435 misc:399 imb:9 pmb:48 smb:3543 d:- ref:0 ;
in:882 out:882 type:B dur:2 cpbdur:2 q:29.79 aq:26.88 tex:3036 mv:416 misc:324 imb:0 pmb:34 smb:3566 d:- ref:0 ;
in:881 out:883 type:b dur:2 cpbdur:2 q:29.79 aq:25.73 tex:1848 mv:295 misc:281 imb:0 pmb:29 smb:3571 d:- ref:0 ;
in:883 out:884 type:b dur:2 cpbdur:2 q:29.80 aq:27.13 tex:1612 mv:307 misc:265 imb:0 pmb:25 smb:3575 d:- ref:0 ;
in:888 out:885 type:P dur:2 cpbdur:2 q:29.67 aq:19.53 tex:8177 mv:428 misc:427 imb:7 pmb:49 smb:3544 d:- ref:0 ;
in:886 out:886 type:B dur:2 cpbdur:2 q:29.73 aq:26.49 tex:2855 mv:411 misc:302 imb:0 pmb:33 smb:3567 d:- ref:0 ;
in:885 out:887 type:b dur:2 cpbdur:2 q:29.77 aq:28.38 tex:1743 mv:287 misc:282 imb:0 pmb:29 smb:3571 d:- ref:0 ;
in:887 out:888 type:b dur:2 cpbdur:2 q:29.70 aq:28.16 tex:1656 mv:318 misc:282 imb:0 pmb:26 smb:3574 d:- ref:0 ;
in:892 out:889 type:P dur:2 cpbdur:2 q:29.53 aq:19.45 tex:7313 mv:430 misc:425 imb:7 pmb:53 smb:3540 d:- ref:0 ;
in:890 out:890 type:B dur:2 cpbdur:2 q:29.60 aq:23.40 tex:2921 mv:381 misc:314 imb:0 pmb:35 smb:3565 d:- ref:0 ;
in:889 out:891 type:b dur:2 cpbdur:2 q:29.63 aq:28.11 tex:1140 mv:365 misc:287 imb:0 pmb:29 smb:3571 d:- ref:0 ;
in:891 out:892 type:b dur:2 cpbdur:2 q:29.57 aq:27.41 tex:1308 mv:312 misc:284 imb:0 pmb:25 smb:3575 d:- ref:0 ;
in:896 out:893 type:P dur:2 cpbdur:2 q:29.39 aq:16.82 tex:7660 mv:441 misc:459 imb:5 pmb:59 smb:3536 d:- ref:0 ;
in:894 out:894 type:B dur:2 cpbdur:2 q:29.46 aq:26.95 tex:2979 mv:461 misc:328 imb:0 pmb:34 smb:3566 d:- ref:0 ;
in:893 out:895 type:b dur:2 cpbdur:2 q:29.50 aq:28.48 tex:1046 mv:317 misc:293 imb:0 pmb:27 smb:3573 d:- ref:0 ;
in:895 out:896 type:b dur:2 cpbdur:2 q:29.43 aq:28.50 tex:1404 mv:239 misc:293 imb:0 pmb:28 smb:3572 d:- ref:0 ;
in:900 out:897 type:P dur:2 cpbdur:2 q:29.25 aq:19.07 tex:8557 mv:627 misc:544 imb:16 pmb:76 smb:3508 d:- ref:0 ;
in:898 out:898 type:B dur:2 cpbdur:2 q:29.32 aq:28.09 tex:3737 mv:395 misc:316 imb:1 pmb:37 smb:3562 d:- ref:0 ;
in:897 out:899 type:b dur:2 cpbdur:2 q:29.36 aq:29.27 tex:1826 mv:315 misc:299 imb:0 pmb:33 smb:3567 d:- ref:0 ;
in:899 out:900 type:b dur:2 cpbdur:2 q:29.29 aq:26.54 tex:2207 mv:360 misc:289 imb:0 pmb:32 smb:3568 d:- ref:0 ;
in:903 out:901 type:P dur:2 cpbdur:2 q:29.11 aq:18.56 tex:323330 mv:13076 misc:1506 imb:820 pmb:1675 smb:1105 d:- ref:0 ;
in:901 out:902 type:B dur:2 cpbdur:2 q:29.21 aq:25.65 tex:2714 mv:515 misc:475 imb:1 pmb:150 smb:3449 d:- ref:0 ;
in:902 out:903 type:b dur:2 cpbdur:2 q:29.16 aq:28.43 tex:2108 mv:655 misc:589 imb:2 pmb:169 smb:3429 d:- ref:0 ;
in:907 out:904 type:P dur:2 cpbdur:2 q:29.26 aq:18.71 tex:26664 mv:1192 misc:1808 imb:28 pmb:401 smb:3171 d:- ref:0 ;
in:905 out:905 type:B dur:2 cpbdur:2 q:29.19 aq:26.61 tex:4598 mv:625 misc:409 imb:0 pmb:62 smb:3538 d:- ref:0 ;
in:904 out:906 type:b dur:2 cpbdur:2 q:29.15 aq:29.05 tex:2340 mv:424 misc:372 imb:0 pmb:53 smb:3547 d:- ref:0 ;
in:906 out:907 type:b dur:2 cpbdur:2 q:29.22 aq:27.42 tex:1610 mv:357 misc:329 imb:0 pmb:39 smb:3561 d:- ref:0 ;
in:911 out:908 type:P dur:2 cpbdur:2 q:29.13 aq:19.29 tex:15128 mv:800 misc:1152 imb:18 pmb:198 smb:3384 d:- ref:0 ;
in:909 out:909 type:B dur:2 cpbdur:2 q:29.20 aq:28.87 tex:4131 mv:530 misc:355 imb:1 pmb:47 smb:3552 d:- ref:0 ;
in:908 out:910 type:b dur:2 cpbdur:2 q:29.23 aq:24.10 tex:1259 mv:367 misc:326 imb:1 pmb:35 smb:3564 d:- ref:0 ;
in:910 out:911 type:b dur:2 cpbdur:2 q:29.16 aq:27.02 tex:1042 mv:306 misc:308 imb:0 pmb:33 smb:3567 d:- ref:0 ;
in:915 out:912 type:P dur:2 cpbdur:2 q:29.00 aq:18.70 tex:18794 mv:876 misc:1322 imb:24 pmb:234 smb:3342 d:- ref:0 ;
in:913 out:913 type:B dur:2 cpbdur:2 q:29.06 aq:28.93 tex:4751 mv:582 misc:347 imb:0 pmb:52 smb:3548 d:- ref:0 ;
in:912 out:914 type:b dur:2 cpbdur:2 q:29.10 aq:27.77 tex:1283 mv:394 misc:339 imb:0 pmb:40 smb:3560 d:- ref:0 ;
in:914 out:915 type:b dur:2 cpbdur:2 q:29.03 aq:27.83 tex:1519 mv:358 misc:331 imb:0 pmb:42 smb:3558 d:- ref:0 ;
in:919 out:916 type:P dur:2 cpbdur:2 q:29.05 aq:17.09 tex:15181 mv:807 misc:780 imb:25 pmb:105 smb:3470 d:- ref:0 ;
in:917 out:917 type:B dur:2 cpbdur:2 q:29.02 aq:28.83 tex:6081 mv:668 misc:347 imb:0 pmb:49 smb:3551 d:- ref:0 ;
in:916 out:918 type:b dur:2 cpbdur:2 q:29.01 aq:27.39 tex:1779 mv:333 misc:320 imb:0 pmb:38 smb:3562 d:- ref:0 ;
in:918 out:919 type:b dur:2 cpbdur:2 q:29.04 aq:31.36 tex:3240 mv:567 misc:329 imb:0 pmb:40 smb:3560 d:- ref:0 ;
in:923 out:920 type:P dur:2 cpbdur:2 q:28.97 aq:18.13 tex:21743 mv:1058 misc:895 imb:34 pmb:140 smb:3426 d:- ref:0 ;
in:921 out:921 type:B dur:2 cpbdur:2 q:29.01 aq:28.71 tex:6003 mv:710 misc:391 imb:0 pmb:63 smb:3537 d:- ref:0 ;
in:920 out:922 type:b dur:2 cpbdur:2 q:29.03 aq:27.22 tex:2005 mv:337 misc:346 imb:0 pmb:37 smb:3563 d:- ref:0 ;
in:922 out:923 type:b dur:2 cpbdur:2 q:28.99 aq:31.14 tex:2884 mv:456 misc:364 imb:0 pmb:51 smb:3549 d:- ref:0 ;
in:927 out:924 type:P dur:2 cpbdur:2 q:28.88 aq:20.01 tex:25991 mv:1094 misc:1051 imb:26 pmb:189 smb:3385 d:- ref:0 ;
in:925 out:925 type:B dur:2 cpbdur:2 q:28.92 aq:28.35 tex:8079 mv:912 misc:385 imb:2 pmb:67 smb:3531 d:- ref:0 ;
in:924 out:926 type:b dur:2 cpbdur:2 q:28.94 aq:30.70 tex:2519 mv:525 misc:372 imb:1 pmb:57 smb:3542 d:- ref:0 ;
in:926 out:927 type:b dur:2 cpbdur:2 q:28.90 aq:27.92 tex:3136 mv:530 misc:350 imb:1 pmb:53 smb:3546 d:- ref:0 ;
in:928 out:928 type:I dur:2 cpbdur:2 q:26.28 aq:15.62 tex:818423 mv:89809 misc:544 imb:3600 pmb:0 smb:0 d:- ref:;
in:932 out:929 type:P dur:2 cpbdur:2 q:29.64 aq:20.76 tex:23408 mv:1059 misc:653 imb:32 pmb:116 smb:3452 d:- ref:0 ;
in:930 out:930 type:B dur:2 cpbdur:2 q:29.64 aq:31.60 tex:8221 mv:975 misc:428 imb:4 pmb:80 smb:3516 d:- ref:0 ;
in:929 out:931 type:b dur:2 cpbdur:2 q:29.64 aq:31.65 tex:5856 mv:867 misc:429 imb:1 pmb:79 smb:3520 d:- ref:0 ;
in:931 out:932 type:b dur:2 cpbdur:2 q:29.64 aq:31.69 tex:5041 mv:855 misc:416 imb:0 pmb:73 smb:3527 d:- ref:0 ;
in:936 out:933 type:P dur:2 cpbdur:2 q:29.52 aq:20.68 tex:26651 mv:1053 misc:592 imb:27 pmb:112 smb:3461 d:- ref:0 ;
in:934 out:934 type:B dur:2 cpbdur:2 q:29.58 aq:29.34 tex:9452 mv:1068 misc:416 imb:0 pmb:89 smb:3511 d:- ref:0 ;
in:933 out:935 type:b dur:2 cpbdur:2 q:29.61 aq:31.26 tex:4742 mv:816 misc:402 imb:0 pmb:75 smb:3525 d:- ref:0 ;
in:935 out:936 type:b dur:2 cpbdur:2 q:29.55 aq:31.62 tex:4616 mv:768 misc:384 imb:0 pmb:69 smb:3531 d:- ref:0 ;
in:940 out:937 type:P dur:2 cpbdur:2 q:29.42 aq:20.49 tex:20900 mv:977 misc:539 imb:22 pmb:108 smb:3470 d:- ref:0 ;
in:938 out:938 type:B dur:2 cpbdur:2 q:29.47 aq:29.43 tex:9682 mv:1100 misc:442 imb:0 pmb:87 smb:3513 d:- ref:0 ;
in:937 out:939 type:b dur:2 cpbdur:2 q:29.50 aq:30.74 tex:4696 mv:840 misc:432 imb:0 pmb:73 smb:3527 d:- ref:0 ;
in:939 out:940 type:b dur:2 cpbdur:2 q:29.45 aq:30.99 tex:4678 mv:795 misc:423 imb:0 pmb:71 smb:3529 d:- ref:0 ;
in:944 out:941 type:P dur:2 cpbdur:2 q:29.43 aq:18.02 tex:19962 mv:976 misc:502 imb:17 pmb:99 smb:3484 d:- ref:0 ;
in:942 out:942 type:B dur:2 cpbdur:2 q:29.42 aq:21.97 tex:9411 mv:1094 misc:407 imb:1 pmb:83 smb:3516 d:- ref:0 ;
in:941 out:943 type:b dur:2 cpbdur:2 q:29.42 aq:31.39 tex:4489 mv:735 misc:384 imb:0 pmb:70 smb:3530 d:- ref:0 ;
in:943 out:944 type:b dur:2 cpbdur:2 q:29.42 aq:31.37 tex:4696 mv:862 misc:402 imb:1 pmb:71 smb:3528 d:- ref:0 ;
in:948 out:945 type:P dur:2 cpbdur:2 q:29.34 aq:16.95 tex:20985 mv:1017 misc:502 imb:27 pmb:98 smb:3475 d:- ref:0 ;
in:946 out:946 type:B dur:2 cpbdur:2 q:29.38 aq:28.83 tex:9134 mv:1066 misc:424 imb:0 pmb:84 smb:3516 d:- ref:0 ;
in:945 out:947 type:b dur:2 cpbdur:2 q:29.40 aq:28.64 tex:4825 mv:824 misc:391 imb:0 pmb:71 smb:3529 d:- ref:0 ;
in:947 out:948 type:b dur:2 cpbdur:2 q:29.36 aq:30.62 tex:4759 mv:855 misc:410 imb:0 pmb:72 smb:3528 d:- ref:0 ;
in:952 out:949 type:P dur:2 cpbdur:2 q:29.24 aq:18.88 tex:19567 mv:1004 misc:533 imb:18 pmb:102 smb:3480 d:- ref:0 ;
in:950 out:950 type:B dur:2 cpbdur:2 q:29.29 aq:29.31 tex:9201 mv:1072 misc:415 imb:1 pmb:79 smb:3520 d:- ref:0 ;
in:949 out:951 type:b dur:2 cpbdur:2 q:29.31 aq:31.16 tex:5076 mv:879 misc:389 imb:0 pmb:67 smb:3533 d:- ref:0 ;
in:951 out:952 type:b dur:2 cpbdur:2 q:29.26 aq:30.18 tex:4929 mv:782 misc:401 imb:0 pmb:72 smb:3528 d:- ref:0 ;
in:956 out:953 type:P dur:2 cpbdur:2 q:29.14 aq:18.64 tex:20040 mv:1101 misc:523 imb:18 pmb:106 smb:3476 d:- ref:0 ;
in:954 out:954 type:B dur:2 cpbdur:2 q:29.19 aq:27.81 tex:9056 mv:1149 misc:411 imb:1 pmb:86 smb:3513 d:- ref:0 ;
in:953 out:955 type:b dur:2 cpbdur:2 q:29.21 aq:28.38 tex:4512 mv:873 misc:383 imb:0 pmb:77 smb:3523 d:- ref:0 ;
in:955 out:956 type:b dur:2 cpbdur:2 q:29.17 aq:30.18 tex:4767 mv:939 misc:406 imb:0 pmb:76 smb:3524 d:- ref:0 ;
in:960 out:957 type:P dur:2 cpbdur:2 q:29.04 aq:15.36 tex:24460 mv:1031 misc:573 imb:34 pmb:106 smb:3460 d:- ref:0 ;
in:958 out:958 type:B dur:2 cpbdur:2 q:29.09 aq:28.20 tex:10245 mv:1111 misc:428 imb:2 pmb:89 smb:3509 d:- ref:0 ;
in:957 out:959 type:b dur:2 cpbdur:2 q:29.12 aq:30.31 tex:5098 mv:912 misc:390 imb:0 pmb:74 smb:3526 d:- ref:0 ;
in:959 out:960 type:b dur:2 cpbdur:2 q:29.07 aq:30.09 tex:6089 mv:833 misc:414 imb:0 pmb:78 smb:3522 d:- ref:0 ;
in:964 out:961 type:P dur:2 cpbdur:2 q:28.95 aq:17.28 tex:19014 mv:957 misc:613 imb:18 pmb:109 smb:3473 d:- ref:0 ;
in:962 out:962 type:B dur:2 cpbdur:2 q:29.00 aq:28.53 tex:8648 mv:1041 misc:415 imb:1 pmb:78 smb:3521 d:- ref:0 ;
in:961 out:963 type:b dur:2 cpbdur:2 q:29.02 aq:29.75 tex:4588 mv:761 misc:403 imb:0 pmb:64 smb:3536 d:- ref:0 ;
in:963 out:964 type:b dur:2 cpbdur:2 q:28.98 aq:30.30 tex:4675 mv:811 misc:370 imb:0 pmb:64 smb:3536 d:- ref:0 ;
in:968 out:965 type:P dur:2 cpbdur:2 q:28.85 aq:15.97 tex:19544 mv:1012 misc:556 imb:18 pmb:105 smb:3477 d:- ref:0 ;
in:966 out:966 type:B dur:2 cpbdur:2 q:28.90 aq:26.81 tex:8382 mv:1040 misc:394 imb:0 pmb:73 smb:3527 d:- ref:0 ;
in:965 out:967 type:b dur:2 cpbdur:2 q:28.93 aq:28.33 tex:4058 mv:805 misc:377 imb:0 pmb:63 smb:3537 d:- ref:0 ;
in:967 out:968 type:b dur:2 cpbdur:2 q:28.88 aq:28.60 tex:4275 mv:879 misc:382 imb:0 pmb:66 smb:3534 d:- ref:0 ;
in:972 out:969 type:P dur:2 cpbdur:2 q:28.76 aq:18.47 tex:21143 mv:1043 misc:606 imb:22 pmb:114 smb:3464 d:- ref:0 ;
in:970 out:970 type:B dur:2 cpbdur:2 q:28.81 aq:28.40 tex:8920 mv:1124 misc:396 imb:1 pmb:75 smb:3524 d:- ref:0 ;
in:969 out:971 type:b dur:2 cpbdur:2 q:28.83 aq:29.97 tex:4419 mv:747 misc:370 imb:1 pmb:63 smb:3536 d:- ref:0 ;
in:971 out:972 type:b dur:2 cpbdur:2 q:28.78 aq:29.56 tex:4746 mv:785 misc:381 imb:0 pmb:61 smb:3539 d:- ref:0 ;
in:976 out:973 type:P dur:2 cpbdur:2 q:28.66 aq:16.58 tex:19662 mv:967 misc:635 imb:16 pmb:120 smb:3464 d:- ref:0 ;
in:974 out:974 type:B dur:2 cpbdur:2 q:28.71 aq:27.73 tex:8331 mv:988 misc:401 imb:0 pmb:76 smb:3524 d:- ref:0 ;
in:973 out:975 type:b dur:2 cpbdur:2 q:28.73 aq:29.56 tex:4482 mv:756 misc:370 imb:0 pmb:66 smb:3534 d:- ref:0 ;
in:975 out:976 type:b dur:2 cpbdur:2 q:28.68 aq:29.55 tex:4673 mv:803 misc:372 imb:0 pmb:67 smb:3533 d:- ref:0 ;
in:980 out:977 type:P dur:2 cpbdur:2 q:28.56 aq:15.94 tex:24102 mv:983 misc:603 imb:18 pmb:116 smb:3466 d:- ref:0 ;
in:978 out:978 type:B dur:2 cpbdur:2 q:28.61 aq:27.84 tex:9181 mv:1026 misc:393 imb:1 pmb:77 smb:3522 d:- ref:0 ;
in:977 out:979 type:b dur:2 cpbdur:2 q:28.63 aq:29.27 tex:4611 mv:814 misc:383 imb:0 pmb:68 smb:3532 d:- ref:0 ;
in:979 out:980 type:b dur:2 cpbdur:2 q:28.58 aq:29.71 tex:4229 mv:652 misc:391 imb:0 pmb:68 smb:3532 d:- ref:0 ;
in:984 out:981 type:P dur:2 cpbdur:2 q:28.45 aq:17.17 tex:24280 mv:942 misc:610 imb:18 pmb:112 smb:3470 d:- ref:0 ;
in:982 out:982 type:B dur:2 cpbdur:2 q:28.51 aq:27.92 tex:8540 mv:979 misc:425 imb:0 pmb:75 smb:3525 d:- ref:0 ;
in:981 out:983 type:b dur:2 cpbdur:2 q:28.53 aq:29.41 tex:3854 mv:629 misc:381 imb:0 pmb:58 smb:3542 d:- ref:0 ;
in:983 out:984 type:b dur:2 cpbdur:2 q:28.48 aq:29.61 tex:3207 mv:682 misc:407 imb:0 pmb:64 smb:3536 d:- ref:0 ;
in:987 out:985 type:P dur:2 cpbdur:2 q:28.36 aq:29.00 tex:8348 mv:610 misc:434 imb:10 pmb:54 smb:3536 d:- ref:0 ;
in:985 out:986 type:B dur:2 cpbdur:2 q:28.42 aq:30.04 tex:4825 mv:713 misc:438 imb:1 pmb:65 smb:3534 d:- ref:0 ;
in:986 out:987 type:b dur:2 cpbdur:2 q:28.39 aq:29.16 tex:4507 mv:720 misc:397 imb:1 pmb:59 smb:3540 d:- ref:0 ;
in:988 out:988 type:I dur:2 cpbdur:2 q:25.88 aq:15.12 tex:859675 mv:91142 misc:551 imb:3600 pmb:0 smb:0 d:- ref:;
in:992 out:989 type:P dur:2 cpbdur:2 q:29.21 aq:19.30 tex:13756 mv:831 misc:653 imb:11 pmb:106 smb:3483 d:- ref:0 ;
in:990 out:990 type:B dur:2 cpbdur:2 q:29.21 aq:29.51 tex:5575 mv:710 misc:363 imb:2 pmb:56 smb:3542 d:- ref:0 ;
in:989 out:991 type:b dur:2 cpbdur:2 q:29.21 aq:30.06 tex:2998 mv:522 misc:344 imb:0 pmb:52 smb:3548 d:- ref:0 ;
in:991 out:992 type:b dur:2 cpbdur:2 q:29.21 aq:29.27 tex:3615 mv:598 misc:347 imb:0 pmb:50 smb:3550 d:- ref:0 ;
in:996 out:993 type:P dur:2 cpbdur:2 q:29.10 aq:17.25 tex:14004 mv:712 misc:532 imb:12 pmb:80 smb:3508 d:- ref:0 ;
in:994 out:994 type:B dur:2 cpbdur:2 q:29.16 aq:28.63 tex:5663 mv:631 misc:386 imb:1 pmb:55 smb:3544 d:- ref:0 ;
in:993 out:995 type:b dur:2 cpbdur:2 q:29.18 aq:30.09 tex:3254 mv:529 misc:353 imb:0 pmb:51 smb:3549 d:- ref:0 ;
in:995 out:996 type:b dur:2 cpbdur:2 q:29.13 aq:30.17 tex:3382 mv:570 misc:344 imb:0 pmb:47 smb:3553 d:- ref:0 ;
in:1000 out:997 type:P dur:2 cpbdur:2 q:28.99 aq:16.44 tex:15849 mv:733 misc:482 imb:15 pmb:80 smb:3505 d:- ref:0 ;
in:998 out:998 type:B dur:2 cpbdur:2 q:29.05 aq:27.80 tex:6413 mv:745 misc:378 imb:1 pmb:61 smb:3538 d:- ref:0 ;
in:997 out:999 type:b dur:2 cpbdur:2 q:29.08 aq:30.05 tex:3348 mv:547 misc:329 imb:0 pmb:48 smb:3552 d:- ref:0 ;
in:999 out:1000 type:b dur:2 cpbdur:2 q:29.02 aq:30.07 tex:3724 mv:677 misc:351 imb:0 pmb:51 smb:3549 d:- ref:0 ;
in:1004 out:1001 type:P dur:2 cpbdur:2 q:28.99 aq:15.77 tex:15810 mv:831 misc:455 imb:12 pmb:89 smb:3499 d:- ref:0 ;
in:1002 out:1002 type:B dur:2 cpbdur:2 q:28.99 aq:22.24 tex:7381 mv:860 misc:375 imb:0 pmb:65 smb:3535 d:- ref:0 ;
in:1001 out:1003 type:b dur:2 cpbdur:2 q:28.99 aq:30.18 tex:3336 mv:582 misc:346 imb:0 pmb:56 smb:3544 d:- ref:0 ;
in:1003 out:1004 type:b dur:2 cpbdur:2 q:28.99 aq:29.55 tex:3783 mv:617 misc:376 imb:0 pmb:59 smb:3541 d:- ref:0 ;
in:1008 out:1005 type:P dur:2 cpbdur:2 q:28.88 aq:16.67 tex:18614 mv:879 misc:507 imb:21 pmb:85 smb:3494 d:- ref:0 ;
in:1006 out:1006 type:B dur:2 cpbdur:2 q:28.94 aq:28.09 tex:7997 mv:899 misc:384 imb:0 pmb:69 smb:3531 d:- ref:0 ;
in:1005 out:1007 type:b dur:2 cpbdur:2 q:28.97 aq:30.02 tex:4298 mv:720 misc:358 imb:0 pmb:60 smb:3540 d:- ref:0 ;
in:1007 out:1008 type:b dur:2 cpbdur:2 q:28.91 aq:30.11 tex:3885 mv:598 misc:365 imb:0 pmb:61 smb:3539 d:- ref:0 ;
in:1012 out:1009 type:P dur:2 cpbdur:2 q:28.78 aq:15.91 tex:18166 mv:900 misc:470 imb:16 pmb:90 smb:3494 d:- ref:0 ;
in:1010 out:1010 type:B dur:2 cpbdur:2 q:28.83 aq:27.34 tex:9085 mv:986 misc:385 imb:0 pmb:69 smb:3531 d:- ref:0 ;
in:1009 out:1011 type:b dur:2 cpbdur:2 q:28.86 aq:29.58 tex:3907 mv:652 misc:385 imb:0 pmb:59 smb:3541 d:- ref:0 ;
in:1011 out:1012 type:b dur:2 cpbdur:2 q:28.80 aq:29.80 tex:3719 mv:694 misc:371 imb:0 pmb:60 smb:3540 d:- ref:0 ;
in:1016 out:1013 type:P dur:2 cpbdur:2 q:28.67 aq:18.51 tex:22426 mv:973 misc:537 imb:21 pmb:96 smb:3483 d:- ref:0 ;
in:1014 out:1014 type:B dur:2 cpbdur:2 q:28.72 aq:28.11 tex:8064 mv:908 misc:452 imb:0 pmb:89 smb:3511 d:- ref:0 ;
in:1013 out:1015 type:b dur:2 cpbdur:2 q:28.75 aq:29.36 tex:4790 mv:803 misc:423 imb:0 pmb:73 smb:3527 d:- ref:0 ;
in:1015 out:1016 type:b dur:2 cpbdur:2 q:28.70 aq:29.89 tex:4775 mv:735 misc:410 imb:0 pmb:74 smb:3526 d:- ref:0 ;
in:1020 out:1017 type:P dur:2 cpbdur:2 q:28.57 aq:17.10 tex:27145 mv:874 misc:557 imb:26 pmb:90 smb:3484 d:- ref:0 ;
in:1018 out:1018 type:B dur:2 cpbdur:2 q:28.62 aq:27.29 tex:5185 mv:620 misc:403 imb:2 pmb:68 smb:3530 d:- ref:0 ;
in:1017 out:1019 type:b dur:2 cpbdur:2 q:28.64 aq:30.32 tex:5628 mv:731 misc:385 imb:0 pmb:71 smb:3529 d:- ref:0 ;
in:1019 out:1020 type:b dur:2 cpbdur:2 q:28.59 aq:30.00 tex:2849 mv:379 misc:300 imb:0 pmb:36 smb:3564 d:- ref:0 ;
in:1024 out:1021 type:P dur:2 cpbdur:2 q:28.47 aq:17.67 tex:10731 mv:547 misc:538 imb:6 pmb:80 smb:3514 d:- ref:0 ;
in:1022 out:1022 type:B dur:2 cpbdur:2 q:28.52 aq:28.83 tex:4770 mv:454 misc:320 imb:1 pmb:37 smb:3562 d:- ref:0 ;
in:1021 out:1023 type:b dur:2 cpbdur:2 q:28.54 aq:30.39 tex:2666 mv:380 misc:314 imb:0 pmb:34 smb:3566 d:- ref:0 ;
in:1023 out:1024 type:b dur:2 cpbdur:2 q:28.50 aq:29.70 tex:2816 mv:385 misc:303 imb:1 pmb:34 smb:3565 d:- ref:0 ;
in:1028 out:1025 type:P dur:2 cpbdur:2 q:28.37 aq:15.85 tex:11431 mv:527 misc:506 imb:8 pmb:69 smb:3523 d:- ref:0 ;
in:1026 out:1026 type:B dur:2 cpbdur:2 q:28.42 aq:26.49 tex:5045 mv:456 misc:323 imb:0 pmb:44 smb:3556 d:- ref:0 ;
in:1025 out:1027 type:b dur:2 cpbdur:2 q:28.45 aq:27.01 tex:3008 mv:388 misc:308 imb:0 pmb:39 smb:3561 d:- ref:0 ;
in:1027 out:1028 type:b dur:2 cpbdur:2 q:28.39 aq:29.42 tex:3000 mv:427 misc:293 imb:0 pmb:36 smb:3564 d:- ref:0 ;
in:1032 out:1029 type:P dur:2 cpbdur:2 q:28.26 aq:16.69 tex:10475 mv:564 misc:481 imb:10 pmb:66 smb:3524 d:- ref:0 ;
in:1030 out:1030 type:B dur:2 cpbdur:2 q:28.31 aq:28.46 tex:5173 mv:518 misc:333 imb:0 pmb:40 smb:3560 d:- ref:0 ;
in:1029 out:1031 type:b dur:2 cpbdur:2 q:28.34 aq:29.35 tex:2830 mv:383 misc:307 imb:0 pmb:36 smb:3564 d:- ref:0 ;
in:1031 out:1032 type:b dur:2 cpbdur:2 q:28.29 aq:29.81 tex:2796 mv:475 misc:297 imb:1 pmb:36 smb:3563 d:- ref:0 ;
in:1036 out:1033 type:P dur:2 cpbdur:2 q:28.14 aq:15.71 tex:13365 mv:630 misc:517 imb:14 pmb:69 smb:3517 d:- ref:0 ;
in:1034 out:1034 type:B dur:2 cpbdur:2 q:28.20 aq:27.13 tex:5670 mv:527 misc:323 imb:0 pmb:49 smb:3551 d:- ref:0 ;
in:1033 out:1035 type:b dur:2 cpbdur:2 q:28.23 aq:29.26 tex:2843 mv:431 misc:310 imb:1 pmb:36 smb:3563 d:- ref:0 ;
in:1035 out:1036 type:b dur:2 cpbdur:2 q:28.17 aq:26.91 tex:3095 mv:486 misc:315 imb:1 pmb:45 smb:3554 d:- ref:0 ;
in:1040 out:1037 type:P dur:2 cpbdur:2 q:28.01 aq:17.09 tex:12385 mv:569 misc:558 imb:8 pmb:73 smb:3519 d:- ref:0 ;
in:1038 out:1038 type:B dur:2 cpbdur:2 q:28.07 aq:27.86 tex:5443 mv:563 misc:314 imb:0 pmb:42 smb:3558 d:- ref:0 ;
in:1037 out:1039 type:b dur:2 cpbdur:2 q:28.10 aq:29.27 tex:2556 mv:394 misc:314 imb:1 pmb:35 smb:3564 d:- ref:0 ;
in:1039 out:1040 type:b dur:2 cpbdur:2 q:28.04 aq:29.60 tex:2493 mv:345 misc:322 imb:0 pmb:36 smb:3564 d:- ref:0 ;
in:1044 out:1041 type:P dur:2 cpbdur:2 q:27.88 aq:17.33 tex:16759 mv:677 misc:596 imb:16 pmb:79 smb:3505 d:- ref:0 ;
in:1042 out:1042 type:B dur:2 cpbdur:2 q:27.95 aq:24.81 tex:5378 mv:545 misc:381 imb:0 pmb:55 smb:3545 d:- ref:0 ;
in:1041 out:1043 type:b dur:2 cpbdur:2 q:27.98 aq:29.16 tex:2232 mv:409 misc:359 imb:0 pmb:46 smb:3554 d:- ref:0 ;
in:1043 out:1044 type:b dur:2 cpbdur:2 q:27.92 aq:27.55 tex:2927 mv:408 misc:345 imb:0 pmb:45 smb:3555 d:- ref:0 ;
in:1047 out:1045 type:P dur:2 cpbdur:2 q:27.76 aq:28.98 tex:5676 mv:363 misc:329 imb:8 pmb:31 smb:3561 d:- ref:0 ;
in:1045 out:1046 type:B dur:2 cpbdur:2 q:27.84 aq:29.45 tex:2203 mv:321 misc:332 imb:0 pmb:38 smb:3562 d:- ref:0 ;
in:1046 out:1047 type:b dur:2 cpbdur:2 q:27.80 aq:28.71 tex:2368 mv:246 misc:346 imb:0 pmb:31 smb:3569 d:- ref:0 ;
in:1048 out:1048 type:I dur:2 cpbdur:2 q:25.37 aq:14.54 tex:907064 mv:92902 misc:578 imb:3600 pmb:0 smb:0 d:- ref:;
in:1052 out:1049 type:P dur:2 cpbdur:2 q:28.65 aq:18.33 tex:6538 mv:442 misc:676 imb:15 pmb:77 smb:3508 d:- ref:0 ;
in:1050 out:1050 type:B dur:2 cpbdur:2 q:28.65 aq:27.55 tex:2754 mv:245 misc:289 imb:0 pmb:25 smb:3575 d:- ref:0 ;
in:1049 out:1051 type:b dur:2 cpbdur:2 q:28.65 aq:30.17 tex:1206 mv:240 misc:266 imb:0 pmb:20 smb:3580 d:- ref:0 ;
in:1051 out:1052 type:b dur:2 cpbdur:2 q:28.65 aq:29.77 tex:1637 mv:270 misc:285 imb:0 pmb:21 smb:3579 d:- ref:0 ;
in:1056 out:1053 type:P dur:2 cpbdur:2 q:28.53 aq:15.99 tex:6158 mv:353 misc:409 imb:11 pmb:33 smb:3556 d:- ref:0 ;
in:1054 out:1054 type:B dur:2 cpbdur:2 q:28.59 aq:27.97 tex:2634 mv:271 misc:295 imb:0 pmb:23 smb:3577 d:- ref:0 ;
in:1053 out:1055 type:b dur:2 cpbdur:2 q:28.62 aq:30.12 tex:1496 mv:240 misc:280 imb:1 pmb:20 smb:3579 d:- ref:0 ;
in:1055 out:1056 type:b dur:2 cpbdur:2 q:28.56 aq:30.50 tex:1599 mv:215 misc:266 imb:0 pmb:19 smb:3581 d:- ref:0 ;
in:1060 out:1057 type:P dur:2 cpbdur:2 q:28.41 aq:19.30 tex:8393 mv:363 misc:388 imb:6 pmb:36 smb:3558 d:- ref:0 ;
in:1058 out:1058 type:B dur:2 cpbdur:2 q:28.47 aq:26.95 tex:3251 mv:325 misc:320 imb:0 pmb:27 smb:3573 d:- ref:0 ;
in:1057 out:1059 type:b dur:2 cpbdur:2 q:28.50 aq:30.34 tex:1491 mv:251 misc:282 imb:0 pmb:19 smb:3581 d:- ref:0 ;
in:1059 out:1060 type:b dur:2 cpbdur:2 q:28.44 aq:29.90 tex:1991 mv:272 misc:297 imb:0 pmb:26 smb:3574 d:- ref:0 ;
in:1064 out:1061 type:P dur:2 cpbdur:2 q:28.39 aq:16.19 tex:5742 mv:315 misc:367 imb:5 pmb:33 smb:3562 d:- ref:0 ;
in:1062 out:1062 type:B dur:2 cpbdur:2 q:28.40 aq:27.26 tex:2678 mv:286 misc:292 imb:0 pmb:21 smb:3579 d:- ref:0 ;
in:1061 out:1063 type:b dur:2 cpbdur:2 q:28.40 aq:27.68 tex:922 mv:161 misc:277 imb:0 pmb:16 smb:3584 d:- ref:0 ;
in:1063 out:1064 type:b dur:2 cpbdur:2 q:28.39 aq:27.27 tex:1177 mv:149 misc:274 imb:0 pmb:16 smb:3584 d:- ref:0 ;
in:1068 out:1065 type:P dur:2 cpbdur:2 q:28.26 aq:14.80 tex:6594 mv:348 misc:410 imb:6 pmb:34 smb:3560 d:- ref:0 ;
in:1066 out:1066 type:B dur:2 cpbdur:2 q:28.32 aq:26.88 tex:3017 mv:261 misc:290 imb:0 pmb:21 smb:3579 d:- ref:0 ;
in:1065 out:1067 type:b dur:2 cpbdur:2 q:28.36 aq:28.88 tex:1240 mv:207 misc:281 imb:0 pmb:20 smb:3580 d:- ref:0 ;
in:1067 out:1068 type:b dur:2 cpbdur:2 q:28.29 aq:26.79 tex:1170 mv:186 misc:276 imb:0 pmb:16 smb:3584 d:- ref:0 ;
in:1072 out:1069 type:P dur:2 cpbdur:2 q:28.13 aq:14.12 tex:8926 mv:348 misc:430 imb:10 pmb:31 smb:3559 d:- ref:0 ;
in:1070 out:1070 type:B dur:2 cpbdur:2 q:28.19 aq:26.44 tex:3639 mv:249 misc:304 imb:0 pmb:25 smb:3575 d:- ref:0 ;
in:1069 out:1071 type:b dur:2 cpbdur:2 q:28.23 aq:26.66 tex:1017 mv:170 misc:293 imb:0 pmb:22 smb:3578 d:- ref:0 ;
in:1071 out:1072 type:b dur:2 cpbdur:2 q:28.16 aq:26.79 tex:1373 mv:168 misc:283 imb:0 pmb:20 smb:3580 d:- ref:0 ;
in:1076 out:1073 type:P dur:2 cpbdur:2 q:28.00 aq:18.68 tex:5363 mv:254 misc:463 imb:6 pmb:35 smb:3559 d:- ref:0 ;
in:1074 out:1074 type:B dur:2 cpbdur:2 q:28.06 aq:25.11 tex:1998 mv:230 misc:276 imb:0 pmb:15 smb:3585 d:- ref:0 ;
in:1073 out:1075 type:b dur:2 cpbdur:2 q:28.10 aq:27.09 tex:1059 mv:183 misc:254 imb:0 pmb:11 smb:3589 d:- ref:0 ;
in:1075 out:1076 type:b dur:2 cpbdur:2 q:28.03 aq:26.74 tex:1125 mv:122 misc:249 imb:0 pmb:13 smb:3587 d:- ref:0 ;
in:1080 out:1077 type:P dur:2 cpbdur:2 q:27.86 aq:16.71 tex:5047 mv:261 misc:460 imb:5 pmb:37 smb:3558 d:- ref:0 ;
in:1078 out:1078 type:B dur:2 cpbdur:2 q:27.93 aq:24.79 tex:2009 mv:166 misc:273 imb:0 pmb:16 smb:3584 d:- ref:0 ;
in:1077 out:1079 type:b dur:2 cpbdur:2 q:27.97 aq:25.21 tex:1381 mv:144 misc:251 imb:0 pmb:14 smb:3586 d:- ref:0 ;
in:1079 out:1080 type:b dur:2 cpbdur:2 q:27.90 aq:26.50 tex:1109 mv:155 misc:264 imb:0 pmb:14 smb:3586 d:- ref:0 ;
in:1084 out:1081 type:P dur:2 cpbdur:2 q:27.73 aq:19.33 tex:17282 mv:572 misc:626 imb:24 pmb:78 smb:3498 d:- ref:0 ;
in:1082 out:1082 type:B dur:2 cpbdur:2 q:27.79 aq:26.35 tex:7642 mv:626 misc:364 imb:0 pmb:55 smb:3545 d:- ref:0 ;
in:1081 out:1083 type:b dur:2 cpbdur:2 q:27.83 aq:27.85 tex:4500 mv:415 misc:325 imb:0 pmb:44 smb:3556 d:- ref:0 ;
in:1083 out:1084 type:b dur:2 cpbdur:2 q:27.76 aq:27.80 tex:4741 mv:531 misc:376 imb:0 pmb:58 smb:3542 d:- ref:0 ;
in:1088 out:1085 type:P dur:2 cpbdur:2 q:27.60 aq:16.71 tex:14951 mv:715 misc:622 imb:18 pmb:77 smb:3505 d:- ref:0 ;
in:1086 out:1086 type:B dur:2 cpbdur:2 q:27.66 aq:25.35 tex:6197 mv:753 misc:362 imb:0 pmb:52 smb:3548 d:- ref:0 ;
in:1085 out:1087 type:b dur:2 cpbdur:2 q:27.69 aq:27.58 tex:4126 mv:520 misc:322 imb:0 pmb:41 smb:3559 d:- ref:0 ;
in:1087 out:1088 type:b dur:2 cpbdur:2 q:27.63 aq:27.32 tex:3937 mv:489 misc:318 imb:0 pmb:42 smb:3558 d:- ref:0 ;
in:1092 out:1089 type:P dur:2 cpbdur:2 q:27.47 aq:18.25 tex:19773 mv:848 misc:595 imb:20 pmb:95 smb:3485 d:- ref:0 ;
in:1090 out:1090 type:B dur:2 cpbdur:2 q:27.54 aq:26.04 tex:7554 mv:782 misc:368 imb:1 pmb:62 smb:3537 d:- ref:0 ;
in:1089 out:1091 type:b dur:2 cpbdur:2 q:27.57 aq:27.43 tex:3692 mv:517 misc:343 imb:0 pmb:44 smb:3556 d:- ref:0 ;
in:1091 out:1092 type:b dur:2 cpbdur:2 q:27.50 aq:27.92 tex:4194 mv:560 misc:358 imb:0 pmb:53 smb:3547 d:- ref:0 ;
in:1096 out:1093 type:P dur:2 cpbdur:2 q:27.35 aq:16.31 tex:21426 mv:877 misc:617 imb:23 pmb:90 smb:3487 d:- ref:0 ;
in:1094 out:1094 type:B dur:2 cpbdur:2 q:27.41 aq:26.24 tex:8418 mv:852 misc:386 imb:0 pmb:65 smb:3535 d:- ref:0 ;
in:1093 out:1095 type:b dur:2 cpbdur:2 q:27.44 aq:27.68 tex:5449 mv:713 misc:350 imb:0 pmb:60 smb:3540 d:- ref:0 ;
in:1095 out:1096 type:b dur:2 cpbdur:2 q:27.38 aq:25.89 tex:5053 mv:613 misc:334 imb:0 pmb:53 smb:3547 d:- ref:0 ;
in:1100 out:1097 type:P dur:2 cpbdur:2 q:27.25 aq:17.69 tex:16982 mv:775 misc:667 imb:12 pmb:109 smb:3479 d:- ref:0 ;
in:1098 out:1098 type:B dur:2 cpbdur:2 q:27.30 aq:19.40 tex:8912 mv:860 misc:340 imb:2 pmb:52 smb:3546 d:- ref:0 ;
in:1097 out:1099 type:b dur:2 cpbdur:2 q:27.33 aq:27.43 tex:5022 mv:719 misc:323 imb:0 pmb:54 smb:3546 d:- ref:0 ;
in:1099 out:1100 type:b dur:2 cpbdur:2 q:27.27 aq:27.19 tex:4833 mv:626 misc:317 imb:0 pmb:48 smb:3552 d:- ref:0 ;
in:1104 out:1101 type:P dur:2 cpbdur:2 q:27.15 aq:17.69 tex:20788 mv:949 misc:631 imb:18 pmb:114 smb:3468 d:- ref:0 ;
in:1102 out:1102 type:B dur:2 cpbdur:2 q:27.20 aq:21.78 tex:8181 mv:791 misc:388 imb:0 pmb:67 smb:3533 d:- ref:0 ;
in:1101 out:1103 type:b dur:2 cpbdur:2 q:27.22 aq:27.10 tex:4852 mv:642 misc:322 imb:0 pmb:49 smb:3551 d:- ref:0 ;
in:1103 out:1104 type:b dur:2 cpbdur:2 q:27.17 aq:27.01 tex:4565 mv:642 misc:353 imb:0 pmb:57 smb:3543 d:- ref:0 ;
in:1107 out:1105 type:P dur:2 cpbdur:2 q:27.05 aq:20.29 tex:12189 mv:712 misc:419 imb:12 pmb:61 smb:3527 d:- ref:0 ;
in:1105 out:1106 type:B dur:2 cpbdur:2 q:27.11 aq:20.42 tex:7464 mv:892 misc:396 imb:1 pmb:69 smb:3530 d:- ref:0 ;
in:1106 out:1107 type:b dur:2 cpbdur:2 q:27.08 aq:26.28 tex:5822 mv:700 misc:382 imb:1 pmb:65 smb:3534 d:- ref:0 ;
in:1108 out:1108 type:I dur:2 cpbdur:2 q:24.65 aq:13.89 tex:953982 mv:93836 misc:550 imb:3600 pmb:0 smb:0 d:- ref:;
in:1112 out:1109 type:P dur:2 cpbdur:2 q:28.02 aq:16.47 tex:16503 mv:895 misc:682 imb:20 pmb:110 smb:3470 d:- ref:0 ;
in:1110 out:1110 type:B dur:2 cpbdur:2 q:28.02 aq:25.89 tex:8407 mv:850 misc:359 imb:0 pmb:64 smb:3536 d:- ref:0 ;
in:1109 out:1111 type:b dur:2 cpbdur:2 q:28.02 aq:27.41 tex:4998 mv:730 misc:352 imb:0 pmb:58 smb:3542 d:- ref:0 ;
in:1111 out:1112 type:b dur:2 cpbdur:2 q:28.02 aq:24.49 tex:4608 mv:613 misc:323 imb:0 pmb:56 smb:3544 d:- ref:0 ;
in:1116 out:1113 type:P dur:2 cpbdur:2 q:27.92 aq:15.54 tex:16374 mv:789 misc:525 imb:22 pmb:73 smb:3505 d:- ref:0 ;
in:1114 out:1114 type:B dur:2 cpbdur:2 q:27.97 aq:25.50 tex:7871 mv:765 misc:332 imb:1 pmb:56 smb:3543 d:- ref:0 ;
in:1113 out:1115 type:b dur:2 cpbdur:2 q:27.99 aq:26.18 tex:4595 mv:600 misc:325 imb:0 pmb:53 smb:3547 d:- ref:0 ;
in:1115 out:1116 type:b dur:2 cpbdur:2 q:27.94 aq:23.14 tex:4087 mv:643 misc:326 imb:0 pmb:50 smb:3550 d:- ref:0 ;
in:1120 out:1117 type:P dur:2 cpbdur:2 q:27.82 aq:16.17 tex:16521 mv:792 misc:535 imb:17 pmb:90 smb:3493 d:- ref:0 ;
in:1118 out:1118 type:B dur:2 cpbdur:2 q:27.87 aq:26.24 tex:7552 mv:826 misc:366 imb:0 pmb:61 smb:3539 d:- ref:0 ;
in:1117 out:1119 type:b dur:2 cpbdur:2 q:27.89 aq:27.80 tex:3837 mv:633 misc:322 imb:0 pmb:48 smb:3552 d:- ref:0 ;
in:1119 out:1120 type:b dur:2 cpbdur:2 q:27.84 aq:27.23 tex:5381 mv:651 misc:352 imb:4 pmb:56 smb:3540 d:- ref:0 ;
in:1124 out:1121 type:P dur:2 cpbdur:2 q:27.83 aq:16.02 tex:16321 mv:757 misc:514 imb:14 pmb:76 smb:3510 d:- ref:0 ;
in:1122 out:1122 type:B dur:2 cpbdur:2 q:27.82 aq:22.87 tex:7450 mv:912 misc:358 imb:0 pmb:64 smb:3536 d:- ref:0 ;
in:1121 out:1123 type:b dur:2 cpbdur:2 q:27.82 aq:26.30 tex:4590 mv:667 misc:327 imb:0 pmb:51 smb:3549 d:- ref:0 ;
in:1123 out:1124 type:b dur:2 cpbdur:2 q:27.83 aq:20.57 tex:4831 mv:580 misc:325 imb:1 pmb:49 smb:3550 d:- ref:0 ;
in:1128 out:1125 type:P dur:2 cpbdur:2 q:27.73 aq:17.03 tex:18155 mv:819 misc:514 imb:14 pmb:90 smb:3496 d:- ref:0 ;
in:1126 out:1126 type:B dur:2 cpbdur:2 q:27.78 aq:20.31 tex:8516 mv:873 misc:379 imb:1 pmb:69 smb:3530 d:- ref:0 ;
in:1125 out:1127 type:b dur:2 cpbdur:2 q:27.81 aq:27.73 tex:4177 mv:588 misc:347 imb:1 pmb:54 smb:3545 d:- ref:0 ;
in:1127 out:1128 type:b dur:2 cpbdur:2 q:27.76 aq:22.44 tex:4995 mv:649 misc:372 imb:0 pmb:62 smb:3538 d:- ref:0 ;
in:1132 out:1129 type:P dur:2 cpbdur:2 q:27.63 aq:16.16 tex:20744 mv:874 misc:582 imb:22 pmb:84 smb:3494 d:- ref:0 ;
in:1130 out:1130 type:B dur:2 cpbdur:2 q:27.68 aq:21.02 tex:8962 mv:875 misc:363 imb:2 pmb:65 smb:3533 d:- ref:0 ;
in:1129 out:1131 type:b dur:2 cpbdur:2 q:27.71 aq:26.19 tex:5268 mv:701 misc:343 imb:0 pmb:55 smb:3545 d:- ref:0 ;
in:1131 out:1132 type:b dur:2 cpbdur:2 q:27.66 aq:26.71 tex:4385 mv:648 misc:343 imb:0 pmb:53 smb:3547 d:- ref:0 ;
in:1136 out:1133 type:P dur:2 cpbdur:2 q:27.53 aq:16.94 tex:20071 mv:927 misc:634 imb:15 pmb:112 smb:3473 d:- ref:0 ;
in:1134 out:1134 type:B dur:2 cpbdur:2 q:27.58 aq:23.89 tex:9068 mv:782 misc:406 imb:0 pmb:69 smb:3531 d:- ref:0 ;
in:1133 out:1135 type:b dur:2 cpbdur:2 q:27.61 aq:26.65 tex:4540 mv:607 misc:365 imb:1 pmb:52 smb:3547 d:- ref:0 ;
in:1135 out:1136 type:b dur:2 cpbdur:2 q:27.56 aq:27.60 tex:3935 mv:589 misc:388 imb:0 pmb:57 smb:3543 d:- ref:0 ;
in:1140 out:1137 type:P dur:2 cpbdur:2 q:27.43 aq:16.35 tex:20880 mv:836 misc:604 imb:16 pmb:100 smb:3484 d:- ref:0 ;
in:1138 out:1138 type:B dur:2 cpbdur:2 q:27.48 aq:19.00 tex:8027 mv:841 misc:372 imb:0 pmb:66 smb:3534 d:- ref:0 ;
in:1137 out:1139 type:b dur:2 cpbdur:2 q:27.51 aq:27.08 tex:5090 mv:603 misc:363 imb:0 pmb:59 smb:3541 d:- ref:0 ;
in:1139 out:1140 type:b dur:2 cpbdur:2 q:27.46 aq:24.18 tex:4690 mv:545 misc:325 imb:0 pmb:50 smb:3550 d:- ref:0 ;
in:1144 out:1141 type:P dur:2 cpbdur:2 q:27.33 aq:16.64 tex:15909 mv:662 misc:541 imb:6 pmb:87 smb:3507 d:- ref:0 ;
in:1142 out:1142 type:B dur:2 cpbdur:2 q:27.38 aq:23.29 tex:7923 mv:788 misc:345 imb:0 pmb:54 smb:3546 d:- ref:0 ;
in:1141 out:1143 type:b dur:2 cpbdur:2 q:27.41 aq:23.30 tex:4725 mv:594 misc:321 imb:1 pmb:50 smb:3549 d:- ref:0 ;
in:1143 out:1144 type:b dur:2 cpbdur:2 q:27.36 aq:20.34 tex:4381 mv:625 misc:314 imb:0 pmb:46 smb:3554 d:- ref:0 ;
in:1148 out:1145 type:P dur:2 cpbdur:2 q:27.23 aq:16.24 tex:16252 mv:744 misc:564 imb:11 pmb:86 smb:3503 d:- ref:0 ;
in:1146 out:1146 type:B dur:2 cpbdur:2 q:27.28 aq:20.86 tex:8645 mv:743 misc:332 imb:1 pmb:53 smb:3546 d:- ref:0 ;
in:1145 out:1147 type:b dur:2 cpbdur:2 q:27.31 aq:22.55 tex:5480 mv:624 misc:312 imb:1 pmb:49 smb:3550 d:- ref:0 ;
in:1147 out:1148 type:b dur:2 cpbdur:2 q:27.25 aq:26.38 tex:5572 mv:596 misc:328 imb:0 pmb:52 smb:3548 d:- ref:0 ;
in:1152 out:1149 type:P dur:2 cpbdur:2 q:27.13 aq:15.88 tex:22916 mv:798 misc:598 imb:18 pmb:94 smb:3488 d:- ref:0 ;
in:1150 out:1150 type:B dur:2 cpbdur:2 q:27.18 aq:24.83 tex:8394 mv:806 misc:360 imb:0 pmb:62 smb:3538 d:- ref:0 ;
in:1149 out:1151 type:b dur:2 cpbdur:2 q:27.20 aq:26.35 tex:5406 mv:666 misc:336 imb:0 pmb:58 smb:3542 d:- ref:0 ;
in:1151 out:1152 type:b dur:2 cpbdur:2 q:27.15 aq:26.34 tex:4285 mv:490 misc:313 imb:0 pmb:45 smb:3555 d:- ref:0 ;
in:1156 out:1153 type:P dur:2 cpbdur:2 q:27.03 aq:16.03 tex:16758 mv:720 misc:586 imb:10 pmb:92 smb:3498 d:- ref:0 ;
in:1154 out:1154 type:B dur:2 cpbdur:2 q:27.08 aq:24.80 tex:7571 mv:671 misc:334 imb:0 pmb:52 smb:3548 d:- ref:0 ;
in:1153 out:1155 type:b dur:2 cpbdur:2 q:27.10 aq:26.10 tex:3891 mv:394 misc:307 imb:0 pmb:41 smb:3559 d:- ref:0 ;
in:1155 out:1156 type:b dur:2 cpbdur:2 q:27.06 aq:22.40 tex:4160 mv:527 misc:329 imb:1 pmb:46 smb:3553 d:- ref:0 ;
in:1160 out:1157 type:P dur:2 cpbdur:2 q:26.93 aq:17.18 tex:24145 mv:804 misc:627 imb:14 pmb:106 smb:3480 d:- ref:0 ;
in:1158 out:1158 type:B dur:2 cpbdur:2 q:26.98 aq:24.00 tex:9293 mv:802 misc:385 imb:0 pmb:64 smb:3536 d:- ref:0 ;
in:1157 out:1159 type:b dur:2 cpbdur:2 q:27.01 aq:23.33 tex:4181 mv:460 misc:343 imb:0 pmb:48 smb:3552 d:- ref:0 ;
in:1159 out:1160 type:b dur:2 cpbdur:2 q:26.95 aq:26.04 tex:4393 mv:525 misc:378 imb:0 pmb:58 smb:3542 d:- ref:0 ;
in:1164 out:1161 type:P dur:2 cpbdur:2 q:26.83 aq:16.39 tex:15863 mv:535 misc:650 imb:15 pmb:90 smb:3495 d:- ref:0 ;
in:1162 out:1162 type:B dur:2 cpbdur:2 q:26.88 aq:24.11 tex:6675 mv:483 misc:330 imb:0 pmb:44 smb:3556 d:- ref:0 ;
in:1161 out:1163 type:b dur:2 cpbdur:2 q:26.90 aq:26.08 tex:4293 mv:438 misc:301 imb:1 pmb:35 smb:3564 d:- ref:0 ;
in:1163 out:1164 type:b dur:2 cpbdur:2 q:26.86 aq:25.39 tex:3439 mv:412 misc:301 imb:1 pmb:39 smb:3560 d:- ref:0 ;
in:1167 out:1165 type:P dur:2 cpbdur:2 q:26.73 aq:26.34 tex:7519 mv:339 misc:334 imb:6 pmb:33 smb:3561 d:- ref:0 ;
in:1165 out:1166 type:B dur:2 cpbdur:2 q:26.80 aq:23.54 tex:4446 mv:361 misc:321 imb:0 pmb:38 smb:3562 d:- ref:0 ;
in:1166 out:1167 type:b dur:2 cpbdur:2 q:26.76 aq:24.54 tex:3603 mv:351 misc:310 imb:0 pmb:35 smb:3565 d:- ref:0 ;
in:1168 out:1168 type:I dur:2 cpbdur:2 q:24.26 aq:13.50 tex:984900 mv:94371 misc:545 imb:3600 pmb:0 smb:0 d:- ref:;
in:1172 out:1169 type:P dur:2 cpbdur:2 q:27.70 aq:17.70 tex:20571 mv:738 misc:827 imb:27 pmb:122 smb:3451 d:- ref:0 ;
in:1170 out:1170 type:B dur:2 cpbdur:2 q:27.70 aq:26.07 tex:4177 mv:469 misc:402 imb:0 pmb:60 smb:3540 d:- ref:0 ;
in:1169 out:1171 type:b dur:2 cpbdur:2 q:27.70 aq:25.74 tex:1448 mv:198 misc:298 imb:1 pmb:25 smb:3574 d:- ref:0 ;
in:1171 out:1172 type:b dur:2 cpbdur:2 q:27.70 aq:26.65 tex:1589 mv:262 misc:413 imb:0 pmb:59 smb:3541 d:- ref:0 ;
in:1176 out:1173 type:P dur:2 cpbdur:2 q:27.60 aq:17.03 tex:13695 mv:530 misc:535 imb:11 pmb:68 smb:3521 d:- ref:0 ;
in:1174 out:1174 type:B dur:2 cpbdur:2 q:27.65 aq:21.85 tex:4263 mv:544 misc:353 imb:0 pmb:44 smb:3556 d:- ref:0 ;
in:1173 out:1175 type:b dur:2 cpbdur:2 q:27.67 aq:19.87 tex:3096 mv:287 misc:345 imb:1 pmb:43 smb:3556 d:- ref:0 ;
in:1175 out:1176 type:b dur:2 cpbdur:2 q:27.62 aq:26.08 tex:1935 mv:276 misc:285 imb:0 pmb:31 smb:3569 d:- ref:0 ;
in:1180 out:1177 type:P dur:2 cpbdur:2 q:27.48 aq:18.03 tex:13169 mv:597 misc:578 imb:6 pmb:85 smb:3509 d:- ref:0 ;
in:1178 out:1178 type:B dur:2 cpbdur:2 q:27.54 aq:23.96 tex:5632 mv:589 misc:339 imb:0 pmb:48 smb:3552 d:- ref:0 ;
in:1177 out:1179 type:b dur:2 cpbdur:2 q:27.57 aq:25.57 tex:2050 mv:336 misc:294 imb:1 pmb:38 smb:3561 d:- ref:0 ;
in:1179 out:1180 type:b dur:2 cpbdur:2 q:27.51 aq:20.06 tex:2245 mv:262 misc:325 imb:0 pmb:37 smb:3563 d:- ref:0 ;
in:1184 out:1181 type:P dur:2 cpbdur:2 q:27.48 aq:15.16 tex:15252 mv:582 misc:526 imb:10 pmb:67 smb:3523 d:- ref:0 ;
in:1182 out:1182 type:B dur:2 cpbdur:2 q:27.48 aq:23.98 tex:5666 mv:541 misc:329 imb:1 pmb:44 smb:3555 d:- ref:0 ;
in:1181 out:1183 type:b dur:2 cpbdur:2 q:27.48 aq:19.69 tex:2284 mv:366 misc:318 imb:1 pmb:40 smb:3559 d:- ref:0 ;
in:1183 out:1184 type:b dur:2 cpbdur:2 q:27.48 aq:26.17 tex:2883 mv:322 misc:291 imb:0 pmb:37 smb:3563 d:- ref:0 ;
in:1188 out:1185 type:P dur:2 cpbdur:2 q:27.37 aq:15.59 tex:20631 mv:673 misc:608 imb:12 pmb:90 smb:3498 d:- ref:0 ;
in:1186 out:1186 type:B dur:2 cpbdur:2 q:27.42 aq:24.31 tex:6059 mv:616 misc:365 imb:1 pmb:55 smb:3544 d:- ref:0 ;
in:1185 out:1187 type:b dur:2 cpbdur:2 q:27.45 aq:25.51 tex:2300 mv:298 misc:314 imb:1 pmb:38 smb:3561 d:- ref:0 ;
in:1187 out:1188 type:b dur:2 cpbdur:2 q:27.40 aq:26.35 tex:2707 mv:315 misc:346 imb:1 pmb:49 smb:3550 d:- ref:0 ;
in:1192 out:1189 type:P dur:2 cpbdur:2 q:27.27 aq:16.78 tex:12568 mv:490 misc:566 imb:12 pmb:71 smb:3517 d:- ref:0 ;
in:1190 out:1190 type:B dur:2 cpbdur:2 q:27.32 aq:25.32 tex:4026 mv:341 misc:329 imb:0 pmb:39 smb:3561 d:- ref:0 ;
in:1189 out:1191 type:b dur:2 cpbdur:2 q:27.34 aq:25.74 tex:2537 mv:231 misc:296 imb:1 pmb:29 smb:3570 d:- ref:0 ;
in:1191 out:1192 type:b dur:2 cpbdur:2 q:27.29 aq:24.43 tex:1181 mv:171 misc:288 imb:0 pmb:26 smb:3574 d:- ref:0 ;
in:1196 out:1193 type:P dur:2 cpbdur:2 q:27.14 aq:18.99 tex:17480 mv:648 misc:576 imb:13 pmb:80 smb:3507 d:- ref:0 ;
in:1194 out:1194 type:B dur:2 cpbdur:2 q:27.21 aq:24.91 tex:4597 mv:518 misc:365 imb:0 pmb:52 smb:3548 d:- ref:0 ;
in:1193 out:1195 type:b dur:2 cpbdur:2 q:27.24 aq:25.88 tex:1587 mv:214 misc:311 imb:0 pmb:33 smb:3567 d:- ref:0 ;
in:1195 out:1196 type:b dur:2 cpbdur:2 q:27.18 aq:27.20 tex:3907 mv:383 misc:342 imb:1 pmb:49 smb:3550 d:- ref:0 ;
in:1200 out:1197 type:P dur:2 cpbdur:2 q:27.04 aq:15.99 tex:16359 mv:616 misc:577 imb:10 pmb:78 smb:3512 d:- ref:0 ;
in:1198 out:1198 type:B dur:2 cpbdur:2 q:27.09 aq:25.24 tex:6724 mv:620 misc:336 imb:0 pmb:50 smb:3550 d:- ref:0 ;
in:1197 out:1199 type:b dur:2 cpbdur:2 q:27.12 aq:25.49 tex:2531 mv:414 misc:327 imb:0 pmb:41 smb:3559 d:- ref:0 ;
in:1199 out:1200 type:b dur:2 cpbdur:2 q:27.06 aq:25.90 tex:4298 mv:445 misc:329 imb:0 pmb:44 smb:3556 d:- ref:0 ;
in:1204 out:1201 type:P dur:2 cpbdur:2 q:26.92 aq:14.56 tex:16043 mv:512 misc:517 imb:6 pmb:71 smb:3523 d:- ref:0 ;
in:1202 out:1202 type:B dur:2 cpbdur:2 q:26.98 aq:24.48 tex:4780 mv:495 misc:341 imb:0 pmb:44 smb:3556 d:- ref:0 ;
in:1201 out:1203 type:b dur:2 cpbdur:2 q:27.01 aq:27.37 tex:3893 mv:418 misc:329 imb:0 pmb:44 smb:3556 d:- ref:0 ;
in:1203 out:1204 type:b dur:2 cpbdur:2 q:26.95 aq:26.19 tex:2513 mv:300 misc:291 imb:0 pmb:29 smb:3571 d:- ref:0 ;
in:1208 out:1205 type:P dur:2 cpbdur:2 q:26.81 aq:14.94 tex:15900 mv:494 misc:566 imb:13 pmb:76 smb:3511 d:- ref:0 ;
in:1206 out:1206 type:B dur:2 cpbdur:2 q:26.86 aq:21.10 tex:6490 mv:433 misc:325 imb:0 pmb:45 smb:3555 d:- ref:0 ;
in:1205 out:1207 type:b dur:2 cpbdur:2 q:26.89 aq:24.36 tex:3558 mv:369 misc:305 imb:0 pmb:34 smb:3566 d:- ref:0 ;
in:1207 out:1208 type:b dur:2 cpbdur:2 q:26.83 aq:22.37 tex:3741 mv:385 misc:290 imb:0 pmb:40 smb:3560 d:- ref:0 ;
in:1212 out:1209 type:P dur:2 cpbdur:2 q:26.69 aq:15.36 tex:14119 mv:520 misc:537 imb:8 pmb:76 smb:3516 d:- ref:0 ;
in:1210 out:1210 type:B dur:2 cpbdur:2 q:26.75 aq:21.51 tex:5642 mv:475 misc:307 imb:0 pmb:43 smb:3557 d:- ref:0 ;
in:1209 out:1211 type:b dur:2 cpbdur:2 q:26.78 aq:25.51 tex:2597 mv:303 misc:284 imb:0 pmb:34 smb:3566 d:- ref:0 ;
in:1211 out:1212 type:b dur:2 cpbdur:2 q:26.72 aq:26.04 tex:2908 mv:346 misc:282 imb:0 pmb:36 smb:3564 d:- ref:0 ;
in:1216 out:1213 type:P dur:2 cpbdur:2 q:26.58 aq:14.43 tex:12930 mv:441 misc:517 imb:7 pmb:68 smb:3525 d:- ref:0 ;
in:1214 out:1214 type:B dur:2 cpbdur:2 q:26.63 aq:21.38 tex:5707 mv:531 misc:314 imb:0 pmb:42 smb:3558 d:- ref:0 ;
in:1213 out:1215 type:b dur:2 cpbdur:2 q:26.66 aq:24.21 tex:3815 mv:367 misc:290 imb:0 pmb:39 smb:3561 d:- ref:0 ;
in:1215 out:1216 type:b dur:2 cpbdur:2 q:26.61 aq:23.93 tex:2637 mv:326 misc:293 imb:0 pmb:35 smb:3565 d:- ref:0 ;
in:1220 out:1217 type:P dur:2 cpbdur:2 q:26.46 aq:15.06 tex:15088 mv:550 misc:546 imb:11 pmb:76 smb:3513 d:- ref:0 ;
in:1218 out:1218 type:B dur:2 cpbdur:2 q:26.52 aq:22.60 tex:5591 mv:456 misc:353 imb:1 pmb:44 smb:3555 d:- ref:0 ;
in:1217 out:1219 type:b dur:2 cpbdur:2 q:26.55 aq:24.12 tex:3325 mv:393 misc:306 imb:0 pmb:40 smb:3560 d:- ref:0 ;
in:1219 out:1220 type:b dur:2 cpbdur:2 q:26.49 aq:25.06 tex:4336 mv:393 misc:311 imb:3 pmb:37 smb:3560 d:- ref:0 ;
in:1224 out:1221 type:P dur:2 cpbdur:2 q:26.35 aq:16.66 tex:17342 mv:602 misc:584 imb:11 pmb:77 smb:3512 d:- ref:0 ;
in:1222 out:1222 type:B dur:2 cpbdur:2 q:26.41 aq:24.43 tex:7222 mv:548 misc:358 imb:0 pmb:52 smb:3548 d:- ref:0 ;
in:1221 out:1223 type:b dur:2 cpbdur:2 q:26.43 aq:25.63 tex:3258 mv:317 misc:313 imb:0 pmb:40 smb:3560 d:- ref:0 ;
in:1223 out:1224 type:b dur:2 cpbdur:2 q:26.38 aq:26.26 tex:4458 mv:487 misc:343 imb:1 pmb:45 smb:3554 d:- ref:0 ;
in:1227 out:1225 type:P dur:2 cpbdur:2 q:26.23 aq:25.58 tex:7932 mv:400 misc:348 imb:7 pmb:42 smb:3551 d:- ref:0 ;
in:1225 out:1226 type:B dur:2 cpbdur:2 q:26.31 aq:26.67 tex:4088 mv:410 misc:326 imb:0 pmb:43 smb:3557 d:- ref:0 ;
in:1226 out:1227 type:b dur:2 cpbdur:2 q:26.27 aq:25.26 tex:4978 mv:371 misc:315 imb:5 pmb:36 smb:3559 d:- ref:0 ;
in:1228 out:1228 type:I dur:2 cpbdur:2 q:23.82 aq:13.72 tex:951069 mv:94094 misc:533 imb:3600 pmb:0 smb:0 d:- ref:;
in:1232 out:1229 type:P dur:2 cpbdur:2 q:27.15 aq:18.42 tex:14843 mv:588 misc:681 imb:11 pmb:92 smb:3497 d:- ref:0 ;
in:1230 out:1230 type:B dur:2 cpbdur:2 q:27.15 aq:25.59 tex:5282 mv:411 misc:331 imb:1 pmb:42 smb:3557 d:- ref:0 ;
in:1229 out:1231 type:b dur:2 cpbdur:2 q:27.15 aq:26.07 tex:2798 mv:294 misc:324 imb:0 pmb:38 smb:3562 d:- ref:0 ;
in:1231 out:1232 type:b dur:2 cpbdur:2 q:27.15 aq:26.41 tex:2205 mv:254 misc:317 imb:1 pmb:29 smb:3570 d:- ref:0 ;
in:1236 out:1233 type:P dur:2 cpbdur:2 q:27.04 aq:19.30 tex:9557 mv:376 misc:403 imb:7 pmb:40 smb:3553 d:- ref:0 ;
in:1234 out:1234 type:B dur:2 cpbdur:2 q:27.10 aq:24.39 tex:4495 mv:352 misc:313 imb:0 pmb:34 smb:3566 d:- ref:0 ;
in:1233 out:1235 type:b dur:2 cpbdur:2 q:27.12 aq:26.37 tex:2316 mv:203 misc:297 imb:0 pmb:27 smb:3573 d:- ref:0 ;
in:1235 out:1236 type:b dur:2 cpbdur:2 q:27.07 aq:25.83 tex:2545 mv:328 misc:271 imb:0 pmb:26 smb:3574 d:- ref:0 ;
in:1240 out:1237 type:P dur:2 cpbdur:2 q:26.93 aq:17.58 tex:8312 mv:349 misc:371 imb:4 pmb:36 smb:3560 d:- ref:0 ;
in:1238 out:1238 type:B dur:2 cpbdur:2 q:26.99 aq:23.77 tex:4005 mv:340 misc:303 imb:0 pmb:31 smb:3569 d:- ref:0 ;
in:1237 out:1239 type:b dur:2 cpbdur:2 q:27.02 aq:26.05 tex:2514 mv:232 misc:278 imb:0 pmb:23 smb:3577 d:- ref:0 ;
in:1239 out:1240 type:b dur:2 cpbdur:2 q:26.96 aq:25.12 tex:2738 mv:234 misc:268 imb:1 pmb:25 smb:3574 d:- ref:0 ;
in:1244 out:1241 type:P dur:2 cpbdur:2 q:26.94 aq:15.78 tex:10897 mv:450 misc:357 imb:7 pmb:38 smb:3555 d:- ref:0 ;
in:1242 out:1242 type:B dur:2 cpbdur:2 q:26.93 aq:24.03 tex:4978 mv:428 misc:306 imb:0 pmb:38 smb:3562 d:- ref:0 ;
in:1241 out:1243 type:b dur:2 cpbdur:2 q:26.93 aq:25.72 tex:2983 mv:271 misc:282 imb:0 pmb:30 smb:3570 d:- ref:0 ;
in:1243 out:1244 type:b dur:2 cpbdur:2 q:26.94 aq:26.03 tex:2689 mv:323 misc:292 imb:0 pmb:34 smb:3566 d:- ref:0 ;
in:1248 out:1245 type:P dur:2 cpbdur:2 q:26.82 aq:18.70 tex:12654 mv:481 misc:377 imb:7 pmb:40 smb:3553 d:- ref:0 ;
in:1246 out:1246 type:B dur:2 cpbdur:2 q:26.88 aq:24.40 tex:5052 mv:402 misc:322 imb:0 pmb:37 smb:3563 d:- ref:0 ;
in:1245 out:1247 type:b dur:2 cpbdur:2 q:26.91 aq:25.93 tex:3262 mv:253 misc:269 imb:0 pmb:28 smb:3572 d:- ref:0 ;
in:1247 out:1248 type:b dur:2 cpbdur:2 q:26.85 aq:27.16 tex:3724 mv:350 misc:302 imb:0 pmb:38 smb:3562 d:- ref:0 ;
in:1252 out:1249 type:P dur:2 cpbdur:2 q:26.71 aq:20.13 tex:232968 mv:11256 misc:1720 imb:766 pmb:1297 smb:1537 d:- ref:0 ;
in:1250 out:1250 type:B dur:2 cpbdur:2 q:26.76 aq:24.65 tex:6861 mv:972 misc:1607 imb:2 pmb:477 smb:3121 d:- ref:0 ;
in:1249 out:1251 type:b dur:2 cpbdur:2 q:26.79 aq:25.09 tex:4211 mv:427 misc:474 imb:0 pmb:95 smb:3505 d:- ref:0 ;
in:1251 out:1252 type:b dur:2 cpbdur:2 q:26.74 aq:27.20 tex:19003 mv:2797 misc:2040 imb:75 pmb:701 smb:2824 d:- ref:0 ;
in:1256 out:1253 type:P dur:2 cpbdur:2 q:26.79 aq:20.88 tex:194923 mv:11257 misc:1716 imb:717 pmb:1328 smb:1555 d:- ref:0 ;
in:1254 out:1254 type:B dur:2 cpbdur:2 q:26.75 aq:24.52 tex:39165 mv:6980 misc:2223 imb:146 pmb:964 smb:2490 d:- ref:0 ;
in:1253 out:1255 type:b dur:2 cpbdur:2 q:26.73 aq:22.85 tex:6278 mv:1155 misc:1495 imb:15 pmb:443 smb:3142 d:- ref:0 ;
in:1255 out:1256 type:b dur:2 cpbdur:2 q:26.77 aq:26.54 tex:51836 mv:6946 misc:2042 imb:221 pmb:1035 smb:2344 d:- ref:0 ;
in:1260 out:1257 type:P dur:2 cpbdur:2 q:26.85 aq:20.84 tex:186938 mv:10807 misc:1679 imb:660 pmb:1334 smb:1606 d:- ref:0 ;
in:1258 out:1258 type:B dur:2 cpbdur:2 q:26.82 aq:24.10 tex:32889 mv:6344 misc:2271 imb:149 pmb:955 smb:2496 d:- ref:0 ;
in:1257 out:1259 type:b dur:2 cpbdur:2 q:26.81 aq:24.95 tex:56806 mv:7591 misc:2059 imb:280 pmb:1030 smb:2290 d:- ref:0 ;
in:1259 out:1260 type:b dur:2 cpbdur:2 q:26.83 aq:25.95 tex:65513 mv:7961 misc:2006 imb:390 pmb:964 smb:2246 d:- ref:0 ;
in:1264 out:1261 type:P dur:2 cpbdur:2 q:27.04 aq:21.39 tex:181944 mv:10429 misc:1731 imb:629 pmb:1325 smb:1646 d:- ref:0 ;
in:1262 out:1262 type:B dur:2 cpbdur:2 q:26.94 aq:21.91 tex:30096 mv:5210 misc:2254 imb:82 pmb:907 smb:2611 d:- ref:0 ;
in:1261 out:1263 type:b dur:2 cpbdur:2 q:26.89 aq:26.08 tex:58562 mv:8127 misc:2111 imb:307 pmb:1068 smb:2225 d:- ref:0 ;
in:1263 out:1264 type:b dur:2 cpbdur:2 q:26.99 aq:26.30 tex:58686 mv:7995 misc:2127 imb:329 pmb:1033 smb:2238 d:- ref:0 ;
in:1268 out:1265 type:P dur:2 cpbdur:2 q:27.18 aq:21.75 tex:169099 mv:9828 misc:1801 imb:605 pmb:1344 smb:1651 d:- ref:0 ;
in:1266 out:1266 type:B dur:2 cpbdur:2 q:27.11 aq:24.25 tex:22342 mv:4065 misc:2201 imb:71 pmb:728 smb:2801 d:- ref:0 ;
in:1265 out:1267 type:b dur:2 cpbdur:2 q:27.07 aq:27.01 tex:56057 mv:7574 misc:2065 imb:318 pmb:1042 smb:2240 d:- ref:0 ;
in:1267 out:1268 type:b dur:2 cpbdur:2 q:27.14 aq:26.75 tex:53075 mv:7144 misc:2061 imb:302 pmb:1029 smb:2269 d:- ref:0 ;
in:1272 out:1269 type:P dur:2 cpbdur:2 q:27.41 aq:21.33 tex:133080 mv:8221 misc:2147 imb:496 pmb:1315 smb:1789 d:- ref:0 ;
in:1270 out:1270 type:B dur:2 cpbdur:2 q:27.30 aq:25.00 tex:15365 mv:3051 misc:1888 imb:43 pmb:491 smb:3066 d:- ref:0 ;
in:1269 out:1271 type:b dur:2 cpbdur:2 q:27.24 aq:27.08 tex:56955 mv:6973 misc:2080 imb:305 pmb:996 smb:2299 d:- ref:0 ;
in:1271 out:1272 type:b dur:2 cpbdur:2 q:27.35 aq:27.58 tex:58353 mv:7744 misc:2031 imb:321 pmb:982 smb:2297 d:- ref:0 ;
in:1276 out:1273 type:P dur:2 cpbdur:2 q:27.67 aq:21.80 tex:142333 mv:9255 misc:1988 imb:602 pmb:1349 smb:1649 d:- ref:0 ;
in:1274 out:1274 type:B dur:2 cpbdur:2 q:27.54 aq:23.62 tex:14014 mv:2831 misc:1835 imb:57 pmb:478 smb:3065 d:- ref:0 ;
in:1273 out:1275 type:b dur:2 cpbdur:2 q:27.48 aq:27.33 tex:59548 mv:6972 misc:2072 imb:330 pmb:901 smb:2369 d:- ref:0 ;
in:1275 out:1276 type:b dur:2 cpbdur:2 q:27.60 aq:27.96 tex:58539 mv:7036 misc:2113 imb:325 pmb:916 smb:2359 d:- ref:0 ;
in:1280 out:1277 type:P dur:2 cpbdur:2 q:27.91 aq:23.11 tex:57739 mv:3423 misc:2006 imb:227 pmb:638 smb:2735 d:- ref:0 ;
in:1278 out:1278 type:B dur:2 cpbdur:2 q:27.79 aq:25.01 tex:27083 mv:7491 misc:2122 imb:133 pmb:1271 smb:2196 d:- ref:0 ;
in:1277 out:1279 type:b dur:2 cpbdur:2 q:27.73 aq:27.73 tex:56214 mv:6820 misc:2054 imb:346 pmb:849 smb:2405 d:- ref:0 ;
in:1279 out:1280 type:b dur:2 cpbdur:2 q:27.85 aq:28.05 tex:50277 mv:6708 misc:2079 imb:265 pmb:890 smb:2445 d:- ref:0 ;
in:1284 out:1281 type:P dur:2 cpbdur:2 q:28.02 aq:22.43 tex:132649 mv:9106 misc:1973 imb:583 pmb:1191 smb:1826 d:- ref:0 ;
in:1282 out:1282 type:B dur:2 cpbdur:2 q:27.96 aq:24.45 tex:20821 mv:4413 misc:2142 imb:94 pmb:691 smb:2815 d:- ref:0 ;
in:1281 out:1283 type:b dur:2 cpbdur:2 q:27.94 aq:28.01 tex:49991 mv:7007 misc:2074 imb:282 pmb:873 smb:2445 d:- ref:0 ;
in:1283 out:1284 type:b dur:2 cpbdur:2 q:27.99 aq:27.86 tex:45363 mv:7069 misc:2032 imb:271 pmb:808 smb:2521 d:- ref:0 ;
in:1287 out:1285 type:P dur:2 cpbdur:2 q:28.22 aq:27.76 tex:40990 mv:6670 misc:2004 imb:451 pmb:869 smb:2280 d:- ref:0 ;
in:1285 out:1286 type:B dur:2 cpbdur:2 q:28.09 aq:27.96 tex:29962 mv:6621 misc:2009 imb:207 pmb:842 smb:2551 d:- ref:0 ;
in:1286 out:1287 type:b dur:2 cpbdur:2 q:28.15 aq:28.48 tex:36797 mv:8087 misc:2012 imb:295 pmb:864 smb:2441 d:- ref:0 ;
in:1288 out:1288 type:I dur:2 cpbdur:2 q:24.57 aq:18.19 tex:645903 mv:68408 misc:529 imb:3600 pmb:0 smb:0 d:- ref:;
in:1292 out:1289 type:P dur:2 cpbdur:2 q:28.85 aq:22.68 tex:139757 mv:9631 misc:1804 imb:614 pmb:1163 smb:1823 d:- ref:0 ;
in:1290 out:1290 type:B dur:2 cpbdur:2 q:28.85 aq:27.65 tex:14097 mv:3915 misc:1916 imb:94 pmb:693 smb:2813 d:- ref:0 ;
in:1289 out:1291 type:b dur:2 cpbdur:2 q:28.85 aq:29.14 tex:33415 mv:6505 misc:1912 imb:246 pmb:821 smb:2533 d:- ref:0 ;
in:1291 out:1292 type:b dur:2 cpbdur:2 q:28.85 aq:29.97 tex:32980 mv:6989 misc:1911 imb:306 pmb:770 smb:2524 d:- ref:0 ;
in:1296 out:1293 type:P dur:2 cpbdur:2 q:29.05 aq:21.95 tex:210052 mv:12819 misc:1793 imb:830 pmb:1384 smb:1386 d:- ref:0 ;
in:1294 out:1294 type:B dur:2 cpbdur:2 q:28.95 aq:24.55 tex:5792 mv:1749 misc:2083 imb:46 pmb:581 smb:2973 d:- ref:0 ;
in:1293 out:1295 type:b dur:2 cpbdur:2 q:28.90 aq:29.38 tex:25159 mv:10203 misc:2174 imb:235 pmb:1113 smb:2252 d:- ref:0 ;
in:1295 out:1296 type:b dur:2 cpbdur:2 q:29.00 aq:23.00 tex:20 mv:91 misc:449 imb:0 pmb:47 smb:3553 d:- ref:0 ;
in:1297 out:1297 type:P dur:2 cpbdur:2 q:29.24 aq:22.20 tex:18910 mv:1347 misc:1887 imb:90 pmb:389 smb:3121 d:- ref:0 ;
in:1298 out:1298 type:P dur:2 cpbdur:2 q:29.24 aq:22.62 tex:21433 mv:1414 misc:1641 imb:97 pmb:343 smb:3160 d:- ref:0 ;
in:1299 out:1299 type:P dur:2 cpbdur:2 q:29.24 aq:22.58 tex:23293 mv:1437 misc:1614 imb:108 pmb:317 smb:3175 d:- ref:0 ;
in:1300 out:1300 type:P dur:2 cpbdur:2 q:29.33 aq:23.98 tex:20447 mv:1497 misc:1584 imb:88 pmb:335 smb:3177 d:- ref:0 ;
in:1301 out:1301 type:P dur:2 cpbdur:2 q:29.36 aq:24.69 tex:24380 mv:2037 misc:1735 imb:162 pmb:364 smb:3074 d:- ref:0 ;
in:1302 out:1302 type:P dur:2 cpbdur:2 q:29.34 aq:23.37 tex:24573 mv:1735 misc:1884 imb:112 pmb:407 smb:3081 d:- ref:0 ;
in:1303 out:1303 type:P dur:2 cpbdur:2 q:29.37 aq:24.48 tex:30836 mv:2172 misc:1920 imb:163 pmb:421 smb:3016 d:- ref:0 ;
in:1304 out:1304 type:P dur:2 cpbdur:2 q:29.36 aq:23.55 tex:32984 mv:2462 misc:1914 imb:188 pmb:465 smb:2947 d:- ref:0 ;
in:1305 out:1305 type:P dur:2 cpbdur:2 q:29.43 aq:23.76 tex:33595 mv:2665 misc:1980 imb:182 pmb:486 smb:2932 d:- ref:0 ;
in:1306 out:1306 type:P dur:2 cpbdur:2 q:29.38 aq:23.39 tex:28336 mv:2492 misc:1996 imb:180 pmb:470 smb:2950 d:- ref:0 ;
in:1307 out:1307 type:P dur:2 cpbdur:2 q:29.40 aq:24.35 tex:33954 mv:2557 misc:1985 imb:215 pmb:443 smb:2942 d:- ref:0 ;
in:1308 out:1308 type:P dur:2 cpbdur:2 q:29.35 aq:22.99 tex:42142 mv:3761 misc:2257 imb:311 pmb:567 smb:2722 d:- ref:0 ;
in:1309 out:1309 type:P dur:2 cpbdur:2 q:29.37 aq:24.70 tex:38815 mv:3106 misc:2031 imb:229 pmb:517 smb:2854 d:- ref:0 ;
in:1310 out:1310 type:P dur:2 cpbdur:2 q:29.39 aq:23.76 tex:33710 mv:2914 misc:2024 imb:217 pmb:519 smb:2864 d:- ref:0 ;
in:1311 out:1311 type:P dur:2 cpbdur:2 q:29.39 aq:25.32 tex:33748 mv:3202 misc:2074 imb:250 pmb:505 smb:2845 d:- ref:0 ;
in:1312 out:1312 type:P dur:2 cpbdur:2 q:29.40 aq:23.29 tex:39762 mv:3048 misc:2150 imb:216 pmb:574 smb:2810 d:- ref:0 ;
in:1313 out:1313 type:P dur:2 cpbdur:2 q:29.40 aq:23.92 tex:39542 mv:3355 misc:2151 imb:255 pmb:587 smb:2758 d:- ref:0 ;
in:1314 out:1314 type:P dur:2 cpbdur:2 q:29.40 aq:23.19 tex:41109 mv:3427 misc:2136 imb:270 pmb:573 smb:2757 d:- ref:0 ;
in:1315 out:1315 type:P dur:2 cpbdur:2 q:29.40 aq:23.27 tex:41446 mv:3745 misc:2089 imb:273 pmb:572 smb:2755 d:- ref:0 ;
in:1316 out:1316 type:P dur:2 cpbdur:2 q:29.40 aq:23.12 tex:43621 mv:3687 misc:2068 imb:265 pmb:570 smb:2765 d:- ref:0 ;
in:1317 out:1317 type:P dur:2 cpbdur:2 q:29.41 aq:24.84 tex:44514 mv:3494 misc:2104 imb:282 pmb:564 smb:2754 d:- ref:0 ;
in:1318 out:1318 type:P dur:2 cpbdur:2 q:29.41 aq:23.41 tex:44791 mv:3579 misc:2126 imb:244 pmb:645 smb:2711 d:- ref:0 ;
in:1319 out:1319 type:P dur:2 cpbdur:2 q:29.41 aq:22.33 tex:52611 mv:4844 misc:2185 imb:376 pmb:701 smb:2523 d:- ref:0 ;
in:1320 out:1320 type:P dur:2 cpbdur:2 q:29.42 aq:23.85 tex:60504 mv:4668 misc:2236 imb:372 pmb:699 smb:2529 d:- ref:0 ;
in:1324 out:1321 type:P dur:2 cpbdur:2 q:29.44 aq:24.81 tex:117149 mv:10553 misc:1938 imb:852 pmb:1064 smb:1684 d:- ref:0 ;
in:1322 out:1322 type:B dur:2 cpbdur:2 q:29.43 aq:28.29 tex:29627 mv:5745 misc:2204 imb:249 pmb:833 smb:2518 d:- ref:0 ;
in:1321 out:1323 type:b dur:2 cpbdur:2 q:29.42 aq:30.10 tex:6411 mv:2136 misc:1613 imb:75 pmb:465 smb:3060 d:- ref:0 ;
in:1323 out:1324 type:b dur:2 cpbdur:2 q:29.43 aq:30.03 tex:7503 mv:2613 misc:1572 imb:125 pmb:435 smb:3040 d:- ref:0 ;
in:1325 out:1325 type:P dur:2 cpbdur:2 q:29.49 aq:24.73 tex:59035 mv:4802 misc:2155 imb:336 pmb:768 smb:2496 d:- ref:0 ;
in:1329 out:1326 type:P dur:2 cpbdur:2 q:29.51 aq:24.24 tex:100318 mv:9067 misc:2103 imb:705 pmb:995 smb:1900 d:- ref:0 ;
in:1327 out:1327 type:B dur:2 cpbdur:2 q:29.50 aq:28.04 tex:30186 mv:5873 misc:2213 imb:203 pmb:834 smb:2563 d:- ref:0 ;
in:1326 out:1328 type:b dur:2 cpbdur:2 q:29.49 aq:30.81 tex:5734 mv:1538 misc:1352 imb:27 pmb:361 smb:3212 d:- ref:0 ;
in:1328 out:1329 type:b dur:2 cpbdur:2 q:29.51 aq:30.37 tex:8455 mv:2347 misc:1550 imb:107 pmb:456 smb:3037 d:- ref:0 ;
in:1333 out:1330 type:P dur:2 cpbdur:2 q:29.57 aq:24.42 tex:110083 mv:9504 misc:2085 imb:753 pmb:1025 smb:1822 d:- ref:0 ;
in:1331 out:1331 type:B dur:2 cpbdur:2 q:29.54 aq:28.61 tex:33130 mv:6276 misc:2186 imb:259 pmb:843 smb:2498 d:- ref:0 ;
in:1330 out:1332 type:b dur:2 cpbdur:2 q:29.53 aq:30.30 tex:6926 mv:2252 misc:1494 imb:93 pmb:394 smb:3113 d:- ref:0 ;
in:1332 out:1333 type:b dur:2 cpbdur:2 q:29.55 aq:30.30 tex:9126 mv:2612 misc:1598 imb:103 pmb:480 smb:3017 d:- ref:0 ;
in:1337 out:1334 type:P dur:2 cpbdur:2 q:29.68 aq:24.93 tex:105502 mv:9612 misc:1982 imb:726 pmb:1027 smb:1847 d:- ref:0 ;
in:1335 out:1335 type:B dur:2 cpbdur:2 q:29.62 aq:28.70 tex:34555 mv:6619 misc:2146 imb:273 pmb:820 smb:2507 d:- ref:0 ;
in:1334 out:1336 type:b dur:2 cpbdur:2 q:29.60 aq:30.73 tex:10003 mv:2839 misc:1718 imb:130 pmb:448 smb:3022 d:- ref:0 ;
in:1336 out:1337 type:b dur:2 cpbdur:2 q:29.65 aq:29.40 tex:10734 mv:3127 misc:1683 imb:130 pmb:493 smb:2977 d:- ref:0 ;
in:1341 out:1338 type:P dur:2 cpbdur:2 q:29.75 aq:25.32 tex:92297 mv:9258 misc:1973 imb:750 pmb:973 smb:1877 d:- ref:0 ;
in:1339 out:1339 type:B dur:2 cpbdur:2 q:29.71 aq:28.70 tex:33506 mv:6723 misc:2251 imb:302 pmb:806 smb:2492 d:- ref:0 ;
in:1338 out:1340 type:b dur:2 cpbdur:2 q:29.70 aq:30.46 tex:8785 mv:2612 misc:1731 imb:105 pmb:491 smb:3004 d:- ref:0 ;
in:1340 out:1341 type:b dur:2 cpbdur:2 q:29.73 aq:30.27 tex:9181 mv:2711 misc:1700 imb:120 pmb:474 smb:3006 d:- ref:0 ;
in:1342 out:1342 type:P dur:2 cpbdur:2 q:29.80 aq:24.65 tex:69338 mv:6443 misc:2251 imb:490 pmb:830 smb:2280 d:- ref:0 ;
in:1346 out:1343 type:P dur:2 cpbdur:2 q:29.84 aq:24.78 tex:101955 mv:9561 misc:2076 imb:798 pmb:997 smb:1805 d:- ref:0 ;
in:1344 out:1344 type:B dur:2 cpbdur:2 q:29.82 aq:27.79 tex:35829 mv:6951 misc:2268 imb:313 pmb:814 smb:2473 d:- ref:0 ;
in:1343 out:1345 type:b dur:2 cpbdur:2 q:29.81 aq:30.42 tex:11096 mv:2949 misc:1699 imb:133 pmb:457 smb:3010 d:- ref:0 ;
in:1345 out:1346 type:b dur:2 cpbdur:2 q:29.83 aq:29.47 tex:11353 mv:3179 misc:1764 imb:140 pmb:518 smb:2942 d:- ref:0 ;
in:1347 out:1347 type:P dur:2 cpbdur:2 q:29.88 aq:31.18 tex:23985 mv:3731 misc:1716 imb:384 pmb:422 smb:2794 d:- ref:0 ;
in:1348 out:1348 type:I dur:2 cpbdur:2 q:26.59 aq:20.27 tex:525422 mv:61436 misc:534 imb:3600 pmb:0 smb:0 d:- ref:;
in:1352 out:1349 type:P dur:2 cpbdur:2 q:30.23 aq:24.70 tex:100053 mv:9052 misc:1991 imb:731 pmb:940 smb:1929 d:- ref:0 ;
in:1350 out:1350 type:B dur:2 cpbdur:2 q:30.23 aq:28.82 tex:28092 mv:6324 misc:2128 imb:304 pmb:777 smb:2519 d:- ref:0 ;
in:1349 out:1351 type:b dur:2 cpbdur:2 q:30.23 aq:29.07 tex:10527 mv:3261 misc:1684 imb:156 pmb:499 smb:2945 d:- ref:0 ;
in:1351 out:1352 type:b dur:2 cpbdur:2 q:30.23 aq:29.60 tex:8292 mv:2492 misc:1688 imb:108 pmb:437 smb:3055 d:- ref:0 ;
in:1356 out:1353 type:P dur:2 cpbdur:2 q:30.28 aq:26.10 tex:95210 mv:9224 misc:1998 imb:679 pmb:1007 smb:1914 d:- ref:0 ;
in:1354 out:1354 type:B dur:2 cpbdur:2 q:30.26 aq:28.06 tex:31780 mv:7268 misc:2152 imb:338 pmb:819 smb:2443 d:- ref:0 ;
in:1353 out:1355 type:b dur:2 cpbdur:2 q:30.24 aq:31.06 tex:10837 mv:3466 misc:1729 imb:174 pmb:444 smb:2982 d:- ref:0 ;
in:1355 out:1356 type:b dur:2 cpbdur:2 q:30.27 aq:31.58 tex:10073 mv:3461 misc:1698 imb:175 pmb:496 smb:2929 d:- ref:0 ;
in:1360 out:1357 type:P dur:2 cpbdur:2 q:30.36 aq:25.88 tex:95488 mv:9538 misc:2078 imb:766 pmb:998 smb:1836 d:- ref:0 ;
in:1358 out:1358 type:B dur:2 cpbdur:2 q:30.32 aq:28.43 tex:29228 mv:7143 misc:2189 imb:320 pmb:836 smb:2444 d:- ref:0 ;
in:1357 out:1359 type:b dur:2 cpbdur:2 q:30.30 aq:31.14 tex:10668 mv:3380 misc:1856 imb:159 pmb:554 smb:2887 d:- ref:0 ;
in:1359 out:1360 type:b dur:2 cpbdur:2 q:30.34 aq:30.97 tex:11993 mv:3546 misc:1725 imb:182 pmb:510 smb:2908 d:- ref:0 ;
in:1364 out:1361 type:P dur:2 cpbdur:2 q:30.48 aq:25.94 tex:101609 mv:10056 misc:1999 imb:852 pmb:966 smb:1782 d:- ref:0 ;
in:1362 out:1362 type:B dur:2 cpbdur:2 q:30.42 aq:29.58 tex:28283 mv:7407 misc:2238 imb:353 pmb:849 smb:2398 d:- ref:0 ;
in:1361 out:1363 type:b dur:2 cpbdur:2 q:30.39 aq:31.39 tex:10117 mv:3093 misc:1662 imb:157 pmb:494 smb:2949 d:- ref:0 ;
in:1363 out:1364 type:b dur:2 cpbdur:2 q:30.45 aq:31.15 tex:11818 mv:3441 misc:1749 imb:166 pmb:549 smb:2885 d:- ref:0 ;
in:1368 out:1365 type:P dur:2 cpbdur:2 q:30.51 aq:25.77 tex:92599 mv:9152 misc:2073 imb:691 pmb:977 smb:1932 d:- ref:0 ;
in:1366 out:1366 type:B dur:2 cpbdur:2 q:30.49 aq:29.62 tex:29455 mv:6679 misc:2106 imb:322 pmb:747 smb:2531 d:- ref:0 ;
in:1365 out:1367 type:b dur:2 cpbdur:2 q:30.49 aq:31.85 tex:9669 mv:3186 misc:1753 imb:150 pmb:518 smb:2932 d:- ref:0 ;
in:1367 out:1368 type:b dur:2 cpbdur:2 q:30.50 aq:30.86 tex:12336 mv:3494 misc:1714 imb:194 pmb:463 smb:2943 d:- ref:0 ;
in:1372 out:1369 type:P dur:2 cpbdur:2 q:30.55 aq:25.67 tex:102996 mv:10018 misc:1898 imb:809 pmb:1003 smb:1788 d:- ref:0 ;
in:1370 out:1370 type:B dur:2 cpbdur:2 q:30.53 aq:30.19 tex:31741 mv:7197 misc:2150 imb:299 pmb:792 smb:2509 d:- ref:0 ;
in:1369 out:1371 type:b dur:2 cpbdur:2 q:30.52 aq:30.97 tex:10098 mv:2987 misc:1739 imb:162 pmb:441 smb:2997 d:- ref:0 ;
in:1371 out:1372 type:b dur:2 cpbdur:2 q:30.54 aq:29.98 tex:7605 mv:3110 misc:1781 imb:140 pmb:573 smb:2887 d:- ref:0 ;
in:1376 out:1373 type:P dur:2 cpbdur:2 q:30.61 aq:26.05 tex:94268 mv:9523 misc:2009 imb:710 pmb:1027 smb:1863 d:- ref:0 ;
in:1374 out:1374 type:B dur:2 cpbdur:2 q:30.58 aq:29.98 tex:30295 mv:7350 misc:2139 imb:323 pmb:792 smb:2485 d:- ref:0 ;
in:1373 out:1375 type:b dur:2 cpbdur:2 q:30.56 aq:31.78 tex:12091 mv:3206 misc:1799 imb:154 pmb:493 smb:2953 d:- ref:0 ;
in:1375 out:1376 type:b dur:2 cpbdur:2 q:30.60 aq:30.91 tex:10183 mv:3472 misc:1737 imb:174 pmb:449 smb:2977 d:- ref:0 ;
in:1380 out:1377 type:P dur:2 cpbdur:2 q:30.66 aq:26.24 tex:83997 mv:9036 misc:2135 imb:674 pmb:992 smb:1934 d:- ref:0 ;
in:1378 out:1378 type:B dur:2 cpbdur:2 q:30.64 aq:30.29 tex:30277 mv:6322 misc:2193 imb:334 pmb:733 smb:2533 d:- ref:0 ;
in:1377 out:1379 type:b dur:2 cpbdur:2 q:30.63 aq:32.10 tex:11180 mv:2990 misc:1686 imb:167 pmb:453 smb:2980 d:- ref:0 ;
in:1379 out:1380 type:b dur:2 cpbdur:2 q:30.65 aq:31.57 tex:9721 mv:3481 misc:1654 imb:181 pmb:476 smb:2943 d:- ref:0 ;
in:1384 out:1381 type:P dur:2 cpbdur:2 q:30.70 aq:27.64 tex:89979 mv:9567 misc:1982 imb:657 pmb:1017 smb:1926 d:- ref:0 ;
in:1382 out:1382 type:B dur:2 cpbdur:2 q:30.68 aq:29.70 tex:30452 mv:7322 misc:2106 imb:336 pmb:797 smb:2467 d:- ref:0 ;
in:1381 out:1383 type:b dur:2 cpbdur:2 q:30.67 aq:32.18 tex:12050 mv:3705 misc:1733 imb:137 pmb:534 smb:2929 d:- ref:0 ;
in:1383 out:1384 type:b dur:2 cpbdur:2 q:30.69 aq:31.28 tex:10912 mv:3194 misc:1622 imb:174 pmb:447 smb:2979 d:- ref:0 ;
in:1388 out:1385 type:P dur:2 cpbdur:2 q:30.74 aq:26.36 tex:90174 mv:9514 misc:2088 imb:789 pmb:937 smb:1874 d:- ref:0 ;
in:1386 out:1386 type:B dur:2 cpbdur:2 q:30.72 aq:30.32 tex:31074 mv:6942 misc:2168 imb:295 pmb:814 smb:2491 d:- ref:0 ;
in:1385 out:1387 type:b dur:2 cpbdur:2 q:30.71 aq:32.09 tex:9925 mv:3071 misc:1684 imb:124 pmb:509 smb:2967 d:- ref:0 ;
in:1387 out:1388 type:b dur:2 cpbdur:2 q:30.73 aq:30.16 tex:10919 mv:3555 misc:1758 imb:203 pmb:463 smb:2934 d:- ref:0 ;
in:1392 out:1389 type:P dur:2 cpbdur:2 q:30.78 aq:26.59 tex:79387 mv:8751 misc:2126 imb:709 pmb:920 smb:1971 d:- ref:0 ;
in:1390 out:1390 type:B dur:2 cpbdur:2 q:30.76 aq:30.52 tex:27490 mv:6713 misc:2085 imb:313 pmb:785 smb:2502 d:- ref:0 ;
in:1389 out:1391 type:b dur:2 cpbdur:2 q:30.75 aq:30.37 tex:9148 mv:2764 misc:1544 imb:127 pmb:357 smb:3116 d:- ref:0 ;
in:1391 out:1392 type:b dur:2 cpbdur:2 q:30.77 aq:32.46 tex:10641 mv:3428 misc:1659 imb:168 pmb:490 smb:2942 d:- ref:0 ;
in:1394 out:1393 type:P dur:2 cpbdur:2 q:30.81 aq:28.24 tex:65755 mv:7227 misc:2114 imb:625 pmb:831 smb:2144 d:- ref:0 ;
in:1393 out:1394 type:b dur:2 cpbdur:2 q:30.80 aq:28.62 tex:10700 mv:3393 misc:1635 imb:166 pmb:482 smb:2952 d:- ref:0 ;
in:1395 out:1395 type:P dur:2 cpbdur:2 q:30.85 aq:27.64 tex:48310 mv:5574 misc:2156 imb:548 pmb:687 smb:2365 d:- ref:0 ;
in:1399 out:1396 type:P dur:2 cpbdur:2 q:30.86 aq:27.55 tex:63749 mv:8143 misc:2116 imb:625 pmb:871 smb:2104 d:- ref:0 ;
in:1397 out:1397 type:B dur:2 cpbdur:2 q:30.85 aq:30.21 tex:27600 mv:6521 misc:1999 imb:316 pmb:678 smb:2606 d:- ref:0 ;
in:1396 out:1398 type:b dur:2 cpbdur:2 q:30.85 aq:31.66 tex:8810 mv:2950 misc:1536 imb:135 pmb:402 smb:3063 d:- ref:0 ;
in:1398 out:1399 type:b dur:2 cpbdur:2 q:30.85 aq:32.81 tex:8546 mv:2830 misc:1624 imb:129 pmb:439 smb:3032 d:- ref:0 ;
in:1400 out:1400 type:P dur:2 cpbdur:2 q:30.88 aq:28.35 tex:40023 mv:4949 misc:2204 imb:463 pmb:604 smb:2533 d:- ref:0 ;
in:1401 out:1401 type:P dur:2 cpbdur:2 q:30.91 aq:28.83 tex:37208 mv:4214 misc:1954 imb:402 pmb:563 smb:2635 d:- ref:0 ;
in:1402 out:1402 type:P dur:2 cpbdur:2 q:30.93 aq:28.49 tex:40892 mv:4767 misc:2069 imb:441 pmb:613 smb:2546 d:- ref:0 ;
in:1403 out:1403 type:P dur:2 cpbdur:2 q:30.95 aq:28.24 tex:34816 mv:3919 misc:2137 imb:349 pmb:565 smb:2686 d:- ref:0 ;
in:1404 out:1404 type:P dur:2 cpbdur:2 q:30.95 aq:27.13 tex:39001 mv:4557 misc:2010 imb:423 pmb:585 smb:2592 d:- ref:0 ;
in:1405 out:1405 type:P dur:2 cpbdur:2 q:30.97 aq:28.65 tex:43067 mv:4643 misc:2026 imb:417 pmb:615 smb:2568 d:- ref:0 ;
in:1406 out:1406 type:P dur:2 cpbdur:2 q:30.98 aq:28.38 tex:39753 mv:4657 misc:2126 imb:466 pmb:609 smb:2525 d:- ref:0 ;
in:1407 out:1407 type:P dur:2 cpbdur:2 q:31.00 aq:27.84 tex:38169 mv:3992 misc:1999 imb:388 pmb:545 smb:2667 d:- ref:0 ;
in:1408 out:1408 type:I dur:2 cpbdur:2 q:27.81 aq:22.07 tex:443373 mv:58312 misc:523 imb:3600 pmb:0 smb:0 d:- ref:;
in:1409 out:1409 type:P dur:2 cpbdur:2 q:31.28 aq:26.66 tex:30814 mv:3506 misc:1840 imb:348 pmb:474 smb:2778 d:- ref:0 ;
in:1410 out:1410 type:P dur:2 cpbdur:2 q:31.28 aq:27.71 tex:28891 mv:3225 misc:1820 imb:352 pmb:466 smb:2782 d:- ref:0 ;
in:1411 out:1411 type:P dur:2 cpbdur:2 q:31.28 aq:28.14 tex:36065 mv:4430 misc:1897 imb:436 pmb:536 smb:2628 d:- ref:0 ;
in:1412 out:1412 type:P dur:2 cpbdur:2 q:31.29 aq:28.36 tex:31940 mv:3614 misc:1910 imb:348 pmb:503 smb:2749 d:- ref:0 ;
in:1413 out:1413 type:P dur:2 cpbdur:2 q:31.29 aq:25.15 tex:31585 mv:3922 misc:2045 imb:404 pmb:521 smb:2675 d:- ref:0 ;
in:1414 out:1414 type:P dur:2 cpbdur:2 q:31.30 aq:27.77 tex:32242 mv:4126 misc:1976 imb:455 pmb:506 smb:2639 d:- ref:0 ;
in:1415 out:1415 type:P dur:2 cpbdur:2 q:31.30 aq:27.01 tex:39149 mv:4527 misc:2132 imb:393 pmb:604 smb:2603 d:- ref:0 ;
in:1416 out:1416 type:P dur:2 cpbdur:2 q:31.30 aq:26.57 tex:28339 mv:3232 misc:1925 imb:325 pmb:457 smb:2818 d:- ref:0 ;
in:1417 out:1417 type:P dur:2 cpbdur:2 q:31.30 aq:26.68 tex:33543 mv:3921 misc:1992 imb:363 pmb:511 smb:2726 d:- ref:0 ;
in:1418 out:1418 type:P dur:2 cpbdur:2 q:31.31 aq:27.40 tex:28076 mv:3333 misc:2023 imb:326 pmb:482 smb:2792 d:- ref:0 ;
in:1419 out:1419 type:P dur:2 cpbdur:2 q:31.31 aq:27.30 tex:39989 mv:3947 misc:2120 imb:338 pmb:575 smb:2687 d:- ref:0 ;
in:1420 out:1420 type:P dur:2 cpbdur:2 q:31.40 aq:27.90 tex:35793 mv:3766 misc:2089 imb:309 pmb:541 smb:2750 d:- ref:0 ;
in:1421 out:1421 type:P dur:2 cpbdur:2 q:31.41 aq:26.74 tex:34781 mv:3728 misc:2123 imb:346 pmb:544 smb:2710 d:- ref:0 ;
in:1422 out:1422 type:P dur:2 cpbdur:2 q:31.40 aq:28.09 tex:35804 mv:3700 misc:2064 imb:309 pmb:536 smb:2755 d:- ref:0 ;
in:1423 out:1423 type:P dur:2 cpbdur:2 q:31.41 aq:27.42 tex:36334 mv:3355 misc:1911 imb:349 pmb:496 smb:2755 d:- ref:0 ;
in:1424 out:1424 type:P dur:2 cpbdur:2 q:31.41 aq:27.08 tex:41431 mv:4139 misc:2022 imb:416 pmb:514 smb:2670 d:- ref:0 ;
in:1425 out:1425 type:P dur:2 cpbdur:2 q:31.41 aq:26.30 tex:38309 mv:3213 misc:2078 imb:261 pmb:559 smb:2780 d:- ref:0 ;
in:1426 out:1426 type:P dur:2 cpbdur:2 q:31.41 aq:26.50 tex:39108 mv:3529 misc:2075 imb:352 pmb:523 smb:2725 d:- ref:0 ;
in:1427 out:1427 type:P dur:2 cpbdur:2 q:31.42 aq:25.48 tex:39518 mv:3240 misc:2066 imb:282 pmb:518 smb:2800 d:- ref:0 ;
in:1428 out:1428 type:P dur:2 cpbdur:2 q:31.42 aq:26.07 tex:40453 mv:3665 misc:2146 imb:287 pmb:590 smb:2723 d:- ref:0 ;
in:1429 out:1429 type:P dur:2 cpbdur:2 q:31.43 aq:24.65 tex:44912 mv:3881 misc:2231 imb:344 pmb:587 smb:2669 d:- ref:0 ;
in:1430 out:1430 type:P dur:2 cpbdur:2 q:31.43 aq:23.61 tex:33557 mv:2388 misc:2023 imb:172 pmb:497 smb:2931 d:- ref:0 ;
in:1431 out:1431 type:P dur:2 cpbdur:2 q:31.43 aq:23.25 tex:50942 mv:3700 misc:2222 imb:324 pmb:685 smb:2591 d:- ref:0 ;
in:1432 out:1432 type:P dur:2 cpbdur:2 q:31.44 aq:24.06 tex:44531 mv:3245 misc:2264 imb:253 pmb:631 smb:2716 d:- ref:0 ;
in:1433 out:1433 type:P dur:2 cpbdur:2 q:31.45 aq:23.99 tex:48213 mv:2881 misc:2186 imb:217 pmb:610 smb:2773 d:- ref:0 ;
in:1434 out:1434 type:P dur:2 cpbdur:2 q:31.46 aq:20.69 tex:44688 mv:2741 misc:2259 imb:206 pmb:628 smb:2766 d:- ref:0 ;
in:1435 out:1435 type:P dur:2 cpbdur:2 q:31.47 aq:22.64 tex:48924 mv:2764 misc:2160 imb:199 pmb:586 smb:2815 d:- ref:0 ;
in:1436 out:1436 type:P dur:2 cpbdur:2 q:31.49 aq:22.95 tex:54092 mv:3142 misc:2254 imb:260 pmb:643 smb:2697 d:- ref:0 ;
in:1437 out:1437 type:P dur:2 cpbdur:2 q:31.50 aq:22.16 tex:47394 mv:2415 misc:2287 imb:178 pmb:604 smb:2818 d:- ref:0 ;
in:1439 out:1438 type:P dur:2 cpbdur:2 q:31.51 aq:21.98 tex:69741 mv:4031 misc:2380 imb:309 pmb:800 smb:2491 d:- ref:0 ;
in:1438 out:1439 type:b dur:2 cpbdur:2 q:31.51 aq:34.36 tex:112 mv:89 misc:415 imb:0 pmb:45 smb:3555 d:- ref:0 ;
in:1443 out:1440 type:P dur:2 cpbdur:2 q:31.53 aq:21.26 tex:60974 mv:3609 misc:2313 imb:263 pmb:713 smb:2624 d:- ref:0 ;
in:1441 out:1441 type:B dur:2 cpbdur:2 q:31.52 aq:31.40 tex:334 mv:267 misc:615 imb:9 pmb:85 smb:3506 d:- ref:0 ;
in:1440 out:1442 type:b dur:2 cpbdur:2 q:31.52 aq:34.71 tex:232 mv:134 misc:394 imb:3 pmb:37 smb:3560 d:- ref:0 ;
in:1442 out:1443 type:b dur:2 cpbdur:2 q:31.53 aq:28.49 tex:54 mv:73 misc:321 imb:1 pmb:22 smb:3577 d:- ref:0 ;
in:1447 out:1444 type:P dur:2 cpbdur:2 q:31.56 aq:20.14 tex:4897 mv:344 misc:1087 imb:8 pmb:158 smb:3434 d:- ref:0 ;
in:1445 out:1445 type:B dur:2 cpbdur:2 q:31.55 aq:19.81 tex:35 mv:7 misc:254 imb:0 pmb:2 smb:3598 d:- ref:0 ;
in:1444 out:1446 type:b dur:2 cpbdur:2 q:31.54 aq:27.00 tex:0 mv:0 misc:216 imb:0 pmb:0 smb:3600 d:- ref:0 ;
in:1446 out:1447 type:b dur:2 cpbdur:2 q:31.55 aq:27.00 tex:0 mv:0 misc:216 imb:0 pmb:0 smb:3600 d:- ref:0 ;
in:1451 out:1448 type:P dur:2 cpbdur:2 q:31.56 aq:17.45 tex:594 mv:80 misc:454 imb:1 pmb:27 smb:3572 d:- ref:0 ;
in:1449 out:1449 type:B dur:2 cpbdur:2 q:31.56 aq:19.31 tex:22 mv:4 misc:246 imb:0 pmb:1 smb:3599 d:- ref:0 ;
in:1448 out:1450 type:b dur:2 cpbdur:2 q:31.56 aq:27.00 tex:0 mv:0 misc:216 imb:0 pmb:0 smb:3600 d:- ref:0 ;
in:1450 out:1451 type:b dur:2 cpbdur:2 q:31.56 aq:27.00 tex:0 mv:0 misc:216 imb:0 pmb:0 smb:3600 d:- ref:0 ;
in:1455 out:1452 type:P dur:2 cpbdur:2 q:31.55 aq:18.41 tex:164 mv:44 misc:344 imb:1 pmb:9 smb:3590 d:- ref:0 ;
in:1453 out:1453 type:B dur:2 cpbdur:2 q:31.55 aq:19.31 tex:22 mv:4 misc:246 imb:0 pmb:1 smb:3599 d:- ref:0 ;
in:1452 out:1454 type:b dur:2 cpbdur:2 q:31.56 aq:27.00 tex:0 mv:0 misc:216 imb:0 pmb:0 smb:3600 d:- ref:0 ;
in:1454 out:1455 type:b dur:2 cpbdur:2 q:31.55 aq:27.00 tex:0 mv:0 misc:216 imb:0 pmb:0 smb:3600 d:- ref:0 ;
in:1459 out:1456 type:P dur:2 cpbdur:2 q:31.44 aq:25.47 tex:50 mv:22 misc:288 imb:1 pmb:2 smb:3597 d:- ref:0 ;
in:1457 out:1457 type:B dur:2 cpbdur:2 q:31.50 aq:19.31 tex:22 mv:4 misc:246 imb:0 pmb:1 smb:3599 d:- ref:0 ;
in:1456 out:1458 type:b dur:2 cpbdur:2 q:31.52 aq:27.00 tex:0 mv:0 misc:216 imb:0 pmb:0 smb:3600 d:- ref:0 ;
in:1458 out:1459 type:b dur:2 cpbdur:2 q:31.47 aq:27.00 tex:0 mv:0 misc:216 imb:0 pmb:0 smb:3600 d:- ref:0 ;
in:1463 out:1460 type:P dur:2 cpbdur:2 q:31.35 aq:17.19 tex:62 mv:30 misc:300 imb:1 pmb:4 smb:3595 d:- ref:0 ;
in:1461 out:1461 type:B dur:2 cpbdur:2 q:31.40 aq:19.31 tex:22 mv:4 misc:246 imb:0 pmb:1 smb:3599 d:- ref:0 ;
in:1460 out:1462 type:b dur:2 cpbdur:2 q:31.42 aq:27.00 tex:0 mv:0 misc:216 imb:0 pmb:0 smb:3600 d:- ref:0 ;
in:1462 out:1463 type:b dur:2 cpbdur:2 q:31.37 aq:27.00 tex:0 mv:0 misc:216 imb:0 pmb:0 smb:3600 d:- ref:0 ;
in:1467 out:1464 type:P dur:2 cpbdur:2 q:31.25 aq:20.00 tex:0 mv:0 misc:248 imb:0 pmb:0 smb:3600 d:- ref:0 ;
in:1465 out:1465 type:B dur:2 cpbdur:2 q:31.30 aq:19.31 tex:22 mv:4 misc:246 imb:0 pmb:1 smb:3599 d:- ref:0 ;
in:1464 out:1466 type:b dur:2 cpbdur:2 q:31.32 aq:27.00 tex:0 mv:0 misc:216 imb:0 pmb:0 smb:3600 d:- ref:0 ;
in:1466 out:1467 type:b dur:2 cpbdur:2 q:31.27 aq:27.00 tex:0 mv:0 misc:216 imb:0 pmb:0 smb:3600 d:- ref:0 ;
in:1468 out:1468 type:I dur:2 cpbdur:2 q:28.49 aq:20.96 tex:472181 mv:61840 misc:547 imb:3600 pmb:0 smb:0 d:- ref:;
in:1472 out:1469 type:P dur:2 cpbdur:2 q:31.40 aq:21.00 tex:68 mv:38 misc:286 imb:3 pmb:3 smb:3594 d:- ref:0 ;
in:1470 out:1470 type:B dur:2 cpbdur:2 q:31.40 aq:27.00 tex:0 mv:0 misc:216 imb:0 pmb:0 smb:3600 d:- ref:0 ;
in:1469 out:1471 type:b dur:2 cpbdur:2 q:31.40 aq:27.00 tex:0 mv:0 misc:216 imb:0 pmb:0 smb:3600 d:- ref:0 ;
in:1471 out:1472 type:b dur:2 cpbdur:2 q:31.40 aq:27.00 tex:0 mv:0 misc:216 imb:0 pmb:0 smb:3600 d:- ref:0 ;
in:1475 out:1473 type:P dur:2 cpbdur:2 q:31.30 aq:23.78 tex:40788 mv:5398 misc:1174 imb:1187 pmb:140 smb:2273 d:- ref:0 ;
in:1473 out:1474 type:B dur:2 cpbdur:2 q:31.36 aq:24.27 tex:68 mv:88 misc:484 imb:0 pmb:125 smb:3475 d:- ref:0 ;
in:1474 out:1475 type:b dur:2 cpbdur:2 q:31.33 aq:23.76 tex:131 mv:218 misc:491 imb:7 pmb:122 smb:3471 d:- ref:0 ;
in:1479 out:1476 type:P dur:2 cpbdur:2 q:31.26 aq:26.18 tex:61272 mv:9807 misc:2161 imb:1506 pmb:1016 smb:1078 d:- ref:0 w:5,29,2,5,29,12,32,0 ;
in:1477 out:1477 type:B dur:2 cpbdur:2 q:31.28 aq:22.94 tex:2673 mv:1388 misc:1451 imb:90 pmb:274 smb:3236 d:- ref:0 ;
in:1476 out:1478 type:b dur:2 cpbdur:2 q:31.29 aq:23.19 tex:578 mv:474 misc:780 imb:18 pmb:129 smb:3453 d:- ref:0 ;
in:1478 out:1479 type:b dur:2 cpbdur:2 q:31.27 aq:24.90 tex:2210 mv:830 misc:992 imb:65 pmb:215 smb:3320 d:- ref:0 ;
in:1483 out:1480 type:P dur:2 cpbdur:2 q:31.34 aq:26.38 tex:123623 mv:15392 misc:1025 imb:2286 pmb:1060 smb:254 d:- ref:0 w:3,7,2,6,55,18,64,0 ;
in:1481 out:1481 type:B dur:2 cpbdur:2 q:31.30 aq:23.90 tex:2185 mv:564 misc:1275 imb:27 pmb:267 smb:3306 d:- ref:0 ;
in:1480 out:1482 type:b dur:2 cpbdur:2 q:31.28 aq:23.74 tex:2632 mv:887 misc:1345 imb:51 pmb:421 smb:3128 d:- ref:0 ;
in:1482 out:1483 type:b dur:2 cpbdur:2 q:31.32 aq:23.39 tex:2611 mv:914 misc:1275 imb:51 pmb:276 smb:3273 d:- ref:0 ;
in:1487 out:1484 type:P dur:2 cpbdur:2 q:31.31 aq:25.71 tex:159690 mv:16229 misc:1273 imb:2194 pmb:935 smb:471 d:- ref:0 w:3,7,1,5,27,20,32,0 ;
in:1485 out:1485 type:B dur:2 cpbdur:2 q:31.32 aq:23.81 tex:7446 mv:2091 misc:2127 imb:139 pmb:618 smb:2843 d:- ref:0 ;
in:1484 out:1486 type:b dur:2 cpbdur:2 q:31.33 aq:24.68 tex:2000 mv:533 misc:1147 imb:14 pmb:344 smb:3242 d:- ref:0 ;
in:1486 out:1487 type:b dur:2 cpbdur:2 q:31.31 aq:24.51 tex:3138 mv:1067 misc:1251 imb:81 pmb:348 smb:3171 d:- ref:0 ;
in:1491 out:1488 type:P dur:2 cpbdur:2 q:31.32 aq:25.20 tex:163353 mv:15104 misc:1399 imb:2061 pmb:831 smb:708 d:- ref:0 w:7,117,-1,4,15,9,16,0 ;
in:1489 out:1489 type:B dur:2 cpbdur:2 q:31.31 aq:24.01 tex:6840 mv:3096 misc:2056 imb:300 pmb:467 smb:2833 d:- ref:0 ;
in:1488 out:1490 type:b dur:2 cpbdur:2 q:31.31 aq:24.13 tex:3491 mv:1697 misc:1676 imb:144 pmb:349 smb:3107 d:- ref:0 ;
in:1490 out:1491 type:b dur:2 cpbdur:2 q:31.32 aq:23.17 tex:4011 mv:2225 misc:1716 imb:182 pmb:345 smb:3073 d:- ref:0 ;
in:1495 out:1492 type:P dur:2 cpbdur:2 q:31.37 aq:25.11 tex:153189 mv:15011 misc:1128 imb:2401 pmb:924 smb:275 d:- ref:0 w:7,125,-3,5,33,-3,34,-8 ;
in:1493 out:1493 type:B dur:2 cpbdur:2 q:31.35 aq:23.44 tex:7341 mv:3059 misc:2128 imb:274 pmb:485 smb:2841 d:- ref:0 ;
in:1492 out:1494 type:b dur:2 cpbdur:2 q:31.33 aq:24.54 tex:3582 mv:1780 misc:1662 imb:123 pmb:372 smb:3105 d:- ref:0 ;
in:1494 out:1495 type:b dur:2 cpbdur:2 q:31.36 aq:22.68 tex:2214 mv:1160 misc:1186 imb:94 pmb:249 smb:3257 d:- ref:0 ;
in:1498 out:1496 type:P dur:2 cpbdur:2 q:31.46 aq:24.72 tex:124168 mv:13713 misc:1111 imb:2294 pmb:1034 smb:272 d:- ref:0 w:0,1,-2 ;
in:1496 out:1497 type:B dur:2 cpbdur:2 q:31.40 aq:22.14 tex:4360 mv:1941 misc:1683 imb:128 pmb:497 smb:2975 d:- ref:0 ;
in:1497 out:1498 type:b dur:2 cpbdur:2 q:31.43 aq:22.83 tex:2337 mv:868 misc:1299 imb:39 pmb:319 smb:3242 d:- ref:0 ;
in:1500 out:1499 type:P dur:2 cpbdur:2 q:31.45 aq:23.99 tex:96611 mv:9466 misc:2091 imb:1577 pmb:959 smb:1064 d:- ref:0 w:0,1,-1,4,16,0,17,-8 ;
in:1499 out:1500 type:b dur:2 cpbdur:2 q:31.46 aq:22.27 tex:1768 mv:1360 misc:1128 imb:112 pmb:245 smb:3243 d:- ref:0 ;
in:1502 out:1501 type:P dur:2 cpbdur:2 q:31.54 aq:23.79 tex:88914 mv:10268 misc:1794 imb:1757 pmb:928 smb:915 d:- ref:0 w:6,65,-1,6,64,0,67,-6 ;
in:1501 out:1502 type:b dur:2 cpbdur:2 q:31.50 aq:21.35 tex:1492 mv:1510 misc:1206 imb:127 pmb:231 smb:3242 d:- ref:0 ;
in:1503 out:1503 type:P dur:2 cpbdur:2 q:31.53 aq:22.99 tex:59124 mv:6492 misc:2424 imb:1036 pmb:868 smb:1696 d:- ref:0 ;
in:1504 out:1504 type:P dur:2 cpbdur:2 q:31.60 aq:22.96 tex:50200 mv:5452 misc:2892 imb:829 pmb:840 smb:1931 d:- ref:0 ;
in:1506 out:1505 type:P dur:2 cpbdur:2 q:31.60 aq:21.13 tex:85047 mv:9372 misc:1949 imb:1680 pmb:897 smb:1023 d:- ref:0 ;
in:1505 out:1506 type:b dur:2 cpbdur:2 q:31.60 aq:21.19 tex:631 mv:439 misc:762 imb:14 pmb:138 smb:3448 d:- ref:0 ;
in:1510 out:1507 type:P dur:2 cpbdur:2 q:31.59 aq:20.32 tex:79082 mv:8200 misc:1998 imb:1413 pmb:925 smb:1262 d:- ref:0 ;
in:1508 out:1508 type:B dur:2 cpbdur:2 q:31.60 aq:21.22 tex:799 mv:666 misc:951 imb:29 pmb:237 smb:3334 d:- ref:0 ;
in:1507 out:1509 type:b dur:2 cpbdur:2 q:31.60 aq:22.81 tex:387 mv:391 misc:790 imb:9 pmb:145 smb:3446 d:- ref:0 ;
in:1509 out:1510 type:b dur:2 cpbdur:2 q:31.59 aq:20.02 tex:44 mv:80 misc:308 imb:0 pmb:24 smb:3576 d:- ref:0 ;
in:1514 out:1511 type:P dur:2 cpbdur:2 q:31.64 aq:19.99 tex:10276 mv:970 misc:1594 imb:50 pmb:294 smb:3256 d:- ref:0 ;
in:1512 out:1512 type:B dur:2 cpbdur:2 q:31.61 aq:18.77 tex:31 mv:6 misc:267 imb:0 pmb:2 smb:3598 d:- ref:0 ;
in:1511 out:1513 type:b dur:2 cpbdur:2 q:31.60 aq:20.02 tex:26 mv:7 misc:247 imb:0 pmb:2 smb:3598 d:- ref:0 ;
in:1513 out:1514 type:b dur:2 cpbdur:2 q:31.63 aq:18.86 tex:16 mv:4 misc:236 imb:0 pmb:1 smb:3599 d:- ref:0 ;
in:1518 out:1515 type:P dur:2 cpbdur:2 q:31.61 aq:19.41 tex:4314 mv:368 misc:854 imb:27 pmb:88 smb:3485 d:- ref:0 ;
in:1516 out:1516 type:B dur:2 cpbdur:2 q:31.63 aq:17.49 tex:20 mv:3 misc:257 imb:0 pmb:1 smb:3599 d:- ref:0 ;
in:1515 out:1517 type:b dur:2 cpbdur:2 q:31.63 aq:18.86 tex:16 mv:4 misc:236 imb:0 pmb:1 smb:3599 d:- ref:0 ;
in:1517 out:1518 type:b dur:2 cpbdur:2 q:31.62 aq:17.00 tex:0 mv:0 misc:232 imb:0 pmb:0 smb:3600 d:- ref:0 ;
in:1522 out:1519 type:P dur:2 cpbdur:2 q:31.61 aq:15.27 tex:1624 mv:267 misc:581 imb:17 pmb:36 smb:3547 d:- ref:0 ;
in:1520 out:1520 type:B dur:2 cpbdur:2 q:31.61 aq:15.00 tex:0 mv:0 misc:248 imb:0 pmb:0 smb:3600 d:- ref:0 ;
in:1519 out:1521 type:b dur:2 cpbdur:2 q:31.61 aq:17.00 tex:0 mv:0 misc:232 imb:0 pmb:0 smb:3600 d:- ref:0 ;
in:1521 out:1522 type:b dur:2 cpbdur:2 q:31.61 aq:17.00 tex:0 mv:0 misc:232 imb:0 pmb:0 smb:3600 d:- ref:0 ;
in:1526 out:1523 type:P dur:2 cpbdur:2 q:31.50 aq:19.27 tex:3842 mv:268 misc:850 imb:11 pmb:97 smb:3492 d:- ref:0 ;
in:1524 out:1524 type:B dur:2 cpbdur:2 q:31.56 aq:15.00 tex:0 mv:0 misc:248 imb:0 pmb:0 smb:3600 d:- ref:0 ;
in:1523 out:1525 type:b dur:2 cpbdur:2 q:31.58 aq:17.00 tex:0 mv:0 misc:232 imb:0 pmb:0 smb:3600 d:- ref:0 ;
in:1525 out:1526 type:b dur:2 cpbdur:2 q:31.53 aq:17.00 tex:0 mv:0 misc:232 imb:0 pmb:0 smb:3600 d:- ref:0 ;
in:1527 out:1527 type:P dur:2 cpbdur:2 q:31.42 aq:16.00 tex:0 mv:0 misc:256 imb:0 pmb:0 smb:3600 d:- ref:0 ;
in:1528 out:1528 type:I dur:2 cpbdur:2 q:28.61 aq:15.99 tex:433581 mv:48466 misc:521 imb:3600 pmb:0 smb:0 d:- ref:;
in:1532 out:1529 type:P dur:2 cpbdur:2 q:31.66 aq:16.46 tex:417 mv:139 misc:444 imb:9 pmb:18 smb:3573 d:- ref:0 ;
in:1530 out:1530 type:B dur:2 cpbdur:2 q:31.66 aq:15.00 tex:0 mv:0 misc:232 imb:0 pmb:0 smb:3600 d:- ref:0 ;
in:1529 out:1531 type:b dur:2 cpbdur:2 q:31.66 aq:17.00 tex:0 mv:0 misc:232 imb:0 pmb:0 smb:3600 d:- ref:0 ;
in:1531 out:1532 type:b dur:2 cpbdur:2 q:31.66 aq:17.00 tex:0 mv:0 misc:232 imb:0 pmb:0 smb:3600 d:- ref:0 ;
in:1536 out:1533 type:P dur:2 cpbdur:2 q:31.56 aq:15.54 tex:208 mv:62 misc:386 imb:1 pmb:14 smb:3585 d:- ref:0 ;
in:1534 out:1534 type:B dur:2 cpbdur:2 q:31.61 aq:15.00 tex:0 mv:0 misc:248 imb:0 pmb:0 smb:3600 d:- ref:0 ;
in:1533 out:1535 type:b dur:2 cpbdur:2 q:31.63 aq:17.00 tex:0 mv:0 misc:232 imb:0 pmb:0 smb:3600 d:- ref:0 ;
in:1535 out:1536 type:b dur:2 cpbdur:2 q:31.58 aq:17.00 tex:0 mv:0 misc:232 imb:0 pmb:0 smb:3600 d:- ref:0 ;
in:1540 out:1537 type:P dur:2 cpbdur:2 q:31.45 aq:14.49 tex:78 mv:43 misc:327 imb:0 pmb:7 smb:3593 d:- ref:0 ;
in:1538 out:1538 type:B dur:2 cpbdur:2 q:31.50 aq:15.00 tex:0 mv:0 misc:248 imb:0 pmb:0 smb:3600 d:- ref:0 ;
in:1537 out:1539 type:b dur:2 cpbdur:2 q:31.53 aq:17.00 tex:0 mv:0 misc:232 imb:0 pmb:0 smb:3600 d:- ref:0 ;
in:1539 out:1540 type:b dur:2 cpbdur:2 q:31.48 aq:16.00 tex:0 mv:0 misc:232 imb:0 pmb:0 smb:3600 d:- ref:0 ;
in:1544 out:1541 type:P dur:2 cpbdur:2 q:31.41 aq:14.38 tex:31 mv:9 misc:288 imb:0 pmb:2 smb:3598 d:- ref:0 ;
in:1542 out:1542 type:B dur:2 cpbdur:2 q:31.43 aq:15.00 tex:0 mv:0 misc:248 imb:0 pmb:0 smb:3600 d:- ref:0 ;
in:1541 out:1543 type:b dur:2 cpbdur:2 q:31.44 aq:16.00 tex:0 mv:0 misc:232 imb:0 pmb:0 smb:3600 d:- ref:0 ;
in:1543 out:1544 type:b dur:2 cpbdur:2 q:31.42 aq:16.00 tex:0 mv:0 misc:232 imb:0 pmb:0 smb:3600 d:- ref:0 ;
in:1548 out:1545 type:P dur:2 cpbdur:2 q:31.31 aq:14.38 tex:31 mv:9 misc:288 imb:0 pmb:2 smb:3598 d:- ref:0 ;
in:1546 out:1546 type:B dur:2 cpbdur:2 q:31.36 aq:15.00 tex:0 mv:0 misc:248 imb:0 pmb:0 smb:3600 d:- ref:0 ;
in:1545 out:1547 type:b dur:2 cpbdur:2 q:31.38 aq:16.00 tex:0 mv:0 misc:232 imb:0 pmb:0 smb:3600 d:- ref:0 ;
in:1547 out:1548 type:b dur:2 cpbdur:2 q:31.34 aq:16.00 tex:0 mv:0 misc:232 imb:0 pmb:0 smb:3600 d:- ref:0 ;
in:1552 out:1549 type:P dur:2 cpbdur:2 q:31.21 aq:14.38 tex:31 mv:9 misc:288 imb:0 pmb:2 smb:3598 d:- ref:0 ;
in:1550 out:1550 type:B dur:2 cpbdur:2 q:31.26 aq:15.00 tex:0 mv:0 misc:248 imb:0 pmb:0 smb:3600 d:- ref:0 ;
in:1549 out:1551 type:b dur:2 cpbdur:2 q:31.29 aq:16.00 tex:0 mv:0 misc:232 imb:0 pmb:0 smb:3600 d:- ref:0 ;
in:1551 out:1552 type:b dur:2 cpbdur:2 q:31.24 aq:16.00 tex:0 mv:0 misc:232 imb:0 pmb:0 smb:3600 d:- ref:0 ;
in:1556 out:1553 type:P dur:2 cpbdur:2 q:31.12 aq:14.69 tex:84 mv:26 misc:322 imb:0 pmb:6 smb:3594 d:- ref:0 ;
in:1554 out:1554 type:B dur:2 cpbdur:2 q:31.17 aq:15.00 tex:0 mv:0 misc:248 imb:0 pmb:0 smb:3600 d:- ref:0 ;
in:1553 out:1555 type:b dur:2 cpbdur:2 q:31.19 aq:16.00 tex:0 mv:0 misc:232 imb:0 pmb:0 smb:3600 d:- ref:0 ;
in:1555 out:1556 type:b dur:2 cpbdur:2 q:31.14 aq:16.00 tex:0 mv:0 misc:232 imb:0 pmb:0 smb:3600 d:- ref:0 ;
in:1560 out:1557 type:P dur:2 cpbdur:2 q:31.03 aq:15.34 tex:151 mv:33 misc:320 imb:0 pmb:6 smb:3594 d:- ref:0 ;
in:1558 out:1558 type:B dur:2 cpbdur:2 q:31.07 aq:15.00 tex:0 mv:0 misc:248 imb:0 pmb:0 smb:3600 d:- ref:0 ;
in:1557 out:1559 type:b dur:2 cpbdur:2 q:31.10 aq:16.00 tex:0 mv:0 misc:232 imb:0 pmb:0 smb:3600 d:- ref:0 ;
in:1559 out:1560 type:b dur:2 cpbdur:2 q:31.05 aq:16.00 tex:0 mv:0 misc:232 imb:0 pmb:0 smb:3600 d:- ref:0 ;
in:1564 out:1561 type:P dur:2 cpbdur:2 q:30.94 aq:16.01 tex:148 mv:37 misc:327 imb:0 pmb:8 smb:3592 d:- ref:0 ;
in:1562 out:1562 type:B dur:2 cpbdur:2 q:30.98 aq:15.00 tex:0 mv:0 misc:248 imb:0 pmb:0 smb:3600 d:- ref:0 ;
in:1561 out:1563 type:b dur:2 cpbdur:2 q:31.01 aq:16.00 tex:0 mv:0 misc:232 imb:0 pmb:0 smb:3600 d:- ref:0 ;
in:1563 out:1564 type:b dur:2 cpbdur:2 q:30.96 aq:16.00 tex:0 mv:0 misc:232 imb:0 pmb:0 smb:3600 d:- ref:0 ;
in:1568 out:1565 type:P dur:2 cpbdur:2 q:30.84 aq:15.06 tex:114 mv:28 misc:322 imb:0 pmb:6 smb:3594 d:- ref:0 ;
in:1566 out:1566 type:B dur:2 cpbdur:2 q:30.89 aq:15.00 tex:0 mv:0 misc:248 imb:0 pmb:0 smb:3600 d:- ref:0 ;
in:1565 out:1567 type:b dur:2 cpbdur:2 q:30.91 aq:16.00 tex:0 mv:0 misc:232 imb:0 pmb:0 smb:3600 d:- ref:0 ;
in:1567 out:1568 type:b dur:2 cpbdur:2 q:30.86 aq:16.00 tex:0 mv:0 misc:232 imb:0 pmb:0 smb:3600 d:- ref:0 ;
in:1572 out:1569 type:P dur:2 cpbdur:2 q:30.74 aq:21.37 tex:112 mv:38 misc:322 imb:1 pmb:5 smb:3594 d:- ref:0 ;
in:1570 out:1570 type:B dur:2 cpbdur:2 q:30.79 aq:15.00 tex:0 mv:0 misc:248 imb:0 pmb:0 smb:3600 d:- ref:0 ;
in:1569 out:1571 type:b dur:2 cpbdur:2 q:30.81 aq:16.00 tex:0 mv:0 misc:232 imb:0 pmb:0 smb:3600 d:- ref:0 ;
in:1571 out:1572 type:b dur:2 cpbdur:2 q:30.76 aq:16.00 tex:0 mv:0 misc:232 imb:0 pmb:0 smb:3600 d:- ref:0 ;
in:1576 out:1573 type:P dur:2 cpbdur:2 q:30.65 aq:13.11 tex:125 mv:48 misc:339 imb:2 pmb:6 smb:3592 d:- ref:0 ;
in:1574 out:1574 type:B dur:2 cpbdur:2 q:30.69 aq:14.00 tex:0 mv:0 misc:248 imb:0 pmb:0 smb:3600 d:- ref:0 ;
in:1573 out:1575 type:b dur:2 cpbdur:2 q:30.72 aq:16.00 tex:0 mv:0 misc:232 imb:0 pmb:0 smb:3600 d:- ref:0 ;
in:1575 out:1576 type:b dur:2 cpbdur:2 q:30.67 aq:16.00 tex:0 mv:0 misc:232 imb:0 pmb:0 smb:3600 d:- ref:0 ;
in:1580 out:1577 type:P dur:2 cpbdur:2 q:30.55 aq:18.40 tex:137 mv:25 misc:326 imb:0 pmb:6 smb:3594 d:- ref:0 ;
in:1578 out:1578 type:B dur:2 cpbdur:2 q:30.60 aq:14.00 tex:0 mv:0 misc:248 imb:0 pmb:0 smb:3600 d:- ref:0 ;
in:1577 out:1579 type:b dur:2 cpbdur:2 q:30.63 aq:16.00 tex:0 mv:0 misc:232 imb:0 pmb:0 smb:3600 d:- ref:0 ;
in:1579 out:1580 type:b dur:2 cpbdur:2 q:30.58 aq:16.00 tex:0 mv:0 misc:232 imb:0 pmb:0 smb:3600 d:- ref:0 ;
in:1584 out:1581 type:P dur:2 cpbdur:2 q:30.45 aq:17.16 tex:77 mv:34 misc:305 imb:1 pmb:4 smb:3595 d:- ref:0 ;
in:1582 out:1582 type:B dur:2 cpbdur:2 q:30.50 aq:14.00 tex:0 mv:0 misc:248 imb:0 pmb:0 smb:3600 d:- ref:0 ;
in:1581 out:1583 type:b dur:2 cpbdur:2 q:30.53 aq:16.00 tex:0 mv:0 misc:232 imb:0 pmb:0 smb:3600 d:- ref:0 ;
in:1583 out:1584 type:b dur:2 cpbdur:2 q:30.48 aq:15.00 tex:0 mv:0 misc:232 imb:0 pmb:0 smb:3600 d:- ref:0 ;
in:1587 out:1585 type:P dur:2 cpbdur:2 q:30.35 aq:15.00 tex:0 mv:0 misc:256 imb:0 pmb:0 smb:3600 d:- ref:0 ;
in:1585 out:1586 type:B dur:2 cpbdur:2 q:30.42 aq:15.00 tex:0 mv:0 misc:248 imb:0 pmb:0 smb:3600 d:- ref:0 ;
in:1586 out:1587 type:b dur:2 cpbdur:2 q:30.39 aq:15.00 tex:0 mv:0 misc:232 imb:0 pmb:0 smb:3600 d:- ref:0 ;
in:1588 out:1588 type:I dur:2 cpbdur:2 q:27.89 aq:15.32 tex:460163 mv:49390 misc:519 imb:3600 pmb:0 smb:0 d:- ref:;
in:1592 out:1589 type:P dur:2 cpbdur:2 q:30.58 aq:17.43 tex:693 mv:227 misc:592 imb:10 pmb:43 smb:3547 d:- ref:0 ;
in:1590 out:1590 type:B dur:2 cpbdur:2 q:30.58 aq:14.00 tex:0 mv:0 misc:232 imb:0 pmb:0 smb:3600 d:- ref:0 ;
in:1589 out:1591 type:b dur:2 cpbdur:2 q:30.58 aq:16.00 tex:0 mv:0 misc:232 imb:0 pmb:0 smb:3600 d:- ref:0 ;
in:1591 out:1592 type:b dur:2 cpbdur:2 q:30.58 aq:16.00 tex:0 mv:0 misc:232 imb:0 pmb:0 smb:3600 d:- ref:0 ;
in:1596 out:1593 type:P dur:2 cpbdur:2 q:30.49 aq:15.57 tex:260 mv:77 misc:423 imb:0 pmb:23 smb:3577 d:- ref:0 ;
in:1594 out:1594 type:B dur:2 cpbdur:2 q:30.54 aq:14.00 tex:0 mv:0 misc:248 imb:0 pmb:0 smb:3600 d:- ref:0 ;
in:1593 out:1595 type:b dur:2 cpbdur:2 q:30.56 aq:16.00 tex:0 mv:0 misc:232 imb:0 pmb:0 smb:3600 d:- ref:0 ;
in:1595 out:1596 type:b dur:2 cpbdur:2 q:30.51 aq:16.00 tex:0 mv:0 misc:232 imb:0 pmb:0 smb:3600 d:- ref:0 ;
in:1600 out:1597 type:P dur:2 cpbdur:2 q:30.39 aq:12.98 tex:231 mv:77 misc:364 imb:4 pmb:9 smb:3587 d:- ref:0 ;
in:1598 out:1598 type:B dur:2 cpbdur:2 q:30.44 aq:14.00 tex:0 mv:0 misc:248 imb:0 pmb:0 smb:3600 d:- ref:0 ;
in:1597 out:1599 type:b dur:2 cpbdur:2 q:30.46 aq:15.00 tex:0 mv:0 misc:232 imb:0 pmb:0 smb:3600 d:- ref:0 ;
in:1599 out:1600 type:b dur:2 cpbdur:2 q:30.41 aq:15.00 tex:0 mv:0 misc:232 imb:0 pmb:0 smb:3600 d:- ref:0 ;
in:1604 out:1601 type:P dur:2 cpbdur:2 q:30.35 aq:13.79 tex:92 mv:27 misc:321 imb:0 pmb:6 smb:3594 d:- ref:0 ;
in:1602 out:1602 type:B dur:2 cpbdur:2 q:30.37 aq:14.00 tex:0 mv:0 misc:248 imb:0 pmb:0 smb:3600 d:- ref:0 ;
in:1601 out:1603 type:b dur:2 cpbdur:2 q:30.38 aq:15.00 tex:0 mv:0 misc:232 imb:0 pmb:0 smb:3600 d:- ref:0 ;
in:1603 out:1604 type:b dur:2 cpbdur:2 q:30.36 aq:15.00 tex:0 mv:0 misc:232 imb:0 pmb:0 smb:3600 d:- ref:0 ;
in:1608 out:1605 type:P dur:2 cpbdur:2 q:30.25 aq:13.79 tex:76 mv:22 misc:318 imb:0 pmb:5 smb:3595 d:- ref:0 ;
in:1606 out:1606 type:B dur:2 cpbdur:2 q:30.30 aq:14.00 tex:0 mv:0 misc:248 imb:0 pmb:0 smb:3600 d:- ref:0 ;
in:1605 out:1607 type:b dur:2 cpbdur:2 q:30.32 aq:15.00 tex:0 mv:0 misc:232 imb:0 pmb:0 smb:3600 d:- ref:0 ;
in:1607 out:1608 type:b dur:2 cpbdur:2 q:30.28 aq:15.00 tex:0 mv:0 misc:232 imb:0 pmb:0 smb:3600 d:- ref:0 ;
in:1612 out:1609 type:P dur:2 cpbdur:2 q:30.15 aq:14.65 tex:112 mv:29 misc:331 imb:0 pmb:7 smb:3593 d:- ref:0 ;
in:1610 out:1610 type:B dur:2 cpbdur:2 q:30.20 aq:14.00 tex:0 mv:0 misc:248 imb:0 pmb:0 smb:3600 d:- ref:0 ;
in:1609 out:1611 type:b dur:2 cpbdur:2 q:30.23 aq:15.00 tex:0 mv:0 misc:232 imb:0 pmb:0 smb:3600 d:- ref:0 ;
in:1611 out:1612 type:b dur:2 cpbdur:2 q:30.18 aq:15.00 tex:0 mv:0 misc:232 imb:0 pmb:0 smb:3600 d:- ref:0 ;
in:1616 out:1613 type:P dur:2 cpbdur:2 q:30.05 aq:14.26 tex:168 mv:52 misc:364 imb:1 pmb:10 smb:3589 d:- ref:0 ;
in:1614 out:1614 type:B dur:2 cpbdur:2 q:30.10 aq:14.00 tex:0 mv:0 misc:248 imb:0 pmb:0 smb:3600 d:- ref:0 ;
in:1613 out:1615 type:b dur:2 cpbdur:2 q:30.13 aq:15.00 tex:0 mv:0 misc:232 imb:0 pmb:0 smb:3600 d:- ref:0 ;
in:1615 out:1616 type:b dur:2 cpbdur:2 q:30.08 aq:15.00 tex:0 mv:0 misc:232 imb:0 pmb:0 smb:3600 d:- ref:0 ;
in:1620 out:1617 type:P dur:2 cpbdur:2 q:29.96 aq:13.79 tex:95 mv:28 misc:333 imb:0 pmb:7 smb:3593 d:- ref:0 ;
in:1618 out:1618 type:B dur:2 cpbdur:2 q:30.01 aq:14.00 tex:0 mv:0 misc:248 imb:0 pmb:0 smb:3600 d:- ref:0 ;
in:1617 out:1619 type:b dur:2 cpbdur:2 q:30.03 aq:15.00 tex:0 mv:0 misc:232 imb:0 pmb:0 smb:3600 d:- ref:0 ;
in:1619 out:1620 type:b dur:2 cpbdur:2 q:29.98 aq:15.00 tex:0 mv:0 misc:232 imb:0 pmb:0 smb:3600 d:- ref:0 ;
in:1624 out:1621 type:P dur:2 cpbdur:2 q:29.86 aq:19.02 tex:219 mv:52 misc:385 imb:0 pmb:15 smb:3585 d:- ref:0 ;
in:1622 out:1622 type:B dur:2 cpbdur:2 q:29.91 aq:14.00 tex:0 mv:0 misc:248 imb:0 pmb:0 smb:3600 d:- ref:0 ;
in:1621 out:1623 type:b dur:2 cpbdur:2 q:29.93 aq:15.00 tex:0 mv:0 misc:232 imb:0 pmb:0 smb:3600 d:- ref:0 ;
in:1623 out:1624 type:b dur:2 cpbdur:2 q:29.89 aq:15.00 tex:0 mv:0 misc:232 imb:0 pmb:0 smb:3600 d:- ref:0 ;
in:1628 out:1625 type:P dur:2 cpbdur:2 q:29.76 aq:15.04 tex:134 mv:43 misc:367 imb:0 pmb:11 smb:3589 d:- ref:0 ;
in:1626 out:1626 type:B dur:2 cpbdur:2 q:29.81 aq:14.00 tex:0 mv:0 misc:248 imb:0 pmb:0 smb:3600 d:- ref:0 ;
in:1625 out:1627 type:b dur:2 cpbdur:2 q:29.84 aq:15.00 tex:0 mv:0 misc:232 imb:0 pmb:0 smb:3600 d:- ref:0 ;
in:1627 out:1628 type:b dur:2 cpbdur:2 q:29.79 aq:15.00 tex:0 mv:0 misc:232 imb:0 pmb:0 smb:3600 d:- ref:0 ;
in:1632 out:1629 type:P dur:2 cpbdur:2 q:29.66 aq:15.05 tex:222 mv:96 misc:442 imb:4 pmb:19 smb:3577 d:- ref:0 ;
in:1630 out:1630 type:B dur:2 cpbdur:2 q:29.71 aq:13.00 tex:0 mv:0 misc:248 imb:0 pmb:0 smb:3600 d:- ref:0 ;
in:1629 out:1631 type:b dur:2 cpbdur:2 q:29.74 aq:15.00 tex:0 mv:0 misc:232 imb:0 pmb:0 smb:3600 d:- ref:0 ;
in:1631 out:1632 type:b dur:2 cpbdur:2 q:29.68 aq:15.00 tex:0 mv:0 misc:232 imb:0 pmb:0 smb:3600 d:- ref:0 ;
in:1636 out:1633 type:P dur:2 cpbdur:2 q:29.56 aq:15.22 tex:294 mv:131 misc:415 imb:9 pmb:11 smb:3580 d:- ref:0 ;
in:1634 out:1634 type:B dur:2 cpbdur:2 q:29.61 aq:13.00 tex:0 mv:0 misc:248 imb:0 pmb:0 smb:3600 d:- ref:0 ;
in:1633 out:1635 type:b dur:2 cpbdur:2 q:29.63 aq:15.00 tex:0 mv:0 misc:232 imb:0 pmb:0 smb:3600 d:- ref:0 ;
in:1635 out:1636 type:b dur:2 cpbdur:2 q:29.59 aq:15.00 tex:0 mv:0 misc:232 imb:0 pmb:0 smb:3600 d:- ref:0 ;
in:1640 out:1637 type:P dur:2 cpbdur:2 q:29.46 aq:14.20 tex:223 mv:134 misc:427 imb:7 pmb:15 smb:3578 d:- ref:0 ;
in:1638 out:1638 type:B dur:2 cpbdur:2 q:29.51 aq:13.00 tex:0 mv:0 misc:248 imb:0 pmb:0 smb:3600 d:- ref:0 ;
in:1637 out:1639 type:b dur:2 cpbdur:2 q:29.54 aq:15.00 tex:0 mv:0 misc:232 imb:0 pmb:0 smb:3600 d:- ref:0 ;
in:1639 out:1640 type:b dur:2 cpbdur:2 q:29.49 aq:14.00 tex:0 mv:0 misc:232 imb:0 pmb:0 smb:3600 d:- ref:0 ;
in:1644 out:1641 type:P dur:2 cpbdur:2 q:29.36 aq:15.94 tex:320 mv:104 misc:416 imb:5 pmb:16 smb:3579 d:- ref:0 ;
in:1642 out:1642 type:B dur:2 cpbdur:2 q:29.41 aq:15.97 tex:22 mv:3 misc:255 imb:0 pmb:1 smb:3599 d:- ref:0 ;
in:1641 out:1643 type:b dur:2 cpbdur:2 q:29.44 aq:14.00 tex:0 mv:0 misc:232 imb:0 pmb:0 smb:3600 d:- ref:0 ;
in:1643 out:1644 type:b dur:2 cpbdur:2 q:29.39 aq:14.00 tex:0 mv:0 misc:232 imb:0 pmb:0 smb:3600 d:- ref:0 ;
in:1647 out:1645 type:P dur:2 cpbdur:2 q:29.26 aq:14.00 tex:0 mv:0 misc:256 imb:0 pmb:0 smb:3600 d:- ref:0 ;
in:1645 out:1646 type:B dur:2 cpbdur:2 q:29.33 aq:14.00 tex:0 mv:0 misc:248 imb:0 pmb:0 smb:3600 d:- ref:0 ;
in:1646 out:1647 type:b dur:2 cpbdur:2 q:29.29 aq:14.00 tex:0 mv:0 misc:232 imb:0 pmb:0 smb:3600 d:- ref:0 ;
in:1648 out:1648 type:I dur:2 cpbdur:2 q:26.82 aq:14.30 tex:506676 mv:50517 misc:519 imb:3600 pmb:0 smb:0 d:- ref:;
in:1652 out:1649 type:P dur:2 cpbdur:2 q:29.54 aq:17.25 tex:684 mv:198 misc:646 imb:5 pmb:62 smb:3533 d:- ref:0 ;
in:1650 out:1650 type:B dur:2 cpbdur:2 q:29.54 aq:15.91 tex:22 mv:3 misc:239 imb:0 pmb:1 smb:3599 d:- ref:0 ;
in:1649 out:1651 type:b dur:2 cpbdur:2 q:29.54 aq:15.00 tex:0 mv:0 misc:232 imb:0 pmb:0 smb:3600 d:- ref:0 ;
in:1651 out:1652 type:b dur:2 cpbdur:2 q:29.54 aq:15.00 tex:0 mv:0 misc:232 imb:0 pmb:0 smb:3600 d:- ref:0 ;
in:1656 out:1653 type:P dur:2 cpbdur:2 q:29.44 aq:16.21 tex:489 mv:145 misc:470 imb:6 pmb:26 smb:3568 d:- ref:0 ;
in:1654 out:1654 type:B dur:2 cpbdur:2 q:29.49 aq:15.91 tex:22 mv:3 misc:255 imb:0 pmb:1 smb:3599 d:- ref:0 ;
in:1653 out:1655 type:b dur:2 cpbdur:2 q:29.52 aq:15.00 tex:0 mv:0 misc:232 imb:0 pmb:0 smb:3600 d:- ref:0 ;
in:1655 out:1656 type:b dur:2 cpbdur:2 q:29.47 aq:14.00 tex:0 mv:0 misc:232 imb:0 pmb:0 smb:3600 d:- ref:0 ;
in:1660 out:1657 type:P dur:2 cpbdur:2 q:29.34 aq:15.33 tex:243 mv:107 misc:394 imb:5 pmb:15 smb:3580 d:- ref:0 ;
in:1658 out:1658 type:B dur:2 cpbdur:2 q:29.39 aq:13.00 tex:0 mv:0 misc:248 imb:0 pmb:0 smb:3600 d:- ref:0 ;
in:1657 out:1659 type:b dur:2 cpbdur:2 q:29.42 aq:14.00 tex:0 mv:0 misc:232 imb:0 pmb:0 smb:3600 d:- ref:0 ;
in:1659 out:1660 type:b dur:2 cpbdur:2 q:29.37 aq:14.00 tex:0 mv:0 misc:232 imb:0 pmb:0 smb:3600 d:- ref:0 ;
in:1664 out:1661 type:P dur:2 cpbdur:2 q:29.29 aq:16.54 tex:175 mv:86 misc:379 imb:4 pmb:14 smb:3582 d:- ref:0 ;
in:1662 out:1662 type:B dur:2 cpbdur:2 q:29.32 aq:13.00 tex:0 mv:0 misc:248 imb:0 pmb:0 smb:3600 d:- ref:0 ;
in:1661 out:1663 type:b dur:2 cpbdur:2 q:29.33 aq:14.00 tex:0 mv:0 misc:232 imb:0 pmb:0 smb:3600 d:- ref:0 ;
in:1663 out:1664 type:b dur:2 cpbdur:2 q:29.30 aq:14.00 tex:0 mv:0 misc:232 imb:0 pmb:0 smb:3600 d:- ref:0 ;
in:1668 out:1665 type:P dur:2 cpbdur:2 q:29.19 aq:14.47 tex:216 mv:95 misc:393 imb:4 pmb:16 smb:3580 d:- ref:0 ;
in:1666 out:1666 type:B dur:2 cpbdur:2 q:29.24 aq:13.00 tex:0 mv:0 misc:248 imb:0 pmb:0 smb:3600 d:- ref:0 ;
in:1665 out:1667 type:b dur:2 cpbdur:2 q:29.26 aq:14.00 tex:0 mv:0 misc:232 imb:0 pmb:0 smb:3600 d:- ref:0 ;
in:1667 out:1668 type:b dur:2 cpbdur:2 q:29.21 aq:14.00 tex:0 mv:0 misc:232 imb:0 pmb:0 smb:3600 d:- ref:0 ;
in:1672 out:1669 type:P dur:2 cpbdur:2 q:29.09 aq:15.10 tex:216 mv:93 misc:395 imb:4 pmb:16 smb:3580 d:- ref:0 ;
in:1670 out:1670 type:B dur:2 cpbdur:2 q:29.14 aq:13.00 tex:0 mv:0 misc:248 imb:0 pmb:0 smb:3600 d:- ref:0 ;
in:1669 out:1671 type:b dur:2 cpbdur:2 q:29.16 aq:14.00 tex:0 mv:0 misc:232 imb:0 pmb:0 smb:3600 d:- ref:0 ;
in:1671 out:1672 type:b dur:2 cpbdur:2 q:29.11 aq:14.00 tex:0 mv:0 misc:232 imb:0 pmb:0 smb:3600 d:- ref:0 ;
in:1676 out:1673 type:P dur:2 cpbdur:2 q:28.98 aq:13.99 tex:277 mv:106 misc:409 imb:4 pmb:19 smb:3577 d:- ref:0 ;
in:1674 out:1674 type:B dur:2 cpbdur:2 q:29.04 aq:13.00 tex:0 mv:0 misc:248 imb:0 pmb:0 smb:3600 d:- ref:0 ;
in:1673 out:1675 type:b dur:2 cpbdur:2 q:29.06 aq:14.00 tex:0 mv:0 misc:232 imb:0 pmb:0 smb:3600 d:- ref:0 ;
in:1675 out:1676 type:b dur:2 cpbdur:2 q:29.01 aq:14.00 tex:0 mv:0 misc:232 imb:0 pmb:0 smb:3600 d:- ref:0 ;
in:1680 out:1677 type:P dur:2 cpbdur:2 q:28.88 aq:15.34 tex:421 mv:144 misc:459 imb:6 pmb:24 smb:3570 d:- ref:0 ;
in:1678 out:1678 type:B dur:2 cpbdur:2 q:28.93 aq:13.00 tex:0 mv:0 misc:248 imb:0 pmb:0 smb:3600 d:- ref:0 ;
in:1677 out:1679 type:b dur:2 cpbdur:2 q:28.96 aq:14.00 tex:0 mv:0 misc:232 imb:0 pmb:0 smb:3600 d:- ref:0 ;
in:1679 out:1680 type:b dur:2 cpbdur:2 q:28.91 aq:14.00 tex:0 mv:0 misc:232 imb:0 pmb:0 smb:3600 d:- ref:0 ;
in:1684 out:1681 type:P dur:2 cpbdur:2 q:28.78 aq:15.29 tex:345 mv:115 misc:436 imb:5 pmb:21 smb:3574 d:- ref:0 ;
in:1682 out:1682 type:B dur:2 cpbdur:2 q:28.83 aq:13.00 tex:0 mv:0 misc:248 imb:0 pmb:0 smb:3600 d:- ref:0 ;
in:1681 out:1683 type:b dur:2 cpbdur:2 q:28.86 aq:14.00 tex:0 mv:0 misc:232 imb:0 pmb:0 smb:3600 d:- ref:0 ;
in:1683 out:1684 type:b dur:2 cpbdur:2 q:28.81 aq:14.00 tex:0 mv:0 misc:232 imb:0 pmb:0 smb:3600 d:- ref:0 ;
in:1688 out:1685 type:P dur:2 cpbdur:2 q:28.68 aq:15.70 tex:262 mv:111 misc:427 imb:5 pmb:20 smb:3575 d:- ref:0 ;
in:1686 out:1686 type:B dur:2 cpbdur:2 q:28.73 aq:12.00 tex:0 mv:0 misc:248 imb:0 pmb:0 smb:3600 d:- ref:0 ;
in:1685 out:1687 type:b dur:2 cpbdur:2 q:28.75 aq:14.00 tex:0 mv:0 misc:232 imb:0 pmb:0 smb:3600 d:- ref:0 ;
in:1687 out:1688 type:b dur:2 cpbdur:2 q:28.70 aq:14.00 tex:0 mv:0 misc:232 imb:0 pmb:0 smb:3600 d:- ref:0 ;
in:1692 out:1689 type:P dur:2 cpbdur:2 q:28.57 aq:13.68 tex:227 mv:100 misc:401 imb:5 pmb:15 smb:3580 d:- ref:0 ;
in:1690 out:1690 type:B dur:2 cpbdur:2 q:28.62 aq:12.00 tex:0 mv:0 misc:248 imb:0 pmb:0 smb:3600 d:- ref:0 ;
in:1689 out:1691 type:b dur:2 cpbdur:2 q:28.65 aq:14.00 tex:0 mv:0 misc:232 imb:0 pmb:0 smb:3600 d:- ref:0 ;
in:1691 out:1692 type:b dur:2 cpbdur:2 q:28.60 aq:14.00 tex:0 mv:0 misc:232 imb:0 pmb:0 smb:3600 d:- ref:0 ;
in:1696 out:1693 type:P dur:2 cpbdur:2 q:28.47 aq:13.68 tex:179 mv:86 misc:375 imb:4 pmb:12 smb:3584 d:- ref:0 ;
in:1694 out:1694 type:B dur:2 cpbdur:2 q:28.52 aq:12.00 tex:0 mv:0 misc:248 imb:0 pmb:0 smb:3600 d:- ref:0 ;
in:1693 out:1695 type:b dur:2 cpbdur:2 q:28.55 aq:14.00 tex:0 mv:0 misc:232 imb:0 pmb:0 smb:3600 d:- ref:0 ;
in:1695 out:1696 type:b dur:2 cpbdur:2 q:28.49 aq:13.00 tex:0 mv:0 misc:232 imb:0 pmb:0 smb:3600 d:- ref:0 ;
in:1700 out:1697 type:P dur:2 cpbdur:2 q:28.36 aq:13.56 tex:167 mv:85 misc:356 imb:4 pmb:11 smb:3585 d:- ref:0 ;
in:1698 out:1698 type:B dur:2 cpbdur:2 q:28.42 aq:12.00 tex:0 mv:0 misc:248 imb:0 pmb:0 smb:3600 d:- ref:0 ;
in:1697 out:1699 type:b dur:2 cpbdur:2 q:28.44 aq:13.00 tex:0 mv:0 misc:232 imb:0 pmb:0 smb:3600 d:- ref:0 ;
in:1699 out:1700 type:b dur:2 cpbdur:2 q:28.39 aq:13.00 tex:0 mv:0 misc:232 imb:0 pmb:0 smb:3600 d:- ref:0 ;
in:1704 out:1701 type:P dur:2 cpbdur:2 q:28.26 aq:16.53 tex:181 mv:92 misc:383 imb:4 pmb:16 smb:3580 d:- ref:0 ;
in:1702 out:1702 type:B dur:2 cpbdur:2 q:28.31 aq:12.00 tex:0 mv:0 misc:248 imb:0 pmb:0 smb:3600 d:- ref:0 ;
in:1701 out:1703 type:b dur:2 cpbdur:2 q:28.34 aq:13.00 tex:0 mv:0 misc:232 imb:0 pmb:0 smb:3600 d:- ref:0 ;
in:1703 out:1704 type:b dur:2 cpbdur:2 q:28.28 aq:13.00 tex:0 mv:0 misc:232 imb:0 pmb:0 smb:3600 d:- ref:0 ;
in:1707 out:1705 type:P dur:2 cpbdur:2 q:28.15 aq:13.00 tex:0 mv:0 misc:256 imb:0 pmb:0 smb:3600 d:- ref:0 ;
in:1705 out:1706 type:B dur:2 cpbdur:2 q:28.22 aq:13.00 tex:0 mv:0 misc:248 imb:0 pmb:0 smb:3600 d:- ref:0 ;
in:1706 out:1707 type:b dur:2 cpbdur:2 q:28.19 aq:13.00 tex:0 mv:0 misc:232 imb:0 pmb:0 smb:3600 d:- ref:0 ;
in:1708 out:1708 type:I dur:2 cpbdur:2 q:25.73 aq:14.44 tex:494774 mv:49857 misc:529 imb:3600 pmb:0 smb:0 d:- ref:;
in:1712 out:1709 type:P dur:2 cpbdur:2 q:28.45 aq:18.17 tex:489 mv:164 misc:499 imb:6 pmb:30 smb:3564 d:- ref:0 ;
in:1710 out:1710 type:B dur:2 cpbdur:2 q:28.45 aq:14.62 tex:25 mv:3 misc:244 imb:0 pmb:1 smb:3599 d:- ref:0 ;
in:1709 out:1711 type:b dur:2 cpbdur:2 q:28.45 aq:13.00 tex:0 mv:0 misc:232 imb:0 pmb:0 smb:3600 d:- ref:0 ;
in:1711 out:1712 type:b dur:2 cpbdur:2 q:28.45 aq:13.00 tex:0 mv:0 misc:232 imb:0 pmb:0 smb:3600 d:- ref:0 ;
in:1716 out:1713 type:P dur:2 cpbdur:2 q:28.35 aq:10.00 tex:0 mv:0 misc:264 imb:0 pmb:0 smb:3600 d:- ref:0 ;
in:1714 out:1714 type:B dur:2 cpbdur:2 q:28.40 aq:12.00 tex:0 mv:0 misc:248 imb:0 pmb:0 smb:3600 d:- ref:0 ;
in:1713 out:1715 type:b dur:2 cpbdur:2 q:28.42 aq:13.00 tex:0 mv:0 misc:232 imb:0 pmb:0 smb:3600 d:- ref:0 ;
in:1715 out:1716 type:b dur:2 cpbdur:2 q:28.37 aq:13.00 tex:0 mv:0 misc:232 imb:0 pmb:0 smb:3600 d:- ref:0 ;
in:1720 out:1717 type:P dur:2 cpbdur:2 q:28.24 aq:12.00 tex:8 mv:30 misc:298 imb:3 pmb:0 smb:3597 d:- ref:0 ;
in:1718 out:1718 type:B dur:2 cpbdur:2 q:28.29 aq:12.00 tex:0 mv:0 misc:248 imb:0 pmb:0 smb:3600 d:- ref:0 ;
in:1717 out:1719 type:b dur:2 cpbdur:2 q:28.32 aq:13.00 tex:0 mv:0 misc:232 imb:0 pmb:0 smb:3600 d:- ref:0 ;
in:1719 out:1720 type:b dur:2 cpbdur:2 q:28.27 aq:13.00 tex:0 mv:0 misc:232 imb:0 pmb:0 smb:3600 d:- ref:0 ;
in:1724 out:1721 type:P dur:2 cpbdur:2 q:28.17 aq:18.26 tex:321 mv:129 misc:430 imb:11 pmb:5 smb:3584 d:- ref:0 w:6,59,1,6,61,6,60,8 ;
in:1722 out:1722 type:B dur:2 cpbdur:2 q:28.21 aq:12.00 tex:57 mv:181 misc:914 imb:0 pmb:235 smb:3365 d:- ref:0 ;
in:1721 out:1723 type:b dur:2 cpbdur:2 q:28.22 aq:13.00 tex:0 mv:0 misc:232 imb:0 pmb:0 smb:3600 d:- ref:0 ;
in:1723 out:1724 type:b dur:2 cpbdur:2 q:28.19 aq:14.18 tex:164 mv:223 misc:629 imb:7 pmb:158 smb:3435 d:- ref:0 ;
in:1728 out:1725 type:P dur:2 cpbdur:2 q:28.08 aq:15.40 tex:4195 mv:1904 misc:1413 imb:409 pmb:150 smb:3041 d:- ref:0 w:4,13,3,6,51,26,51,26 ;
in:1726 out:1726 type:B dur:2 cpbdur:2 q:28.13 aq:16.54 tex:5436 mv:4341 misc:2159 imb:519 pmb:709 smb:2372 d:- ref:0 ;
in:1725 out:1727 type:b dur:2 cpbdur:2 q:28.15 aq:19.27 tex:2013 mv:351 misc:868 imb:11 pmb:373 smb:3216 d:- ref:0 ;
in:1727 out:1728 type:b dur:2 cpbdur:2 q:28.10 aq:13.00 tex:39 mv:163 misc:446 imb:7 pmb:59 smb:3534 d:- ref:0 ;
in:1732 out:1729 type:P dur:2 cpbdur:2 q:28.00 aq:17.05 tex:2168 mv:1240 misc:1064 imb:406 pmb:77 smb:3117 d:- ref:0 w:5,25,3,7,101,27,101,27 ;
in:1730 out:1730 type:B dur:2 cpbdur:2 q:28.04 aq:16.69 tex:455 mv:296 misc:537 imb:10 pmb:51 smb:3539 d:- ref:0 ;
in:1729 out:1731 type:b dur:2 cpbdur:2 q:28.06 aq:17.33 tex:2602 mv:917 misc:1513 imb:10 pmb:697 smb:2893 d:- ref:0 ;
in:1731 out:1732 type:b dur:2 cpbdur:2 q:28.02 aq:17.75 tex:2038 mv:692 misc:1190 imb:72 pmb:491 smb:3037 d:- ref:0 ;
in:1736 out:1733 type:P dur:2 cpbdur:2 q:27.90 aq:15.94 tex:6802 mv:3883 misc:2355 imb:1105 pmb:594 smb:1901 d:- ref:0 w:7,91,5,6,45,38,45,38 ;
in:1734 out:1734 type:B dur:2 cpbdur:2 q:27.95 aq:17.79 tex:11991 mv:1466 misc:2583 imb:75 pmb:1861 smb:1664 d:- ref:0 ;
in:1733 out:1735 type:b dur:2 cpbdur:2 q:27.97 aq:18.15 tex:414 mv:851 misc:599 imb:136 pmb:72 smb:3392 d:- ref:0 ;
in:1735 out:1736 type:b dur:2 cpbdur:2 q:27.93 aq:16.32 tex:432 mv:461 misc:1611 imb:7 pmb:483 smb:3110 d:- ref:0 ;
in:1739 out:1737 type:P dur:2 cpbdur:2 q:27.80 aq:17.12 tex:1499 mv:652 misc:977 imb:101 pmb:58 smb:3441 d:- ref:0 w:7,89,5,6,44,40,45,38 ;
in:1737 out:1738 type:B dur:2 cpbdur:2 q:27.87 aq:17.21 tex:2157 mv:1717 misc:1054 imb:174 pmb:410 smb:3016 d:- ref:0 ;
in:1738 out:1739 type:b dur:2 cpbdur:2 q:27.84 aq:16.36 tex:2877 mv:1139 misc:1856 imb:20 pmb:857 smb:2723 d:- ref:0 ;
in:1743 out:1740 type:P dur:2 cpbdur:2 q:27.74 aq:14.69 tex:2194 mv:1663 misc:1359 imb:606 pmb:198 smb:2796 d:- ref:0 w:4,7,9,7,54,74,61,67 ;
in:1741 out:1741 type:B dur:2 cpbdur:2 q:27.77 aq:17.22 tex:8162 mv:4082 misc:2108 imb:502 pmb:962 smb:2136 d:- ref:0 ;
in:1740 out:1742 type:b dur:2 cpbdur:2 q:27.79 aq:18.39 tex:4229 mv:1442 misc:2097 imb:23 pmb:804 smb:2773 d:- ref:0 ;
in:1742 out:1743 type:b dur:2 cpbdur:2 q:27.76 aq:18.01 tex:7138 mv:1069 misc:2001 imb:88 pmb:1231 smb:2281 d:- ref:0 ;
in:1745 out:1744 type:P dur:2 cpbdur:2 q:27.64 aq:16.45 tex:687 mv:417 misc:608 imb:115 pmb:17 smb:3468 d:- ref:0 w:3,3,10,7,34,94,31,97 ;
in:1744 out:1745 type:b dur:2 cpbdur:2 q:27.69 aq:15.88 tex:560 mv:1456 misc:1208 imb:179 pmb:283 smb:3138 d:- ref:0 ;
