Godot Engine v4.7.2.stable.official.ed1daf0bf - https://godotengine.org

[   0% ] [90m[1mfirst_scan_filesystem[22m | Started Project initialization (5 steps)[39m[0m
[   0% ] [90m[1mfirst_scan_filesystem[22m | Scanning file structure...[39m[0m
[  16% ] [90m[1mfirst_scan_filesystem[22m | Loading global class names...[39m[0m
[  33% ] [90m[1mfirst_scan_filesystem[22m | Verifying GDExtensions...[39m[0m
[  50% ] [90m[1mfirst_scan_filesystem[22m | Creating autoload scripts...[39m[0m
[  66% ] [90m[1mfirst_scan_filesystem[22m | Initializing plugins...[39m[0m
[  83% ] [90m[1mfirst_scan_filesystem[22m | Starting file scan...[39m[0m
[92m[ DONE ][39m [1mfirst_scan_filesystem[22m
[0m
[   0% ] [90m[1m_update_scan_actions[22m | Started Scanning actions... (699 steps)[39m[0m
[   0% ] [90m[1m_update_scan_actions[22m | faction_ashford_crane_ak47.png[39m[0m
[   0% ] [90m[1m_update_scan_actions[22m | faction_ashford_crane_aug.png[39m[0m
[   0% ] [90m[1m_update_scan_actions[22m | faction_ashford_crane_awm.png[39m[0m
[   0% ] [90m[1m_update_scan_actions[22m | faction_ashford_crane_benelli_m2.png[39m[0m
[   0% ] [90m[1m_update_scan_actions[22m | faction_ashford_crane_benelli_m4.png[39m[0m
[   0% ] [90m[1m_update_scan_actions[22m | faction_ashford_crane_cz75.png[39m[0m
[   0% ] [90m[1m_update_scan_actions[22m | faction_ashford_crane_desert_eagle.png[39m[0m
[   1% ] [90m[1m_update_scan_actions[22m | faction_ashford_crane_five_seven.png[39m[0m
[   1% ] [90m[1m_update_scan_actions[22m | faction_ashford_crane_g36c.png[39m[0m
[   1% ] [90m[1m_update_scan_actions[22m | faction_ashford_crane_glock_17.png[39m[0m
[   1% ] [90m[1m_update_scan_actions[22m | faction_ashford_crane_m4a1.png[39m[0m
[   1% ] [90m[1m_update_scan_actions[22m | faction_ashford_crane_m1911.png[39m[0m
[   1% ] [90m[1m_update_scan_actions[22m | faction_ashford_crane_mac10.png[39m[0m
[   1% ] [90m[1m_update_scan_actions[22m | faction_ashford_crane_mini14.png[39m[0m
[   2% ] [90m[1m_update_scan_actions[22m | faction_ashford_crane_moss500.png[39m[0m
[   2% ] [90m[1m_update_scan_actions[22m | faction_ashford_crane_mp5.png[39m[0m
[   2% ] [90m[1m_update_scan_actions[22m | faction_ashford_crane_mp5k.png[39m[0m
[   2% ] [90m[1m_update_scan_actions[22m | faction_ashford_crane_p90.png[39m[0m
[   2% ] [90m[1m_update_scan_actions[22m | faction_ashford_crane_psg1.png[39m[0m
[   2% ] [90m[1m_update_scan_actions[22m | faction_ashford_crane_rem700.png[39m[0m
[   2% ] [90m[1m_update_scan_actions[22m | faction_ashford_crane_rem870.png[39m[0m
[   3% ] [90m[1m_update_scan_actions[22m | faction_ashford_crane_saiga12.png[39m[0m
[   3% ] [90m[1m_update_scan_actions[22m | faction_ashford_crane_scar_h.png[39m[0m
[   3% ] [90m[1m_update_scan_actions[22m | faction_ashford_crane_sks.png[39m[0m
[   3% ] [90m[1m_update_scan_actions[22m | faction_ashford_crane_spas12.png[39m[0m
[   3% ] [90m[1m_update_scan_actions[22m | faction_ashford_crane_ssg69.png[39m[0m
[   3% ] [90m[1m_update_scan_actions[22m | faction_ashford_crane_svd.png[39m[0m
[   3% ] [90m[1m_update_scan_actions[22m | faction_ashford_crane_usp.png[39m[0m
[   4% ] [90m[1m_update_scan_actions[22m | faction_ashford_crane_uzi.png[39m[0m
[   4% ] [90m[1m_update_scan_actions[22m | faction_ashford_crane_vector.png[39m[0m
[   4% ] [90m[1m_update_scan_actions[22m | faction_bitian_ak47.png[39m[0m
[   4% ] [90m[1m_update_scan_actions[22m | faction_bitian_aug.png[39m[0m
[   4% ] [90m[1m_update_scan_actions[22m | faction_bitian_awm.png[39m[0m
[   4% ] [90m[1m_update_scan_actions[22m | faction_bitian_benelli_m2.png[39m[0m
[   4% ] [90m[1m_update_scan_actions[22m | faction_bitian_benelli_m4.png[39m[0m
[   5% ] [90m[1m_update_scan_actions[22m | faction_bitian_cz75.png[39m[0m
[   5% ] [90m[1m_update_scan_actions[22m | faction_bitian_desert_eagle.png[39m[0m
[   5% ] [90m[1m_update_scan_actions[22m | faction_bitian_five_seven.png[39m[0m
[   5% ] [90m[1m_update_scan_actions[22m | faction_bitian_g36c.png[39m[0m
[   5% ] [90m[1m_update_scan_actions[22m | faction_bitian_glock_17.png[39m[0m
[   5% ] [90m[1m_update_scan_actions[22m | faction_bitian_m4a1.png[39m[0m
[   5% ] [90m[1m_update_scan_actions[22m | faction_bitian_m1911.png[39m[0m
[   6% ] [90m[1m_update_scan_actions[22m | faction_bitian_mac10.png[39m[0m
[   6% ] [90m[1m_update_scan_actions[22m | faction_bitian_mini14.png[39m[0m
[   6% ] [90m[1m_update_scan_actions[22m | faction_bitian_moss500.png[39m[0m
[   6% ] [90m[1m_update_scan_actions[22m | faction_bitian_mp5.png[39m[0m
[   6% ] [90m[1m_update_scan_actions[22m | faction_bitian_mp5k.png[39m[0m
[   6% ] [90m[1m_update_scan_actions[22m | faction_bitian_p90.png[39m[0m
[   6% ] [90m[1m_update_scan_actions[22m | faction_bitian_psg1.png[39m[0m
[   7% ] [90m[1m_update_scan_actions[22m | faction_bitian_rem700.png[39m[0m
[   7% ] [90m[1m_update_scan_actions[22m | faction_bitian_rem870.png[39m[0m
[   7% ] [90m[1m_update_scan_actions[22m | faction_bitian_saiga12.png[39m[0m
[   7% ] [90m[1m_update_scan_actions[22m | faction_bitian_scar_h.png[39m[0m
[   7% ] [90m[1m_update_scan_actions[22m | faction_bitian_sks.png[39m[0m
[   7% ] [90m[1m_update_scan_actions[22m | faction_bitian_spas12.png[39m[0m
[   7% ] [90m[1m_update_scan_actions[22m | faction_bitian_ssg69.png[39m[0m
[   8% ] [90m[1m_update_scan_actions[22m | faction_bitian_svd.png[39m[0m
[   8% ] [90m[1m_update_scan_actions[22m | faction_bitian_usp.png[39m[0m
[   8% ] [90m[1m_update_scan_actions[22m | faction_bitian_uzi.png[39m[0m
[   8% ] [90m[1m_update_scan_actions[22m | faction_bitian_vector.png[39m[0m
[   8% ] [90m[1m_update_scan_actions[22m | faction_blacktop_ak47.png[39m[0m
[   8% ] [90m[1m_update_scan_actions[22m | faction_blacktop_aug.png[39m[0m
[   8% ] [90m[1m_update_scan_actions[22m | faction_blacktop_awm.png[39m[0m
[   9% ] [90m[1m_update_scan_actions[22m | faction_blacktop_benelli_m2.png[39m[0m
[   9% ] [90m[1m_update_scan_actions[22m | faction_blacktop_benelli_m4.png[39m[0m
[   9% ] [90m[1m_update_scan_actions[22m | faction_blacktop_cz75.png[39m[0m
[   9% ] [90m[1m_update_scan_actions[22m | faction_blacktop_desert_eagle.png[39m[0m
[   9% ] [90m[1m_update_scan_actions[22m | faction_blacktop_five_seven.png[39m[0m
[   9% ] [90m[1m_update_scan_actions[22m | faction_blacktop_g36c.png[39m[0m
[   9% ] [90m[1m_update_scan_actions[22m | faction_blacktop_glock_17.png[39m[0m
[  10% ] [90m[1m_update_scan_actions[22m | faction_blacktop_m4a1.png[39m[0m
[  10% ] [90m[1m_update_scan_actions[22m | faction_blacktop_m1911.png[39m[0m
[  10% ] [90m[1m_update_scan_actions[22m | faction_blacktop_mac10.png[39m[0m
[  10% ] [90m[1m_update_scan_actions[22m | faction_blacktop_mini14.png[39m[0m
[  10% ] [90m[1m_update_scan_actions[22m | faction_blacktop_moss500.png[39m[0m
[  10% ] [90m[1m_update_scan_actions[22m | faction_blacktop_mp5.png[39m[0m
[  10% ] [90m[1m_update_scan_actions[22m | faction_blacktop_mp5k.png[39m[0m
[  11% ] [90m[1m_update_scan_actions[22m | faction_blacktop_p90.png[39m[0m
[  11% ] [90m[1m_update_scan_actions[22m | faction_blacktop_psg1.png[39m[0m
[  11% ] [90m[1m_update_scan_actions[22m | faction_blacktop_rem700.png[39m[0m
[  11% ] [90m[1m_update_scan_actions[22m | faction_blacktop_rem870.png[39m[0m
[  11% ] [90m[1m_update_scan_actions[22m | faction_blacktop_saiga12.png[39m[0m
[  11% ] [90m[1m_update_scan_actions[22m | faction_blacktop_scar_h.png[39m[0m
[  11% ] [90m[1m_update_scan_actions[22m | faction_blacktop_sks.png[39m[0m
[  12% ] [90m[1m_update_scan_actions[22m | faction_blacktop_spas12.png[39m[0m
[  12% ] [90m[1m_update_scan_actions[22m | faction_blacktop_ssg69.png[39m[0m
[  12% ] [90m[1m_update_scan_actions[22m | faction_blacktop_svd.png[39m[0m
[  12% ] [90m[1m_update_scan_actions[22m | faction_blacktop_usp.png[39m[0m
[  12% ] [90m[1m_update_scan_actions[22m | faction_blacktop_uzi.png[39m[0m
[  12% ] [90m[1m_update_scan_actions[22m | faction_blacktop_vector.png[39m[0m
[  12% ] [90m[1m_update_scan_actions[22m | faction_calle_ocho_ak47.png[39m[0m
[  13% ] [90m[1m_update_scan_actions[22m | faction_calle_ocho_aug.png[39m[0m
[  13% ] [90m[1m_update_scan_actions[22m | faction_calle_ocho_awm.png[39m[0m
[  13% ] [90m[1m_update_scan_actions[22m | faction_calle_ocho_benelli_m2.png[39m[0m
[  13% ] [90m[1m_update_scan_actions[22m | faction_calle_ocho_benelli_m4.png[39m[0m
[  13% ] [90m[1m_update_scan_actions[22m | faction_calle_ocho_cz75.png[39m[0m
[  13% ] [90m[1m_update_scan_actions[22m | faction_calle_ocho_desert_eagle.png[39m[0m
[  13% ] [90m[1m_update_scan_actions[22m | faction_calle_ocho_five_seven.png[39m[0m
[  14% ] [90m[1m_update_scan_actions[22m | faction_calle_ocho_g36c.png[39m[0m
[  14% ] [90m[1m_update_scan_actions[22m | faction_calle_ocho_glock_17.png[39m[0m
[  14% ] [90m[1m_update_scan_actions[22m | faction_calle_ocho_m4a1.png[39m[0m
[  14% ] [90m[1m_update_scan_actions[22m | faction_calle_ocho_m1911.png[39m[0m
[  14% ] [90m[1m_update_scan_actions[22m | faction_calle_ocho_mac10.png[39m[0m
[  14% ] [90m[1m_update_scan_actions[22m | faction_calle_ocho_mini14.png[39m[0m
[  14% ] [90m[1m_update_scan_actions[22m | faction_calle_ocho_moss500.png[39m[0m
[  15% ] [90m[1m_update_scan_actions[22m | faction_calle_ocho_mp5.png[39m[0m
[  15% ] [90m[1m_update_scan_actions[22m | faction_calle_ocho_mp5k.png[39m[0m
[  15% ] [90m[1m_update_scan_actions[22m | faction_calle_ocho_p90.png[39m[0m
[  15% ] [90m[1m_update_scan_actions[22m | faction_calle_ocho_psg1.png[39m[0m
[  15% ] [90m[1m_update_scan_actions[22m | faction_calle_ocho_rem700.png[39m[0m
[  15% ] [90m[1m_update_scan_actions[22m | faction_calle_ocho_rem870.png[39m[0m
[  15% ] [90m[1m_update_scan_actions[22m | faction_calle_ocho_saiga12.png[39m[0m
[  16% ] [90m[1m_update_scan_actions[22m | faction_calle_ocho_scar_h.png[39m[0m
[  16% ] [90m[1m_update_scan_actions[22m | faction_calle_ocho_sks.png[39m[0m
[  16% ] [90m[1m_update_scan_actions[22m | faction_calle_ocho_spas12.png[39m[0m
[  16% ] [90m[1m_update_scan_actions[22m | faction_calle_ocho_ssg69.png[39m[0m
[  16% ] [90m[1m_update_scan_actions[22m | faction_calle_ocho_svd.png[39m[0m
[  16% ] [90m[1m_update_scan_actions[22m | faction_calle_ocho_usp.png[39m[0m
[  16% ] [90m[1m_update_scan_actions[22m | faction_calle_ocho_uzi.png[39m[0m
[  17% ] [90m[1m_update_scan_actions[22m | faction_calle_ocho_vector.png[39m[0m
[  17% ] [90m[1m_update_scan_actions[22m | faction_eastex_ak47.png[39m[0m
[  17% ] [90m[1m_update_scan_actions[22m | faction_eastex_aug.png[39m[0m
[  17% ] [90m[1m_update_scan_actions[22m | faction_eastex_awm.png[39m[0m
[  17% ] [90m[1m_update_scan_actions[22m | faction_eastex_benelli_m2.png[39m[0m
[  17% ] [90m[1m_update_scan_actions[22m | faction_eastex_benelli_m4.png[39m[0m
[  17% ] [90m[1m_update_scan_actions[22m | faction_eastex_cz75.png[39m[0m
[  18% ] [90m[1m_update_scan_actions[22m | faction_eastex_desert_eagle.png[39m[0m
[  18% ] [90m[1m_update_scan_actions[22m | faction_eastex_five_seven.png[39m[0m
[  18% ] [90m[1m_update_scan_actions[22m | faction_eastex_g36c.png[39m[0m
[  18% ] [90m[1m_update_scan_actions[22m | faction_eastex_glock_17.png[39m[0m
[  18% ] [90m[1m_update_scan_actions[22m | faction_eastex_m4a1.png[39m[0m
[  18% ] [90m[1m_update_scan_actions[22m | faction_eastex_m1911.png[39m[0m
[  18% ] [90m[1m_update_scan_actions[22m | faction_eastex_mac10.png[39m[0m
[  19% ] [90m[1m_update_scan_actions[22m | faction_eastex_mini14.png[39m[0m
[  19% ] [90m[1m_update_scan_actions[22m | faction_eastex_moss500.png[39m[0m
[  19% ] [90m[1m_update_scan_actions[22m | faction_eastex_mp5.png[39m[0m
[  19% ] [90m[1m_update_scan_actions[22m | faction_eastex_mp5k.png[39m[0m
[  19% ] [90m[1m_update_scan_actions[22m | faction_eastex_p90.png[39m[0m
[  19% ] [90m[1m_update_scan_actions[22m | faction_eastex_psg1.png[39m[0m
[  19% ] [90m[1m_update_scan_actions[22m | faction_eastex_rem700.png[39m[0m
[  20% ] [90m[1m_update_scan_actions[22m | faction_eastex_rem870.png[39m[0m
[  20% ] [90m[1m_update_scan_actions[22m | faction_eastex_saiga12.png[39m[0m
[  20% ] [90m[1m_update_scan_actions[22m | faction_eastex_scar_h.png[39m[0m
[  20% ] [90m[1m_update_scan_actions[22m | faction_eastex_sks.png[39m[0m
[  20% ] [90m[1m_update_scan_actions[22m | faction_eastex_spas12.png[39m[0m
[  20% ] [90m[1m_update_scan_actions[22m | faction_eastex_ssg69.png[39m[0m
[  20% ] [90m[1m_update_scan_actions[22m | faction_eastex_svd.png[39m[0m
[  21% ] [90m[1m_update_scan_actions[22m | faction_eastex_usp.png[39m[0m
[  21% ] [90m[1m_update_scan_actions[22m | faction_eastex_uzi.png[39m[0m
[  21% ] [90m[1m_update_scan_actions[22m | faction_eastex_vector.png[39m[0m
[  21% ] [90m[1m_update_scan_actions[22m | faction_kurgan_ak47.png[39m[0m
[  21% ] [90m[1m_update_scan_actions[22m | faction_kurgan_aug.png[39m[0m
[  21% ] [90m[1m_update_scan_actions[22m | faction_kurgan_awm.png[39m[0m
[  21% ] [90m[1m_update_scan_actions[22m | faction_kurgan_benelli_m2.png[39m[0m
[  22% ] [90m[1m_update_scan_actions[22m | faction_kurgan_benelli_m4.png[39m[0m
[  22% ] [90m[1m_update_scan_actions[22m | faction_kurgan_cz75.png[39m[0m
[  22% ] [90m[1m_update_scan_actions[22m | faction_kurgan_desert_eagle.png[39m[0m
[  22% ] [90m[1m_update_scan_actions[22m | faction_kurgan_five_seven.png[39m[0m
[  22% ] [90m[1m_update_scan_actions[22m | faction_kurgan_g36c.png[39m[0m
[  22% ] [90m[1m_update_scan_actions[22m | faction_kurgan_glock_17.png[39m[0m
[  22% ] [90m[1m_update_scan_actions[22m | faction_kurgan_m4a1.png[39m[0m
[  23% ] [90m[1m_update_scan_actions[22m | faction_kurgan_m1911.png[39m[0m
[  23% ] [90m[1m_update_scan_actions[22m | faction_kurgan_mac10.png[39m[0m
[  23% ] [90m[1m_update_scan_actions[22m | faction_kurgan_mini14.png[39m[0m
[  23% ] [90m[1m_update_scan_actions[22m | faction_kurgan_moss500.png[39m[0m
[  23% ] [90m[1m_update_scan_actions[22m | faction_kurgan_mp5.png[39m[0m
[  23% ] [90m[1m_update_scan_actions[22m | faction_kurgan_mp5k.png[39m[0m
[  23% ] [90m[1m_update_scan_actions[22m | faction_kurgan_p90.png[39m[0m
[  24% ] [90m[1m_update_scan_actions[22m | faction_kurgan_psg1.png[39m[0m
[  24% ] [90m[1m_update_scan_actions[22m | faction_kurgan_rem700.png[39m[0m
[  24% ] [90m[1m_update_scan_actions[22m | faction_kurgan_rem870.png[39m[0m
[  24% ] [90m[1m_update_scan_actions[22m | faction_kurgan_saiga12.png[39m[0m
[  24% ] [90m[1m_update_scan_actions[22m | faction_kurgan_scar_h.png[39m[0m
[  24% ] [90m[1m_update_scan_actions[22m | faction_kurgan_sks.png[39m[0m
[  24% ] [90m[1m_update_scan_actions[22m | faction_kurgan_spas12.png[39m[0m
[  25% ] [90m[1m_update_scan_actions[22m | faction_kurgan_ssg69.png[39m[0m
[  25% ] [90m[1m_update_scan_actions[22m | faction_kurgan_svd.png[39m[0m
[  25% ] [90m[1m_update_scan_actions[22m | faction_kurgan_usp.png[39m[0m
[  25% ] [90m[1m_update_scan_actions[22m | faction_kurgan_uzi.png[39m[0m
[  25% ] [90m[1m_update_scan_actions[22m | faction_kurgan_vector.png[39m[0m
[  25% ] [90m[1m_update_scan_actions[22m | faction_lombardia_ak47.png[39m[0m
[  25% ] [90m[1m_update_scan_actions[22m | faction_lombardia_aug.png[39m[0m
[  26% ] [90m[1m_update_scan_actions[22m | faction_lombardia_awm.png[39m[0m
[  26% ] [90m[1m_update_scan_actions[22m | faction_lombardia_benelli_m2.png[39m[0m
[  26% ] [90m[1m_update_scan_actions[22m | faction_lombardia_benelli_m4.png[39m[0m
[  26% ] [90m[1m_update_scan_actions[22m | faction_lombardia_cz75.png[39m[0m
[  26% ] [90m[1m_update_scan_actions[22m | faction_lombardia_desert_eagle.png[39m[0m
[  26% ] [90m[1m_update_scan_actions[22m | faction_lombardia_five_seven.png[39m[0m
[  26% ] [90m[1m_update_scan_actions[22m | faction_lombardia_g36c.png[39m[0m
[  27% ] [90m[1m_update_scan_actions[22m | faction_lombardia_glock_17.png[39m[0m
[  27% ] [90m[1m_update_scan_actions[22m | faction_lombardia_m4a1.png[39m[0m
[  27% ] [90m[1m_update_scan_actions[22m | faction_lombardia_m1911.png[39m[0m
[  27% ] [90m[1m_update_scan_actions[22m | faction_lombardia_mac10.png[39m[0m
[  27% ] [90m[1m_update_scan_actions[22m | faction_lombardia_mini14.png[39m[0m
[  27% ] [90m[1m_update_scan_actions[22m | faction_lombardia_moss500.png[39m[0m
[  27% ] [90m[1m_update_scan_actions[22m | faction_lombardia_mp5.png[39m[0m
[  28% ] [90m[1m_update_scan_actions[22m | faction_lombardia_mp5k.png[39m[0m
[  28% ] [90m[1m_update_scan_actions[22m | faction_lombardia_p90.png[39m[0m
[  28% ] [90m[1m_update_scan_actions[22m | faction_lombardia_psg1.png[39m[0m
[  28% ] [90m[1m_update_scan_actions[22m | faction_lombardia_rem700.png[39m[0m
[  28% ] [90m[1m_update_scan_actions[22m | faction_lombardia_rem870.png[39m[0m
[  28% ] [90m[1m_update_scan_actions[22m | faction_lombardia_saiga12.png[39m[0m
[  28% ] [90m[1m_update_scan_actions[22m | faction_lombardia_scar_h.png[39m[0m
[  29% ] [90m[1m_update_scan_actions[22m | faction_lombardia_sks.png[39m[0m
[  29% ] [90m[1m_update_scan_actions[22m | faction_lombardia_spas12.png[39m[0m
[  29% ] [90m[1m_update_scan_actions[22m | faction_lombardia_ssg69.png[39m[0m
[  29% ] [90m[1m_update_scan_actions[22m | faction_lombardia_svd.png[39m[0m
[  29% ] [90m[1m_update_scan_actions[22m | faction_lombardia_usp.png[39m[0m
[  29% ] [90m[1m_update_scan_actions[22m | faction_lombardia_uzi.png[39m[0m
[  29% ] [90m[1m_update_scan_actions[22m | faction_lombardia_vector.png[39m[0m
[  30% ] [90m[1m_update_scan_actions[22m | faction_mcallister_ak47.png[39m[0m
[  30% ] [90m[1m_update_scan_actions[22m | faction_mcallister_aug.png[39m[0m
[  30% ] [90m[1m_update_scan_actions[22m | faction_mcallister_awm.png[39m[0m
[  30% ] [90m[1m_update_scan_actions[22m | faction_mcallister_benelli_m2.png[39m[0m
[  30% ] [90m[1m_update_scan_actions[22m | faction_mcallister_benelli_m4.png[39m[0m
[  30% ] [90m[1m_update_scan_actions[22m | faction_mcallister_cz75.png[39m[0m
[  30% ] [90m[1m_update_scan_actions[22m | faction_mcallister_desert_eagle.png[39m[0m
[  31% ] [90m[1m_update_scan_actions[22m | faction_mcallister_five_seven.png[39m[0m
[  31% ] [90m[1m_update_scan_actions[22m | faction_mcallister_g36c.png[39m[0m
[  31% ] [90m[1m_update_scan_actions[22m | faction_mcallister_glock_17.png[39m[0m
[  31% ] [90m[1m_update_scan_actions[22m | faction_mcallister_m4a1.png[39m[0m
[  31% ] [90m[1m_update_scan_actions[22m | faction_mcallister_m1911.png[39m[0m
[  31% ] [90m[1m_update_scan_actions[22m | faction_mcallister_mac10.png[39m[0m
[  31% ] [90m[1m_update_scan_actions[22m | faction_mcallister_mini14.png[39m[0m
[  32% ] [90m[1m_update_scan_actions[22m | faction_mcallister_moss500.png[39m[0m
[  32% ] [90m[1m_update_scan_actions[22m | faction_mcallister_mp5.png[39m[0m
[  32% ] [90m[1m_update_scan_actions[22m | faction_mcallister_mp5k.png[39m[0m
[  32% ] [90m[1m_update_scan_actions[22m | faction_mcallister_p90.png[39m[0m
[  32% ] [90m[1m_update_scan_actions[22m | faction_mcallister_psg1.png[39m[0m
[  32% ] [90m[1m_update_scan_actions[22m | faction_mcallister_rem700.png[39m[0m
[  32% ] [90m[1m_update_scan_actions[22m | faction_mcallister_rem870.png[39m[0m
[  33% ] [90m[1m_update_scan_actions[22m | faction_mcallister_saiga12.png[39m[0m
[  33% ] [90m[1m_update_scan_actions[22m | faction_mcallister_scar_h.png[39m[0m
[  33% ] [90m[1m_update_scan_actions[22m | faction_mcallister_sks.png[39m[0m
[  33% ] [90m[1m_update_scan_actions[22m | faction_mcallister_spas12.png[39m[0m
[  33% ] [90m[1m_update_scan_actions[22m | faction_mcallister_ssg69.png[39m[0m
[  33% ] [90m[1m_update_scan_actions[22m | faction_mcallister_svd.png[39m[0m
[  33% ] [90m[1m_update_scan_actions[22m | faction_mcallister_usp.png[39m[0m
[  34% ] [90m[1m_update_scan_actions[22m | faction_mcallister_uzi.png[39m[0m
[  34% ] [90m[1m_update_scan_actions[22m | faction_mcallister_vector.png[39m[0m
[  34% ] [90m[1m_update_scan_actions[22m | faction_mercer44_ak47.png[39m[0m
[  34% ] [90m[1m_update_scan_actions[22m | faction_mercer44_aug.png[39m[0m
[  34% ] [90m[1m_update_scan_actions[22m | faction_mercer44_awm.png[39m[0m
[  34% ] [90m[1m_update_scan_actions[22m | faction_mercer44_benelli_m2.png[39m[0m
[  34% ] [90m[1m_update_scan_actions[22m | faction_mercer44_benelli_m4.png[39m[0m
[  35% ] [90m[1m_update_scan_actions[22m | faction_mercer44_cz75.png[39m[0m
[  35% ] [90m[1m_update_scan_actions[22m | faction_mercer44_desert_eagle.png[39m[0m
[  35% ] [90m[1m_update_scan_actions[22m | faction_mercer44_five_seven.png[39m[0m
[  35% ] [90m[1m_update_scan_actions[22m | faction_mercer44_g36c.png[39m[0m
[  35% ] [90m[1m_update_scan_actions[22m | faction_mercer44_glock_17.png[39m[0m
[  35% ] [90m[1m_update_scan_actions[22m | faction_mercer44_m4a1.png[39m[0m
[  35% ] [90m[1m_update_scan_actions[22m | faction_mercer44_m1911.png[39m[0m
[  36% ] [90m[1m_update_scan_actions[22m | faction_mercer44_mac10.png[39m[0m
[  36% ] [90m[1m_update_scan_actions[22m | faction_mercer44_mini14.png[39m[0m
[  36% ] [90m[1m_update_scan_actions[22m | faction_mercer44_moss500.png[39m[0m
[  36% ] [90m[1m_update_scan_actions[22m | faction_mercer44_mp5.png[39m[0m
[  36% ] [90m[1m_update_scan_actions[22m | faction_mercer44_mp5k.png[39m[0m
[  36% ] [90m[1m_update_scan_actions[22m | faction_mercer44_p90.png[39m[0m
[  36% ] [90m[1m_update_scan_actions[22m | faction_mercer44_psg1.png[39m[0m
[  37% ] [90m[1m_update_scan_actions[22m | faction_mercer44_rem700.png[39m[0m
[  37% ] [90m[1m_update_scan_actions[22m | faction_mercer44_rem870.png[39m[0m
[  37% ] [90m[1m_update_scan_actions[22m | faction_mercer44_saiga12.png[39m[0m
[  37% ] [90m[1m_update_scan_actions[22m | faction_mercer44_scar_h.png[39m[0m
[  37% ] [90m[1m_update_scan_actions[22m | faction_mercer44_sks.png[39m[0m
[  37% ] [90m[1m_update_scan_actions[22m | faction_mercer44_spas12.png[39m[0m
[  37% ] [90m[1m_update_scan_actions[22m | faction_mercer44_ssg69.png[39m[0m
[  38% ] [90m[1m_update_scan_actions[22m | faction_mercer44_svd.png[39m[0m
[  38% ] [90m[1m_update_scan_actions[22m | faction_mercer44_usp.png[39m[0m
[  38% ] [90m[1m_update_scan_actions[22m | faction_mercer44_uzi.png[39m[0m
[  38% ] [90m[1m_update_scan_actions[22m | faction_mercer44_vector.png[39m[0m
[  38% ] [90m[1m_update_scan_actions[22m | faction_nbpd_ak47.png[39m[0m
[  38% ] [90m[1m_update_scan_actions[22m | faction_nbpd_aug.png[39m[0m
[  38% ] [90m[1m_update_scan_actions[22m | faction_nbpd_awm.png[39m[0m
[  39% ] [90m[1m_update_scan_actions[22m | faction_nbpd_benelli_m2.png[39m[0m
[  39% ] [90m[1m_update_scan_actions[22m | faction_nbpd_benelli_m4.png[39m[0m
[  39% ] [90m[1m_update_scan_actions[22m | faction_nbpd_cz75.png[39m[0m
[  39% ] [90m[1m_update_scan_actions[22m | faction_nbpd_desert_eagle.png[39m[0m
[  39% ] [90m[1m_update_scan_actions[22m | faction_nbpd_five_seven.png[39m[0m
[  39% ] [90m[1m_update_scan_actions[22m | faction_nbpd_g36c.png[39m[0m
[  39% ] [90m[1m_update_scan_actions[22m | faction_nbpd_glock_17.png[39m[0m
[  40% ] [90m[1m_update_scan_actions[22m | faction_nbpd_m4a1.png[39m[0m
[  40% ] [90m[1m_update_scan_actions[22m | faction_nbpd_m1911.png[39m[0m
[  40% ] [90m[1m_update_scan_actions[22m | faction_nbpd_mac10.png[39m[0m
[  40% ] [90m[1m_update_scan_actions[22m | faction_nbpd_mini14.png[39m[0m
[  40% ] [90m[1m_update_scan_actions[22m | faction_nbpd_moss500.png[39m[0m
[  40% ] [90m[1m_update_scan_actions[22m | faction_nbpd_mp5.png[39m[0m
[  40% ] [90m[1m_update_scan_actions[22m | faction_nbpd_mp5k.png[39m[0m
[  41% ] [90m[1m_update_scan_actions[22m | faction_nbpd_p90.png[39m[0m
[  41% ] [90m[1m_update_scan_actions[22m | faction_nbpd_psg1.png[39m[0m
[  41% ] [90m[1m_update_scan_actions[22m | faction_nbpd_rem700.png[39m[0m
[  41% ] [90m[1m_update_scan_actions[22m | faction_nbpd_rem870.png[39m[0m
[  41% ] [90m[1m_update_scan_actions[22m | faction_nbpd_saiga12.png[39m[0m
[  41% ] [90m[1m_update_scan_actions[22m | faction_nbpd_scar_h.png[39m[0m
[  41% ] [90m[1m_update_scan_actions[22m | faction_nbpd_sks.png[39m[0m
[  42% ] [90m[1m_update_scan_actions[22m | faction_nbpd_spas12.png[39m[0m
[  42% ] [90m[1m_update_scan_actions[22m | faction_nbpd_ssg69.png[39m[0m
[  42% ] [90m[1m_update_scan_actions[22m | faction_nbpd_svd.png[39m[0m
[  42% ] [90m[1m_update_scan_actions[22m | faction_nbpd_usp.png[39m[0m
[  42% ] [90m[1m_update_scan_actions[22m | faction_nbpd_uzi.png[39m[0m
[  42% ] [90m[1m_update_scan_actions[22m | faction_nbpd_vector.png[39m[0m
[  42% ] [90m[1m_update_scan_actions[22m | faction_orlov_sniper_awm.png[39m[0m
[  43% ] [90m[1m_update_scan_actions[22m | faction_orlov_sniper_psg1.png[39m[0m
[  43% ] [90m[1m_update_scan_actions[22m | faction_orlov_sniper_rem700.png[39m[0m
[  43% ] [90m[1m_update_scan_actions[22m | faction_orlov_sniper_sks.png[39m[0m
[  43% ] [90m[1m_update_scan_actions[22m | faction_orlov_sniper_ssg69.png[39m[0m
[  43% ] [90m[1m_update_scan_actions[22m | faction_orlov_sniper_svd.png[39m[0m
[  43% ] [90m[1m_update_scan_actions[22m | faction_ravicci_ak47.png[39m[0m
[  43% ] [90m[1m_update_scan_actions[22m | faction_ravicci_aug.png[39m[0m
[  44% ] [90m[1m_update_scan_actions[22m | faction_ravicci_awm.png[39m[0m
[  44% ] [90m[1m_update_scan_actions[22m | faction_ravicci_benelli_m2.png[39m[0m
[  44% ] [90m[1m_update_scan_actions[22m | faction_ravicci_benelli_m4.png[39m[0m
[  44% ] [90m[1m_update_scan_actions[22m | faction_ravicci_cz75.png[39m[0m
[  44% ] [90m[1m_update_scan_actions[22m | faction_ravicci_desert_eagle.png[39m[0m
[  44% ] [90m[1m_update_scan_actions[22m | faction_ravicci_five_seven.png[39m[0m
[  44% ] [90m[1m_update_scan_actions[22m | faction_ravicci_g36c.png[39m[0m
[  45% ] [90m[1m_update_scan_actions[22m | faction_ravicci_glock_17.png[39m[0m
[  45% ] [90m[1m_update_scan_actions[22m | faction_ravicci_m4a1.png[39m[0m
[  45% ] [90m[1m_update_scan_actions[22m | faction_ravicci_m1911.png[39m[0m
[  45% ] [90m[1m_update_scan_actions[22m | faction_ravicci_mac10.png[39m[0m
[  45% ] [90m[1m_update_scan_actions[22m | faction_ravicci_mini14.png[39m[0m
[  45% ] [90m[1m_update_scan_actions[22m | faction_ravicci_moss500.png[39m[0m
[  45% ] [90m[1m_update_scan_actions[22m | faction_ravicci_mp5.png[39m[0m
[  46% ] [90m[1m_update_scan_actions[22m | faction_ravicci_mp5k.png[39m[0m
[  46% ] [90m[1m_update_scan_actions[22m | faction_ravicci_p90.png[39m[0m
[  46% ] [90m[1m_update_scan_actions[22m | faction_ravicci_psg1.png[39m[0m
[  46% ] [90m[1m_update_scan_actions[22m | faction_ravicci_rem700.png[39m[0m
[  46% ] [90m[1m_update_scan_actions[22m | faction_ravicci_rem870.png[39m[0m
[  46% ] [90m[1m_update_scan_actions[22m | faction_ravicci_saiga12.png[39m[0m
[  46% ] [90m[1m_update_scan_actions[22m | faction_ravicci_scar_h.png[39m[0m
[  47% ] [90m[1m_update_scan_actions[22m | faction_ravicci_sks.png[39m[0m
[  47% ] [90m[1m_update_scan_actions[22m | faction_ravicci_spas12.png[39m[0m
[  47% ] [90m[1m_update_scan_actions[22m | faction_ravicci_ssg69.png[39m[0m
[  47% ] [90m[1m_update_scan_actions[22m | faction_ravicci_svd.png[39m[0m
[  47% ] [90m[1m_update_scan_actions[22m | faction_ravicci_usp.png[39m[0m
[  47% ] [90m[1m_update_scan_actions[22m | faction_ravicci_uzi.png[39m[0m
[  47% ] [90m[1m_update_scan_actions[22m | faction_ravicci_vector.png[39m[0m
[  48% ] [90m[1m_update_scan_actions[22m | faction_saffar_ak47.png[39m[0m
[  48% ] [90m[1m_update_scan_actions[22m | faction_saffar_aug.png[39m[0m
[  48% ] [90m[1m_update_scan_actions[22m | faction_saffar_awm.png[39m[0m
[  48% ] [90m[1m_update_scan_actions[22m | faction_saffar_benelli_m2.png[39m[0m
[  48% ] [90m[1m_update_scan_actions[22m | faction_saffar_benelli_m4.png[39m[0m
[  48% ] [90m[1m_update_scan_actions[22m | faction_saffar_cz75.png[39m[0m
[  48% ] [90m[1m_update_scan_actions[22m | faction_saffar_desert_eagle.png[39m[0m
[  49% ] [90m[1m_update_scan_actions[22m | faction_saffar_five_seven.png[39m[0m
[  49% ] [90m[1m_update_scan_actions[22m | faction_saffar_g36c.png[39m[0m
[  49% ] [90m[1m_update_scan_actions[22m | faction_saffar_glock_17.png[39m[0m
[  49% ] [90m[1m_update_scan_actions[22m | faction_saffar_m4a1.png[39m[0m
[  49% ] [90m[1m_update_scan_actions[22m | faction_saffar_m1911.png[39m[0m
[  49% ] [90m[1m_update_scan_actions[22m | faction_saffar_mac10.png[39m[0m
[  49% ] [90m[1m_update_scan_actions[22m | faction_saffar_mini14.png[39m[0m
[  50% ] [90m[1m_update_scan_actions[22m | faction_saffar_moss500.png[39m[0m
[  50% ] [90m[1m_update_scan_actions[22m | faction_saffar_mp5.png[39m[0m
[  50% ] [90m[1m_update_scan_actions[22m | faction_saffar_mp5k.png[39m[0m
[  50% ] [90m[1m_update_scan_actions[22m | faction_saffar_p90.png[39m[0m
[  50% ] [90m[1m_update_scan_actions[22m | faction_saffar_psg1.png[39m[0m
[  50% ] [90m[1m_update_scan_actions[22m | faction_saffar_rem700.png[39m[0m
[  50% ] [90m[1m_update_scan_actions[22m | faction_saffar_rem870.png[39m[0m
[  51% ] [90m[1m_update_scan_actions[22m | faction_saffar_saiga12.png[39m[0m
[  51% ] [90m[1m_update_scan_actions[22m | faction_saffar_scar_h.png[39m[0m
[  51% ] [90m[1m_update_scan_actions[22m | faction_saffar_sks.png[39m[0m
[  51% ] [90m[1m_update_scan_actions[22m | faction_saffar_spas12.png[39m[0m
[  51% ] [90m[1m_update_scan_actions[22m | faction_saffar_ssg69.png[39m[0m
[  51% ] [90m[1m_update_scan_actions[22m | faction_saffar_svd.png[39m[0m
[  51% ] [90m[1m_update_scan_actions[22m | faction_saffar_usp.png[39m[0m
[  52% ] [90m[1m_update_scan_actions[22m | faction_saffar_uzi.png[39m[0m
[  52% ] [90m[1m_update_scan_actions[22m | faction_saffar_vector.png[39m[0m
[  52% ] [90m[1m_update_scan_actions[22m | faction_sand_raiders_ak47.png[39m[0m
[  52% ] [90m[1m_update_scan_actions[22m | faction_sand_raiders_aug.png[39m[0m
[  52% ] [90m[1m_update_scan_actions[22m | faction_sand_raiders_awm.png[39m[0m
[  52% ] [90m[1m_update_scan_actions[22m | faction_sand_raiders_benelli_m2.png[39m[0m
[  52% ] [90m[1m_update_scan_actions[22m | faction_sand_raiders_benelli_m4.png[39m[0m
[  52% ] [90m[1m_update_scan_actions[22m | faction_sand_raiders_cz75.png[39m[0m
[  53% ] [90m[1m_update_scan_actions[22m | faction_sand_raiders_desert_eagle.png[39m[0m
[  53% ] [90m[1m_update_scan_actions[22m | faction_sand_raiders_five_seven.png[39m[0m
[  53% ] [90m[1m_update_scan_actions[22m | faction_sand_raiders_g36c.png[39m[0m
[  53% ] [90m[1m_update_scan_actions[22m | faction_sand_raiders_glock_17.png[39m[0m
[  53% ] [90m[1m_update_scan_actions[22m | faction_sand_raiders_m4a1.png[39m[0m
[  53% ] [90m[1m_update_scan_actions[22m | faction_sand_raiders_m1911.png[39m[0m
[  54% ] [90m[1m_update_scan_actions[22m | faction_sand_raiders_mac10.png[39m[0m
[  54% ] [90m[1m_update_scan_actions[22m | faction_sand_raiders_mini14.png[39m[0m
[  54% ] [90m[1m_update_scan_actions[22m | faction_sand_raiders_moss500.png[39m[0m
[  54% ] [90m[1m_update_scan_actions[22m | faction_sand_raiders_mp5.png[39m[0m
[  54% ] [90m[1m_update_scan_actions[22m | faction_sand_raiders_mp5k.png[39m[0m
[  54% ] [90m[1m_update_scan_actions[22m | faction_sand_raiders_p90.png[39m[0m
[  54% ] [90m[1m_update_scan_actions[22m | faction_sand_raiders_psg1.png[39m[0m
[  55% ] [90m[1m_update_scan_actions[22m | faction_sand_raiders_rem700.png[39m[0m
[  55% ] [90m[1m_update_scan_actions[22m | faction_sand_raiders_rem870.png[39m[0m
[  55% ] [90m[1m_update_scan_actions[22m | faction_sand_raiders_saiga12.png[39m[0m
[  55% ] [90m[1m_update_scan_actions[22m | faction_sand_raiders_scar_h.png[39m[0m
[  55% ] [90m[1m_update_scan_actions[22m | faction_sand_raiders_sks.png[39m[0m
[  55% ] [90m[1m_update_scan_actions[22m | faction_sand_raiders_spas12.png[39m[0m
[  55% ] [90m[1m_update_scan_actions[22m | faction_sand_raiders_ssg69.png[39m[0m
[  56% ] [90m[1m_update_scan_actions[22m | faction_sand_raiders_svd.png[39m[0m
[  56% ] [90m[1m_update_scan_actions[22m | faction_sand_raiders_usp.png[39m[0m
[  56% ] [90m[1m_update_scan_actions[22m | faction_sand_raiders_uzi.png[39m[0m
[  56% ] [90m[1m_update_scan_actions[22m | faction_sand_raiders_vector.png[39m[0m
[  56% ] [90m[1m_update_scan_actions[22m | faction_sierra_roja_ak47.png[39m[0m
[  56% ] [90m[1m_update_scan_actions[22m | faction_sierra_roja_aug.png[39m[0m
[  56% ] [90m[1m_update_scan_actions[22m | faction_sierra_roja_awm.png[39m[0m
[  57% ] [90m[1m_update_scan_actions[22m | faction_sierra_roja_benelli_m2.png[39m[0m
[  57% ] [90m[1m_update_scan_actions[22m | faction_sierra_roja_benelli_m4.png[39m[0m
[  57% ] [90m[1m_update_scan_actions[22m | faction_sierra_roja_cz75.png[39m[0m
[  57% ] [90m[1m_update_scan_actions[22m | faction_sierra_roja_desert_eagle.png[39m[0m
[  57% ] [90m[1m_update_scan_actions[22m | faction_sierra_roja_five_seven.png[39m[0m
[  57% ] [90m[1m_update_scan_actions[22m | faction_sierra_roja_g36c.png[39m[0m
[  57% ] [90m[1m_update_scan_actions[22m | faction_sierra_roja_glock_17.png[39m[0m
[  58% ] [90m[1m_update_scan_actions[22m | faction_sierra_roja_m4a1.png[39m[0m
[  58% ] [90m[1m_update_scan_actions[22m | faction_sierra_roja_m1911.png[39m[0m
[  58% ] [90m[1m_update_scan_actions[22m | faction_sierra_roja_mac10.png[39m[0m
[  58% ] [90m[1m_update_scan_actions[22m | faction_sierra_roja_mini14.png[39m[0m
[  58% ] [90m[1m_update_scan_actions[22m | faction_sierra_roja_moss500.png[39m[0m
[  58% ] [90m[1m_update_scan_actions[22m | faction_sierra_roja_mp5.png[39m[0m
[  58% ] [90m[1m_update_scan_actions[22m | faction_sierra_roja_mp5k.png[39m[0m
[  58% ] [90m[1m_update_scan_actions[22m | faction_sierra_roja_p90.png[39m[0m
[  59% ] [90m[1m_update_scan_actions[22m | faction_sierra_roja_psg1.png[39m[0m
[  59% ] [90m[1m_update_scan_actions[22m | faction_sierra_roja_rem700.png[39m[0m
[  59% ] [90m[1m_update_scan_actions[22m | faction_sierra_roja_rem870.png[39m[0m
[  59% ] [90m[1m_update_scan_actions[22m | faction_sierra_roja_saiga12.png[39m[0m
[  59% ] [90m[1m_update_scan_actions[22m | faction_sierra_roja_scar_h.png[39m[0m
[  59% ] [90m[1m_update_scan_actions[22m | faction_sierra_roja_sks.png[39m[0m
[  60% ] [90m[1m_update_scan_actions[22m | faction_sierra_roja_spas12.png[39m[0m
[  60% ] [90m[1m_update_scan_actions[22m | faction_sierra_roja_ssg69.png[39m[0m
[  60% ] [90m[1m_update_scan_actions[22m | faction_sierra_roja_svd.png[39m[0m
[  60% ] [90m[1m_update_scan_actions[22m | faction_sierra_roja_usp.png[39m[0m
[  60% ] [90m[1m_update_scan_actions[22m | faction_sierra_roja_uzi.png[39m[0m
[  60% ] [90m[1m_update_scan_actions[22m | faction_sierra_roja_vector.png[39m[0m
[  60% ] [90m[1m_update_scan_actions[22m | faction_stateline_ak47.png[39m[0m
[  61% ] [90m[1m_update_scan_actions[22m | faction_stateline_aug.png[39m[0m
[  61% ] [90m[1m_update_scan_actions[22m | faction_stateline_awm.png[39m[0m
[  61% ] [90m[1m_update_scan_actions[22m | faction_stateline_benelli_m2.png[39m[0m
[  61% ] [90m[1m_update_scan_actions[22m | faction_stateline_benelli_m4.png[39m[0m
[  61% ] [90m[1m_update_scan_actions[22m | faction_stateline_cz75.png[39m[0m
[  61% ] [90m[1m_update_scan_actions[22m | faction_stateline_desert_eagle.png[39m[0m
[  61% ] [90m[1m_update_scan_actions[22m | faction_stateline_five_seven.png[39m[0m
[  62% ] [90m[1m_update_scan_actions[22m | faction_stateline_g36c.png[39m[0m
[  62% ] [90m[1m_update_scan_actions[22m | faction_stateline_glock_17.png[39m[0m
[  62% ] [90m[1m_update_scan_actions[22m | faction_stateline_m4a1.png[39m[0m
[  62% ] [90m[1m_update_scan_actions[22m | faction_stateline_m1911.png[39m[0m
[  62% ] [90m[1m_update_scan_actions[22m | faction_stateline_mac10.png[39m[0m
[  62% ] [90m[1m_update_scan_actions[22m | faction_stateline_mini14.png[39m[0m
[  62% ] [90m[1m_update_scan_actions[22m | faction_stateline_moss500.png[39m[0m
[  63% ] [90m[1m_update_scan_actions[22m | faction_stateline_mp5.png[39m[0m
[  63% ] [90m[1m_update_scan_actions[22m | faction_stateline_mp5k.png[39m[0m
[  63% ] [90m[1m_update_scan_actions[22m | faction_stateline_p90.png[39m[0m
[  63% ] [90m[1m_update_scan_actions[22m | faction_stateline_psg1.png[39m[0m
[  63% ] [90m[1m_update_scan_actions[22m | faction_stateline_rem700.png[39m[0m
[  63% ] [90m[1m_update_scan_actions[22m | faction_stateline_rem870.png[39m[0m
[  63% ] [90m[1m_update_scan_actions[22m | faction_stateline_saiga12.png[39m[0m
[  64% ] [90m[1m_update_scan_actions[22m | faction_stateline_scar_h.png[39m[0m
[  64% ] [90m[1m_update_scan_actions[22m | faction_stateline_sks.png[39m[0m
[  64% ] [90m[1m_update_scan_actions[22m | faction_stateline_spas12.png[39m[0m
[  64% ] [90m[1m_update_scan_actions[22m | faction_stateline_ssg69.png[39m[0m
[  64% ] [90m[1m_update_scan_actions[22m | faction_stateline_svd.png[39m[0m
[  64% ] [90m[1m_update_scan_actions[22m | faction_stateline_usp.png[39m[0m
[  64% ] [90m[1m_update_scan_actions[22m | faction_stateline_uzi.png[39m[0m
[  65% ] [90m[1m_update_scan_actions[22m | faction_stateline_vector.png[39m[0m
[  65% ] [90m[1m_update_scan_actions[22m | faction_trc_ak47.png[39m[0m
[  65% ] [90m[1m_update_scan_actions[22m | faction_trc_aug.png[39m[0m
[  65% ] [90m[1m_update_scan_actions[22m | faction_trc_awm.png[39m[0m
[  65% ] [90m[1m_update_scan_actions[22m | faction_trc_benelli_m2.png[39m[0m
[  65% ] [90m[1m_update_scan_actions[22m | faction_trc_benelli_m4.png[39m[0m
[  65% ] [90m[1m_update_scan_actions[22m | faction_trc_cz75.png[39m[0m
[  66% ] [90m[1m_update_scan_actions[22m | faction_trc_desert_eagle.png[39m[0m
[  66% ] [90m[1m_update_scan_actions[22m | faction_trc_five_seven.png[39m[0m
[  66% ] [90m[1m_update_scan_actions[22m | faction_trc_g36c.png[39m[0m
[  66% ] [90m[1m_update_scan_actions[22m | faction_trc_glock_17.png[39m[0m
[  66% ] [90m[1m_update_scan_actions[22m | faction_trc_m4a1.png[39m[0m
[  66% ] [90m[1m_update_scan_actions[22m | faction_trc_m1911.png[39m[0m
[  66% ] [90m[1m_update_scan_actions[22m | faction_trc_mac10.png[39m[0m
[  67% ] [90m[1m_update_scan_actions[22m | faction_trc_mini14.png[39m[0m
[  67% ] [90m[1m_update_scan_actions[22m | faction_trc_moss500.png[39m[0m
[  67% ] [90m[1m_update_scan_actions[22m | faction_trc_mp5.png[39m[0m
[  67% ] [90m[1m_update_scan_actions[22m | faction_trc_mp5k.png[39m[0m
[  67% ] [90m[1m_update_scan_actions[22m | faction_trc_p90.png[39m[0m
[  67% ] [90m[1m_update_scan_actions[22m | faction_trc_psg1.png[39m[0m
[  67% ] [90m[1m_update_scan_actions[22m | faction_trc_rem700.png[39m[0m
[  68% ] [90m[1m_update_scan_actions[22m | faction_trc_rem870.png[39m[0m
[  68% ] [90m[1m_update_scan_actions[22m | faction_trc_saiga12.png[39m[0m
[  68% ] [90m[1m_update_scan_actions[22m | faction_trc_scar_h.png[39m[0m
[  68% ] [90m[1m_update_scan_actions[22m | faction_trc_sks.png[39m[0m
[  68% ] [90m[1m_update_scan_actions[22m | faction_trc_spas12.png[39m[0m
[  68% ] [90m[1m_update_scan_actions[22m | faction_trc_ssg69.png[39m[0m
[  68% ] [90m[1m_update_scan_actions[22m | faction_trc_svd.png[39m[0m
[  69% ] [90m[1m_update_scan_actions[22m | faction_trc_usp.png[39m[0m
[  69% ] [90m[1m_update_scan_actions[22m | faction_trc_uzi.png[39m[0m
[  69% ] [90m[1m_update_scan_actions[22m | faction_trc_vector.png[39m[0m
[  69% ] [90m[1m_update_scan_actions[22m | faction_union_sur_ak47.png[39m[0m
[  69% ] [90m[1m_update_scan_actions[22m | faction_union_sur_aug.png[39m[0m
[  69% ] [90m[1m_update_scan_actions[22m | faction_union_sur_awm.png[39m[0m
[  69% ] [90m[1m_update_scan_actions[22m | faction_union_sur_benelli_m2.png[39m[0m
[  70% ] [90m[1m_update_scan_actions[22m | faction_union_sur_benelli_m4.png[39m[0m
[  70% ] [90m[1m_update_scan_actions[22m | faction_union_sur_cz75.png[39m[0m
[  70% ] [90m[1m_update_scan_actions[22m | faction_union_sur_desert_eagle.png[39m[0m
[  70% ] [90m[1m_update_scan_actions[22m | faction_union_sur_five_seven.png[39m[0m
[  70% ] [90m[1m_update_scan_actions[22m | faction_union_sur_g36c.png[39m[0m
[  70% ] [90m[1m_update_scan_actions[22m | faction_union_sur_glock_17.png[39m[0m
[  70% ] [90m[1m_update_scan_actions[22m | faction_union_sur_m4a1.png[39m[0m
[  71% ] [90m[1m_update_scan_actions[22m | faction_union_sur_m1911.png[39m[0m
[  71% ] [90m[1m_update_scan_actions[22m | faction_union_sur_mac10.png[39m[0m
[  71% ] [90m[1m_update_scan_actions[22m | faction_union_sur_mini14.png[39m[0m
[  71% ] [90m[1m_update_scan_actions[22m | faction_union_sur_moss500.png[39m[0m
[  71% ] [90m[1m_update_scan_actions[22m | faction_union_sur_mp5.png[39m[0m
[  71% ] [90m[1m_update_scan_actions[22m | faction_union_sur_mp5k.png[39m[0m
[  71% ] [90m[1m_update_scan_actions[22m | faction_union_sur_p90.png[39m[0m
[  72% ] [90m[1m_update_scan_actions[22m | faction_union_sur_psg1.png[39m[0m
[  72% ] [90m[1m_update_scan_actions[22m | faction_union_sur_rem700.png[39m[0m
[  72% ] [90m[1m_update_scan_actions[22m | faction_union_sur_rem870.png[39m[0m
[  72% ] [90m[1m_update_scan_actions[22m | faction_union_sur_saiga12.png[39m[0m
[  72% ] [90m[1m_update_scan_actions[22m | faction_union_sur_scar_h.png[39m[0m
[  72% ] [90m[1m_update_scan_actions[22m | faction_union_sur_sks.png[39m[0m
[  72% ] [90m[1m_update_scan_actions[22m | faction_union_sur_spas12.png[39m[0m
[  73% ] [90m[1m_update_scan_actions[22m | faction_union_sur_ssg69.png[39m[0m
[  73% ] [90m[1m_update_scan_actions[22m | faction_union_sur_svd.png[39m[0m
[  73% ] [90m[1m_update_scan_actions[22m | faction_union_sur_usp.png[39m[0m
[  73% ] [90m[1m_update_scan_actions[22m | faction_union_sur_uzi.png[39m[0m
[  73% ] [90m[1m_update_scan_actions[22m | faction_union_sur_vector.png[39m[0m
[  73% ] [90m[1m_update_scan_actions[22m | faction_ventresca_ak47.png[39m[0m
[  73% ] [90m[1m_update_scan_actions[22m | faction_ventresca_aug.png[39m[0m
[  74% ] [90m[1m_update_scan_actions[22m | faction_ventresca_awm.png[39m[0m
[  74% ] [90m[1m_update_scan_actions[22m | faction_ventresca_benelli_m2.png[39m[0m
[  74% ] [90m[1m_update_scan_actions[22m | faction_ventresca_benelli_m4.png[39m[0m
[  74% ] [90m[1m_update_scan_actions[22m | faction_ventresca_cz75.png[39m[0m
[  74% ] [90m[1m_update_scan_actions[22m | faction_ventresca_desert_eagle.png[39m[0m
[  74% ] [90m[1m_update_scan_actions[22m | faction_ventresca_five_seven.png[39m[0m
[  74% ] [90m[1m_update_scan_actions[22m | faction_ventresca_g36c.png[39m[0m
[  75% ] [90m[1m_update_scan_actions[22m | faction_ventresca_glock_17.png[39m[0m
[  75% ] [90m[1m_update_scan_actions[22m | faction_ventresca_m4a1.png[39m[0m
[  75% ] [90m[1m_update_scan_actions[22m | faction_ventresca_m1911.png[39m[0m
[  75% ] [90m[1m_update_scan_actions[22m | faction_ventresca_mac10.png[39m[0m
[  75% ] [90m[1m_update_scan_actions[22m | faction_ventresca_mini14.png[39m[0m
[  75% ] [90m[1m_update_scan_actions[22m | faction_ventresca_moss500.png[39m[0m
[  75% ] [90m[1m_update_scan_actions[22m | faction_ventresca_mp5.png[39m[0m
[  76% ] [90m[1m_update_scan_actions[22m | faction_ventresca_mp5k.png[39m[0m
[  76% ] [90m[1m_update_scan_actions[22m | faction_ventresca_p90.png[39m[0m
[  76% ] [90m[1m_update_scan_actions[22m | faction_ventresca_psg1.png[39m[0m
[  76% ] [90m[1m_update_scan_actions[22m | faction_ventresca_rem700.png[39m[0m
[  76% ] [90m[1m_update_scan_actions[22m | faction_ventresca_rem870.png[39m[0m
[  76% ] [90m[1m_update_scan_actions[22m | faction_ventresca_saiga12.png[39m[0m
[  76% ] [90m[1m_update_scan_actions[22m | faction_ventresca_scar_h.png[39m[0m
[  77% ] [90m[1m_update_scan_actions[22m | faction_ventresca_sks.png[39m[0m
[  77% ] [90m[1m_update_scan_actions[22m | faction_ventresca_spas12.png[39m[0m
[  77% ] [90m[1m_update_scan_actions[22m | faction_ventresca_ssg69.png[39m[0m
[  77% ] [90m[1m_update_scan_actions[22m | faction_ventresca_svd.png[39m[0m
[  77% ] [90m[1m_update_scan_actions[22m | faction_ventresca_usp.png[39m[0m
[  77% ] [90m[1m_update_scan_actions[22m | faction_ventresca_uzi.png[39m[0m
[  77% ] [90m[1m_update_scan_actions[22m | faction_ventresca_vector.png[39m[0m
[  78% ] [90m[1m_update_scan_actions[22m | faction_whittaker_ak47.png[39m[0m
[  78% ] [90m[1m_update_scan_actions[22m | faction_whittaker_aug.png[39m[0m
[  78% ] [90m[1m_update_scan_actions[22m | faction_whittaker_awm.png[39m[0m
[  78% ] [90m[1m_update_scan_actions[22m | faction_whittaker_benelli_m2.png[39m[0m
[  78% ] [90m[1m_update_scan_actions[22m | faction_whittaker_benelli_m4.png[39m[0m
[  78% ] [90m[1m_update_scan_actions[22m | faction_whittaker_cz75.png[39m[0m
[  78% ] [90m[1m_update_scan_actions[22m | faction_whittaker_desert_eagle.png[39m[0m
[  79% ] [90m[1m_update_scan_actions[22m | faction_whittaker_five_seven.png[39m[0m
[  79% ] [90m[1m_update_scan_actions[22m | faction_whittaker_g36c.png[39m[0m
[  79% ] [90m[1m_update_scan_actions[22m | faction_whittaker_glock_17.png[39m[0m
[  79% ] [90m[1m_update_scan_actions[22m | faction_whittaker_m4a1.png[39m[0m
[  79% ] [90m[1m_update_scan_actions[22m | faction_whittaker_m1911.png[39m[0m
[  79% ] [90m[1m_update_scan_actions[22m | faction_whittaker_mac10.png[39m[0m
[  79% ] [90m[1m_update_scan_actions[22m | faction_whittaker_mini14.png[39m[0m
[  80% ] [90m[1m_update_scan_actions[22m | faction_whittaker_moss500.png[39m[0m
[  80% ] [90m[1m_update_scan_actions[22m | faction_whittaker_mp5.png[39m[0m
[  80% ] [90m[1m_update_scan_actions[22m | faction_whittaker_mp5k.png[39m[0m
[  80% ] [90m[1m_update_scan_actions[22m | faction_whittaker_p90.png[39m[0m
[  80% ] [90m[1m_update_scan_actions[22m | faction_whittaker_psg1.png[39m[0m
[  80% ] [90m[1m_update_scan_actions[22m | faction_whittaker_rem700.png[39m[0m
[  80% ] [90m[1m_update_scan_actions[22m | faction_whittaker_rem870.png[39m[0m
[  81% ] [90m[1m_update_scan_actions[22m | faction_whittaker_saiga12.png[39m[0m
[  81% ] [90m[1m_update_scan_actions[22m | faction_whittaker_scar_h.png[39m[0m
[  81% ] [90m[1m_update_scan_actions[22m | faction_whittaker_sks.png[39m[0m
[  81% ] [90m[1m_update_scan_actions[22m | faction_whittaker_spas12.png[39m[0m
[  81% ] [90m[1m_update_scan_actions[22m | faction_whittaker_ssg69.png[39m[0m
[  81% ] [90m[1m_update_scan_actions[22m | faction_whittaker_svd.png[39m[0m
[  81% ] [90m[1m_update_scan_actions[22m | faction_whittaker_usp.png[39m[0m
[  82% ] [90m[1m_update_scan_actions[22m | faction_whittaker_uzi.png[39m[0m
[  82% ] [90m[1m_update_scan_actions[22m | faction_whittaker_vector.png[39m[0m
[  82% ] [90m[1m_update_scan_actions[22m | faction_wm_corp_ak47.png[39m[0m
[  82% ] [90m[1m_update_scan_actions[22m | faction_wm_corp_aug.png[39m[0m
[  82% ] [90m[1m_update_scan_actions[22m | faction_wm_corp_awm.png[39m[0m
[  82% ] [90m[1m_update_scan_actions[22m | faction_wm_corp_benelli_m2.png[39m[0m
[  82% ] [90m[1m_update_scan_actions[22m | faction_wm_corp_benelli_m4.png[39m[0m
[  83% ] [90m[1m_update_scan_actions[22m | faction_wm_corp_cz75.png[39m[0m
[  83% ] [90m[1m_update_scan_actions[22m | faction_wm_corp_desert_eagle.png[39m[0m
[  83% ] [90m[1m_update_scan_actions[22m | faction_wm_corp_five_seven.png[39m[0m
[  83% ] [90m[1m_update_scan_actions[22m | faction_wm_corp_g36c.png[39m[0m
[  83% ] [90m[1m_update_scan_actions[22m | faction_wm_corp_glock_17.png[39m[0m
[  83% ] [90m[1m_update_scan_actions[22m | faction_wm_corp_m4a1.png[39m[0m
[  83% ] [90m[1m_update_scan_actions[22m | faction_wm_corp_m1911.png[39m[0m
[  84% ] [90m[1m_update_scan_actions[22m | faction_wm_corp_mac10.png[39m[0m
[  84% ] [90m[1m_update_scan_actions[22m | faction_wm_corp_mini14.png[39m[0m
[  84% ] [90m[1m_update_scan_actions[22m | faction_wm_corp_moss500.png[39m[0m
[  84% ] [90m[1m_update_scan_actions[22m | faction_wm_corp_mp5.png[39m[0m
[  84% ] [90m[1m_update_scan_actions[22m | faction_wm_corp_mp5k.png[39m[0m
[  84% ] [90m[1m_update_scan_actions[22m | faction_wm_corp_p90.png[39m[0m
[  84% ] [90m[1m_update_scan_actions[22m | faction_wm_corp_psg1.png[39m[0m
[  85% ] [90m[1m_update_scan_actions[22m | faction_wm_corp_rem700.png[39m[0m
[  85% ] [90m[1m_update_scan_actions[22m | faction_wm_corp_rem870.png[39m[0m
[  85% ] [90m[1m_update_scan_actions[22m | faction_wm_corp_saiga12.png[39m[0m
[  85% ] [90m[1m_update_scan_actions[22m | faction_wm_corp_scar_h.png[39m[0m
[  85% ] [90m[1m_update_scan_actions[22m | faction_wm_corp_sks.png[39m[0m
[  85% ] [90m[1m_update_scan_actions[22m | faction_wm_corp_spas12.png[39m[0m
[  85% ] [90m[1m_update_scan_actions[22m | faction_wm_corp_ssg69.png[39m[0m
[  86% ] [90m[1m_update_scan_actions[22m | faction_wm_corp_svd.png[39m[0m
[  86% ] [90m[1m_update_scan_actions[22m | faction_wm_corp_usp.png[39m[0m
[  86% ] [90m[1m_update_scan_actions[22m | faction_wm_corp_uzi.png[39m[0m
[  86% ] [90m[1m_update_scan_actions[22m | faction_wm_corp_vector.png[39m[0m
[  86% ] [90m[1m_update_scan_actions[22m | faction_zangyaku_ak47.png[39m[0m
[  86% ] [90m[1m_update_scan_actions[22m | faction_zangyaku_aug.png[39m[0m
[  86% ] [90m[1m_update_scan_actions[22m | faction_zangyaku_awm.png[39m[0m
[  87% ] [90m[1m_update_scan_actions[22m | faction_zangyaku_benelli_m2.png[39m[0m
[  87% ] [90m[1m_update_scan_actions[22m | faction_zangyaku_benelli_m4.png[39m[0m
[  87% ] [90m[1m_update_scan_actions[22m | faction_zangyaku_cz75.png[39m[0m
[  87% ] [90m[1m_update_scan_actions[22m | faction_zangyaku_desert_eagle.png[39m[0m
[  87% ] [90m[1m_update_scan_actions[22m | faction_zangyaku_five_seven.png[39m[0m
[  87% ] [90m[1m_update_scan_actions[22m | faction_zangyaku_g36c.png[39m[0m
[  87% ] [90m[1m_update_scan_actions[22m | faction_zangyaku_glock_17.png[39m[0m
[  88% ] [90m[1m_update_scan_actions[22m | faction_zangyaku_m4a1.png[39m[0m
[  88% ] [90m[1m_update_scan_actions[22m | faction_zangyaku_m1911.png[39m[0m
[  88% ] [90m[1m_update_scan_actions[22m | faction_zangyaku_mac10.png[39m[0m
[  88% ] [90m[1m_update_scan_actions[22m | faction_zangyaku_mini14.png[39m[0m
[  88% ] [90m[1m_update_scan_actions[22m | faction_zangyaku_moss500.png[39m[0m
[  88% ] [90m[1m_update_scan_actions[22m | faction_zangyaku_mp5.png[39m[0m
[  88% ] [90m[1m_update_scan_actions[22m | faction_zangyaku_mp5k.png[39m[0m
[  89% ] [90m[1m_update_scan_actions[22m | faction_zangyaku_p90.png[39m[0m
[  89% ] [90m[1m_update_scan_actions[22m | faction_zangyaku_psg1.png[39m[0m
[  89% ] [90m[1m_update_scan_actions[22m | faction_zangyaku_rem700.png[39m[0m
[  89% ] [90m[1m_update_scan_actions[22m | faction_zangyaku_rem870.png[39m[0m
[  89% ] [90m[1m_update_scan_actions[22m | faction_zangyaku_saiga12.png[39m[0m
[  89% ] [90m[1m_update_scan_actions[22m | faction_zangyaku_scar_h.png[39m[0m
[  89% ] [90m[1m_update_scan_actions[22m | faction_zangyaku_sks.png[39m[0m
[  90% ] [90m[1m_update_scan_actions[22m | faction_zangyaku_spas12.png[39m[0m
[  90% ] [90m[1m_update_scan_actions[22m | faction_zangyaku_ssg69.png[39m[0m
[  90% ] [90m[1m_update_scan_actions[22m | faction_zangyaku_svd.png[39m[0m
[  90% ] [90m[1m_update_scan_actions[22m | faction_zangyaku_usp.png[39m[0m
[  90% ] [90m[1m_update_scan_actions[22m | faction_zangyaku_uzi.png[39m[0m
[  90% ] [90m[1m_update_scan_actions[22m | faction_zangyaku_vector.png[39m[0m
[  90% ] [90m[1m_update_scan_actions[22m | mercer_awm.png[39m[0m
[  91% ] [90m[1m_update_scan_actions[22m | mercer_dual_glock.png[39m[0m
[  91% ] [90m[1m_update_scan_actions[22m | mercer_psg1.png[39m[0m
[  91% ] [90m[1m_update_scan_actions[22m | mercer_rem700.png[39m[0m
[  91% ] [90m[1m_update_scan_actions[22m | mercer_sks.png[39m[0m
[  91% ] [90m[1m_update_scan_actions[22m | mercer_ssg69.png[39m[0m
[  91% ] [90m[1m_update_scan_actions[22m | mercer_svd.png[39m[0m
[  91% ] [90m[1m_update_scan_actions[22m | 0_ak_rifle.png[39m[0m
[  92% ] [90m[1m_update_scan_actions[22m | 0_pistol.png[39m[0m
[  92% ] [90m[1m_update_scan_actions[22m | 0_pump_shotgun.png[39m[0m
[  92% ] [90m[1m_update_scan_actions[22m | 0_uzi_smg.png[39m[0m
[  92% ] [90m[1m_update_scan_actions[22m | 1_ak_rifle.png[39m[0m
[  92% ] [90m[1m_update_scan_actions[22m | 1_pistol.png[39m[0m
[  92% ] [90m[1m_update_scan_actions[22m | 1_pump_shotgun.png[39m[0m
[  92% ] [90m[1m_update_scan_actions[22m | 1_uzi_smg.png[39m[0m
[  93% ] [90m[1m_update_scan_actions[22m | aug.png[39m[0m
[  93% ] [90m[1m_update_scan_actions[22m | benelli_m2.png[39m[0m
[  93% ] [90m[1m_update_scan_actions[22m | benelli_m4.png[39m[0m
[  93% ] [90m[1m_update_scan_actions[22m | mini14.png[39m[0m
[  93% ] [90m[1m_update_scan_actions[22m | moss500.png[39m[0m
[  93% ] [90m[1m_update_scan_actions[22m | rem870.png[39m[0m
[  93% ] [90m[1m_update_scan_actions[22m | saiga12.png[39m[0m
[  94% ] [90m[1m_update_scan_actions[22m | spas12.png[39m[0m
[  94% ] [90m[1m_update_scan_actions[22m | 0_aug.png[39m[0m
[  94% ] [90m[1m_update_scan_actions[22m | 0_benelli_m2.png[39m[0m
[  94% ] [90m[1m_update_scan_actions[22m | 0_benelli_m4.png[39m[0m
[  94% ] [90m[1m_update_scan_actions[22m | 0_cz75.png[39m[0m
[  94% ] [90m[1m_update_scan_actions[22m | 0_desert_eagle.png[39m[0m
[  94% ] [90m[1m_update_scan_actions[22m | 0_five_seven.png[39m[0m
[  95% ] [90m[1m_update_scan_actions[22m | 0_g36c.png[39m[0m
[  95% ] [90m[1m_update_scan_actions[22m | 0_m4a1.png[39m[0m
[  95% ] [90m[1m_update_scan_actions[22m | 0_m1911.png[39m[0m
[  95% ] [90m[1m_update_scan_actions[22m | 0_mac10.png[39m[0m
[  95% ] [90m[1m_update_scan_actions[22m | 0_mini14.png[39m[0m
[  95% ] [90m[1m_update_scan_actions[22m | 0_moss500.png[39m[0m
[  95% ] [90m[1m_update_scan_actions[22m | 0_mp5.png[39m[0m
[  96% ] [90m[1m_update_scan_actions[22m | 0_mp5k.png[39m[0m
[  96% ] [90m[1m_update_scan_actions[22m | 0_p90.png[39m[0m
[  96% ] [90m[1m_update_scan_actions[22m | 0_saiga12.png[39m[0m
[  96% ] [90m[1m_update_scan_actions[22m | 0_scar_h.png[39m[0m
[  96% ] [90m[1m_update_scan_actions[22m | 0_spas12.png[39m[0m
[  96% ] [90m[1m_update_scan_actions[22m | 0_usp.png[39m[0m
[  96% ] [90m[1m_update_scan_actions[22m | 0_vector.png[39m[0m
[  97% ] [90m[1m_update_scan_actions[22m | 1_aug.png[39m[0m
[  97% ] [90m[1m_update_scan_actions[22m | 1_benelli_m2.png[39m[0m
[  97% ] [90m[1m_update_scan_actions[22m | 1_benelli_m4.png[39m[0m
[  97% ] [90m[1m_update_scan_actions[22m | 1_cz75.png[39m[0m
[  97% ] [90m[1m_update_scan_actions[22m | 1_desert_eagle.png[39m[0m
[  97% ] [90m[1m_update_scan_actions[22m | 1_five_seven.png[39m[0m
[  97% ] [90m[1m_update_scan_actions[22m | 1_g36c.png[39m[0m
[  98% ] [90m[1m_update_scan_actions[22m | 1_m4a1.png[39m[0m
[  98% ] [90m[1m_update_scan_actions[22m | 1_m1911.png[39m[0m
[  98% ] [90m[1m_update_scan_actions[22m | 1_mac10.png[39m[0m
[  98% ] [90m[1m_update_scan_actions[22m | 1_mini14.png[39m[0m
[  98% ] [90m[1m_update_scan_actions[22m | 1_moss500.png[39m[0m
[  98% ] [90m[1m_update_scan_actions[22m | 1_mp5.png[39m[0m
[  98% ] [90m[1m_update_scan_actions[22m | 1_mp5k.png[39m[0m
[  99% ] [90m[1m_update_scan_actions[22m | 1_p90.png[39m[0m
[  99% ] [90m[1m_update_scan_actions[22m | 1_saiga12.png[39m[0m
[  99% ] [90m[1m_update_scan_actions[22m | 1_scar_h.png[39m[0m
[  99% ] [90m[1m_update_scan_actions[22m | 1_spas12.png[39m[0m
[  99% ] [90m[1m_update_scan_actions[22m | 1_usp.png[39m[0m
[  99% ] [90m[1m_update_scan_actions[22m | 1_vector.png[39m[0m
[92m[ DONE ][39m [1m_update_scan_actions[22m
[0m
[   0% ] [90m[1mreimport[22m | Started (Re)Importing Assets (699 steps)[39m[0m
[   0% ] [90m[1mreimport[22m | Preparing files to reimport...[39m[0m
[   0% ] [90m[1mreimport[22m | Preparing files to reimport...[39m[0m
[   0% ] [90m[1mreimport[22m | Preparing files to reimport...[39m[0m
[   0% ] [90m[1mreimport[22m | Preparing files to reimport...[39m[0m
[   0% ] [90m[1mreimport[22m | Preparing files to reimport...[39m[0m
[   0% ] [90m[1mreimport[22m | Preparing files to reimport...[39m[0m
[   0% ] [90m[1mreimport[22m | Preparing files to reimport...[39m[0m
[   1% ] [90m[1mreimport[22m | Preparing files to reimport...[39m[0m
[   1% ] [90m[1mreimport[22m | Preparing files to reimport...[39m[0m
[   1% ] [90m[1mreimport[22m | Preparing files to reimport...[39m[0m
[   1% ] [90m[1mreimport[22m | Preparing files to reimport...[39m[0m
[   1% ] [90m[1mreimport[22m | Preparing files to reimport...[39m[0m
[   1% ] [90m[1mreimport[22m | Preparing files to reimport...[39m[0m
[   1% ] [90m[1mreimport[22m | Preparing files to reimport...[39m[0m
[   2% ] [90m[1mreimport[22m | Preparing files to reimport...[39m[0m
[   2% ] [90m[1mreimport[22m | Preparing files to reimport...[39m[0m
[   2% ] [90m[1mreimport[22m | Preparing files to reimport...[39m[0m
[   2% ] [90m[1mreimport[22m | Preparing files to reimport...[39m[0m
[   2% ] [90m[1mreimport[22m | Preparing files to reimport...[39m[0m
[   2% ] [90m[1mreimport[22m | Preparing files to reimport...[39m[0m
[   2% ] [90m[1mreimport[22m | Preparing files to reimport...[39m[0m
[   3% ] [90m[1mreimport[22m | Preparing files to reimport...[39m[0m
[   3% ] [90m[1mreimport[22m | Preparing files to reimport...[39m[0m
[   3% ] [90m[1mreimport[22m | Preparing files to reimport...[39m[0m
[   3% ] [90m[1mreimport[22m | Preparing files to reimport...[39m[0m
[   3% ] [90m[1mreimport[22m | Preparing files to reimport...[39m[0m
[   3% ] [90m[1mreimport[22m | Preparing files to reimport...[39m[0m
[   3% ] [90m[1mreimport[22m | Preparing files to reimport...[39m[0m
[   4% ] [90m[1mreimport[22m | Preparing files to reimport...[39m[0m
[   4% ] [90m[1mreimport[22m | Preparing files to reimport...[39m[0m
[   4% ] [90m[1mreimport[22m | Preparing files to reimport...[39m[0m
[   4% ] [90m[1mreimport[22m | Preparing files to reimport...[39m[0m
[   4% ] [90m[1mreimport[22m | Preparing files to reimport...[39m[0m
[   4% ] [90m[1mreimport[22m | Preparing files to reimport...[39m[0m
[   4% ] [90m[1mreimport[22m | Preparing files to reimport...[39m[0m
[   5% ] [90m[1mreimport[22m | Preparing files to reimport...[39m[0m
[   5% ] [90m[1mreimport[22m | Preparing files to reimport...[39m[0m
[   5% ] [90m[1mreimport[22m | Preparing files to reimport...[39m[0m
[   5% ] [90m[1mreimport[22m | Preparing files to reimport...[39m[0m
[   5% ] [90m[1mreimport[22m | Preparing files to reimport...[39m[0m
[   5% ] [90m[1mreimport[22m | Preparing files to reimport...[39m[0m
[   5% ] [90m[1mreimport[22m | Preparing files to reimport...[39m[0m
[   6% ] [90m[1mreimport[22m | Preparing files to reimport...[39m[0m
[   6% ] [90m[1mreimport[22m | Preparing files to reimport...[39m[0m
[   6% ] [90m[1mreimport[22m | Preparing files to reimport...[39m[0m
[   6% ] [90m[1mreimport[22m | Preparing files to reimport...[39m[0m
[   6% ] [90m[1mreimport[22m | Preparing files to reimport...[39m[0m
[   6% ] [90m[1mreimport[22m | Preparing files to reimport...[39m[0m
[   6% ] [90m[1mreimport[22m | Preparing files to reimport...[39m[0m
[   7% ] [90m[1mreimport[22m | Preparing files to reimport...[39m[0m
[   7% ] [90m[1mreimport[22m | Preparing files to reimport...[39m[0m
[   7% ] [90m[1mreimport[22m | Preparing files to reimport...[39m[0m
[   7% ] [90m[1mreimport[22m | Preparing files to reimport...[39m[0m
[   7% ] [90m[1mreimport[22m | Preparing files to reimport...[39m[0m
[   7% ] [90m[1mreimport[22m | Preparing files to reimport...[39m[0m
[   7% ] [90m[1mreimport[22m | Preparing files to reimport...[39m[0m
[   8% ] [90m[1mreimport[22m | Preparing files to reimport...[39m[0m
[   8% ] [90m[1mreimport[22m | Preparing files to reimport...[39m[0m
[   8% ] [90m[1mreimport[22m | Preparing files to reimport...[39m[0m
[   8% ] [90m[1mreimport[22m | Preparing files to reimport...[39m[0m
[   8% ] [90m[1mreimport[22m | Preparing files to reimport...[39m[0m
[   8% ] [90m[1mreimport[22m | Preparing files to reimport...[39m[0m
[   8% ] [90m[1mreimport[22m | Preparing files to reimport...[39m[0m
[   9% ] [90m[1mreimport[22m | Preparing files to reimport...[39m[0m
[   9% ] [90m[1mreimport[22m | Preparing files to reimport...[39m[0m
[   9% ] [90m[1mreimport[22m | Preparing files to reimport...[39m[0m
[   9% ] [90m[1mreimport[22m | Preparing files to reimport...[39m[0m
[   9% ] [90m[1mreimport[22m | Preparing files to reimport...[39m[0m
[   9% ] [90m[1mreimport[22m | Preparing files to reimport...[39m[0m
[   9% ] [90m[1mreimport[22m | Preparing files to reimport...[39m[0m
[  10% ] [90m[1mreimport[22m | Preparing files to reimport...[39m[0m
[  10% ] [90m[1mreimport[22m | Preparing files to reimport...[39m[0m
[  10% ] [90m[1mreimport[22m | Preparing files to reimport...[39m[0m
[  10% ] [90m[1mreimport[22m | Preparing files to reimport...[39m[0m
[  10% ] [90m[1mreimport[22m | Preparing files to reimport...[39m[0m
[  10% ] [90m[1mreimport[22m | Preparing files to reimport...[39m[0m
[  10% ] [90m[1mreimport[22m | Preparing files to reimport...[39m[0m
[  11% ] [90m[1mreimport[22m | Preparing files to reimport...[39m[0m
[  11% ] [90m[1mreimport[22m | Preparing files to reimport...[39m[0m
[  11% ] [90m[1mreimport[22m | Preparing files to reimport...[39m[0m
[  11% ] [90m[1mreimport[22m | Preparing files to reimport...[39m[0m
[  11% ] [90m[1mreimport[22m | Preparing files to reimport...[39m[0m
[  11% ] [90m[1mreimport[22m | Preparing files to reimport...[39m[0m
[  11% ] [90m[1mreimport[22m | Preparing files to reimport...[39m[0m
[  12% ] [90m[1mreimport[22m | Preparing files to reimport...[39m[0m
[  12% ] [90m[1mreimport[22m | Preparing files to reimport...[39m[0m
[  12% ] [90m[1mreimport[22m | Preparing files to reimport...[39m[0m
[  12% ] [90m[1mreimport[22m | Preparing files to reimport...[39m[0m
[  12% ] [90m[1mreimport[22m | Preparing files to reimport...[39m[0m
[  12% ] [90m[1mreimport[22m | Preparing files to reimport...[39m[0m
[  12% ] [90m[1mreimport[22m | Preparing files to reimport...[39m[0m
[  13% ] [90m[1mreimport[22m | Preparing files to reimport...[39m[0m
[  13% ] [90m[1mreimport[22m | Preparing files to reimport...[39m[0m
[  13% ] [90m[1mreimport[22m | Preparing files to reimport...[39m[0m
[  13% ] [90m[1mreimport[22m | Preparing files to reimport...[39m[0m
[  13% ] [90m[1mreimport[22m | Preparing files to reimport...[39m[0m
[  13% ] [90m[1mreimport[22m | Preparing files to reimport...[39m[0m
[  13% ] [90m[1mreimport[22m | Preparing files to reimport...[39m[0m
[  14% ] [90m[1mreimport[22m | Preparing files to reimport...[39m[0m
[  14% ] [90m[1mreimport[22m | Preparing files to reimport...[39m[0m
[  14% ] [90m[1mreimport[22m | Preparing files to reimport...[39m[0m
[  14% ] [90m[1mreimport[22m | Preparing files to reimport...[39m[0m
[  14% ] [90m[1mreimport[22m | Preparing files to reimport...[39m[0m
[  14% ] [90m[1mreimport[22m | Preparing files to reimport...[39m[0m
[  14% ] [90m[1mreimport[22m | Preparing files to reimport...[39m[0m
[  15% ] [90m[1mreimport[22m | Preparing files to reimport...[39m[0m
[  15% ] [90m[1mreimport[22m | Preparing files to reimport...[39m[0m
[  15% ] [90m[1mreimport[22m | Preparing files to reimport...[39m[0m
[  15% ] [90m[1mreimport[22m | Preparing files to reimport...[39m[0m
[  15% ] [90m[1mreimport[22m | Preparing files to reimport...[39m[0m
[  15% ] [90m[1mreimport[22m | Preparing files to reimport...[39m[0m
[  15% ] [90m[1mreimport[22m | Preparing files to reimport...[39m[0m
[  16% ] [90m[1mreimport[22m | Preparing files to reimport...[39m[0m
[  16% ] [90m[1mreimport[22m | Preparing files to reimport...[39m[0m
[  16% ] [90m[1mreimport[22m | Preparing files to reimport...[39m[0m
[  16% ] [90m[1mreimport[22m | Preparing files to reimport...[39m[0m
[  16% ] [90m[1mreimport[22m | Preparing files to reimport...[39m[0m
[  16% ] [90m[1mreimport[22m | Preparing files to reimport...[39m[0m
[  16% ] [90m[1mreimport[22m | Preparing files to reimport...[39m[0m
[  17% ] [90m[1mreimport[22m | Preparing files to reimport...[39m[0m
[  17% ] [90m[1mreimport[22m | Preparing files to reimport...[39m[0m
[  17% ] [90m[1mreimport[22m | Preparing files to reimport...[39m[0m
[  17% ] [90m[1mreimport[22m | Preparing files to reimport...[39m[0m
[  17% ] [90m[1mreimport[22m | Preparing files to reimport...[39m[0m
[  17% ] [90m[1mreimport[22m | Preparing files to reimport...[39m[0m
[  17% ] [90m[1mreimport[22m | Preparing files to reimport...[39m[0m
[  18% ] [90m[1mreimport[22m | Preparing files to reimport...[39m[0m
[  18% ] [90m[1mreimport[22m | Preparing files to reimport...[39m[0m
[  18% ] [90m[1mreimport[22m | Preparing files to reimport...[39m[0m
[  18% ] [90m[1mreimport[22m | Preparing files to reimport...[39m[0m
[  18% ] [90m[1mreimport[22m | Preparing files to reimport...[39m[0m
[  18% ] [90m[1mreimport[22m | Preparing files to reimport...[39m[0m
[  18% ] [90m[1mreimport[22m | Preparing files to reimport...[39m[0m
[  19% ] [90m[1mreimport[22m | Preparing files to reimport...[39m[0m
[  19% ] [90m[1mreimport[22m | Preparing files to reimport...[39m[0m
[  19% ] [90m[1mreimport[22m | Preparing files to reimport...[39m[0m
[  19% ] [90m[1mreimport[22m | Preparing files to reimport...[39m[0m
[  19% ] [90m[1mreimport[22m | Preparing files to reimport...[39m[0m
[  19% ] [90m[1mreimport[22m | Preparing files to reimport...[39m[0m
[  19% ] [90m[1mreimport[22m | Preparing files to reimport...[39m[0m
[  20% ] [90m[1mreimport[22m | Preparing files to reimport...[39m[0m
[  20% ] [90m[1mreimport[22m | Preparing files to reimport...[39m[0m
[  20% ] [90m[1mreimport[22m | Preparing files to reimport...[39m[0m
[  20% ] [90m[1mreimport[22m | Preparing files to reimport...[39m[0m
[  20% ] [90m[1mreimport[22m | Preparing files to reimport...[39m[0m
[  20% ] [90m[1mreimport[22m | Preparing files to reimport...[39m[0m
[  20% ] [90m[1mreimport[22m | Preparing files to reimport...[39m[0m
[  21% ] [90m[1mreimport[22m | Preparing files to reimport...[39m[0m
[  21% ] [90m[1mreimport[22m | Preparing files to reimport...[39m[0m
[  21% ] [90m[1mreimport[22m | Preparing files to reimport...[39m[0m
[  21% ] [90m[1mreimport[22m | Preparing files to reimport...[39m[0m
[  21% ] [90m[1mreimport[22m | Preparing files to reimport...[39m[0m
[  21% ] [90m[1mreimport[22m | Preparing files to reimport...[39m[0m
[  21% ] [90m[1mreimport[22m | Preparing files to reimport...[39m[0m
[  22% ] [90m[1mreimport[22m | Preparing files to reimport...[39m[0m
[  22% ] [90m[1mreimport[22m | Preparing files to reimport...[39m[0m
[  22% ] [90m[1mreimport[22m | Preparing files to reimport...[39m[0m
[  22% ] [90m[1mreimport[22m | Preparing files to reimport...[39m[0m
[  22% ] [90m[1mreimport[22m | Preparing files to reimport...[39m[0m
[  22% ] [90m[1mreimport[22m | Preparing files to reimport...[39m[0m
[  22% ] [90m[1mreimport[22m | Preparing files to reimport...[39m[0m
[  23% ] [90m[1mreimport[22m | Preparing files to reimport...[39m[0m
[  23% ] [90m[1mreimport[22m | Preparing files to reimport...[39m[0m
[  23% ] [90m[1mreimport[22m | Preparing files to reimport...[39m[0m
[  23% ] [90m[1mreimport[22m | Preparing files to reimport...[39m[0m
[  23% ] [90m[1mreimport[22m | Preparing files to reimport...[39m[0m
[  23% ] [90m[1mreimport[22m | Preparing files to reimport...[39m[0m
[  23% ] [90m[1mreimport[22m | Preparing files to reimport...[39m[0m
[  24% ] [90m[1mreimport[22m | Preparing files to reimport...[39m[0m
[  24% ] [90m[1mreimport[22m | Preparing files to reimport...[39m[0m
[  24% ] [90m[1mreimport[22m | Preparing files to reimport...[39m[0m
[  24% ] [90m[1mreimport[22m | Preparing files to reimport...[39m[0m
[  24% ] [90m[1mreimport[22m | Preparing files to reimport...[39m[0m
[  24% ] [90m[1mreimport[22m | Preparing files to reimport...[39m[0m
[  24% ] [90m[1mreimport[22m | Preparing files to reimport...[39m[0m
[  25% ] [90m[1mreimport[22m | Preparing files to reimport...[39m[0m
[  25% ] [90m[1mreimport[22m | Preparing files to reimport...[39m[0m
[  25% ] [90m[1mreimport[22m | Preparing files to reimport...[39m[0m
[  25% ] [90m[1mreimport[22m | Preparing files to reimport...[39m[0m
[  25% ] [90m[1mreimport[22m | Preparing files to reimport...[39m[0m
[  25% ] [90m[1mreimport[22m | Preparing files to reimport...[39m[0m
[  25% ] [90m[1mreimport[22m | Preparing files to reimport...[39m[0m
[  26% ] [90m[1mreimport[22m | Preparing files to reimport...[39m[0m
[  26% ] [90m[1mreimport[22m | Preparing files to reimport...[39m[0m
[  26% ] [90m[1mreimport[22m | Preparing files to reimport...[39m[0m
[  26% ] [90m[1mreimport[22m | Preparing files to reimport...[39m[0m
[  26% ] [90m[1mreimport[22m | Preparing files to reimport...[39m[0m
[  26% ] [90m[1mreimport[22m | Preparing files to reimport...[39m[0m
[  26% ] [90m[1mreimport[22m | Preparing files to reimport...[39m[0m
[  27% ] [90m[1mreimport[22m | Preparing files to reimport...[39m[0m
[  27% ] [90m[1mreimport[22m | Preparing files to reimport...[39m[0m
[  27% ] [90m[1mreimport[22m | Preparing files to reimport...[39m[0m
[  27% ] [90m[1mreimport[22m | Preparing files to reimport...[39m[0m
[  27% ] [90m[1mreimport[22m | Preparing files to reimport...[39m[0m
[  27% ] [90m[1mreimport[22m | Preparing files to reimport...[39m[0m
[  27% ] [90m[1mreimport[22m | Preparing files to reimport...[39m[0m
[  28% ] [90m[1mreimport[22m | Preparing files to reimport...[39m[0m
[  28% ] [90m[1mreimport[22m | Preparing files to reimport...[39m[0m
[  28% ] [90m[1mreimport[22m | Preparing files to reimport...[39m[0m
[  28% ] [90m[1mreimport[22m | Preparing files to reimport...[39m[0m
[  28% ] [90m[1mreimport[22m | Preparing files to reimport...[39m[0m
[  28% ] [90m[1mreimport[22m | Preparing files to reimport...[39m[0m
[  28% ] [90m[1mreimport[22m | Preparing files to reimport...[39m[0m
[  29% ] [90m[1mreimport[22m | Preparing files to reimport...[39m[0m
[  29% ] [90m[1mreimport[22m | Preparing files to reimport...[39m[0m
[  29% ] [90m[1mreimport[22m | Preparing files to reimport...[39m[0m
[  29% ] [90m[1mreimport[22m | Preparing files to reimport...[39m[0m
[  29% ] [90m[1mreimport[22m | Preparing files to reimport...[39m[0m
[  29% ] [90m[1mreimport[22m | Preparing files to reimport...[39m[0m
[  29% ] [90m[1mreimport[22m | Preparing files to reimport...[39m[0m
[  30% ] [90m[1mreimport[22m | Preparing files to reimport...[39m[0m
[  30% ] [90m[1mreimport[22m | Preparing files to reimport...[39m[0m
[  30% ] [90m[1mreimport[22m | Preparing files to reimport...[39m[0m
[  30% ] [90m[1mreimport[22m | Preparing files to reimport...[39m[0m
[  30% ] [90m[1mreimport[22m | Preparing files to reimport...[39m[0m
[  30% ] [90m[1mreimport[22m | Preparing files to reimport...[39m[0m
[  30% ] [90m[1mreimport[22m | Preparing files to reimport...[39m[0m
[  31% ] [90m[1mreimport[22m | Preparing files to reimport...[39m[0m
[  31% ] [90m[1mreimport[22m | Preparing files to reimport...[39m[0m
[  31% ] [90m[1mreimport[22m | Preparing files to reimport...[39m[0m
[  31% ] [90m[1mreimport[22m | Preparing files to reimport...[39m[0m
[  31% ] [90m[1mreimport[22m | Preparing files to reimport...[39m[0m
[  31% ] [90m[1mreimport[22m | Preparing files to reimport...[39m[0m
[  31% ] [90m[1mreimport[22m | Preparing files to reimport...[39m[0m
[  32% ] [90m[1mreimport[22m | Preparing files to reimport...[39m[0m
[  32% ] [90m[1mreimport[22m | Preparing files to reimport...[39m[0m
[  32% ] [90m[1mreimport[22m | Preparing files to reimport...[39m[0m
[  32% ] [90m[1mreimport[22m | Preparing files to reimport...[39m[0m
[  32% ] [90m[1mreimport[22m | Preparing files to reimport...[39m[0m
[  32% ] [90m[1mreimport[22m | Preparing files to reimport...[39m[0m
[  32% ] [90m[1mreimport[22m | Preparing files to reimport...[39m[0m
[  33% ] [90m[1mreimport[22m | Preparing files to reimport...[39m[0m
[  33% ] [90m[1mreimport[22m | Preparing files to reimport...[39m[0m
[  33% ] [90m[1mreimport[22m | Preparing files to reimport...[39m[0m
[  33% ] [90m[1mreimport[22m | Preparing files to reimport...[39m[0m
[  33% ] [90m[1mreimport[22m | Preparing files to reimport...[39m[0m
[  33% ] [90m[1mreimport[22m | Preparing files to reimport...[39m[0m
[  33% ] [90m[1mreimport[22m | Preparing files to reimport...[39m[0m
[  34% ] [90m[1mreimport[22m | Preparing files to reimport...[39m[0m
[  34% ] [90m[1mreimport[22m | Preparing files to reimport...[39m[0m
[  34% ] [90m[1mreimport[22m | Preparing files to reimport...[39m[0m
[  34% ] [90m[1mreimport[22m | Preparing files to reimport...[39m[0m
[  34% ] [90m[1mreimport[22m | Preparing files to reimport...[39m[0m
[  34% ] [90m[1mreimport[22m | Preparing files to reimport...[39m[0m
[  34% ] [90m[1mreimport[22m | Preparing files to reimport...[39m[0m
[  35% ] [90m[1mreimport[22m | Preparing files to reimport...[39m[0m
[  35% ] [90m[1mreimport[22m | Preparing files to reimport...[39m[0m
[  35% ] [90m[1mreimport[22m | Preparing files to reimport...[39m[0m
[  35% ] [90m[1mreimport[22m | Preparing files to reimport...[39m[0m
[  35% ] [90m[1mreimport[22m | Preparing files to reimport...[39m[0m
[  35% ] [90m[1mreimport[22m | Preparing files to reimport...[39m[0m
[  35% ] [90m[1mreimport[22m | Preparing files to reimport...[39m[0m
[  36% ] [90m[1mreimport[22m | Preparing files to reimport...[39m[0m
[  36% ] [90m[1mreimport[22m | Preparing files to reimport...[39m[0m
[  36% ] [90m[1mreimport[22m | Preparing files to reimport...[39m[0m
[  36% ] [90m[1mreimport[22m | Preparing files to reimport...[39m[0m
[  36% ] [90m[1mreimport[22m | Preparing files to reimport...[39m[0m
[  36% ] [90m[1mreimport[22m | Preparing files to reimport...[39m[0m
[  36% ] [90m[1mreimport[22m | Preparing files to reimport...[39m[0m
[  37% ] [90m[1mreimport[22m | Preparing files to reimport...[39m[0m
[  37% ] [90m[1mreimport[22m | Preparing files to reimport...[39m[0m
[  37% ] [90m[1mreimport[22m | Preparing files to reimport...[39m[0m
[  37% ] [90m[1mreimport[22m | Preparing files to reimport...[39m[0m
[  37% ] [90m[1mreimport[22m | Preparing files to reimport...[39m[0m
[  37% ] [90m[1mreimport[22m | Preparing files to reimport...[39m[0m
[  37% ] [90m[1mreimport[22m | Preparing files to reimport...[39m[0m
[  38% ] [90m[1mreimport[22m | Preparing files to reimport...[39m[0m
[  38% ] [90m[1mreimport[22m | Preparing files to reimport...[39m[0m
[  38% ] [90m[1mreimport[22m | Preparing files to reimport...[39m[0m
[  38% ] [90m[1mreimport[22m | Preparing files to reimport...[39m[0m
[  38% ] [90m[1mreimport[22m | Preparing files to reimport...[39m[0m
[  38% ] [90m[1mreimport[22m | Preparing files to reimport...[39m[0m
[  38% ] [90m[1mreimport[22m | Preparing files to reimport...[39m[0m
[  39% ] [90m[1mreimport[22m | Preparing files to reimport...[39m[0m
[  39% ] [90m[1mreimport[22m | Preparing files to reimport...[39m[0m
[  39% ] [90m[1mreimport[22m | Preparing files to reimport...[39m[0m
[  39% ] [90m[1mreimport[22m | Preparing files to reimport...[39m[0m
[  39% ] [90m[1mreimport[22m | Preparing files to reimport...[39m[0m
[  39% ] [90m[1mreimport[22m | Preparing files to reimport...[39m[0m
[  39% ] [90m[1mreimport[22m | Preparing files to reimport...[39m[0m
[  40% ] [90m[1mreimport[22m | Preparing files to reimport...[39m[0m
[  40% ] [90m[1mreimport[22m | Preparing files to reimport...[39m[0m
[  40% ] [90m[1mreimport[22m | Preparing files to reimport...[39m[0m
[  40% ] [90m[1mreimport[22m | Preparing files to reimport...[39m[0m
[  40% ] [90m[1mreimport[22m | Preparing files to reimport...[39m[0m
[  40% ] [90m[1mreimport[22m | Preparing files to reimport...[39m[0m
[  40% ] [90m[1mreimport[22m | Preparing files to reimport...[39m[0m
[  41% ] [90m[1mreimport[22m | Preparing files to reimport...[39m[0m
[  41% ] [90m[1mreimport[22m | Preparing files to reimport...[39m[0m
[  41% ] [90m[1mreimport[22m | Preparing files to reimport...[39m[0m
[  41% ] [90m[1mreimport[22m | Preparing files to reimport...[39m[0m
[  41% ] [90m[1mreimport[22m | Preparing files to reimport...[39m[0m
[  41% ] [90m[1mreimport[22m | Preparing files to reimport...[39m[0m
[  41% ] [90m[1mreimport[22m | Preparing files to reimport...[39m[0m
[  42% ] [90m[1mreimport[22m | Preparing files to reimport...[39m[0m
[  42% ] [90m[1mreimport[22m | Preparing files to reimport...[39m[0m
[  42% ] [90m[1mreimport[22m | Preparing files to reimport...[39m[0m
[  42% ] [90m[1mreimport[22m | Preparing files to reimport...[39m[0m
[  42% ] [90m[1mreimport[22m | Preparing files to reimport...[39m[0m
[  42% ] [90m[1mreimport[22m | Preparing files to reimport...[39m[0m
[  42% ] [90m[1mreimport[22m | Preparing files to reimport...[39m[0m
[  43% ] [90m[1mreimport[22m | Preparing files to reimport...[39m[0m
[  43% ] [90m[1mreimport[22m | Preparing files to reimport...[39m[0m
[  43% ] [90m[1mreimport[22m | Preparing files to reimport...[39m[0m
[  43% ] [90m[1mreimport[22m | Preparing files to reimport...[39m[0m
[  43% ] [90m[1mreimport[22m | Preparing files to reimport...[39m[0m
[  43% ] [90m[1mreimport[22m | Preparing files to reimport...[39m[0m
[  43% ] [90m[1mreimport[22m | Preparing files to reimport...[39m[0m
[  44% ] [90m[1mreimport[22m | Preparing files to reimport...[39m[0m
[  44% ] [90m[1mreimport[22m | Preparing files to reimport...[39m[0m
[  44% ] [90m[1mreimport[22m | Preparing files to reimport...[39m[0m
[  44% ] [90m[1mreimport[22m | Preparing files to reimport...[39m[0m
[  44% ] [90m[1mreimport[22m | Preparing files to reimport...[39m[0m
[  44% ] [90m[1mreimport[22m | Preparing files to reimport...[39m[0m
[  44% ] [90m[1mreimport[22m | Preparing files to reimport...[39m[0m
[  45% ] [90m[1mreimport[22m | Preparing files to reimport...[39m[0m
[  45% ] [90m[1mreimport[22m | Preparing files to reimport...[39m[0m
[  45% ] [90m[1mreimport[22m | Preparing files to reimport...[39m[0m
[  45% ] [90m[1mreimport[22m | Preparing files to reimport...[39m[0m
[  45% ] [90m[1mreimport[22m | Preparing files to reimport...[39m[0m
[  45% ] [90m[1mreimport[22m | Preparing files to reimport...[39m[0m
[  45% ] [90m[1mreimport[22m | Preparing files to reimport...[39m[0m
[  46% ] [90m[1mreimport[22m | Preparing files to reimport...[39m[0m
[  46% ] [90m[1mreimport[22m | Preparing files to reimport...[39m[0m
[  46% ] [90m[1mreimport[22m | Preparing files to reimport...[39m[0m
[  46% ] [90m[1mreimport[22m | Preparing files to reimport...[39m[0m
[  46% ] [90m[1mreimport[22m | Preparing files to reimport...[39m[0m
[  46% ] [90m[1mreimport[22m | Preparing files to reimport...[39m[0m
[  46% ] [90m[1mreimport[22m | Preparing files to reimport...[39m[0m
[  47% ] [90m[1mreimport[22m | Preparing files to reimport...[39m[0m
[  47% ] [90m[1mreimport[22m | Preparing files to reimport...[39m[0m
[  47% ] [90m[1mreimport[22m | Preparing files to reimport...[39m[0m
[  47% ] [90m[1mreimport[22m | Preparing files to reimport...[39m[0m
[  47% ] [90m[1mreimport[22m | Preparing files to reimport...[39m[0m
[  47% ] [90m[1mreimport[22m | Preparing files to reimport...[39m[0m
[  47% ] [90m[1mreimport[22m | Preparing files to reimport...[39m[0m
[  48% ] [90m[1mreimport[22m | Preparing files to reimport...[39m[0m
[  48% ] [90m[1mreimport[22m | Preparing files to reimport...[39m[0m
[  48% ] [90m[1mreimport[22m | Preparing files to reimport...[39m[0m
[  48% ] [90m[1mreimport[22m | Preparing files to reimport...[39m[0m
[  48% ] [90m[1mreimport[22m | Preparing files to reimport...[39m[0m
[  48% ] [90m[1mreimport[22m | Preparing files to reimport...[39m[0m
[  48% ] [90m[1mreimport[22m | Preparing files to reimport...[39m[0m
[  49% ] [90m[1mreimport[22m | Preparing files to reimport...[39m[0m
[  49% ] [90m[1mreimport[22m | Preparing files to reimport...[39m[0m
[  49% ] [90m[1mreimport[22m | Preparing files to reimport...[39m[0m
[  49% ] [90m[1mreimport[22m | Preparing files to reimport...[39m[0m
[  49% ] [90m[1mreimport[22m | Preparing files to reimport...[39m[0m
[  49% ] [90m[1mreimport[22m | Preparing files to reimport...[39m[0m
[  49% ] [90m[1mreimport[22m | Preparing files to reimport...[39m[0m
[  50% ] [90m[1mreimport[22m | Preparing files to reimport...[39m[0m
[  50% ] [90m[1mreimport[22m | Preparing files to reimport...[39m[0m
[  50% ] [90m[1mreimport[22m | Preparing files to reimport...[39m[0m
[  50% ] [90m[1mreimport[22m | Preparing files to reimport...[39m[0m
[  50% ] [90m[1mreimport[22m | Preparing files to reimport...[39m[0m
[  50% ] [90m[1mreimport[22m | Preparing files to reimport...[39m[0m
[  50% ] [90m[1mreimport[22m | Preparing files to reimport...[39m[0m
[  51% ] [90m[1mreimport[22m | Preparing files to reimport...[39m[0m
[  51% ] [90m[1mreimport[22m | Preparing files to reimport...[39m[0m
[  51% ] [90m[1mreimport[22m | Preparing files to reimport...[39m[0m
[  51% ] [90m[1mreimport[22m | Preparing files to reimport...[39m[0m
[  51% ] [90m[1mreimport[22m | Preparing files to reimport...[39m[0m
[  51% ] [90m[1mreimport[22m | Preparing files to reimport...[39m[0m
[  51% ] [90m[1mreimport[22m | Preparing files to reimport...[39m[0m
[  52% ] [90m[1mreimport[22m | Preparing files to reimport...[39m[0m
[  52% ] [90m[1mreimport[22m | Preparing files to reimport...[39m[0m
[  52% ] [90m[1mreimport[22m | Preparing files to reimport...[39m[0m
[  52% ] [90m[1mreimport[22m | Preparing files to reimport...[39m[0m
[  52% ] [90m[1mreimport[22m | Preparing files to reimport...[39m[0m
[  52% ] [90m[1mreimport[22m | Preparing files to reimport...[39m[0m
[  52% ] [90m[1mreimport[22m | Preparing files to reimport...[39m[0m
[  52% ] [90m[1mreimport[22m | Preparing files to reimport...[39m[0m
[  53% ] [90m[1mreimport[22m | Preparing files to reimport...[39m[0m
[  53% ] [90m[1mreimport[22m | Preparing files to reimport...[39m[0m
[  53% ] [90m[1mreimport[22m | Preparing files to reimport...[39m[0m
[  53% ] [90m[1mreimport[22m | Preparing files to reimport...[39m[0m
[  53% ] [90m[1mreimport[22m | Preparing files to reimport...[39m[0m
[  53% ] [90m[1mreimport[22m | Preparing files to reimport...[39m[0m
[  54% ] [90m[1mreimport[22m | Preparing files to reimport...[39m[0m
[  54% ] [90m[1mreimport[22m | Preparing files to reimport...[39m[0m
[  54% ] [90m[1mreimport[22m | Preparing files to reimport...[39m[0m
[  54% ] [90m[1mreimport[22m | Preparing files to reimport...[39m[0m
[  54% ] [90m[1mreimport[22m | Preparing files to reimport...[39m[0m
[  54% ] [90m[1mreimport[22m | Preparing files to reimport...[39m[0m
[  54% ] [90m[1mreimport[22m | Preparing files to reimport...[39m[0m
[  55% ] [90m[1mreimport[22m | Preparing files to reimport...[39m[0m
[  55% ] [90m[1mreimport[22m | Preparing files to reimport...[39m[0m
[  55% ] [90m[1mreimport[22m | Preparing files to reimport...[39m[0m
[  55% ] [90m[1mreimport[22m | Preparing files to reimport...[39m[0m
[  55% ] [90m[1mreimport[22m | Preparing files to reimport...[39m[0m
[  55% ] [90m[1mreimport[22m | Preparing files to reimport...[39m[0m
[  55% ] [90m[1mreimport[22m | Preparing files to reimport...[39m[0m
[  56% ] [90m[1mreimport[22m | Preparing files to reimport...[39m[0m
[  56% ] [90m[1mreimport[22m | Preparing files to reimport...[39m[0m
[  56% ] [90m[1mreimport[22m | Preparing files to reimport...[39m[0m
[  56% ] [90m[1mreimport[22m | Preparing files to reimport...[39m[0m
[  56% ] [90m[1mreimport[22m | Preparing files to reimport...[39m[0m
[  56% ] [90m[1mreimport[22m | Preparing files to reimport...[39m[0m
[  56% ] [90m[1mreimport[22m | Preparing files to reimport...[39m[0m
[  57% ] [90m[1mreimport[22m | Preparing files to reimport...[39m[0m
[  57% ] [90m[1mreimport[22m | Preparing files to reimport...[39m[0m
[  57% ] [90m[1mreimport[22m | Preparing files to reimport...[39m[0m
[  57% ] [90m[1mreimport[22m | Preparing files to reimport...[39m[0m
[  57% ] [90m[1mreimport[22m | Preparing files to reimport...[39m[0m
[  57% ] [90m[1mreimport[22m | Preparing files to reimport...[39m[0m
[  57% ] [90m[1mreimport[22m | Preparing files to reimport...[39m[0m
[  58% ] [90m[1mreimport[22m | Preparing files to reimport...[39m[0m
[  58% ] [90m[1mreimport[22m | Preparing files to reimport...[39m[0m
[  58% ] [90m[1mreimport[22m | Preparing files to reimport...[39m[0m
[  58% ] [90m[1mreimport[22m | Preparing files to reimport...[39m[0m
[  58% ] [90m[1mreimport[22m | Preparing files to reimport...[39m[0m
[  58% ] [90m[1mreimport[22m | Preparing files to reimport...[39m[0m
[  58% ] [90m[1mreimport[22m | Preparing files to reimport...[39m[0m
[  58% ] [90m[1mreimport[22m | Preparing files to reimport...[39m[0m
[  59% ] [90m[1mreimport[22m | Preparing files to reimport...[39m[0m
[  59% ] [90m[1mreimport[22m | Preparing files to reimport...[39m[0m
[  59% ] [90m[1mreimport[22m | Preparing files to reimport...[39m[0m
[  59% ] [90m[1mreimport[22m | Preparing files to reimport...[39m[0m
[  59% ] [90m[1mreimport[22m | Preparing files to reimport...[39m[0m
[  59% ] [90m[1mreimport[22m | Preparing files to reimport...[39m[0m
[  60% ] [90m[1mreimport[22m | Preparing files to reimport...[39m[0m
[  60% ] [90m[1mreimport[22m | Preparing files to reimport...[39m[0m
[  60% ] [90m[1mreimport[22m | Preparing files to reimport...[39m[0m
[  60% ] [90m[1mreimport[22m | Preparing files to reimport...[39m[0m
[  60% ] [90m[1mreimport[22m | Preparing files to reimport...[39m[0m
[  60% ] [90m[1mreimport[22m | Preparing files to reimport...[39m[0m
[  60% ] [90m[1mreimport[22m | Preparing files to reimport...[39m[0m
[  61% ] [90m[1mreimport[22m | Preparing files to reimport...[39m[0m
[  61% ] [90m[1mreimport[22m | Preparing files to reimport...[39m[0m
[  61% ] [90m[1mreimport[22m | Preparing files to reimport...[39m[0m
[  61% ] [90m[1mreimport[22m | Preparing files to reimport...[39m[0m
[  61% ] [90m[1mreimport[22m | Preparing files to reimport...[39m[0m
[  61% ] [90m[1mreimport[22m | Preparing files to reimport...[39m[0m
[  61% ] [90m[1mreimport[22m | Preparing files to reimport...[39m[0m
[  62% ] [90m[1mreimport[22m | Preparing files to reimport...[39m[0m
[  62% ] [90m[1mreimport[22m | Preparing files to reimport...[39m[0m
[  62% ] [90m[1mreimport[22m | Preparing files to reimport...[39m[0m
[  62% ] [90m[1mreimport[22m | Preparing files to reimport...[39m[0m
[  62% ] [90m[1mreimport[22m | Preparing files to reimport...[39m[0m
[  62% ] [90m[1mreimport[22m | Preparing files to reimport...[39m[0m
[  62% ] [90m[1mreimport[22m | Preparing files to reimport...[39m[0m
[  63% ] [90m[1mreimport[22m | Preparing files to reimport...[39m[0m
[  63% ] [90m[1mreimport[22m | Preparing files to reimport...[39m[0m
[  63% ] [90m[1mreimport[22m | Preparing files to reimport...[39m[0m
[  63% ] [90m[1mreimport[22m | Preparing files to reimport...[39m[0m
[  63% ] [90m[1mreimport[22m | Preparing files to reimport...[39m[0m
[  63% ] [90m[1mreimport[22m | Preparing files to reimport...[39m[0m
[  63% ] [90m[1mreimport[22m | Preparing files to reimport...[39m[0m
[  64% ] [90m[1mreimport[22m | Preparing files to reimport...[39m[0m
[  64% ] [90m[1mreimport[22m | Preparing files to reimport...[39m[0m
[  64% ] [90m[1mreimport[22m | Preparing files to reimport...[39m[0m
[  64% ] [90m[1mreimport[22m | Preparing files to reimport...[39m[0m
[  64% ] [90m[1mreimport[22m | Preparing files to reimport...[39m[0m
[  64% ] [90m[1mreimport[22m | Preparing files to reimport...[39m[0m
[  64% ] [90m[1mreimport[22m | Preparing files to reimport...[39m[0m
[  65% ] [90m[1mreimport[22m | Preparing files to reimport...[39m[0m
[  65% ] [90m[1mreimport[22m | Preparing files to reimport...[39m[0m
[  65% ] [90m[1mreimport[22m | Preparing files to reimport...[39m[0m
[  65% ] [90m[1mreimport[22m | Preparing files to reimport...[39m[0m
[  65% ] [90m[1mreimport[22m | Preparing files to reimport...[39m[0m
[  65% ] [90m[1mreimport[22m | Preparing files to reimport...[39m[0m
[  65% ] [90m[1mreimport[22m | Preparing files to reimport...[39m[0m
[  66% ] [90m[1mreimport[22m | Preparing files to reimport...[39m[0m
[  66% ] [90m[1mreimport[22m | Preparing files to reimport...[39m[0m
[  66% ] [90m[1mreimport[22m | Preparing files to reimport...[39m[0m
[  66% ] [90m[1mreimport[22m | Preparing files to reimport...[39m[0m
[  66% ] [90m[1mreimport[22m | Preparing files to reimport...[39m[0m
[  66% ] [90m[1mreimport[22m | Preparing files to reimport...[39m[0m
[  66% ] [90m[1mreimport[22m | Preparing files to reimport...[39m[0m
[  67% ] [90m[1mreimport[22m | Preparing files to reimport...[39m[0m
[  67% ] [90m[1mreimport[22m | Preparing files to reimport...[39m[0m
[  67% ] [90m[1mreimport[22m | Preparing files to reimport...[39m[0m
[  67% ] [90m[1mreimport[22m | Preparing files to reimport...[39m[0m
[  67% ] [90m[1mreimport[22m | Preparing files to reimport...[39m[0m
[  67% ] [90m[1mreimport[22m | Preparing files to reimport...[39m[0m
[  67% ] [90m[1mreimport[22m | Preparing files to reimport...[39m[0m
[  68% ] [90m[1mreimport[22m | Preparing files to reimport...[39m[0m
[  68% ] [90m[1mreimport[22m | Preparing files to reimport...[39m[0m
[  68% ] [90m[1mreimport[22m | Preparing files to reimport...[39m[0m
[  68% ] [90m[1mreimport[22m | Preparing files to reimport...[39m[0m
[  68% ] [90m[1mreimport[22m | Preparing files to reimport...[39m[0m
[  68% ] [90m[1mreimport[22m | Preparing files to reimport...[39m[0m
[  68% ] [90m[1mreimport[22m | Preparing files to reimport...[39m[0m
[  69% ] [90m[1mreimport[22m | Preparing files to reimport...[39m[0m
[  69% ] [90m[1mreimport[22m | Preparing files to reimport...[39m[0m
[  69% ] [90m[1mreimport[22m | Preparing files to reimport...[39m[0m
[  69% ] [90m[1mreimport[22m | Preparing files to reimport...[39m[0m
[  69% ] [90m[1mreimport[22m | Preparing files to reimport...[39m[0m
[  69% ] [90m[1mreimport[22m | Preparing files to reimport...[39m[0m
[  69% ] [90m[1mreimport[22m | Preparing files to reimport...[39m[0m
[  70% ] [90m[1mreimport[22m | Preparing files to reimport...[39m[0m
[  70% ] [90m[1mreimport[22m | Preparing files to reimport...[39m[0m
[  70% ] [90m[1mreimport[22m | Preparing files to reimport...[39m[0m
[  70% ] [90m[1mreimport[22m | Preparing files to reimport...[39m[0m
[  70% ] [90m[1mreimport[22m | Preparing files to reimport...[39m[0m
[  70% ] [90m[1mreimport[22m | Preparing files to reimport...[39m[0m
[  70% ] [90m[1mreimport[22m | Preparing files to reimport...[39m[0m
[  71% ] [90m[1mreimport[22m | Preparing files to reimport...[39m[0m
[  71% ] [90m[1mreimport[22m | Preparing files to reimport...[39m[0m
[  71% ] [90m[1mreimport[22m | Preparing files to reimport...[39m[0m
[  71% ] [90m[1mreimport[22m | Preparing files to reimport...[39m[0m
[  71% ] [90m[1mreimport[22m | Preparing files to reimport...[39m[0m
[  71% ] [90m[1mreimport[22m | Preparing files to reimport...[39m[0m
[  71% ] [90m[1mreimport[22m | Preparing files to reimport...[39m[0m
[  72% ] [90m[1mreimport[22m | Preparing files to reimport...[39m[0m
[  72% ] [90m[1mreimport[22m | Preparing files to reimport...[39m[0m
[  72% ] [90m[1mreimport[22m | Preparing files to reimport...[39m[0m
[  72% ] [90m[1mreimport[22m | Preparing files to reimport...[39m[0m
[  72% ] [90m[1mreimport[22m | Preparing files to reimport...[39m[0m
[  72% ] [90m[1mreimport[22m | Preparing files to reimport...[39m[0m
[  72% ] [90m[1mreimport[22m | Preparing files to reimport...[39m[0m
[  73% ] [90m[1mreimport[22m | Preparing files to reimport...[39m[0m
[  73% ] [90m[1mreimport[22m | Preparing files to reimport...[39m[0m
[  73% ] [90m[1mreimport[22m | Preparing files to reimport...[39m[0m
[  73% ] [90m[1mreimport[22m | Preparing files to reimport...[39m[0m
[  73% ] [90m[1mreimport[22m | Preparing files to reimport...[39m[0m
[  73% ] [90m[1mreimport[22m | Preparing files to reimport...[39m[0m
[  73% ] [90m[1mreimport[22m | Preparing files to reimport...[39m[0m
[  74% ] [90m[1mreimport[22m | Preparing files to reimport...[39m[0m
[  74% ] [90m[1mreimport[22m | Preparing files to reimport...[39m[0m
[  74% ] [90m[1mreimport[22m | Preparing files to reimport...[39m[0m
[  74% ] [90m[1mreimport[22m | Preparing files to reimport...[39m[0m
[  74% ] [90m[1mreimport[22m | Preparing files to reimport...[39m[0m
[  74% ] [90m[1mreimport[22m | Preparing files to reimport...[39m[0m
[  74% ] [90m[1mreimport[22m | Preparing files to reimport...[39m[0m
[  75% ] [90m[1mreimport[22m | Preparing files to reimport...[39m[0m
[  75% ] [90m[1mreimport[22m | Preparing files to reimport...[39m[0m
[  75% ] [90m[1mreimport[22m | Preparing files to reimport...[39m[0m
[  75% ] [90m[1mreimport[22m | Preparing files to reimport...[39m[0m
[  75% ] [90m[1mreimport[22m | Preparing files to reimport...[39m[0m
[  75% ] [90m[1mreimport[22m | Preparing files to reimport...[39m[0m
[  75% ] [90m[1mreimport[22m | Preparing files to reimport...[39m[0m
[  76% ] [90m[1mreimport[22m | Preparing files to reimport...[39m[0m
[  76% ] [90m[1mreimport[22m | Preparing files to reimport...[39m[0m
[  76% ] [90m[1mreimport[22m | Preparing files to reimport...[39m[0m
[  76% ] [90m[1mreimport[22m | Preparing files to reimport...[39m[0m
[  76% ] [90m[1mreimport[22m | Preparing files to reimport...[39m[0m
[  76% ] [90m[1mreimport[22m | Preparing files to reimport...[39m[0m
[  76% ] [90m[1mreimport[22m | Preparing files to reimport...[39m[0m
[  77% ] [90m[1mreimport[22m | Preparing files to reimport...[39m[0m
[  77% ] [90m[1mreimport[22m | Preparing files to reimport...[39m[0m
[  77% ] [90m[1mreimport[22m | Preparing files to reimport...[39m[0m
[  77% ] [90m[1mreimport[22m | Preparing files to reimport...[39m[0m
[  77% ] [90m[1mreimport[22m | Preparing files to reimport...[39m[0m
[  77% ] [90m[1mreimport[22m | Preparing files to reimport...[39m[0m
[  77% ] [90m[1mreimport[22m | Preparing files to reimport...[39m[0m
[  78% ] [90m[1mreimport[22m | Preparing files to reimport...[39m[0m
[  78% ] [90m[1mreimport[22m | Preparing files to reimport...[39m[0m
[  78% ] [90m[1mreimport[22m | Preparing files to reimport...[39m[0m
[  78% ] [90m[1mreimport[22m | Preparing files to reimport...[39m[0m
[  78% ] [90m[1mreimport[22m | Preparing files to reimport...[39m[0m
[  78% ] [90m[1mreimport[22m | Preparing files to reimport...[39m[0m
[  78% ] [90m[1mreimport[22m | Preparing files to reimport...[39m[0m
[  79% ] [90m[1mreimport[22m | Preparing files to reimport...[39m[0m
[  79% ] [90m[1mreimport[22m | Preparing files to reimport...[39m[0m
[  79% ] [90m[1mreimport[22m | Preparing files to reimport...[39m[0m
[  79% ] [90m[1mreimport[22m | Preparing files to reimport...[39m[0m
[  79% ] [90m[1mreimport[22m | Preparing files to reimport...[39m[0m
[  79% ] [90m[1mreimport[22m | Preparing files to reimport...[39m[0m
[  79% ] [90m[1mreimport[22m | Preparing files to reimport...[39m[0m
[  80% ] [90m[1mreimport[22m | Preparing files to reimport...[39m[0m
[  80% ] [90m[1mreimport[22m | Preparing files to reimport...[39m[0m
[  80% ] [90m[1mreimport[22m | Preparing files to reimport...[39m[0m
[  80% ] [90m[1mreimport[22m | Preparing files to reimport...[39m[0m
[  80% ] [90m[1mreimport[22m | Preparing files to reimport...[39m[0m
[  80% ] [90m[1mreimport[22m | Preparing files to reimport...[39m[0m
[  80% ] [90m[1mreimport[22m | Preparing files to reimport...[39m[0m
[  81% ] [90m[1mreimport[22m | Preparing files to reimport...[39m[0m
[  81% ] [90m[1mreimport[22m | Preparing files to reimport...[39m[0m
[  81% ] [90m[1mreimport[22m | Preparing files to reimport...[39m[0m
[  81% ] [90m[1mreimport[22m | Preparing files to reimport...[39m[0m
[  81% ] [90m[1mreimport[22m | Preparing files to reimport...[39m[0m
[  81% ] [90m[1mreimport[22m | Preparing files to reimport...[39m[0m
[  81% ] [90m[1mreimport[22m | Preparing files to reimport...[39m[0m
[  82% ] [90m[1mreimport[22m | Preparing files to reimport...[39m[0m
[  82% ] [90m[1mreimport[22m | Preparing files to reimport...[39m[0m
[  82% ] [90m[1mreimport[22m | Preparing files to reimport...[39m[0m
[  82% ] [90m[1mreimport[22m | Preparing files to reimport...[39m[0m
[  82% ] [90m[1mreimport[22m | Preparing files to reimport...[39m[0m
[  82% ] [90m[1mreimport[22m | Preparing files to reimport...[39m[0m
[  82% ] [90m[1mreimport[22m | Preparing files to reimport...[39m[0m
[  83% ] [90m[1mreimport[22m | Preparing files to reimport...[39m[0m
[  83% ] [90m[1mreimport[22m | Preparing files to reimport...[39m[0m
[  83% ] [90m[1mreimport[22m | Preparing files to reimport...[39m[0m
[  83% ] [90m[1mreimport[22m | Preparing files to reimport...[39m[0m
[  83% ] [90m[1mreimport[22m | Preparing files to reimport...[39m[0m
[  83% ] [90m[1mreimport[22m | Preparing files to reimport...[39m[0m
[  83% ] [90m[1mreimport[22m | Preparing files to reimport...[39m[0m
[  84% ] [90m[1mreimport[22m | Preparing files to reimport...[39m[0m
[  84% ] [90m[1mreimport[22m | Preparing files to reimport...[39m[0m
[  84% ] [90m[1mreimport[22m | Preparing files to reimport...[39m[0m
[  84% ] [90m[1mreimport[22m | Preparing files to reimport...[39m[0m
[  84% ] [90m[1mreimport[22m | Preparing files to reimport...[39m[0m
[  84% ] [90m[1mreimport[22m | Preparing files to reimport...[39m[0m
[  84% ] [90m[1mreimport[22m | Preparing files to reimport...[39m[0m
[  85% ] [90m[1mreimport[22m | Preparing files to reimport...[39m[0m
[  85% ] [90m[1mreimport[22m | Preparing files to reimport...[39m[0m
[  85% ] [90m[1mreimport[22m | Preparing files to reimport...[39m[0m
[  85% ] [90m[1mreimport[22m | Preparing files to reimport...[39m[0m
[  85% ] [90m[1mreimport[22m | Preparing files to reimport...[39m[0m
[  85% ] [90m[1mreimport[22m | Preparing files to reimport...[39m[0m
[  85% ] [90m[1mreimport[22m | Preparing files to reimport...[39m[0m
[  86% ] [90m[1mreimport[22m | Preparing files to reimport...[39m[0m
[  86% ] [90m[1mreimport[22m | Preparing files to reimport...[39m[0m
[  86% ] [90m[1mreimport[22m | Preparing files to reimport...[39m[0m
[  86% ] [90m[1mreimport[22m | Preparing files to reimport...[39m[0m
[  86% ] [90m[1mreimport[22m | Preparing files to reimport...[39m[0m
[  86% ] [90m[1mreimport[22m | Preparing files to reimport...[39m[0m
[  86% ] [90m[1mreimport[22m | Preparing files to reimport...[39m[0m
[  87% ] [90m[1mreimport[22m | Preparing files to reimport...[39m[0m
[  87% ] [90m[1mreimport[22m | Preparing files to reimport...[39m[0m
[  87% ] [90m[1mreimport[22m | Preparing files to reimport...[39m[0m
[  87% ] [90m[1mreimport[22m | Preparing files to reimport...[39m[0m
[  87% ] [90m[1mreimport[22m | Preparing files to reimport...[39m[0m
[  87% ] [90m[1mreimport[22m | Preparing files to reimport...[39m[0m
[  87% ] [90m[1mreimport[22m | Preparing files to reimport...[39m[0m
[  88% ] [90m[1mreimport[22m | Preparing files to reimport...[39m[0m
[  88% ] [90m[1mreimport[22m | Preparing files to reimport...[39m[0m
[  88% ] [90m[1mreimport[22m | Preparing files to reimport...[39m[0m
[  88% ] [90m[1mreimport[22m | Preparing files to reimport...[39m[0m
[  88% ] [90m[1mreimport[22m | Preparing files to reimport...[39m[0m
[  88% ] [90m[1mreimport[22m | Preparing files to reimport...[39m[0m
[  88% ] [90m[1mreimport[22m | Preparing files to reimport...[39m[0m
[  89% ] [90m[1mreimport[22m | Preparing files to reimport...[39m[0m
[  89% ] [90m[1mreimport[22m | Preparing files to reimport...[39m[0m
[  89% ] [90m[1mreimport[22m | Preparing files to reimport...[39m[0m
[  89% ] [90m[1mreimport[22m | Preparing files to reimport...[39m[0m
[  89% ] [90m[1mreimport[22m | Preparing files to reimport...[39m[0m
[  89% ] [90m[1mreimport[22m | Preparing files to reimport...[39m[0m
[  89% ] [90m[1mreimport[22m | Preparing files to reimport...[39m[0m
[  90% ] [90m[1mreimport[22m | Preparing files to reimport...[39m[0m
[  90% ] [90m[1mreimport[22m | Preparing files to reimport...[39m[0m
[  90% ] [90m[1mreimport[22m | Preparing files to reimport...[39m[0m
[  90% ] [90m[1mreimport[22m | Preparing files to reimport...[39m[0m
[  90% ] [90m[1mreimport[22m | Preparing files to reimport...[39m[0m
[  90% ] [90m[1mreimport[22m | Preparing files to reimport...[39m[0m
[  90% ] [90m[1mreimport[22m | Preparing files to reimport...[39m[0m
[  91% ] [90m[1mreimport[22m | Preparing files to reimport...[39m[0m
[  91% ] [90m[1mreimport[22m | Preparing files to reimport...[39m[0m
[  91% ] [90m[1mreimport[22m | Preparing files to reimport...[39m[0m
[  91% ] [90m[1mreimport[22m | Preparing files to reimport...[39m[0m
[  91% ] [90m[1mreimport[22m | Preparing files to reimport...[39m[0m
[  91% ] [90m[1mreimport[22m | Preparing files to reimport...[39m[0m
[  91% ] [90m[1mreimport[22m | Preparing files to reimport...[39m[0m
[  92% ] [90m[1mreimport[22m | Preparing files to reimport...[39m[0m
[  92% ] [90m[1mreimport[22m | Preparing files to reimport...[39m[0m
[  92% ] [90m[1mreimport[22m | Preparing files to reimport...[39m[0m
[  92% ] [90m[1mreimport[22m | Preparing files to reimport...[39m[0m
[  92% ] [90m[1mreimport[22m | Preparing files to reimport...[39m[0m
[  92% ] [90m[1mreimport[22m | Preparing files to reimport...[39m[0m
[  92% ] [90m[1mreimport[22m | Preparing files to reimport...[39m[0m
[  93% ] [90m[1mreimport[22m | Preparing files to reimport...[39m[0m
[  93% ] [90m[1mreimport[22m | Preparing files to reimport...[39m[0m
[  93% ] [90m[1mreimport[22m | Preparing files to reimport...[39m[0m
[  93% ] [90m[1mreimport[22m | Preparing files to reimport...[39m[0m
[  93% ] [90m[1mreimport[22m | Preparing files to reimport...[39m[0m
[  93% ] [90m[1mreimport[22m | Preparing files to reimport...[39m[0m
[  93% ] [90m[1mreimport[22m | Preparing files to reimport...[39m[0m
[  94% ] [90m[1mreimport[22m | Preparing files to reimport...[39m[0m
[  94% ] [90m[1mreimport[22m | Preparing files to reimport...[39m[0m
[  94% ] [90m[1mreimport[22m | Preparing files to reimport...[39m[0m
[  94% ] [90m[1mreimport[22m | Preparing files to reimport...[39m[0m
[  94% ] [90m[1mreimport[22m | Preparing files to reimport...[39m[0m
[  94% ] [90m[1mreimport[22m | Preparing files to reimport...[39m[0m
[  94% ] [90m[1mreimport[22m | Preparing files to reimport...[39m[0m
[  95% ] [90m[1mreimport[22m | Preparing files to reimport...[39m[0m
[  95% ] [90m[1mreimport[22m | Preparing files to reimport...[39m[0m
[  95% ] [90m[1mreimport[22m | Preparing files to reimport...[39m[0m
[  95% ] [90m[1mreimport[22m | Preparing files to reimport...[39m[0m
[  95% ] [90m[1mreimport[22m | Preparing files to reimport...[39m[0m
[  95% ] [90m[1mreimport[22m | Preparing files to reimport...[39m[0m
[  95% ] [90m[1mreimport[22m | Preparing files to reimport...[39m[0m
[  96% ] [90m[1mreimport[22m | Preparing files to reimport...[39m[0m
[  96% ] [90m[1mreimport[22m | Preparing files to reimport...[39m[0m
[  96% ] [90m[1mreimport[22m | Preparing files to reimport...[39m[0m
[  96% ] [90m[1mreimport[22m | Preparing files to reimport...[39m[0m
[  96% ] [90m[1mreimport[22m | Preparing files to reimport...[39m[0m
[  96% ] [90m[1mreimport[22m | Preparing files to reimport...[39m[0m
[  96% ] [90m[1mreimport[22m | Preparing files to reimport...[39m[0m
[  97% ] [90m[1mreimport[22m | Preparing files to reimport...[39m[0m
[  97% ] [90m[1mreimport[22m | Preparing files to reimport...[39m[0m
[  97% ] [90m[1mreimport[22m | Preparing files to reimport...[39m[0m
[  97% ] [90m[1mreimport[22m | Preparing files to reimport...[39m[0m
[  97% ] [90m[1mreimport[22m | Preparing files to reimport...[39m[0m
[  97% ] [90m[1mreimport[22m | Preparing files to reimport...[39m[0m
[  97% ] [90m[1mreimport[22m | Preparing files to reimport...[39m[0m
[  98% ] [90m[1mreimport[22m | Preparing files to reimport...[39m[0m
[  98% ] [90m[1mreimport[22m | Preparing files to reimport...[39m[0m
[  98% ] [90m[1mreimport[22m | Preparing files to reimport...[39m[0m
[  98% ] [90m[1mreimport[22m | Preparing files to reimport...[39m[0m
[  98% ] [90m[1mreimport[22m | Preparing files to reimport...[39m[0m
[  98% ] [90m[1mreimport[22m | Preparing files to reimport...[39m[0m
[  98% ] [90m[1mreimport[22m | Preparing files to reimport...[39m[0m
[  99% ] [90m[1mreimport[22m | Preparing files to reimport...[39m[0m
[  99% ] [90m[1mreimport[22m | Preparing files to reimport...[39m[0m
[  99% ] [90m[1mreimport[22m | Preparing files to reimport...[39m[0m
[  99% ] [90m[1mreimport[22m | Preparing files to reimport...[39m[0m
[  99% ] [90m[1mreimport[22m | Preparing files to reimport...[39m[0m
[  99% ] [90m[1mreimport[22m | Preparing files to reimport...[39m[0m
[   0% ] [90m[1mreimport[22m | Executing pre-reimport operations...[39m[0m
[   0% ] [90m[1mreimport[22m | faction_trc_benelli_m2.png[39m[0m
[   0% ] [90m[1mreimport[22m | faction_trc_benelli_m4.png[39m[0m
[   0% ] [90m[1mreimport[22m | faction_trc_cz75.png[39m[0m
[   0% ] [90m[1mreimport[22m | faction_trc_desert_eagle.png[39m[0m
[   0% ] [90m[1mreimport[22m | faction_trc_five_seven.png[39m[0m
[   0% ] [90m[1mreimport[22m | faction_trc_g36c.png[39m[0m
[   0% ] [90m[1mreimport[22m | faction_trc_glock_17.png[39m[0m
[   1% ] [90m[1mreimport[22m | faction_trc_m4a1.png[39m[0m
[   1% ] [90m[1mreimport[22m | faction_trc_m1911.png[39m[0m
[   1% ] [90m[1mreimport[22m | faction_trc_mac10.png[39m[0m
[   1% ] [90m[1mreimport[22m | faction_trc_mini14.png[39m[0m
[   1% ] [90m[1mreimport[22m | faction_trc_moss500.png[39m[0m
[   1% ] [90m[1mreimport[22m | faction_trc_mp5.png[39m[0m
[   1% ] [90m[1mreimport[22m | faction_trc_mp5k.png[39m[0m
[   2% ] [90m[1mreimport[22m | faction_trc_p90.png[39m[0m
[   2% ] [90m[1mreimport[22m | faction_trc_psg1.png[39m[0m
[   2% ] [90m[1mreimport[22m | faction_trc_rem700.png[39m[0m
[   2% ] [90m[1mreimport[22m | faction_trc_rem870.png[39m[0m
[   2% ] [90m[1mreimport[22m | faction_trc_saiga12.png[39m[0m
[   2% ] [90m[1mreimport[22m | faction_trc_scar_h.png[39m[0m
[   2% ] [90m[1mreimport[22m | faction_trc_sks.png[39m[0m
[   3% ] [90m[1mreimport[22m | faction_stateline_m1911.png[39m[0m
[   3% ] [90m[1mreimport[22m | faction_stateline_mac10.png[39m[0m
[   3% ] [90m[1mreimport[22m | faction_stateline_mini14.png[39m[0m
[   3% ] [90m[1mreimport[22m | faction_stateline_moss500.png[39m[0m
[   3% ] [90m[1mreimport[22m | faction_stateline_mp5.png[39m[0m
[   3% ] [90m[1mreimport[22m | faction_stateline_mp5k.png[39m[0m
[   3% ] [90m[1mreimport[22m | faction_stateline_p90.png[39m[0m
[   4% ] [90m[1mreimport[22m | faction_stateline_psg1.png[39m[0m
[   4% ] [90m[1mreimport[22m | faction_stateline_rem700.png[39m[0m
[   4% ] [90m[1mreimport[22m | faction_stateline_rem870.png[39m[0m
[   4% ] [90m[1mreimport[22m | faction_stateline_saiga12.png[39m[0m
[   4% ] [90m[1mreimport[22m | faction_stateline_scar_h.png[39m[0m
[   4% ] [90m[1mreimport[22m | faction_stateline_sks.png[39m[0m
[   4% ] [90m[1mreimport[22m | faction_stateline_spas12.png[39m[0m
[   5% ] [90m[1mreimport[22m | faction_stateline_ssg69.png[39m[0m
[   5% ] [90m[1mreimport[22m | faction_stateline_svd.png[39m[0m
[   5% ] [90m[1mreimport[22m | faction_stateline_usp.png[39m[0m
[   5% ] [90m[1mreimport[22m | faction_stateline_uzi.png[39m[0m
[   5% ] [90m[1mreimport[22m | faction_stateline_vector.png[39m[0m
[   5% ] [90m[1mreimport[22m | faction_trc_ak47.png[39m[0m
[   5% ] [90m[1mreimport[22m | faction_trc_aug.png[39m[0m
[   6% ] [90m[1mreimport[22m | faction_trc_awm.png[39m[0m
[   6% ] [90m[1mreimport[22m | faction_union_sur_mp5k.png[39m[0m
[   6% ] [90m[1mreimport[22m | faction_union_sur_p90.png[39m[0m
[   6% ] [90m[1mreimport[22m | faction_union_sur_psg1.png[39m[0m
[   6% ] [90m[1mreimport[22m | faction_union_sur_rem700.png[39m[0m
[   6% ] [90m[1mreimport[22m | faction_union_sur_rem870.png[39m[0m
[   6% ] [90m[1mreimport[22m | faction_union_sur_saiga12.png[39m[0m
[   7% ] [90m[1mreimport[22m | faction_union_sur_scar_h.png[39m[0m
[   7% ] [90m[1mreimport[22m | faction_union_sur_sks.png[39m[0m
[   7% ] [90m[1mreimport[22m | faction_union_sur_spas12.png[39m[0m
[   7% ] [90m[1mreimport[22m | faction_union_sur_ssg69.png[39m[0m
[   7% ] [90m[1mreimport[22m | faction_union_sur_svd.png[39m[0m
[   7% ] [90m[1mreimport[22m | faction_union_sur_usp.png[39m[0m
[   7% ] [90m[1mreimport[22m | faction_union_sur_uzi.png[39m[0m
[   8% ] [90m[1mreimport[22m | faction_union_sur_vector.png[39m[0m
[   8% ] [90m[1mreimport[22m | faction_ventresca_ak47.png[39m[0m
[   8% ] [90m[1mreimport[22m | faction_ventresca_aug.png[39m[0m
[   8% ] [90m[1mreimport[22m | faction_ventresca_awm.png[39m[0m
[   8% ] [90m[1mreimport[22m | faction_ventresca_benelli_m2.png[39m[0m
[   8% ] [90m[1mreimport[22m | faction_ventresca_benelli_m4.png[39m[0m
[   8% ] [90m[1mreimport[22m | faction_ventresca_cz75.png[39m[0m
[   9% ] [90m[1mreimport[22m | faction_ventresca_desert_eagle.png[39m[0m
[   9% ] [90m[1mreimport[22m | faction_ventresca_five_seven.png[39m[0m
[   9% ] [90m[1mreimport[22m | faction_trc_spas12.png[39m[0m
[   9% ] [90m[1mreimport[22m | faction_trc_ssg69.png[39m[0m
[   9% ] [90m[1mreimport[22m | faction_trc_svd.png[39m[0m
[   9% ] [90m[1mreimport[22m | faction_trc_usp.png[39m[0m
[   9% ] [90m[1mreimport[22m | faction_trc_uzi.png[39m[0m
[  10% ] [90m[1mreimport[22m | faction_trc_vector.png[39m[0m
[  10% ] [90m[1mreimport[22m | faction_union_sur_ak47.png[39m[0m
[  10% ] [90m[1mreimport[22m | faction_union_sur_aug.png[39m[0m
[  10% ] [90m[1mreimport[22m | faction_union_sur_awm.png[39m[0m
[  10% ] [90m[1mreimport[22m | faction_union_sur_benelli_m2.png[39m[0m
[  10% ] [90m[1mreimport[22m | faction_union_sur_benelli_m4.png[39m[0m
[  10% ] [90m[1mreimport[22m | faction_union_sur_cz75.png[39m[0m
[  11% ] [90m[1mreimport[22m | faction_union_sur_desert_eagle.png[39m[0m
[  11% ] [90m[1mreimport[22m | faction_union_sur_five_seven.png[39m[0m
[  11% ] [90m[1mreimport[22m | faction_union_sur_g36c.png[39m[0m
[  11% ] [90m[1mreimport[22m | faction_union_sur_glock_17.png[39m[0m
[  11% ] [90m[1mreimport[22m | faction_union_sur_m4a1.png[39m[0m
[  11% ] [90m[1mreimport[22m | faction_union_sur_m1911.png[39m[0m
[  11% ] [90m[1mreimport[22m | faction_union_sur_mac10.png[39m[0m
[  12% ] [90m[1mreimport[22m | faction_union_sur_mini14.png[39m[0m
[  12% ] [90m[1mreimport[22m | faction_union_sur_moss500.png[39m[0m
[  12% ] [90m[1mreimport[22m | faction_union_sur_mp5.png[39m[0m
[  12% ] [90m[1mreimport[22m | faction_sand_raiders_desert_eagle.png[39m[0m
[  12% ] [90m[1mreimport[22m | faction_sand_raiders_five_seven.png[39m[0m
[  12% ] [90m[1mreimport[22m | faction_sand_raiders_g36c.png[39m[0m
[  12% ] [90m[1mreimport[22m | faction_sand_raiders_glock_17.png[39m[0m
[  13% ] [90m[1mreimport[22m | faction_sand_raiders_m4a1.png[39m[0m
[  13% ] [90m[1mreimport[22m | faction_sand_raiders_m1911.png[39m[0m
[  13% ] [90m[1mreimport[22m | faction_sand_raiders_mac10.png[39m[0m
[  13% ] [90m[1mreimport[22m | faction_sand_raiders_mini14.png[39m[0m
[  13% ] [90m[1mreimport[22m | faction_sand_raiders_moss500.png[39m[0m
[  13% ] [90m[1mreimport[22m | faction_sand_raiders_mp5.png[39m[0m
[  13% ] [90m[1mreimport[22m | faction_sand_raiders_mp5k.png[39m[0m
[  14% ] [90m[1mreimport[22m | faction_sand_raiders_p90.png[39m[0m
[  14% ] [90m[1mreimport[22m | faction_sand_raiders_psg1.png[39m[0m
[  14% ] [90m[1mreimport[22m | faction_sand_raiders_rem700.png[39m[0m
[  14% ] [90m[1mreimport[22m | faction_sand_raiders_rem870.png[39m[0m
[  14% ] [90m[1mreimport[22m | faction_sand_raiders_saiga12.png[39m[0m
[  14% ] [90m[1mreimport[22m | faction_sand_raiders_scar_h.png[39m[0m
[  14% ] [90m[1mreimport[22m | faction_sand_raiders_sks.png[39m[0m
[  15% ] [90m[1mreimport[22m | faction_sand_raiders_spas12.png[39m[0m
[  15% ] [90m[1mreimport[22m | faction_sand_raiders_ssg69.png[39m[0m
[  15% ] [90m[1mreimport[22m | faction_sand_raiders_svd.png[39m[0m
[  15% ] [90m[1mreimport[22m | faction_saffar_moss500.png[39m[0m
[  15% ] [90m[1mreimport[22m | faction_saffar_mp5.png[39m[0m
[  15% ] [90m[1mreimport[22m | faction_saffar_mp5k.png[39m[0m
[  15% ] [90m[1mreimport[22m | faction_saffar_p90.png[39m[0m
[  16% ] [90m[1mreimport[22m | faction_saffar_psg1.png[39m[0m
[  16% ] [90m[1mreimport[22m | faction_saffar_rem700.png[39m[0m
[  16% ] [90m[1mreimport[22m | faction_saffar_rem870.png[39m[0m
[  16% ] [90m[1mreimport[22m | faction_saffar_saiga12.png[39m[0m
[  16% ] [90m[1mreimport[22m | faction_saffar_scar_h.png[39m[0m
[  16% ] [90m[1mreimport[22m | faction_saffar_sks.png[39m[0m
[  16% ] [90m[1mreimport[22m | faction_saffar_spas12.png[39m[0m
[  17% ] [90m[1mreimport[22m | faction_saffar_ssg69.png[39m[0m
[  17% ] [90m[1mreimport[22m | faction_saffar_svd.png[39m[0m
[  17% ] [90m[1mreimport[22m | faction_saffar_usp.png[39m[0m
[  17% ] [90m[1mreimport[22m | faction_saffar_uzi.png[39m[0m
[  17% ] [90m[1mreimport[22m | faction_saffar_vector.png[39m[0m
[  17% ] [90m[1mreimport[22m | faction_sand_raiders_ak47.png[39m[0m
[  17% ] [90m[1mreimport[22m | faction_sand_raiders_aug.png[39m[0m
[  18% ] [90m[1mreimport[22m | faction_sand_raiders_awm.png[39m[0m
[  18% ] [90m[1mreimport[22m | faction_sand_raiders_benelli_m2.png[39m[0m
[  18% ] [90m[1mreimport[22m | faction_sand_raiders_benelli_m4.png[39m[0m
[  18% ] [90m[1mreimport[22m | faction_sand_raiders_cz75.png[39m[0m
[  18% ] [90m[1mreimport[22m | faction_sierra_roja_rem700.png[39m[0m
[  18% ] [90m[1mreimport[22m | faction_sierra_roja_rem870.png[39m[0m
[  18% ] [90m[1mreimport[22m | faction_sierra_roja_saiga12.png[39m[0m
[  19% ] [90m[1mreimport[22m | faction_sierra_roja_scar_h.png[39m[0m
[  19% ] [90m[1mreimport[22m | faction_sierra_roja_sks.png[39m[0m
[  19% ] [90m[1mreimport[22m | faction_sierra_roja_spas12.png[39m[0m
[  19% ] [90m[1mreimport[22m | faction_sierra_roja_ssg69.png[39m[0m
[  19% ] [90m[1mreimport[22m | faction_sierra_roja_svd.png[39m[0m
[  19% ] [90m[1mreimport[22m | faction_sierra_roja_usp.png[39m[0m
[  19% ] [90m[1mreimport[22m | faction_sierra_roja_uzi.png[39m[0m
[  20% ] [90m[1mreimport[22m | faction_sierra_roja_vector.png[39m[0m
[  20% ] [90m[1mreimport[22m | faction_stateline_ak47.png[39m[0m
[  20% ] [90m[1mreimport[22m | faction_stateline_aug.png[39m[0m
[  20% ] [90m[1mreimport[22m | faction_stateline_awm.png[39m[0m
[  20% ] [90m[1mreimport[22m | faction_stateline_benelli_m2.png[39m[0m
[  20% ] [90m[1mreimport[22m | faction_stateline_benelli_m4.png[39m[0m
[  20% ] [90m[1mreimport[22m | faction_stateline_cz75.png[39m[0m
[  21% ] [90m[1mreimport[22m | faction_stateline_desert_eagle.png[39m[0m
[  21% ] [90m[1mreimport[22m | faction_stateline_five_seven.png[39m[0m
[  21% ] [90m[1mreimport[22m | faction_stateline_g36c.png[39m[0m
[  21% ] [90m[1mreimport[22m | faction_stateline_glock_17.png[39m[0m
[  21% ] [90m[1mreimport[22m | faction_stateline_m4a1.png[39m[0m
[  21% ] [90m[1mreimport[22m | faction_sand_raiders_usp.png[39m[0m
[  21% ] [90m[1mreimport[22m | faction_sand_raiders_uzi.png[39m[0m
[  22% ] [90m[1mreimport[22m | faction_sand_raiders_vector.png[39m[0m
[  22% ] [90m[1mreimport[22m | faction_sierra_roja_ak47.png[39m[0m
[  22% ] [90m[1mreimport[22m | faction_sierra_roja_aug.png[39m[0m
[  22% ] [90m[1mreimport[22m | faction_sierra_roja_awm.png[39m[0m
[  22% ] [90m[1mreimport[22m | faction_sierra_roja_benelli_m2.png[39m[0m
[  22% ] [90m[1mreimport[22m | faction_sierra_roja_benelli_m4.png[39m[0m
[  22% ] [90m[1mreimport[22m | faction_sierra_roja_cz75.png[39m[0m
[  23% ] [90m[1mreimport[22m | faction_sierra_roja_desert_eagle.png[39m[0m
[  23% ] [90m[1mreimport[22m | faction_sierra_roja_five_seven.png[39m[0m
[  23% ] [90m[1mreimport[22m | faction_sierra_roja_g36c.png[39m[0m
[  23% ] [90m[1mreimport[22m | faction_sierra_roja_glock_17.png[39m[0m
[  23% ] [90m[1mreimport[22m | faction_sierra_roja_m4a1.png[39m[0m
[  23% ] [90m[1mreimport[22m | faction_sierra_roja_m1911.png[39m[0m
[  23% ] [90m[1mreimport[22m | faction_sierra_roja_mac10.png[39m[0m
[  24% ] [90m[1mreimport[22m | faction_sierra_roja_mini14.png[39m[0m
[  24% ] [90m[1mreimport[22m | faction_sierra_roja_moss500.png[39m[0m
[  24% ] [90m[1mreimport[22m | faction_sierra_roja_mp5.png[39m[0m
[  24% ] [90m[1mreimport[22m | faction_sierra_roja_mp5k.png[39m[0m
[  24% ] [90m[1mreimport[22m | faction_sierra_roja_p90.png[39m[0m
[  24% ] [90m[1mreimport[22m | faction_sierra_roja_psg1.png[39m[0m
[  24% ] [90m[1mreimport[22m | faction_zangyaku_uzi.png[39m[0m
[  25% ] [90m[1mreimport[22m | faction_zangyaku_vector.png[39m[0m
[  25% ] [90m[1mreimport[22m | mercer_awm.png[39m[0m
[  25% ] [90m[1mreimport[22m | mercer_dual_glock.png[39m[0m
[  25% ] [90m[1mreimport[22m | mercer_psg1.png[39m[0m
[  25% ] [90m[1mreimport[22m | mercer_rem700.png[39m[0m
[  25% ] [90m[1mreimport[22m | mercer_sks.png[39m[0m
[  25% ] [90m[1mreimport[22m | mercer_ssg69.png[39m[0m
[  26% ] [90m[1mreimport[22m | mercer_svd.png[39m[0m
[  26% ] [90m[1mreimport[22m | 0_ak_rifle.png[39m[0m
[  26% ] [90m[1mreimport[22m | 0_pistol.png[39m[0m
[  26% ] [90m[1mreimport[22m | 0_pump_shotgun.png[39m[0m
[  26% ] [90m[1mreimport[22m | 0_uzi_smg.png[39m[0m
[  26% ] [90m[1mreimport[22m | 1_ak_rifle.png[39m[0m
[  26% ] [90m[1mreimport[22m | 1_pistol.png[39m[0m
[  27% ] [90m[1mreimport[22m | 1_pump_shotgun.png[39m[0m
[  27% ] [90m[1mreimport[22m | 1_uzi_smg.png[39m[0m
[  27% ] [90m[1mreimport[22m | aug.png[39m[0m
[  27% ] [90m[1mreimport[22m | benelli_m2.png[39m[0m
[  27% ] [90m[1mreimport[22m | benelli_m4.png[39m[0m
[  27% ] [90m[1mreimport[22m | mini14.png[39m[0m
[  27% ] [90m[1mreimport[22m | faction_zangyaku_desert_eagle.png[39m[0m
[  28% ] [90m[1mreimport[22m | faction_zangyaku_five_seven.png[39m[0m
[  28% ] [90m[1mreimport[22m | faction_zangyaku_g36c.png[39m[0m
[  28% ] [90m[1mreimport[22m | faction_zangyaku_glock_17.png[39m[0m
[  28% ] [90m[1mreimport[22m | faction_zangyaku_m4a1.png[39m[0m
[  28% ] [90m[1mreimport[22m | faction_zangyaku_m1911.png[39m[0m
[  28% ] [90m[1mreimport[22m | faction_zangyaku_mac10.png[39m[0m
[  28% ] [90m[1mreimport[22m | faction_zangyaku_mini14.png[39m[0m
[  29% ] [90m[1mreimport[22m | faction_zangyaku_moss500.png[39m[0m
[  29% ] [90m[1mreimport[22m | faction_zangyaku_mp5.png[39m[0m
[  29% ] [90m[1mreimport[22m | faction_zangyaku_mp5k.png[39m[0m
[  29% ] [90m[1mreimport[22m | faction_zangyaku_p90.png[39m[0m
[  29% ] [90m[1mreimport[22m | faction_zangyaku_psg1.png[39m[0m
[  29% ] [90m[1mreimport[22m | faction_zangyaku_rem700.png[39m[0m
[  29% ] [90m[1mreimport[22m | faction_zangyaku_rem870.png[39m[0m
[  30% ] [90m[1mreimport[22m | faction_zangyaku_saiga12.png[39m[0m
[  30% ] [90m[1mreimport[22m | faction_zangyaku_scar_h.png[39m[0m
[  30% ] [90m[1mreimport[22m | faction_zangyaku_sks.png[39m[0m
[  30% ] [90m[1mreimport[22m | faction_zangyaku_spas12.png[39m[0m
[  30% ] [90m[1mreimport[22m | faction_zangyaku_ssg69.png[39m[0m
[  30% ] [90m[1mreimport[22m | faction_zangyaku_svd.png[39m[0m
[  30% ] [90m[1mreimport[22m | faction_zangyaku_usp.png[39m[0m
[  31% ] [90m[1mreimport[22m | 0_usp.png[39m[0m
[  31% ] [90m[1mreimport[22m | 0_vector.png[39m[0m
[  31% ] [90m[1mreimport[22m | 1_aug.png[39m[0m
[  31% ] [90m[1mreimport[22m | 1_benelli_m2.png[39m[0m
[  31% ] [90m[1mreimport[22m | 1_benelli_m4.png[39m[0m
[  31% ] [90m[1mreimport[22m | 1_cz75.png[39m[0m
[  31% ] [90m[1mreimport[22m | 1_desert_eagle.png[39m[0m
[  32% ] [90m[1mreimport[22m | 1_five_seven.png[39m[0m
[  32% ] [90m[1mreimport[22m | 1_g36c.png[39m[0m
[  32% ] [90m[1mreimport[22m | 1_m4a1.png[39m[0m
[  32% ] [90m[1mreimport[22m | 1_m1911.png[39m[0m
[  32% ] [90m[1mreimport[22m | 1_mac10.png[39m[0m
[  32% ] [90m[1mreimport[22m | 1_mini14.png[39m[0m
[  32% ] [90m[1mreimport[22m | 1_moss500.png[39m[0m
[  33% ] [90m[1mreimport[22m | 1_mp5.png[39m[0m
[  33% ] [90m[1mreimport[22m | 1_mp5k.png[39m[0m
[  33% ] [90m[1mreimport[22m | 1_p90.png[39m[0m
[  33% ] [90m[1mreimport[22m | 1_saiga12.png[39m[0m
[  33% ] [90m[1mreimport[22m | 1_scar_h.png[39m[0m
[  33% ] [90m[1mreimport[22m | 1_spas12.png[39m[0m
[  33% ] [90m[1mreimport[22m | 1_usp.png[39m[0m
[  34% ] [90m[1mreimport[22m | 1_vector.png[39m[0m
[  34% ] [90m[1mreimport[22m | moss500.png[39m[0m
[  34% ] [90m[1mreimport[22m | rem870.png[39m[0m
[  34% ] [90m[1mreimport[22m | saiga12.png[39m[0m
[  34% ] [90m[1mreimport[22m | spas12.png[39m[0m
[  34% ] [90m[1mreimport[22m | 0_aug.png[39m[0m
[  34% ] [90m[1mreimport[22m | 0_benelli_m2.png[39m[0m
[  35% ] [90m[1mreimport[22m | 0_benelli_m4.png[39m[0m
[  35% ] [90m[1mreimport[22m | 0_cz75.png[39m[0m
[  35% ] [90m[1mreimport[22m | 0_desert_eagle.png[39m[0m
[  35% ] [90m[1mreimport[22m | 0_five_seven.png[39m[0m
[  35% ] [90m[1mreimport[22m | 0_g36c.png[39m[0m
[  35% ] [90m[1mreimport[22m | 0_m4a1.png[39m[0m
[  35% ] [90m[1mreimport[22m | 0_m1911.png[39m[0m
[  36% ] [90m[1mreimport[22m | 0_mac10.png[39m[0m
[  36% ] [90m[1mreimport[22m | 0_mini14.png[39m[0m
[  36% ] [90m[1mreimport[22m | 0_moss500.png[39m[0m
[  36% ] [90m[1mreimport[22m | 0_mp5.png[39m[0m
[  36% ] [90m[1mreimport[22m | 0_mp5k.png[39m[0m
[  36% ] [90m[1mreimport[22m | 0_p90.png[39m[0m
[  36% ] [90m[1mreimport[22m | 0_saiga12.png[39m[0m
[  37% ] [90m[1mreimport[22m | 0_scar_h.png[39m[0m
[  37% ] [90m[1mreimport[22m | 0_spas12.png[39m[0m
[  37% ] [90m[1mreimport[22m | faction_whittaker_ak47.png[39m[0m
[  37% ] [90m[1mreimport[22m | faction_whittaker_aug.png[39m[0m
[  37% ] [90m[1mreimport[22m | faction_whittaker_awm.png[39m[0m
[  37% ] [90m[1mreimport[22m | faction_whittaker_benelli_m2.png[39m[0m
[  37% ] [90m[1mreimport[22m | faction_whittaker_benelli_m4.png[39m[0m
[  38% ] [90m[1mreimport[22m | faction_whittaker_cz75.png[39m[0m
[  38% ] [90m[1mreimport[22m | faction_whittaker_desert_eagle.png[39m[0m
[  38% ] [90m[1mreimport[22m | faction_whittaker_five_seven.png[39m[0m
[  38% ] [90m[1mreimport[22m | faction_whittaker_g36c.png[39m[0m
[  38% ] [90m[1mreimport[22m | faction_whittaker_glock_17.png[39m[0m
[  38% ] [90m[1mreimport[22m | faction_whittaker_m4a1.png[39m[0m
[  38% ] [90m[1mreimport[22m | faction_whittaker_m1911.png[39m[0m
[  39% ] [90m[1mreimport[22m | faction_whittaker_mac10.png[39m[0m
[  39% ] [90m[1mreimport[22m | faction_whittaker_mini14.png[39m[0m
[  39% ] [90m[1mreimport[22m | faction_whittaker_moss500.png[39m[0m
[  39% ] [90m[1mreimport[22m | faction_whittaker_mp5.png[39m[0m
[  39% ] [90m[1mreimport[22m | faction_whittaker_mp5k.png[39m[0m
[  39% ] [90m[1mreimport[22m | faction_whittaker_p90.png[39m[0m
[  39% ] [90m[1mreimport[22m | faction_whittaker_psg1.png[39m[0m
[  40% ] [90m[1mreimport[22m | faction_whittaker_rem700.png[39m[0m
[  40% ] [90m[1mreimport[22m | faction_whittaker_rem870.png[39m[0m
[  40% ] [90m[1mreimport[22m | faction_whittaker_saiga12.png[39m[0m
[  40% ] [90m[1mreimport[22m | faction_ventresca_g36c.png[39m[0m
[  40% ] [90m[1mreimport[22m | faction_ventresca_glock_17.png[39m[0m
[  40% ] [90m[1mreimport[22m | faction_ventresca_m4a1.png[39m[0m
[  40% ] [90m[1mreimport[22m | faction_ventresca_m1911.png[39m[0m
[  41% ] [90m[1mreimport[22m | faction_ventresca_mac10.png[39m[0m
[  41% ] [90m[1mreimport[22m | faction_ventresca_mini14.png[39m[0m
[  41% ] [90m[1mreimport[22m | faction_ventresca_moss500.png[39m[0m
[  41% ] [90m[1mreimport[22m | faction_ventresca_mp5.png[39m[0m
[  41% ] [90m[1mreimport[22m | faction_ventresca_mp5k.png[39m[0m
[  41% ] [90m[1mreimport[22m | faction_ventresca_p90.png[39m[0m
[  41% ] [90m[1mreimport[22m | faction_ventresca_psg1.png[39m[0m
[  42% ] [90m[1mreimport[22m | faction_ventresca_rem700.png[39m[0m
[  42% ] [90m[1mreimport[22m | faction_ventresca_rem870.png[39m[0m
[  42% ] [90m[1mreimport[22m | faction_ventresca_saiga12.png[39m[0m
[  42% ] [90m[1mreimport[22m | faction_ventresca_scar_h.png[39m[0m
[  42% ] [90m[1mreimport[22m | faction_ventresca_sks.png[39m[0m
[  42% ] [90m[1mreimport[22m | faction_ventresca_spas12.png[39m[0m
[  42% ] [90m[1mreimport[22m | faction_ventresca_ssg69.png[39m[0m
[  43% ] [90m[1mreimport[22m | faction_ventresca_svd.png[39m[0m
[  43% ] [90m[1mreimport[22m | faction_ventresca_usp.png[39m[0m
[  43% ] [90m[1mreimport[22m | faction_ventresca_uzi.png[39m[0m
[  43% ] [90m[1mreimport[22m | faction_ventresca_vector.png[39m[0m
[  43% ] [90m[1mreimport[22m | faction_wm_corp_moss500.png[39m[0m
[  43% ] [90m[1mreimport[22m | faction_wm_corp_mp5.png[39m[0m
[  43% ] [90m[1mreimport[22m | faction_wm_corp_mp5k.png[39m[0m
[  44% ] [90m[1mreimport[22m | faction_wm_corp_p90.png[39m[0m
[  44% ] [90m[1mreimport[22m | faction_wm_corp_psg1.png[39m[0m
[  44% ] [90m[1mreimport[22m | faction_wm_corp_rem700.png[39m[0m
[  44% ] [90m[1mreimport[22m | faction_wm_corp_rem870.png[39m[0m
[  44% ] [90m[1mreimport[22m | faction_wm_corp_saiga12.png[39m[0m
[  44% ] [90m[1mreimport[22m | faction_wm_corp_scar_h.png[39m[0m
[  44% ] [90m[1mreimport[22m | faction_wm_corp_sks.png[39m[0m
[  45% ] [90m[1mreimport[22m | faction_wm_corp_spas12.png[39m[0m
[  45% ] [90m[1mreimport[22m | faction_wm_corp_ssg69.png[39m[0m
[  45% ] [90m[1mreimport[22m | faction_wm_corp_svd.png[39m[0m
[  45% ] [90m[1mreimport[22m | faction_wm_corp_usp.png[39m[0m
[  45% ] [90m[1mreimport[22m | faction_wm_corp_uzi.png[39m[0m
[  45% ] [90m[1mreimport[22m | faction_wm_corp_vector.png[39m[0m
[  45% ] [90m[1mreimport[22m | faction_zangyaku_ak47.png[39m[0m
[  46% ] [90m[1mreimport[22m | faction_zangyaku_aug.png[39m[0m
[  46% ] [90m[1mreimport[22m | faction_zangyaku_awm.png[39m[0m
[  46% ] [90m[1mreimport[22m | faction_zangyaku_benelli_m2.png[39m[0m
[  46% ] [90m[1mreimport[22m | faction_zangyaku_benelli_m4.png[39m[0m
[  46% ] [90m[1mreimport[22m | faction_zangyaku_cz75.png[39m[0m
[  46% ] [90m[1mreimport[22m | faction_whittaker_scar_h.png[39m[0m
[  46% ] [90m[1mreimport[22m | faction_whittaker_sks.png[39m[0m
[  47% ] [90m[1mreimport[22m | faction_whittaker_spas12.png[39m[0m
[  47% ] [90m[1mreimport[22m | faction_whittaker_ssg69.png[39m[0m
[  47% ] [90m[1mreimport[22m | faction_whittaker_svd.png[39m[0m
[  47% ] [90m[1mreimport[22m | faction_whittaker_usp.png[39m[0m
[  47% ] [90m[1mreimport[22m | faction_whittaker_uzi.png[39m[0m
[  47% ] [90m[1mreimport[22m | faction_whittaker_vector.png[39m[0m
[  47% ] [90m[1mreimport[22m | faction_wm_corp_ak47.png[39m[0m
[  48% ] [90m[1mreimport[22m | faction_wm_corp_aug.png[39m[0m
[  48% ] [90m[1mreimport[22m | faction_wm_corp_awm.png[39m[0m
[  48% ] [90m[1mreimport[22m | faction_wm_corp_benelli_m2.png[39m[0m
[  48% ] [90m[1mreimport[22m | faction_wm_corp_benelli_m4.png[39m[0m
[  48% ] [90m[1mreimport[22m | faction_wm_corp_cz75.png[39m[0m
[  48% ] [90m[1mreimport[22m | faction_wm_corp_desert_eagle.png[39m[0m
[  48% ] [90m[1mreimport[22m | faction_wm_corp_five_seven.png[39m[0m
[  49% ] [90m[1mreimport[22m | faction_wm_corp_g36c.png[39m[0m
[  49% ] [90m[1mreimport[22m | faction_wm_corp_glock_17.png[39m[0m
[  49% ] [90m[1mreimport[22m | faction_wm_corp_m4a1.png[39m[0m
[  49% ] [90m[1mreimport[22m | faction_wm_corp_m1911.png[39m[0m
[  49% ] [90m[1mreimport[22m | faction_wm_corp_mac10.png[39m[0m
[  49% ] [90m[1mreimport[22m | faction_wm_corp_mini14.png[39m[0m
[  49% ] [90m[1mreimport[22m | faction_calle_ocho_rem870.png[39m[0m
[  50% ] [90m[1mreimport[22m | faction_calle_ocho_saiga12.png[39m[0m
[  50% ] [90m[1mreimport[22m | faction_calle_ocho_scar_h.png[39m[0m
[  50% ] [90m[1mreimport[22m | faction_calle_ocho_sks.png[39m[0m
[  50% ] [90m[1mreimport[22m | faction_calle_ocho_spas12.png[39m[0m
[  50% ] [90m[1mreimport[22m | faction_calle_ocho_ssg69.png[39m[0m
[  50% ] [90m[1mreimport[22m | faction_calle_ocho_svd.png[39m[0m
[  50% ] [90m[1mreimport[22m | faction_calle_ocho_usp.png[39m[0m
[  51% ] [90m[1mreimport[22m | faction_calle_ocho_uzi.png[39m[0m
[  51% ] [90m[1mreimport[22m | faction_calle_ocho_vector.png[39m[0m
[  51% ] [90m[1mreimport[22m | faction_eastex_ak47.png[39m[0m
[  51% ] [90m[1mreimport[22m | faction_eastex_aug.png[39m[0m
[  51% ] [90m[1mreimport[22m | faction_eastex_awm.png[39m[0m
[  51% ] [90m[1mreimport[22m | faction_eastex_benelli_m2.png[39m[0m
[  51% ] [90m[1mreimport[22m | faction_eastex_benelli_m4.png[39m[0m
[  52% ] [90m[1mreimport[22m | faction_eastex_cz75.png[39m[0m
[  52% ] [90m[1mreimport[22m | faction_eastex_desert_eagle.png[39m[0m
[  52% ] [90m[1mreimport[22m | faction_eastex_five_seven.png[39m[0m
[  52% ] [90m[1mreimport[22m | faction_eastex_g36c.png[39m[0m
[  52% ] [90m[1mreimport[22m | faction_eastex_glock_17.png[39m[0m
[  52% ] [90m[1mreimport[22m | faction_eastex_m4a1.png[39m[0m
[  52% ] [90m[1mreimport[22m | faction_blacktop_uzi.png[39m[0m
[  52% ] [90m[1mreimport[22m | faction_blacktop_vector.png[39m[0m
[  53% ] [90m[1mreimport[22m | faction_calle_ocho_ak47.png[39m[0m
[  53% ] [90m[1mreimport[22m | faction_calle_ocho_aug.png[39m[0m
[  53% ] [90m[1mreimport[22m | faction_calle_ocho_awm.png[39m[0m
[  53% ] [90m[1mreimport[22m | faction_calle_ocho_benelli_m2.png[39m[0m
[  53% ] [90m[1mreimport[22m | faction_calle_ocho_benelli_m4.png[39m[0m
[  53% ] [90m[1mreimport[22m | faction_calle_ocho_cz75.png[39m[0m
[  54% ] [90m[1mreimport[22m | faction_calle_ocho_desert_eagle.png[39m[0m
[  54% ] [90m[1mreimport[22m | faction_calle_ocho_five_seven.png[39m[0m
[  54% ] [90m[1mreimport[22m | faction_calle_ocho_g36c.png[39m[0m
[  54% ] [90m[1mreimport[22m | faction_calle_ocho_glock_17.png[39m[0m
[  54% ] [90m[1mreimport[22m | faction_calle_ocho_m4a1.png[39m[0m
[  54% ] [90m[1mreimport[22m | faction_calle_ocho_m1911.png[39m[0m
[  54% ] [90m[1mreimport[22m | faction_calle_ocho_mac10.png[39m[0m
[  55% ] [90m[1mreimport[22m | faction_calle_ocho_mini14.png[39m[0m
[  55% ] [90m[1mreimport[22m | faction_calle_ocho_moss500.png[39m[0m
[  55% ] [90m[1mreimport[22m | faction_calle_ocho_mp5.png[39m[0m
[  55% ] [90m[1mreimport[22m | faction_calle_ocho_mp5k.png[39m[0m
[  55% ] [90m[1mreimport[22m | faction_calle_ocho_p90.png[39m[0m
[  55% ] [90m[1mreimport[22m | faction_calle_ocho_psg1.png[39m[0m
[  55% ] [90m[1mreimport[22m | faction_calle_ocho_rem700.png[39m[0m
[  56% ] [90m[1mreimport[22m | faction_kurgan_benelli_m2.png[39m[0m
[  56% ] [90m[1mreimport[22m | faction_kurgan_benelli_m4.png[39m[0m
[  56% ] [90m[1mreimport[22m | faction_kurgan_cz75.png[39m[0m
[  56% ] [90m[1mreimport[22m | faction_kurgan_desert_eagle.png[39m[0m
[  56% ] [90m[1mreimport[22m | faction_kurgan_five_seven.png[39m[0m
[  56% ] [90m[1mreimport[22m | faction_kurgan_g36c.png[39m[0m
[  56% ] [90m[1mreimport[22m | faction_kurgan_glock_17.png[39m[0m
[  57% ] [90m[1mreimport[22m | faction_kurgan_m4a1.png[39m[0m
[  57% ] [90m[1mreimport[22m | faction_kurgan_m1911.png[39m[0m
[  57% ] [90m[1mreimport[22m | faction_kurgan_mac10.png[39m[0m
[  57% ] [90m[1mreimport[22m | faction_kurgan_mini14.png[39m[0m
[  57% ] [90m[1mreimport[22m | faction_kurgan_moss500.png[39m[0m
[  57% ] [90m[1mreimport[22m | faction_kurgan_mp5.png[39m[0m
[  57% ] [90m[1mreimport[22m | faction_kurgan_mp5k.png[39m[0m
[  58% ] [90m[1mreimport[22m | faction_kurgan_p90.png[39m[0m
[  58% ] [90m[1mreimport[22m | faction_kurgan_psg1.png[39m[0m
[  58% ] [90m[1mreimport[22m | faction_kurgan_rem700.png[39m[0m
[  58% ] [90m[1mreimport[22m | faction_kurgan_rem870.png[39m[0m
[  58% ] [90m[1mreimport[22m | faction_kurgan_saiga12.png[39m[0m
[  58% ] [90m[1mreimport[22m | faction_kurgan_scar_h.png[39m[0m
[  58% ] [90m[1mreimport[22m | faction_kurgan_sks.png[39m[0m
[  58% ] [90m[1mreimport[22m | faction_kurgan_spas12.png[39m[0m
[  59% ] [90m[1mreimport[22m | faction_eastex_m1911.png[39m[0m
[  59% ] [90m[1mreimport[22m | faction_eastex_mac10.png[39m[0m
[  59% ] [90m[1mreimport[22m | faction_eastex_mini14.png[39m[0m
[  59% ] [90m[1mreimport[22m | faction_eastex_moss500.png[39m[0m
[  59% ] [90m[1mreimport[22m | faction_eastex_mp5.png[39m[0m
[  59% ] [90m[1mreimport[22m | faction_eastex_mp5k.png[39m[0m
[  60% ] [90m[1mreimport[22m | faction_eastex_p90.png[39m[0m
[  60% ] [90m[1mreimport[22m | faction_eastex_psg1.png[39m[0m
[  60% ] [90m[1mreimport[22m | faction_eastex_rem700.png[39m[0m
[  60% ] [90m[1mreimport[22m | faction_eastex_rem870.png[39m[0m
[  60% ] [90m[1mreimport[22m | faction_eastex_saiga12.png[39m[0m
[  60% ] [90m[1mreimport[22m | faction_eastex_scar_h.png[39m[0m
[  60% ] [90m[1mreimport[22m | faction_eastex_sks.png[39m[0m
[  61% ] [90m[1mreimport[22m | faction_eastex_spas12.png[39m[0m
[  61% ] [90m[1mreimport[22m | faction_eastex_ssg69.png[39m[0m
[  61% ] [90m[1mreimport[22m | faction_eastex_svd.png[39m[0m
[  61% ] [90m[1mreimport[22m | faction_eastex_usp.png[39m[0m
[  61% ] [90m[1mreimport[22m | faction_eastex_uzi.png[39m[0m
[  61% ] [90m[1mreimport[22m | faction_eastex_vector.png[39m[0m
[  61% ] [90m[1mreimport[22m | faction_kurgan_ak47.png[39m[0m
[  62% ] [90m[1mreimport[22m | faction_kurgan_aug.png[39m[0m
[  62% ] [90m[1mreimport[22m | faction_kurgan_awm.png[39m[0m
[  62% ] [90m[1mreimport[22m | faction_ashford_crane_scar_h.png[39m[0m
[  62% ] [90m[1mreimport[22m | faction_ashford_crane_sks.png[39m[0m
[  62% ] [90m[1mreimport[22m | faction_ashford_crane_spas12.png[39m[0m
[  62% ] [90m[1mreimport[22m | faction_ashford_crane_ssg69.png[39m[0m
[  62% ] [90m[1mreimport[22m | faction_ashford_crane_svd.png[39m[0m
[  63% ] [90m[1mreimport[22m | faction_ashford_crane_usp.png[39m[0m
[  63% ] [90m[1mreimport[22m | faction_ashford_crane_uzi.png[39m[0m
[  63% ] [90m[1mreimport[22m | faction_ashford_crane_vector.png[39m[0m
[  63% ] [90m[1mreimport[22m | faction_bitian_ak47.png[39m[0m
[  63% ] [90m[1mreimport[22m | faction_bitian_aug.png[39m[0m
[  63% ] [90m[1mreimport[22m | faction_bitian_awm.png[39m[0m
[  63% ] [90m[1mreimport[22m | faction_bitian_benelli_m2.png[39m[0m
[  64% ] [90m[1mreimport[22m | faction_bitian_benelli_m4.png[39m[0m
[  64% ] [90m[1mreimport[22m | faction_bitian_cz75.png[39m[0m
[  64% ] [90m[1mreimport[22m | faction_bitian_desert_eagle.png[39m[0m
[  64% ] [90m[1mreimport[22m | faction_bitian_five_seven.png[39m[0m
[  64% ] [90m[1mreimport[22m | faction_bitian_g36c.png[39m[0m
[  64% ] [90m[1mreimport[22m | faction_bitian_glock_17.png[39m[0m
[  64% ] [90m[1mreimport[22m | faction_bitian_m4a1.png[39m[0m
[  65% ] [90m[1mreimport[22m | faction_bitian_m1911.png[39m[0m
[  65% ] [90m[1mreimport[22m | faction_bitian_mac10.png[39m[0m
[  65% ] [90m[1mreimport[22m | faction_bitian_mini14.png[39m[0m
[  65% ] [90m[1mreimport[22m | faction_ashford_crane_ak47.png[39m[0m
[  65% ] [90m[1mreimport[22m | faction_ashford_crane_aug.png[39m[0m
[  65% ] [90m[1mreimport[22m | faction_ashford_crane_awm.png[39m[0m
[  65% ] [90m[1mreimport[22m | faction_ashford_crane_benelli_m2.png[39m[0m
[  66% ] [90m[1mreimport[22m | faction_ashford_crane_benelli_m4.png[39m[0m
[  66% ] [90m[1mreimport[22m | faction_ashford_crane_cz75.png[39m[0m
[  66% ] [90m[1mreimport[22m | faction_ashford_crane_desert_eagle.png[39m[0m
[  66% ] [90m[1mreimport[22m | faction_ashford_crane_five_seven.png[39m[0m
[  66% ] [90m[1mreimport[22m | faction_ashford_crane_g36c.png[39m[0m
[  66% ] [90m[1mreimport[22m | faction_ashford_crane_glock_17.png[39m[0m
[  66% ] [90m[1mreimport[22m | faction_ashford_crane_m4a1.png[39m[0m
[  67% ] [90m[1mreimport[22m | faction_ashford_crane_m1911.png[39m[0m
[  67% ] [90m[1mreimport[22m | faction_ashford_crane_mac10.png[39m[0m
[  67% ] [90m[1mreimport[22m | faction_ashford_crane_mini14.png[39m[0m
[  67% ] [90m[1mreimport[22m | faction_ashford_crane_moss500.png[39m[0m
[  67% ] [90m[1mreimport[22m | faction_ashford_crane_mp5.png[39m[0m
[  67% ] [90m[1mreimport[22m | faction_ashford_crane_mp5k.png[39m[0m
[  67% ] [90m[1mreimport[22m | faction_ashford_crane_p90.png[39m[0m
[  68% ] [90m[1mreimport[22m | faction_ashford_crane_psg1.png[39m[0m
[  68% ] [90m[1mreimport[22m | faction_ashford_crane_rem700.png[39m[0m
[  68% ] [90m[1mreimport[22m | faction_ashford_crane_rem870.png[39m[0m
[  68% ] [90m[1mreimport[22m | faction_ashford_crane_saiga12.png[39m[0m
[  68% ] [90m[1mreimport[22m | faction_blacktop_desert_eagle.png[39m[0m
[  68% ] [90m[1mreimport[22m | faction_blacktop_five_seven.png[39m[0m
[  68% ] [90m[1mreimport[22m | faction_blacktop_g36c.png[39m[0m
[  69% ] [90m[1mreimport[22m | faction_blacktop_glock_17.png[39m[0m
[  69% ] [90m[1mreimport[22m | faction_blacktop_m4a1.png[39m[0m
[  69% ] [90m[1mreimport[22m | faction_blacktop_m1911.png[39m[0m
[  69% ] [90m[1mreimport[22m | faction_blacktop_mac10.png[39m[0m
[  69% ] [90m[1mreimport[22m | faction_blacktop_mini14.png[39m[0m
[  69% ] [90m[1mreimport[22m | faction_blacktop_moss500.png[39m[0m
[  69% ] [90m[1mreimport[22m | faction_blacktop_mp5.png[39m[0m
[  70% ] [90m[1mreimport[22m | faction_blacktop_mp5k.png[39m[0m
[  70% ] [90m[1mreimport[22m | faction_blacktop_p90.png[39m[0m
[  70% ] [90m[1mreimport[22m | faction_blacktop_psg1.png[39m[0m
[  70% ] [90m[1mreimport[22m | faction_blacktop_rem700.png[39m[0m
[  70% ] [90m[1mreimport[22m | faction_blacktop_rem870.png[39m[0m
[  70% ] [90m[1mreimport[22m | faction_blacktop_saiga12.png[39m[0m
[  70% ] [90m[1mreimport[22m | faction_blacktop_scar_h.png[39m[0m
[  71% ] [90m[1mreimport[22m | faction_blacktop_sks.png[39m[0m
[  71% ] [90m[1mreimport[22m | faction_blacktop_spas12.png[39m[0m
[  71% ] [90m[1mreimport[22m | faction_blacktop_ssg69.png[39m[0m
[  71% ] [90m[1mreimport[22m | faction_blacktop_svd.png[39m[0m
[  71% ] [90m[1mreimport[22m | faction_blacktop_usp.png[39m[0m
[  71% ] [90m[1mreimport[22m | faction_bitian_moss500.png[39m[0m
[  71% ] [90m[1mreimport[22m | faction_bitian_mp5.png[39m[0m
[  72% ] [90m[1mreimport[22m | faction_bitian_mp5k.png[39m[0m
[  72% ] [90m[1mreimport[22m | faction_bitian_p90.png[39m[0m
[  72% ] [90m[1mreimport[22m | faction_bitian_psg1.png[39m[0m
[  72% ] [90m[1mreimport[22m | faction_bitian_rem700.png[39m[0m
[  72% ] [90m[1mreimport[22m | faction_bitian_rem870.png[39m[0m
[  72% ] [90m[1mreimport[22m | faction_bitian_saiga12.png[39m[0m
[  72% ] [90m[1mreimport[22m | faction_bitian_scar_h.png[39m[0m
[  73% ] [90m[1mreimport[22m | faction_bitian_sks.png[39m[0m
[  73% ] [90m[1mreimport[22m | faction_bitian_spas12.png[39m[0m
[  73% ] [90m[1mreimport[22m | faction_bitian_ssg69.png[39m[0m
[  73% ] [90m[1mreimport[22m | faction_bitian_svd.png[39m[0m
[  73% ] [90m[1mreimport[22m | faction_bitian_usp.png[39m[0m
[  73% ] [90m[1mreimport[22m | faction_bitian_uzi.png[39m[0m
[  73% ] [90m[1mreimport[22m | faction_bitian_vector.png[39m[0m
[  74% ] [90m[1mreimport[22m | faction_blacktop_ak47.png[39m[0m
[  74% ] [90m[1mreimport[22m | faction_blacktop_aug.png[39m[0m
[  74% ] [90m[1mreimport[22m | faction_blacktop_awm.png[39m[0m
[  74% ] [90m[1mreimport[22m | faction_blacktop_benelli_m2.png[39m[0m
[  74% ] [90m[1mreimport[22m | faction_blacktop_benelli_m4.png[39m[0m
[  74% ] [90m[1mreimport[22m | faction_blacktop_cz75.png[39m[0m
[  74% ] [90m[1mreimport[22m | faction_nbpd_mp5.png[39m[0m
[  75% ] [90m[1mreimport[22m | faction_nbpd_mp5k.png[39m[0m
[  75% ] [90m[1mreimport[22m | faction_nbpd_p90.png[39m[0m
[  75% ] [90m[1mreimport[22m | faction_nbpd_psg1.png[39m[0m
[  75% ] [90m[1mreimport[22m | faction_nbpd_rem700.png[39m[0m
[  75% ] [90m[1mreimport[22m | faction_nbpd_rem870.png[39m[0m
[  75% ] [90m[1mreimport[22m | faction_nbpd_saiga12.png[39m[0m
[  75% ] [90m[1mreimport[22m | faction_nbpd_scar_h.png[39m[0m
[  76% ] [90m[1mreimport[22m | faction_nbpd_sks.png[39m[0m
[  76% ] [90m[1mreimport[22m | faction_nbpd_spas12.png[39m[0m
[  76% ] [90m[1mreimport[22m | faction_nbpd_ssg69.png[39m[0m
[  76% ] [90m[1mreimport[22m | faction_nbpd_svd.png[39m[0m
[  76% ] [90m[1mreimport[22m | faction_nbpd_usp.png[39m[0m
[  76% ] [90m[1mreimport[22m | faction_nbpd_uzi.png[39m[0m
[  76% ] [90m[1mreimport[22m | faction_nbpd_vector.png[39m[0m
[  77% ] [90m[1mreimport[22m | faction_orlov_sniper_awm.png[39m[0m
[  77% ] [90m[1mreimport[22m | faction_orlov_sniper_psg1.png[39m[0m
[  77% ] [90m[1mreimport[22m | faction_orlov_sniper_rem700.png[39m[0m
[  77% ] [90m[1mreimport[22m | faction_orlov_sniper_sks.png[39m[0m
[  77% ] [90m[1mreimport[22m | faction_orlov_sniper_ssg69.png[39m[0m
[  77% ] [90m[1mreimport[22m | faction_orlov_sniper_svd.png[39m[0m
[  77% ] [90m[1mreimport[22m | faction_mercer44_sks.png[39m[0m
[  78% ] [90m[1mreimport[22m | faction_mercer44_spas12.png[39m[0m
[  78% ] [90m[1mreimport[22m | faction_mercer44_ssg69.png[39m[0m
[  78% ] [90m[1mreimport[22m | faction_mercer44_svd.png[39m[0m
[  78% ] [90m[1mreimport[22m | faction_mercer44_usp.png[39m[0m
[  78% ] [90m[1mreimport[22m | faction_mercer44_uzi.png[39m[0m
[  78% ] [90m[1mreimport[22m | faction_mercer44_vector.png[39m[0m
[  78% ] [90m[1mreimport[22m | faction_nbpd_ak47.png[39m[0m
[  79% ] [90m[1mreimport[22m | faction_nbpd_aug.png[39m[0m
[  79% ] [90m[1mreimport[22m | faction_nbpd_awm.png[39m[0m
[  79% ] [90m[1mreimport[22m | faction_nbpd_benelli_m2.png[39m[0m
[  79% ] [90m[1mreimport[22m | faction_nbpd_benelli_m4.png[39m[0m
[  79% ] [90m[1mreimport[22m | faction_nbpd_cz75.png[39m[0m
[  79% ] [90m[1mreimport[22m | faction_nbpd_desert_eagle.png[39m[0m
[  79% ] [90m[1mreimport[22m | faction_nbpd_five_seven.png[39m[0m
[  80% ] [90m[1mreimport[22m | faction_nbpd_g36c.png[39m[0m
[  80% ] [90m[1mreimport[22m | faction_nbpd_glock_17.png[39m[0m
[  80% ] [90m[1mreimport[22m | faction_nbpd_m4a1.png[39m[0m
[  80% ] [90m[1mreimport[22m | faction_nbpd_m1911.png[39m[0m
[  80% ] [90m[1mreimport[22m | faction_nbpd_mac10.png[39m[0m
[  80% ] [90m[1mreimport[22m | faction_nbpd_mini14.png[39m[0m
[  80% ] [90m[1mreimport[22m | faction_nbpd_moss500.png[39m[0m
[  81% ] [90m[1mreimport[22m | faction_ravicci_scar_h.png[39m[0m
[  81% ] [90m[1mreimport[22m | faction_ravicci_sks.png[39m[0m
[  81% ] [90m[1mreimport[22m | faction_ravicci_spas12.png[39m[0m
[  81% ] [90m[1mreimport[22m | faction_ravicci_ssg69.png[39m[0m
[  81% ] [90m[1mreimport[22m | faction_ravicci_svd.png[39m[0m
[  81% ] [90m[1mreimport[22m | faction_ravicci_usp.png[39m[0m
[  81% ] [90m[1mreimport[22m | faction_ravicci_uzi.png[39m[0m
[  82% ] [90m[1mreimport[22m | faction_ravicci_vector.png[39m[0m
[  82% ] [90m[1mreimport[22m | faction_saffar_ak47.png[39m[0m
[  82% ] [90m[1mreimport[22m | faction_saffar_aug.png[39m[0m
[  82% ] [90m[1mreimport[22m | faction_saffar_awm.png[39m[0m
[  82% ] [90m[1mreimport[22m | faction_saffar_benelli_m2.png[39m[0m
[  82% ] [90m[1mreimport[22m | faction_saffar_benelli_m4.png[39m[0m
[  82% ] [90m[1mreimport[22m | faction_saffar_cz75.png[39m[0m
[  83% ] [90m[1mreimport[22m | faction_saffar_desert_eagle.png[39m[0m
[  83% ] [90m[1mreimport[22m | faction_saffar_five_seven.png[39m[0m
[  83% ] [90m[1mreimport[22m | faction_saffar_g36c.png[39m[0m
[  83% ] [90m[1mreimport[22m | faction_saffar_glock_17.png[39m[0m
[  83% ] [90m[1mreimport[22m | faction_saffar_m4a1.png[39m[0m
[  83% ] [90m[1mreimport[22m | faction_saffar_m1911.png[39m[0m
[  83% ] [90m[1mreimport[22m | faction_saffar_mac10.png[39m[0m
[  84% ] [90m[1mreimport[22m | faction_saffar_mini14.png[39m[0m
[  84% ] [90m[1mreimport[22m | faction_ravicci_ak47.png[39m[0m
[  84% ] [90m[1mreimport[22m | faction_ravicci_aug.png[39m[0m
[  84% ] [90m[1mreimport[22m | faction_ravicci_awm.png[39m[0m
[  84% ] [90m[1mreimport[22m | faction_ravicci_benelli_m2.png[39m[0m
[  84% ] [90m[1mreimport[22m | faction_ravicci_benelli_m4.png[39m[0m
[  84% ] [90m[1mreimport[22m | faction_ravicci_cz75.png[39m[0m
[  85% ] [90m[1mreimport[22m | faction_ravicci_desert_eagle.png[39m[0m
[  85% ] [90m[1mreimport[22m | faction_ravicci_five_seven.png[39m[0m
[  85% ] [90m[1mreimport[22m | faction_ravicci_g36c.png[39m[0m
[  85% ] [90m[1mreimport[22m | faction_ravicci_glock_17.png[39m[0m
[  85% ] [90m[1mreimport[22m | faction_ravicci_m4a1.png[39m[0m
[  85% ] [90m[1mreimport[22m | faction_ravicci_m1911.png[39m[0m
[  85% ] [90m[1mreimport[22m | faction_ravicci_mac10.png[39m[0m
[  86% ] [90m[1mreimport[22m | faction_ravicci_mini14.png[39m[0m
[  86% ] [90m[1mreimport[22m | faction_ravicci_moss500.png[39m[0m
[  86% ] [90m[1mreimport[22m | faction_ravicci_mp5.png[39m[0m
[  86% ] [90m[1mreimport[22m | faction_ravicci_mp5k.png[39m[0m
[  86% ] [90m[1mreimport[22m | faction_ravicci_p90.png[39m[0m
[  86% ] [90m[1mreimport[22m | faction_ravicci_psg1.png[39m[0m
[  86% ] [90m[1mreimport[22m | faction_ravicci_rem700.png[39m[0m
[  87% ] [90m[1mreimport[22m | faction_ravicci_rem870.png[39m[0m
[  87% ] [90m[1mreimport[22m | faction_ravicci_saiga12.png[39m[0m
[  87% ] [90m[1mreimport[22m | faction_lombardia_p90.png[39m[0m
[  87% ] [90m[1mreimport[22m | faction_lombardia_psg1.png[39m[0m
[  87% ] [90m[1mreimport[22m | faction_lombardia_rem700.png[39m[0m
[  87% ] [90m[1mreimport[22m | faction_lombardia_rem870.png[39m[0m
[  87% ] [90m[1mreimport[22m | faction_lombardia_saiga12.png[39m[0m
[  88% ] [90m[1mreimport[22m | faction_lombardia_scar_h.png[39m[0m
[  88% ] [90m[1mreimport[22m | faction_lombardia_sks.png[39m[0m
[  88% ] [90m[1mreimport[22m | faction_lombardia_spas12.png[39m[0m
[  88% ] [90m[1mreimport[22m | faction_lombardia_ssg69.png[39m[0m
[  88% ] [90m[1mreimport[22m | faction_lombardia_svd.png[39m[0m
[  88% ] [90m[1mreimport[22m | faction_lombardia_usp.png[39m[0m
[  88% ] [90m[1mreimport[22m | faction_lombardia_uzi.png[39m[0m
[  89% ] [90m[1mreimport[22m | faction_lombardia_vector.png[39m[0m
[  89% ] [90m[1mreimport[22m | faction_mcallister_ak47.png[39m[0m
[  89% ] [90m[1mreimport[22m | faction_mcallister_aug.png[39m[0m
[  89% ] [90m[1mreimport[22m | faction_mcallister_awm.png[39m[0m
[  89% ] [90m[1mreimport[22m | faction_mcallister_benelli_m2.png[39m[0m
[  89% ] [90m[1mreimport[22m | faction_mcallister_benelli_m4.png[39m[0m
[  89% ] [90m[1mreimport[22m | faction_mcallister_cz75.png[39m[0m
[  90% ] [90m[1mreimport[22m | faction_mcallister_desert_eagle.png[39m[0m
[  90% ] [90m[1mreimport[22m | faction_mcallister_five_seven.png[39m[0m
[  90% ] [90m[1mreimport[22m | faction_mcallister_g36c.png[39m[0m
[  90% ] [90m[1mreimport[22m | faction_kurgan_ssg69.png[39m[0m
[  90% ] [90m[1mreimport[22m | faction_kurgan_svd.png[39m[0m
[  90% ] [90m[1mreimport[22m | faction_kurgan_usp.png[39m[0m
[  90% ] [90m[1mreimport[22m | faction_kurgan_uzi.png[39m[0m
[  91% ] [90m[1mreimport[22m | faction_kurgan_vector.png[39m[0m
[  91% ] [90m[1mreimport[22m | faction_lombardia_ak47.png[39m[0m
[  91% ] [90m[1mreimport[22m | faction_lombardia_aug.png[39m[0m
[  91% ] [90m[1mreimport[22m | faction_lombardia_awm.png[39m[0m
[  91% ] [90m[1mreimport[22m | faction_lombardia_benelli_m2.png[39m[0m
[  91% ] [90m[1mreimport[22m | faction_lombardia_benelli_m4.png[39m[0m
[  91% ] [90m[1mreimport[22m | faction_lombardia_cz75.png[39m[0m
[  92% ] [90m[1mreimport[22m | faction_lombardia_desert_eagle.png[39m[0m
[  92% ] [90m[1mreimport[22m | faction_lombardia_five_seven.png[39m[0m
[  92% ] [90m[1mreimport[22m | faction_lombardia_g36c.png[39m[0m
[  92% ] [90m[1mreimport[22m | faction_lombardia_glock_17.png[39m[0m
[  92% ] [90m[1mreimport[22m | faction_lombardia_m4a1.png[39m[0m
[  92% ] [90m[1mreimport[22m | faction_lombardia_m1911.png[39m[0m
[  92% ] [90m[1mreimport[22m | faction_lombardia_mac10.png[39m[0m
[  93% ] [90m[1mreimport[22m | faction_lombardia_mini14.png[39m[0m
[  93% ] [90m[1mreimport[22m | faction_lombardia_moss500.png[39m[0m
[  93% ] [90m[1mreimport[22m | faction_lombardia_mp5.png[39m[0m
[  93% ] [90m[1mreimport[22m | faction_lombardia_mp5k.png[39m[0m
[  93% ] [90m[1mreimport[22m | faction_mercer44_aug.png[39m[0m
[  93% ] [90m[1mreimport[22m | faction_mercer44_awm.png[39m[0m
[  93% ] [90m[1mreimport[22m | faction_mercer44_benelli_m2.png[39m[0m
[  94% ] [90m[1mreimport[22m | faction_mercer44_benelli_m4.png[39m[0m
[  94% ] [90m[1mreimport[22m | faction_mercer44_cz75.png[39m[0m
[  94% ] [90m[1mreimport[22m | faction_mercer44_desert_eagle.png[39m[0m
[  94% ] [90m[1mreimport[22m | faction_mercer44_five_seven.png[39m[0m
[  94% ] [90m[1mreimport[22m | faction_mercer44_g36c.png[39m[0m
[  94% ] [90m[1mreimport[22m | faction_mercer44_glock_17.png[39m[0m
[  94% ] [90m[1mreimport[22m | faction_mercer44_m4a1.png[39m[0m
[  95% ] [90m[1mreimport[22m | faction_mercer44_m1911.png[39m[0m
[  95% ] [90m[1mreimport[22m | faction_mercer44_mac10.png[39m[0m
[  95% ] [90m[1mreimport[22m | faction_mercer44_mini14.png[39m[0m
[  95% ] [90m[1mreimport[22m | faction_mercer44_moss500.png[39m[0m
[  95% ] [90m[1mreimport[22m | faction_mercer44_mp5.png[39m[0m
[  95% ] [90m[1mreimport[22m | faction_mercer44_mp5k.png[39m[0m
[  95% ] [90m[1mreimport[22m | faction_mercer44_p90.png[39m[0m
[  96% ] [90m[1mreimport[22m | faction_mercer44_psg1.png[39m[0m
[  96% ] [90m[1mreimport[22m | faction_mercer44_rem700.png[39m[0m
[  96% ] [90m[1mreimport[22m | faction_mercer44_rem870.png[39m[0m
[  96% ] [90m[1mreimport[22m | faction_mercer44_saiga12.png[39m[0m
[  96% ] [90m[1mreimport[22m | faction_mercer44_scar_h.png[39m[0m
[  96% ] [90m[1mreimport[22m | faction_mcallister_glock_17.png[39m[0m
[  96% ] [90m[1mreimport[22m | faction_mcallister_m4a1.png[39m[0m
[  97% ] [90m[1mreimport[22m | faction_mcallister_m1911.png[39m[0m
[  97% ] [90m[1mreimport[22m | faction_mcallister_mac10.png[39m[0m
[  97% ] [90m[1mreimport[22m | faction_mcallister_mini14.png[39m[0m
[  97% ] [90m[1mreimport[22m | faction_mcallister_moss500.png[39m[0m
[  97% ] [90m[1mreimport[22m | faction_mcallister_mp5.png[39m[0m
[  97% ] [90m[1mreimport[22m | faction_mcallister_mp5k.png[39m[0m
[  97% ] [90m[1mreimport[22m | faction_mcallister_p90.png[39m[0m
[  98% ] [90m[1mreimport[22m | faction_mcallister_psg1.png[39m[0m
[  98% ] [90m[1mreimport[22m | faction_mcallister_rem700.png[39m[0m
[  98% ] [90m[1mreimport[22m | faction_mcallister_rem870.png[39m[0m
[  98% ] [90m[1mreimport[22m | faction_mcallister_saiga12.png[39m[0m
[  98% ] [90m[1mreimport[22m | faction_mcallister_scar_h.png[39m[0m
[  98% ] [90m[1mreimport[22m | faction_mcallister_sks.png[39m[0m
[  98% ] [90m[1mreimport[22m | faction_mcallister_spas12.png[39m[0m
[  99% ] [90m[1mreimport[22m | faction_mcallister_ssg69.png[39m[0m
[  99% ] [90m[1mreimport[22m | faction_mcallister_svd.png[39m[0m
[  99% ] [90m[1mreimport[22m | faction_mcallister_usp.png[39m[0m
[  99% ] [90m[1mreimport[22m | faction_mcallister_uzi.png[39m[0m
[  99% ] [90m[1mreimport[22m | faction_mcallister_vector.png[39m[0m
[  99% ] [90m[1mreimport[22m | faction_mercer44_ak47.png[39m[0m
[  99% ] [90m[1mreimport[22m | Finalizing Asset Import...[39m[0m
[92m[ DONE ][39m [1mreimport[22m
[0m
[   0% ] [90m[1mreimport[22m | Started (Re)Importing Assets (699 steps)[39m[0m
[   0% ] [90m[1mreimport[22m | Executing post-reimport operations...[39m[0m
[92m[ DONE ][39m [1mreimport[22m
[0m
[   0% ] [90m[1mloading_editor_layout[22m | Started Loading editor (5 steps)[39m[0m
[   0% ] [90m[1mloading_editor_layout[22m | Loading editor layout...[39m[0m
[  16% ] [90m[1mloading_editor_layout[22m | Loading docks...[39m[0m
[92m[ DONE ][39m [1mloading_editor_layout[22m
[0m
