Godot Engine v4.7.2.stable.official.ed1daf0bf - https://godotengine.org
OpenGL API 3.3.0 NVIDIA 555.97 - Compatibility - Using Device: NVIDIA - NVIDIA GeForce GTX 1650 with Max-Q Design

WARNING: Loaded resource as image file, this will not work on export: 'res://assets/art/units/pixel_v1/portraits/0_pistol.png'. Instead, import the image file as an Image resource and load it normally as a resource.
   at: load_from_file (core/io/image.cpp:2780)
   GDScript backtrace (most recent call first):
       [0] run (res://tools/weapon_card_refresh_20260915/check_native.gd:34)
WARNING: Loaded resource as image file, this will not work on export: 'res://assets/art/weapons/arsenal/portraits/0_m1911.png'. Instead, import the image file as an Image resource and load it normally as a resource.
   at: load_from_file (core/io/image.cpp:2780)
   GDScript backtrace (most recent call first):
       [0] run (res://tools/weapon_card_refresh_20260915/check_native.gd:34)
WARNING: Loaded resource as image file, this will not work on export: 'res://assets/art/weapons/arsenal/portraits/0_usp.png'. Instead, import the image file as an Image resource and load it normally as a resource.
   at: load_from_file (core/io/image.cpp:2780)
   GDScript backtrace (most recent call first):
       [0] run (res://tools/weapon_card_refresh_20260915/check_native.gd:34)
WARNING: Loaded resource as image file, this will not work on export: 'res://assets/art/weapons/arsenal/portraits/0_cz75.png'. Instead, import the image file as an Image resource and load it normally as a resource.
   at: load_from_file (core/io/image.cpp:2780)
   GDScript backtrace (most recent call first):
       [0] run (res://tools/weapon_card_refresh_20260915/check_native.gd:34)
WARNING: Loaded resource as image file, this will not work on export: 'res://assets/art/weapons/arsenal/portraits/0_desert_eagle.png'. Instead, import the image file as an Image resource and load it normally as a resource.
   at: load_from_file (core/io/image.cpp:2780)
   GDScript backtrace (most recent call first):
       [0] run (res://tools/weapon_card_refresh_20260915/check_native.gd:34)
WARNING: Loaded resource as image file, this will not work on export: 'res://assets/art/weapons/arsenal/portraits/0_five_seven.png'. Instead, import the image file as an Image resource and load it normally as a resource.
   at: load_from_file (core/io/image.cpp:2780)
   GDScript backtrace (most recent call first):
       [0] run (res://tools/weapon_card_refresh_20260915/check_native.gd:34)
WARNING: Loaded resource as image file, this will not work on export: 'res://assets/art/units/pixel_v1/portraits/0_uzi_smg.png'. Instead, import the image file as an Image resource and load it normally as a resource.
   at: load_from_file (core/io/image.cpp:2780)
   GDScript backtrace (most recent call first):
       [0] run (res://tools/weapon_card_refresh_20260915/check_native.gd:34)
WARNING: Loaded resource as image file, this will not work on export: 'res://assets/art/weapons/arsenal/portraits/0_mac10.png'. Instead, import the image file as an Image resource and load it normally as a resource.
   at: load_from_file (core/io/image.cpp:2780)
   GDScript backtrace (most recent call first):
       [0] run (res://tools/weapon_card_refresh_20260915/check_native.gd:34)
WARNING: Loaded resource as image file, this will not work on export: 'res://assets/art/weapons/arsenal/portraits/0_mp5.png'. Instead, import the image file as an Image resource and load it normally as a resource.
   at: load_from_file (core/io/image.cpp:2780)
   GDScript backtrace (most recent call first):
       [0] run (res://tools/weapon_card_refresh_20260915/check_native.gd:34)
WARNING: Loaded resource as image file, this will not work on export: 'res://assets/art/weapons/arsenal/portraits/0_mp5k.png'. Instead, import the image file as an Image resource and load it normally as a resource.
   at: load_from_file (core/io/image.cpp:2780)
   GDScript backtrace (most recent call first):
       [0] run (res://tools/weapon_card_refresh_20260915/check_native.gd:34)
WARNING: Loaded resource as image file, this will not work on export: 'res://assets/art/weapons/arsenal/portraits/0_vector.png'. Instead, import the image file as an Image resource and load it normally as a resource.
   at: load_from_file (core/io/image.cpp:2780)
   GDScript backtrace (most recent call first):
       [0] run (res://tools/weapon_card_refresh_20260915/check_native.gd:34)
WARNING: Loaded resource as image file, this will not work on export: 'res://assets/art/weapons/arsenal/portraits/0_p90.png'. Instead, import the image file as an Image resource and load it normally as a resource.
   at: load_from_file (core/io/image.cpp:2780)
   GDScript backtrace (most recent call first):
       [0] run (res://tools/weapon_card_refresh_20260915/check_native.gd:34)
WARNING: Loaded resource as image file, this will not work on export: 'res://assets/art/units/pixel_v1/portraits/0_ak_rifle.png'. Instead, import the image file as an Image resource and load it normally as a resource.
   at: load_from_file (core/io/image.cpp:2780)
   GDScript backtrace (most recent call first):
       [0] run (res://tools/weapon_card_refresh_20260915/check_native.gd:34)
WARNING: Loaded resource as image file, this will not work on export: 'res://assets/art/weapons/arsenal/portraits/0_mini14.png'. Instead, import the image file as an Image resource and load it normally as a resource.
   at: load_from_file (core/io/image.cpp:2780)
   GDScript backtrace (most recent call first):
       [0] run (res://tools/weapon_card_refresh_20260915/check_native.gd:34)
WARNING: Loaded resource as image file, this will not work on export: 'res://assets/art/weapons/arsenal/portraits/0_m4a1.png'. Instead, import the image file as an Image resource and load it normally as a resource.
   at: load_from_file (core/io/image.cpp:2780)
   GDScript backtrace (most recent call first):
       [0] run (res://tools/weapon_card_refresh_20260915/check_native.gd:34)
WARNING: Loaded resource as image file, this will not work on export: 'res://assets/art/weapons/arsenal/portraits/0_g36c.png'. Instead, import the image file as an Image resource and load it normally as a resource.
   at: load_from_file (core/io/image.cpp:2780)
   GDScript backtrace (most recent call first):
       [0] run (res://tools/weapon_card_refresh_20260915/check_native.gd:34)
WARNING: Loaded resource as image file, this will not work on export: 'res://assets/art/weapons/arsenal/portraits/0_scar_h.png'. Instead, import the image file as an Image resource and load it normally as a resource.
   at: load_from_file (core/io/image.cpp:2780)
   GDScript backtrace (most recent call first):
       [0] run (res://tools/weapon_card_refresh_20260915/check_native.gd:34)
WARNING: Loaded resource as image file, this will not work on export: 'res://assets/art/weapons/arsenal/portraits/0_aug.png'. Instead, import the image file as an Image resource and load it normally as a resource.
   at: load_from_file (core/io/image.cpp:2780)
   GDScript backtrace (most recent call first):
       [0] run (res://tools/weapon_card_refresh_20260915/check_native.gd:34)
WARNING: Loaded resource as image file, this will not work on export: 'res://assets/art/units/pixel_v1/portraits/0_pump_shotgun.png'. Instead, import the image file as an Image resource and load it normally as a resource.
   at: load_from_file (core/io/image.cpp:2780)
   GDScript backtrace (most recent call first):
       [0] run (res://tools/weapon_card_refresh_20260915/check_native.gd:34)
WARNING: Loaded resource as image file, this will not work on export: 'res://assets/art/weapons/arsenal/portraits/0_moss500.png'. Instead, import the image file as an Image resource and load it normally as a resource.
   at: load_from_file (core/io/image.cpp:2780)
   GDScript backtrace (most recent call first):
       [0] run (res://tools/weapon_card_refresh_20260915/check_native.gd:34)
WARNING: Loaded resource as image file, this will not work on export: 'res://assets/art/weapons/arsenal/portraits/0_spas12.png'. Instead, import the image file as an Image resource and load it normally as a resource.
   at: load_from_file (core/io/image.cpp:2780)
   GDScript backtrace (most recent call first):
       [0] run (res://tools/weapon_card_refresh_20260915/check_native.gd:34)
WARNING: Loaded resource as image file, this will not work on export: 'res://assets/art/weapons/arsenal/portraits/0_benelli_m2.png'. Instead, import the image file as an Image resource and load it normally as a resource.
   at: load_from_file (core/io/image.cpp:2780)
   GDScript backtrace (most recent call first):
       [0] run (res://tools/weapon_card_refresh_20260915/check_native.gd:34)
WARNING: Loaded resource as image file, this will not work on export: 'res://assets/art/weapons/arsenal/portraits/0_benelli_m4.png'. Instead, import the image file as an Image resource and load it normally as a resource.
   at: load_from_file (core/io/image.cpp:2780)
   GDScript backtrace (most recent call first):
       [0] run (res://tools/weapon_card_refresh_20260915/check_native.gd:34)
WARNING: Loaded resource as image file, this will not work on export: 'res://assets/art/weapons/arsenal/portraits/0_saiga12.png'. Instead, import the image file as an Image resource and load it normally as a resource.
   at: load_from_file (core/io/image.cpp:2780)
   GDScript backtrace (most recent call first):
       [0] run (res://tools/weapon_card_refresh_20260915/check_native.gd:34)
WARNING: Loaded resource as image file, this will not work on export: 'res://assets/art/units/mercer/portraits/mercer_rem700.png'. Instead, import the image file as an Image resource and load it normally as a resource.
   at: load_from_file (core/io/image.cpp:2780)
   GDScript backtrace (most recent call first):
       [0] run (res://tools/weapon_card_refresh_20260915/check_native.gd:34)
WARNING: Loaded resource as image file, this will not work on export: 'res://assets/art/units/mercer/portraits/mercer_sks.png'. Instead, import the image file as an Image resource and load it normally as a resource.
   at: load_from_file (core/io/image.cpp:2780)
   GDScript backtrace (most recent call first):
       [0] run (res://tools/weapon_card_refresh_20260915/check_native.gd:34)
WARNING: Loaded resource as image file, this will not work on export: 'res://assets/art/units/mercer/portraits/mercer_svd.png'. Instead, import the image file as an Image resource and load it normally as a resource.
   at: load_from_file (core/io/image.cpp:2780)
   GDScript backtrace (most recent call first):
       [0] run (res://tools/weapon_card_refresh_20260915/check_native.gd:34)
WARNING: Loaded resource as image file, this will not work on export: 'res://assets/art/units/mercer/portraits/mercer_ssg69.png'. Instead, import the image file as an Image resource and load it normally as a resource.
   at: load_from_file (core/io/image.cpp:2780)
   GDScript backtrace (most recent call first):
       [0] run (res://tools/weapon_card_refresh_20260915/check_native.gd:34)
WARNING: Loaded resource as image file, this will not work on export: 'res://assets/art/units/mercer/portraits/mercer_awm.png'. Instead, import the image file as an Image resource and load it normally as a resource.
   at: load_from_file (core/io/image.cpp:2780)
   GDScript backtrace (most recent call first):
       [0] run (res://tools/weapon_card_refresh_20260915/check_native.gd:34)
WARNING: Loaded resource as image file, this will not work on export: 'res://assets/art/units/mercer/portraits/mercer_psg1.png'. Instead, import the image file as an Image resource and load it normally as a resource.
   at: load_from_file (core/io/image.cpp:2780)
   GDScript backtrace (most recent call first):
       [0] run (res://tools/weapon_card_refresh_20260915/check_native.gd:34)
WARNING: Loaded resource as image file, this will not work on export: 'res://assets/art/units/factions/portraits/faction_eastex_glock_17.png'. Instead, import the image file as an Image resource and load it normally as a resource.
   at: load_from_file (core/io/image.cpp:2780)
   GDScript backtrace (most recent call first):
       [0] run (res://tools/weapon_card_refresh_20260915/check_native.gd:34)
WARNING: Loaded resource as image file, this will not work on export: 'res://assets/art/units/factions/portraits/faction_eastex_m1911.png'. Instead, import the image file as an Image resource and load it normally as a resource.
   at: load_from_file (core/io/image.cpp:2780)
   GDScript backtrace (most recent call first):
       [0] run (res://tools/weapon_card_refresh_20260915/check_native.gd:34)
WARNING: Loaded resource as image file, this will not work on export: 'res://assets/art/units/factions/portraits/faction_eastex_usp.png'. Instead, import the image file as an Image resource and load it normally as a resource.
   at: load_from_file (core/io/image.cpp:2780)
   GDScript backtrace (most recent call first):
       [0] run (res://tools/weapon_card_refresh_20260915/check_native.gd:34)
WARNING: Loaded resource as image file, this will not work on export: 'res://assets/art/units/factions/portraits/faction_eastex_cz75.png'. Instead, import the image file as an Image resource and load it normally as a resource.
   at: load_from_file (core/io/image.cpp:2780)
   GDScript backtrace (most recent call first):
       [0] run (res://tools/weapon_card_refresh_20260915/check_native.gd:34)
WARNING: Loaded resource as image file, this will not work on export: 'res://assets/art/units/factions/portraits/faction_eastex_desert_eagle.png'. Instead, import the image file as an Image resource and load it normally as a resource.
   at: load_from_file (core/io/image.cpp:2780)
   GDScript backtrace (most recent call first):
       [0] run (res://tools/weapon_card_refresh_20260915/check_native.gd:34)
WARNING: Loaded resource as image file, this will not work on export: 'res://assets/art/units/factions/portraits/faction_eastex_five_seven.png'. Instead, import the image file as an Image resource and load it normally as a resource.
   at: load_from_file (core/io/image.cpp:2780)
   GDScript backtrace (most recent call first):
       [0] run (res://tools/weapon_card_refresh_20260915/check_native.gd:34)
WARNING: Loaded resource as image file, this will not work on export: 'res://assets/art/units/factions/portraits/faction_eastex_uzi.png'. Instead, import the image file as an Image resource and load it normally as a resource.
   at: load_from_file (core/io/image.cpp:2780)
   GDScript backtrace (most recent call first):
       [0] run (res://tools/weapon_card_refresh_20260915/check_native.gd:34)
WARNING: Loaded resource as image file, this will not work on export: 'res://assets/art/units/factions/portraits/faction_eastex_mac10.png'. Instead, import the image file as an Image resource and load it normally as a resource.
   at: load_from_file (core/io/image.cpp:2780)
   GDScript backtrace (most recent call first):
       [0] run (res://tools/weapon_card_refresh_20260915/check_native.gd:34)
WARNING: Loaded resource as image file, this will not work on export: 'res://assets/art/units/factions/portraits/faction_eastex_mp5.png'. Instead, import the image file as an Image resource and load it normally as a resource.
   at: load_from_file (core/io/image.cpp:2780)
   GDScript backtrace (most recent call first):
       [0] run (res://tools/weapon_card_refresh_20260915/check_native.gd:34)
WARNING: Loaded resource as image file, this will not work on export: 'res://assets/art/units/factions/portraits/faction_eastex_mp5k.png'. Instead, import the image file as an Image resource and load it normally as a resource.
   at: load_from_file (core/io/image.cpp:2780)
   GDScript backtrace (most recent call first):
       [0] run (res://tools/weapon_card_refresh_20260915/check_native.gd:34)
WARNING: Loaded resource as image file, this will not work on export: 'res://assets/art/units/factions/portraits/faction_eastex_vector.png'. Instead, import the image file as an Image resource and load it normally as a resource.
   at: load_from_file (core/io/image.cpp:2780)
   GDScript backtrace (most recent call first):
       [0] run (res://tools/weapon_card_refresh_20260915/check_native.gd:34)
WARNING: Loaded resource as image file, this will not work on export: 'res://assets/art/units/factions/portraits/faction_eastex_p90.png'. Instead, import the image file as an Image resource and load it normally as a resource.
   at: load_from_file (core/io/image.cpp:2780)
   GDScript backtrace (most recent call first):
       [0] run (res://tools/weapon_card_refresh_20260915/check_native.gd:34)
WARNING: Loaded resource as image file, this will not work on export: 'res://assets/art/units/factions/portraits/faction_eastex_ak47.png'. Instead, import the image file as an Image resource and load it normally as a resource.
   at: load_from_file (core/io/image.cpp:2780)
   GDScript backtrace (most recent call first):
       [0] run (res://tools/weapon_card_refresh_20260915/check_native.gd:34)
WARNING: Loaded resource as image file, this will not work on export: 'res://assets/art/units/factions/portraits/faction_eastex_mini14.png'. Instead, import the image file as an Image resource and load it normally as a resource.
   at: load_from_file (core/io/image.cpp:2780)
   GDScript backtrace (most recent call first):
       [0] run (res://tools/weapon_card_refresh_20260915/check_native.gd:34)
WARNING: Loaded resource as image file, this will not work on export: 'res://assets/art/units/factions/portraits/faction_eastex_m4a1.png'. Instead, import the image file as an Image resource and load it normally as a resource.
   at: load_from_file (core/io/image.cpp:2780)
   GDScript backtrace (most recent call first):
       [0] run (res://tools/weapon_card_refresh_20260915/check_native.gd:34)
WARNING: Loaded resource as image file, this will not work on export: 'res://assets/art/units/factions/portraits/faction_eastex_g36c.png'. Instead, import the image file as an Image resource and load it normally as a resource.
   at: load_from_file (core/io/image.cpp:2780)
   GDScript backtrace (most recent call first):
       [0] run (res://tools/weapon_card_refresh_20260915/check_native.gd:34)
WARNING: Loaded resource as image file, this will not work on export: 'res://assets/art/units/factions/portraits/faction_eastex_scar_h.png'. Instead, import the image file as an Image resource and load it normally as a resource.
   at: load_from_file (core/io/image.cpp:2780)
   GDScript backtrace (most recent call first):
       [0] run (res://tools/weapon_card_refresh_20260915/check_native.gd:34)
WARNING: Loaded resource as image file, this will not work on export: 'res://assets/art/units/factions/portraits/faction_eastex_aug.png'. Instead, import the image file as an Image resource and load it normally as a resource.
   at: load_from_file (core/io/image.cpp:2780)
   GDScript backtrace (most recent call first):
       [0] run (res://tools/weapon_card_refresh_20260915/check_native.gd:34)
WARNING: Loaded resource as image file, this will not work on export: 'res://assets/art/units/factions/portraits/faction_eastex_rem870.png'. Instead, import the image file as an Image resource and load it normally as a resource.
   at: load_from_file (core/io/image.cpp:2780)
   GDScript backtrace (most recent call first):
       [0] run (res://tools/weapon_card_refresh_20260915/check_native.gd:34)
WARNING: Loaded resource as image file, this will not work on export: 'res://assets/art/units/factions/portraits/faction_eastex_moss500.png'. Instead, import the image file as an Image resource and load it normally as a resource.
   at: load_from_file (core/io/image.cpp:2780)
   GDScript backtrace (most recent call first):
       [0] run (res://tools/weapon_card_refresh_20260915/check_native.gd:34)
WARNING: Loaded resource as image file, this will not work on export: 'res://assets/art/units/factions/portraits/faction_eastex_spas12.png'. Instead, import the image file as an Image resource and load it normally as a resource.
   at: load_from_file (core/io/image.cpp:2780)
   GDScript backtrace (most recent call first):
       [0] run (res://tools/weapon_card_refresh_20260915/check_native.gd:34)
WARNING: Loaded resource as image file, this will not work on export: 'res://assets/art/units/factions/portraits/faction_eastex_benelli_m2.png'. Instead, import the image file as an Image resource and load it normally as a resource.
   at: load_from_file (core/io/image.cpp:2780)
   GDScript backtrace (most recent call first):
       [0] run (res://tools/weapon_card_refresh_20260915/check_native.gd:34)
WARNING: Loaded resource as image file, this will not work on export: 'res://assets/art/units/factions/portraits/faction_eastex_benelli_m4.png'. Instead, import the image file as an Image resource and load it normally as a resource.
   at: load_from_file (core/io/image.cpp:2780)
   GDScript backtrace (most recent call first):
       [0] run (res://tools/weapon_card_refresh_20260915/check_native.gd:34)
WARNING: Loaded resource as image file, this will not work on export: 'res://assets/art/units/factions/portraits/faction_eastex_saiga12.png'. Instead, import the image file as an Image resource and load it normally as a resource.
   at: load_from_file (core/io/image.cpp:2780)
   GDScript backtrace (most recent call first):
       [0] run (res://tools/weapon_card_refresh_20260915/check_native.gd:34)
WARNING: Loaded resource as image file, this will not work on export: 'res://assets/art/units/factions/portraits/faction_eastex_rem700.png'. Instead, import the image file as an Image resource and load it normally as a resource.
   at: load_from_file (core/io/image.cpp:2780)
   GDScript backtrace (most recent call first):
       [0] run (res://tools/weapon_card_refresh_20260915/check_native.gd:34)
WARNING: Loaded resource as image file, this will not work on export: 'res://assets/art/units/factions/portraits/faction_eastex_sks.png'. Instead, import the image file as an Image resource and load it normally as a resource.
   at: load_from_file (core/io/image.cpp:2780)
   GDScript backtrace (most recent call first):
       [0] run (res://tools/weapon_card_refresh_20260915/check_native.gd:34)
WARNING: Loaded resource as image file, this will not work on export: 'res://assets/art/units/factions/portraits/faction_eastex_svd.png'. Instead, import the image file as an Image resource and load it normally as a resource.
   at: load_from_file (core/io/image.cpp:2780)
   GDScript backtrace (most recent call first):
       [0] run (res://tools/weapon_card_refresh_20260915/check_native.gd:34)
WARNING: Loaded resource as image file, this will not work on export: 'res://assets/art/units/factions/portraits/faction_eastex_ssg69.png'. Instead, import the image file as an Image resource and load it normally as a resource.
   at: load_from_file (core/io/image.cpp:2780)
   GDScript backtrace (most recent call first):
       [0] run (res://tools/weapon_card_refresh_20260915/check_native.gd:34)
WARNING: Loaded resource as image file, this will not work on export: 'res://assets/art/units/factions/portraits/faction_eastex_awm.png'. Instead, import the image file as an Image resource and load it normally as a resource.
   at: load_from_file (core/io/image.cpp:2780)
   GDScript backtrace (most recent call first):
       [0] run (res://tools/weapon_card_refresh_20260915/check_native.gd:34)
WARNING: Loaded resource as image file, this will not work on export: 'res://assets/art/units/factions/portraits/faction_eastex_psg1.png'. Instead, import the image file as an Image resource and load it normally as a resource.
   at: load_from_file (core/io/image.cpp:2780)
   GDScript backtrace (most recent call first):
       [0] run (res://tools/weapon_card_refresh_20260915/check_native.gd:34)
WARNING: Loaded resource as image file, this will not work on export: 'res://assets/art/units/factions/portraits/faction_calle_ocho_glock_17.png'. Instead, import the image file as an Image resource and load it normally as a resource.
   at: load_from_file (core/io/image.cpp:2780)
   GDScript backtrace (most recent call first):
       [0] run (res://tools/weapon_card_refresh_20260915/check_native.gd:34)
WARNING: Loaded resource as image file, this will not work on export: 'res://assets/art/units/factions/portraits/faction_calle_ocho_m1911.png'. Instead, import the image file as an Image resource and load it normally as a resource.
   at: load_from_file (core/io/image.cpp:2780)
   GDScript backtrace (most recent call first):
       [0] run (res://tools/weapon_card_refresh_20260915/check_native.gd:34)
WARNING: Loaded resource as image file, this will not work on export: 'res://assets/art/units/factions/portraits/faction_calle_ocho_usp.png'. Instead, import the image file as an Image resource and load it normally as a resource.
   at: load_from_file (core/io/image.cpp:2780)
   GDScript backtrace (most recent call first):
       [0] run (res://tools/weapon_card_refresh_20260915/check_native.gd:34)
WARNING: Loaded resource as image file, this will not work on export: 'res://assets/art/units/factions/portraits/faction_calle_ocho_cz75.png'. Instead, import the image file as an Image resource and load it normally as a resource.
   at: load_from_file (core/io/image.cpp:2780)
   GDScript backtrace (most recent call first):
       [0] run (res://tools/weapon_card_refresh_20260915/check_native.gd:34)
WARNING: Loaded resource as image file, this will not work on export: 'res://assets/art/units/factions/portraits/faction_calle_ocho_desert_eagle.png'. Instead, import the image file as an Image resource and load it normally as a resource.
   at: load_from_file (core/io/image.cpp:2780)
   GDScript backtrace (most recent call first):
       [0] run (res://tools/weapon_card_refresh_20260915/check_native.gd:34)
WARNING: Loaded resource as image file, this will not work on export: 'res://assets/art/units/factions/portraits/faction_calle_ocho_five_seven.png'. Instead, import the image file as an Image resource and load it normally as a resource.
   at: load_from_file (core/io/image.cpp:2780)
   GDScript backtrace (most recent call first):
       [0] run (res://tools/weapon_card_refresh_20260915/check_native.gd:34)
WARNING: Loaded resource as image file, this will not work on export: 'res://assets/art/units/factions/portraits/faction_calle_ocho_uzi.png'. Instead, import the image file as an Image resource and load it normally as a resource.
   at: load_from_file (core/io/image.cpp:2780)
   GDScript backtrace (most recent call first):
       [0] run (res://tools/weapon_card_refresh_20260915/check_native.gd:34)
WARNING: Loaded resource as image file, this will not work on export: 'res://assets/art/units/factions/portraits/faction_calle_ocho_mac10.png'. Instead, import the image file as an Image resource and load it normally as a resource.
   at: load_from_file (core/io/image.cpp:2780)
   GDScript backtrace (most recent call first):
       [0] run (res://tools/weapon_card_refresh_20260915/check_native.gd:34)
WARNING: Loaded resource as image file, this will not work on export: 'res://assets/art/units/factions/portraits/faction_calle_ocho_mp5.png'. Instead, import the image file as an Image resource and load it normally as a resource.
   at: load_from_file (core/io/image.cpp:2780)
   GDScript backtrace (most recent call first):
       [0] run (res://tools/weapon_card_refresh_20260915/check_native.gd:34)
WARNING: Loaded resource as image file, this will not work on export: 'res://assets/art/units/factions/portraits/faction_calle_ocho_mp5k.png'. Instead, import the image file as an Image resource and load it normally as a resource.
   at: load_from_file (core/io/image.cpp:2780)
   GDScript backtrace (most recent call first):
       [0] run (res://tools/weapon_card_refresh_20260915/check_native.gd:34)
WARNING: Loaded resource as image file, this will not work on export: 'res://assets/art/units/factions/portraits/faction_calle_ocho_vector.png'. Instead, import the image file as an Image resource and load it normally as a resource.
   at: load_from_file (core/io/image.cpp:2780)
   GDScript backtrace (most recent call first):
       [0] run (res://tools/weapon_card_refresh_20260915/check_native.gd:34)
WARNING: Loaded resource as image file, this will not work on export: 'res://assets/art/units/factions/portraits/faction_calle_ocho_p90.png'. Instead, import the image file as an Image resource and load it normally as a resource.
   at: load_from_file (core/io/image.cpp:2780)
   GDScript backtrace (most recent call first):
       [0] run (res://tools/weapon_card_refresh_20260915/check_native.gd:34)
WARNING: Loaded resource as image file, this will not work on export: 'res://assets/art/units/factions/portraits/faction_calle_ocho_ak47.png'. Instead, import the image file as an Image resource and load it normally as a resource.
   at: load_from_file (core/io/image.cpp:2780)
   GDScript backtrace (most recent call first):
       [0] run (res://tools/weapon_card_refresh_20260915/check_native.gd:34)
WARNING: Loaded resource as image file, this will not work on export: 'res://assets/art/units/factions/portraits/faction_calle_ocho_mini14.png'. Instead, import the image file as an Image resource and load it normally as a resource.
   at: load_from_file (core/io/image.cpp:2780)
   GDScript backtrace (most recent call first):
       [0] run (res://tools/weapon_card_refresh_20260915/check_native.gd:34)
WARNING: Loaded resource as image file, this will not work on export: 'res://assets/art/units/factions/portraits/faction_calle_ocho_m4a1.png'. Instead, import the image file as an Image resource and load it normally as a resource.
   at: load_from_file (core/io/image.cpp:2780)
   GDScript backtrace (most recent call first):
       [0] run (res://tools/weapon_card_refresh_20260915/check_native.gd:34)
WARNING: Loaded resource as image file, this will not work on export: 'res://assets/art/units/factions/portraits/faction_calle_ocho_g36c.png'. Instead, import the image file as an Image resource and load it normally as a resource.
   at: load_from_file (core/io/image.cpp:2780)
   GDScript backtrace (most recent call first):
       [0] run (res://tools/weapon_card_refresh_20260915/check_native.gd:34)
WARNING: Loaded resource as image file, this will not work on export: 'res://assets/art/units/factions/portraits/faction_calle_ocho_scar_h.png'. Instead, import the image file as an Image resource and load it normally as a resource.
   at: load_from_file (core/io/image.cpp:2780)
   GDScript backtrace (most recent call first):
       [0] run (res://tools/weapon_card_refresh_20260915/check_native.gd:34)
WARNING: Loaded resource as image file, this will not work on export: 'res://assets/art/units/factions/portraits/faction_calle_ocho_aug.png'. Instead, import the image file as an Image resource and load it normally as a resource.
   at: load_from_file (core/io/image.cpp:2780)
   GDScript backtrace (most recent call first):
       [0] run (res://tools/weapon_card_refresh_20260915/check_native.gd:34)
WARNING: Loaded resource as image file, this will not work on export: 'res://assets/art/units/factions/portraits/faction_calle_ocho_rem870.png'. Instead, import the image file as an Image resource and load it normally as a resource.
   at: load_from_file (core/io/image.cpp:2780)
   GDScript backtrace (most recent call first):
       [0] run (res://tools/weapon_card_refresh_20260915/check_native.gd:34)
WARNING: Loaded resource as image file, this will not work on export: 'res://assets/art/units/factions/portraits/faction_calle_ocho_moss500.png'. Instead, import the image file as an Image resource and load it normally as a resource.
   at: load_from_file (core/io/image.cpp:2780)
   GDScript backtrace (most recent call first):
       [0] run (res://tools/weapon_card_refresh_20260915/check_native.gd:34)
WARNING: Loaded resource as image file, this will not work on export: 'res://assets/art/units/factions/portraits/faction_calle_ocho_spas12.png'. Instead, import the image file as an Image resource and load it normally as a resource.
   at: load_from_file (core/io/image.cpp:2780)
   GDScript backtrace (most recent call first):
       [0] run (res://tools/weapon_card_refresh_20260915/check_native.gd:34)
WARNING: Loaded resource as image file, this will not work on export: 'res://assets/art/units/factions/portraits/faction_calle_ocho_benelli_m2.png'. Instead, import the image file as an Image resource and load it normally as a resource.
   at: load_from_file (core/io/image.cpp:2780)
   GDScript backtrace (most recent call first):
       [0] run (res://tools/weapon_card_refresh_20260915/check_native.gd:34)
WARNING: Loaded resource as image file, this will not work on export: 'res://assets/art/units/factions/portraits/faction_calle_ocho_benelli_m4.png'. Instead, import the image file as an Image resource and load it normally as a resource.
   at: load_from_file (core/io/image.cpp:2780)
   GDScript backtrace (most recent call first):
       [0] run (res://tools/weapon_card_refresh_20260915/check_native.gd:34)
WARNING: Loaded resource as image file, this will not work on export: 'res://assets/art/units/factions/portraits/faction_calle_ocho_saiga12.png'. Instead, import the image file as an Image resource and load it normally as a resource.
   at: load_from_file (core/io/image.cpp:2780)
   GDScript backtrace (most recent call first):
       [0] run (res://tools/weapon_card_refresh_20260915/check_native.gd:34)
WARNING: Loaded resource as image file, this will not work on export: 'res://assets/art/units/factions/portraits/faction_calle_ocho_rem700.png'. Instead, import the image file as an Image resource and load it normally as a resource.
   at: load_from_file (core/io/image.cpp:2780)
   GDScript backtrace (most recent call first):
       [0] run (res://tools/weapon_card_refresh_20260915/check_native.gd:34)
WARNING: Loaded resource as image file, this will not work on export: 'res://assets/art/units/factions/portraits/faction_calle_ocho_sks.png'. Instead, import the image file as an Image resource and load it normally as a resource.
   at: load_from_file (core/io/image.cpp:2780)
   GDScript backtrace (most recent call first):
       [0] run (res://tools/weapon_card_refresh_20260915/check_native.gd:34)
WARNING: Loaded resource as image file, this will not work on export: 'res://assets/art/units/factions/portraits/faction_calle_ocho_svd.png'. Instead, import the image file as an Image resource and load it normally as a resource.
   at: load_from_file (core/io/image.cpp:2780)
   GDScript backtrace (most recent call first):
       [0] run (res://tools/weapon_card_refresh_20260915/check_native.gd:34)
WARNING: Loaded resource as image file, this will not work on export: 'res://assets/art/units/factions/portraits/faction_calle_ocho_ssg69.png'. Instead, import the image file as an Image resource and load it normally as a resource.
   at: load_from_file (core/io/image.cpp:2780)
   GDScript backtrace (most recent call first):
       [0] run (res://tools/weapon_card_refresh_20260915/check_native.gd:34)
WARNING: Loaded resource as image file, this will not work on export: 'res://assets/art/units/factions/portraits/faction_calle_ocho_awm.png'. Instead, import the image file as an Image resource and load it normally as a resource.
   at: load_from_file (core/io/image.cpp:2780)
   GDScript backtrace (most recent call first):
       [0] run (res://tools/weapon_card_refresh_20260915/check_native.gd:34)
WARNING: Loaded resource as image file, this will not work on export: 'res://assets/art/units/factions/portraits/faction_calle_ocho_psg1.png'. Instead, import the image file as an Image resource and load it normally as a resource.
   at: load_from_file (core/io/image.cpp:2780)
   GDScript backtrace (most recent call first):
       [0] run (res://tools/weapon_card_refresh_20260915/check_native.gd:34)
WARNING: Loaded resource as image file, this will not work on export: 'res://assets/art/units/factions/portraits/faction_ventresca_glock_17.png'. Instead, import the image file as an Image resource and load it normally as a resource.
   at: load_from_file (core/io/image.cpp:2780)
   GDScript backtrace (most recent call first):
       [0] run (res://tools/weapon_card_refresh_20260915/check_native.gd:34)
WARNING: Loaded resource as image file, this will not work on export: 'res://assets/art/units/factions/portraits/faction_ventresca_m1911.png'. Instead, import the image file as an Image resource and load it normally as a resource.
   at: load_from_file (core/io/image.cpp:2780)
   GDScript backtrace (most recent call first):
       [0] run (res://tools/weapon_card_refresh_20260915/check_native.gd:34)
WARNING: Loaded resource as image file, this will not work on export: 'res://assets/art/units/factions/portraits/faction_ventresca_usp.png'. Instead, import the image file as an Image resource and load it normally as a resource.
   at: load_from_file (core/io/image.cpp:2780)
   GDScript backtrace (most recent call first):
       [0] run (res://tools/weapon_card_refresh_20260915/check_native.gd:34)
WARNING: Loaded resource as image file, this will not work on export: 'res://assets/art/units/factions/portraits/faction_ventresca_cz75.png'. Instead, import the image file as an Image resource and load it normally as a resource.
   at: load_from_file (core/io/image.cpp:2780)
   GDScript backtrace (most recent call first):
       [0] run (res://tools/weapon_card_refresh_20260915/check_native.gd:34)
WARNING: Loaded resource as image file, this will not work on export: 'res://assets/art/units/factions/portraits/faction_ventresca_desert_eagle.png'. Instead, import the image file as an Image resource and load it normally as a resource.
   at: load_from_file (core/io/image.cpp:2780)
   GDScript backtrace (most recent call first):
       [0] run (res://tools/weapon_card_refresh_20260915/check_native.gd:34)
WARNING: Loaded resource as image file, this will not work on export: 'res://assets/art/units/factions/portraits/faction_ventresca_five_seven.png'. Instead, import the image file as an Image resource and load it normally as a resource.
   at: load_from_file (core/io/image.cpp:2780)
   GDScript backtrace (most recent call first):
       [0] run (res://tools/weapon_card_refresh_20260915/check_native.gd:34)
WARNING: Loaded resource as image file, this will not work on export: 'res://assets/art/units/factions/portraits/faction_ventresca_uzi.png'. Instead, import the image file as an Image resource and load it normally as a resource.
   at: load_from_file (core/io/image.cpp:2780)
   GDScript backtrace (most recent call first):
       [0] run (res://tools/weapon_card_refresh_20260915/check_native.gd:34)
WARNING: Loaded resource as image file, this will not work on export: 'res://assets/art/units/factions/portraits/faction_ventresca_mac10.png'. Instead, import the image file as an Image resource and load it normally as a resource.
   at: load_from_file (core/io/image.cpp:2780)
   GDScript backtrace (most recent call first):
       [0] run (res://tools/weapon_card_refresh_20260915/check_native.gd:34)
WARNING: Loaded resource as image file, this will not work on export: 'res://assets/art/units/factions/portraits/faction_ventresca_mp5.png'. Instead, import the image file as an Image resource and load it normally as a resource.
   at: load_from_file (core/io/image.cpp:2780)
   GDScript backtrace (most recent call first):
       [0] run (res://tools/weapon_card_refresh_20260915/check_native.gd:34)
WARNING: Loaded resource as image file, this will not work on export: 'res://assets/art/units/factions/portraits/faction_ventresca_mp5k.png'. Instead, import the image file as an Image resource and load it normally as a resource.
   at: load_from_file (core/io/image.cpp:2780)
   GDScript backtrace (most recent call first):
       [0] run (res://tools/weapon_card_refresh_20260915/check_native.gd:34)
WARNING: Loaded resource as image file, this will not work on export: 'res://assets/art/units/factions/portraits/faction_ventresca_vector.png'. Instead, import the image file as an Image resource and load it normally as a resource.
   at: load_from_file (core/io/image.cpp:2780)
   GDScript backtrace (most recent call first):
       [0] run (res://tools/weapon_card_refresh_20260915/check_native.gd:34)
WARNING: Loaded resource as image file, this will not work on export: 'res://assets/art/units/factions/portraits/faction_ventresca_p90.png'. Instead, import the image file as an Image resource and load it normally as a resource.
   at: load_from_file (core/io/image.cpp:2780)
   GDScript backtrace (most recent call first):
       [0] run (res://tools/weapon_card_refresh_20260915/check_native.gd:34)
WARNING: Loaded resource as image file, this will not work on export: 'res://assets/art/units/factions/portraits/faction_ventresca_ak47.png'. Instead, import the image file as an Image resource and load it normally as a resource.
   at: load_from_file (core/io/image.cpp:2780)
   GDScript backtrace (most recent call first):
       [0] run (res://tools/weapon_card_refresh_20260915/check_native.gd:34)
WARNING: Loaded resource as image file, this will not work on export: 'res://assets/art/units/factions/portraits/faction_ventresca_mini14.png'. Instead, import the image file as an Image resource and load it normally as a resource.
   at: load_from_file (core/io/image.cpp:2780)
   GDScript backtrace (most recent call first):
       [0] run (res://tools/weapon_card_refresh_20260915/check_native.gd:34)
WARNING: Loaded resource as image file, this will not work on export: 'res://assets/art/units/factions/portraits/faction_ventresca_m4a1.png'. Instead, import the image file as an Image resource and load it normally as a resource.
   at: load_from_file (core/io/image.cpp:2780)
   GDScript backtrace (most recent call first):
       [0] run (res://tools/weapon_card_refresh_20260915/check_native.gd:34)
WARNING: Loaded resource as image file, this will not work on export: 'res://assets/art/units/factions/portraits/faction_ventresca_g36c.png'. Instead, import the image file as an Image resource and load it normally as a resource.
   at: load_from_file (core/io/image.cpp:2780)
   GDScript backtrace (most recent call first):
       [0] run (res://tools/weapon_card_refresh_20260915/check_native.gd:34)
WARNING: Loaded resource as image file, this will not work on export: 'res://assets/art/units/factions/portraits/faction_ventresca_scar_h.png'. Instead, import the image file as an Image resource and load it normally as a resource.
   at: load_from_file (core/io/image.cpp:2780)
   GDScript backtrace (most recent call first):
       [0] run (res://tools/weapon_card_refresh_20260915/check_native.gd:34)
WARNING: Loaded resource as image file, this will not work on export: 'res://assets/art/units/factions/portraits/faction_ventresca_aug.png'. Instead, import the image file as an Image resource and load it normally as a resource.
   at: load_from_file (core/io/image.cpp:2780)
   GDScript backtrace (most recent call first):
       [0] run (res://tools/weapon_card_refresh_20260915/check_native.gd:34)
WARNING: Loaded resource as image file, this will not work on export: 'res://assets/art/units/factions/portraits/faction_ventresca_rem870.png'. Instead, import the image file as an Image resource and load it normally as a resource.
   at: load_from_file (core/io/image.cpp:2780)
   GDScript backtrace (most recent call first):
       [0] run (res://tools/weapon_card_refresh_20260915/check_native.gd:34)
WARNING: Loaded resource as image file, this will not work on export: 'res://assets/art/units/factions/portraits/faction_ventresca_moss500.png'. Instead, import the image file as an Image resource and load it normally as a resource.
   at: load_from_file (core/io/image.cpp:2780)
   GDScript backtrace (most recent call first):
       [0] run (res://tools/weapon_card_refresh_20260915/check_native.gd:34)
WARNING: Loaded resource as image file, this will not work on export: 'res://assets/art/units/factions/portraits/faction_ventresca_spas12.png'. Instead, import the image file as an Image resource and load it normally as a resource.
   at: load_from_file (core/io/image.cpp:2780)
   GDScript backtrace (most recent call first):
       [0] run (res://tools/weapon_card_refresh_20260915/check_native.gd:34)
WARNING: Loaded resource as image file, this will not work on export: 'res://assets/art/units/factions/portraits/faction_ventresca_benelli_m2.png'. Instead, import the image file as an Image resource and load it normally as a resource.
   at: load_from_file (core/io/image.cpp:2780)
   GDScript backtrace (most recent call first):
       [0] run (res://tools/weapon_card_refresh_20260915/check_native.gd:34)
WARNING: Loaded resource as image file, this will not work on export: 'res://assets/art/units/factions/portraits/faction_ventresca_benelli_m4.png'. Instead, import the image file as an Image resource and load it normally as a resource.
   at: load_from_file (core/io/image.cpp:2780)
   GDScript backtrace (most recent call first):
       [0] run (res://tools/weapon_card_refresh_20260915/check_native.gd:34)
WARNING: Loaded resource as image file, this will not work on export: 'res://assets/art/units/factions/portraits/faction_ventresca_saiga12.png'. Instead, import the image file as an Image resource and load it normally as a resource.
   at: load_from_file (core/io/image.cpp:2780)
   GDScript backtrace (most recent call first):
       [0] run (res://tools/weapon_card_refresh_20260915/check_native.gd:34)
WARNING: Loaded resource as image file, this will not work on export: 'res://assets/art/units/factions/portraits/faction_ventresca_rem700.png'. Instead, import the image file as an Image resource and load it normally as a resource.
   at: load_from_file (core/io/image.cpp:2780)
   GDScript backtrace (most recent call first):
       [0] run (res://tools/weapon_card_refresh_20260915/check_native.gd:34)
WARNING: Loaded resource as image file, this will not work on export: 'res://assets/art/units/factions/portraits/faction_ventresca_sks.png'. Instead, import the image file as an Image resource and load it normally as a resource.
   at: load_from_file (core/io/image.cpp:2780)
   GDScript backtrace (most recent call first):
       [0] run (res://tools/weapon_card_refresh_20260915/check_native.gd:34)
WARNING: Loaded resource as image file, this will not work on export: 'res://assets/art/units/factions/portraits/faction_ventresca_svd.png'. Instead, import the image file as an Image resource and load it normally as a resource.
   at: load_from_file (core/io/image.cpp:2780)
   GDScript backtrace (most recent call first):
       [0] run (res://tools/weapon_card_refresh_20260915/check_native.gd:34)
WARNING: Loaded resource as image file, this will not work on export: 'res://assets/art/units/factions/portraits/faction_ventresca_ssg69.png'. Instead, import the image file as an Image resource and load it normally as a resource.
   at: load_from_file (core/io/image.cpp:2780)
   GDScript backtrace (most recent call first):
       [0] run (res://tools/weapon_card_refresh_20260915/check_native.gd:34)
WARNING: Loaded resource as image file, this will not work on export: 'res://assets/art/units/factions/portraits/faction_ventresca_awm.png'. Instead, import the image file as an Image resource and load it normally as a resource.
   at: load_from_file (core/io/image.cpp:2780)
   GDScript backtrace (most recent call first):
       [0] run (res://tools/weapon_card_refresh_20260915/check_native.gd:34)
WARNING: Loaded resource as image file, this will not work on export: 'res://assets/art/units/factions/portraits/faction_ventresca_psg1.png'. Instead, import the image file as an Image resource and load it normally as a resource.
   at: load_from_file (core/io/image.cpp:2780)
   GDScript backtrace (most recent call first):
       [0] run (res://tools/weapon_card_refresh_20260915/check_native.gd:34)
WARNING: Loaded resource as image file, this will not work on export: 'res://assets/art/units/factions/portraits/faction_ravicci_glock_17.png'. Instead, import the image file as an Image resource and load it normally as a resource.
   at: load_from_file (core/io/image.cpp:2780)
   GDScript backtrace (most recent call first):
       [0] run (res://tools/weapon_card_refresh_20260915/check_native.gd:34)
WARNING: Loaded resource as image file, this will not work on export: 'res://assets/art/units/factions/portraits/faction_ravicci_m1911.png'. Instead, import the image file as an Image resource and load it normally as a resource.
   at: load_from_file (core/io/image.cpp:2780)
   GDScript backtrace (most recent call first):
       [0] run (res://tools/weapon_card_refresh_20260915/check_native.gd:34)
WARNING: Loaded resource as image file, this will not work on export: 'res://assets/art/units/factions/portraits/faction_ravicci_usp.png'. Instead, import the image file as an Image resource and load it normally as a resource.
   at: load_from_file (core/io/image.cpp:2780)
   GDScript backtrace (most recent call first):
       [0] run (res://tools/weapon_card_refresh_20260915/check_native.gd:34)
WARNING: Loaded resource as image file, this will not work on export: 'res://assets/art/units/factions/portraits/faction_ravicci_cz75.png'. Instead, import the image file as an Image resource and load it normally as a resource.
   at: load_from_file (core/io/image.cpp:2780)
   GDScript backtrace (most recent call first):
       [0] run (res://tools/weapon_card_refresh_20260915/check_native.gd:34)
WARNING: Loaded resource as image file, this will not work on export: 'res://assets/art/units/factions/portraits/faction_ravicci_desert_eagle.png'. Instead, import the image file as an Image resource and load it normally as a resource.
   at: load_from_file (core/io/image.cpp:2780)
   GDScript backtrace (most recent call first):
       [0] run (res://tools/weapon_card_refresh_20260915/check_native.gd:34)
WARNING: Loaded resource as image file, this will not work on export: 'res://assets/art/units/factions/portraits/faction_ravicci_five_seven.png'. Instead, import the image file as an Image resource and load it normally as a resource.
   at: load_from_file (core/io/image.cpp:2780)
   GDScript backtrace (most recent call first):
       [0] run (res://tools/weapon_card_refresh_20260915/check_native.gd:34)
WARNING: Loaded resource as image file, this will not work on export: 'res://assets/art/units/factions/portraits/faction_ravicci_uzi.png'. Instead, import the image file as an Image resource and load it normally as a resource.
   at: load_from_file (core/io/image.cpp:2780)
   GDScript backtrace (most recent call first):
       [0] run (res://tools/weapon_card_refresh_20260915/check_native.gd:34)
WARNING: Loaded resource as image file, this will not work on export: 'res://assets/art/units/factions/portraits/faction_ravicci_mac10.png'. Instead, import the image file as an Image resource and load it normally as a resource.
   at: load_from_file (core/io/image.cpp:2780)
   GDScript backtrace (most recent call first):
       [0] run (res://tools/weapon_card_refresh_20260915/check_native.gd:34)
WARNING: Loaded resource as image file, this will not work on export: 'res://assets/art/units/factions/portraits/faction_ravicci_mp5.png'. Instead, import the image file as an Image resource and load it normally as a resource.
   at: load_from_file (core/io/image.cpp:2780)
   GDScript backtrace (most recent call first):
       [0] run (res://tools/weapon_card_refresh_20260915/check_native.gd:34)
WARNING: Loaded resource as image file, this will not work on export: 'res://assets/art/units/factions/portraits/faction_ravicci_mp5k.png'. Instead, import the image file as an Image resource and load it normally as a resource.
   at: load_from_file (core/io/image.cpp:2780)
   GDScript backtrace (most recent call first):
       [0] run (res://tools/weapon_card_refresh_20260915/check_native.gd:34)
WARNING: Loaded resource as image file, this will not work on export: 'res://assets/art/units/factions/portraits/faction_ravicci_vector.png'. Instead, import the image file as an Image resource and load it normally as a resource.
   at: load_from_file (core/io/image.cpp:2780)
   GDScript backtrace (most recent call first):
       [0] run (res://tools/weapon_card_refresh_20260915/check_native.gd:34)
WARNING: Loaded resource as image file, this will not work on export: 'res://assets/art/units/factions/portraits/faction_ravicci_p90.png'. Instead, import the image file as an Image resource and load it normally as a resource.
   at: load_from_file (core/io/image.cpp:2780)
   GDScript backtrace (most recent call first):
       [0] run (res://tools/weapon_card_refresh_20260915/check_native.gd:34)
WARNING: Loaded resource as image file, this will not work on export: 'res://assets/art/units/factions/portraits/faction_ravicci_ak47.png'. Instead, import the image file as an Image resource and load it normally as a resource.
   at: load_from_file (core/io/image.cpp:2780)
   GDScript backtrace (most recent call first):
       [0] run (res://tools/weapon_card_refresh_20260915/check_native.gd:34)
WARNING: Loaded resource as image file, this will not work on export: 'res://assets/art/units/factions/portraits/faction_ravicci_mini14.png'. Instead, import the image file as an Image resource and load it normally as a resource.
   at: load_from_file (core/io/image.cpp:2780)
   GDScript backtrace (most recent call first):
       [0] run (res://tools/weapon_card_refresh_20260915/check_native.gd:34)
WARNING: Loaded resource as image file, this will not work on export: 'res://assets/art/units/factions/portraits/faction_ravicci_m4a1.png'. Instead, import the image file as an Image resource and load it normally as a resource.
   at: load_from_file (core/io/image.cpp:2780)
   GDScript backtrace (most recent call first):
       [0] run (res://tools/weapon_card_refresh_20260915/check_native.gd:34)
WARNING: Loaded resource as image file, this will not work on export: 'res://assets/art/units/factions/portraits/faction_ravicci_g36c.png'. Instead, import the image file as an Image resource and load it normally as a resource.
   at: load_from_file (core/io/image.cpp:2780)
   GDScript backtrace (most recent call first):
       [0] run (res://tools/weapon_card_refresh_20260915/check_native.gd:34)
WARNING: Loaded resource as image file, this will not work on export: 'res://assets/art/units/factions/portraits/faction_ravicci_scar_h.png'. Instead, import the image file as an Image resource and load it normally as a resource.
   at: load_from_file (core/io/image.cpp:2780)
   GDScript backtrace (most recent call first):
       [0] run (res://tools/weapon_card_refresh_20260915/check_native.gd:34)
WARNING: Loaded resource as image file, this will not work on export: 'res://assets/art/units/factions/portraits/faction_ravicci_aug.png'. Instead, import the image file as an Image resource and load it normally as a resource.
   at: load_from_file (core/io/image.cpp:2780)
   GDScript backtrace (most recent call first):
       [0] run (res://tools/weapon_card_refresh_20260915/check_native.gd:34)
WARNING: Loaded resource as image file, this will not work on export: 'res://assets/art/units/factions/portraits/faction_ravicci_rem870.png'. Instead, import the image file as an Image resource and load it normally as a resource.
   at: load_from_file (core/io/image.cpp:2780)
   GDScript backtrace (most recent call first):
       [0] run (res://tools/weapon_card_refresh_20260915/check_native.gd:34)
WARNING: Loaded resource as image file, this will not work on export: 'res://assets/art/units/factions/portraits/faction_ravicci_moss500.png'. Instead, import the image file as an Image resource and load it normally as a resource.
   at: load_from_file (core/io/image.cpp:2780)
   GDScript backtrace (most recent call first):
       [0] run (res://tools/weapon_card_refresh_20260915/check_native.gd:34)
WARNING: Loaded resource as image file, this will not work on export: 'res://assets/art/units/factions/portraits/faction_ravicci_spas12.png'. Instead, import the image file as an Image resource and load it normally as a resource.
   at: load_from_file (core/io/image.cpp:2780)
   GDScript backtrace (most recent call first):
       [0] run (res://tools/weapon_card_refresh_20260915/check_native.gd:34)
WARNING: Loaded resource as image file, this will not work on export: 'res://assets/art/units/factions/portraits/faction_ravicci_benelli_m2.png'. Instead, import the image file as an Image resource and load it normally as a resource.
   at: load_from_file (core/io/image.cpp:2780)
   GDScript backtrace (most recent call first):
       [0] run (res://tools/weapon_card_refresh_20260915/check_native.gd:34)
WARNING: Loaded resource as image file, this will not work on export: 'res://assets/art/units/factions/portraits/faction_ravicci_benelli_m4.png'. Instead, import the image file as an Image resource and load it normally as a resource.
   at: load_from_file (core/io/image.cpp:2780)
   GDScript backtrace (most recent call first):
       [0] run (res://tools/weapon_card_refresh_20260915/check_native.gd:34)
WARNING: Loaded resource as image file, this will not work on export: 'res://assets/art/units/factions/portraits/faction_ravicci_saiga12.png'. Instead, import the image file as an Image resource and load it normally as a resource.
   at: load_from_file (core/io/image.cpp:2780)
   GDScript backtrace (most recent call first):
       [0] run (res://tools/weapon_card_refresh_20260915/check_native.gd:34)
WARNING: Loaded resource as image file, this will not work on export: 'res://assets/art/units/factions/portraits/faction_ravicci_rem700.png'. Instead, import the image file as an Image resource and load it normally as a resource.
   at: load_from_file (core/io/image.cpp:2780)
   GDScript backtrace (most recent call first):
       [0] run (res://tools/weapon_card_refresh_20260915/check_native.gd:34)
WARNING: Loaded resource as image file, this will not work on export: 'res://assets/art/units/factions/portraits/faction_ravicci_sks.png'. Instead, import the image file as an Image resource and load it normally as a resource.
   at: load_from_file (core/io/image.cpp:2780)
   GDScript backtrace (most recent call first):
       [0] run (res://tools/weapon_card_refresh_20260915/check_native.gd:34)
WARNING: Loaded resource as image file, this will not work on export: 'res://assets/art/units/factions/portraits/faction_ravicci_svd.png'. Instead, import the image file as an Image resource and load it normally as a resource.
   at: load_from_file (core/io/image.cpp:2780)
   GDScript backtrace (most recent call first):
       [0] run (res://tools/weapon_card_refresh_20260915/check_native.gd:34)
WARNING: Loaded resource as image file, this will not work on export: 'res://assets/art/units/factions/portraits/faction_ravicci_ssg69.png'. Instead, import the image file as an Image resource and load it normally as a resource.
   at: load_from_file (core/io/image.cpp:2780)
   GDScript backtrace (most recent call first):
       [0] run (res://tools/weapon_card_refresh_20260915/check_native.gd:34)
WARNING: Loaded resource as image file, this will not work on export: 'res://assets/art/units/factions/portraits/faction_ravicci_awm.png'. Instead, import the image file as an Image resource and load it normally as a resource.
   at: load_from_file (core/io/image.cpp:2780)
   GDScript backtrace (most recent call first):
       [0] run (res://tools/weapon_card_refresh_20260915/check_native.gd:34)
WARNING: Loaded resource as image file, this will not work on export: 'res://assets/art/units/factions/portraits/faction_ravicci_psg1.png'. Instead, import the image file as an Image resource and load it normally as a resource.
   at: load_from_file (core/io/image.cpp:2780)
   GDScript backtrace (most recent call first):
       [0] run (res://tools/weapon_card_refresh_20260915/check_native.gd:34)
WARNING: Loaded resource as image file, this will not work on export: 'res://assets/art/units/pixel_v1/portraits/1_pistol.png'. Instead, import the image file as an Image resource and load it normally as a resource.
   at: load_from_file (core/io/image.cpp:2780)
   GDScript backtrace (most recent call first):
       [0] run (res://tools/weapon_card_refresh_20260915/check_native.gd:34)
WARNING: Loaded resource as image file, this will not work on export: 'res://assets/art/weapons/arsenal/portraits/1_m1911.png'. Instead, import the image file as an Image resource and load it normally as a resource.
   at: load_from_file (core/io/image.cpp:2780)
   GDScript backtrace (most recent call first):
       [0] run (res://tools/weapon_card_refresh_20260915/check_native.gd:34)
WARNING: Loaded resource as image file, this will not work on export: 'res://assets/art/weapons/arsenal/portraits/1_usp.png'. Instead, import the image file as an Image resource and load it normally as a resource.
   at: load_from_file (core/io/image.cpp:2780)
   GDScript backtrace (most recent call first):
       [0] run (res://tools/weapon_card_refresh_20260915/check_native.gd:34)
WARNING: Loaded resource as image file, this will not work on export: 'res://assets/art/weapons/arsenal/portraits/1_cz75.png'. Instead, import the image file as an Image resource and load it normally as a resource.
   at: load_from_file (core/io/image.cpp:2780)
   GDScript backtrace (most recent call first):
       [0] run (res://tools/weapon_card_refresh_20260915/check_native.gd:34)
WARNING: Loaded resource as image file, this will not work on export: 'res://assets/art/weapons/arsenal/portraits/1_desert_eagle.png'. Instead, import the image file as an Image resource and load it normally as a resource.
   at: load_from_file (core/io/image.cpp:2780)
   GDScript backtrace (most recent call first):
       [0] run (res://tools/weapon_card_refresh_20260915/check_native.gd:34)
WARNING: Loaded resource as image file, this will not work on export: 'res://assets/art/weapons/arsenal/portraits/1_five_seven.png'. Instead, import the image file as an Image resource and load it normally as a resource.
   at: load_from_file (core/io/image.cpp:2780)
   GDScript backtrace (most recent call first):
       [0] run (res://tools/weapon_card_refresh_20260915/check_native.gd:34)
WARNING: Loaded resource as image file, this will not work on export: 'res://assets/art/units/pixel_v1/portraits/1_uzi_smg.png'. Instead, import the image file as an Image resource and load it normally as a resource.
   at: load_from_file (core/io/image.cpp:2780)
   GDScript backtrace (most recent call first):
       [0] run (res://tools/weapon_card_refresh_20260915/check_native.gd:34)
WARNING: Loaded resource as image file, this will not work on export: 'res://assets/art/weapons/arsenal/portraits/1_mac10.png'. Instead, import the image file as an Image resource and load it normally as a resource.
   at: load_from_file (core/io/image.cpp:2780)
   GDScript backtrace (most recent call first):
       [0] run (res://tools/weapon_card_refresh_20260915/check_native.gd:34)
WARNING: Loaded resource as image file, this will not work on export: 'res://assets/art/weapons/arsenal/portraits/1_mp5.png'. Instead, import the image file as an Image resource and load it normally as a resource.
   at: load_from_file (core/io/image.cpp:2780)
   GDScript backtrace (most recent call first):
       [0] run (res://tools/weapon_card_refresh_20260915/check_native.gd:34)
WARNING: Loaded resource as image file, this will not work on export: 'res://assets/art/weapons/arsenal/portraits/1_mp5k.png'. Instead, import the image file as an Image resource and load it normally as a resource.
   at: load_from_file (core/io/image.cpp:2780)
   GDScript backtrace (most recent call first):
       [0] run (res://tools/weapon_card_refresh_20260915/check_native.gd:34)
WARNING: Loaded resource as image file, this will not work on export: 'res://assets/art/weapons/arsenal/portraits/1_vector.png'. Instead, import the image file as an Image resource and load it normally as a resource.
   at: load_from_file (core/io/image.cpp:2780)
   GDScript backtrace (most recent call first):
       [0] run (res://tools/weapon_card_refresh_20260915/check_native.gd:34)
WARNING: Loaded resource as image file, this will not work on export: 'res://assets/art/weapons/arsenal/portraits/1_p90.png'. Instead, import the image file as an Image resource and load it normally as a resource.
   at: load_from_file (core/io/image.cpp:2780)
   GDScript backtrace (most recent call first):
       [0] run (res://tools/weapon_card_refresh_20260915/check_native.gd:34)
WARNING: Loaded resource as image file, this will not work on export: 'res://assets/art/units/pixel_v1/portraits/1_ak_rifle.png'. Instead, import the image file as an Image resource and load it normally as a resource.
   at: load_from_file (core/io/image.cpp:2780)
   GDScript backtrace (most recent call first):
       [0] run (res://tools/weapon_card_refresh_20260915/check_native.gd:34)
WARNING: Loaded resource as image file, this will not work on export: 'res://assets/art/weapons/arsenal/portraits/1_mini14.png'. Instead, import the image file as an Image resource and load it normally as a resource.
   at: load_from_file (core/io/image.cpp:2780)
   GDScript backtrace (most recent call first):
       [0] run (res://tools/weapon_card_refresh_20260915/check_native.gd:34)
WARNING: Loaded resource as image file, this will not work on export: 'res://assets/art/weapons/arsenal/portraits/1_m4a1.png'. Instead, import the image file as an Image resource and load it normally as a resource.
   at: load_from_file (core/io/image.cpp:2780)
   GDScript backtrace (most recent call first):
       [0] run (res://tools/weapon_card_refresh_20260915/check_native.gd:34)
WARNING: Loaded resource as image file, this will not work on export: 'res://assets/art/weapons/arsenal/portraits/1_g36c.png'. Instead, import the image file as an Image resource and load it normally as a resource.
   at: load_from_file (core/io/image.cpp:2780)
   GDScript backtrace (most recent call first):
       [0] run (res://tools/weapon_card_refresh_20260915/check_native.gd:34)
WARNING: Loaded resource as image file, this will not work on export: 'res://assets/art/weapons/arsenal/portraits/1_scar_h.png'. Instead, import the image file as an Image resource and load it normally as a resource.
   at: load_from_file (core/io/image.cpp:2780)
   GDScript backtrace (most recent call first):
       [0] run (res://tools/weapon_card_refresh_20260915/check_native.gd:34)
WARNING: Loaded resource as image file, this will not work on export: 'res://assets/art/weapons/arsenal/portraits/1_aug.png'. Instead, import the image file as an Image resource and load it normally as a resource.
   at: load_from_file (core/io/image.cpp:2780)
   GDScript backtrace (most recent call first):
       [0] run (res://tools/weapon_card_refresh_20260915/check_native.gd:34)
WARNING: Loaded resource as image file, this will not work on export: 'res://assets/art/units/pixel_v1/portraits/1_pump_shotgun.png'. Instead, import the image file as an Image resource and load it normally as a resource.
   at: load_from_file (core/io/image.cpp:2780)
   GDScript backtrace (most recent call first):
       [0] run (res://tools/weapon_card_refresh_20260915/check_native.gd:34)
WARNING: Loaded resource as image file, this will not work on export: 'res://assets/art/weapons/arsenal/portraits/1_moss500.png'. Instead, import the image file as an Image resource and load it normally as a resource.
   at: load_from_file (core/io/image.cpp:2780)
   GDScript backtrace (most recent call first):
       [0] run (res://tools/weapon_card_refresh_20260915/check_native.gd:34)
WARNING: Loaded resource as image file, this will not work on export: 'res://assets/art/weapons/arsenal/portraits/1_spas12.png'. Instead, import the image file as an Image resource and load it normally as a resource.
   at: load_from_file (core/io/image.cpp:2780)
   GDScript backtrace (most recent call first):
       [0] run (res://tools/weapon_card_refresh_20260915/check_native.gd:34)
WARNING: Loaded resource as image file, this will not work on export: 'res://assets/art/weapons/arsenal/portraits/1_benelli_m2.png'. Instead, import the image file as an Image resource and load it normally as a resource.
   at: load_from_file (core/io/image.cpp:2780)
   GDScript backtrace (most recent call first):
       [0] run (res://tools/weapon_card_refresh_20260915/check_native.gd:34)
WARNING: Loaded resource as image file, this will not work on export: 'res://assets/art/weapons/arsenal/portraits/1_benelli_m4.png'. Instead, import the image file as an Image resource and load it normally as a resource.
   at: load_from_file (core/io/image.cpp:2780)
   GDScript backtrace (most recent call first):
       [0] run (res://tools/weapon_card_refresh_20260915/check_native.gd:34)
WARNING: Loaded resource as image file, this will not work on export: 'res://assets/art/weapons/arsenal/portraits/1_saiga12.png'. Instead, import the image file as an Image resource and load it normally as a resource.
   at: load_from_file (core/io/image.cpp:2780)
   GDScript backtrace (most recent call first):
       [0] run (res://tools/weapon_card_refresh_20260915/check_native.gd:34)
WARNING: Loaded resource as image file, this will not work on export: 'res://assets/art/units/factions/portraits/faction_orlov_sniper_rem700.png'. Instead, import the image file as an Image resource and load it normally as a resource.
   at: load_from_file (core/io/image.cpp:2780)
   GDScript backtrace (most recent call first):
       [0] run (res://tools/weapon_card_refresh_20260915/check_native.gd:34)
WARNING: Loaded resource as image file, this will not work on export: 'res://assets/art/units/factions/portraits/faction_orlov_sniper_sks.png'. Instead, import the image file as an Image resource and load it normally as a resource.
   at: load_from_file (core/io/image.cpp:2780)
   GDScript backtrace (most recent call first):
       [0] run (res://tools/weapon_card_refresh_20260915/check_native.gd:34)
WARNING: Loaded resource as image file, this will not work on export: 'res://assets/art/units/factions/portraits/faction_orlov_sniper_svd.png'. Instead, import the image file as an Image resource and load it normally as a resource.
   at: load_from_file (core/io/image.cpp:2780)
   GDScript backtrace (most recent call first):
       [0] run (res://tools/weapon_card_refresh_20260915/check_native.gd:34)
WARNING: Loaded resource as image file, this will not work on export: 'res://assets/art/units/factions/portraits/faction_orlov_sniper_ssg69.png'. Instead, import the image file as an Image resource and load it normally as a resource.
   at: load_from_file (core/io/image.cpp:2780)
   GDScript backtrace (most recent call first):
       [0] run (res://tools/weapon_card_refresh_20260915/check_native.gd:34)
WARNING: Loaded resource as image file, this will not work on export: 'res://assets/art/units/factions/portraits/faction_orlov_sniper_awm.png'. Instead, import the image file as an Image resource and load it normally as a resource.
   at: load_from_file (core/io/image.cpp:2780)
   GDScript backtrace (most recent call first):
       [0] run (res://tools/weapon_card_refresh_20260915/check_native.gd:34)
WARNING: Loaded resource as image file, this will not work on export: 'res://assets/art/units/factions/portraits/faction_orlov_sniper_psg1.png'. Instead, import the image file as an Image resource and load it normally as a resource.
   at: load_from_file (core/io/image.cpp:2780)
   GDScript backtrace (most recent call first):
       [0] run (res://tools/weapon_card_refresh_20260915/check_native.gd:34)
WARNING: Loaded resource as image file, this will not work on export: 'res://assets/art/units/factions/portraits/faction_zangyaku_glock_17.png'. Instead, import the image file as an Image resource and load it normally as a resource.
   at: load_from_file (core/io/image.cpp:2780)
   GDScript backtrace (most recent call first):
       [0] run (res://tools/weapon_card_refresh_20260915/check_native.gd:34)
WARNING: Loaded resource as image file, this will not work on export: 'res://assets/art/units/factions/portraits/faction_zangyaku_m1911.png'. Instead, import the image file as an Image resource and load it normally as a resource.
   at: load_from_file (core/io/image.cpp:2780)
   GDScript backtrace (most recent call first):
       [0] run (res://tools/weapon_card_refresh_20260915/check_native.gd:34)
WARNING: Loaded resource as image file, this will not work on export: 'res://assets/art/units/factions/portraits/faction_zangyaku_usp.png'. Instead, import the image file as an Image resource and load it normally as a resource.
   at: load_from_file (core/io/image.cpp:2780)
   GDScript backtrace (most recent call first):
       [0] run (res://tools/weapon_card_refresh_20260915/check_native.gd:34)
WARNING: Loaded resource as image file, this will not work on export: 'res://assets/art/units/factions/portraits/faction_zangyaku_cz75.png'. Instead, import the image file as an Image resource and load it normally as a resource.
   at: load_from_file (core/io/image.cpp:2780)
   GDScript backtrace (most recent call first):
       [0] run (res://tools/weapon_card_refresh_20260915/check_native.gd:34)
WARNING: Loaded resource as image file, this will not work on export: 'res://assets/art/units/factions/portraits/faction_zangyaku_desert_eagle.png'. Instead, import the image file as an Image resource and load it normally as a resource.
   at: load_from_file (core/io/image.cpp:2780)
   GDScript backtrace (most recent call first):
       [0] run (res://tools/weapon_card_refresh_20260915/check_native.gd:34)
WARNING: Loaded resource as image file, this will not work on export: 'res://assets/art/units/factions/portraits/faction_zangyaku_five_seven.png'. Instead, import the image file as an Image resource and load it normally as a resource.
   at: load_from_file (core/io/image.cpp:2780)
   GDScript backtrace (most recent call first):
       [0] run (res://tools/weapon_card_refresh_20260915/check_native.gd:34)
WARNING: Loaded resource as image file, this will not work on export: 'res://assets/art/units/factions/portraits/faction_zangyaku_uzi.png'. Instead, import the image file as an Image resource and load it normally as a resource.
   at: load_from_file (core/io/image.cpp:2780)
   GDScript backtrace (most recent call first):
       [0] run (res://tools/weapon_card_refresh_20260915/check_native.gd:34)
WARNING: Loaded resource as image file, this will not work on export: 'res://assets/art/units/factions/portraits/faction_zangyaku_mac10.png'. Instead, import the image file as an Image resource and load it normally as a resource.
   at: load_from_file (core/io/image.cpp:2780)
   GDScript backtrace (most recent call first):
       [0] run (res://tools/weapon_card_refresh_20260915/check_native.gd:34)
WARNING: Loaded resource as image file, this will not work on export: 'res://assets/art/units/factions/portraits/faction_zangyaku_mp5.png'. Instead, import the image file as an Image resource and load it normally as a resource.
   at: load_from_file (core/io/image.cpp:2780)
   GDScript backtrace (most recent call first):
       [0] run (res://tools/weapon_card_refresh_20260915/check_native.gd:34)
WARNING: Loaded resource as image file, this will not work on export: 'res://assets/art/units/factions/portraits/faction_zangyaku_mp5k.png'. Instead, import the image file as an Image resource and load it normally as a resource.
   at: load_from_file (core/io/image.cpp:2780)
   GDScript backtrace (most recent call first):
       [0] run (res://tools/weapon_card_refresh_20260915/check_native.gd:34)
WARNING: Loaded resource as image file, this will not work on export: 'res://assets/art/units/factions/portraits/faction_zangyaku_vector.png'. Instead, import the image file as an Image resource and load it normally as a resource.
   at: load_from_file (core/io/image.cpp:2780)
   GDScript backtrace (most recent call first):
       [0] run (res://tools/weapon_card_refresh_20260915/check_native.gd:34)
WARNING: Loaded resource as image file, this will not work on export: 'res://assets/art/units/factions/portraits/faction_zangyaku_p90.png'. Instead, import the image file as an Image resource and load it normally as a resource.
   at: load_from_file (core/io/image.cpp:2780)
   GDScript backtrace (most recent call first):
       [0] run (res://tools/weapon_card_refresh_20260915/check_native.gd:34)
WARNING: Loaded resource as image file, this will not work on export: 'res://assets/art/units/factions/portraits/faction_zangyaku_ak47.png'. Instead, import the image file as an Image resource and load it normally as a resource.
   at: load_from_file (core/io/image.cpp:2780)
   GDScript backtrace (most recent call first):
       [0] run (res://tools/weapon_card_refresh_20260915/check_native.gd:34)
WARNING: Loaded resource as image file, this will not work on export: 'res://assets/art/units/factions/portraits/faction_zangyaku_mini14.png'. Instead, import the image file as an Image resource and load it normally as a resource.
   at: load_from_file (core/io/image.cpp:2780)
   GDScript backtrace (most recent call first):
       [0] run (res://tools/weapon_card_refresh_20260915/check_native.gd:34)
WARNING: Loaded resource as image file, this will not work on export: 'res://assets/art/units/factions/portraits/faction_zangyaku_m4a1.png'. Instead, import the image file as an Image resource and load it normally as a resource.
   at: load_from_file (core/io/image.cpp:2780)
   GDScript backtrace (most recent call first):
       [0] run (res://tools/weapon_card_refresh_20260915/check_native.gd:34)
WARNING: Loaded resource as image file, this will not work on export: 'res://assets/art/units/factions/portraits/faction_zangyaku_g36c.png'. Instead, import the image file as an Image resource and load it normally as a resource.
   at: load_from_file (core/io/image.cpp:2780)
   GDScript backtrace (most recent call first):
       [0] run (res://tools/weapon_card_refresh_20260915/check_native.gd:34)
WARNING: Loaded resource as image file, this will not work on export: 'res://assets/art/units/factions/portraits/faction_zangyaku_scar_h.png'. Instead, import the image file as an Image resource and load it normally as a resource.
   at: load_from_file (core/io/image.cpp:2780)
   GDScript backtrace (most recent call first):
       [0] run (res://tools/weapon_card_refresh_20260915/check_native.gd:34)
WARNING: Loaded resource as image file, this will not work on export: 'res://assets/art/units/factions/portraits/faction_zangyaku_aug.png'. Instead, import the image file as an Image resource and load it normally as a resource.
   at: load_from_file (core/io/image.cpp:2780)
   GDScript backtrace (most recent call first):
       [0] run (res://tools/weapon_card_refresh_20260915/check_native.gd:34)
WARNING: Loaded resource as image file, this will not work on export: 'res://assets/art/units/factions/portraits/faction_zangyaku_rem870.png'. Instead, import the image file as an Image resource and load it normally as a resource.
   at: load_from_file (core/io/image.cpp:2780)
   GDScript backtrace (most recent call first):
       [0] run (res://tools/weapon_card_refresh_20260915/check_native.gd:34)
WARNING: Loaded resource as image file, this will not work on export: 'res://assets/art/units/factions/portraits/faction_zangyaku_moss500.png'. Instead, import the image file as an Image resource and load it normally as a resource.
   at: load_from_file (core/io/image.cpp:2780)
   GDScript backtrace (most recent call first):
       [0] run (res://tools/weapon_card_refresh_20260915/check_native.gd:34)
WARNING: Loaded resource as image file, this will not work on export: 'res://assets/art/units/factions/portraits/faction_zangyaku_spas12.png'. Instead, import the image file as an Image resource and load it normally as a resource.
   at: load_from_file (core/io/image.cpp:2780)
   GDScript backtrace (most recent call first):
       [0] run (res://tools/weapon_card_refresh_20260915/check_native.gd:34)
WARNING: Loaded resource as image file, this will not work on export: 'res://assets/art/units/factions/portraits/faction_zangyaku_benelli_m2.png'. Instead, import the image file as an Image resource and load it normally as a resource.
   at: load_from_file (core/io/image.cpp:2780)
   GDScript backtrace (most recent call first):
       [0] run (res://tools/weapon_card_refresh_20260915/check_native.gd:34)
WARNING: Loaded resource as image file, this will not work on export: 'res://assets/art/units/factions/portraits/faction_zangyaku_benelli_m4.png'. Instead, import the image file as an Image resource and load it normally as a resource.
   at: load_from_file (core/io/image.cpp:2780)
   GDScript backtrace (most recent call first):
       [0] run (res://tools/weapon_card_refresh_20260915/check_native.gd:34)
WARNING: Loaded resource as image file, this will not work on export: 'res://assets/art/units/factions/portraits/faction_zangyaku_saiga12.png'. Instead, import the image file as an Image resource and load it normally as a resource.
   at: load_from_file (core/io/image.cpp:2780)
   GDScript backtrace (most recent call first):
       [0] run (res://tools/weapon_card_refresh_20260915/check_native.gd:34)
WARNING: Loaded resource as image file, this will not work on export: 'res://assets/art/units/factions/portraits/faction_zangyaku_rem700.png'. Instead, import the image file as an Image resource and load it normally as a resource.
   at: load_from_file (core/io/image.cpp:2780)
   GDScript backtrace (most recent call first):
       [0] run (res://tools/weapon_card_refresh_20260915/check_native.gd:34)
WARNING: Loaded resource as image file, this will not work on export: 'res://assets/art/units/factions/portraits/faction_zangyaku_sks.png'. Instead, import the image file as an Image resource and load it normally as a resource.
   at: load_from_file (core/io/image.cpp:2780)
   GDScript backtrace (most recent call first):
       [0] run (res://tools/weapon_card_refresh_20260915/check_native.gd:34)
WARNING: Loaded resource as image file, this will not work on export: 'res://assets/art/units/factions/portraits/faction_zangyaku_svd.png'. Instead, import the image file as an Image resource and load it normally as a resource.
   at: load_from_file (core/io/image.cpp:2780)
   GDScript backtrace (most recent call first):
       [0] run (res://tools/weapon_card_refresh_20260915/check_native.gd:34)
WARNING: Loaded resource as image file, this will not work on export: 'res://assets/art/units/factions/portraits/faction_zangyaku_ssg69.png'. Instead, import the image file as an Image resource and load it normally as a resource.
   at: load_from_file (core/io/image.cpp:2780)
   GDScript backtrace (most recent call first):
       [0] run (res://tools/weapon_card_refresh_20260915/check_native.gd:34)
WARNING: Loaded resource as image file, this will not work on export: 'res://assets/art/units/factions/portraits/faction_zangyaku_awm.png'. Instead, import the image file as an Image resource and load it normally as a resource.
   at: load_from_file (core/io/image.cpp:2780)
   GDScript backtrace (most recent call first):
       [0] run (res://tools/weapon_card_refresh_20260915/check_native.gd:34)
WARNING: Loaded resource as image file, this will not work on export: 'res://assets/art/units/factions/portraits/faction_zangyaku_psg1.png'. Instead, import the image file as an Image resource and load it normally as a resource.
   at: load_from_file (core/io/image.cpp:2780)
   GDScript backtrace (most recent call first):
       [0] run (res://tools/weapon_card_refresh_20260915/check_native.gd:34)
WARNING: Loaded resource as image file, this will not work on export: 'res://assets/art/units/factions/portraits/faction_bitian_glock_17.png'. Instead, import the image file as an Image resource and load it normally as a resource.
   at: load_from_file (core/io/image.cpp:2780)
   GDScript backtrace (most recent call first):
       [0] run (res://tools/weapon_card_refresh_20260915/check_native.gd:34)
WARNING: Loaded resource as image file, this will not work on export: 'res://assets/art/units/factions/portraits/faction_bitian_m1911.png'. Instead, import the image file as an Image resource and load it normally as a resource.
   at: load_from_file (core/io/image.cpp:2780)
   GDScript backtrace (most recent call first):
       [0] run (res://tools/weapon_card_refresh_20260915/check_native.gd:34)
WARNING: Loaded resource as image file, this will not work on export: 'res://assets/art/units/factions/portraits/faction_bitian_usp.png'. Instead, import the image file as an Image resource and load it normally as a resource.
   at: load_from_file (core/io/image.cpp:2780)
   GDScript backtrace (most recent call first):
       [0] run (res://tools/weapon_card_refresh_20260915/check_native.gd:34)
WARNING: Loaded resource as image file, this will not work on export: 'res://assets/art/units/factions/portraits/faction_bitian_cz75.png'. Instead, import the image file as an Image resource and load it normally as a resource.
   at: load_from_file (core/io/image.cpp:2780)
   GDScript backtrace (most recent call first):
       [0] run (res://tools/weapon_card_refresh_20260915/check_native.gd:34)
WARNING: Loaded resource as image file, this will not work on export: 'res://assets/art/units/factions/portraits/faction_bitian_desert_eagle.png'. Instead, import the image file as an Image resource and load it normally as a resource.
   at: load_from_file (core/io/image.cpp:2780)
   GDScript backtrace (most recent call first):
       [0] run (res://tools/weapon_card_refresh_20260915/check_native.gd:34)
WARNING: Loaded resource as image file, this will not work on export: 'res://assets/art/units/factions/portraits/faction_bitian_five_seven.png'. Instead, import the image file as an Image resource and load it normally as a resource.
   at: load_from_file (core/io/image.cpp:2780)
   GDScript backtrace (most recent call first):
       [0] run (res://tools/weapon_card_refresh_20260915/check_native.gd:34)
WARNING: Loaded resource as image file, this will not work on export: 'res://assets/art/units/factions/portraits/faction_bitian_uzi.png'. Instead, import the image file as an Image resource and load it normally as a resource.
   at: load_from_file (core/io/image.cpp:2780)
   GDScript backtrace (most recent call first):
       [0] run (res://tools/weapon_card_refresh_20260915/check_native.gd:34)
WARNING: Loaded resource as image file, this will not work on export: 'res://assets/art/units/factions/portraits/faction_bitian_mac10.png'. Instead, import the image file as an Image resource and load it normally as a resource.
   at: load_from_file (core/io/image.cpp:2780)
   GDScript backtrace (most recent call first):
       [0] run (res://tools/weapon_card_refresh_20260915/check_native.gd:34)
WARNING: Loaded resource as image file, this will not work on export: 'res://assets/art/units/factions/portraits/faction_bitian_mp5.png'. Instead, import the image file as an Image resource and load it normally as a resource.
   at: load_from_file (core/io/image.cpp:2780)
   GDScript backtrace (most recent call first):
       [0] run (res://tools/weapon_card_refresh_20260915/check_native.gd:34)
WARNING: Loaded resource as image file, this will not work on export: 'res://assets/art/units/factions/portraits/faction_bitian_mp5k.png'. Instead, import the image file as an Image resource and load it normally as a resource.
   at: load_from_file (core/io/image.cpp:2780)
   GDScript backtrace (most recent call first):
       [0] run (res://tools/weapon_card_refresh_20260915/check_native.gd:34)
WARNING: Loaded resource as image file, this will not work on export: 'res://assets/art/units/factions/portraits/faction_bitian_vector.png'. Instead, import the image file as an Image resource and load it normally as a resource.
   at: load_from_file (core/io/image.cpp:2780)
   GDScript backtrace (most recent call first):
       [0] run (res://tools/weapon_card_refresh_20260915/check_native.gd:34)
WARNING: Loaded resource as image file, this will not work on export: 'res://assets/art/units/factions/portraits/faction_bitian_p90.png'. Instead, import the image file as an Image resource and load it normally as a resource.
   at: load_from_file (core/io/image.cpp:2780)
   GDScript backtrace (most recent call first):
       [0] run (res://tools/weapon_card_refresh_20260915/check_native.gd:34)
WARNING: Loaded resource as image file, this will not work on export: 'res://assets/art/units/factions/portraits/faction_bitian_ak47.png'. Instead, import the image file as an Image resource and load it normally as a resource.
   at: load_from_file (core/io/image.cpp:2780)
   GDScript backtrace (most recent call first):
       [0] run (res://tools/weapon_card_refresh_20260915/check_native.gd:34)
WARNING: Loaded resource as image file, this will not work on export: 'res://assets/art/units/factions/portraits/faction_bitian_mini14.png'. Instead, import the image file as an Image resource and load it normally as a resource.
   at: load_from_file (core/io/image.cpp:2780)
   GDScript backtrace (most recent call first):
       [0] run (res://tools/weapon_card_refresh_20260915/check_native.gd:34)
WARNING: Loaded resource as image file, this will not work on export: 'res://assets/art/units/factions/portraits/faction_bitian_m4a1.png'. Instead, import the image file as an Image resource and load it normally as a resource.
   at: load_from_file (core/io/image.cpp:2780)
   GDScript backtrace (most recent call first):
       [0] run (res://tools/weapon_card_refresh_20260915/check_native.gd:34)
WARNING: Loaded resource as image file, this will not work on export: 'res://assets/art/units/factions/portraits/faction_bitian_g36c.png'. Instead, import the image file as an Image resource and load it normally as a resource.
   at: load_from_file (core/io/image.cpp:2780)
   GDScript backtrace (most recent call first):
       [0] run (res://tools/weapon_card_refresh_20260915/check_native.gd:34)
WARNING: Loaded resource as image file, this will not work on export: 'res://assets/art/units/factions/portraits/faction_bitian_scar_h.png'. Instead, import the image file as an Image resource and load it normally as a resource.
   at: load_from_file (core/io/image.cpp:2780)
   GDScript backtrace (most recent call first):
       [0] run (res://tools/weapon_card_refresh_20260915/check_native.gd:34)
WARNING: Loaded resource as image file, this will not work on export: 'res://assets/art/units/factions/portraits/faction_bitian_aug.png'. Instead, import the image file as an Image resource and load it normally as a resource.
   at: load_from_file (core/io/image.cpp:2780)
   GDScript backtrace (most recent call first):
       [0] run (res://tools/weapon_card_refresh_20260915/check_native.gd:34)
WARNING: Loaded resource as image file, this will not work on export: 'res://assets/art/units/factions/portraits/faction_bitian_rem870.png'. Instead, import the image file as an Image resource and load it normally as a resource.
   at: load_from_file (core/io/image.cpp:2780)
   GDScript backtrace (most recent call first):
       [0] run (res://tools/weapon_card_refresh_20260915/check_native.gd:34)
WARNING: Loaded resource as image file, this will not work on export: 'res://assets/art/units/factions/portraits/faction_bitian_moss500.png'. Instead, import the image file as an Image resource and load it normally as a resource.
   at: load_from_file (core/io/image.cpp:2780)
   GDScript backtrace (most recent call first):
       [0] run (res://tools/weapon_card_refresh_20260915/check_native.gd:34)
WARNING: Loaded resource as image file, this will not work on export: 'res://assets/art/units/factions/portraits/faction_bitian_spas12.png'. Instead, import the image file as an Image resource and load it normally as a resource.
   at: load_from_file (core/io/image.cpp:2780)
   GDScript backtrace (most recent call first):
       [0] run (res://tools/weapon_card_refresh_20260915/check_native.gd:34)
WARNING: Loaded resource as image file, this will not work on export: 'res://assets/art/units/factions/portraits/faction_bitian_benelli_m2.png'. Instead, import the image file as an Image resource and load it normally as a resource.
   at: load_from_file (core/io/image.cpp:2780)
   GDScript backtrace (most recent call first):
       [0] run (res://tools/weapon_card_refresh_20260915/check_native.gd:34)
WARNING: Loaded resource as image file, this will not work on export: 'res://assets/art/units/factions/portraits/faction_bitian_benelli_m4.png'. Instead, import the image file as an Image resource and load it normally as a resource.
   at: load_from_file (core/io/image.cpp:2780)
   GDScript backtrace (most recent call first):
       [0] run (res://tools/weapon_card_refresh_20260915/check_native.gd:34)
WARNING: Loaded resource as image file, this will not work on export: 'res://assets/art/units/factions/portraits/faction_bitian_saiga12.png'. Instead, import the image file as an Image resource and load it normally as a resource.
   at: load_from_file (core/io/image.cpp:2780)
   GDScript backtrace (most recent call first):
       [0] run (res://tools/weapon_card_refresh_20260915/check_native.gd:34)
WARNING: Loaded resource as image file, this will not work on export: 'res://assets/art/units/factions/portraits/faction_bitian_rem700.png'. Instead, import the image file as an Image resource and load it normally as a resource.
   at: load_from_file (core/io/image.cpp:2780)
   GDScript backtrace (most recent call first):
       [0] run (res://tools/weapon_card_refresh_20260915/check_native.gd:34)
WARNING: Loaded resource as image file, this will not work on export: 'res://assets/art/units/factions/portraits/faction_bitian_sks.png'. Instead, import the image file as an Image resource and load it normally as a resource.
   at: load_from_file (core/io/image.cpp:2780)
   GDScript backtrace (most recent call first):
       [0] run (res://tools/weapon_card_refresh_20260915/check_native.gd:34)
WARNING: Loaded resource as image file, this will not work on export: 'res://assets/art/units/factions/portraits/faction_bitian_svd.png'. Instead, import the image file as an Image resource and load it normally as a resource.
   at: load_from_file (core/io/image.cpp:2780)
   GDScript backtrace (most recent call first):
       [0] run (res://tools/weapon_card_refresh_20260915/check_native.gd:34)
WARNING: Loaded resource as image file, this will not work on export: 'res://assets/art/units/factions/portraits/faction_bitian_ssg69.png'. Instead, import the image file as an Image resource and load it normally as a resource.
   at: load_from_file (core/io/image.cpp:2780)
   GDScript backtrace (most recent call first):
       [0] run (res://tools/weapon_card_refresh_20260915/check_native.gd:34)
WARNING: Loaded resource as image file, this will not work on export: 'res://assets/art/units/factions/portraits/faction_bitian_awm.png'. Instead, import the image file as an Image resource and load it normally as a resource.
   at: load_from_file (core/io/image.cpp:2780)
   GDScript backtrace (most recent call first):
       [0] run (res://tools/weapon_card_refresh_20260915/check_native.gd:34)
WARNING: Loaded resource as image file, this will not work on export: 'res://assets/art/units/factions/portraits/faction_bitian_psg1.png'. Instead, import the image file as an Image resource and load it normally as a resource.
   at: load_from_file (core/io/image.cpp:2780)
   GDScript backtrace (most recent call first):
       [0] run (res://tools/weapon_card_refresh_20260915/check_native.gd:34)
WARNING: Loaded resource as image file, this will not work on export: 'res://assets/art/units/factions/portraits/faction_stateline_glock_17.png'. Instead, import the image file as an Image resource and load it normally as a resource.
   at: load_from_file (core/io/image.cpp:2780)
   GDScript backtrace (most recent call first):
       [0] run (res://tools/weapon_card_refresh_20260915/check_native.gd:34)
WARNING: Loaded resource as image file, this will not work on export: 'res://assets/art/units/factions/portraits/faction_stateline_m1911.png'. Instead, import the image file as an Image resource and load it normally as a resource.
   at: load_from_file (core/io/image.cpp:2780)
   GDScript backtrace (most recent call first):
       [0] run (res://tools/weapon_card_refresh_20260915/check_native.gd:34)
WARNING: Loaded resource as image file, this will not work on export: 'res://assets/art/units/factions/portraits/faction_stateline_usp.png'. Instead, import the image file as an Image resource and load it normally as a resource.
   at: load_from_file (core/io/image.cpp:2780)
   GDScript backtrace (most recent call first):
       [0] run (res://tools/weapon_card_refresh_20260915/check_native.gd:34)
WARNING: Loaded resource as image file, this will not work on export: 'res://assets/art/units/factions/portraits/faction_stateline_cz75.png'. Instead, import the image file as an Image resource and load it normally as a resource.
   at: load_from_file (core/io/image.cpp:2780)
   GDScript backtrace (most recent call first):
       [0] run (res://tools/weapon_card_refresh_20260915/check_native.gd:34)
WARNING: Loaded resource as image file, this will not work on export: 'res://assets/art/units/factions/portraits/faction_stateline_desert_eagle.png'. Instead, import the image file as an Image resource and load it normally as a resource.
   at: load_from_file (core/io/image.cpp:2780)
   GDScript backtrace (most recent call first):
       [0] run (res://tools/weapon_card_refresh_20260915/check_native.gd:34)
WARNING: Loaded resource as image file, this will not work on export: 'res://assets/art/units/factions/portraits/faction_stateline_five_seven.png'. Instead, import the image file as an Image resource and load it normally as a resource.
   at: load_from_file (core/io/image.cpp:2780)
   GDScript backtrace (most recent call first):
       [0] run (res://tools/weapon_card_refresh_20260915/check_native.gd:34)
WARNING: Loaded resource as image file, this will not work on export: 'res://assets/art/units/factions/portraits/faction_stateline_uzi.png'. Instead, import the image file as an Image resource and load it normally as a resource.
   at: load_from_file (core/io/image.cpp:2780)
   GDScript backtrace (most recent call first):
       [0] run (res://tools/weapon_card_refresh_20260915/check_native.gd:34)
WARNING: Loaded resource as image file, this will not work on export: 'res://assets/art/units/factions/portraits/faction_stateline_mac10.png'. Instead, import the image file as an Image resource and load it normally as a resource.
   at: load_from_file (core/io/image.cpp:2780)
   GDScript backtrace (most recent call first):
       [0] run (res://tools/weapon_card_refresh_20260915/check_native.gd:34)
WARNING: Loaded resource as image file, this will not work on export: 'res://assets/art/units/factions/portraits/faction_stateline_mp5.png'. Instead, import the image file as an Image resource and load it normally as a resource.
   at: load_from_file (core/io/image.cpp:2780)
   GDScript backtrace (most recent call first):
       [0] run (res://tools/weapon_card_refresh_20260915/check_native.gd:34)
WARNING: Loaded resource as image file, this will not work on export: 'res://assets/art/units/factions/portraits/faction_stateline_mp5k.png'. Instead, import the image file as an Image resource and load it normally as a resource.
   at: load_from_file (core/io/image.cpp:2780)
   GDScript backtrace (most recent call first):
       [0] run (res://tools/weapon_card_refresh_20260915/check_native.gd:34)
WARNING: Loaded resource as image file, this will not work on export: 'res://assets/art/units/factions/portraits/faction_stateline_vector.png'. Instead, import the image file as an Image resource and load it normally as a resource.
   at: load_from_file (core/io/image.cpp:2780)
   GDScript backtrace (most recent call first):
       [0] run (res://tools/weapon_card_refresh_20260915/check_native.gd:34)
WARNING: Loaded resource as image file, this will not work on export: 'res://assets/art/units/factions/portraits/faction_stateline_p90.png'. Instead, import the image file as an Image resource and load it normally as a resource.
   at: load_from_file (core/io/image.cpp:2780)
   GDScript backtrace (most recent call first):
       [0] run (res://tools/weapon_card_refresh_20260915/check_native.gd:34)
WARNING: Loaded resource as image file, this will not work on export: 'res://assets/art/units/factions/portraits/faction_stateline_ak47.png'. Instead, import the image file as an Image resource and load it normally as a resource.
   at: load_from_file (core/io/image.cpp:2780)
   GDScript backtrace (most recent call first):
       [0] run (res://tools/weapon_card_refresh_20260915/check_native.gd:34)
WARNING: Loaded resource as image file, this will not work on export: 'res://assets/art/units/factions/portraits/faction_stateline_mini14.png'. Instead, import the image file as an Image resource and load it normally as a resource.
   at: load_from_file (core/io/image.cpp:2780)
   GDScript backtrace (most recent call first):
       [0] run (res://tools/weapon_card_refresh_20260915/check_native.gd:34)
WARNING: Loaded resource as image file, this will not work on export: 'res://assets/art/units/factions/portraits/faction_stateline_m4a1.png'. Instead, import the image file as an Image resource and load it normally as a resource.
   at: load_from_file (core/io/image.cpp:2780)
   GDScript backtrace (most recent call first):
       [0] run (res://tools/weapon_card_refresh_20260915/check_native.gd:34)
WARNING: Loaded resource as image file, this will not work on export: 'res://assets/art/units/factions/portraits/faction_stateline_g36c.png'. Instead, import the image file as an Image resource and load it normally as a resource.
   at: load_from_file (core/io/image.cpp:2780)
   GDScript backtrace (most recent call first):
       [0] run (res://tools/weapon_card_refresh_20260915/check_native.gd:34)
WARNING: Loaded resource as image file, this will not work on export: 'res://assets/art/units/factions/portraits/faction_stateline_scar_h.png'. Instead, import the image file as an Image resource and load it normally as a resource.
   at: load_from_file (core/io/image.cpp:2780)
   GDScript backtrace (most recent call first):
       [0] run (res://tools/weapon_card_refresh_20260915/check_native.gd:34)
WARNING: Loaded resource as image file, this will not work on export: 'res://assets/art/units/factions/portraits/faction_stateline_aug.png'. Instead, import the image file as an Image resource and load it normally as a resource.
   at: load_from_file (core/io/image.cpp:2780)
   GDScript backtrace (most recent call first):
       [0] run (res://tools/weapon_card_refresh_20260915/check_native.gd:34)
WARNING: Loaded resource as image file, this will not work on export: 'res://assets/art/units/factions/portraits/faction_stateline_rem870.png'. Instead, import the image file as an Image resource and load it normally as a resource.
   at: load_from_file (core/io/image.cpp:2780)
   GDScript backtrace (most recent call first):
       [0] run (res://tools/weapon_card_refresh_20260915/check_native.gd:34)
WARNING: Loaded resource as image file, this will not work on export: 'res://assets/art/units/factions/portraits/faction_stateline_moss500.png'. Instead, import the image file as an Image resource and load it normally as a resource.
   at: load_from_file (core/io/image.cpp:2780)
   GDScript backtrace (most recent call first):
       [0] run (res://tools/weapon_card_refresh_20260915/check_native.gd:34)
WARNING: Loaded resource as image file, this will not work on export: 'res://assets/art/units/factions/portraits/faction_stateline_spas12.png'. Instead, import the image file as an Image resource and load it normally as a resource.
   at: load_from_file (core/io/image.cpp:2780)
   GDScript backtrace (most recent call first):
       [0] run (res://tools/weapon_card_refresh_20260915/check_native.gd:34)
WARNING: Loaded resource as image file, this will not work on export: 'res://assets/art/units/factions/portraits/faction_stateline_benelli_m2.png'. Instead, import the image file as an Image resource and load it normally as a resource.
   at: load_from_file (core/io/image.cpp:2780)
   GDScript backtrace (most recent call first):
       [0] run (res://tools/weapon_card_refresh_20260915/check_native.gd:34)
WARNING: Loaded resource as image file, this will not work on export: 'res://assets/art/units/factions/portraits/faction_stateline_benelli_m4.png'. Instead, import the image file as an Image resource and load it normally as a resource.
   at: load_from_file (core/io/image.cpp:2780)
   GDScript backtrace (most recent call first):
       [0] run (res://tools/weapon_card_refresh_20260915/check_native.gd:34)
WARNING: Loaded resource as image file, this will not work on export: 'res://assets/art/units/factions/portraits/faction_stateline_saiga12.png'. Instead, import the image file as an Image resource and load it normally as a resource.
   at: load_from_file (core/io/image.cpp:2780)
   GDScript backtrace (most recent call first):
       [0] run (res://tools/weapon_card_refresh_20260915/check_native.gd:34)
WARNING: Loaded resource as image file, this will not work on export: 'res://assets/art/units/factions/portraits/faction_stateline_rem700.png'. Instead, import the image file as an Image resource and load it normally as a resource.
   at: load_from_file (core/io/image.cpp:2780)
   GDScript backtrace (most recent call first):
       [0] run (res://tools/weapon_card_refresh_20260915/check_native.gd:34)
WARNING: Loaded resource as image file, this will not work on export: 'res://assets/art/units/factions/portraits/faction_stateline_sks.png'. Instead, import the image file as an Image resource and load it normally as a resource.
   at: load_from_file (core/io/image.cpp:2780)
   GDScript backtrace (most recent call first):
       [0] run (res://tools/weapon_card_refresh_20260915/check_native.gd:34)
WARNING: Loaded resource as image file, this will not work on export: 'res://assets/art/units/factions/portraits/faction_stateline_svd.png'. Instead, import the image file as an Image resource and load it normally as a resource.
   at: load_from_file (core/io/image.cpp:2780)
   GDScript backtrace (most recent call first):
       [0] run (res://tools/weapon_card_refresh_20260915/check_native.gd:34)
WARNING: Loaded resource as image file, this will not work on export: 'res://assets/art/units/factions/portraits/faction_stateline_ssg69.png'. Instead, import the image file as an Image resource and load it normally as a resource.
   at: load_from_file (core/io/image.cpp:2780)
   GDScript backtrace (most recent call first):
       [0] run (res://tools/weapon_card_refresh_20260915/check_native.gd:34)
WARNING: Loaded resource as image file, this will not work on export: 'res://assets/art/units/factions/portraits/faction_stateline_awm.png'. Instead, import the image file as an Image resource and load it normally as a resource.
   at: load_from_file (core/io/image.cpp:2780)
   GDScript backtrace (most recent call first):
       [0] run (res://tools/weapon_card_refresh_20260915/check_native.gd:34)
WARNING: Loaded resource as image file, this will not work on export: 'res://assets/art/units/factions/portraits/faction_stateline_psg1.png'. Instead, import the image file as an Image resource and load it normally as a resource.
   at: load_from_file (core/io/image.cpp:2780)
   GDScript backtrace (most recent call first):
       [0] run (res://tools/weapon_card_refresh_20260915/check_native.gd:34)
WARNING: Loaded resource as image file, this will not work on export: 'res://assets/art/units/factions/portraits/faction_sierra_roja_glock_17.png'. Instead, import the image file as an Image resource and load it normally as a resource.
   at: load_from_file (core/io/image.cpp:2780)
   GDScript backtrace (most recent call first):
       [0] run (res://tools/weapon_card_refresh_20260915/check_native.gd:34)
WARNING: Loaded resource as image file, this will not work on export: 'res://assets/art/units/factions/portraits/faction_sierra_roja_m1911.png'. Instead, import the image file as an Image resource and load it normally as a resource.
   at: load_from_file (core/io/image.cpp:2780)
   GDScript backtrace (most recent call first):
       [0] run (res://tools/weapon_card_refresh_20260915/check_native.gd:34)
WARNING: Loaded resource as image file, this will not work on export: 'res://assets/art/units/factions/portraits/faction_sierra_roja_usp.png'. Instead, import the image file as an Image resource and load it normally as a resource.
   at: load_from_file (core/io/image.cpp:2780)
   GDScript backtrace (most recent call first):
       [0] run (res://tools/weapon_card_refresh_20260915/check_native.gd:34)
WARNING: Loaded resource as image file, this will not work on export: 'res://assets/art/units/factions/portraits/faction_sierra_roja_cz75.png'. Instead, import the image file as an Image resource and load it normally as a resource.
   at: load_from_file (core/io/image.cpp:2780)
   GDScript backtrace (most recent call first):
       [0] run (res://tools/weapon_card_refresh_20260915/check_native.gd:34)
WARNING: Loaded resource as image file, this will not work on export: 'res://assets/art/units/factions/portraits/faction_sierra_roja_desert_eagle.png'. Instead, import the image file as an Image resource and load it normally as a resource.
   at: load_from_file (core/io/image.cpp:2780)
   GDScript backtrace (most recent call first):
       [0] run (res://tools/weapon_card_refresh_20260915/check_native.gd:34)
WARNING: Loaded resource as image file, this will not work on export: 'res://assets/art/units/factions/portraits/faction_sierra_roja_five_seven.png'. Instead, import the image file as an Image resource and load it normally as a resource.
   at: load_from_file (core/io/image.cpp:2780)
   GDScript backtrace (most recent call first):
       [0] run (res://tools/weapon_card_refresh_20260915/check_native.gd:34)
WARNING: Loaded resource as image file, this will not work on export: 'res://assets/art/units/factions/portraits/faction_sierra_roja_uzi.png'. Instead, import the image file as an Image resource and load it normally as a resource.
   at: load_from_file (core/io/image.cpp:2780)
   GDScript backtrace (most recent call first):
       [0] run (res://tools/weapon_card_refresh_20260915/check_native.gd:34)
WARNING: Loaded resource as image file, this will not work on export: 'res://assets/art/units/factions/portraits/faction_sierra_roja_mac10.png'. Instead, import the image file as an Image resource and load it normally as a resource.
   at: load_from_file (core/io/image.cpp:2780)
   GDScript backtrace (most recent call first):
       [0] run (res://tools/weapon_card_refresh_20260915/check_native.gd:34)
WARNING: Loaded resource as image file, this will not work on export: 'res://assets/art/units/factions/portraits/faction_sierra_roja_mp5.png'. Instead, import the image file as an Image resource and load it normally as a resource.
   at: load_from_file (core/io/image.cpp:2780)
   GDScript backtrace (most recent call first):
       [0] run (res://tools/weapon_card_refresh_20260915/check_native.gd:34)
WARNING: Loaded resource as image file, this will not work on export: 'res://assets/art/units/factions/portraits/faction_sierra_roja_mp5k.png'. Instead, import the image file as an Image resource and load it normally as a resource.
   at: load_from_file (core/io/image.cpp:2780)
   GDScript backtrace (most recent call first):
       [0] run (res://tools/weapon_card_refresh_20260915/check_native.gd:34)
WARNING: Loaded resource as image file, this will not work on export: 'res://assets/art/units/factions/portraits/faction_sierra_roja_vector.png'. Instead, import the image file as an Image resource and load it normally as a resource.
   at: load_from_file (core/io/image.cpp:2780)
   GDScript backtrace (most recent call first):
       [0] run (res://tools/weapon_card_refresh_20260915/check_native.gd:34)
WARNING: Loaded resource as image file, this will not work on export: 'res://assets/art/units/factions/portraits/faction_sierra_roja_p90.png'. Instead, import the image file as an Image resource and load it normally as a resource.
   at: load_from_file (core/io/image.cpp:2780)
   GDScript backtrace (most recent call first):
       [0] run (res://tools/weapon_card_refresh_20260915/check_native.gd:34)
WARNING: Loaded resource as image file, this will not work on export: 'res://assets/art/units/factions/portraits/faction_sierra_roja_ak47.png'. Instead, import the image file as an Image resource and load it normally as a resource.
   at: load_from_file (core/io/image.cpp:2780)
   GDScript backtrace (most recent call first):
       [0] run (res://tools/weapon_card_refresh_20260915/check_native.gd:34)
WARNING: Loaded resource as image file, this will not work on export: 'res://assets/art/units/factions/portraits/faction_sierra_roja_mini14.png'. Instead, import the image file as an Image resource and load it normally as a resource.
   at: load_from_file (core/io/image.cpp:2780)
   GDScript backtrace (most recent call first):
       [0] run (res://tools/weapon_card_refresh_20260915/check_native.gd:34)
WARNING: Loaded resource as image file, this will not work on export: 'res://assets/art/units/factions/portraits/faction_sierra_roja_m4a1.png'. Instead, import the image file as an Image resource and load it normally as a resource.
   at: load_from_file (core/io/image.cpp:2780)
   GDScript backtrace (most recent call first):
       [0] run (res://tools/weapon_card_refresh_20260915/check_native.gd:34)
WARNING: Loaded resource as image file, this will not work on export: 'res://assets/art/units/factions/portraits/faction_sierra_roja_g36c.png'. Instead, import the image file as an Image resource and load it normally as a resource.
   at: load_from_file (core/io/image.cpp:2780)
   GDScript backtrace (most recent call first):
       [0] run (res://tools/weapon_card_refresh_20260915/check_native.gd:34)
WARNING: Loaded resource as image file, this will not work on export: 'res://assets/art/units/factions/portraits/faction_sierra_roja_scar_h.png'. Instead, import the image file as an Image resource and load it normally as a resource.
   at: load_from_file (core/io/image.cpp:2780)
   GDScript backtrace (most recent call first):
       [0] run (res://tools/weapon_card_refresh_20260915/check_native.gd:34)
WARNING: Loaded resource as image file, this will not work on export: 'res://assets/art/units/factions/portraits/faction_sierra_roja_aug.png'. Instead, import the image file as an Image resource and load it normally as a resource.
   at: load_from_file (core/io/image.cpp:2780)
   GDScript backtrace (most recent call first):
       [0] run (res://tools/weapon_card_refresh_20260915/check_native.gd:34)
WARNING: Loaded resource as image file, this will not work on export: 'res://assets/art/units/factions/portraits/faction_sierra_roja_rem870.png'. Instead, import the image file as an Image resource and load it normally as a resource.
   at: load_from_file (core/io/image.cpp:2780)
   GDScript backtrace (most recent call first):
       [0] run (res://tools/weapon_card_refresh_20260915/check_native.gd:34)
WARNING: Loaded resource as image file, this will not work on export: 'res://assets/art/units/factions/portraits/faction_sierra_roja_moss500.png'. Instead, import the image file as an Image resource and load it normally as a resource.
   at: load_from_file (core/io/image.cpp:2780)
   GDScript backtrace (most recent call first):
       [0] run (res://tools/weapon_card_refresh_20260915/check_native.gd:34)
WARNING: Loaded resource as image file, this will not work on export: 'res://assets/art/units/factions/portraits/faction_sierra_roja_spas12.png'. Instead, import the image file as an Image resource and load it normally as a resource.
   at: load_from_file (core/io/image.cpp:2780)
   GDScript backtrace (most recent call first):
       [0] run (res://tools/weapon_card_refresh_20260915/check_native.gd:34)
WARNING: Loaded resource as image file, this will not work on export: 'res://assets/art/units/factions/portraits/faction_sierra_roja_benelli_m2.png'. Instead, import the image file as an Image resource and load it normally as a resource.
   at: load_from_file (core/io/image.cpp:2780)
   GDScript backtrace (most recent call first):
       [0] run (res://tools/weapon_card_refresh_20260915/check_native.gd:34)
WARNING: Loaded resource as image file, this will not work on export: 'res://assets/art/units/factions/portraits/faction_sierra_roja_benelli_m4.png'. Instead, import the image file as an Image resource and load it normally as a resource.
   at: load_from_file (core/io/image.cpp:2780)
   GDScript backtrace (most recent call first):
       [0] run (res://tools/weapon_card_refresh_20260915/check_native.gd:34)
WARNING: Loaded resource as image file, this will not work on export: 'res://assets/art/units/factions/portraits/faction_sierra_roja_saiga12.png'. Instead, import the image file as an Image resource and load it normally as a resource.
   at: load_from_file (core/io/image.cpp:2780)
   GDScript backtrace (most recent call first):
       [0] run (res://tools/weapon_card_refresh_20260915/check_native.gd:34)
WARNING: Loaded resource as image file, this will not work on export: 'res://assets/art/units/factions/portraits/faction_sierra_roja_rem700.png'. Instead, import the image file as an Image resource and load it normally as a resource.
   at: load_from_file (core/io/image.cpp:2780)
   GDScript backtrace (most recent call first):
       [0] run (res://tools/weapon_card_refresh_20260915/check_native.gd:34)
WARNING: Loaded resource as image file, this will not work on export: 'res://assets/art/units/factions/portraits/faction_sierra_roja_sks.png'. Instead, import the image file as an Image resource and load it normally as a resource.
   at: load_from_file (core/io/image.cpp:2780)
   GDScript backtrace (most recent call first):
       [0] run (res://tools/weapon_card_refresh_20260915/check_native.gd:34)
WARNING: Loaded resource as image file, this will not work on export: 'res://assets/art/units/factions/portraits/faction_sierra_roja_svd.png'. Instead, import the image file as an Image resource and load it normally as a resource.
   at: load_from_file (core/io/image.cpp:2780)
   GDScript backtrace (most recent call first):
       [0] run (res://tools/weapon_card_refresh_20260915/check_native.gd:34)
WARNING: Loaded resource as image file, this will not work on export: 'res://assets/art/units/factions/portraits/faction_sierra_roja_ssg69.png'. Instead, import the image file as an Image resource and load it normally as a resource.
   at: load_from_file (core/io/image.cpp:2780)
   GDScript backtrace (most recent call first):
       [0] run (res://tools/weapon_card_refresh_20260915/check_native.gd:34)
WARNING: Loaded resource as image file, this will not work on export: 'res://assets/art/units/factions/portraits/faction_sierra_roja_awm.png'. Instead, import the image file as an Image resource and load it normally as a resource.
   at: load_from_file (core/io/image.cpp:2780)
   GDScript backtrace (most recent call first):
       [0] run (res://tools/weapon_card_refresh_20260915/check_native.gd:34)
WARNING: Loaded resource as image file, this will not work on export: 'res://assets/art/units/factions/portraits/faction_sierra_roja_psg1.png'. Instead, import the image file as an Image resource and load it normally as a resource.
   at: load_from_file (core/io/image.cpp:2780)
   GDScript backtrace (most recent call first):
       [0] run (res://tools/weapon_card_refresh_20260915/check_native.gd:34)
WARNING: Loaded resource as image file, this will not work on export: 'res://assets/art/units/factions/portraits/faction_whittaker_glock_17.png'. Instead, import the image file as an Image resource and load it normally as a resource.
   at: load_from_file (core/io/image.cpp:2780)
   GDScript backtrace (most recent call first):
       [0] run (res://tools/weapon_card_refresh_20260915/check_native.gd:34)
WARNING: Loaded resource as image file, this will not work on export: 'res://assets/art/units/factions/portraits/faction_whittaker_m1911.png'. Instead, import the image file as an Image resource and load it normally as a resource.
   at: load_from_file (core/io/image.cpp:2780)
   GDScript backtrace (most recent call first):
       [0] run (res://tools/weapon_card_refresh_20260915/check_native.gd:34)
WARNING: Loaded resource as image file, this will not work on export: 'res://assets/art/units/factions/portraits/faction_whittaker_usp.png'. Instead, import the image file as an Image resource and load it normally as a resource.
   at: load_from_file (core/io/image.cpp:2780)
   GDScript backtrace (most recent call first):
       [0] run (res://tools/weapon_card_refresh_20260915/check_native.gd:34)
WARNING: Loaded resource as image file, this will not work on export: 'res://assets/art/units/factions/portraits/faction_whittaker_cz75.png'. Instead, import the image file as an Image resource and load it normally as a resource.
   at: load_from_file (core/io/image.cpp:2780)
   GDScript backtrace (most recent call first):
       [0] run (res://tools/weapon_card_refresh_20260915/check_native.gd:34)
WARNING: Loaded resource as image file, this will not work on export: 'res://assets/art/units/factions/portraits/faction_whittaker_desert_eagle.png'. Instead, import the image file as an Image resource and load it normally as a resource.
   at: load_from_file (core/io/image.cpp:2780)
   GDScript backtrace (most recent call first):
       [0] run (res://tools/weapon_card_refresh_20260915/check_native.gd:34)
WARNING: Loaded resource as image file, this will not work on export: 'res://assets/art/units/factions/portraits/faction_whittaker_five_seven.png'. Instead, import the image file as an Image resource and load it normally as a resource.
   at: load_from_file (core/io/image.cpp:2780)
   GDScript backtrace (most recent call first):
       [0] run (res://tools/weapon_card_refresh_20260915/check_native.gd:34)
WARNING: Loaded resource as image file, this will not work on export: 'res://assets/art/units/factions/portraits/faction_whittaker_uzi.png'. Instead, import the image file as an Image resource and load it normally as a resource.
   at: load_from_file (core/io/image.cpp:2780)
   GDScript backtrace (most recent call first):
       [0] run (res://tools/weapon_card_refresh_20260915/check_native.gd:34)
WARNING: Loaded resource as image file, this will not work on export: 'res://assets/art/units/factions/portraits/faction_whittaker_mac10.png'. Instead, import the image file as an Image resource and load it normally as a resource.
   at: load_from_file (core/io/image.cpp:2780)
   GDScript backtrace (most recent call first):
       [0] run (res://tools/weapon_card_refresh_20260915/check_native.gd:34)
WARNING: Loaded resource as image file, this will not work on export: 'res://assets/art/units/factions/portraits/faction_whittaker_mp5.png'. Instead, import the image file as an Image resource and load it normally as a resource.
   at: load_from_file (core/io/image.cpp:2780)
   GDScript backtrace (most recent call first):
       [0] run (res://tools/weapon_card_refresh_20260915/check_native.gd:34)
WARNING: Loaded resource as image file, this will not work on export: 'res://assets/art/units/factions/portraits/faction_whittaker_mp5k.png'. Instead, import the image file as an Image resource and load it normally as a resource.
   at: load_from_file (core/io/image.cpp:2780)
   GDScript backtrace (most recent call first):
       [0] run (res://tools/weapon_card_refresh_20260915/check_native.gd:34)
WARNING: Loaded resource as image file, this will not work on export: 'res://assets/art/units/factions/portraits/faction_whittaker_vector.png'. Instead, import the image file as an Image resource and load it normally as a resource.
   at: load_from_file (core/io/image.cpp:2780)
   GDScript backtrace (most recent call first):
       [0] run (res://tools/weapon_card_refresh_20260915/check_native.gd:34)
WARNING: Loaded resource as image file, this will not work on export: 'res://assets/art/units/factions/portraits/faction_whittaker_p90.png'. Instead, import the image file as an Image resource and load it normally as a resource.
   at: load_from_file (core/io/image.cpp:2780)
   GDScript backtrace (most recent call first):
       [0] run (res://tools/weapon_card_refresh_20260915/check_native.gd:34)
WARNING: Loaded resource as image file, this will not work on export: 'res://assets/art/units/factions/portraits/faction_whittaker_ak47.png'. Instead, import the image file as an Image resource and load it normally as a resource.
   at: load_from_file (core/io/image.cpp:2780)
   GDScript backtrace (most recent call first):
       [0] run (res://tools/weapon_card_refresh_20260915/check_native.gd:34)
WARNING: Loaded resource as image file, this will not work on export: 'res://assets/art/units/factions/portraits/faction_whittaker_mini14.png'. Instead, import the image file as an Image resource and load it normally as a resource.
   at: load_from_file (core/io/image.cpp:2780)
   GDScript backtrace (most recent call first):
       [0] run (res://tools/weapon_card_refresh_20260915/check_native.gd:34)
WARNING: Loaded resource as image file, this will not work on export: 'res://assets/art/units/factions/portraits/faction_whittaker_m4a1.png'. Instead, import the image file as an Image resource and load it normally as a resource.
   at: load_from_file (core/io/image.cpp:2780)
   GDScript backtrace (most recent call first):
       [0] run (res://tools/weapon_card_refresh_20260915/check_native.gd:34)
WARNING: Loaded resource as image file, this will not work on export: 'res://assets/art/units/factions/portraits/faction_whittaker_g36c.png'. Instead, import the image file as an Image resource and load it normally as a resource.
   at: load_from_file (core/io/image.cpp:2780)
   GDScript backtrace (most recent call first):
       [0] run (res://tools/weapon_card_refresh_20260915/check_native.gd:34)
WARNING: Loaded resource as image file, this will not work on export: 'res://assets/art/units/factions/portraits/faction_whittaker_scar_h.png'. Instead, import the image file as an Image resource and load it normally as a resource.
   at: load_from_file (core/io/image.cpp:2780)
   GDScript backtrace (most recent call first):
       [0] run (res://tools/weapon_card_refresh_20260915/check_native.gd:34)
WARNING: Loaded resource as image file, this will not work on export: 'res://assets/art/units/factions/portraits/faction_whittaker_aug.png'. Instead, import the image file as an Image resource and load it normally as a resource.
   at: load_from_file (core/io/image.cpp:2780)
   GDScript backtrace (most recent call first):
       [0] run (res://tools/weapon_card_refresh_20260915/check_native.gd:34)
WARNING: Loaded resource as image file, this will not work on export: 'res://assets/art/units/factions/portraits/faction_whittaker_rem870.png'. Instead, import the image file as an Image resource and load it normally as a resource.
   at: load_from_file (core/io/image.cpp:2780)
   GDScript backtrace (most recent call first):
       [0] run (res://tools/weapon_card_refresh_20260915/check_native.gd:34)
WARNING: Loaded resource as image file, this will not work on export: 'res://assets/art/units/factions/portraits/faction_whittaker_moss500.png'. Instead, import the image file as an Image resource and load it normally as a resource.
   at: load_from_file (core/io/image.cpp:2780)
   GDScript backtrace (most recent call first):
       [0] run (res://tools/weapon_card_refresh_20260915/check_native.gd:34)
WARNING: Loaded resource as image file, this will not work on export: 'res://assets/art/units/factions/portraits/faction_whittaker_spas12.png'. Instead, import the image file as an Image resource and load it normally as a resource.
   at: load_from_file (core/io/image.cpp:2780)
   GDScript backtrace (most recent call first):
       [0] run (res://tools/weapon_card_refresh_20260915/check_native.gd:34)
WARNING: Loaded resource as image file, this will not work on export: 'res://assets/art/units/factions/portraits/faction_whittaker_benelli_m2.png'. Instead, import the image file as an Image resource and load it normally as a resource.
   at: load_from_file (core/io/image.cpp:2780)
   GDScript backtrace (most recent call first):
       [0] run (res://tools/weapon_card_refresh_20260915/check_native.gd:34)
WARNING: Loaded resource as image file, this will not work on export: 'res://assets/art/units/factions/portraits/faction_whittaker_benelli_m4.png'. Instead, import the image file as an Image resource and load it normally as a resource.
   at: load_from_file (core/io/image.cpp:2780)
   GDScript backtrace (most recent call first):
       [0] run (res://tools/weapon_card_refresh_20260915/check_native.gd:34)
WARNING: Loaded resource as image file, this will not work on export: 'res://assets/art/units/factions/portraits/faction_whittaker_saiga12.png'. Instead, import the image file as an Image resource and load it normally as a resource.
   at: load_from_file (core/io/image.cpp:2780)
   GDScript backtrace (most recent call first):
       [0] run (res://tools/weapon_card_refresh_20260915/check_native.gd:34)
WARNING: Loaded resource as image file, this will not work on export: 'res://assets/art/units/factions/portraits/faction_whittaker_rem700.png'. Instead, import the image file as an Image resource and load it normally as a resource.
   at: load_from_file (core/io/image.cpp:2780)
   GDScript backtrace (most recent call first):
       [0] run (res://tools/weapon_card_refresh_20260915/check_native.gd:34)
WARNING: Loaded resource as image file, this will not work on export: 'res://assets/art/units/factions/portraits/faction_whittaker_sks.png'. Instead, import the image file as an Image resource and load it normally as a resource.
   at: load_from_file (core/io/image.cpp:2780)
   GDScript backtrace (most recent call first):
       [0] run (res://tools/weapon_card_refresh_20260915/check_native.gd:34)
WARNING: Loaded resource as image file, this will not work on export: 'res://assets/art/units/factions/portraits/faction_whittaker_svd.png'. Instead, import the image file as an Image resource and load it normally as a resource.
   at: load_from_file (core/io/image.cpp:2780)
   GDScript backtrace (most recent call first):
       [0] run (res://tools/weapon_card_refresh_20260915/check_native.gd:34)
WARNING: Loaded resource as image file, this will not work on export: 'res://assets/art/units/factions/portraits/faction_whittaker_ssg69.png'. Instead, import the image file as an Image resource and load it normally as a resource.
   at: load_from_file (core/io/image.cpp:2780)
   GDScript backtrace (most recent call first):
       [0] run (res://tools/weapon_card_refresh_20260915/check_native.gd:34)
WARNING: Loaded resource as image file, this will not work on export: 'res://assets/art/units/factions/portraits/faction_whittaker_awm.png'. Instead, import the image file as an Image resource and load it normally as a resource.
   at: load_from_file (core/io/image.cpp:2780)
   GDScript backtrace (most recent call first):
       [0] run (res://tools/weapon_card_refresh_20260915/check_native.gd:34)
WARNING: Loaded resource as image file, this will not work on export: 'res://assets/art/units/factions/portraits/faction_whittaker_psg1.png'. Instead, import the image file as an Image resource and load it normally as a resource.
   at: load_from_file (core/io/image.cpp:2780)
   GDScript backtrace (most recent call first):
       [0] run (res://tools/weapon_card_refresh_20260915/check_native.gd:34)
WARNING: Loaded resource as image file, this will not work on export: 'res://assets/art/units/factions/portraits/faction_mcallister_glock_17.png'. Instead, import the image file as an Image resource and load it normally as a resource.
   at: load_from_file (core/io/image.cpp:2780)
   GDScript backtrace (most recent call first):
       [0] run (res://tools/weapon_card_refresh_20260915/check_native.gd:34)
WARNING: Loaded resource as image file, this will not work on export: 'res://assets/art/units/factions/portraits/faction_mcallister_m1911.png'. Instead, import the image file as an Image resource and load it normally as a resource.
   at: load_from_file (core/io/image.cpp:2780)
   GDScript backtrace (most recent call first):
       [0] run (res://tools/weapon_card_refresh_20260915/check_native.gd:34)
WARNING: Loaded resource as image file, this will not work on export: 'res://assets/art/units/factions/portraits/faction_mcallister_usp.png'. Instead, import the image file as an Image resource and load it normally as a resource.
   at: load_from_file (core/io/image.cpp:2780)
   GDScript backtrace (most recent call first):
       [0] run (res://tools/weapon_card_refresh_20260915/check_native.gd:34)
WARNING: Loaded resource as image file, this will not work on export: 'res://assets/art/units/factions/portraits/faction_mcallister_cz75.png'. Instead, import the image file as an Image resource and load it normally as a resource.
   at: load_from_file (core/io/image.cpp:2780)
   GDScript backtrace (most recent call first):
       [0] run (res://tools/weapon_card_refresh_20260915/check_native.gd:34)
WARNING: Loaded resource as image file, this will not work on export: 'res://assets/art/units/factions/portraits/faction_mcallister_desert_eagle.png'. Instead, import the image file as an Image resource and load it normally as a resource.
   at: load_from_file (core/io/image.cpp:2780)
   GDScript backtrace (most recent call first):
       [0] run (res://tools/weapon_card_refresh_20260915/check_native.gd:34)
WARNING: Loaded resource as image file, this will not work on export: 'res://assets/art/units/factions/portraits/faction_mcallister_five_seven.png'. Instead, import the image file as an Image resource and load it normally as a resource.
   at: load_from_file (core/io/image.cpp:2780)
   GDScript backtrace (most recent call first):
       [0] run (res://tools/weapon_card_refresh_20260915/check_native.gd:34)
WARNING: Loaded resource as image file, this will not work on export: 'res://assets/art/units/factions/portraits/faction_mcallister_uzi.png'. Instead, import the image file as an Image resource and load it normally as a resource.
   at: load_from_file (core/io/image.cpp:2780)
   GDScript backtrace (most recent call first):
       [0] run (res://tools/weapon_card_refresh_20260915/check_native.gd:34)
WARNING: Loaded resource as image file, this will not work on export: 'res://assets/art/units/factions/portraits/faction_mcallister_mac10.png'. Instead, import the image file as an Image resource and load it normally as a resource.
   at: load_from_file (core/io/image.cpp:2780)
   GDScript backtrace (most recent call first):
       [0] run (res://tools/weapon_card_refresh_20260915/check_native.gd:34)
WARNING: Loaded resource as image file, this will not work on export: 'res://assets/art/units/factions/portraits/faction_mcallister_mp5.png'. Instead, import the image file as an Image resource and load it normally as a resource.
   at: load_from_file (core/io/image.cpp:2780)
   GDScript backtrace (most recent call first):
       [0] run (res://tools/weapon_card_refresh_20260915/check_native.gd:34)
WARNING: Loaded resource as image file, this will not work on export: 'res://assets/art/units/factions/portraits/faction_mcallister_mp5k.png'. Instead, import the image file as an Image resource and load it normally as a resource.
   at: load_from_file (core/io/image.cpp:2780)
   GDScript backtrace (most recent call first):
       [0] run (res://tools/weapon_card_refresh_20260915/check_native.gd:34)
WARNING: Loaded resource as image file, this will not work on export: 'res://assets/art/units/factions/portraits/faction_mcallister_vector.png'. Instead, import the image file as an Image resource and load it normally as a resource.
   at: load_from_file (core/io/image.cpp:2780)
   GDScript backtrace (most recent call first):
       [0] run (res://tools/weapon_card_refresh_20260915/check_native.gd:34)
WARNING: Loaded resource as image file, this will not work on export: 'res://assets/art/units/factions/portraits/faction_mcallister_p90.png'. Instead, import the image file as an Image resource and load it normally as a resource.
   at: load_from_file (core/io/image.cpp:2780)
   GDScript backtrace (most recent call first):
       [0] run (res://tools/weapon_card_refresh_20260915/check_native.gd:34)
WARNING: Loaded resource as image file, this will not work on export: 'res://assets/art/units/factions/portraits/faction_mcallister_ak47.png'. Instead, import the image file as an Image resource and load it normally as a resource.
   at: load_from_file (core/io/image.cpp:2780)
   GDScript backtrace (most recent call first):
       [0] run (res://tools/weapon_card_refresh_20260915/check_native.gd:34)
WARNING: Loaded resource as image file, this will not work on export: 'res://assets/art/units/factions/portraits/faction_mcallister_mini14.png'. Instead, import the image file as an Image resource and load it normally as a resource.
   at: load_from_file (core/io/image.cpp:2780)
   GDScript backtrace (most recent call first):
       [0] run (res://tools/weapon_card_refresh_20260915/check_native.gd:34)
WARNING: Loaded resource as image file, this will not work on export: 'res://assets/art/units/factions/portraits/faction_mcallister_m4a1.png'. Instead, import the image file as an Image resource and load it normally as a resource.
   at: load_from_file (core/io/image.cpp:2780)
   GDScript backtrace (most recent call first):
       [0] run (res://tools/weapon_card_refresh_20260915/check_native.gd:34)
WARNING: Loaded resource as image file, this will not work on export: 'res://assets/art/units/factions/portraits/faction_mcallister_g36c.png'. Instead, import the image file as an Image resource and load it normally as a resource.
   at: load_from_file (core/io/image.cpp:2780)
   GDScript backtrace (most recent call first):
       [0] run (res://tools/weapon_card_refresh_20260915/check_native.gd:34)
WARNING: Loaded resource as image file, this will not work on export: 'res://assets/art/units/factions/portraits/faction_mcallister_scar_h.png'. Instead, import the image file as an Image resource and load it normally as a resource.
   at: load_from_file (core/io/image.cpp:2780)
   GDScript backtrace (most recent call first):
       [0] run (res://tools/weapon_card_refresh_20260915/check_native.gd:34)
WARNING: Loaded resource as image file, this will not work on export: 'res://assets/art/units/factions/portraits/faction_mcallister_aug.png'. Instead, import the image file as an Image resource and load it normally as a resource.
   at: load_from_file (core/io/image.cpp:2780)
   GDScript backtrace (most recent call first):
       [0] run (res://tools/weapon_card_refresh_20260915/check_native.gd:34)
WARNING: Loaded resource as image file, this will not work on export: 'res://assets/art/units/factions/portraits/faction_mcallister_rem870.png'. Instead, import the image file as an Image resource and load it normally as a resource.
   at: load_from_file (core/io/image.cpp:2780)
   GDScript backtrace (most recent call first):
       [0] run (res://tools/weapon_card_refresh_20260915/check_native.gd:34)
WARNING: Loaded resource as image file, this will not work on export: 'res://assets/art/units/factions/portraits/faction_mcallister_moss500.png'. Instead, import the image file as an Image resource and load it normally as a resource.
   at: load_from_file (core/io/image.cpp:2780)
   GDScript backtrace (most recent call first):
       [0] run (res://tools/weapon_card_refresh_20260915/check_native.gd:34)
WARNING: Loaded resource as image file, this will not work on export: 'res://assets/art/units/factions/portraits/faction_mcallister_spas12.png'. Instead, import the image file as an Image resource and load it normally as a resource.
   at: load_from_file (core/io/image.cpp:2780)
   GDScript backtrace (most recent call first):
       [0] run (res://tools/weapon_card_refresh_20260915/check_native.gd:34)
WARNING: Loaded resource as image file, this will not work on export: 'res://assets/art/units/factions/portraits/faction_mcallister_benelli_m2.png'. Instead, import the image file as an Image resource and load it normally as a resource.
   at: load_from_file (core/io/image.cpp:2780)
   GDScript backtrace (most recent call first):
       [0] run (res://tools/weapon_card_refresh_20260915/check_native.gd:34)
WARNING: Loaded resource as image file, this will not work on export: 'res://assets/art/units/factions/portraits/faction_mcallister_benelli_m4.png'. Instead, import the image file as an Image resource and load it normally as a resource.
   at: load_from_file (core/io/image.cpp:2780)
   GDScript backtrace (most recent call first):
       [0] run (res://tools/weapon_card_refresh_20260915/check_native.gd:34)
WARNING: Loaded resource as image file, this will not work on export: 'res://assets/art/units/factions/portraits/faction_mcallister_saiga12.png'. Instead, import the image file as an Image resource and load it normally as a resource.
   at: load_from_file (core/io/image.cpp:2780)
   GDScript backtrace (most recent call first):
       [0] run (res://tools/weapon_card_refresh_20260915/check_native.gd:34)
WARNING: Loaded resource as image file, this will not work on export: 'res://assets/art/units/factions/portraits/faction_mcallister_rem700.png'. Instead, import the image file as an Image resource and load it normally as a resource.
   at: load_from_file (core/io/image.cpp:2780)
   GDScript backtrace (most recent call first):
       [0] run (res://tools/weapon_card_refresh_20260915/check_native.gd:34)
WARNING: Loaded resource as image file, this will not work on export: 'res://assets/art/units/factions/portraits/faction_mcallister_sks.png'. Instead, import the image file as an Image resource and load it normally as a resource.
   at: load_from_file (core/io/image.cpp:2780)
   GDScript backtrace (most recent call first):
       [0] run (res://tools/weapon_card_refresh_20260915/check_native.gd:34)
WARNING: Loaded resource as image file, this will not work on export: 'res://assets/art/units/factions/portraits/faction_mcallister_svd.png'. Instead, import the image file as an Image resource and load it normally as a resource.
   at: load_from_file (core/io/image.cpp:2780)
   GDScript backtrace (most recent call first):
       [0] run (res://tools/weapon_card_refresh_20260915/check_native.gd:34)
WARNING: Loaded resource as image file, this will not work on export: 'res://assets/art/units/factions/portraits/faction_mcallister_ssg69.png'. Instead, import the image file as an Image resource and load it normally as a resource.
   at: load_from_file (core/io/image.cpp:2780)
   GDScript backtrace (most recent call first):
       [0] run (res://tools/weapon_card_refresh_20260915/check_native.gd:34)
WARNING: Loaded resource as image file, this will not work on export: 'res://assets/art/units/factions/portraits/faction_mcallister_awm.png'. Instead, import the image file as an Image resource and load it normally as a resource.
   at: load_from_file (core/io/image.cpp:2780)
   GDScript backtrace (most recent call first):
       [0] run (res://tools/weapon_card_refresh_20260915/check_native.gd:34)
WARNING: Loaded resource as image file, this will not work on export: 'res://assets/art/units/factions/portraits/faction_mcallister_psg1.png'. Instead, import the image file as an Image resource and load it normally as a resource.
   at: load_from_file (core/io/image.cpp:2780)
   GDScript backtrace (most recent call first):
       [0] run (res://tools/weapon_card_refresh_20260915/check_native.gd:34)
WARNING: Loaded resource as image file, this will not work on export: 'res://assets/art/units/factions/portraits/faction_trc_glock_17.png'. Instead, import the image file as an Image resource and load it normally as a resource.
   at: load_from_file (core/io/image.cpp:2780)
   GDScript backtrace (most recent call first):
       [0] run (res://tools/weapon_card_refresh_20260915/check_native.gd:34)
WARNING: Loaded resource as image file, this will not work on export: 'res://assets/art/units/factions/portraits/faction_trc_m1911.png'. Instead, import the image file as an Image resource and load it normally as a resource.
   at: load_from_file (core/io/image.cpp:2780)
   GDScript backtrace (most recent call first):
       [0] run (res://tools/weapon_card_refresh_20260915/check_native.gd:34)
WARNING: Loaded resource as image file, this will not work on export: 'res://assets/art/units/factions/portraits/faction_trc_usp.png'. Instead, import the image file as an Image resource and load it normally as a resource.
   at: load_from_file (core/io/image.cpp:2780)
   GDScript backtrace (most recent call first):
       [0] run (res://tools/weapon_card_refresh_20260915/check_native.gd:34)
WARNING: Loaded resource as image file, this will not work on export: 'res://assets/art/units/factions/portraits/faction_trc_cz75.png'. Instead, import the image file as an Image resource and load it normally as a resource.
   at: load_from_file (core/io/image.cpp:2780)
   GDScript backtrace (most recent call first):
       [0] run (res://tools/weapon_card_refresh_20260915/check_native.gd:34)
WARNING: Loaded resource as image file, this will not work on export: 'res://assets/art/units/factions/portraits/faction_trc_desert_eagle.png'. Instead, import the image file as an Image resource and load it normally as a resource.
   at: load_from_file (core/io/image.cpp:2780)
   GDScript backtrace (most recent call first):
       [0] run (res://tools/weapon_card_refresh_20260915/check_native.gd:34)
WARNING: Loaded resource as image file, this will not work on export: 'res://assets/art/units/factions/portraits/faction_trc_five_seven.png'. Instead, import the image file as an Image resource and load it normally as a resource.
   at: load_from_file (core/io/image.cpp:2780)
   GDScript backtrace (most recent call first):
       [0] run (res://tools/weapon_card_refresh_20260915/check_native.gd:34)
WARNING: Loaded resource as image file, this will not work on export: 'res://assets/art/units/factions/portraits/faction_trc_uzi.png'. Instead, import the image file as an Image resource and load it normally as a resource.
   at: load_from_file (core/io/image.cpp:2780)
   GDScript backtrace (most recent call first):
       [0] run (res://tools/weapon_card_refresh_20260915/check_native.gd:34)
WARNING: Loaded resource as image file, this will not work on export: 'res://assets/art/units/factions/portraits/faction_trc_mac10.png'. Instead, import the image file as an Image resource and load it normally as a resource.
   at: load_from_file (core/io/image.cpp:2780)
   GDScript backtrace (most recent call first):
       [0] run (res://tools/weapon_card_refresh_20260915/check_native.gd:34)
WARNING: Loaded resource as image file, this will not work on export: 'res://assets/art/units/factions/portraits/faction_trc_mp5.png'. Instead, import the image file as an Image resource and load it normally as a resource.
   at: load_from_file (core/io/image.cpp:2780)
   GDScript backtrace (most recent call first):
       [0] run (res://tools/weapon_card_refresh_20260915/check_native.gd:34)
WARNING: Loaded resource as image file, this will not work on export: 'res://assets/art/units/factions/portraits/faction_trc_mp5k.png'. Instead, import the image file as an Image resource and load it normally as a resource.
   at: load_from_file (core/io/image.cpp:2780)
   GDScript backtrace (most recent call first):
       [0] run (res://tools/weapon_card_refresh_20260915/check_native.gd:34)
WARNING: Loaded resource as image file, this will not work on export: 'res://assets/art/units/factions/portraits/faction_trc_vector.png'. Instead, import the image file as an Image resource and load it normally as a resource.
   at: load_from_file (core/io/image.cpp:2780)
   GDScript backtrace (most recent call first):
       [0] run (res://tools/weapon_card_refresh_20260915/check_native.gd:34)
WARNING: Loaded resource as image file, this will not work on export: 'res://assets/art/units/factions/portraits/faction_trc_p90.png'. Instead, import the image file as an Image resource and load it normally as a resource.
   at: load_from_file (core/io/image.cpp:2780)
   GDScript backtrace (most recent call first):
       [0] run (res://tools/weapon_card_refresh_20260915/check_native.gd:34)
WARNING: Loaded resource as image file, this will not work on export: 'res://assets/art/units/factions/portraits/faction_trc_ak47.png'. Instead, import the image file as an Image resource and load it normally as a resource.
   at: load_from_file (core/io/image.cpp:2780)
   GDScript backtrace (most recent call first):
       [0] run (res://tools/weapon_card_refresh_20260915/check_native.gd:34)
WARNING: Loaded resource as image file, this will not work on export: 'res://assets/art/units/factions/portraits/faction_trc_mini14.png'. Instead, import the image file as an Image resource and load it normally as a resource.
   at: load_from_file (core/io/image.cpp:2780)
   GDScript backtrace (most recent call first):
       [0] run (res://tools/weapon_card_refresh_20260915/check_native.gd:34)
WARNING: Loaded resource as image file, this will not work on export: 'res://assets/art/units/factions/portraits/faction_trc_m4a1.png'. Instead, import the image file as an Image resource and load it normally as a resource.
   at: load_from_file (core/io/image.cpp:2780)
   GDScript backtrace (most recent call first):
       [0] run (res://tools/weapon_card_refresh_20260915/check_native.gd:34)
WARNING: Loaded resource as image file, this will not work on export: 'res://assets/art/units/factions/portraits/faction_trc_g36c.png'. Instead, import the image file as an Image resource and load it normally as a resource.
   at: load_from_file (core/io/image.cpp:2780)
   GDScript backtrace (most recent call first):
       [0] run (res://tools/weapon_card_refresh_20260915/check_native.gd:34)
WARNING: Loaded resource as image file, this will not work on export: 'res://assets/art/units/factions/portraits/faction_trc_scar_h.png'. Instead, import the image file as an Image resource and load it normally as a resource.
   at: load_from_file (core/io/image.cpp:2780)
   GDScript backtrace (most recent call first):
       [0] run (res://tools/weapon_card_refresh_20260915/check_native.gd:34)
WARNING: Loaded resource as image file, this will not work on export: 'res://assets/art/units/factions/portraits/faction_trc_aug.png'. Instead, import the image file as an Image resource and load it normally as a resource.
   at: load_from_file (core/io/image.cpp:2780)
   GDScript backtrace (most recent call first):
       [0] run (res://tools/weapon_card_refresh_20260915/check_native.gd:34)
WARNING: Loaded resource as image file, this will not work on export: 'res://assets/art/units/factions/portraits/faction_trc_rem870.png'. Instead, import the image file as an Image resource and load it normally as a resource.
   at: load_from_file (core/io/image.cpp:2780)
   GDScript backtrace (most recent call first):
       [0] run (res://tools/weapon_card_refresh_20260915/check_native.gd:34)
WARNING: Loaded resource as image file, this will not work on export: 'res://assets/art/units/factions/portraits/faction_trc_moss500.png'. Instead, import the image file as an Image resource and load it normally as a resource.
   at: load_from_file (core/io/image.cpp:2780)
   GDScript backtrace (most recent call first):
       [0] run (res://tools/weapon_card_refresh_20260915/check_native.gd:34)
WARNING: Loaded resource as image file, this will not work on export: 'res://assets/art/units/factions/portraits/faction_trc_spas12.png'. Instead, import the image file as an Image resource and load it normally as a resource.
   at: load_from_file (core/io/image.cpp:2780)
   GDScript backtrace (most recent call first):
       [0] run (res://tools/weapon_card_refresh_20260915/check_native.gd:34)
WARNING: Loaded resource as image file, this will not work on export: 'res://assets/art/units/factions/portraits/faction_trc_benelli_m2.png'. Instead, import the image file as an Image resource and load it normally as a resource.
   at: load_from_file (core/io/image.cpp:2780)
   GDScript backtrace (most recent call first):
       [0] run (res://tools/weapon_card_refresh_20260915/check_native.gd:34)
WARNING: Loaded resource as image file, this will not work on export: 'res://assets/art/units/factions/portraits/faction_trc_benelli_m4.png'. Instead, import the image file as an Image resource and load it normally as a resource.
   at: load_from_file (core/io/image.cpp:2780)
   GDScript backtrace (most recent call first):
       [0] run (res://tools/weapon_card_refresh_20260915/check_native.gd:34)
WARNING: Loaded resource as image file, this will not work on export: 'res://assets/art/units/factions/portraits/faction_trc_saiga12.png'. Instead, import the image file as an Image resource and load it normally as a resource.
   at: load_from_file (core/io/image.cpp:2780)
   GDScript backtrace (most recent call first):
       [0] run (res://tools/weapon_card_refresh_20260915/check_native.gd:34)
WARNING: Loaded resource as image file, this will not work on export: 'res://assets/art/units/factions/portraits/faction_trc_rem700.png'. Instead, import the image file as an Image resource and load it normally as a resource.
   at: load_from_file (core/io/image.cpp:2780)
   GDScript backtrace (most recent call first):
       [0] run (res://tools/weapon_card_refresh_20260915/check_native.gd:34)
WARNING: Loaded resource as image file, this will not work on export: 'res://assets/art/units/factions/portraits/faction_trc_sks.png'. Instead, import the image file as an Image resource and load it normally as a resource.
   at: load_from_file (core/io/image.cpp:2780)
   GDScript backtrace (most recent call first):
       [0] run (res://tools/weapon_card_refresh_20260915/check_native.gd:34)
WARNING: Loaded resource as image file, this will not work on export: 'res://assets/art/units/factions/portraits/faction_trc_svd.png'. Instead, import the image file as an Image resource and load it normally as a resource.
   at: load_from_file (core/io/image.cpp:2780)
   GDScript backtrace (most recent call first):
       [0] run (res://tools/weapon_card_refresh_20260915/check_native.gd:34)
WARNING: Loaded resource as image file, this will not work on export: 'res://assets/art/units/factions/portraits/faction_trc_ssg69.png'. Instead, import the image file as an Image resource and load it normally as a resource.
   at: load_from_file (core/io/image.cpp:2780)
   GDScript backtrace (most recent call first):
       [0] run (res://tools/weapon_card_refresh_20260915/check_native.gd:34)
WARNING: Loaded resource as image file, this will not work on export: 'res://assets/art/units/factions/portraits/faction_trc_awm.png'. Instead, import the image file as an Image resource and load it normally as a resource.
   at: load_from_file (core/io/image.cpp:2780)
   GDScript backtrace (most recent call first):
       [0] run (res://tools/weapon_card_refresh_20260915/check_native.gd:34)
WARNING: Loaded resource as image file, this will not work on export: 'res://assets/art/units/factions/portraits/faction_trc_psg1.png'. Instead, import the image file as an Image resource and load it normally as a resource.
   at: load_from_file (core/io/image.cpp:2780)
   GDScript backtrace (most recent call first):
       [0] run (res://tools/weapon_card_refresh_20260915/check_native.gd:34)
WARNING: Loaded resource as image file, this will not work on export: 'res://assets/art/units/factions/portraits/faction_nbpd_glock_17.png'. Instead, import the image file as an Image resource and load it normally as a resource.
   at: load_from_file (core/io/image.cpp:2780)
   GDScript backtrace (most recent call first):
       [0] run (res://tools/weapon_card_refresh_20260915/check_native.gd:34)
WARNING: Loaded resource as image file, this will not work on export: 'res://assets/art/units/factions/portraits/faction_nbpd_m1911.png'. Instead, import the image file as an Image resource and load it normally as a resource.
   at: load_from_file (core/io/image.cpp:2780)
   GDScript backtrace (most recent call first):
       [0] run (res://tools/weapon_card_refresh_20260915/check_native.gd:34)
WARNING: Loaded resource as image file, this will not work on export: 'res://assets/art/units/factions/portraits/faction_nbpd_usp.png'. Instead, import the image file as an Image resource and load it normally as a resource.
   at: load_from_file (core/io/image.cpp:2780)
   GDScript backtrace (most recent call first):
       [0] run (res://tools/weapon_card_refresh_20260915/check_native.gd:34)
WARNING: Loaded resource as image file, this will not work on export: 'res://assets/art/units/factions/portraits/faction_nbpd_cz75.png'. Instead, import the image file as an Image resource and load it normally as a resource.
   at: load_from_file (core/io/image.cpp:2780)
   GDScript backtrace (most recent call first):
       [0] run (res://tools/weapon_card_refresh_20260915/check_native.gd:34)
WARNING: Loaded resource as image file, this will not work on export: 'res://assets/art/units/factions/portraits/faction_nbpd_desert_eagle.png'. Instead, import the image file as an Image resource and load it normally as a resource.
   at: load_from_file (core/io/image.cpp:2780)
   GDScript backtrace (most recent call first):
       [0] run (res://tools/weapon_card_refresh_20260915/check_native.gd:34)
WARNING: Loaded resource as image file, this will not work on export: 'res://assets/art/units/factions/portraits/faction_nbpd_five_seven.png'. Instead, import the image file as an Image resource and load it normally as a resource.
   at: load_from_file (core/io/image.cpp:2780)
   GDScript backtrace (most recent call first):
       [0] run (res://tools/weapon_card_refresh_20260915/check_native.gd:34)
WARNING: Loaded resource as image file, this will not work on export: 'res://assets/art/units/factions/portraits/faction_nbpd_uzi.png'. Instead, import the image file as an Image resource and load it normally as a resource.
   at: load_from_file (core/io/image.cpp:2780)
   GDScript backtrace (most recent call first):
       [0] run (res://tools/weapon_card_refresh_20260915/check_native.gd:34)
WARNING: Loaded resource as image file, this will not work on export: 'res://assets/art/units/factions/portraits/faction_nbpd_mac10.png'. Instead, import the image file as an Image resource and load it normally as a resource.
   at: load_from_file (core/io/image.cpp:2780)
   GDScript backtrace (most recent call first):
       [0] run (res://tools/weapon_card_refresh_20260915/check_native.gd:34)
WARNING: Loaded resource as image file, this will not work on export: 'res://assets/art/units/factions/portraits/faction_nbpd_mp5.png'. Instead, import the image file as an Image resource and load it normally as a resource.
   at: load_from_file (core/io/image.cpp:2780)
   GDScript backtrace (most recent call first):
       [0] run (res://tools/weapon_card_refresh_20260915/check_native.gd:34)
WARNING: Loaded resource as image file, this will not work on export: 'res://assets/art/units/factions/portraits/faction_nbpd_mp5k.png'. Instead, import the image file as an Image resource and load it normally as a resource.
   at: load_from_file (core/io/image.cpp:2780)
   GDScript backtrace (most recent call first):
       [0] run (res://tools/weapon_card_refresh_20260915/check_native.gd:34)
WARNING: Loaded resource as image file, this will not work on export: 'res://assets/art/units/factions/portraits/faction_nbpd_vector.png'. Instead, import the image file as an Image resource and load it normally as a resource.
   at: load_from_file (core/io/image.cpp:2780)
   GDScript backtrace (most recent call first):
       [0] run (res://tools/weapon_card_refresh_20260915/check_native.gd:34)
WARNING: Loaded resource as image file, this will not work on export: 'res://assets/art/units/factions/portraits/faction_nbpd_p90.png'. Instead, import the image file as an Image resource and load it normally as a resource.
   at: load_from_file (core/io/image.cpp:2780)
   GDScript backtrace (most recent call first):
       [0] run (res://tools/weapon_card_refresh_20260915/check_native.gd:34)
WARNING: Loaded resource as image file, this will not work on export: 'res://assets/art/units/factions/portraits/faction_nbpd_ak47.png'. Instead, import the image file as an Image resource and load it normally as a resource.
   at: load_from_file (core/io/image.cpp:2780)
   GDScript backtrace (most recent call first):
       [0] run (res://tools/weapon_card_refresh_20260915/check_native.gd:34)
WARNING: Loaded resource as image file, this will not work on export: 'res://assets/art/units/factions/portraits/faction_nbpd_mini14.png'. Instead, import the image file as an Image resource and load it normally as a resource.
   at: load_from_file (core/io/image.cpp:2780)
   GDScript backtrace (most recent call first):
       [0] run (res://tools/weapon_card_refresh_20260915/check_native.gd:34)
WARNING: Loaded resource as image file, this will not work on export: 'res://assets/art/units/factions/portraits/faction_nbpd_m4a1.png'. Instead, import the image file as an Image resource and load it normally as a resource.
   at: load_from_file (core/io/image.cpp:2780)
   GDScript backtrace (most recent call first):
       [0] run (res://tools/weapon_card_refresh_20260915/check_native.gd:34)
WARNING: Loaded resource as image file, this will not work on export: 'res://assets/art/units/factions/portraits/faction_nbpd_g36c.png'. Instead, import the image file as an Image resource and load it normally as a resource.
   at: load_from_file (core/io/image.cpp:2780)
   GDScript backtrace (most recent call first):
       [0] run (res://tools/weapon_card_refresh_20260915/check_native.gd:34)
WARNING: Loaded resource as image file, this will not work on export: 'res://assets/art/units/factions/portraits/faction_nbpd_scar_h.png'. Instead, import the image file as an Image resource and load it normally as a resource.
   at: load_from_file (core/io/image.cpp:2780)
   GDScript backtrace (most recent call first):
       [0] run (res://tools/weapon_card_refresh_20260915/check_native.gd:34)
WARNING: Loaded resource as image file, this will not work on export: 'res://assets/art/units/factions/portraits/faction_nbpd_aug.png'. Instead, import the image file as an Image resource and load it normally as a resource.
   at: load_from_file (core/io/image.cpp:2780)
   GDScript backtrace (most recent call first):
       [0] run (res://tools/weapon_card_refresh_20260915/check_native.gd:34)
WARNING: Loaded resource as image file, this will not work on export: 'res://assets/art/units/factions/portraits/faction_nbpd_rem870.png'. Instead, import the image file as an Image resource and load it normally as a resource.
   at: load_from_file (core/io/image.cpp:2780)
   GDScript backtrace (most recent call first):
       [0] run (res://tools/weapon_card_refresh_20260915/check_native.gd:34)
WARNING: Loaded resource as image file, this will not work on export: 'res://assets/art/units/factions/portraits/faction_nbpd_moss500.png'. Instead, import the image file as an Image resource and load it normally as a resource.
   at: load_from_file (core/io/image.cpp:2780)
   GDScript backtrace (most recent call first):
       [0] run (res://tools/weapon_card_refresh_20260915/check_native.gd:34)
WARNING: Loaded resource as image file, this will not work on export: 'res://assets/art/units/factions/portraits/faction_nbpd_spas12.png'. Instead, import the image file as an Image resource and load it normally as a resource.
   at: load_from_file (core/io/image.cpp:2780)
   GDScript backtrace (most recent call first):
       [0] run (res://tools/weapon_card_refresh_20260915/check_native.gd:34)
WARNING: Loaded resource as image file, this will not work on export: 'res://assets/art/units/factions/portraits/faction_nbpd_benelli_m2.png'. Instead, import the image file as an Image resource and load it normally as a resource.
   at: load_from_file (core/io/image.cpp:2780)
   GDScript backtrace (most recent call first):
       [0] run (res://tools/weapon_card_refresh_20260915/check_native.gd:34)
WARNING: Loaded resource as image file, this will not work on export: 'res://assets/art/units/factions/portraits/faction_nbpd_benelli_m4.png'. Instead, import the image file as an Image resource and load it normally as a resource.
   at: load_from_file (core/io/image.cpp:2780)
   GDScript backtrace (most recent call first):
       [0] run (res://tools/weapon_card_refresh_20260915/check_native.gd:34)
WARNING: Loaded resource as image file, this will not work on export: 'res://assets/art/units/factions/portraits/faction_nbpd_saiga12.png'. Instead, import the image file as an Image resource and load it normally as a resource.
   at: load_from_file (core/io/image.cpp:2780)
   GDScript backtrace (most recent call first):
       [0] run (res://tools/weapon_card_refresh_20260915/check_native.gd:34)
WARNING: Loaded resource as image file, this will not work on export: 'res://assets/art/units/factions/portraits/faction_nbpd_rem700.png'. Instead, import the image file as an Image resource and load it normally as a resource.
   at: load_from_file (core/io/image.cpp:2780)
   GDScript backtrace (most recent call first):
       [0] run (res://tools/weapon_card_refresh_20260915/check_native.gd:34)
WARNING: Loaded resource as image file, this will not work on export: 'res://assets/art/units/factions/portraits/faction_nbpd_sks.png'. Instead, import the image file as an Image resource and load it normally as a resource.
   at: load_from_file (core/io/image.cpp:2780)
   GDScript backtrace (most recent call first):
       [0] run (res://tools/weapon_card_refresh_20260915/check_native.gd:34)
WARNING: Loaded resource as image file, this will not work on export: 'res://assets/art/units/factions/portraits/faction_nbpd_svd.png'. Instead, import the image file as an Image resource and load it normally as a resource.
   at: load_from_file (core/io/image.cpp:2780)
   GDScript backtrace (most recent call first):
       [0] run (res://tools/weapon_card_refresh_20260915/check_native.gd:34)
WARNING: Loaded resource as image file, this will not work on export: 'res://assets/art/units/factions/portraits/faction_nbpd_ssg69.png'. Instead, import the image file as an Image resource and load it normally as a resource.
   at: load_from_file (core/io/image.cpp:2780)
   GDScript backtrace (most recent call first):
       [0] run (res://tools/weapon_card_refresh_20260915/check_native.gd:34)
WARNING: Loaded resource as image file, this will not work on export: 'res://assets/art/units/factions/portraits/faction_nbpd_awm.png'. Instead, import the image file as an Image resource and load it normally as a resource.
   at: load_from_file (core/io/image.cpp:2780)
   GDScript backtrace (most recent call first):
       [0] run (res://tools/weapon_card_refresh_20260915/check_native.gd:34)
WARNING: Loaded resource as image file, this will not work on export: 'res://assets/art/units/factions/portraits/faction_nbpd_psg1.png'. Instead, import the image file as an Image resource and load it normally as a resource.
   at: load_from_file (core/io/image.cpp:2780)
   GDScript backtrace (most recent call first):
       [0] run (res://tools/weapon_card_refresh_20260915/check_native.gd:34)
WARNING: Loaded resource as image file, this will not work on export: 'res://assets/art/units/factions/portraits/faction_mercer44_glock_17.png'. Instead, import the image file as an Image resource and load it normally as a resource.
   at: load_from_file (core/io/image.cpp:2780)
   GDScript backtrace (most recent call first):
       [0] run (res://tools/weapon_card_refresh_20260915/check_native.gd:34)
WARNING: Loaded resource as image file, this will not work on export: 'res://assets/art/units/factions/portraits/faction_mercer44_m1911.png'. Instead, import the image file as an Image resource and load it normally as a resource.
   at: load_from_file (core/io/image.cpp:2780)
   GDScript backtrace (most recent call first):
       [0] run (res://tools/weapon_card_refresh_20260915/check_native.gd:34)
WARNING: Loaded resource as image file, this will not work on export: 'res://assets/art/units/factions/portraits/faction_mercer44_usp.png'. Instead, import the image file as an Image resource and load it normally as a resource.
   at: load_from_file (core/io/image.cpp:2780)
   GDScript backtrace (most recent call first):
       [0] run (res://tools/weapon_card_refresh_20260915/check_native.gd:34)
WARNING: Loaded resource as image file, this will not work on export: 'res://assets/art/units/factions/portraits/faction_mercer44_cz75.png'. Instead, import the image file as an Image resource and load it normally as a resource.
   at: load_from_file (core/io/image.cpp:2780)
   GDScript backtrace (most recent call first):
       [0] run (res://tools/weapon_card_refresh_20260915/check_native.gd:34)
WARNING: Loaded resource as image file, this will not work on export: 'res://assets/art/units/factions/portraits/faction_mercer44_desert_eagle.png'. Instead, import the image file as an Image resource and load it normally as a resource.
   at: load_from_file (core/io/image.cpp:2780)
   GDScript backtrace (most recent call first):
       [0] run (res://tools/weapon_card_refresh_20260915/check_native.gd:34)
WARNING: Loaded resource as image file, this will not work on export: 'res://assets/art/units/factions/portraits/faction_mercer44_five_seven.png'. Instead, import the image file as an Image resource and load it normally as a resource.
   at: load_from_file (core/io/image.cpp:2780)
   GDScript backtrace (most recent call first):
       [0] run (res://tools/weapon_card_refresh_20260915/check_native.gd:34)
WARNING: Loaded resource as image file, this will not work on export: 'res://assets/art/units/factions/portraits/faction_mercer44_uzi.png'. Instead, import the image file as an Image resource and load it normally as a resource.
   at: load_from_file (core/io/image.cpp:2780)
   GDScript backtrace (most recent call first):
       [0] run (res://tools/weapon_card_refresh_20260915/check_native.gd:34)
WARNING: Loaded resource as image file, this will not work on export: 'res://assets/art/units/factions/portraits/faction_mercer44_mac10.png'. Instead, import the image file as an Image resource and load it normally as a resource.
   at: load_from_file (core/io/image.cpp:2780)
   GDScript backtrace (most recent call first):
       [0] run (res://tools/weapon_card_refresh_20260915/check_native.gd:34)
WARNING: Loaded resource as image file, this will not work on export: 'res://assets/art/units/factions/portraits/faction_mercer44_mp5.png'. Instead, import the image file as an Image resource and load it normally as a resource.
   at: load_from_file (core/io/image.cpp:2780)
   GDScript backtrace (most recent call first):
       [0] run (res://tools/weapon_card_refresh_20260915/check_native.gd:34)
WARNING: Loaded resource as image file, this will not work on export: 'res://assets/art/units/factions/portraits/faction_mercer44_mp5k.png'. Instead, import the image file as an Image resource and load it normally as a resource.
   at: load_from_file (core/io/image.cpp:2780)
   GDScript backtrace (most recent call first):
       [0] run (res://tools/weapon_card_refresh_20260915/check_native.gd:34)
WARNING: Loaded resource as image file, this will not work on export: 'res://assets/art/units/factions/portraits/faction_mercer44_vector.png'. Instead, import the image file as an Image resource and load it normally as a resource.
   at: load_from_file (core/io/image.cpp:2780)
   GDScript backtrace (most recent call first):
       [0] run (res://tools/weapon_card_refresh_20260915/check_native.gd:34)
WARNING: Loaded resource as image file, this will not work on export: 'res://assets/art/units/factions/portraits/faction_mercer44_p90.png'. Instead, import the image file as an Image resource and load it normally as a resource.
   at: load_from_file (core/io/image.cpp:2780)
   GDScript backtrace (most recent call first):
       [0] run (res://tools/weapon_card_refresh_20260915/check_native.gd:34)
WARNING: Loaded resource as image file, this will not work on export: 'res://assets/art/units/factions/portraits/faction_mercer44_ak47.png'. Instead, import the image file as an Image resource and load it normally as a resource.
   at: load_from_file (core/io/image.cpp:2780)
   GDScript backtrace (most recent call first):
       [0] run (res://tools/weapon_card_refresh_20260915/check_native.gd:34)
WARNING: Loaded resource as image file, this will not work on export: 'res://assets/art/units/factions/portraits/faction_mercer44_mini14.png'. Instead, import the image file as an Image resource and load it normally as a resource.
   at: load_from_file (core/io/image.cpp:2780)
   GDScript backtrace (most recent call first):
       [0] run (res://tools/weapon_card_refresh_20260915/check_native.gd:34)
WARNING: Loaded resource as image file, this will not work on export: 'res://assets/art/units/factions/portraits/faction_mercer44_m4a1.png'. Instead, import the image file as an Image resource and load it normally as a resource.
   at: load_from_file (core/io/image.cpp:2780)
   GDScript backtrace (most recent call first):
       [0] run (res://tools/weapon_card_refresh_20260915/check_native.gd:34)
WARNING: Loaded resource as image file, this will not work on export: 'res://assets/art/units/factions/portraits/faction_mercer44_g36c.png'. Instead, import the image file as an Image resource and load it normally as a resource.
   at: load_from_file (core/io/image.cpp:2780)
   GDScript backtrace (most recent call first):
       [0] run (res://tools/weapon_card_refresh_20260915/check_native.gd:34)
WARNING: Loaded resource as image file, this will not work on export: 'res://assets/art/units/factions/portraits/faction_mercer44_scar_h.png'. Instead, import the image file as an Image resource and load it normally as a resource.
   at: load_from_file (core/io/image.cpp:2780)
   GDScript backtrace (most recent call first):
       [0] run (res://tools/weapon_card_refresh_20260915/check_native.gd:34)
WARNING: Loaded resource as image file, this will not work on export: 'res://assets/art/units/factions/portraits/faction_mercer44_aug.png'. Instead, import the image file as an Image resource and load it normally as a resource.
   at: load_from_file (core/io/image.cpp:2780)
   GDScript backtrace (most recent call first):
       [0] run (res://tools/weapon_card_refresh_20260915/check_native.gd:34)
WARNING: Loaded resource as image file, this will not work on export: 'res://assets/art/units/factions/portraits/faction_mercer44_rem870.png'. Instead, import the image file as an Image resource and load it normally as a resource.
   at: load_from_file (core/io/image.cpp:2780)
   GDScript backtrace (most recent call first):
       [0] run (res://tools/weapon_card_refresh_20260915/check_native.gd:34)
WARNING: Loaded resource as image file, this will not work on export: 'res://assets/art/units/factions/portraits/faction_mercer44_moss500.png'. Instead, import the image file as an Image resource and load it normally as a resource.
   at: load_from_file (core/io/image.cpp:2780)
   GDScript backtrace (most recent call first):
       [0] run (res://tools/weapon_card_refresh_20260915/check_native.gd:34)
WARNING: Loaded resource as image file, this will not work on export: 'res://assets/art/units/factions/portraits/faction_mercer44_spas12.png'. Instead, import the image file as an Image resource and load it normally as a resource.
   at: load_from_file (core/io/image.cpp:2780)
   GDScript backtrace (most recent call first):
       [0] run (res://tools/weapon_card_refresh_20260915/check_native.gd:34)
WARNING: Loaded resource as image file, this will not work on export: 'res://assets/art/units/factions/portraits/faction_mercer44_benelli_m2.png'. Instead, import the image file as an Image resource and load it normally as a resource.
   at: load_from_file (core/io/image.cpp:2780)
   GDScript backtrace (most recent call first):
       [0] run (res://tools/weapon_card_refresh_20260915/check_native.gd:34)
WARNING: Loaded resource as image file, this will not work on export: 'res://assets/art/units/factions/portraits/faction_mercer44_benelli_m4.png'. Instead, import the image file as an Image resource and load it normally as a resource.
   at: load_from_file (core/io/image.cpp:2780)
   GDScript backtrace (most recent call first):
       [0] run (res://tools/weapon_card_refresh_20260915/check_native.gd:34)
WARNING: Loaded resource as image file, this will not work on export: 'res://assets/art/units/factions/portraits/faction_mercer44_saiga12.png'. Instead, import the image file as an Image resource and load it normally as a resource.
   at: load_from_file (core/io/image.cpp:2780)
   GDScript backtrace (most recent call first):
       [0] run (res://tools/weapon_card_refresh_20260915/check_native.gd:34)
WARNING: Loaded resource as image file, this will not work on export: 'res://assets/art/units/factions/portraits/faction_mercer44_rem700.png'. Instead, import the image file as an Image resource and load it normally as a resource.
   at: load_from_file (core/io/image.cpp:2780)
   GDScript backtrace (most recent call first):
       [0] run (res://tools/weapon_card_refresh_20260915/check_native.gd:34)
WARNING: Loaded resource as image file, this will not work on export: 'res://assets/art/units/factions/portraits/faction_mercer44_sks.png'. Instead, import the image file as an Image resource and load it normally as a resource.
   at: load_from_file (core/io/image.cpp:2780)
   GDScript backtrace (most recent call first):
       [0] run (res://tools/weapon_card_refresh_20260915/check_native.gd:34)
WARNING: Loaded resource as image file, this will not work on export: 'res://assets/art/units/factions/portraits/faction_mercer44_svd.png'. Instead, import the image file as an Image resource and load it normally as a resource.
   at: load_from_file (core/io/image.cpp:2780)
   GDScript backtrace (most recent call first):
       [0] run (res://tools/weapon_card_refresh_20260915/check_native.gd:34)
WARNING: Loaded resource as image file, this will not work on export: 'res://assets/art/units/factions/portraits/faction_mercer44_ssg69.png'. Instead, import the image file as an Image resource and load it normally as a resource.
   at: load_from_file (core/io/image.cpp:2780)
   GDScript backtrace (most recent call first):
       [0] run (res://tools/weapon_card_refresh_20260915/check_native.gd:34)
WARNING: Loaded resource as image file, this will not work on export: 'res://assets/art/units/factions/portraits/faction_mercer44_awm.png'. Instead, import the image file as an Image resource and load it normally as a resource.
   at: load_from_file (core/io/image.cpp:2780)
   GDScript backtrace (most recent call first):
       [0] run (res://tools/weapon_card_refresh_20260915/check_native.gd:34)
WARNING: Loaded resource as image file, this will not work on export: 'res://assets/art/units/factions/portraits/faction_mercer44_psg1.png'. Instead, import the image file as an Image resource and load it normally as a resource.
   at: load_from_file (core/io/image.cpp:2780)
   GDScript backtrace (most recent call first):
       [0] run (res://tools/weapon_card_refresh_20260915/check_native.gd:34)
WARNING: Loaded resource as image file, this will not work on export: 'res://assets/art/units/factions/portraits/faction_wm_corp_glock_17.png'. Instead, import the image file as an Image resource and load it normally as a resource.
   at: load_from_file (core/io/image.cpp:2780)
   GDScript backtrace (most recent call first):
       [0] run (res://tools/weapon_card_refresh_20260915/check_native.gd:34)
WARNING: Loaded resource as image file, this will not work on export: 'res://assets/art/units/factions/portraits/faction_wm_corp_m1911.png'. Instead, import the image file as an Image resource and load it normally as a resource.
   at: load_from_file (core/io/image.cpp:2780)
   GDScript backtrace (most recent call first):
       [0] run (res://tools/weapon_card_refresh_20260915/check_native.gd:34)
WARNING: Loaded resource as image file, this will not work on export: 'res://assets/art/units/factions/portraits/faction_wm_corp_usp.png'. Instead, import the image file as an Image resource and load it normally as a resource.
   at: load_from_file (core/io/image.cpp:2780)
   GDScript backtrace (most recent call first):
       [0] run (res://tools/weapon_card_refresh_20260915/check_native.gd:34)
WARNING: Loaded resource as image file, this will not work on export: 'res://assets/art/units/factions/portraits/faction_wm_corp_cz75.png'. Instead, import the image file as an Image resource and load it normally as a resource.
   at: load_from_file (core/io/image.cpp:2780)
   GDScript backtrace (most recent call first):
       [0] run (res://tools/weapon_card_refresh_20260915/check_native.gd:34)
WARNING: Loaded resource as image file, this will not work on export: 'res://assets/art/units/factions/portraits/faction_wm_corp_desert_eagle.png'. Instead, import the image file as an Image resource and load it normally as a resource.
   at: load_from_file (core/io/image.cpp:2780)
   GDScript backtrace (most recent call first):
       [0] run (res://tools/weapon_card_refresh_20260915/check_native.gd:34)
WARNING: Loaded resource as image file, this will not work on export: 'res://assets/art/units/factions/portraits/faction_wm_corp_five_seven.png'. Instead, import the image file as an Image resource and load it normally as a resource.
   at: load_from_file (core/io/image.cpp:2780)
   GDScript backtrace (most recent call first):
       [0] run (res://tools/weapon_card_refresh_20260915/check_native.gd:34)
WARNING: Loaded resource as image file, this will not work on export: 'res://assets/art/units/factions/portraits/faction_wm_corp_uzi.png'. Instead, import the image file as an Image resource and load it normally as a resource.
   at: load_from_file (core/io/image.cpp:2780)
   GDScript backtrace (most recent call first):
       [0] run (res://tools/weapon_card_refresh_20260915/check_native.gd:34)
WARNING: Loaded resource as image file, this will not work on export: 'res://assets/art/units/factions/portraits/faction_wm_corp_mac10.png'. Instead, import the image file as an Image resource and load it normally as a resource.
   at: load_from_file (core/io/image.cpp:2780)
   GDScript backtrace (most recent call first):
       [0] run (res://tools/weapon_card_refresh_20260915/check_native.gd:34)
WARNING: Loaded resource as image file, this will not work on export: 'res://assets/art/units/factions/portraits/faction_wm_corp_mp5.png'. Instead, import the image file as an Image resource and load it normally as a resource.
   at: load_from_file (core/io/image.cpp:2780)
   GDScript backtrace (most recent call first):
       [0] run (res://tools/weapon_card_refresh_20260915/check_native.gd:34)
WARNING: Loaded resource as image file, this will not work on export: 'res://assets/art/units/factions/portraits/faction_wm_corp_mp5k.png'. Instead, import the image file as an Image resource and load it normally as a resource.
   at: load_from_file (core/io/image.cpp:2780)
   GDScript backtrace (most recent call first):
       [0] run (res://tools/weapon_card_refresh_20260915/check_native.gd:34)
WARNING: Loaded resource as image file, this will not work on export: 'res://assets/art/units/factions/portraits/faction_wm_corp_vector.png'. Instead, import the image file as an Image resource and load it normally as a resource.
   at: load_from_file (core/io/image.cpp:2780)
   GDScript backtrace (most recent call first):
       [0] run (res://tools/weapon_card_refresh_20260915/check_native.gd:34)
WARNING: Loaded resource as image file, this will not work on export: 'res://assets/art/units/factions/portraits/faction_wm_corp_p90.png'. Instead, import the image file as an Image resource and load it normally as a resource.
   at: load_from_file (core/io/image.cpp:2780)
   GDScript backtrace (most recent call first):
       [0] run (res://tools/weapon_card_refresh_20260915/check_native.gd:34)
WARNING: Loaded resource as image file, this will not work on export: 'res://assets/art/units/factions/portraits/faction_wm_corp_ak47.png'. Instead, import the image file as an Image resource and load it normally as a resource.
   at: load_from_file (core/io/image.cpp:2780)
   GDScript backtrace (most recent call first):
       [0] run (res://tools/weapon_card_refresh_20260915/check_native.gd:34)
WARNING: Loaded resource as image file, this will not work on export: 'res://assets/art/units/factions/portraits/faction_wm_corp_mini14.png'. Instead, import the image file as an Image resource and load it normally as a resource.
   at: load_from_file (core/io/image.cpp:2780)
   GDScript backtrace (most recent call first):
       [0] run (res://tools/weapon_card_refresh_20260915/check_native.gd:34)
WARNING: Loaded resource as image file, this will not work on export: 'res://assets/art/units/factions/portraits/faction_wm_corp_m4a1.png'. Instead, import the image file as an Image resource and load it normally as a resource.
   at: load_from_file (core/io/image.cpp:2780)
   GDScript backtrace (most recent call first):
       [0] run (res://tools/weapon_card_refresh_20260915/check_native.gd:34)
WARNING: Loaded resource as image file, this will not work on export: 'res://assets/art/units/factions/portraits/faction_wm_corp_g36c.png'. Instead, import the image file as an Image resource and load it normally as a resource.
   at: load_from_file (core/io/image.cpp:2780)
   GDScript backtrace (most recent call first):
       [0] run (res://tools/weapon_card_refresh_20260915/check_native.gd:34)
WARNING: Loaded resource as image file, this will not work on export: 'res://assets/art/units/factions/portraits/faction_wm_corp_scar_h.png'. Instead, import the image file as an Image resource and load it normally as a resource.
   at: load_from_file (core/io/image.cpp:2780)
   GDScript backtrace (most recent call first):
       [0] run (res://tools/weapon_card_refresh_20260915/check_native.gd:34)
WARNING: Loaded resource as image file, this will not work on export: 'res://assets/art/units/factions/portraits/faction_wm_corp_aug.png'. Instead, import the image file as an Image resource and load it normally as a resource.
   at: load_from_file (core/io/image.cpp:2780)
   GDScript backtrace (most recent call first):
       [0] run (res://tools/weapon_card_refresh_20260915/check_native.gd:34)
WARNING: Loaded resource as image file, this will not work on export: 'res://assets/art/units/factions/portraits/faction_wm_corp_rem870.png'. Instead, import the image file as an Image resource and load it normally as a resource.
   at: load_from_file (core/io/image.cpp:2780)
   GDScript backtrace (most recent call first):
       [0] run (res://tools/weapon_card_refresh_20260915/check_native.gd:34)
WARNING: Loaded resource as image file, this will not work on export: 'res://assets/art/units/factions/portraits/faction_wm_corp_moss500.png'. Instead, import the image file as an Image resource and load it normally as a resource.
   at: load_from_file (core/io/image.cpp:2780)
   GDScript backtrace (most recent call first):
       [0] run (res://tools/weapon_card_refresh_20260915/check_native.gd:34)
WARNING: Loaded resource as image file, this will not work on export: 'res://assets/art/units/factions/portraits/faction_wm_corp_spas12.png'. Instead, import the image file as an Image resource and load it normally as a resource.
   at: load_from_file (core/io/image.cpp:2780)
   GDScript backtrace (most recent call first):
       [0] run (res://tools/weapon_card_refresh_20260915/check_native.gd:34)
WARNING: Loaded resource as image file, this will not work on export: 'res://assets/art/units/factions/portraits/faction_wm_corp_benelli_m2.png'. Instead, import the image file as an Image resource and load it normally as a resource.
   at: load_from_file (core/io/image.cpp:2780)
   GDScript backtrace (most recent call first):
       [0] run (res://tools/weapon_card_refresh_20260915/check_native.gd:34)
WARNING: Loaded resource as image file, this will not work on export: 'res://assets/art/units/factions/portraits/faction_wm_corp_benelli_m4.png'. Instead, import the image file as an Image resource and load it normally as a resource.
   at: load_from_file (core/io/image.cpp:2780)
   GDScript backtrace (most recent call first):
       [0] run (res://tools/weapon_card_refresh_20260915/check_native.gd:34)
WARNING: Loaded resource as image file, this will not work on export: 'res://assets/art/units/factions/portraits/faction_wm_corp_saiga12.png'. Instead, import the image file as an Image resource and load it normally as a resource.
   at: load_from_file (core/io/image.cpp:2780)
   GDScript backtrace (most recent call first):
       [0] run (res://tools/weapon_card_refresh_20260915/check_native.gd:34)
WARNING: Loaded resource as image file, this will not work on export: 'res://assets/art/units/factions/portraits/faction_wm_corp_rem700.png'. Instead, import the image file as an Image resource and load it normally as a resource.
   at: load_from_file (core/io/image.cpp:2780)
   GDScript backtrace (most recent call first):
       [0] run (res://tools/weapon_card_refresh_20260915/check_native.gd:34)
WARNING: Loaded resource as image file, this will not work on export: 'res://assets/art/units/factions/portraits/faction_wm_corp_sks.png'. Instead, import the image file as an Image resource and load it normally as a resource.
   at: load_from_file (core/io/image.cpp:2780)
   GDScript backtrace (most recent call first):
       [0] run (res://tools/weapon_card_refresh_20260915/check_native.gd:34)
WARNING: Loaded resource as image file, this will not work on export: 'res://assets/art/units/factions/portraits/faction_wm_corp_svd.png'. Instead, import the image file as an Image resource and load it normally as a resource.
   at: load_from_file (core/io/image.cpp:2780)
   GDScript backtrace (most recent call first):
       [0] run (res://tools/weapon_card_refresh_20260915/check_native.gd:34)
WARNING: Loaded resource as image file, this will not work on export: 'res://assets/art/units/factions/portraits/faction_wm_corp_ssg69.png'. Instead, import the image file as an Image resource and load it normally as a resource.
   at: load_from_file (core/io/image.cpp:2780)
   GDScript backtrace (most recent call first):
       [0] run (res://tools/weapon_card_refresh_20260915/check_native.gd:34)
WARNING: Loaded resource as image file, this will not work on export: 'res://assets/art/units/factions/portraits/faction_wm_corp_awm.png'. Instead, import the image file as an Image resource and load it normally as a resource.
   at: load_from_file (core/io/image.cpp:2780)
   GDScript backtrace (most recent call first):
       [0] run (res://tools/weapon_card_refresh_20260915/check_native.gd:34)
WARNING: Loaded resource as image file, this will not work on export: 'res://assets/art/units/factions/portraits/faction_wm_corp_psg1.png'. Instead, import the image file as an Image resource and load it normally as a resource.
   at: load_from_file (core/io/image.cpp:2780)
   GDScript backtrace (most recent call first):
       [0] run (res://tools/weapon_card_refresh_20260915/check_native.gd:34)
WARNING: Loaded resource as image file, this will not work on export: 'res://assets/art/units/factions/portraits/faction_union_sur_glock_17.png'. Instead, import the image file as an Image resource and load it normally as a resource.
   at: load_from_file (core/io/image.cpp:2780)
   GDScript backtrace (most recent call first):
       [0] run (res://tools/weapon_card_refresh_20260915/check_native.gd:34)
WARNING: Loaded resource as image file, this will not work on export: 'res://assets/art/units/factions/portraits/faction_union_sur_m1911.png'. Instead, import the image file as an Image resource and load it normally as a resource.
   at: load_from_file (core/io/image.cpp:2780)
   GDScript backtrace (most recent call first):
       [0] run (res://tools/weapon_card_refresh_20260915/check_native.gd:34)
WARNING: Loaded resource as image file, this will not work on export: 'res://assets/art/units/factions/portraits/faction_union_sur_usp.png'. Instead, import the image file as an Image resource and load it normally as a resource.
   at: load_from_file (core/io/image.cpp:2780)
   GDScript backtrace (most recent call first):
       [0] run (res://tools/weapon_card_refresh_20260915/check_native.gd:34)
WARNING: Loaded resource as image file, this will not work on export: 'res://assets/art/units/factions/portraits/faction_union_sur_cz75.png'. Instead, import the image file as an Image resource and load it normally as a resource.
   at: load_from_file (core/io/image.cpp:2780)
   GDScript backtrace (most recent call first):
       [0] run (res://tools/weapon_card_refresh_20260915/check_native.gd:34)
WARNING: Loaded resource as image file, this will not work on export: 'res://assets/art/units/factions/portraits/faction_union_sur_desert_eagle.png'. Instead, import the image file as an Image resource and load it normally as a resource.
   at: load_from_file (core/io/image.cpp:2780)
   GDScript backtrace (most recent call first):
       [0] run (res://tools/weapon_card_refresh_20260915/check_native.gd:34)
WARNING: Loaded resource as image file, this will not work on export: 'res://assets/art/units/factions/portraits/faction_union_sur_five_seven.png'. Instead, import the image file as an Image resource and load it normally as a resource.
   at: load_from_file (core/io/image.cpp:2780)
   GDScript backtrace (most recent call first):
       [0] run (res://tools/weapon_card_refresh_20260915/check_native.gd:34)
WARNING: Loaded resource as image file, this will not work on export: 'res://assets/art/units/factions/portraits/faction_union_sur_uzi.png'. Instead, import the image file as an Image resource and load it normally as a resource.
   at: load_from_file (core/io/image.cpp:2780)
   GDScript backtrace (most recent call first):
       [0] run (res://tools/weapon_card_refresh_20260915/check_native.gd:34)
WARNING: Loaded resource as image file, this will not work on export: 'res://assets/art/units/factions/portraits/faction_union_sur_mac10.png'. Instead, import the image file as an Image resource and load it normally as a resource.
   at: load_from_file (core/io/image.cpp:2780)
   GDScript backtrace (most recent call first):
       [0] run (res://tools/weapon_card_refresh_20260915/check_native.gd:34)
WARNING: Loaded resource as image file, this will not work on export: 'res://assets/art/units/factions/portraits/faction_union_sur_mp5.png'. Instead, import the image file as an Image resource and load it normally as a resource.
   at: load_from_file (core/io/image.cpp:2780)
   GDScript backtrace (most recent call first):
       [0] run (res://tools/weapon_card_refresh_20260915/check_native.gd:34)
WARNING: Loaded resource as image file, this will not work on export: 'res://assets/art/units/factions/portraits/faction_union_sur_mp5k.png'. Instead, import the image file as an Image resource and load it normally as a resource.
   at: load_from_file (core/io/image.cpp:2780)
   GDScript backtrace (most recent call first):
       [0] run (res://tools/weapon_card_refresh_20260915/check_native.gd:34)
WARNING: Loaded resource as image file, this will not work on export: 'res://assets/art/units/factions/portraits/faction_union_sur_vector.png'. Instead, import the image file as an Image resource and load it normally as a resource.
   at: load_from_file (core/io/image.cpp:2780)
   GDScript backtrace (most recent call first):
       [0] run (res://tools/weapon_card_refresh_20260915/check_native.gd:34)
WARNING: Loaded resource as image file, this will not work on export: 'res://assets/art/units/factions/portraits/faction_union_sur_p90.png'. Instead, import the image file as an Image resource and load it normally as a resource.
   at: load_from_file (core/io/image.cpp:2780)
   GDScript backtrace (most recent call first):
       [0] run (res://tools/weapon_card_refresh_20260915/check_native.gd:34)
WARNING: Loaded resource as image file, this will not work on export: 'res://assets/art/units/factions/portraits/faction_union_sur_ak47.png'. Instead, import the image file as an Image resource and load it normally as a resource.
   at: load_from_file (core/io/image.cpp:2780)
   GDScript backtrace (most recent call first):
       [0] run (res://tools/weapon_card_refresh_20260915/check_native.gd:34)
WARNING: Loaded resource as image file, this will not work on export: 'res://assets/art/units/factions/portraits/faction_union_sur_mini14.png'. Instead, import the image file as an Image resource and load it normally as a resource.
   at: load_from_file (core/io/image.cpp:2780)
   GDScript backtrace (most recent call first):
       [0] run (res://tools/weapon_card_refresh_20260915/check_native.gd:34)
WARNING: Loaded resource as image file, this will not work on export: 'res://assets/art/units/factions/portraits/faction_union_sur_m4a1.png'. Instead, import the image file as an Image resource and load it normally as a resource.
   at: load_from_file (core/io/image.cpp:2780)
   GDScript backtrace (most recent call first):
       [0] run (res://tools/weapon_card_refresh_20260915/check_native.gd:34)
WARNING: Loaded resource as image file, this will not work on export: 'res://assets/art/units/factions/portraits/faction_union_sur_g36c.png'. Instead, import the image file as an Image resource and load it normally as a resource.
   at: load_from_file (core/io/image.cpp:2780)
   GDScript backtrace (most recent call first):
       [0] run (res://tools/weapon_card_refresh_20260915/check_native.gd:34)
WARNING: Loaded resource as image file, this will not work on export: 'res://assets/art/units/factions/portraits/faction_union_sur_scar_h.png'. Instead, import the image file as an Image resource and load it normally as a resource.
   at: load_from_file (core/io/image.cpp:2780)
   GDScript backtrace (most recent call first):
       [0] run (res://tools/weapon_card_refresh_20260915/check_native.gd:34)
WARNING: Loaded resource as image file, this will not work on export: 'res://assets/art/units/factions/portraits/faction_union_sur_aug.png'. Instead, import the image file as an Image resource and load it normally as a resource.
   at: load_from_file (core/io/image.cpp:2780)
   GDScript backtrace (most recent call first):
       [0] run (res://tools/weapon_card_refresh_20260915/check_native.gd:34)
WARNING: Loaded resource as image file, this will not work on export: 'res://assets/art/units/factions/portraits/faction_union_sur_rem870.png'. Instead, import the image file as an Image resource and load it normally as a resource.
   at: load_from_file (core/io/image.cpp:2780)
   GDScript backtrace (most recent call first):
       [0] run (res://tools/weapon_card_refresh_20260915/check_native.gd:34)
WARNING: Loaded resource as image file, this will not work on export: 'res://assets/art/units/factions/portraits/faction_union_sur_moss500.png'. Instead, import the image file as an Image resource and load it normally as a resource.
   at: load_from_file (core/io/image.cpp:2780)
   GDScript backtrace (most recent call first):
       [0] run (res://tools/weapon_card_refresh_20260915/check_native.gd:34)
WARNING: Loaded resource as image file, this will not work on export: 'res://assets/art/units/factions/portraits/faction_union_sur_spas12.png'. Instead, import the image file as an Image resource and load it normally as a resource.
   at: load_from_file (core/io/image.cpp:2780)
   GDScript backtrace (most recent call first):
       [0] run (res://tools/weapon_card_refresh_20260915/check_native.gd:34)
WARNING: Loaded resource as image file, this will not work on export: 'res://assets/art/units/factions/portraits/faction_union_sur_benelli_m2.png'. Instead, import the image file as an Image resource and load it normally as a resource.
   at: load_from_file (core/io/image.cpp:2780)
   GDScript backtrace (most recent call first):
       [0] run (res://tools/weapon_card_refresh_20260915/check_native.gd:34)
WARNING: Loaded resource as image file, this will not work on export: 'res://assets/art/units/factions/portraits/faction_union_sur_benelli_m4.png'. Instead, import the image file as an Image resource and load it normally as a resource.
   at: load_from_file (core/io/image.cpp:2780)
   GDScript backtrace (most recent call first):
       [0] run (res://tools/weapon_card_refresh_20260915/check_native.gd:34)
WARNING: Loaded resource as image file, this will not work on export: 'res://assets/art/units/factions/portraits/faction_union_sur_saiga12.png'. Instead, import the image file as an Image resource and load it normally as a resource.
   at: load_from_file (core/io/image.cpp:2780)
   GDScript backtrace (most recent call first):
       [0] run (res://tools/weapon_card_refresh_20260915/check_native.gd:34)
WARNING: Loaded resource as image file, this will not work on export: 'res://assets/art/units/factions/portraits/faction_union_sur_rem700.png'. Instead, import the image file as an Image resource and load it normally as a resource.
   at: load_from_file (core/io/image.cpp:2780)
   GDScript backtrace (most recent call first):
       [0] run (res://tools/weapon_card_refresh_20260915/check_native.gd:34)
WARNING: Loaded resource as image file, this will not work on export: 'res://assets/art/units/factions/portraits/faction_union_sur_sks.png'. Instead, import the image file as an Image resource and load it normally as a resource.
   at: load_from_file (core/io/image.cpp:2780)
   GDScript backtrace (most recent call first):
       [0] run (res://tools/weapon_card_refresh_20260915/check_native.gd:34)
WARNING: Loaded resource as image file, this will not work on export: 'res://assets/art/units/factions/portraits/faction_union_sur_svd.png'. Instead, import the image file as an Image resource and load it normally as a resource.
   at: load_from_file (core/io/image.cpp:2780)
   GDScript backtrace (most recent call first):
       [0] run (res://tools/weapon_card_refresh_20260915/check_native.gd:34)
WARNING: Loaded resource as image file, this will not work on export: 'res://assets/art/units/factions/portraits/faction_union_sur_ssg69.png'. Instead, import the image file as an Image resource and load it normally as a resource.
   at: load_from_file (core/io/image.cpp:2780)
   GDScript backtrace (most recent call first):
       [0] run (res://tools/weapon_card_refresh_20260915/check_native.gd:34)
WARNING: Loaded resource as image file, this will not work on export: 'res://assets/art/units/factions/portraits/faction_union_sur_awm.png'. Instead, import the image file as an Image resource and load it normally as a resource.
   at: load_from_file (core/io/image.cpp:2780)
   GDScript backtrace (most recent call first):
       [0] run (res://tools/weapon_card_refresh_20260915/check_native.gd:34)
WARNING: Loaded resource as image file, this will not work on export: 'res://assets/art/units/factions/portraits/faction_union_sur_psg1.png'. Instead, import the image file as an Image resource and load it normally as a resource.
   at: load_from_file (core/io/image.cpp:2780)
   GDScript backtrace (most recent call first):
       [0] run (res://tools/weapon_card_refresh_20260915/check_native.gd:34)
WARNING: Loaded resource as image file, this will not work on export: 'res://assets/art/units/factions/portraits/faction_lombardia_glock_17.png'. Instead, import the image file as an Image resource and load it normally as a resource.
   at: load_from_file (core/io/image.cpp:2780)
   GDScript backtrace (most recent call first):
       [0] run (res://tools/weapon_card_refresh_20260915/check_native.gd:34)
WARNING: Loaded resource as image file, this will not work on export: 'res://assets/art/units/factions/portraits/faction_lombardia_m1911.png'. Instead, import the image file as an Image resource and load it normally as a resource.
   at: load_from_file (core/io/image.cpp:2780)
   GDScript backtrace (most recent call first):
       [0] run (res://tools/weapon_card_refresh_20260915/check_native.gd:34)
WARNING: Loaded resource as image file, this will not work on export: 'res://assets/art/units/factions/portraits/faction_lombardia_usp.png'. Instead, import the image file as an Image resource and load it normally as a resource.
   at: load_from_file (core/io/image.cpp:2780)
   GDScript backtrace (most recent call first):
       [0] run (res://tools/weapon_card_refresh_20260915/check_native.gd:34)
WARNING: Loaded resource as image file, this will not work on export: 'res://assets/art/units/factions/portraits/faction_lombardia_cz75.png'. Instead, import the image file as an Image resource and load it normally as a resource.
   at: load_from_file (core/io/image.cpp:2780)
   GDScript backtrace (most recent call first):
       [0] run (res://tools/weapon_card_refresh_20260915/check_native.gd:34)
WARNING: Loaded resource as image file, this will not work on export: 'res://assets/art/units/factions/portraits/faction_lombardia_desert_eagle.png'. Instead, import the image file as an Image resource and load it normally as a resource.
   at: load_from_file (core/io/image.cpp:2780)
   GDScript backtrace (most recent call first):
       [0] run (res://tools/weapon_card_refresh_20260915/check_native.gd:34)
WARNING: Loaded resource as image file, this will not work on export: 'res://assets/art/units/factions/portraits/faction_lombardia_five_seven.png'. Instead, import the image file as an Image resource and load it normally as a resource.
   at: load_from_file (core/io/image.cpp:2780)
   GDScript backtrace (most recent call first):
       [0] run (res://tools/weapon_card_refresh_20260915/check_native.gd:34)
WARNING: Loaded resource as image file, this will not work on export: 'res://assets/art/units/factions/portraits/faction_lombardia_uzi.png'. Instead, import the image file as an Image resource and load it normally as a resource.
   at: load_from_file (core/io/image.cpp:2780)
   GDScript backtrace (most recent call first):
       [0] run (res://tools/weapon_card_refresh_20260915/check_native.gd:34)
WARNING: Loaded resource as image file, this will not work on export: 'res://assets/art/units/factions/portraits/faction_lombardia_mac10.png'. Instead, import the image file as an Image resource and load it normally as a resource.
   at: load_from_file (core/io/image.cpp:2780)
   GDScript backtrace (most recent call first):
       [0] run (res://tools/weapon_card_refresh_20260915/check_native.gd:34)
WARNING: Loaded resource as image file, this will not work on export: 'res://assets/art/units/factions/portraits/faction_lombardia_mp5.png'. Instead, import the image file as an Image resource and load it normally as a resource.
   at: load_from_file (core/io/image.cpp:2780)
   GDScript backtrace (most recent call first):
       [0] run (res://tools/weapon_card_refresh_20260915/check_native.gd:34)
WARNING: Loaded resource as image file, this will not work on export: 'res://assets/art/units/factions/portraits/faction_lombardia_mp5k.png'. Instead, import the image file as an Image resource and load it normally as a resource.
   at: load_from_file (core/io/image.cpp:2780)
   GDScript backtrace (most recent call first):
       [0] run (res://tools/weapon_card_refresh_20260915/check_native.gd:34)
WARNING: Loaded resource as image file, this will not work on export: 'res://assets/art/units/factions/portraits/faction_lombardia_vector.png'. Instead, import the image file as an Image resource and load it normally as a resource.
   at: load_from_file (core/io/image.cpp:2780)
   GDScript backtrace (most recent call first):
       [0] run (res://tools/weapon_card_refresh_20260915/check_native.gd:34)
WARNING: Loaded resource as image file, this will not work on export: 'res://assets/art/units/factions/portraits/faction_lombardia_p90.png'. Instead, import the image file as an Image resource and load it normally as a resource.
   at: load_from_file (core/io/image.cpp:2780)
   GDScript backtrace (most recent call first):
       [0] run (res://tools/weapon_card_refresh_20260915/check_native.gd:34)
WARNING: Loaded resource as image file, this will not work on export: 'res://assets/art/units/factions/portraits/faction_lombardia_ak47.png'. Instead, import the image file as an Image resource and load it normally as a resource.
   at: load_from_file (core/io/image.cpp:2780)
   GDScript backtrace (most recent call first):
       [0] run (res://tools/weapon_card_refresh_20260915/check_native.gd:34)
WARNING: Loaded resource as image file, this will not work on export: 'res://assets/art/units/factions/portraits/faction_lombardia_mini14.png'. Instead, import the image file as an Image resource and load it normally as a resource.
   at: load_from_file (core/io/image.cpp:2780)
   GDScript backtrace (most recent call first):
       [0] run (res://tools/weapon_card_refresh_20260915/check_native.gd:34)
WARNING: Loaded resource as image file, this will not work on export: 'res://assets/art/units/factions/portraits/faction_lombardia_m4a1.png'. Instead, import the image file as an Image resource and load it normally as a resource.
   at: load_from_file (core/io/image.cpp:2780)
   GDScript backtrace (most recent call first):
       [0] run (res://tools/weapon_card_refresh_20260915/check_native.gd:34)
WARNING: Loaded resource as image file, this will not work on export: 'res://assets/art/units/factions/portraits/faction_lombardia_g36c.png'. Instead, import the image file as an Image resource and load it normally as a resource.
   at: load_from_file (core/io/image.cpp:2780)
   GDScript backtrace (most recent call first):
       [0] run (res://tools/weapon_card_refresh_20260915/check_native.gd:34)
WARNING: Loaded resource as image file, this will not work on export: 'res://assets/art/units/factions/portraits/faction_lombardia_scar_h.png'. Instead, import the image file as an Image resource and load it normally as a resource.
   at: load_from_file (core/io/image.cpp:2780)
   GDScript backtrace (most recent call first):
       [0] run (res://tools/weapon_card_refresh_20260915/check_native.gd:34)
WARNING: Loaded resource as image file, this will not work on export: 'res://assets/art/units/factions/portraits/faction_lombardia_aug.png'. Instead, import the image file as an Image resource and load it normally as a resource.
   at: load_from_file (core/io/image.cpp:2780)
   GDScript backtrace (most recent call first):
       [0] run (res://tools/weapon_card_refresh_20260915/check_native.gd:34)
WARNING: Loaded resource as image file, this will not work on export: 'res://assets/art/units/factions/portraits/faction_lombardia_rem870.png'. Instead, import the image file as an Image resource and load it normally as a resource.
   at: load_from_file (core/io/image.cpp:2780)
   GDScript backtrace (most recent call first):
       [0] run (res://tools/weapon_card_refresh_20260915/check_native.gd:34)
WARNING: Loaded resource as image file, this will not work on export: 'res://assets/art/units/factions/portraits/faction_lombardia_moss500.png'. Instead, import the image file as an Image resource and load it normally as a resource.
   at: load_from_file (core/io/image.cpp:2780)
   GDScript backtrace (most recent call first):
       [0] run (res://tools/weapon_card_refresh_20260915/check_native.gd:34)
WARNING: Loaded resource as image file, this will not work on export: 'res://assets/art/units/factions/portraits/faction_lombardia_spas12.png'. Instead, import the image file as an Image resource and load it normally as a resource.
   at: load_from_file (core/io/image.cpp:2780)
   GDScript backtrace (most recent call first):
       [0] run (res://tools/weapon_card_refresh_20260915/check_native.gd:34)
WARNING: Loaded resource as image file, this will not work on export: 'res://assets/art/units/factions/portraits/faction_lombardia_benelli_m2.png'. Instead, import the image file as an Image resource and load it normally as a resource.
   at: load_from_file (core/io/image.cpp:2780)
   GDScript backtrace (most recent call first):
       [0] run (res://tools/weapon_card_refresh_20260915/check_native.gd:34)
WARNING: Loaded resource as image file, this will not work on export: 'res://assets/art/units/factions/portraits/faction_lombardia_benelli_m4.png'. Instead, import the image file as an Image resource and load it normally as a resource.
   at: load_from_file (core/io/image.cpp:2780)
   GDScript backtrace (most recent call first):
       [0] run (res://tools/weapon_card_refresh_20260915/check_native.gd:34)
WARNING: Loaded resource as image file, this will not work on export: 'res://assets/art/units/factions/portraits/faction_lombardia_saiga12.png'. Instead, import the image file as an Image resource and load it normally as a resource.
   at: load_from_file (core/io/image.cpp:2780)
   GDScript backtrace (most recent call first):
       [0] run (res://tools/weapon_card_refresh_20260915/check_native.gd:34)
WARNING: Loaded resource as image file, this will not work on export: 'res://assets/art/units/factions/portraits/faction_lombardia_rem700.png'. Instead, import the image file as an Image resource and load it normally as a resource.
   at: load_from_file (core/io/image.cpp:2780)
   GDScript backtrace (most recent call first):
       [0] run (res://tools/weapon_card_refresh_20260915/check_native.gd:34)
WARNING: Loaded resource as image file, this will not work on export: 'res://assets/art/units/factions/portraits/faction_lombardia_sks.png'. Instead, import the image file as an Image resource and load it normally as a resource.
   at: load_from_file (core/io/image.cpp:2780)
   GDScript backtrace (most recent call first):
       [0] run (res://tools/weapon_card_refresh_20260915/check_native.gd:34)
WARNING: Loaded resource as image file, this will not work on export: 'res://assets/art/units/factions/portraits/faction_lombardia_svd.png'. Instead, import the image file as an Image resource and load it normally as a resource.
   at: load_from_file (core/io/image.cpp:2780)
   GDScript backtrace (most recent call first):
       [0] run (res://tools/weapon_card_refresh_20260915/check_native.gd:34)
WARNING: Loaded resource as image file, this will not work on export: 'res://assets/art/units/factions/portraits/faction_lombardia_ssg69.png'. Instead, import the image file as an Image resource and load it normally as a resource.
   at: load_from_file (core/io/image.cpp:2780)
   GDScript backtrace (most recent call first):
       [0] run (res://tools/weapon_card_refresh_20260915/check_native.gd:34)
WARNING: Loaded resource as image file, this will not work on export: 'res://assets/art/units/factions/portraits/faction_lombardia_awm.png'. Instead, import the image file as an Image resource and load it normally as a resource.
   at: load_from_file (core/io/image.cpp:2780)
   GDScript backtrace (most recent call first):
       [0] run (res://tools/weapon_card_refresh_20260915/check_native.gd:34)
WARNING: Loaded resource as image file, this will not work on export: 'res://assets/art/units/factions/portraits/faction_lombardia_psg1.png'. Instead, import the image file as an Image resource and load it normally as a resource.
   at: load_from_file (core/io/image.cpp:2780)
   GDScript backtrace (most recent call first):
       [0] run (res://tools/weapon_card_refresh_20260915/check_native.gd:34)
WARNING: Loaded resource as image file, this will not work on export: 'res://assets/art/units/factions/portraits/faction_sand_raiders_glock_17.png'. Instead, import the image file as an Image resource and load it normally as a resource.
   at: load_from_file (core/io/image.cpp:2780)
   GDScript backtrace (most recent call first):
       [0] run (res://tools/weapon_card_refresh_20260915/check_native.gd:34)
WARNING: Loaded resource as image file, this will not work on export: 'res://assets/art/units/factions/portraits/faction_sand_raiders_m1911.png'. Instead, import the image file as an Image resource and load it normally as a resource.
   at: load_from_file (core/io/image.cpp:2780)
   GDScript backtrace (most recent call first):
       [0] run (res://tools/weapon_card_refresh_20260915/check_native.gd:34)
WARNING: Loaded resource as image file, this will not work on export: 'res://assets/art/units/factions/portraits/faction_sand_raiders_usp.png'. Instead, import the image file as an Image resource and load it normally as a resource.
   at: load_from_file (core/io/image.cpp:2780)
   GDScript backtrace (most recent call first):
       [0] run (res://tools/weapon_card_refresh_20260915/check_native.gd:34)
WARNING: Loaded resource as image file, this will not work on export: 'res://assets/art/units/factions/portraits/faction_sand_raiders_cz75.png'. Instead, import the image file as an Image resource and load it normally as a resource.
   at: load_from_file (core/io/image.cpp:2780)
   GDScript backtrace (most recent call first):
       [0] run (res://tools/weapon_card_refresh_20260915/check_native.gd:34)
WARNING: Loaded resource as image file, this will not work on export: 'res://assets/art/units/factions/portraits/faction_sand_raiders_desert_eagle.png'. Instead, import the image file as an Image resource and load it normally as a resource.
   at: load_from_file (core/io/image.cpp:2780)
   GDScript backtrace (most recent call first):
       [0] run (res://tools/weapon_card_refresh_20260915/check_native.gd:34)
WARNING: Loaded resource as image file, this will not work on export: 'res://assets/art/units/factions/portraits/faction_sand_raiders_five_seven.png'. Instead, import the image file as an Image resource and load it normally as a resource.
   at: load_from_file (core/io/image.cpp:2780)
   GDScript backtrace (most recent call first):
       [0] run (res://tools/weapon_card_refresh_20260915/check_native.gd:34)
WARNING: Loaded resource as image file, this will not work on export: 'res://assets/art/units/factions/portraits/faction_sand_raiders_uzi.png'. Instead, import the image file as an Image resource and load it normally as a resource.
   at: load_from_file (core/io/image.cpp:2780)
   GDScript backtrace (most recent call first):
       [0] run (res://tools/weapon_card_refresh_20260915/check_native.gd:34)
WARNING: Loaded resource as image file, this will not work on export: 'res://assets/art/units/factions/portraits/faction_sand_raiders_mac10.png'. Instead, import the image file as an Image resource and load it normally as a resource.
   at: load_from_file (core/io/image.cpp:2780)
   GDScript backtrace (most recent call first):
       [0] run (res://tools/weapon_card_refresh_20260915/check_native.gd:34)
WARNING: Loaded resource as image file, this will not work on export: 'res://assets/art/units/factions/portraits/faction_sand_raiders_mp5.png'. Instead, import the image file as an Image resource and load it normally as a resource.
   at: load_from_file (core/io/image.cpp:2780)
   GDScript backtrace (most recent call first):
       [0] run (res://tools/weapon_card_refresh_20260915/check_native.gd:34)
WARNING: Loaded resource as image file, this will not work on export: 'res://assets/art/units/factions/portraits/faction_sand_raiders_mp5k.png'. Instead, import the image file as an Image resource and load it normally as a resource.
   at: load_from_file (core/io/image.cpp:2780)
   GDScript backtrace (most recent call first):
       [0] run (res://tools/weapon_card_refresh_20260915/check_native.gd:34)
WARNING: Loaded resource as image file, this will not work on export: 'res://assets/art/units/factions/portraits/faction_sand_raiders_vector.png'. Instead, import the image file as an Image resource and load it normally as a resource.
   at: load_from_file (core/io/image.cpp:2780)
   GDScript backtrace (most recent call first):
       [0] run (res://tools/weapon_card_refresh_20260915/check_native.gd:34)
WARNING: Loaded resource as image file, this will not work on export: 'res://assets/art/units/factions/portraits/faction_sand_raiders_p90.png'. Instead, import the image file as an Image resource and load it normally as a resource.
   at: load_from_file (core/io/image.cpp:2780)
   GDScript backtrace (most recent call first):
       [0] run (res://tools/weapon_card_refresh_20260915/check_native.gd:34)
WARNING: Loaded resource as image file, this will not work on export: 'res://assets/art/units/factions/portraits/faction_sand_raiders_ak47.png'. Instead, import the image file as an Image resource and load it normally as a resource.
   at: load_from_file (core/io/image.cpp:2780)
   GDScript backtrace (most recent call first):
       [0] run (res://tools/weapon_card_refresh_20260915/check_native.gd:34)
WARNING: Loaded resource as image file, this will not work on export: 'res://assets/art/units/factions/portraits/faction_sand_raiders_mini14.png'. Instead, import the image file as an Image resource and load it normally as a resource.
   at: load_from_file (core/io/image.cpp:2780)
   GDScript backtrace (most recent call first):
       [0] run (res://tools/weapon_card_refresh_20260915/check_native.gd:34)
WARNING: Loaded resource as image file, this will not work on export: 'res://assets/art/units/factions/portraits/faction_sand_raiders_m4a1.png'. Instead, import the image file as an Image resource and load it normally as a resource.
   at: load_from_file (core/io/image.cpp:2780)
   GDScript backtrace (most recent call first):
       [0] run (res://tools/weapon_card_refresh_20260915/check_native.gd:34)
WARNING: Loaded resource as image file, this will not work on export: 'res://assets/art/units/factions/portraits/faction_sand_raiders_g36c.png'. Instead, import the image file as an Image resource and load it normally as a resource.
   at: load_from_file (core/io/image.cpp:2780)
   GDScript backtrace (most recent call first):
       [0] run (res://tools/weapon_card_refresh_20260915/check_native.gd:34)
WARNING: Loaded resource as image file, this will not work on export: 'res://assets/art/units/factions/portraits/faction_sand_raiders_scar_h.png'. Instead, import the image file as an Image resource and load it normally as a resource.
   at: load_from_file (core/io/image.cpp:2780)
   GDScript backtrace (most recent call first):
       [0] run (res://tools/weapon_card_refresh_20260915/check_native.gd:34)
WARNING: Loaded resource as image file, this will not work on export: 'res://assets/art/units/factions/portraits/faction_sand_raiders_aug.png'. Instead, import the image file as an Image resource and load it normally as a resource.
   at: load_from_file (core/io/image.cpp:2780)
   GDScript backtrace (most recent call first):
       [0] run (res://tools/weapon_card_refresh_20260915/check_native.gd:34)
WARNING: Loaded resource as image file, this will not work on export: 'res://assets/art/units/factions/portraits/faction_sand_raiders_rem870.png'. Instead, import the image file as an Image resource and load it normally as a resource.
   at: load_from_file (core/io/image.cpp:2780)
   GDScript backtrace (most recent call first):
       [0] run (res://tools/weapon_card_refresh_20260915/check_native.gd:34)
WARNING: Loaded resource as image file, this will not work on export: 'res://assets/art/units/factions/portraits/faction_sand_raiders_moss500.png'. Instead, import the image file as an Image resource and load it normally as a resource.
   at: load_from_file (core/io/image.cpp:2780)
   GDScript backtrace (most recent call first):
       [0] run (res://tools/weapon_card_refresh_20260915/check_native.gd:34)
WARNING: Loaded resource as image file, this will not work on export: 'res://assets/art/units/factions/portraits/faction_sand_raiders_spas12.png'. Instead, import the image file as an Image resource and load it normally as a resource.
   at: load_from_file (core/io/image.cpp:2780)
   GDScript backtrace (most recent call first):
       [0] run (res://tools/weapon_card_refresh_20260915/check_native.gd:34)
WARNING: Loaded resource as image file, this will not work on export: 'res://assets/art/units/factions/portraits/faction_sand_raiders_benelli_m2.png'. Instead, import the image file as an Image resource and load it normally as a resource.
   at: load_from_file (core/io/image.cpp:2780)
   GDScript backtrace (most recent call first):
       [0] run (res://tools/weapon_card_refresh_20260915/check_native.gd:34)
WARNING: Loaded resource as image file, this will not work on export: 'res://assets/art/units/factions/portraits/faction_sand_raiders_benelli_m4.png'. Instead, import the image file as an Image resource and load it normally as a resource.
   at: load_from_file (core/io/image.cpp:2780)
   GDScript backtrace (most recent call first):
       [0] run (res://tools/weapon_card_refresh_20260915/check_native.gd:34)
WARNING: Loaded resource as image file, this will not work on export: 'res://assets/art/units/factions/portraits/faction_sand_raiders_saiga12.png'. Instead, import the image file as an Image resource and load it normally as a resource.
   at: load_from_file (core/io/image.cpp:2780)
   GDScript backtrace (most recent call first):
       [0] run (res://tools/weapon_card_refresh_20260915/check_native.gd:34)
WARNING: Loaded resource as image file, this will not work on export: 'res://assets/art/units/factions/portraits/faction_sand_raiders_rem700.png'. Instead, import the image file as an Image resource and load it normally as a resource.
   at: load_from_file (core/io/image.cpp:2780)
   GDScript backtrace (most recent call first):
       [0] run (res://tools/weapon_card_refresh_20260915/check_native.gd:34)
WARNING: Loaded resource as image file, this will not work on export: 'res://assets/art/units/factions/portraits/faction_sand_raiders_sks.png'. Instead, import the image file as an Image resource and load it normally as a resource.
   at: load_from_file (core/io/image.cpp:2780)
   GDScript backtrace (most recent call first):
       [0] run (res://tools/weapon_card_refresh_20260915/check_native.gd:34)
WARNING: Loaded resource as image file, this will not work on export: 'res://assets/art/units/factions/portraits/faction_sand_raiders_svd.png'. Instead, import the image file as an Image resource and load it normally as a resource.
   at: load_from_file (core/io/image.cpp:2780)
   GDScript backtrace (most recent call first):
       [0] run (res://tools/weapon_card_refresh_20260915/check_native.gd:34)
WARNING: Loaded resource as image file, this will not work on export: 'res://assets/art/units/factions/portraits/faction_sand_raiders_ssg69.png'. Instead, import the image file as an Image resource and load it normally as a resource.
   at: load_from_file (core/io/image.cpp:2780)
   GDScript backtrace (most recent call first):
       [0] run (res://tools/weapon_card_refresh_20260915/check_native.gd:34)
WARNING: Loaded resource as image file, this will not work on export: 'res://assets/art/units/factions/portraits/faction_sand_raiders_awm.png'. Instead, import the image file as an Image resource and load it normally as a resource.
   at: load_from_file (core/io/image.cpp:2780)
   GDScript backtrace (most recent call first):
       [0] run (res://tools/weapon_card_refresh_20260915/check_native.gd:34)
WARNING: Loaded resource as image file, this will not work on export: 'res://assets/art/units/factions/portraits/faction_sand_raiders_psg1.png'. Instead, import the image file as an Image resource and load it normally as a resource.
   at: load_from_file (core/io/image.cpp:2780)
   GDScript backtrace (most recent call first):
       [0] run (res://tools/weapon_card_refresh_20260915/check_native.gd:34)
WARNING: Loaded resource as image file, this will not work on export: 'res://assets/art/units/factions/portraits/faction_saffar_glock_17.png'. Instead, import the image file as an Image resource and load it normally as a resource.
   at: load_from_file (core/io/image.cpp:2780)
   GDScript backtrace (most recent call first):
       [0] run (res://tools/weapon_card_refresh_20260915/check_native.gd:34)
WARNING: Loaded resource as image file, this will not work on export: 'res://assets/art/units/factions/portraits/faction_saffar_m1911.png'. Instead, import the image file as an Image resource and load it normally as a resource.
   at: load_from_file (core/io/image.cpp:2780)
   GDScript backtrace (most recent call first):
       [0] run (res://tools/weapon_card_refresh_20260915/check_native.gd:34)
WARNING: Loaded resource as image file, this will not work on export: 'res://assets/art/units/factions/portraits/faction_saffar_usp.png'. Instead, import the image file as an Image resource and load it normally as a resource.
   at: load_from_file (core/io/image.cpp:2780)
   GDScript backtrace (most recent call first):
       [0] run (res://tools/weapon_card_refresh_20260915/check_native.gd:34)
WARNING: Loaded resource as image file, this will not work on export: 'res://assets/art/units/factions/portraits/faction_saffar_cz75.png'. Instead, import the image file as an Image resource and load it normally as a resource.
   at: load_from_file (core/io/image.cpp:2780)
   GDScript backtrace (most recent call first):
       [0] run (res://tools/weapon_card_refresh_20260915/check_native.gd:34)
WARNING: Loaded resource as image file, this will not work on export: 'res://assets/art/units/factions/portraits/faction_saffar_desert_eagle.png'. Instead, import the image file as an Image resource and load it normally as a resource.
   at: load_from_file (core/io/image.cpp:2780)
   GDScript backtrace (most recent call first):
       [0] run (res://tools/weapon_card_refresh_20260915/check_native.gd:34)
WARNING: Loaded resource as image file, this will not work on export: 'res://assets/art/units/factions/portraits/faction_saffar_five_seven.png'. Instead, import the image file as an Image resource and load it normally as a resource.
   at: load_from_file (core/io/image.cpp:2780)
   GDScript backtrace (most recent call first):
       [0] run (res://tools/weapon_card_refresh_20260915/check_native.gd:34)
WARNING: Loaded resource as image file, this will not work on export: 'res://assets/art/units/factions/portraits/faction_saffar_uzi.png'. Instead, import the image file as an Image resource and load it normally as a resource.
   at: load_from_file (core/io/image.cpp:2780)
   GDScript backtrace (most recent call first):
       [0] run (res://tools/weapon_card_refresh_20260915/check_native.gd:34)
WARNING: Loaded resource as image file, this will not work on export: 'res://assets/art/units/factions/portraits/faction_saffar_mac10.png'. Instead, import the image file as an Image resource and load it normally as a resource.
   at: load_from_file (core/io/image.cpp:2780)
   GDScript backtrace (most recent call first):
       [0] run (res://tools/weapon_card_refresh_20260915/check_native.gd:34)
WARNING: Loaded resource as image file, this will not work on export: 'res://assets/art/units/factions/portraits/faction_saffar_mp5.png'. Instead, import the image file as an Image resource and load it normally as a resource.
   at: load_from_file (core/io/image.cpp:2780)
   GDScript backtrace (most recent call first):
       [0] run (res://tools/weapon_card_refresh_20260915/check_native.gd:34)
WARNING: Loaded resource as image file, this will not work on export: 'res://assets/art/units/factions/portraits/faction_saffar_mp5k.png'. Instead, import the image file as an Image resource and load it normally as a resource.
   at: load_from_file (core/io/image.cpp:2780)
   GDScript backtrace (most recent call first):
       [0] run (res://tools/weapon_card_refresh_20260915/check_native.gd:34)
WARNING: Loaded resource as image file, this will not work on export: 'res://assets/art/units/factions/portraits/faction_saffar_vector.png'. Instead, import the image file as an Image resource and load it normally as a resource.
   at: load_from_file (core/io/image.cpp:2780)
   GDScript backtrace (most recent call first):
       [0] run (res://tools/weapon_card_refresh_20260915/check_native.gd:34)
WARNING: Loaded resource as image file, this will not work on export: 'res://assets/art/units/factions/portraits/faction_saffar_p90.png'. Instead, import the image file as an Image resource and load it normally as a resource.
   at: load_from_file (core/io/image.cpp:2780)
   GDScript backtrace (most recent call first):
       [0] run (res://tools/weapon_card_refresh_20260915/check_native.gd:34)
WARNING: Loaded resource as image file, this will not work on export: 'res://assets/art/units/factions/portraits/faction_saffar_ak47.png'. Instead, import the image file as an Image resource and load it normally as a resource.
   at: load_from_file (core/io/image.cpp:2780)
   GDScript backtrace (most recent call first):
       [0] run (res://tools/weapon_card_refresh_20260915/check_native.gd:34)
WARNING: Loaded resource as image file, this will not work on export: 'res://assets/art/units/factions/portraits/faction_saffar_mini14.png'. Instead, import the image file as an Image resource and load it normally as a resource.
   at: load_from_file (core/io/image.cpp:2780)
   GDScript backtrace (most recent call first):
       [0] run (res://tools/weapon_card_refresh_20260915/check_native.gd:34)
WARNING: Loaded resource as image file, this will not work on export: 'res://assets/art/units/factions/portraits/faction_saffar_m4a1.png'. Instead, import the image file as an Image resource and load it normally as a resource.
   at: load_from_file (core/io/image.cpp:2780)
   GDScript backtrace (most recent call first):
       [0] run (res://tools/weapon_card_refresh_20260915/check_native.gd:34)
WARNING: Loaded resource as image file, this will not work on export: 'res://assets/art/units/factions/portraits/faction_saffar_g36c.png'. Instead, import the image file as an Image resource and load it normally as a resource.
   at: load_from_file (core/io/image.cpp:2780)
   GDScript backtrace (most recent call first):
       [0] run (res://tools/weapon_card_refresh_20260915/check_native.gd:34)
WARNING: Loaded resource as image file, this will not work on export: 'res://assets/art/units/factions/portraits/faction_saffar_scar_h.png'. Instead, import the image file as an Image resource and load it normally as a resource.
   at: load_from_file (core/io/image.cpp:2780)
   GDScript backtrace (most recent call first):
       [0] run (res://tools/weapon_card_refresh_20260915/check_native.gd:34)
WARNING: Loaded resource as image file, this will not work on export: 'res://assets/art/units/factions/portraits/faction_saffar_aug.png'. Instead, import the image file as an Image resource and load it normally as a resource.
   at: load_from_file (core/io/image.cpp:2780)
   GDScript backtrace (most recent call first):
       [0] run (res://tools/weapon_card_refresh_20260915/check_native.gd:34)
WARNING: Loaded resource as image file, this will not work on export: 'res://assets/art/units/factions/portraits/faction_saffar_rem870.png'. Instead, import the image file as an Image resource and load it normally as a resource.
   at: load_from_file (core/io/image.cpp:2780)
   GDScript backtrace (most recent call first):
       [0] run (res://tools/weapon_card_refresh_20260915/check_native.gd:34)
WARNING: Loaded resource as image file, this will not work on export: 'res://assets/art/units/factions/portraits/faction_saffar_moss500.png'. Instead, import the image file as an Image resource and load it normally as a resource.
   at: load_from_file (core/io/image.cpp:2780)
   GDScript backtrace (most recent call first):
       [0] run (res://tools/weapon_card_refresh_20260915/check_native.gd:34)
WARNING: Loaded resource as image file, this will not work on export: 'res://assets/art/units/factions/portraits/faction_saffar_spas12.png'. Instead, import the image file as an Image resource and load it normally as a resource.
   at: load_from_file (core/io/image.cpp:2780)
   GDScript backtrace (most recent call first):
       [0] run (res://tools/weapon_card_refresh_20260915/check_native.gd:34)
WARNING: Loaded resource as image file, this will not work on export: 'res://assets/art/units/factions/portraits/faction_saffar_benelli_m2.png'. Instead, import the image file as an Image resource and load it normally as a resource.
   at: load_from_file (core/io/image.cpp:2780)
   GDScript backtrace (most recent call first):
       [0] run (res://tools/weapon_card_refresh_20260915/check_native.gd:34)
WARNING: Loaded resource as image file, this will not work on export: 'res://assets/art/units/factions/portraits/faction_saffar_benelli_m4.png'. Instead, import the image file as an Image resource and load it normally as a resource.
   at: load_from_file (core/io/image.cpp:2780)
   GDScript backtrace (most recent call first):
       [0] run (res://tools/weapon_card_refresh_20260915/check_native.gd:34)
WARNING: Loaded resource as image file, this will not work on export: 'res://assets/art/units/factions/portraits/faction_saffar_saiga12.png'. Instead, import the image file as an Image resource and load it normally as a resource.
   at: load_from_file (core/io/image.cpp:2780)
   GDScript backtrace (most recent call first):
       [0] run (res://tools/weapon_card_refresh_20260915/check_native.gd:34)
WARNING: Loaded resource as image file, this will not work on export: 'res://assets/art/units/factions/portraits/faction_saffar_rem700.png'. Instead, import the image file as an Image resource and load it normally as a resource.
   at: load_from_file (core/io/image.cpp:2780)
   GDScript backtrace (most recent call first):
       [0] run (res://tools/weapon_card_refresh_20260915/check_native.gd:34)
WARNING: Loaded resource as image file, this will not work on export: 'res://assets/art/units/factions/portraits/faction_saffar_sks.png'. Instead, import the image file as an Image resource and load it normally as a resource.
   at: load_from_file (core/io/image.cpp:2780)
   GDScript backtrace (most recent call first):
       [0] run (res://tools/weapon_card_refresh_20260915/check_native.gd:34)
WARNING: Loaded resource as image file, this will not work on export: 'res://assets/art/units/factions/portraits/faction_saffar_svd.png'. Instead, import the image file as an Image resource and load it normally as a resource.
   at: load_from_file (core/io/image.cpp:2780)
   GDScript backtrace (most recent call first):
       [0] run (res://tools/weapon_card_refresh_20260915/check_native.gd:34)
WARNING: Loaded resource as image file, this will not work on export: 'res://assets/art/units/factions/portraits/faction_saffar_ssg69.png'. Instead, import the image file as an Image resource and load it normally as a resource.
   at: load_from_file (core/io/image.cpp:2780)
   GDScript backtrace (most recent call first):
       [0] run (res://tools/weapon_card_refresh_20260915/check_native.gd:34)
WARNING: Loaded resource as image file, this will not work on export: 'res://assets/art/units/factions/portraits/faction_saffar_awm.png'. Instead, import the image file as an Image resource and load it normally as a resource.
   at: load_from_file (core/io/image.cpp:2780)
   GDScript backtrace (most recent call first):
       [0] run (res://tools/weapon_card_refresh_20260915/check_native.gd:34)
WARNING: Loaded resource as image file, this will not work on export: 'res://assets/art/units/factions/portraits/faction_saffar_psg1.png'. Instead, import the image file as an Image resource and load it normally as a resource.
   at: load_from_file (core/io/image.cpp:2780)
   GDScript backtrace (most recent call first):
       [0] run (res://tools/weapon_card_refresh_20260915/check_native.gd:34)
WARNING: Loaded resource as image file, this will not work on export: 'res://assets/art/units/factions/portraits/faction_kurgan_glock_17.png'. Instead, import the image file as an Image resource and load it normally as a resource.
   at: load_from_file (core/io/image.cpp:2780)
   GDScript backtrace (most recent call first):
       [0] run (res://tools/weapon_card_refresh_20260915/check_native.gd:34)
WARNING: Loaded resource as image file, this will not work on export: 'res://assets/art/units/factions/portraits/faction_kurgan_m1911.png'. Instead, import the image file as an Image resource and load it normally as a resource.
   at: load_from_file (core/io/image.cpp:2780)
   GDScript backtrace (most recent call first):
       [0] run (res://tools/weapon_card_refresh_20260915/check_native.gd:34)
WARNING: Loaded resource as image file, this will not work on export: 'res://assets/art/units/factions/portraits/faction_kurgan_usp.png'. Instead, import the image file as an Image resource and load it normally as a resource.
   at: load_from_file (core/io/image.cpp:2780)
   GDScript backtrace (most recent call first):
       [0] run (res://tools/weapon_card_refresh_20260915/check_native.gd:34)
WARNING: Loaded resource as image file, this will not work on export: 'res://assets/art/units/factions/portraits/faction_kurgan_cz75.png'. Instead, import the image file as an Image resource and load it normally as a resource.
   at: load_from_file (core/io/image.cpp:2780)
   GDScript backtrace (most recent call first):
       [0] run (res://tools/weapon_card_refresh_20260915/check_native.gd:34)
WARNING: Loaded resource as image file, this will not work on export: 'res://assets/art/units/factions/portraits/faction_kurgan_desert_eagle.png'. Instead, import the image file as an Image resource and load it normally as a resource.
   at: load_from_file (core/io/image.cpp:2780)
   GDScript backtrace (most recent call first):
       [0] run (res://tools/weapon_card_refresh_20260915/check_native.gd:34)
WARNING: Loaded resource as image file, this will not work on export: 'res://assets/art/units/factions/portraits/faction_kurgan_five_seven.png'. Instead, import the image file as an Image resource and load it normally as a resource.
   at: load_from_file (core/io/image.cpp:2780)
   GDScript backtrace (most recent call first):
       [0] run (res://tools/weapon_card_refresh_20260915/check_native.gd:34)
WARNING: Loaded resource as image file, this will not work on export: 'res://assets/art/units/factions/portraits/faction_kurgan_uzi.png'. Instead, import the image file as an Image resource and load it normally as a resource.
   at: load_from_file (core/io/image.cpp:2780)
   GDScript backtrace (most recent call first):
       [0] run (res://tools/weapon_card_refresh_20260915/check_native.gd:34)
WARNING: Loaded resource as image file, this will not work on export: 'res://assets/art/units/factions/portraits/faction_kurgan_mac10.png'. Instead, import the image file as an Image resource and load it normally as a resource.
   at: load_from_file (core/io/image.cpp:2780)
   GDScript backtrace (most recent call first):
       [0] run (res://tools/weapon_card_refresh_20260915/check_native.gd:34)
WARNING: Loaded resource as image file, this will not work on export: 'res://assets/art/units/factions/portraits/faction_kurgan_mp5.png'. Instead, import the image file as an Image resource and load it normally as a resource.
   at: load_from_file (core/io/image.cpp:2780)
   GDScript backtrace (most recent call first):
       [0] run (res://tools/weapon_card_refresh_20260915/check_native.gd:34)
WARNING: Loaded resource as image file, this will not work on export: 'res://assets/art/units/factions/portraits/faction_kurgan_mp5k.png'. Instead, import the image file as an Image resource and load it normally as a resource.
   at: load_from_file (core/io/image.cpp:2780)
   GDScript backtrace (most recent call first):
       [0] run (res://tools/weapon_card_refresh_20260915/check_native.gd:34)
WARNING: Loaded resource as image file, this will not work on export: 'res://assets/art/units/factions/portraits/faction_kurgan_vector.png'. Instead, import the image file as an Image resource and load it normally as a resource.
   at: load_from_file (core/io/image.cpp:2780)
   GDScript backtrace (most recent call first):
       [0] run (res://tools/weapon_card_refresh_20260915/check_native.gd:34)
WARNING: Loaded resource as image file, this will not work on export: 'res://assets/art/units/factions/portraits/faction_kurgan_p90.png'. Instead, import the image file as an Image resource and load it normally as a resource.
   at: load_from_file (core/io/image.cpp:2780)
   GDScript backtrace (most recent call first):
       [0] run (res://tools/weapon_card_refresh_20260915/check_native.gd:34)
WARNING: Loaded resource as image file, this will not work on export: 'res://assets/art/units/factions/portraits/faction_kurgan_ak47.png'. Instead, import the image file as an Image resource and load it normally as a resource.
   at: load_from_file (core/io/image.cpp:2780)
   GDScript backtrace (most recent call first):
       [0] run (res://tools/weapon_card_refresh_20260915/check_native.gd:34)
WARNING: Loaded resource as image file, this will not work on export: 'res://assets/art/units/factions/portraits/faction_kurgan_mini14.png'. Instead, import the image file as an Image resource and load it normally as a resource.
   at: load_from_file (core/io/image.cpp:2780)
   GDScript backtrace (most recent call first):
       [0] run (res://tools/weapon_card_refresh_20260915/check_native.gd:34)
WARNING: Loaded resource as image file, this will not work on export: 'res://assets/art/units/factions/portraits/faction_kurgan_m4a1.png'. Instead, import the image file as an Image resource and load it normally as a resource.
   at: load_from_file (core/io/image.cpp:2780)
   GDScript backtrace (most recent call first):
       [0] run (res://tools/weapon_card_refresh_20260915/check_native.gd:34)
WARNING: Loaded resource as image file, this will not work on export: 'res://assets/art/units/factions/portraits/faction_kurgan_g36c.png'. Instead, import the image file as an Image resource and load it normally as a resource.
   at: load_from_file (core/io/image.cpp:2780)
   GDScript backtrace (most recent call first):
       [0] run (res://tools/weapon_card_refresh_20260915/check_native.gd:34)
WARNING: Loaded resource as image file, this will not work on export: 'res://assets/art/units/factions/portraits/faction_kurgan_scar_h.png'. Instead, import the image file as an Image resource and load it normally as a resource.
   at: load_from_file (core/io/image.cpp:2780)
   GDScript backtrace (most recent call first):
       [0] run (res://tools/weapon_card_refresh_20260915/check_native.gd:34)
WARNING: Loaded resource as image file, this will not work on export: 'res://assets/art/units/factions/portraits/faction_kurgan_aug.png'. Instead, import the image file as an Image resource and load it normally as a resource.
   at: load_from_file (core/io/image.cpp:2780)
   GDScript backtrace (most recent call first):
       [0] run (res://tools/weapon_card_refresh_20260915/check_native.gd:34)
WARNING: Loaded resource as image file, this will not work on export: 'res://assets/art/units/factions/portraits/faction_kurgan_rem870.png'. Instead, import the image file as an Image resource and load it normally as a resource.
   at: load_from_file (core/io/image.cpp:2780)
   GDScript backtrace (most recent call first):
       [0] run (res://tools/weapon_card_refresh_20260915/check_native.gd:34)
WARNING: Loaded resource as image file, this will not work on export: 'res://assets/art/units/factions/portraits/faction_kurgan_moss500.png'. Instead, import the image file as an Image resource and load it normally as a resource.
   at: load_from_file (core/io/image.cpp:2780)
   GDScript backtrace (most recent call first):
       [0] run (res://tools/weapon_card_refresh_20260915/check_native.gd:34)
WARNING: Loaded resource as image file, this will not work on export: 'res://assets/art/units/factions/portraits/faction_kurgan_spas12.png'. Instead, import the image file as an Image resource and load it normally as a resource.
   at: load_from_file (core/io/image.cpp:2780)
   GDScript backtrace (most recent call first):
       [0] run (res://tools/weapon_card_refresh_20260915/check_native.gd:34)
WARNING: Loaded resource as image file, this will not work on export: 'res://assets/art/units/factions/portraits/faction_kurgan_benelli_m2.png'. Instead, import the image file as an Image resource and load it normally as a resource.
   at: load_from_file (core/io/image.cpp:2780)
   GDScript backtrace (most recent call first):
       [0] run (res://tools/weapon_card_refresh_20260915/check_native.gd:34)
WARNING: Loaded resource as image file, this will not work on export: 'res://assets/art/units/factions/portraits/faction_kurgan_benelli_m4.png'. Instead, import the image file as an Image resource and load it normally as a resource.
   at: load_from_file (core/io/image.cpp:2780)
   GDScript backtrace (most recent call first):
       [0] run (res://tools/weapon_card_refresh_20260915/check_native.gd:34)
WARNING: Loaded resource as image file, this will not work on export: 'res://assets/art/units/factions/portraits/faction_kurgan_saiga12.png'. Instead, import the image file as an Image resource and load it normally as a resource.
   at: load_from_file (core/io/image.cpp:2780)
   GDScript backtrace (most recent call first):
       [0] run (res://tools/weapon_card_refresh_20260915/check_native.gd:34)
WARNING: Loaded resource as image file, this will not work on export: 'res://assets/art/units/factions/portraits/faction_kurgan_rem700.png'. Instead, import the image file as an Image resource and load it normally as a resource.
   at: load_from_file (core/io/image.cpp:2780)
   GDScript backtrace (most recent call first):
       [0] run (res://tools/weapon_card_refresh_20260915/check_native.gd:34)
WARNING: Loaded resource as image file, this will not work on export: 'res://assets/art/units/factions/portraits/faction_kurgan_sks.png'. Instead, import the image file as an Image resource and load it normally as a resource.
   at: load_from_file (core/io/image.cpp:2780)
   GDScript backtrace (most recent call first):
       [0] run (res://tools/weapon_card_refresh_20260915/check_native.gd:34)
WARNING: Loaded resource as image file, this will not work on export: 'res://assets/art/units/factions/portraits/faction_kurgan_svd.png'. Instead, import the image file as an Image resource and load it normally as a resource.
   at: load_from_file (core/io/image.cpp:2780)
   GDScript backtrace (most recent call first):
       [0] run (res://tools/weapon_card_refresh_20260915/check_native.gd:34)
WARNING: Loaded resource as image file, this will not work on export: 'res://assets/art/units/factions/portraits/faction_kurgan_ssg69.png'. Instead, import the image file as an Image resource and load it normally as a resource.
   at: load_from_file (core/io/image.cpp:2780)
   GDScript backtrace (most recent call first):
       [0] run (res://tools/weapon_card_refresh_20260915/check_native.gd:34)
WARNING: Loaded resource as image file, this will not work on export: 'res://assets/art/units/factions/portraits/faction_kurgan_awm.png'. Instead, import the image file as an Image resource and load it normally as a resource.
   at: load_from_file (core/io/image.cpp:2780)
   GDScript backtrace (most recent call first):
       [0] run (res://tools/weapon_card_refresh_20260915/check_native.gd:34)
WARNING: Loaded resource as image file, this will not work on export: 'res://assets/art/units/factions/portraits/faction_kurgan_psg1.png'. Instead, import the image file as an Image resource and load it normally as a resource.
   at: load_from_file (core/io/image.cpp:2780)
   GDScript backtrace (most recent call first):
       [0] run (res://tools/weapon_card_refresh_20260915/check_native.gd:34)
WARNING: Loaded resource as image file, this will not work on export: 'res://assets/art/units/factions/portraits/faction_ashford_crane_glock_17.png'. Instead, import the image file as an Image resource and load it normally as a resource.
   at: load_from_file (core/io/image.cpp:2780)
   GDScript backtrace (most recent call first):
       [0] run (res://tools/weapon_card_refresh_20260915/check_native.gd:34)
WARNING: Loaded resource as image file, this will not work on export: 'res://assets/art/units/factions/portraits/faction_ashford_crane_m1911.png'. Instead, import the image file as an Image resource and load it normally as a resource.
   at: load_from_file (core/io/image.cpp:2780)
   GDScript backtrace (most recent call first):
       [0] run (res://tools/weapon_card_refresh_20260915/check_native.gd:34)
WARNING: Loaded resource as image file, this will not work on export: 'res://assets/art/units/factions/portraits/faction_ashford_crane_usp.png'. Instead, import the image file as an Image resource and load it normally as a resource.
   at: load_from_file (core/io/image.cpp:2780)
   GDScript backtrace (most recent call first):
       [0] run (res://tools/weapon_card_refresh_20260915/check_native.gd:34)
WARNING: Loaded resource as image file, this will not work on export: 'res://assets/art/units/factions/portraits/faction_ashford_crane_cz75.png'. Instead, import the image file as an Image resource and load it normally as a resource.
   at: load_from_file (core/io/image.cpp:2780)
   GDScript backtrace (most recent call first):
       [0] run (res://tools/weapon_card_refresh_20260915/check_native.gd:34)
WARNING: Loaded resource as image file, this will not work on export: 'res://assets/art/units/factions/portraits/faction_ashford_crane_desert_eagle.png'. Instead, import the image file as an Image resource and load it normally as a resource.
   at: load_from_file (core/io/image.cpp:2780)
   GDScript backtrace (most recent call first):
       [0] run (res://tools/weapon_card_refresh_20260915/check_native.gd:34)
WARNING: Loaded resource as image file, this will not work on export: 'res://assets/art/units/factions/portraits/faction_ashford_crane_five_seven.png'. Instead, import the image file as an Image resource and load it normally as a resource.
   at: load_from_file (core/io/image.cpp:2780)
   GDScript backtrace (most recent call first):
       [0] run (res://tools/weapon_card_refresh_20260915/check_native.gd:34)
WARNING: Loaded resource as image file, this will not work on export: 'res://assets/art/units/factions/portraits/faction_ashford_crane_uzi.png'. Instead, import the image file as an Image resource and load it normally as a resource.
   at: load_from_file (core/io/image.cpp:2780)
   GDScript backtrace (most recent call first):
       [0] run (res://tools/weapon_card_refresh_20260915/check_native.gd:34)
WARNING: Loaded resource as image file, this will not work on export: 'res://assets/art/units/factions/portraits/faction_ashford_crane_mac10.png'. Instead, import the image file as an Image resource and load it normally as a resource.
   at: load_from_file (core/io/image.cpp:2780)
   GDScript backtrace (most recent call first):
       [0] run (res://tools/weapon_card_refresh_20260915/check_native.gd:34)
WARNING: Loaded resource as image file, this will not work on export: 'res://assets/art/units/factions/portraits/faction_ashford_crane_mp5.png'. Instead, import the image file as an Image resource and load it normally as a resource.
   at: load_from_file (core/io/image.cpp:2780)
   GDScript backtrace (most recent call first):
       [0] run (res://tools/weapon_card_refresh_20260915/check_native.gd:34)
WARNING: Loaded resource as image file, this will not work on export: 'res://assets/art/units/factions/portraits/faction_ashford_crane_mp5k.png'. Instead, import the image file as an Image resource and load it normally as a resource.
   at: load_from_file (core/io/image.cpp:2780)
   GDScript backtrace (most recent call first):
       [0] run (res://tools/weapon_card_refresh_20260915/check_native.gd:34)
WARNING: Loaded resource as image file, this will not work on export: 'res://assets/art/units/factions/portraits/faction_ashford_crane_vector.png'. Instead, import the image file as an Image resource and load it normally as a resource.
   at: load_from_file (core/io/image.cpp:2780)
   GDScript backtrace (most recent call first):
       [0] run (res://tools/weapon_card_refresh_20260915/check_native.gd:34)
WARNING: Loaded resource as image file, this will not work on export: 'res://assets/art/units/factions/portraits/faction_ashford_crane_p90.png'. Instead, import the image file as an Image resource and load it normally as a resource.
   at: load_from_file (core/io/image.cpp:2780)
   GDScript backtrace (most recent call first):
       [0] run (res://tools/weapon_card_refresh_20260915/check_native.gd:34)
WARNING: Loaded resource as image file, this will not work on export: 'res://assets/art/units/factions/portraits/faction_ashford_crane_ak47.png'. Instead, import the image file as an Image resource and load it normally as a resource.
   at: load_from_file (core/io/image.cpp:2780)
   GDScript backtrace (most recent call first):
       [0] run (res://tools/weapon_card_refresh_20260915/check_native.gd:34)
WARNING: Loaded resource as image file, this will not work on export: 'res://assets/art/units/factions/portraits/faction_ashford_crane_mini14.png'. Instead, import the image file as an Image resource and load it normally as a resource.
   at: load_from_file (core/io/image.cpp:2780)
   GDScript backtrace (most recent call first):
       [0] run (res://tools/weapon_card_refresh_20260915/check_native.gd:34)
WARNING: Loaded resource as image file, this will not work on export: 'res://assets/art/units/factions/portraits/faction_ashford_crane_m4a1.png'. Instead, import the image file as an Image resource and load it normally as a resource.
   at: load_from_file (core/io/image.cpp:2780)
   GDScript backtrace (most recent call first):
       [0] run (res://tools/weapon_card_refresh_20260915/check_native.gd:34)
WARNING: Loaded resource as image file, this will not work on export: 'res://assets/art/units/factions/portraits/faction_ashford_crane_g36c.png'. Instead, import the image file as an Image resource and load it normally as a resource.
   at: load_from_file (core/io/image.cpp:2780)
   GDScript backtrace (most recent call first):
       [0] run (res://tools/weapon_card_refresh_20260915/check_native.gd:34)
WARNING: Loaded resource as image file, this will not work on export: 'res://assets/art/units/factions/portraits/faction_ashford_crane_scar_h.png'. Instead, import the image file as an Image resource and load it normally as a resource.
   at: load_from_file (core/io/image.cpp:2780)
   GDScript backtrace (most recent call first):
       [0] run (res://tools/weapon_card_refresh_20260915/check_native.gd:34)
WARNING: Loaded resource as image file, this will not work on export: 'res://assets/art/units/factions/portraits/faction_ashford_crane_aug.png'. Instead, import the image file as an Image resource and load it normally as a resource.
   at: load_from_file (core/io/image.cpp:2780)
   GDScript backtrace (most recent call first):
       [0] run (res://tools/weapon_card_refresh_20260915/check_native.gd:34)
WARNING: Loaded resource as image file, this will not work on export: 'res://assets/art/units/factions/portraits/faction_ashford_crane_rem870.png'. Instead, import the image file as an Image resource and load it normally as a resource.
   at: load_from_file (core/io/image.cpp:2780)
   GDScript backtrace (most recent call first):
       [0] run (res://tools/weapon_card_refresh_20260915/check_native.gd:34)
WARNING: Loaded resource as image file, this will not work on export: 'res://assets/art/units/factions/portraits/faction_ashford_crane_moss500.png'. Instead, import the image file as an Image resource and load it normally as a resource.
   at: load_from_file (core/io/image.cpp:2780)
   GDScript backtrace (most recent call first):
       [0] run (res://tools/weapon_card_refresh_20260915/check_native.gd:34)
WARNING: Loaded resource as image file, this will not work on export: 'res://assets/art/units/factions/portraits/faction_ashford_crane_spas12.png'. Instead, import the image file as an Image resource and load it normally as a resource.
   at: load_from_file (core/io/image.cpp:2780)
   GDScript backtrace (most recent call first):
       [0] run (res://tools/weapon_card_refresh_20260915/check_native.gd:34)
WARNING: Loaded resource as image file, this will not work on export: 'res://assets/art/units/factions/portraits/faction_ashford_crane_benelli_m2.png'. Instead, import the image file as an Image resource and load it normally as a resource.
   at: load_from_file (core/io/image.cpp:2780)
   GDScript backtrace (most recent call first):
       [0] run (res://tools/weapon_card_refresh_20260915/check_native.gd:34)
WARNING: Loaded resource as image file, this will not work on export: 'res://assets/art/units/factions/portraits/faction_ashford_crane_benelli_m4.png'. Instead, import the image file as an Image resource and load it normally as a resource.
   at: load_from_file (core/io/image.cpp:2780)
   GDScript backtrace (most recent call first):
       [0] run (res://tools/weapon_card_refresh_20260915/check_native.gd:34)
WARNING: Loaded resource as image file, this will not work on export: 'res://assets/art/units/factions/portraits/faction_ashford_crane_saiga12.png'. Instead, import the image file as an Image resource and load it normally as a resource.
   at: load_from_file (core/io/image.cpp:2780)
   GDScript backtrace (most recent call first):
       [0] run (res://tools/weapon_card_refresh_20260915/check_native.gd:34)
WARNING: Loaded resource as image file, this will not work on export: 'res://assets/art/units/factions/portraits/faction_ashford_crane_rem700.png'. Instead, import the image file as an Image resource and load it normally as a resource.
   at: load_from_file (core/io/image.cpp:2780)
   GDScript backtrace (most recent call first):
       [0] run (res://tools/weapon_card_refresh_20260915/check_native.gd:34)
WARNING: Loaded resource as image file, this will not work on export: 'res://assets/art/units/factions/portraits/faction_ashford_crane_sks.png'. Instead, import the image file as an Image resource and load it normally as a resource.
   at: load_from_file (core/io/image.cpp:2780)
   GDScript backtrace (most recent call first):
       [0] run (res://tools/weapon_card_refresh_20260915/check_native.gd:34)
WARNING: Loaded resource as image file, this will not work on export: 'res://assets/art/units/factions/portraits/faction_ashford_crane_svd.png'. Instead, import the image file as an Image resource and load it normally as a resource.
   at: load_from_file (core/io/image.cpp:2780)
   GDScript backtrace (most recent call first):
       [0] run (res://tools/weapon_card_refresh_20260915/check_native.gd:34)
WARNING: Loaded resource as image file, this will not work on export: 'res://assets/art/units/factions/portraits/faction_ashford_crane_ssg69.png'. Instead, import the image file as an Image resource and load it normally as a resource.
   at: load_from_file (core/io/image.cpp:2780)
   GDScript backtrace (most recent call first):
       [0] run (res://tools/weapon_card_refresh_20260915/check_native.gd:34)
WARNING: Loaded resource as image file, this will not work on export: 'res://assets/art/units/factions/portraits/faction_ashford_crane_awm.png'. Instead, import the image file as an Image resource and load it normally as a resource.
   at: load_from_file (core/io/image.cpp:2780)
   GDScript backtrace (most recent call first):
       [0] run (res://tools/weapon_card_refresh_20260915/check_native.gd:34)
WARNING: Loaded resource as image file, this will not work on export: 'res://assets/art/units/factions/portraits/faction_ashford_crane_psg1.png'. Instead, import the image file as an Image resource and load it normally as a resource.
   at: load_from_file (core/io/image.cpp:2780)
   GDScript backtrace (most recent call first):
       [0] run (res://tools/weapon_card_refresh_20260915/check_native.gd:34)
WARNING: Loaded resource as image file, this will not work on export: 'res://assets/art/units/factions/portraits/faction_blacktop_glock_17.png'. Instead, import the image file as an Image resource and load it normally as a resource.
   at: load_from_file (core/io/image.cpp:2780)
   GDScript backtrace (most recent call first):
       [0] run (res://tools/weapon_card_refresh_20260915/check_native.gd:34)
WARNING: Loaded resource as image file, this will not work on export: 'res://assets/art/units/factions/portraits/faction_blacktop_m1911.png'. Instead, import the image file as an Image resource and load it normally as a resource.
   at: load_from_file (core/io/image.cpp:2780)
   GDScript backtrace (most recent call first):
       [0] run (res://tools/weapon_card_refresh_20260915/check_native.gd:34)
WARNING: Loaded resource as image file, this will not work on export: 'res://assets/art/units/factions/portraits/faction_blacktop_usp.png'. Instead, import the image file as an Image resource and load it normally as a resource.
   at: load_from_file (core/io/image.cpp:2780)
   GDScript backtrace (most recent call first):
       [0] run (res://tools/weapon_card_refresh_20260915/check_native.gd:34)
WARNING: Loaded resource as image file, this will not work on export: 'res://assets/art/units/factions/portraits/faction_blacktop_cz75.png'. Instead, import the image file as an Image resource and load it normally as a resource.
   at: load_from_file (core/io/image.cpp:2780)
   GDScript backtrace (most recent call first):
       [0] run (res://tools/weapon_card_refresh_20260915/check_native.gd:34)
WARNING: Loaded resource as image file, this will not work on export: 'res://assets/art/units/factions/portraits/faction_blacktop_desert_eagle.png'. Instead, import the image file as an Image resource and load it normally as a resource.
   at: load_from_file (core/io/image.cpp:2780)
   GDScript backtrace (most recent call first):
       [0] run (res://tools/weapon_card_refresh_20260915/check_native.gd:34)
WARNING: Loaded resource as image file, this will not work on export: 'res://assets/art/units/factions/portraits/faction_blacktop_five_seven.png'. Instead, import the image file as an Image resource and load it normally as a resource.
   at: load_from_file (core/io/image.cpp:2780)
   GDScript backtrace (most recent call first):
       [0] run (res://tools/weapon_card_refresh_20260915/check_native.gd:34)
WARNING: Loaded resource as image file, this will not work on export: 'res://assets/art/units/factions/portraits/faction_blacktop_uzi.png'. Instead, import the image file as an Image resource and load it normally as a resource.
   at: load_from_file (core/io/image.cpp:2780)
   GDScript backtrace (most recent call first):
       [0] run (res://tools/weapon_card_refresh_20260915/check_native.gd:34)
WARNING: Loaded resource as image file, this will not work on export: 'res://assets/art/units/factions/portraits/faction_blacktop_mac10.png'. Instead, import the image file as an Image resource and load it normally as a resource.
   at: load_from_file (core/io/image.cpp:2780)
   GDScript backtrace (most recent call first):
       [0] run (res://tools/weapon_card_refresh_20260915/check_native.gd:34)
WARNING: Loaded resource as image file, this will not work on export: 'res://assets/art/units/factions/portraits/faction_blacktop_mp5.png'. Instead, import the image file as an Image resource and load it normally as a resource.
   at: load_from_file (core/io/image.cpp:2780)
   GDScript backtrace (most recent call first):
       [0] run (res://tools/weapon_card_refresh_20260915/check_native.gd:34)
WARNING: Loaded resource as image file, this will not work on export: 'res://assets/art/units/factions/portraits/faction_blacktop_mp5k.png'. Instead, import the image file as an Image resource and load it normally as a resource.
   at: load_from_file (core/io/image.cpp:2780)
   GDScript backtrace (most recent call first):
       [0] run (res://tools/weapon_card_refresh_20260915/check_native.gd:34)
WARNING: Loaded resource as image file, this will not work on export: 'res://assets/art/units/factions/portraits/faction_blacktop_vector.png'. Instead, import the image file as an Image resource and load it normally as a resource.
   at: load_from_file (core/io/image.cpp:2780)
   GDScript backtrace (most recent call first):
       [0] run (res://tools/weapon_card_refresh_20260915/check_native.gd:34)
WARNING: Loaded resource as image file, this will not work on export: 'res://assets/art/units/factions/portraits/faction_blacktop_p90.png'. Instead, import the image file as an Image resource and load it normally as a resource.
   at: load_from_file (core/io/image.cpp:2780)
   GDScript backtrace (most recent call first):
       [0] run (res://tools/weapon_card_refresh_20260915/check_native.gd:34)
WARNING: Loaded resource as image file, this will not work on export: 'res://assets/art/units/factions/portraits/faction_blacktop_ak47.png'. Instead, import the image file as an Image resource and load it normally as a resource.
   at: load_from_file (core/io/image.cpp:2780)
   GDScript backtrace (most recent call first):
       [0] run (res://tools/weapon_card_refresh_20260915/check_native.gd:34)
WARNING: Loaded resource as image file, this will not work on export: 'res://assets/art/units/factions/portraits/faction_blacktop_mini14.png'. Instead, import the image file as an Image resource and load it normally as a resource.
   at: load_from_file (core/io/image.cpp:2780)
   GDScript backtrace (most recent call first):
       [0] run (res://tools/weapon_card_refresh_20260915/check_native.gd:34)
WARNING: Loaded resource as image file, this will not work on export: 'res://assets/art/units/factions/portraits/faction_blacktop_m4a1.png'. Instead, import the image file as an Image resource and load it normally as a resource.
   at: load_from_file (core/io/image.cpp:2780)
   GDScript backtrace (most recent call first):
       [0] run (res://tools/weapon_card_refresh_20260915/check_native.gd:34)
WARNING: Loaded resource as image file, this will not work on export: 'res://assets/art/units/factions/portraits/faction_blacktop_g36c.png'. Instead, import the image file as an Image resource and load it normally as a resource.
   at: load_from_file (core/io/image.cpp:2780)
   GDScript backtrace (most recent call first):
       [0] run (res://tools/weapon_card_refresh_20260915/check_native.gd:34)
WARNING: Loaded resource as image file, this will not work on export: 'res://assets/art/units/factions/portraits/faction_blacktop_scar_h.png'. Instead, import the image file as an Image resource and load it normally as a resource.
   at: load_from_file (core/io/image.cpp:2780)
   GDScript backtrace (most recent call first):
       [0] run (res://tools/weapon_card_refresh_20260915/check_native.gd:34)
WARNING: Loaded resource as image file, this will not work on export: 'res://assets/art/units/factions/portraits/faction_blacktop_aug.png'. Instead, import the image file as an Image resource and load it normally as a resource.
   at: load_from_file (core/io/image.cpp:2780)
   GDScript backtrace (most recent call first):
       [0] run (res://tools/weapon_card_refresh_20260915/check_native.gd:34)
WARNING: Loaded resource as image file, this will not work on export: 'res://assets/art/units/factions/portraits/faction_blacktop_rem870.png'. Instead, import the image file as an Image resource and load it normally as a resource.
   at: load_from_file (core/io/image.cpp:2780)
   GDScript backtrace (most recent call first):
       [0] run (res://tools/weapon_card_refresh_20260915/check_native.gd:34)
WARNING: Loaded resource as image file, this will not work on export: 'res://assets/art/units/factions/portraits/faction_blacktop_moss500.png'. Instead, import the image file as an Image resource and load it normally as a resource.
   at: load_from_file (core/io/image.cpp:2780)
   GDScript backtrace (most recent call first):
       [0] run (res://tools/weapon_card_refresh_20260915/check_native.gd:34)
WARNING: Loaded resource as image file, this will not work on export: 'res://assets/art/units/factions/portraits/faction_blacktop_spas12.png'. Instead, import the image file as an Image resource and load it normally as a resource.
   at: load_from_file (core/io/image.cpp:2780)
   GDScript backtrace (most recent call first):
       [0] run (res://tools/weapon_card_refresh_20260915/check_native.gd:34)
WARNING: Loaded resource as image file, this will not work on export: 'res://assets/art/units/factions/portraits/faction_blacktop_benelli_m2.png'. Instead, import the image file as an Image resource and load it normally as a resource.
   at: load_from_file (core/io/image.cpp:2780)
   GDScript backtrace (most recent call first):
       [0] run (res://tools/weapon_card_refresh_20260915/check_native.gd:34)
WARNING: Loaded resource as image file, this will not work on export: 'res://assets/art/units/factions/portraits/faction_blacktop_benelli_m4.png'. Instead, import the image file as an Image resource and load it normally as a resource.
   at: load_from_file (core/io/image.cpp:2780)
   GDScript backtrace (most recent call first):
       [0] run (res://tools/weapon_card_refresh_20260915/check_native.gd:34)
WARNING: Loaded resource as image file, this will not work on export: 'res://assets/art/units/factions/portraits/faction_blacktop_saiga12.png'. Instead, import the image file as an Image resource and load it normally as a resource.
   at: load_from_file (core/io/image.cpp:2780)
   GDScript backtrace (most recent call first):
       [0] run (res://tools/weapon_card_refresh_20260915/check_native.gd:34)
WARNING: Loaded resource as image file, this will not work on export: 'res://assets/art/units/factions/portraits/faction_blacktop_rem700.png'. Instead, import the image file as an Image resource and load it normally as a resource.
   at: load_from_file (core/io/image.cpp:2780)
   GDScript backtrace (most recent call first):
       [0] run (res://tools/weapon_card_refresh_20260915/check_native.gd:34)
WARNING: Loaded resource as image file, this will not work on export: 'res://assets/art/units/factions/portraits/faction_blacktop_sks.png'. Instead, import the image file as an Image resource and load it normally as a resource.
   at: load_from_file (core/io/image.cpp:2780)
   GDScript backtrace (most recent call first):
       [0] run (res://tools/weapon_card_refresh_20260915/check_native.gd:34)
WARNING: Loaded resource as image file, this will not work on export: 'res://assets/art/units/factions/portraits/faction_blacktop_svd.png'. Instead, import the image file as an Image resource and load it normally as a resource.
   at: load_from_file (core/io/image.cpp:2780)
   GDScript backtrace (most recent call first):
       [0] run (res://tools/weapon_card_refresh_20260915/check_native.gd:34)
WARNING: Loaded resource as image file, this will not work on export: 'res://assets/art/units/factions/portraits/faction_blacktop_ssg69.png'. Instead, import the image file as an Image resource and load it normally as a resource.
   at: load_from_file (core/io/image.cpp:2780)
   GDScript backtrace (most recent call first):
       [0] run (res://tools/weapon_card_refresh_20260915/check_native.gd:34)
WARNING: Loaded resource as image file, this will not work on export: 'res://assets/art/units/factions/portraits/faction_blacktop_awm.png'. Instead, import the image file as an Image resource and load it normally as a resource.
   at: load_from_file (core/io/image.cpp:2780)
   GDScript backtrace (most recent call first):
       [0] run (res://tools/weapon_card_refresh_20260915/check_native.gd:34)
WARNING: Loaded resource as image file, this will not work on export: 'res://assets/art/units/factions/portraits/faction_blacktop_psg1.png'. Instead, import the image file as an Image resource and load it normally as a resource.
   at: load_from_file (core/io/image.cpp:2780)
   GDScript backtrace (most recent call first):
       [0] run (res://tools/weapon_card_refresh_20260915/check_native.gd:34)
WARNING: Loaded resource as image file, this will not work on export: 'res://assets/art/units/mercer/portraits/mercer_dual_glock.png'. Instead, import the image file as an Image resource and load it normally as a resource.
   at: load_from_file (core/io/image.cpp:2780)
   GDScript backtrace (most recent call first):
       [0] run (res://tools/weapon_card_refresh_20260915/check_native.gd:34)
WARNING: Loaded resource as image file, this will not work on export: 'res://assets/art/weapons/arsenal/icons/rem870.png'. Instead, import the image file as an Image resource and load it normally as a resource.
   at: load_from_file (core/io/image.cpp:2780)
   GDScript backtrace (most recent call first):
       [0] run (res://tools/weapon_card_refresh_20260915/check_native.gd:42)
WARNING: Loaded resource as image file, this will not work on export: 'res://assets/art/weapons/arsenal/icons/moss500.png'. Instead, import the image file as an Image resource and load it normally as a resource.
   at: load_from_file (core/io/image.cpp:2780)
   GDScript backtrace (most recent call first):
       [0] run (res://tools/weapon_card_refresh_20260915/check_native.gd:42)
WARNING: Loaded resource as image file, this will not work on export: 'res://assets/art/weapons/arsenal/icons/spas12.png'. Instead, import the image file as an Image resource and load it normally as a resource.
   at: load_from_file (core/io/image.cpp:2780)
   GDScript backtrace (most recent call first):
       [0] run (res://tools/weapon_card_refresh_20260915/check_native.gd:42)
WARNING: Loaded resource as image file, this will not work on export: 'res://assets/art/weapons/arsenal/icons/benelli_m2.png'. Instead, import the image file as an Image resource and load it normally as a resource.
   at: load_from_file (core/io/image.cpp:2780)
   GDScript backtrace (most recent call first):
       [0] run (res://tools/weapon_card_refresh_20260915/check_native.gd:42)
WARNING: Loaded resource as image file, this will not work on export: 'res://assets/art/weapons/arsenal/icons/benelli_m4.png'. Instead, import the image file as an Image resource and load it normally as a resource.
   at: load_from_file (core/io/image.cpp:2780)
   GDScript backtrace (most recent call first):
       [0] run (res://tools/weapon_card_refresh_20260915/check_native.gd:42)
WARNING: Loaded resource as image file, this will not work on export: 'res://assets/art/weapons/arsenal/icons/saiga12.png'. Instead, import the image file as an Image resource and load it normally as a resource.
   at: load_from_file (core/io/image.cpp:2780)
   GDScript backtrace (most recent call first):
       [0] run (res://tools/weapon_card_refresh_20260915/check_native.gd:42)
WARNING: Loaded resource as image file, this will not work on export: 'res://assets/art/weapons/arsenal/icons/mini14.png'. Instead, import the image file as an Image resource and load it normally as a resource.
   at: load_from_file (core/io/image.cpp:2780)
   GDScript backtrace (most recent call first):
       [0] run (res://tools/weapon_card_refresh_20260915/check_native.gd:42)
WARNING: Loaded resource as image file, this will not work on export: 'res://assets/art/weapons/arsenal/icons/aug.png'. Instead, import the image file as an Image resource and load it normally as a resource.
   at: load_from_file (core/io/image.cpp:2780)
   GDScript backtrace (most recent call first):
       [0] run (res://tools/weapon_card_refresh_20260915/check_native.gd:42)
WARNING: Loaded resource as image file, this will not work on export: 'res://assets/art/units/pixel_v1/portraits/0_pistol.png'. Instead, import the image file as an Image resource and load it normally as a resource.
   at: load_from_file (core/io/image.cpp:2780)
   GDScript backtrace (most recent call first):
       [0] run (res://tools/weapon_card_refresh_20260915/check_native.gd:52)
WARNING: Loaded resource as image file, this will not work on export: 'res://assets/art/weapons/arsenal/portraits/0_mac10.png'. Instead, import the image file as an Image resource and load it normally as a resource.
   at: load_from_file (core/io/image.cpp:2780)
   GDScript backtrace (most recent call first):
       [0] run (res://tools/weapon_card_refresh_20260915/check_native.gd:52)
WARNING: Loaded resource as image file, this will not work on export: 'res://assets/art/weapons/arsenal/portraits/0_moss500.png'. Instead, import the image file as an Image resource and load it normally as a resource.
   at: load_from_file (core/io/image.cpp:2780)
   GDScript backtrace (most recent call first):
       [0] run (res://tools/weapon_card_refresh_20260915/check_native.gd:52)
WARNING: Loaded resource as image file, this will not work on export: 'res://assets/art/units/pixel_v1/portraits/0_ak_rifle.png'. Instead, import the image file as an Image resource and load it normally as a resource.
   at: load_from_file (core/io/image.cpp:2780)
   GDScript backtrace (most recent call first):
       [0] run (res://tools/weapon_card_refresh_20260915/check_native.gd:52)
WARNING: Loaded resource as image file, this will not work on export: 'res://assets/art/units/mercer/portraits/mercer_sks.png'. Instead, import the image file as an Image resource and load it normally as a resource.
   at: load_from_file (core/io/image.cpp:2780)
   GDScript backtrace (most recent call first):
       [0] run (res://tools/weapon_card_refresh_20260915/check_native.gd:52)
WARNING: Loaded resource as image file, this will not work on export: 'res://assets/art/units/factions/portraits/faction_eastex_m1911.png'. Instead, import the image file as an Image resource and load it normally as a resource.
   at: load_from_file (core/io/image.cpp:2780)
   GDScript backtrace (most recent call first):
       [0] run (res://tools/weapon_card_refresh_20260915/check_native.gd:52)
WARNING: Loaded resource as image file, this will not work on export: 'res://assets/art/units/factions/portraits/faction_eastex_uzi.png'. Instead, import the image file as an Image resource and load it normally as a resource.
   at: load_from_file (core/io/image.cpp:2780)
   GDScript backtrace (most recent call first):
       [0] run (res://tools/weapon_card_refresh_20260915/check_native.gd:52)
WARNING: Loaded resource as image file, this will not work on export: 'res://assets/art/units/factions/portraits/faction_eastex_rem870.png'. Instead, import the image file as an Image resource and load it normally as a resource.
   at: load_from_file (core/io/image.cpp:2780)
   GDScript backtrace (most recent call first):
       [0] run (res://tools/weapon_card_refresh_20260915/check_native.gd:52)
WARNING: Loaded resource as image file, this will not work on export: 'res://assets/art/units/factions/portraits/faction_eastex_mini14.png'. Instead, import the image file as an Image resource and load it normally as a resource.
   at: load_from_file (core/io/image.cpp:2780)
   GDScript backtrace (most recent call first):
       [0] run (res://tools/weapon_card_refresh_20260915/check_native.gd:52)
WARNING: Loaded resource as image file, this will not work on export: 'res://assets/art/units/factions/portraits/faction_eastex_rem700.png'. Instead, import the image file as an Image resource and load it normally as a resource.
   at: load_from_file (core/io/image.cpp:2780)
   GDScript backtrace (most recent call first):
       [0] run (res://tools/weapon_card_refresh_20260915/check_native.gd:52)
WARNING: Loaded resource as image file, this will not work on export: 'res://assets/art/units/factions/portraits/faction_calle_ocho_cz75.png'. Instead, import the image file as an Image resource and load it normally as a resource.
   at: load_from_file (core/io/image.cpp:2780)
   GDScript backtrace (most recent call first):
       [0] run (res://tools/weapon_card_refresh_20260915/check_native.gd:52)
WARNING: Loaded resource as image file, this will not work on export: 'res://assets/art/units/factions/portraits/faction_calle_ocho_mac10.png'. Instead, import the image file as an Image resource and load it normally as a resource.
   at: load_from_file (core/io/image.cpp:2780)
   GDScript backtrace (most recent call first):
       [0] run (res://tools/weapon_card_refresh_20260915/check_native.gd:52)
WARNING: Loaded resource as image file, this will not work on export: 'res://assets/art/units/factions/portraits/faction_calle_ocho_moss500.png'. Instead, import the image file as an Image resource and load it normally as a resource.
   at: load_from_file (core/io/image.cpp:2780)
   GDScript backtrace (most recent call first):
       [0] run (res://tools/weapon_card_refresh_20260915/check_native.gd:52)
WARNING: Loaded resource as image file, this will not work on export: 'res://assets/art/units/factions/portraits/faction_calle_ocho_ak47.png'. Instead, import the image file as an Image resource and load it normally as a resource.
   at: load_from_file (core/io/image.cpp:2780)
   GDScript backtrace (most recent call first):
       [0] run (res://tools/weapon_card_refresh_20260915/check_native.gd:52)
WARNING: Loaded resource as image file, this will not work on export: 'res://assets/art/units/factions/portraits/faction_calle_ocho_sks.png'. Instead, import the image file as an Image resource and load it normally as a resource.
   at: load_from_file (core/io/image.cpp:2780)
   GDScript backtrace (most recent call first):
       [0] run (res://tools/weapon_card_refresh_20260915/check_native.gd:52)
WARNING: Loaded resource as image file, this will not work on export: 'res://assets/art/units/factions/portraits/faction_ventresca_m1911.png'. Instead, import the image file as an Image resource and load it normally as a resource.
   at: load_from_file (core/io/image.cpp:2780)
   GDScript backtrace (most recent call first):
       [0] run (res://tools/weapon_card_refresh_20260915/check_native.gd:52)
WARNING: Loaded resource as image file, this will not work on export: 'res://assets/art/units/factions/portraits/faction_ventresca_mp5k.png'. Instead, import the image file as an Image resource and load it normally as a resource.
   at: load_from_file (core/io/image.cpp:2780)
   GDScript backtrace (most recent call first):
       [0] run (res://tools/weapon_card_refresh_20260915/check_native.gd:52)
WARNING: Loaded resource as image file, this will not work on export: 'res://assets/art/units/factions/portraits/faction_ventresca_spas12.png'. Instead, import the image file as an Image resource and load it normally as a resource.
   at: load_from_file (core/io/image.cpp:2780)
   GDScript backtrace (most recent call first):
       [0] run (res://tools/weapon_card_refresh_20260915/check_native.gd:52)
WARNING: Loaded resource as image file, this will not work on export: 'res://assets/art/units/factions/portraits/faction_ventresca_mini14.png'. Instead, import the image file as an Image resource and load it normally as a resource.
   at: load_from_file (core/io/image.cpp:2780)
   GDScript backtrace (most recent call first):
       [0] run (res://tools/weapon_card_refresh_20260915/check_native.gd:52)
WARNING: Loaded resource as image file, this will not work on export: 'res://assets/art/units/factions/portraits/faction_ventresca_ssg69.png'. Instead, import the image file as an Image resource and load it normally as a resource.
   at: load_from_file (core/io/image.cpp:2780)
   GDScript backtrace (most recent call first):
       [0] run (res://tools/weapon_card_refresh_20260915/check_native.gd:52)
WARNING: Loaded resource as image file, this will not work on export: 'res://assets/art/units/factions/portraits/faction_ravicci_usp.png'. Instead, import the image file as an Image resource and load it normally as a resource.
   at: load_from_file (core/io/image.cpp:2780)
   GDScript backtrace (most recent call first):
       [0] run (res://tools/weapon_card_refresh_20260915/check_native.gd:52)
WARNING: Loaded resource as image file, this will not work on export: 'res://assets/art/units/factions/portraits/faction_ravicci_mp5.png'. Instead, import the image file as an Image resource and load it normally as a resource.
   at: load_from_file (core/io/image.cpp:2780)
   GDScript backtrace (most recent call first):
       [0] run (res://tools/weapon_card_refresh_20260915/check_native.gd:52)
WARNING: Loaded resource as image file, this will not work on export: 'res://assets/art/units/factions/portraits/faction_ravicci_benelli_m4.png'. Instead, import the image file as an Image resource and load it normally as a resource.
   at: load_from_file (core/io/image.cpp:2780)
   GDScript backtrace (most recent call first):
       [0] run (res://tools/weapon_card_refresh_20260915/check_native.gd:52)
WARNING: Loaded resource as image file, this will not work on export: 'res://assets/art/units/factions/portraits/faction_ravicci_aug.png'. Instead, import the image file as an Image resource and load it normally as a resource.
   at: load_from_file (core/io/image.cpp:2780)
   GDScript backtrace (most recent call first):
       [0] run (res://tools/weapon_card_refresh_20260915/check_native.gd:52)
WARNING: Loaded resource as image file, this will not work on export: 'res://assets/art/units/factions/portraits/faction_ravicci_psg1.png'. Instead, import the image file as an Image resource and load it normally as a resource.
   at: load_from_file (core/io/image.cpp:2780)
   GDScript backtrace (most recent call first):
       [0] run (res://tools/weapon_card_refresh_20260915/check_native.gd:52)
WARNING: Loaded resource as image file, this will not work on export: 'res://assets/art/weapons/arsenal/portraits/1_cz75.png'. Instead, import the image file as an Image resource and load it normally as a resource.
   at: load_from_file (core/io/image.cpp:2780)
   GDScript backtrace (most recent call first):
       [0] run (res://tools/weapon_card_refresh_20260915/check_native.gd:52)
WARNING: Loaded resource as image file, this will not work on export: 'res://assets/art/units/pixel_v1/portraits/1_uzi_smg.png'. Instead, import the image file as an Image resource and load it normally as a resource.
   at: load_from_file (core/io/image.cpp:2780)
   GDScript backtrace (most recent call first):
       [0] run (res://tools/weapon_card_refresh_20260915/check_native.gd:52)
WARNING: Loaded resource as image file, this will not work on export: 'res://assets/art/weapons/arsenal/portraits/1_saiga12.png'. Instead, import the image file as an Image resource and load it normally as a resource.
   at: load_from_file (core/io/image.cpp:2780)
   GDScript backtrace (most recent call first):
       [0] run (res://tools/weapon_card_refresh_20260915/check_native.gd:52)
WARNING: Loaded resource as image file, this will not work on export: 'res://assets/art/units/pixel_v1/portraits/1_ak_rifle.png'. Instead, import the image file as an Image resource and load it normally as a resource.
   at: load_from_file (core/io/image.cpp:2780)
   GDScript backtrace (most recent call first):
       [0] run (res://tools/weapon_card_refresh_20260915/check_native.gd:52)
WARNING: Loaded resource as image file, this will not work on export: 'res://assets/art/units/factions/portraits/faction_orlov_sniper_svd.png'. Instead, import the image file as an Image resource and load it normally as a resource.
   at: load_from_file (core/io/image.cpp:2780)
   GDScript backtrace (most recent call first):
       [0] run (res://tools/weapon_card_refresh_20260915/check_native.gd:52)
WARNING: Loaded resource as image file, this will not work on export: 'res://assets/art/units/factions/portraits/faction_zangyaku_usp.png'. Instead, import the image file as an Image resource and load it normally as a resource.
   at: load_from_file (core/io/image.cpp:2780)
   GDScript backtrace (most recent call first):
       [0] run (res://tools/weapon_card_refresh_20260915/check_native.gd:52)
WARNING: Loaded resource as image file, this will not work on export: 'res://assets/art/units/factions/portraits/faction_zangyaku_mp5k.png'. Instead, import the image file as an Image resource and load it normally as a resource.
   at: load_from_file (core/io/image.cpp:2780)
   GDScript backtrace (most recent call first):
       [0] run (res://tools/weapon_card_refresh_20260915/check_native.gd:52)
WARNING: Loaded resource as image file, this will not work on export: 'res://assets/art/units/factions/portraits/faction_zangyaku_benelli_m2.png'. Instead, import the image file as an Image resource and load it normally as a resource.
   at: load_from_file (core/io/image.cpp:2780)
   GDScript backtrace (most recent call first):
       [0] run (res://tools/weapon_card_refresh_20260915/check_native.gd:52)
WARNING: Loaded resource as image file, this will not work on export: 'res://assets/art/units/factions/portraits/faction_zangyaku_g36c.png'. Instead, import the image file as an Image resource and load it normally as a resource.
   at: load_from_file (core/io/image.cpp:2780)
   GDScript backtrace (most recent call first):
       [0] run (res://tools/weapon_card_refresh_20260915/check_native.gd:52)
WARNING: Loaded resource as image file, this will not work on export: 'res://assets/art/units/factions/portraits/faction_zangyaku_ssg69.png'. Instead, import the image file as an Image resource and load it normally as a resource.
   at: load_from_file (core/io/image.cpp:2780)
   GDScript backtrace (most recent call first):
       [0] run (res://tools/weapon_card_refresh_20260915/check_native.gd:52)
WARNING: Loaded resource as image file, this will not work on export: 'res://assets/art/units/factions/portraits/faction_bitian_cz75.png'. Instead, import the image file as an Image resource and load it normally as a resource.
   at: load_from_file (core/io/image.cpp:2780)
   GDScript backtrace (most recent call first):
       [0] run (res://tools/weapon_card_refresh_20260915/check_native.gd:52)
WARNING: Loaded resource as image file, this will not work on export: 'res://assets/art/units/factions/portraits/faction_bitian_uzi.png'. Instead, import the image file as an Image resource and load it normally as a resource.
   at: load_from_file (core/io/image.cpp:2780)
   GDScript backtrace (most recent call first):
       [0] run (res://tools/weapon_card_refresh_20260915/check_native.gd:52)
WARNING: Loaded resource as image file, this will not work on export: 'res://assets/art/units/factions/portraits/faction_bitian_spas12.png'. Instead, import the image file as an Image resource and load it normally as a resource.
   at: load_from_file (core/io/image.cpp:2780)
   GDScript backtrace (most recent call first):
       [0] run (res://tools/weapon_card_refresh_20260915/check_native.gd:52)
WARNING: Loaded resource as image file, this will not work on export: 'res://assets/art/units/factions/portraits/faction_bitian_ak47.png'. Instead, import the image file as an Image resource and load it normally as a resource.
   at: load_from_file (core/io/image.cpp:2780)
   GDScript backtrace (most recent call first):
       [0] run (res://tools/weapon_card_refresh_20260915/check_native.gd:52)
WARNING: Loaded resource as image file, this will not work on export: 'res://assets/art/units/factions/portraits/faction_bitian_sks.png'. Instead, import the image file as an Image resource and load it normally as a resource.
   at: load_from_file (core/io/image.cpp:2780)
   GDScript backtrace (most recent call first):
       [0] run (res://tools/weapon_card_refresh_20260915/check_native.gd:52)
WARNING: Loaded resource as image file, this will not work on export: 'res://assets/art/units/factions/portraits/faction_stateline_m1911.png'. Instead, import the image file as an Image resource and load it normally as a resource.
   at: load_from_file (core/io/image.cpp:2780)
   GDScript backtrace (most recent call first):
       [0] run (res://tools/weapon_card_refresh_20260915/check_native.gd:52)
WARNING: Loaded resource as image file, this will not work on export: 'res://assets/art/units/factions/portraits/faction_stateline_mac10.png'. Instead, import the image file as an Image resource and load it normally as a resource.
   at: load_from_file (core/io/image.cpp:2780)
   GDScript backtrace (most recent call first):
       [0] run (res://tools/weapon_card_refresh_20260915/check_native.gd:52)
WARNING: Loaded resource as image file, this will not work on export: 'res://assets/art/units/factions/portraits/faction_stateline_rem870.png'. Instead, import the image file as an Image resource and load it normally as a resource.
   at: load_from_file (core/io/image.cpp:2780)
   GDScript backtrace (most recent call first):
       [0] run (res://tools/weapon_card_refresh_20260915/check_native.gd:52)
WARNING: Loaded resource as image file, this will not work on export: 'res://assets/art/units/factions/portraits/faction_stateline_mini14.png'. Instead, import the image file as an Image resource and load it normally as a resource.
   at: load_from_file (core/io/image.cpp:2780)
   GDScript backtrace (most recent call first):
       [0] run (res://tools/weapon_card_refresh_20260915/check_native.gd:52)
WARNING: Loaded resource as image file, this will not work on export: 'res://assets/art/units/factions/portraits/faction_stateline_rem700.png'. Instead, import the image file as an Image resource and load it normally as a resource.
   at: load_from_file (core/io/image.cpp:2780)
   GDScript backtrace (most recent call first):
       [0] run (res://tools/weapon_card_refresh_20260915/check_native.gd:52)
WARNING: Loaded resource as image file, this will not work on export: 'res://assets/art/units/factions/portraits/faction_sierra_roja_desert_eagle.png'. Instead, import the image file as an Image resource and load it normally as a resource.
   at: load_from_file (core/io/image.cpp:2780)
   GDScript backtrace (most recent call first):
       [0] run (res://tools/weapon_card_refresh_20260915/check_native.gd:52)
WARNING: Loaded resource as image file, this will not work on export: 'res://assets/art/units/factions/portraits/faction_sierra_roja_mp5.png'. Instead, import the image file as an Image resource and load it normally as a resource.
   at: load_from_file (core/io/image.cpp:2780)
   GDScript backtrace (most recent call first):
       [0] run (res://tools/weapon_card_refresh_20260915/check_native.gd:52)
WARNING: Loaded resource as image file, this will not work on export: 'res://assets/art/units/factions/portraits/faction_sierra_roja_saiga12.png'. Instead, import the image file as an Image resource and load it normally as a resource.
   at: load_from_file (core/io/image.cpp:2780)
   GDScript backtrace (most recent call first):
       [0] run (res://tools/weapon_card_refresh_20260915/check_native.gd:52)
WARNING: Loaded resource as image file, this will not work on export: 'res://assets/art/units/factions/portraits/faction_sierra_roja_m4a1.png'. Instead, import the image file as an Image resource and load it normally as a resource.
   at: load_from_file (core/io/image.cpp:2780)
   GDScript backtrace (most recent call first):
       [0] run (res://tools/weapon_card_refresh_20260915/check_native.gd:52)
WARNING: Loaded resource as image file, this will not work on export: 'res://assets/art/units/factions/portraits/faction_sierra_roja_svd.png'. Instead, import the image file as an Image resource and load it normally as a resource.
   at: load_from_file (core/io/image.cpp:2780)
   GDScript backtrace (most recent call first):
       [0] run (res://tools/weapon_card_refresh_20260915/check_native.gd:52)
WARNING: Loaded resource as image file, this will not work on export: 'res://assets/art/units/factions/portraits/faction_whittaker_m1911.png'. Instead, import the image file as an Image resource and load it normally as a resource.
   at: load_from_file (core/io/image.cpp:2780)
   GDScript backtrace (most recent call first):
       [0] run (res://tools/weapon_card_refresh_20260915/check_native.gd:52)
WARNING: Loaded resource as image file, this will not work on export: 'res://assets/art/units/factions/portraits/faction_whittaker_uzi.png'. Instead, import the image file as an Image resource and load it normally as a resource.
   at: load_from_file (core/io/image.cpp:2780)
   GDScript backtrace (most recent call first):
       [0] run (res://tools/weapon_card_refresh_20260915/check_native.gd:52)
WARNING: Loaded resource as image file, this will not work on export: 'res://assets/art/units/factions/portraits/faction_whittaker_rem870.png'. Instead, import the image file as an Image resource and load it normally as a resource.
   at: load_from_file (core/io/image.cpp:2780)
   GDScript backtrace (most recent call first):
       [0] run (res://tools/weapon_card_refresh_20260915/check_native.gd:52)
WARNING: Loaded resource as image file, this will not work on export: 'res://assets/art/units/factions/portraits/faction_whittaker_mini14.png'. Instead, import the image file as an Image resource and load it normally as a resource.
   at: load_from_file (core/io/image.cpp:2780)
   GDScript backtrace (most recent call first):
       [0] run (res://tools/weapon_card_refresh_20260915/check_native.gd:52)
WARNING: Loaded resource as image file, this will not work on export: 'res://assets/art/units/factions/portraits/faction_whittaker_rem700.png'. Instead, import the image file as an Image resource and load it normally as a resource.
   at: load_from_file (core/io/image.cpp:2780)
   GDScript backtrace (most recent call first):
       [0] run (res://tools/weapon_card_refresh_20260915/check_native.gd:52)
WARNING: Loaded resource as image file, this will not work on export: 'res://assets/art/units/factions/portraits/faction_mcallister_usp.png'. Instead, import the image file as an Image resource and load it normally as a resource.
   at: load_from_file (core/io/image.cpp:2780)
   GDScript backtrace (most recent call first):
       [0] run (res://tools/weapon_card_refresh_20260915/check_native.gd:52)
WARNING: Loaded resource as image file, this will not work on export: 'res://assets/art/units/factions/portraits/faction_mcallister_mp5.png'. Instead, import the image file as an Image resource and load it normally as a resource.
   at: load_from_file (core/io/image.cpp:2780)
   GDScript backtrace (most recent call first):
       [0] run (res://tools/weapon_card_refresh_20260915/check_native.gd:52)
WARNING: Loaded resource as image file, this will not work on export: 'res://assets/art/units/factions/portraits/faction_mcallister_benelli_m2.png'. Instead, import the image file as an Image resource and load it normally as a resource.
   at: load_from_file (core/io/image.cpp:2780)
   GDScript backtrace (most recent call first):
       [0] run (res://tools/weapon_card_refresh_20260915/check_native.gd:52)
WARNING: Loaded resource as image file, this will not work on export: 'res://assets/art/units/factions/portraits/faction_mcallister_aug.png'. Instead, import the image file as an Image resource and load it normally as a resource.
   at: load_from_file (core/io/image.cpp:2780)
   GDScript backtrace (most recent call first):
       [0] run (res://tools/weapon_card_refresh_20260915/check_native.gd:52)
WARNING: Loaded resource as image file, this will not work on export: 'res://assets/art/units/factions/portraits/faction_mcallister_ssg69.png'. Instead, import the image file as an Image resource and load it normally as a resource.
   at: load_from_file (core/io/image.cpp:2780)
   GDScript backtrace (most recent call first):
       [0] run (res://tools/weapon_card_refresh_20260915/check_native.gd:52)
WARNING: Loaded resource as image file, this will not work on export: 'res://assets/art/units/factions/portraits/faction_trc_five_seven.png'. Instead, import the image file as an Image resource and load it normally as a resource.
   at: load_from_file (core/io/image.cpp:2780)
   GDScript backtrace (most recent call first):
       [0] run (res://tools/weapon_card_refresh_20260915/check_native.gd:52)
WARNING: Loaded resource as image file, this will not work on export: 'res://assets/art/units/factions/portraits/faction_trc_p90.png'. Instead, import the image file as an Image resource and load it normally as a resource.
   at: load_from_file (core/io/image.cpp:2780)
   GDScript backtrace (most recent call first):
       [0] run (res://tools/weapon_card_refresh_20260915/check_native.gd:52)
WARNING: Loaded resource as image file, this will not work on export: 'res://assets/art/units/factions/portraits/faction_trc_benelli_m4.png'. Instead, import the image file as an Image resource and load it normally as a resource.
   at: load_from_file (core/io/image.cpp:2780)
   GDScript backtrace (most recent call first):
       [0] run (res://tools/weapon_card_refresh_20260915/check_native.gd:52)
WARNING: Loaded resource as image file, this will not work on export: 'res://assets/art/units/factions/portraits/faction_trc_scar_h.png'. Instead, import the image file as an Image resource and load it normally as a resource.
   at: load_from_file (core/io/image.cpp:2780)
   GDScript backtrace (most recent call first):
       [0] run (res://tools/weapon_card_refresh_20260915/check_native.gd:52)
WARNING: Loaded resource as image file, this will not work on export: 'res://assets/art/units/factions/portraits/faction_trc_awm.png'. Instead, import the image file as an Image resource and load it normally as a resource.
   at: load_from_file (core/io/image.cpp:2780)
   GDScript backtrace (most recent call first):
       [0] run (res://tools/weapon_card_refresh_20260915/check_native.gd:52)
WARNING: Loaded resource as image file, this will not work on export: 'res://assets/art/units/factions/portraits/faction_nbpd_glock_17.png'. Instead, import the image file as an Image resource and load it normally as a resource.
   at: load_from_file (core/io/image.cpp:2780)
   GDScript backtrace (most recent call first):
       [0] run (res://tools/weapon_card_refresh_20260915/check_native.gd:52)
WARNING: Loaded resource as image file, this will not work on export: 'res://assets/art/units/factions/portraits/faction_nbpd_mp5.png'. Instead, import the image file as an Image resource and load it normally as a resource.
   at: load_from_file (core/io/image.cpp:2780)
   GDScript backtrace (most recent call first):
       [0] run (res://tools/weapon_card_refresh_20260915/check_native.gd:52)
WARNING: Loaded resource as image file, this will not work on export: 'res://assets/art/units/factions/portraits/faction_nbpd_rem870.png'. Instead, import the image file as an Image resource and load it normally as a resource.
   at: load_from_file (core/io/image.cpp:2780)
   GDScript backtrace (most recent call first):
       [0] run (res://tools/weapon_card_refresh_20260915/check_native.gd:52)
WARNING: Loaded resource as image file, this will not work on export: 'res://assets/art/units/factions/portraits/faction_nbpd_m4a1.png'. Instead, import the image file as an Image resource and load it normally as a resource.
   at: load_from_file (core/io/image.cpp:2780)
   GDScript backtrace (most recent call first):
       [0] run (res://tools/weapon_card_refresh_20260915/check_native.gd:52)
WARNING: Loaded resource as image file, this will not work on export: 'res://assets/art/units/factions/portraits/faction_nbpd_psg1.png'. Instead, import the image file as an Image resource and load it normally as a resource.
   at: load_from_file (core/io/image.cpp:2780)
   GDScript backtrace (most recent call first):
       [0] run (res://tools/weapon_card_refresh_20260915/check_native.gd:52)
WARNING: Loaded resource as image file, this will not work on export: 'res://assets/art/units/factions/portraits/faction_mercer44_glock_17.png'. Instead, import the image file as an Image resource and load it normally as a resource.
   at: load_from_file (core/io/image.cpp:2780)
   GDScript backtrace (most recent call first):
       [0] run (res://tools/weapon_card_refresh_20260915/check_native.gd:52)
WARNING: Loaded resource as image file, this will not work on export: 'res://assets/art/units/factions/portraits/faction_mercer44_mac10.png'. Instead, import the image file as an Image resource and load it normally as a resource.
   at: load_from_file (core/io/image.cpp:2780)
   GDScript backtrace (most recent call first):
       [0] run (res://tools/weapon_card_refresh_20260915/check_native.gd:52)
WARNING: Loaded resource as image file, this will not work on export: 'res://assets/art/units/factions/portraits/faction_mercer44_moss500.png'. Instead, import the image file as an Image resource and load it normally as a resource.
   at: load_from_file (core/io/image.cpp:2780)
   GDScript backtrace (most recent call first):
       [0] run (res://tools/weapon_card_refresh_20260915/check_native.gd:52)
WARNING: Loaded resource as image file, this will not work on export: 'res://assets/art/units/factions/portraits/faction_mercer44_m4a1.png'. Instead, import the image file as an Image resource and load it normally as a resource.
   at: load_from_file (core/io/image.cpp:2780)
   GDScript backtrace (most recent call first):
       [0] run (res://tools/weapon_card_refresh_20260915/check_native.gd:52)
WARNING: Loaded resource as image file, this will not work on export: 'res://assets/art/units/factions/portraits/faction_mercer44_rem700.png'. Instead, import the image file as an Image resource and load it normally as a resource.
   at: load_from_file (core/io/image.cpp:2780)
   GDScript backtrace (most recent call first):
       [0] run (res://tools/weapon_card_refresh_20260915/check_native.gd:52)
WARNING: Loaded resource as image file, this will not work on export: 'res://assets/art/units/factions/portraits/faction_wm_corp_usp.png'. Instead, import the image file as an Image resource and load it normally as a resource.
   at: load_from_file (core/io/image.cpp:2780)
   GDScript backtrace (most recent call first):
       [0] run (res://tools/weapon_card_refresh_20260915/check_native.gd:52)
WARNING: Loaded resource as image file, this will not work on export: 'res://assets/art/units/factions/portraits/faction_wm_corp_uzi.png'. Instead, import the image file as an Image resource and load it normally as a resource.
   at: load_from_file (core/io/image.cpp:2780)
   GDScript backtrace (most recent call first):
       [0] run (res://tools/weapon_card_refresh_20260915/check_native.gd:52)
WARNING: Loaded resource as image file, this will not work on export: 'res://assets/art/units/factions/portraits/faction_wm_corp_benelli_m2.png'. Instead, import the image file as an Image resource and load it normally as a resource.
   at: load_from_file (core/io/image.cpp:2780)
   GDScript backtrace (most recent call first):
       [0] run (res://tools/weapon_card_refresh_20260915/check_native.gd:52)
WARNING: Loaded resource as image file, this will not work on export: 'res://assets/art/units/factions/portraits/faction_wm_corp_scar_h.png'. Instead, import the image file as an Image resource and load it normally as a resource.
   at: load_from_file (core/io/image.cpp:2780)
   GDScript backtrace (most recent call first):
       [0] run (res://tools/weapon_card_refresh_20260915/check_native.gd:52)
WARNING: Loaded resource as image file, this will not work on export: 'res://assets/art/units/factions/portraits/faction_wm_corp_rem700.png'. Instead, import the image file as an Image resource and load it normally as a resource.
   at: load_from_file (core/io/image.cpp:2780)
   GDScript backtrace (most recent call first):
       [0] run (res://tools/weapon_card_refresh_20260915/check_native.gd:52)
WARNING: Loaded resource as image file, this will not work on export: 'res://assets/art/units/factions/portraits/faction_union_sur_five_seven.png'. Instead, import the image file as an Image resource and load it normally as a resource.
   at: load_from_file (core/io/image.cpp:2780)
   GDScript backtrace (most recent call first):
       [0] run (res://tools/weapon_card_refresh_20260915/check_native.gd:52)
WARNING: Loaded resource as image file, this will not work on export: 'res://assets/art/units/factions/portraits/faction_union_sur_uzi.png'. Instead, import the image file as an Image resource and load it normally as a resource.
   at: load_from_file (core/io/image.cpp:2780)
   GDScript backtrace (most recent call first):
       [0] run (res://tools/weapon_card_refresh_20260915/check_native.gd:52)
WARNING: Loaded resource as image file, this will not work on export: 'res://assets/art/units/factions/portraits/faction_union_sur_saiga12.png'. Instead, import the image file as an Image resource and load it normally as a resource.
   at: load_from_file (core/io/image.cpp:2780)
   GDScript backtrace (most recent call first):
       [0] run (res://tools/weapon_card_refresh_20260915/check_native.gd:52)
WARNING: Loaded resource as image file, this will not work on export: 'res://assets/art/units/factions/portraits/faction_union_sur_ak47.png'. Instead, import the image file as an Image resource and load it normally as a resource.
   at: load_from_file (core/io/image.cpp:2780)
   GDScript backtrace (most recent call first):
       [0] run (res://tools/weapon_card_refresh_20260915/check_native.gd:52)
WARNING: Loaded resource as image file, this will not work on export: 'res://assets/art/units/factions/portraits/faction_union_sur_svd.png'. Instead, import the image file as an Image resource and load it normally as a resource.
   at: load_from_file (core/io/image.cpp:2780)
   GDScript backtrace (most recent call first):
       [0] run (res://tools/weapon_card_refresh_20260915/check_native.gd:52)
WARNING: Loaded resource as image file, this will not work on export: 'res://assets/art/units/factions/portraits/faction_lombardia_cz75.png'. Instead, import the image file as an Image resource and load it normally as a resource.
   at: load_from_file (core/io/image.cpp:2780)
   GDScript backtrace (most recent call first):
       [0] run (res://tools/weapon_card_refresh_20260915/check_native.gd:52)
WARNING: Loaded resource as image file, this will not work on export: 'res://assets/art/units/factions/portraits/faction_lombardia_mp5k.png'. Instead, import the image file as an Image resource and load it normally as a resource.
   at: load_from_file (core/io/image.cpp:2780)
   GDScript backtrace (most recent call first):
       [0] run (res://tools/weapon_card_refresh_20260915/check_native.gd:52)
WARNING: Loaded resource as image file, this will not work on export: 'res://assets/art/units/factions/portraits/faction_lombardia_benelli_m4.png'. Instead, import the image file as an Image resource and load it normally as a resource.
   at: load_from_file (core/io/image.cpp:2780)
   GDScript backtrace (most recent call first):
       [0] run (res://tools/weapon_card_refresh_20260915/check_native.gd:52)
WARNING: Loaded resource as image file, this will not work on export: 'res://assets/art/units/factions/portraits/faction_lombardia_g36c.png'. Instead, import the image file as an Image resource and load it normally as a resource.
   at: load_from_file (core/io/image.cpp:2780)
   GDScript backtrace (most recent call first):
       [0] run (res://tools/weapon_card_refresh_20260915/check_native.gd:52)
WARNING: Loaded resource as image file, this will not work on export: 'res://assets/art/units/factions/portraits/faction_lombardia_psg1.png'. Instead, import the image file as an Image resource and load it normally as a resource.
   at: load_from_file (core/io/image.cpp:2780)
   GDScript backtrace (most recent call first):
       [0] run (res://tools/weapon_card_refresh_20260915/check_native.gd:52)
WARNING: Loaded resource as image file, this will not work on export: 'res://assets/art/units/factions/portraits/faction_sand_raiders_m1911.png'. Instead, import the image file as an Image resource and load it normally as a resource.
   at: load_from_file (core/io/image.cpp:2780)
   GDScript backtrace (most recent call first):
       [0] run (res://tools/weapon_card_refresh_20260915/check_native.gd:52)
WARNING: Loaded resource as image file, this will not work on export: 'res://assets/art/units/factions/portraits/faction_sand_raiders_mac10.png'. Instead, import the image file as an Image resource and load it normally as a resource.
   at: load_from_file (core/io/image.cpp:2780)
   GDScript backtrace (most recent call first):
       [0] run (res://tools/weapon_card_refresh_20260915/check_native.gd:52)
WARNING: Loaded resource as image file, this will not work on export: 'res://assets/art/units/factions/portraits/faction_sand_raiders_moss500.png'. Instead, import the image file as an Image resource and load it normally as a resource.
   at: load_from_file (core/io/image.cpp:2780)
   GDScript backtrace (most recent call first):
       [0] run (res://tools/weapon_card_refresh_20260915/check_native.gd:52)
WARNING: Loaded resource as image file, this will not work on export: 'res://assets/art/units/factions/portraits/faction_sand_raiders_ak47.png'. Instead, import the image file as an Image resource and load it normally as a resource.
   at: load_from_file (core/io/image.cpp:2780)
   GDScript backtrace (most recent call first):
       [0] run (res://tools/weapon_card_refresh_20260915/check_native.gd:52)
WARNING: Loaded resource as image file, this will not work on export: 'res://assets/art/units/factions/portraits/faction_sand_raiders_sks.png'. Instead, import the image file as an Image resource and load it normally as a resource.
   at: load_from_file (core/io/image.cpp:2780)
   GDScript backtrace (most recent call first):
       [0] run (res://tools/weapon_card_refresh_20260915/check_native.gd:52)
WARNING: Loaded resource as image file, this will not work on export: 'res://assets/art/units/factions/portraits/faction_saffar_cz75.png'. Instead, import the image file as an Image resource and load it normally as a resource.
   at: load_from_file (core/io/image.cpp:2780)
   GDScript backtrace (most recent call first):
       [0] run (res://tools/weapon_card_refresh_20260915/check_native.gd:52)
WARNING: Loaded resource as image file, this will not work on export: 'res://assets/art/units/factions/portraits/faction_saffar_mp5.png'. Instead, import the image file as an Image resource and load it normally as a resource.
   at: load_from_file (core/io/image.cpp:2780)
   GDScript backtrace (most recent call first):
       [0] run (res://tools/weapon_card_refresh_20260915/check_native.gd:52)
WARNING: Loaded resource as image file, this will not work on export: 'res://assets/art/units/factions/portraits/faction_saffar_spas12.png'. Instead, import the image file as an Image resource and load it normally as a resource.
   at: load_from_file (core/io/image.cpp:2780)
   GDScript backtrace (most recent call first):
       [0] run (res://tools/weapon_card_refresh_20260915/check_native.gd:52)
WARNING: Loaded resource as image file, this will not work on export: 'res://assets/art/units/factions/portraits/faction_saffar_ak47.png'. Instead, import the image file as an Image resource and load it normally as a resource.
   at: load_from_file (core/io/image.cpp:2780)
   GDScript backtrace (most recent call first):
       [0] run (res://tools/weapon_card_refresh_20260915/check_native.gd:52)
WARNING: Loaded resource as image file, this will not work on export: 'res://assets/art/units/factions/portraits/faction_saffar_svd.png'. Instead, import the image file as an Image resource and load it normally as a resource.
   at: load_from_file (core/io/image.cpp:2780)
   GDScript backtrace (most recent call first):
       [0] run (res://tools/weapon_card_refresh_20260915/check_native.gd:52)
WARNING: Loaded resource as image file, this will not work on export: 'res://assets/art/units/factions/portraits/faction_kurgan_cz75.png'. Instead, import the image file as an Image resource and load it normally as a resource.
   at: load_from_file (core/io/image.cpp:2780)
   GDScript backtrace (most recent call first):
       [0] run (res://tools/weapon_card_refresh_20260915/check_native.gd:52)
WARNING: Loaded resource as image file, this will not work on export: 'res://assets/art/units/factions/portraits/faction_kurgan_mp5k.png'. Instead, import the image file as an Image resource and load it normally as a resource.
   at: load_from_file (core/io/image.cpp:2780)
   GDScript backtrace (most recent call first):
       [0] run (res://tools/weapon_card_refresh_20260915/check_native.gd:52)
WARNING: Loaded resource as image file, this will not work on export: 'res://assets/art/units/factions/portraits/faction_kurgan_saiga12.png'. Instead, import the image file as an Image resource and load it normally as a resource.
   at: load_from_file (core/io/image.cpp:2780)
   GDScript backtrace (most recent call first):
       [0] run (res://tools/weapon_card_refresh_20260915/check_native.gd:52)
WARNING: Loaded resource as image file, this will not work on export: 'res://assets/art/units/factions/portraits/faction_kurgan_ak47.png'. Instead, import the image file as an Image resource and load it normally as a resource.
   at: load_from_file (core/io/image.cpp:2780)
   GDScript backtrace (most recent call first):
       [0] run (res://tools/weapon_card_refresh_20260915/check_native.gd:52)
WARNING: Loaded resource as image file, this will not work on export: 'res://assets/art/units/factions/portraits/faction_kurgan_svd.png'. Instead, import the image file as an Image resource and load it normally as a resource.
   at: load_from_file (core/io/image.cpp:2780)
   GDScript backtrace (most recent call first):
       [0] run (res://tools/weapon_card_refresh_20260915/check_native.gd:52)
WARNING: Loaded resource as image file, this will not work on export: 'res://assets/art/units/factions/portraits/faction_ashford_crane_glock_17.png'. Instead, import the image file as an Image resource and load it normally as a resource.
   at: load_from_file (core/io/image.cpp:2780)
   GDScript backtrace (most recent call first):
       [0] run (res://tools/weapon_card_refresh_20260915/check_native.gd:52)
WARNING: Loaded resource as image file, this will not work on export: 'res://assets/art/units/factions/portraits/faction_ashford_crane_mp5k.png'. Instead, import the image file as an Image resource and load it normally as a resource.
   at: load_from_file (core/io/image.cpp:2780)
   GDScript backtrace (most recent call first):
       [0] run (res://tools/weapon_card_refresh_20260915/check_native.gd:52)
WARNING: Loaded resource as image file, this will not work on export: 'res://assets/art/units/factions/portraits/faction_ashford_crane_benelli_m2.png'. Instead, import the image file as an Image resource and load it normally as a resource.
   at: load_from_file (core/io/image.cpp:2780)
   GDScript backtrace (most recent call first):
       [0] run (res://tools/weapon_card_refresh_20260915/check_native.gd:52)
WARNING: Loaded resource as image file, this will not work on export: 'res://assets/art/units/factions/portraits/faction_ashford_crane_g36c.png'. Instead, import the image file as an Image resource and load it normally as a resource.
   at: load_from_file (core/io/image.cpp:2780)
   GDScript backtrace (most recent call first):
       [0] run (res://tools/weapon_card_refresh_20260915/check_native.gd:52)
WARNING: Loaded resource as image file, this will not work on export: 'res://assets/art/units/factions/portraits/faction_ashford_crane_ssg69.png'. Instead, import the image file as an Image resource and load it normally as a resource.
   at: load_from_file (core/io/image.cpp:2780)
   GDScript backtrace (most recent call first):
       [0] run (res://tools/weapon_card_refresh_20260915/check_native.gd:52)
WARNING: Loaded resource as image file, this will not work on export: 'res://assets/art/units/factions/portraits/faction_blacktop_desert_eagle.png'. Instead, import the image file as an Image resource and load it normally as a resource.
   at: load_from_file (core/io/image.cpp:2780)
   GDScript backtrace (most recent call first):
       [0] run (res://tools/weapon_card_refresh_20260915/check_native.gd:52)
WARNING: Loaded resource as image file, this will not work on export: 'res://assets/art/units/factions/portraits/faction_blacktop_vector.png'. Instead, import the image file as an Image resource and load it normally as a resource.
   at: load_from_file (core/io/image.cpp:2780)
   GDScript backtrace (most recent call first):
       [0] run (res://tools/weapon_card_refresh_20260915/check_native.gd:52)
WARNING: Loaded resource as image file, this will not work on export: 'res://assets/art/units/factions/portraits/faction_blacktop_spas12.png'. Instead, import the image file as an Image resource and load it normally as a resource.
   at: load_from_file (core/io/image.cpp:2780)
   GDScript backtrace (most recent call first):
       [0] run (res://tools/weapon_card_refresh_20260915/check_native.gd:52)
WARNING: Loaded resource as image file, this will not work on export: 'res://assets/art/units/factions/portraits/faction_blacktop_m4a1.png'. Instead, import the image file as an Image resource and load it normally as a resource.
   at: load_from_file (core/io/image.cpp:2780)
   GDScript backtrace (most recent call first):
       [0] run (res://tools/weapon_card_refresh_20260915/check_native.gd:52)
WARNING: Loaded resource as image file, this will not work on export: 'res://assets/art/units/factions/portraits/faction_blacktop_rem700.png'. Instead, import the image file as an Image resource and load it normally as a resource.
   at: load_from_file (core/io/image.cpp:2780)
   GDScript backtrace (most recent call first):
       [0] run (res://tools/weapon_card_refresh_20260915/check_native.gd:52)
NATIVE_WEAPON_CARDS 3578 FAILURES ["current Arsenal trigger icon rem870", "current Arsenal trigger icon moss500", "current Arsenal trigger icon spas12", "current Arsenal trigger icon benelli_m2", "current Arsenal trigger icon benelli_m4", "current Arsenal trigger icon saiga12", "current Arsenal trigger icon mini14", "current Arsenal trigger icon aug"]
