#options: 1280x720 fps=30/1 timebase=1/30 bitdepth=8 cabac=1 ref=1 deblock=1:0:0 analyse=0x1:0 me=dia subme=2 psy=1 psy_rd=1.00:0.00 mixed_ref=0 me_range=16 chroma_me=1 trellis=0 8x8dct=0 cqm=0 deadzone=21,11 fast_pskip=1 chroma_qp_offset=0 threads=12 lookahead_threads=4 sliced_threads=0 nr=0 decimate=1 interlaced=0 bluray_compat=0 constrained_intra=0 bframes=3 b_pyramid=2 b_adapt=1 b_bias=0 direct=1 weightb=1 open_gop=0 weightp=2 keyint=60 keyint_min=6 scenecut=40 intra_refresh=0 rc_lookahead=40 rc=abr mbtree=1 bitrate=1093 ratetol=1.0 qcomp=0.60 qpmin=0 qpmax=69 qpstep=4 ip_ratio=1.40 aq=1:1.00
in:0 out:0 type:I dur:2 cpbdur:2 q:35.20 aq:20.00 tex:343 mv:911 misc:6018 imb:3600 pmb:0 smb:0 d:- ref:;
in:1 out:1 type:i dur:2 cpbdur:2 q:35.14 aq:19.92 tex:60246 mv:20933 misc:149 imb:3600 pmb:0 smb:0 d:- ref:;
in:4 out:2 type:P dur:2 cpbdur:2 q:35.47 aq:22.94 tex:86764 mv:13489 misc:1139 imb:2306 pmb:976 smb:318 d:- ref:0 w:3,31,-46,0,2,-128,2,-128 ;
in:2 out:3 type:B dur:2 cpbdur:2 q:35.47 aq:21.36 tex:2366 mv:684 misc:1214 imb:29 pmb:554 smb:3017 d:- ref:0 ;
in:3 out:4 type:b dur:2 cpbdur:2 q:35.47 aq:28.38 tex:120 mv:71 misc:281 imb:4 pmb:8 smb:3588 d:- ref:0 ;
in:8 out:5 type:P dur:2 cpbdur:2 q:35.58 aq:22.90 tex:103888 mv:14407 misc:1153 imb:1804 pmb:1541 smb:255 d:- ref:0 w:0,2,-16,4,32,-128,31,-119 ;
in:6 out:6 type:B dur:2 cpbdur:2 q:35.52 aq:21.32 tex:1204 mv:974 misc:894 imb:78 pmb:126 smb:3396 d:- ref:0 ;
in:5 out:7 type:b dur:2 cpbdur:2 q:35.50 aq:20.81 tex:411 mv:126 misc:487 imb:1 pmb:69 smb:3530 d:- ref:0 ;
in:7 out:8 type:b dur:2 cpbdur:2 q:35.55 aq:21.17 tex:596 mv:154 misc:666 imb:1 pmb:133 smb:3466 d:- ref:0 ;
in:12 out:9 type:P dur:2 cpbdur:2 q:35.52 aq:24.09 tex:20468 mv:1601 misc:2035 imb:59 pmb:420 smb:3121 d:- ref:0 ;
in:10 out:10 type:B dur:2 cpbdur:2 q:35.55 aq:35.00 tex:3 mv:35 misc:346 imb:0 pmb:25 smb:3575 d:- ref:0 ;
in:9 out:11 type:b dur:2 cpbdur:2 q:35.56 aq:36.00 tex:20 mv:63 misc:325 imb:0 pmb:25 smb:3575 d:- ref:0 ;
in:11 out:12 type:b dur:2 cpbdur:2 q:35.53 aq:36.00 tex:0 mv:0 misc:224 imb:0 pmb:0 smb:3600 d:- ref:0 ;
in:16 out:13 type:P dur:2 cpbdur:2 q:35.97 aq:24.75 tex:1704 mv:280 misc:656 imb:12 pmb:58 smb:3530 d:- ref:0 ;
in:14 out:14 type:B dur:2 cpbdur:2 q:35.74 aq:35.00 tex:0 mv:0 misc:240 imb:0 pmb:0 smb:3600 d:- ref:0 ;
in:13 out:15 type:b dur:2 cpbdur:2 q:35.63 aq:36.00 tex:0 mv:0 misc:224 imb:0 pmb:0 smb:3600 d:- ref:0 ;
in:15 out:16 type:b dur:2 cpbdur:2 q:35.86 aq:36.00 tex:0 mv:0 misc:224 imb:0 pmb:0 smb:3600 d:- ref:0 ;
in:20 out:17 type:P dur:2 cpbdur:2 q:37.30 aq:28.86 tex:84 mv:46 misc:286 imb:5 pmb:1 smb:3594 d:- ref:0 ;
in:18 out:18 type:B dur:2 cpbdur:2 q:36.64 aq:36.00 tex:0 mv:0 misc:240 imb:0 pmb:0 smb:3600 d:- ref:0 ;
in:17 out:19 type:b dur:2 cpbdur:2 q:36.30 aq:36.00 tex:0 mv:0 misc:224 imb:0 pmb:0 smb:3600 d:- ref:0 ;
in:19 out:20 type:b dur:2 cpbdur:2 q:36.97 aq:37.00 tex:0 mv:0 misc:224 imb:0 pmb:0 smb:3600 d:- ref:0 ;
in:24 out:21 type:P dur:2 cpbdur:2 q:33.26 aq:22.07 tex:74872 mv:4837 misc:2979 imb:280 pmb:1290 smb:2030 d:- ref:0 ;
in:22 out:22 type:B dur:2 cpbdur:2 q:35.28 aq:34.00 tex:0 mv:0 misc:240 imb:0 pmb:0 smb:3600 d:- ref:0 ;
in:21 out:23 type:b dur:2 cpbdur:2 q:36.29 aq:36.00 tex:0 mv:0 misc:224 imb:0 pmb:0 smb:3600 d:- ref:0 ;
in:23 out:24 type:b dur:2 cpbdur:2 q:34.27 aq:34.00 tex:0 mv:0 misc:224 imb:0 pmb:0 smb:3600 d:- ref:0 ;
in:28 out:25 type:P dur:2 cpbdur:2 q:29.95 aq:17.92 tex:176568 mv:10476 misc:2084 imb:883 pmb:1857 smb:860 d:- ref:0 ;
in:26 out:26 type:B dur:2 cpbdur:2 q:31.60 aq:31.00 tex:1 mv:5 misc:242 imb:0 pmb:1 smb:3599 d:- ref:0 ;
in:25 out:27 type:b dur:2 cpbdur:2 q:32.43 aq:33.00 tex:0 mv:0 misc:216 imb:0 pmb:0 smb:3600 d:- ref:0 ;
in:27 out:28 type:b dur:2 cpbdur:2 q:30.78 aq:31.00 tex:0 mv:0 misc:216 imb:0 pmb:0 smb:3600 d:- ref:0 ;
in:32 out:29 type:P dur:2 cpbdur:2 q:27.17 aq:15.24 tex:178407 mv:7787 misc:2462 imb:631 pmb:1948 smb:1021 d:- ref:0 ;
in:30 out:30 type:B dur:2 cpbdur:2 q:28.56 aq:22.00 tex:48 mv:24 misc:288 imb:0 pmb:7 smb:3593 d:- ref:0 ;
in:29 out:31 type:b dur:2 cpbdur:2 q:29.25 aq:29.00 tex:0 mv:0 misc:216 imb:0 pmb:0 smb:3600 d:- ref:0 ;
in:31 out:32 type:b dur:2 cpbdur:2 q:27.87 aq:28.00 tex:0 mv:0 misc:216 imb:0 pmb:0 smb:3600 d:- ref:0 ;
in:36 out:33 type:P dur:2 cpbdur:2 q:26.72 aq:15.10 tex:47573 mv:2294 misc:3141 imb:130 pmb:997 smb:2473 d:- ref:0 ;
in:34 out:34 type:B dur:2 cpbdur:2 q:26.95 aq:22.31 tex:87 mv:24 misc:273 imb:0 pmb:10 smb:3590 d:- ref:0 ;
in:33 out:35 type:b dur:2 cpbdur:2 q:27.06 aq:23.64 tex:88 mv:21 misc:251 imb:0 pmb:9 smb:3591 d:- ref:0 ;
in:35 out:36 type:b dur:2 cpbdur:2 q:26.84 aq:24.44 tex:63 mv:20 misc:237 imb:0 pmb:8 smb:3592 d:- ref:0 ;
in:40 out:37 type:P dur:2 cpbdur:2 q:27.96 aq:15.12 tex:2848 mv:337 misc:1231 imb:19 pmb:180 smb:3401 d:- ref:0 ;
in:38 out:38 type:B dur:2 cpbdur:2 q:27.34 aq:23.44 tex:62 mv:19 misc:263 imb:0 pmb:8 smb:3592 d:- ref:0 ;
in:37 out:39 type:b dur:2 cpbdur:2 q:27.03 aq:24.44 tex:63 mv:20 misc:237 imb:0 pmb:8 smb:3592 d:- ref:0 ;
in:39 out:40 type:b dur:2 cpbdur:2 q:27.65 aq:28.00 tex:0 mv:0 misc:216 imb:0 pmb:0 smb:3600 d:- ref:0 ;
in:44 out:41 type:P dur:2 cpbdur:2 q:28.81 aq:15.19 tex:727 mv:119 misc:642 imb:5 pmb:58 smb:3537 d:- ref:0 ;
in:42 out:42 type:B dur:2 cpbdur:2 q:28.38 aq:24.31 tex:23 mv:4 misc:245 imb:0 pmb:1 smb:3599 d:- ref:0 ;
in:41 out:43 type:b dur:2 cpbdur:2 q:28.17 aq:28.00 tex:0 mv:0 misc:216 imb:0 pmb:0 smb:3600 d:- ref:0 ;
in:43 out:44 type:b dur:2 cpbdur:2 q:28.60 aq:29.00 tex:0 mv:0 misc:216 imb:0 pmb:0 smb:3600 d:- ref:0 ;
in:48 out:45 type:P dur:2 cpbdur:2 q:27.96 aq:13.60 tex:1254 mv:157 misc:733 imb:8 pmb:72 smb:3520 d:- ref:0 ;
in:46 out:46 type:B dur:2 cpbdur:2 q:28.39 aq:24.31 tex:23 mv:4 misc:245 imb:0 pmb:1 smb:3599 d:- ref:0 ;
in:45 out:47 type:b dur:2 cpbdur:2 q:28.60 aq:29.00 tex:0 mv:0 misc:216 imb:0 pmb:0 smb:3600 d:- ref:0 ;
in:47 out:48 type:b dur:2 cpbdur:2 q:28.17 aq:28.00 tex:0 mv:0 misc:216 imb:0 pmb:0 smb:3600 d:- ref:0 ;
in:52 out:49 type:P dur:2 cpbdur:2 q:26.37 aq:14.35 tex:8997 mv:550 misc:1509 imb:33 pmb:225 smb:3342 d:- ref:0 ;
in:50 out:50 type:B dur:2 cpbdur:2 q:27.17 aq:23.04 tex:54 mv:11 misc:263 imb:0 pmb:3 smb:3597 d:- ref:0 ;
in:49 out:51 type:b dur:2 cpbdur:2 q:27.57 aq:25.31 tex:23 mv:4 misc:229 imb:0 pmb:1 smb:3599 d:- ref:0 ;
in:51 out:52 type:b dur:2 cpbdur:2 q:26.77 aq:27.00 tex:0 mv:0 misc:216 imb:0 pmb:0 smb:3600 d:- ref:0 ;
in:56 out:53 type:P dur:2 cpbdur:2 q:24.73 aq:14.01 tex:63061 mv:2506 misc:3305 imb:197 pmb:1116 smb:2287 d:- ref:0 ;
in:54 out:54 type:B dur:2 cpbdur:2 q:25.55 aq:19.78 tex:66 mv:15 misc:271 imb:0 pmb:4 smb:3596 d:- ref:0 ;
in:53 out:55 type:b dur:2 cpbdur:2 q:25.96 aq:26.00 tex:0 mv:0 misc:216 imb:0 pmb:0 smb:3600 d:- ref:0 ;
in:55 out:56 type:b dur:2 cpbdur:2 q:25.14 aq:25.00 tex:0 mv:0 misc:216 imb:0 pmb:0 smb:3600 d:- ref:0 ;
in:59 out:57 type:P dur:2 cpbdur:2 q:23.25 aq:11.71 tex:76 mv:78 misc:326 imb:3 pmb:6 smb:3591 d:- ref:0 ;
in:57 out:58 type:B dur:2 cpbdur:2 q:24.24 aq:12.50 tex:57 mv:24 misc:295 imb:0 pmb:7 smb:3593 d:- ref:0 ;
in:58 out:59 type:b dur:2 cpbdur:2 q:23.74 aq:15.52 tex:64 mv:13 misc:251 imb:0 pmb:4 smb:3596 d:- ref:0 ;
in:60 out:60 type:I dur:2 cpbdur:2 q:24.96 aq:13.67 tex:540991 mv:59786 misc:527 imb:3600 pmb:0 smb:0 d:- ref:;
in:64 out:61 type:P dur:2 cpbdur:2 q:24.68 aq:14.50 tex:6405 mv:802 misc:1785 imb:52 pmb:292 smb:3256 d:- ref:0 ;
in:62 out:62 type:B dur:2 cpbdur:2 q:24.68 aq:20.23 tex:522 mv:89 misc:429 imb:2 pmb:30 smb:3568 d:- ref:0 ;
in:61 out:63 type:b dur:2 cpbdur:2 q:24.68 aq:25.56 tex:203 mv:50 misc:283 imb:2 pmb:7 smb:3591 d:- ref:0 ;
in:63 out:64 type:b dur:2 cpbdur:2 q:24.68 aq:25.56 tex:110 mv:39 misc:259 imb:2 pmb:3 smb:3595 d:- ref:0 ;
in:68 out:65 type:P dur:2 cpbdur:2 q:24.02 aq:13.94 tex:3136 mv:461 misc:1075 imb:36 pmb:124 smb:3440 d:- ref:0 ;
in:66 out:66 type:B dur:2 cpbdur:2 q:24.35 aq:19.80 tex:263 mv:63 misc:402 imb:1 pmb:24 smb:3575 d:- ref:0 ;
in:65 out:67 type:b dur:2 cpbdur:2 q:24.52 aq:18.39 tex:51 mv:23 misc:270 imb:0 pmb:6 smb:3594 d:- ref:0 ;
in:67 out:68 type:b dur:2 cpbdur:2 q:24.19 aq:16.86 tex:44 mv:13 misc:247 imb:0 pmb:3 smb:3597 d:- ref:0 ;
in:72 out:69 type:P dur:2 cpbdur:2 q:23.08 aq:13.86 tex:2647 mv:307 misc:1006 imb:25 pmb:112 smb:3463 d:- ref:0 ;
in:70 out:70 type:B dur:2 cpbdur:2 q:23.55 aq:18.54 tex:292 mv:43 misc:377 imb:1 pmb:20 smb:3579 d:- ref:0 ;
in:69 out:71 type:b dur:2 cpbdur:2 q:23.79 aq:20.90 tex:106 mv:25 misc:293 imb:0 pmb:9 smb:3591 d:- ref:0 ;
in:71 out:72 type:b dur:2 cpbdur:2 q:23.31 aq:20.46 tex:78 mv:22 misc:268 imb:0 pmb:6 smb:3594 d:- ref:0 ;
in:76 out:73 type:P dur:2 cpbdur:2 q:23.93 aq:16.27 tex:485 mv:125 misc:470 imb:7 pmb:28 smb:3565 d:- ref:0 ;
in:74 out:74 type:B dur:2 cpbdur:2 q:23.51 aq:17.67 tex:230 mv:36 misc:334 imb:1 pmb:13 smb:3586 d:- ref:0 ;
in:73 out:75 type:b dur:2 cpbdur:2 q:23.29 aq:22.01 tex:68 mv:17 misc:259 imb:0 pmb:5 smb:3595 d:- ref:0 ;
in:75 out:76 type:b dur:2 cpbdur:2 q:23.72 aq:24.00 tex:0 mv:0 misc:216 imb:0 pmb:0 smb:3600 d:- ref:0 ;
in:80 out:77 type:P dur:2 cpbdur:2 q:22.92 aq:15.94 tex:342385 mv:18320 misc:1495 imb:1525 pmb:1426 smb:649 d:- ref:0 ;
in:78 out:78 type:B dur:2 cpbdur:2 q:23.43 aq:20.22 tex:101169 mv:12441 misc:2830 imb:319 pmb:1622 smb:1659 d:- ref:0 ;
in:77 out:79 type:b dur:2 cpbdur:2 q:23.68 aq:17.61 tex:303 mv:245 misc:1492 imb:0 pmb:383 smb:3217 d:- ref:0 ;
in:79 out:80 type:b dur:2 cpbdur:2 q:23.17 aq:20.54 tex:97678 mv:15358 misc:2788 imb:392 pmb:1673 smb:1535 d:- ref:0 ;
in:84 out:81 type:P dur:2 cpbdur:2 q:22.83 aq:15.82 tex:277660 mv:18406 misc:1294 imb:1744 pmb:1480 smb:376 d:- ref:0 ;
in:82 out:82 type:B dur:2 cpbdur:2 q:22.88 aq:18.12 tex:207452 mv:24127 misc:2205 imb:788 pmb:1953 smb:859 d:- ref:0 ;
in:81 out:83 type:b dur:2 cpbdur:2 q:22.90 aq:20.06 tex:112553 mv:17983 misc:2600 imb:513 pmb:1777 smb:1310 d:- ref:0 ;
in:83 out:84 type:b dur:2 cpbdur:2 q:22.85 aq:19.58 tex:130158 mv:19734 misc:2516 imb:577 pmb:1839 smb:1184 d:- ref:0 ;
in:88 out:85 type:P dur:2 cpbdur:2 q:22.67 aq:16.68 tex:261167 mv:19885 misc:732 imb:2147 pmb:1359 smb:94 d:- ref:0 ;
in:86 out:86 type:B dur:2 cpbdur:2 q:22.75 aq:17.47 tex:180211 mv:23518 misc:2135 imb:886 pmb:2073 smb:641 d:- ref:0 ;
in:85 out:87 type:b dur:2 cpbdur:2 q:22.79 aq:19.58 tex:157236 mv:22477 misc:2455 imb:820 pmb:1853 smb:927 d:- ref:0 ;
in:87 out:88 type:b dur:2 cpbdur:2 q:22.71 aq:18.99 tex:151835 mv:21270 misc:2463 imb:747 pmb:1905 smb:948 d:- ref:0 ;
in:91 out:89 type:P dur:2 cpbdur:2 q:24.01 aq:18.00 tex:263748 mv:20743 misc:1149 imb:2053 pmb:1242 smb:305 d:- ref:0 ;
in:89 out:90 type:B dur:2 cpbdur:2 q:23.11 aq:19.18 tex:171494 mv:24101 misc:2269 imb:859 pmb:1922 smb:819 d:- ref:0 ;
in:90 out:91 type:b dur:2 cpbdur:2 q:23.56 aq:20.19 tex:129325 mv:21714 misc:2569 imb:844 pmb:1736 smb:1020 d:- ref:0 ;
in:94 out:92 type:P dur:2 cpbdur:2 q:25.18 aq:19.50 tex:176724 mv:17554 misc:1578 imb:1848 pmb:1248 smb:504 d:- ref:0 ;
in:92 out:93 type:B dur:2 cpbdur:2 q:24.40 aq:20.20 tex:150460 mv:23601 misc:2339 imb:887 pmb:1904 smb:809 d:- ref:0 ;
in:93 out:94 type:b dur:2 cpbdur:2 q:24.79 aq:21.40 tex:91103 mv:19119 misc:2826 imb:656 pmb:1740 smb:1204 d:- ref:0 ;
in:95 out:95 type:P dur:2 cpbdur:2 q:27.58 aq:21.17 tex:114170 mv:14789 misc:2369 imb:1357 pmb:1103 smb:1140 d:- ref:0 ;
in:97 out:96 type:P dur:2 cpbdur:2 q:28.14 aq:21.64 tex:105005 mv:14864 misc:2251 imb:1420 pmb:1175 smb:1005 d:- ref:0 ;
in:96 out:97 type:b dur:2 cpbdur:2 q:27.86 aq:24.22 tex:58007 mv:14679 misc:2866 imb:432 pmb:1382 smb:1786 d:- ref:0 ;
in:98 out:98 type:P dur:2 cpbdur:2 q:29.53 aq:23.77 tex:85061 mv:13294 misc:2549 imb:1123 pmb:1096 smb:1381 d:- ref:0 ;
in:100 out:99 type:P dur:2 cpbdur:2 q:30.15 aq:23.65 tex:77966 mv:12229 misc:2485 imb:1008 pmb:1087 smb:1505 d:- ref:0 w:6,65,0 ;
in:99 out:100 type:b dur:2 cpbdur:2 q:29.84 aq:25.71 tex:22417 mv:10217 misc:2718 imb:307 pmb:1085 smb:2208 d:- ref:0 ;
in:101 out:101 type:P dur:2 cpbdur:2 q:31.13 aq:23.34 tex:39566 mv:8946 misc:2744 imb:680 pmb:933 smb:1987 d:- ref:0 ;
in:102 out:102 type:P dur:2 cpbdur:2 q:31.59 aq:24.21 tex:44122 mv:10192 misc:2526 imb:770 pmb:1141 smb:1689 d:- ref:0 ;
in:105 out:103 type:P dur:2 cpbdur:2 q:31.92 aq:25.55 tex:142340 mv:16909 misc:1439 imb:2472 pmb:420 smb:708 d:- ref:0 w:0,1,1 ;
in:103 out:104 type:B dur:2 cpbdur:2 q:31.70 aq:24.71 tex:24347 mv:10289 misc:2540 imb:295 pmb:1034 smb:2271 d:- ref:0 ;
in:104 out:105 type:b dur:2 cpbdur:2 q:31.81 aq:26.72 tex:15857 mv:8166 misc:2377 imb:213 pmb:978 smb:2409 d:- ref:0 ;
in:106 out:106 type:P dur:2 cpbdur:2 q:32.85 aq:26.43 tex:52817 mv:10156 misc:2459 imb:820 pmb:871 smb:1909 d:- ref:0 ;
in:107 out:107 type:P dur:2 cpbdur:2 q:33.06 aq:26.38 tex:42835 mv:10351 misc:2382 imb:768 pmb:944 smb:1888 d:- ref:0 ;
in:109 out:108 type:P dur:2 cpbdur:2 q:33.25 aq:26.17 tex:58601 mv:10368 misc:2479 imb:799 pmb:982 smb:1819 d:- ref:0 w:0,1,1 ;
in:108 out:109 type:b dur:2 cpbdur:2 q:33.16 aq:28.77 tex:8087 mv:6314 misc:1927 imb:159 pmb:697 smb:2744 d:- ref:0 ;
in:113 out:110 type:P dur:2 cpbdur:2 q:33.51 aq:26.18 tex:172129 mv:19067 misc:804 imb:3026 pmb:391 smb:183 d:- ref:0 w:0,1,2 ;
in:111 out:111 type:B dur:2 cpbdur:2 q:33.38 aq:27.94 tex:13085 mv:8749 misc:2438 imb:252 pmb:811 smb:2537 d:- ref:0 ;
in:110 out:112 type:b dur:2 cpbdur:2 q:33.31 aq:28.87 tex:10283 mv:6854 misc:2071 imb:161 pmb:655 smb:2784 d:- ref:0 ;
in:112 out:113 type:b dur:2 cpbdur:2 q:33.44 aq:28.56 tex:13151 mv:6997 misc:2292 imb:205 pmb:748 smb:2647 d:- ref:0 ;
in:115 out:114 type:P dur:2 cpbdur:2 q:33.65 aq:27.12 tex:28565 mv:5345 misc:2082 imb:483 pmb:500 smb:2617 d:- ref:0 ;
in:114 out:115 type:b dur:2 cpbdur:2 q:33.58 aq:26.54 tex:3450 mv:2705 misc:693 imb:80 pmb:199 smb:3321 d:- ref:0 ;
in:119 out:116 type:P dur:2 cpbdur:2 q:34.02 aq:28.47 tex:54258 mv:10829 misc:2457 imb:726 pmb:1023 smb:1851 d:- ref:0 w:0,1,1 ;
in:117 out:117 type:B dur:2 cpbdur:2 q:33.83 aq:31.30 tex:14519 mv:5295 misc:1898 imb:122 pmb:619 smb:2859 d:- ref:0 ;
in:116 out:118 type:b dur:2 cpbdur:2 q:33.74 aq:29.96 tex:5229 mv:3828 misc:1303 imb:93 pmb:414 smb:3093 d:- ref:0 ;
in:118 out:119 type:b dur:2 cpbdur:2 q:33.93 aq:34.84 tex:6609 mv:3646 misc:1353 imb:79 pmb:347 smb:3174 d:- ref:0 ;
in:120 out:120 type:I dur:2 cpbdur:2 q:27.41 aq:21.80 tex:265349 mv:45229 misc:526 imb:3600 pmb:0 smb:0 d:- ref:;
in:124 out:121 type:P dur:2 cpbdur:2 q:34.40 aq:28.80 tex:67397 mv:11721 misc:2378 imb:743 pmb:931 smb:1926 d:- ref:0 w:7,127,1 ;
in:122 out:122 type:B dur:2 cpbdur:2 q:34.40 aq:32.33 tex:13861 mv:6827 misc:2040 imb:123 pmb:727 smb:2750 d:- ref:0 ;
in:121 out:123 type:b dur:2 cpbdur:2 q:34.40 aq:32.72 tex:7988 mv:4604 misc:1784 imb:78 pmb:548 smb:2974 d:- ref:0 ;
in:123 out:124 type:b dur:2 cpbdur:2 q:34.40 aq:31.31 tex:10645 mv:5690 misc:1905 imb:197 pmb:536 smb:2867 d:- ref:0 ;
in:128 out:125 type:P dur:2 cpbdur:2 q:34.81 aq:28.22 tex:59546 mv:13473 misc:2525 imb:950 pmb:1002 smb:1648 d:- ref:0 ;
in:126 out:126 type:B dur:2 cpbdur:2 q:34.61 aq:32.44 tex:14599 mv:8482 misc:2287 imb:138 pmb:827 smb:2635 d:- ref:0 ;
in:125 out:127 type:b dur:2 cpbdur:2 q:34.50 aq:34.75 tex:9095 mv:5021 misc:1836 imb:96 pmb:508 smb:2996 d:- ref:0 ;
in:127 out:128 type:b dur:2 cpbdur:2 q:34.71 aq:35.16 tex:8509 mv:5208 misc:1795 imb:97 pmb:514 smb:2989 d:- ref:0 ;
in:132 out:129 type:P dur:2 cpbdur:2 q:34.80 aq:29.63 tex:61948 mv:12858 misc:2546 imb:739 pmb:1042 smb:1819 d:- ref:0 ;
in:130 out:130 type:B dur:2 cpbdur:2 q:34.81 aq:33.40 tex:11358 mv:8651 misc:2575 imb:123 pmb:842 smb:2635 d:- ref:0 ;
in:129 out:131 type:b dur:2 cpbdur:2 q:34.81 aq:35.13 tex:9196 mv:5239 misc:1845 imb:62 pmb:609 smb:2929 d:- ref:0 ;
in:131 out:132 type:b dur:2 cpbdur:2 q:34.81 aq:34.87 tex:5111 mv:4297 misc:1904 imb:66 pmb:507 smb:3027 d:- ref:0 ;
in:136 out:133 type:P dur:2 cpbdur:2 q:35.18 aq:29.37 tex:43692 mv:13188 misc:2608 imb:826 pmb:978 smb:1796 d:- ref:0 ;
in:134 out:134 type:B dur:2 cpbdur:2 q:34.99 aq:33.31 tex:11747 mv:9515 misc:2530 imb:156 pmb:878 smb:2566 d:- ref:0 ;
in:133 out:135 type:b dur:2 cpbdur:2 q:34.90 aq:33.81 tex:6176 mv:4793 misc:1815 imb:84 pmb:519 smb:2997 d:- ref:0 ;
in:135 out:136 type:b dur:2 cpbdur:2 q:35.08 aq:35.92 tex:7861 mv:4825 misc:1834 imb:74 pmb:514 smb:3012 d:- ref:0 ;
in:140 out:137 type:P dur:2 cpbdur:2 q:35.09 aq:29.34 tex:42551 mv:11780 misc:2589 imb:725 pmb:891 smb:1984 d:- ref:0 ;
in:138 out:138 type:B dur:2 cpbdur:2 q:35.13 aq:31.87 tex:9865 mv:8981 misc:2394 imb:135 pmb:857 smb:2608 d:- ref:0 ;
in:137 out:139 type:b dur:2 cpbdur:2 q:35.16 aq:34.28 tex:4526 mv:4750 misc:1812 imb:85 pmb:485 smb:3030 d:- ref:0 ;
in:139 out:140 type:b dur:2 cpbdur:2 q:35.11 aq:34.24 tex:5054 mv:5170 misc:1864 imb:74 pmb:536 smb:2990 d:- ref:0 ;
in:144 out:141 type:P dur:2 cpbdur:2 q:35.10 aq:29.04 tex:42157 mv:12804 misc:2479 imb:771 pmb:904 smb:1925 d:- ref:0 ;
in:142 out:142 type:B dur:2 cpbdur:2 q:35.09 aq:31.90 tex:10891 mv:9555 misc:2386 imb:171 pmb:821 smb:2608 d:- ref:0 ;
in:141 out:143 type:b dur:2 cpbdur:2 q:35.09 aq:34.71 tex:5221 mv:5193 misc:1794 imb:83 pmb:507 smb:3010 d:- ref:0 ;
in:143 out:144 type:b dur:2 cpbdur:2 q:35.09 aq:34.08 tex:6442 mv:5145 misc:1901 imb:90 pmb:520 smb:2990 d:- ref:0 ;
in:148 out:145 type:P dur:2 cpbdur:2 q:35.03 aq:28.70 tex:52455 mv:13648 misc:2425 imb:1034 pmb:894 smb:1672 d:- ref:0 ;
in:146 out:146 type:B dur:2 cpbdur:2 q:35.06 aq:32.57 tex:14199 mv:10409 misc:2552 imb:208 pmb:835 smb:2557 d:- ref:0 ;
in:145 out:147 type:b dur:2 cpbdur:2 q:35.08 aq:34.80 tex:6326 mv:5600 misc:2026 imb:74 pmb:578 smb:2948 d:- ref:0 ;
in:147 out:148 type:b dur:2 cpbdur:2 q:35.05 aq:34.56 tex:6523 mv:5788 misc:2033 imb:92 pmb:628 smb:2880 d:- ref:0 ;
in:152 out:149 type:P dur:2 cpbdur:2 q:34.98 aq:29.73 tex:46538 mv:12450 misc:2532 imb:837 pmb:907 smb:1856 d:- ref:0 ;
in:150 out:150 type:B dur:2 cpbdur:2 q:35.01 aq:32.23 tex:11995 mv:9893 misc:2632 imb:154 pmb:960 smb:2486 d:- ref:0 ;
in:149 out:151 type:b dur:2 cpbdur:2 q:35.02 aq:34.75 tex:6640 mv:5813 misc:2067 imb:106 pmb:534 smb:2960 d:- ref:0 ;
in:151 out:152 type:b dur:2 cpbdur:2 q:34.99 aq:35.59 tex:4608 mv:5272 misc:2016 imb:74 pmb:545 smb:2981 d:- ref:0 ;
in:156 out:153 type:P dur:2 cpbdur:2 q:34.89 aq:28.50 tex:46102 mv:13568 misc:2498 imb:948 pmb:932 smb:1720 d:- ref:0 ;
in:154 out:154 type:B dur:2 cpbdur:2 q:34.93 aq:32.50 tex:15192 mv:10302 misc:2482 imb:185 pmb:892 smb:2523 d:- ref:0 ;
in:153 out:155 type:b dur:2 cpbdur:2 q:34.96 aq:32.87 tex:8191 mv:6214 misc:2027 imb:122 pmb:613 smb:2865 d:- ref:0 ;
in:155 out:156 type:b dur:2 cpbdur:2 q:34.91 aq:32.52 tex:6999 mv:5784 misc:2145 imb:104 pmb:616 smb:2880 d:- ref:0 ;
in:160 out:157 type:P dur:2 cpbdur:2 q:34.86 aq:28.63 tex:46993 mv:13439 misc:2472 imb:853 pmb:1022 smb:1725 d:- ref:0 ;
in:158 out:158 type:B dur:2 cpbdur:2 q:34.87 aq:32.21 tex:16804 mv:10279 misc:2557 imb:267 pmb:805 smb:2528 d:- ref:0 ;
in:157 out:159 type:b dur:2 cpbdur:2 q:34.88 aq:33.60 tex:7345 mv:5765 misc:1962 imb:105 pmb:544 smb:2951 d:- ref:0 ;
in:159 out:160 type:b dur:2 cpbdur:2 q:34.86 aq:33.55 tex:8279 mv:5737 misc:2080 imb:114 pmb:582 smb:2904 d:- ref:0 ;
in:164 out:161 type:P dur:2 cpbdur:2 q:34.83 aq:28.42 tex:46295 mv:12849 misc:2456 imb:868 pmb:966 smb:1766 d:- ref:0 ;
in:162 out:162 type:B dur:2 cpbdur:2 q:34.85 aq:32.52 tex:14310 mv:10296 misc:2506 imb:232 pmb:835 smb:2533 d:- ref:0 ;
in:161 out:163 type:b dur:2 cpbdur:2 q:34.85 aq:33.54 tex:8518 mv:6371 misc:2135 imb:146 pmb:591 smb:2863 d:- ref:0 ;
in:163 out:164 type:b dur:2 cpbdur:2 q:34.84 aq:33.34 tex:9246 mv:6625 misc:2153 imb:148 pmb:678 smb:2774 d:- ref:0 ;
in:168 out:165 type:P dur:2 cpbdur:2 q:34.80 aq:29.10 tex:50980 mv:12942 misc:2590 imb:813 pmb:941 smb:1846 d:- ref:0 ;
in:166 out:166 type:B dur:2 cpbdur:2 q:34.82 aq:31.71 tex:17771 mv:10333 misc:2496 imb:248 pmb:812 smb:2540 d:- ref:0 ;
in:165 out:167 type:b dur:2 cpbdur:2 q:34.83 aq:33.46 tex:8877 mv:6611 misc:2136 imb:165 pmb:583 smb:2852 d:- ref:0 ;
in:167 out:168 type:b dur:2 cpbdur:2 q:34.81 aq:34.13 tex:8791 mv:6405 misc:2220 imb:126 pmb:610 smb:2864 d:- ref:0 ;
in:172 out:169 type:P dur:2 cpbdur:2 q:34.79 aq:28.86 tex:54563 mv:13000 misc:2445 imb:889 pmb:946 smb:1765 d:- ref:0 ;
in:170 out:170 type:B dur:2 cpbdur:2 q:34.80 aq:32.10 tex:16507 mv:10109 misc:2384 imb:191 pmb:870 smb:2539 d:- ref:0 ;
in:169 out:171 type:b dur:2 cpbdur:2 q:34.80 aq:33.55 tex:8517 mv:6120 misc:2203 imb:140 pmb:617 smb:2843 d:- ref:0 ;
in:171 out:172 type:b dur:2 cpbdur:2 q:34.79 aq:35.04 tex:9612 mv:6549 misc:2079 imb:142 pmb:609 smb:2849 d:- ref:0 ;
in:176 out:173 type:P dur:2 cpbdur:2 q:34.78 aq:29.22 tex:52521 mv:12900 misc:2355 imb:856 pmb:945 smb:1799 d:- ref:0 ;
in:174 out:174 type:B dur:2 cpbdur:2 q:34.78 aq:32.67 tex:15002 mv:11144 misc:2606 imb:262 pmb:872 smb:2466 d:- ref:0 ;
in:173 out:175 type:b dur:2 cpbdur:2 q:34.79 aq:33.32 tex:9330 mv:7246 misc:2200 imb:174 pmb:652 smb:2774 d:- ref:0 ;
in:175 out:176 type:b dur:2 cpbdur:2 q:34.78 aq:33.99 tex:8909 mv:7426 misc:2185 imb:167 pmb:660 smb:2773 d:- ref:0 ;
in:179 out:177 type:P dur:2 cpbdur:2 q:34.79 aq:32.57 tex:20623 mv:8635 misc:2454 imb:708 pmb:605 smb:2287 d:- ref:0 ;
in:177 out:178 type:B dur:2 cpbdur:2 q:34.79 aq:34.40 tex:10490 mv:8280 misc:2382 imb:196 pmb:712 smb:2692 d:- ref:0 ;
in:178 out:179 type:b dur:2 cpbdur:2 q:34.79 aq:34.60 tex:11491 mv:7334 misc:2351 imb:182 pmb:657 smb:2761 d:- ref:0 ;
in:180 out:180 type:I dur:2 cpbdur:2 q:31.72 aq:25.65 tex:187484 mv:39548 misc:520 imb:3600 pmb:0 smb:0 d:- ref:;
in:184 out:181 type:P dur:2 cpbdur:2 q:35.05 aq:30.62 tex:52947 mv:12829 misc:2176 imb:910 pmb:891 smb:1799 d:- ref:0 ;
in:182 out:182 type:B dur:2 cpbdur:2 q:35.05 aq:32.68 tex:15738 mv:10676 misc:2498 imb:228 pmb:853 smb:2519 d:- ref:0 ;
in:181 out:183 type:b dur:2 cpbdur:2 q:35.05 aq:34.67 tex:8276 mv:6878 misc:2142 imb:157 pmb:585 smb:2858 d:- ref:0 ;
in:183 out:184 type:b dur:2 cpbdur:2 q:35.05 aq:35.69 tex:9705 mv:6291 misc:2060 imb:142 pmb:598 smb:2860 d:- ref:0 ;
in:188 out:185 type:P dur:2 cpbdur:2 q:35.05 aq:30.47 tex:52052 mv:12795 misc:2321 imb:1014 pmb:876 smb:1710 d:- ref:0 ;
in:186 out:186 type:B dur:2 cpbdur:2 q:35.05 aq:33.03 tex:14157 mv:10025 misc:2434 imb:241 pmb:816 smb:2543 d:- ref:0 ;
in:185 out:187 type:b dur:2 cpbdur:2 q:35.05 aq:35.19 tex:7307 mv:6560 misc:2125 imb:132 pmb:613 smb:2855 d:- ref:0 ;
in:187 out:188 type:b dur:2 cpbdur:2 q:35.05 aq:36.79 tex:7797 mv:6328 misc:1987 imb:122 pmb:603 smb:2875 d:- ref:0 ;
in:192 out:189 type:P dur:2 cpbdur:2 q:34.97 aq:29.95 tex:51460 mv:12839 misc:2357 imb:900 pmb:910 smb:1790 d:- ref:0 ;
in:190 out:190 type:B dur:2 cpbdur:2 q:35.01 aq:32.72 tex:16623 mv:10105 misc:2440 imb:297 pmb:776 smb:2527 d:- ref:0 ;
in:189 out:191 type:b dur:2 cpbdur:2 q:35.03 aq:35.37 tex:8629 mv:6123 misc:1952 imb:161 pmb:511 smb:2928 d:- ref:0 ;
in:191 out:192 type:b dur:2 cpbdur:2 q:34.99 aq:34.92 tex:8663 mv:6228 misc:2149 imb:159 pmb:596 smb:2845 d:- ref:0 ;
in:196 out:193 type:P dur:2 cpbdur:2 q:35.22 aq:29.41 tex:47958 mv:12729 misc:2321 imb:887 pmb:957 smb:1756 d:- ref:0 ;
in:194 out:194 type:B dur:2 cpbdur:2 q:35.09 aq:33.71 tex:17133 mv:10339 misc:2568 imb:263 pmb:824 smb:2513 d:- ref:0 ;
in:193 out:195 type:b dur:2 cpbdur:2 q:35.03 aq:34.59 tex:8984 mv:6225 misc:2063 imb:132 pmb:568 smb:2900 d:- ref:0 ;
in:195 out:196 type:b dur:2 cpbdur:2 q:35.16 aq:35.42 tex:6967 mv:6557 misc:2084 imb:136 pmb:633 smb:2831 d:- ref:0 ;
in:200 out:197 type:P dur:2 cpbdur:2 q:35.23 aq:30.35 tex:48982 mv:11908 misc:2374 imb:806 pmb:886 smb:1908 d:- ref:0 ;
in:198 out:198 type:B dur:2 cpbdur:2 q:35.23 aq:33.91 tex:15308 mv:10099 misc:2441 imb:241 pmb:852 smb:2507 d:- ref:0 ;
in:197 out:199 type:b dur:2 cpbdur:2 q:35.22 aq:35.77 tex:6312 mv:6852 misc:2156 imb:151 pmb:696 smb:2753 d:- ref:0 ;
in:199 out:200 type:b dur:2 cpbdur:2 q:35.23 aq:34.69 tex:7273 mv:5500 misc:1915 imb:109 pmb:531 smb:2960 d:- ref:0 ;
in:204 out:201 type:P dur:2 cpbdur:2 q:35.22 aq:30.30 tex:50342 mv:12321 misc:2185 imb:865 pmb:928 smb:1807 d:- ref:0 ;
in:202 out:202 type:B dur:2 cpbdur:2 q:35.23 aq:34.00 tex:15748 mv:9224 misc:2324 imb:229 pmb:755 smb:2616 d:- ref:0 ;
in:201 out:203 type:b dur:2 cpbdur:2 q:35.23 aq:34.78 tex:8023 mv:6068 misc:1965 imb:148 pmb:559 smb:2893 d:- ref:0 ;
in:203 out:204 type:b dur:2 cpbdur:2 q:35.22 aq:35.41 tex:6050 mv:5114 misc:1868 imb:96 pmb:518 smb:2986 d:- ref:0 ;
in:208 out:205 type:P dur:2 cpbdur:2 q:35.20 aq:30.47 tex:50164 mv:12386 misc:2434 imb:827 pmb:953 smb:1820 d:- ref:0 ;
in:206 out:206 type:B dur:2 cpbdur:2 q:35.21 aq:33.96 tex:15990 mv:9103 misc:2499 imb:201 pmb:781 smb:2618 d:- ref:0 ;
in:205 out:207 type:b dur:2 cpbdur:2 q:35.21 aq:34.77 tex:5743 mv:4958 misc:1955 imb:96 pmb:542 smb:2962 d:- ref:0 ;
in:207 out:208 type:b dur:2 cpbdur:2 q:35.20 aq:35.46 tex:6739 mv:4647 misc:1870 imb:95 pmb:476 smb:3029 d:- ref:0 ;
in:212 out:209 type:P dur:2 cpbdur:2 q:35.18 aq:30.96 tex:58585 mv:12026 misc:2333 imb:830 pmb:955 smb:1815 d:- ref:0 ;
in:210 out:210 type:B dur:2 cpbdur:2 q:35.19 aq:34.20 tex:12477 mv:9683 misc:2520 imb:237 pmb:796 smb:2567 d:- ref:0 ;
in:209 out:211 type:b dur:2 cpbdur:2 q:35.19 aq:35.21 tex:7001 mv:5649 misc:1950 imb:112 pmb:578 smb:2910 d:- ref:0 ;
in:211 out:212 type:b dur:2 cpbdur:2 q:35.18 aq:35.18 tex:7418 mv:5253 misc:1977 imb:94 pmb:559 smb:2947 d:- ref:0 ;
in:216 out:213 type:P dur:2 cpbdur:2 q:35.17 aq:30.78 tex:56348 mv:12750 misc:2334 imb:855 pmb:978 smb:1767 d:- ref:0 ;
in:214 out:214 type:B dur:2 cpbdur:2 q:35.17 aq:33.56 tex:11855 mv:8662 misc:2475 imb:170 pmb:806 smb:2624 d:- ref:0 ;
in:213 out:215 type:b dur:2 cpbdur:2 q:35.17 aq:33.61 tex:6967 mv:4846 misc:1979 imb:85 pmb:548 smb:2967 d:- ref:0 ;
in:215 out:216 type:b dur:2 cpbdur:2 q:35.17 aq:34.78 tex:6502 mv:4844 misc:1982 imb:105 pmb:518 smb:2977 d:- ref:0 ;
in:220 out:217 type:P dur:2 cpbdur:2 q:35.13 aq:30.55 tex:56749 mv:11892 misc:2431 imb:768 pmb:995 smb:1837 d:- ref:0 ;
in:218 out:218 type:B dur:2 cpbdur:2 q:35.15 aq:34.37 tex:12817 mv:6832 misc:2343 imb:142 pmb:657 smb:2801 d:- ref:0 ;
in:217 out:219 type:b dur:2 cpbdur:2 q:35.16 aq:36.08 tex:6401 mv:3795 misc:1700 imb:75 pmb:424 smb:3101 d:- ref:0 ;
in:219 out:220 type:b dur:2 cpbdur:2 q:35.14 aq:35.57 tex:8073 mv:4057 misc:1782 imb:100 pmb:437 smb:3063 d:- ref:0 ;
in:224 out:221 type:P dur:2 cpbdur:2 q:35.12 aq:30.30 tex:58794 mv:12531 misc:2611 imb:806 pmb:1076 smb:1718 d:- ref:0 ;
in:222 out:222 type:B dur:2 cpbdur:2 q:35.13 aq:33.99 tex:15708 mv:8415 misc:2381 imb:232 pmb:792 smb:2576 d:- ref:0 ;
in:221 out:223 type:b dur:2 cpbdur:2 q:35.13 aq:35.76 tex:6166 mv:4103 misc:1707 imb:78 pmb:476 smb:3046 d:- ref:0 ;
in:223 out:224 type:b dur:2 cpbdur:2 q:35.12 aq:36.79 tex:6535 mv:3899 misc:1702 imb:78 pmb:453 smb:3069 d:- ref:0 ;
in:228 out:225 type:P dur:2 cpbdur:2 q:35.10 aq:29.73 tex:69867 mv:11792 misc:2421 imb:741 pmb:1038 smb:1821 d:- ref:0 ;
in:226 out:226 type:B dur:2 cpbdur:2 q:35.11 aq:34.20 tex:10700 mv:6263 misc:2341 imb:126 pmb:693 smb:2781 d:- ref:0 ;
in:225 out:227 type:b dur:2 cpbdur:2 q:35.11 aq:35.76 tex:6017 mv:3793 misc:1870 imb:85 pmb:508 smb:3007 d:- ref:0 ;
in:227 out:228 type:b dur:2 cpbdur:2 q:35.11 aq:35.11 tex:5297 mv:3319 misc:1712 imb:57 pmb:435 smb:3108 d:- ref:0 ;
in:232 out:229 type:P dur:2 cpbdur:2 q:35.10 aq:28.99 tex:69206 mv:10867 misc:2623 imb:700 pmb:1036 smb:1864 d:- ref:0 ;
in:230 out:230 type:B dur:2 cpbdur:2 q:35.10 aq:33.23 tex:10588 mv:5497 misc:2219 imb:151 pmb:648 smb:2801 d:- ref:0 ;
in:229 out:231 type:b dur:2 cpbdur:2 q:35.10 aq:35.00 tex:6967 mv:3693 misc:1596 imb:104 pmb:429 smb:3067 d:- ref:0 ;
in:231 out:232 type:b dur:2 cpbdur:2 q:35.10 aq:36.97 tex:7268 mv:3193 misc:1475 imb:147 pmb:302 smb:3151 d:- ref:0 ;
in:236 out:233 type:P dur:2 cpbdur:2 q:35.07 aq:27.67 tex:93742 mv:12425 misc:2737 imb:891 pmb:1202 smb:1507 d:- ref:0 ;
in:234 out:234 type:B dur:2 cpbdur:2 q:35.09 aq:33.71 tex:10470 mv:4322 misc:1952 imb:134 pmb:512 smb:2954 d:- ref:0 ;
in:233 out:235 type:b dur:2 cpbdur:2 q:35.09 aq:36.33 tex:3903 mv:2490 misc:1423 imb:89 pmb:304 smb:3207 d:- ref:0 ;
in:235 out:236 type:b dur:2 cpbdur:2 q:35.08 aq:36.41 tex:4986 mv:2253 misc:1353 imb:77 pmb:268 smb:3255 d:- ref:0 ;
in:237 out:237 type:P dur:2 cpbdur:2 q:35.11 aq:26.14 tex:69780 mv:8357 misc:3279 imb:619 pmb:1003 smb:1978 d:- ref:0 ;
in:238 out:238 type:P dur:2 cpbdur:2 q:35.12 aq:24.51 tex:67214 mv:6934 misc:3204 imb:469 pmb:1061 smb:2070 d:- ref:0 ;
in:239 out:239 type:P dur:2 cpbdur:2 q:35.12 aq:24.43 tex:53852 mv:5069 misc:2927 imb:329 pmb:843 smb:2428 d:- ref:0 ;
in:240 out:240 type:I dur:2 cpbdur:2 q:32.19 aq:21.21 tex:433467 mv:62253 misc:512 imb:3600 pmb:0 smb:0 d:- ref:;
in:241 out:241 type:P dur:2 cpbdur:2 q:35.62 aq:22.62 tex:2459 mv:655 misc:414 imb:17 pmb:59 smb:3524 d:- ref:0 ;
in:242 out:242 type:P dur:2 cpbdur:2 q:35.58 aq:25.80 tex:3007 mv:638 misc:355 imb:20 pmb:52 smb:3528 d:- ref:0 ;
in:245 out:243 type:P dur:2 cpbdur:2 q:35.55 aq:27.97 tex:3809 mv:743 misc:352 imb:27 pmb:52 smb:3521 d:- ref:0 ;
in:243 out:244 type:B dur:2 cpbdur:2 q:35.57 aq:34.31 tex:1682 mv:667 misc:347 imb:10 pmb:47 smb:3543 d:- ref:0 ;
in:244 out:245 type:b dur:2 cpbdur:2 q:35.56 aq:34.90 tex:1018 mv:491 misc:331 imb:5 pmb:44 smb:3551 d:- ref:0 ;
in:246 out:246 type:P dur:2 cpbdur:2 q:35.51 aq:26.53 tex:3472 mv:672 misc:376 imb:22 pmb:48 smb:3530 d:- ref:0 ;
in:250 out:247 type:P dur:2 cpbdur:2 q:35.46 aq:23.21 tex:5770 mv:876 misc:354 imb:38 pmb:52 smb:3510 d:- ref:0 ;
in:248 out:248 type:B dur:2 cpbdur:2 q:35.49 aq:33.39 tex:1610 mv:653 misc:353 imb:6 pmb:55 smb:3539 d:- ref:0 ;
in:247 out:249 type:b dur:2 cpbdur:2 q:35.50 aq:34.89 tex:1003 mv:547 misc:346 imb:7 pmb:51 smb:3542 d:- ref:0 ;
in:249 out:250 type:b dur:2 cpbdur:2 q:35.47 aq:34.12 tex:919 mv:460 misc:325 imb:10 pmb:37 smb:3553 d:- ref:0 ;
in:251 out:251 type:P dur:2 cpbdur:2 q:35.51 aq:24.32 tex:7318 mv:595 misc:359 imb:21 pmb:48 smb:3531 d:- ref:0 ;
in:254 out:252 type:P dur:2 cpbdur:2 q:35.90 aq:26.10 tex:3738 mv:405 misc:385 imb:15 pmb:36 smb:3549 d:- ref:0 ;
in:252 out:253 type:B dur:2 cpbdur:2 q:35.64 aq:30.83 tex:335 mv:218 misc:327 imb:0 pmb:32 smb:3568 d:- ref:0 ;
in:253 out:254 type:b dur:2 cpbdur:2 q:35.77 aq:36.15 tex:206 mv:179 misc:295 imb:0 pmb:29 smb:3571 d:- ref:0 ;
in:257 out:255 type:P dur:2 cpbdur:2 q:35.66 aq:29.01 tex:2294 mv:347 misc:327 imb:8 pmb:30 smb:3562 d:- ref:0 ;
in:255 out:256 type:B dur:2 cpbdur:2 q:35.82 aq:30.55 tex:446 mv:171 misc:287 imb:0 pmb:24 smb:3576 d:- ref:0 ;
in:256 out:257 type:b dur:2 cpbdur:2 q:35.74 aq:33.93 tex:292 mv:149 misc:279 imb:1 pmb:20 smb:3579 d:- ref:0 ;
in:260 out:258 type:P dur:2 cpbdur:2 q:35.44 aq:24.64 tex:4236 mv:476 misc:384 imb:8 pmb:51 smb:3541 d:- ref:0 ;
in:258 out:259 type:B dur:2 cpbdur:2 q:35.59 aq:30.85 tex:306 mv:223 misc:327 imb:0 pmb:30 smb:3570 d:- ref:0 ;
in:259 out:260 type:b dur:2 cpbdur:2 q:35.52 aq:31.26 tex:70 mv:177 misc:313 imb:2 pmb:21 smb:3577 d:- ref:0 ;
in:262 out:261 type:P dur:2 cpbdur:2 q:35.21 aq:26.86 tex:2345 mv:343 misc:440 imb:8 pmb:42 smb:3550 d:- ref:0 ;
in:261 out:262 type:b dur:2 cpbdur:2 q:35.33 aq:31.55 tex:182 mv:162 misc:264 imb:0 pmb:22 smb:3578 d:- ref:0 ;
in:266 out:263 type:P dur:2 cpbdur:2 q:35.06 aq:26.68 tex:6830 mv:511 misc:387 imb:21 pmb:47 smb:3532 d:- ref:0 ;
in:264 out:264 type:B dur:2 cpbdur:2 q:35.14 aq:34.10 tex:854 mv:358 misc:348 imb:1 pmb:47 smb:3552 d:- ref:0 ;
in:263 out:265 type:b dur:2 cpbdur:2 q:35.17 aq:34.98 tex:184 mv:216 misc:304 imb:0 pmb:34 smb:3566 d:- ref:0 ;
in:265 out:266 type:b dur:2 cpbdur:2 q:35.10 aq:31.50 tex:220 mv:159 misc:301 imb:0 pmb:23 smb:3577 d:- ref:0 ;
in:268 out:267 type:P dur:2 cpbdur:2 q:34.76 aq:22.49 tex:2991 mv:443 misc:558 imb:10 pmb:65 smb:3525 d:- ref:0 ;
in:267 out:268 type:b dur:2 cpbdur:2 q:34.91 aq:35.68 tex:249 mv:151 misc:280 imb:0 pmb:24 smb:3576 d:- ref:0 ;
in:271 out:269 type:P dur:2 cpbdur:2 q:34.62 aq:23.23 tex:4748 mv:532 misc:432 imb:14 pmb:52 smb:3534 d:- ref:0 ;
in:269 out:270 type:B dur:2 cpbdur:2 q:34.72 aq:33.76 tex:1112 mv:393 misc:319 imb:2 pmb:35 smb:3563 d:- ref:0 ;
in:270 out:271 type:b dur:2 cpbdur:2 q:34.67 aq:33.99 tex:780 mv:357 misc:287 imb:3 pmb:30 smb:3567 d:- ref:0 ;
in:275 out:272 type:P dur:2 cpbdur:2 q:34.41 aq:27.17 tex:4839 mv:693 misc:444 imb:26 pmb:54 smb:3520 d:- ref:0 ;
in:273 out:273 type:B dur:2 cpbdur:2 q:34.51 aq:32.93 tex:1774 mv:531 misc:319 imb:4 pmb:44 smb:3552 d:- ref:0 ;
in:272 out:274 type:b dur:2 cpbdur:2 q:34.57 aq:34.34 tex:782 mv:354 misc:304 imb:2 pmb:32 smb:3566 d:- ref:0 ;
in:274 out:275 type:b dur:2 cpbdur:2 q:34.46 aq:34.38 tex:872 mv:417 misc:319 imb:1 pmb:34 smb:3565 d:- ref:0 ;
in:279 out:276 type:P dur:2 cpbdur:2 q:34.13 aq:26.05 tex:11094 mv:904 misc:570 imb:36 pmb:61 smb:3503 d:- ref:0 ;
in:277 out:277 type:B dur:2 cpbdur:2 q:34.27 aq:31.18 tex:2723 mv:582 misc:319 imb:11 pmb:47 smb:3542 d:- ref:0 ;
in:276 out:278 type:b dur:2 cpbdur:2 q:34.34 aq:34.51 tex:1244 mv:533 misc:303 imb:3 pmb:38 smb:3559 d:- ref:0 ;
in:278 out:279 type:b dur:2 cpbdur:2 q:34.20 aq:34.44 tex:1642 mv:398 misc:312 imb:0 pmb:53 smb:3547 d:- ref:0 ;
in:283 out:280 type:P dur:2 cpbdur:2 q:33.87 aq:21.88 tex:6643 mv:864 misc:533 imb:25 pmb:65 smb:3510 d:- ref:0 ;
in:281 out:281 type:B dur:2 cpbdur:2 q:34.00 aq:32.97 tex:2437 mv:715 misc:320 imb:0 pmb:53 smb:3547 d:- ref:0 ;
in:280 out:282 type:b dur:2 cpbdur:2 q:34.07 aq:33.40 tex:1185 mv:421 misc:338 imb:1 pmb:37 smb:3562 d:- ref:0 ;
in:282 out:283 type:b dur:2 cpbdur:2 q:33.94 aq:34.82 tex:1355 mv:488 misc:317 imb:0 pmb:38 smb:3562 d:- ref:0 ;
in:285 out:284 type:P dur:2 cpbdur:2 q:33.61 aq:22.30 tex:9522 mv:919 misc:759 imb:21 pmb:122 smb:3457 d:- ref:0 ;
in:284 out:285 type:b dur:2 cpbdur:2 q:33.74 aq:33.23 tex:1723 mv:516 misc:361 imb:1 pmb:54 smb:3545 d:- ref:0 ;
in:289 out:286 type:P dur:2 cpbdur:2 q:33.47 aq:22.80 tex:9413 mv:992 misc:539 imb:22 pmb:88 smb:3490 d:- ref:0 ;
in:287 out:287 type:B dur:2 cpbdur:2 q:33.54 aq:30.82 tex:2500 mv:694 misc:374 imb:1 pmb:61 smb:3538 d:- ref:0 ;
in:286 out:288 type:b dur:2 cpbdur:2 q:33.57 aq:33.90 tex:1098 mv:503 misc:343 imb:0 pmb:42 smb:3558 d:- ref:0 ;
in:288 out:289 type:b dur:2 cpbdur:2 q:33.51 aq:33.69 tex:1544 mv:390 misc:346 imb:0 pmb:48 smb:3552 d:- ref:0 ;
in:291 out:290 type:P dur:2 cpbdur:2 q:33.21 aq:22.31 tex:9523 mv:1020 misc:857 imb:18 pmb:149 smb:3433 d:- ref:0 ;
in:290 out:291 type:b dur:2 cpbdur:2 q:33.34 aq:33.62 tex:1262 mv:635 misc:351 imb:0 pmb:46 smb:3554 d:- ref:0 ;
in:295 out:292 type:P dur:2 cpbdur:2 q:33.09 aq:21.75 tex:9822 mv:993 misc:585 imb:23 pmb:101 smb:3476 d:- ref:0 ;
in:293 out:293 type:B dur:2 cpbdur:2 q:33.15 aq:30.78 tex:3004 mv:815 misc:389 imb:1 pmb:72 smb:3527 d:- ref:0 ;
in:292 out:294 type:b dur:2 cpbdur:2 q:33.18 aq:33.41 tex:1297 mv:582 misc:345 imb:0 pmb:43 smb:3557 d:- ref:0 ;
in:294 out:295 type:b dur:2 cpbdur:2 q:33.12 aq:33.15 tex:1506 mv:497 misc:349 imb:0 pmb:50 smb:3550 d:- ref:0 ;
in:299 out:296 type:P dur:2 cpbdur:2 q:32.86 aq:22.33 tex:11838 mv:1174 misc:868 imb:27 pmb:143 smb:3430 d:- ref:0 ;
in:297 out:297 type:B dur:2 cpbdur:2 q:32.98 aq:29.57 tex:3650 mv:763 misc:411 imb:3 pmb:66 smb:3531 d:- ref:0 ;
in:296 out:298 type:b dur:2 cpbdur:2 q:33.03 aq:32.08 tex:1164 mv:565 misc:351 imb:0 pmb:48 smb:3552 d:- ref:0 ;
in:298 out:299 type:b dur:2 cpbdur:2 q:32.92 aq:32.56 tex:1961 mv:620 misc:363 imb:1 pmb:63 smb:3536 d:- ref:0 ;
in:300 out:300 type:I dur:2 cpbdur:2 q:30.98 aq:19.70 tex:518530 mv:72657 misc:533 imb:3600 pmb:0 smb:0 d:- ref:;
in:304 out:301 type:P dur:2 cpbdur:2 q:33.19 aq:22.30 tex:15293 mv:973 misc:742 imb:25 pmb:117 smb:3458 d:- ref:0 ;
in:302 out:302 type:B dur:2 cpbdur:2 q:33.19 aq:33.71 tex:874 mv:431 misc:359 imb:0 pmb:49 smb:3551 d:- ref:0 ;
in:301 out:303 type:b dur:2 cpbdur:2 q:33.19 aq:33.36 tex:1085 mv:595 misc:304 imb:1 pmb:46 smb:3553 d:- ref:0 ;
in:303 out:304 type:b dur:2 cpbdur:2 q:33.19 aq:33.24 tex:643 mv:283 misc:306 imb:0 pmb:34 smb:3566 d:- ref:0 ;
in:308 out:305 type:P dur:2 cpbdur:2 q:32.97 aq:23.38 tex:8594 mv:629 misc:537 imb:12 pmb:75 smb:3513 d:- ref:0 ;
in:306 out:306 type:B dur:2 cpbdur:2 q:33.08 aq:30.82 tex:2358 mv:603 misc:343 imb:0 pmb:50 smb:3550 d:- ref:0 ;
in:305 out:307 type:b dur:2 cpbdur:2 q:33.14 aq:33.66 tex:854 mv:321 misc:313 imb:0 pmb:29 smb:3571 d:- ref:0 ;
in:307 out:308 type:b dur:2 cpbdur:2 q:33.03 aq:33.54 tex:1106 mv:328 misc:302 imb:0 pmb:31 smb:3569 d:- ref:0 ;
in:312 out:309 type:P dur:2 cpbdur:2 q:32.71 aq:23.25 tex:11426 mv:689 misc:549 imb:11 pmb:86 smb:3503 d:- ref:0 ;
in:310 out:310 type:B dur:2 cpbdur:2 q:32.84 aq:32.14 tex:2479 mv:609 misc:360 imb:0 pmb:44 smb:3556 d:- ref:0 ;
in:309 out:311 type:b dur:2 cpbdur:2 q:32.91 aq:33.30 tex:1146 mv:385 misc:325 imb:0 pmb:33 smb:3567 d:- ref:0 ;
in:311 out:312 type:b dur:2 cpbdur:2 q:32.78 aq:33.75 tex:1118 mv:381 misc:309 imb:0 pmb:33 smb:3567 d:- ref:0 ;
in:316 out:313 type:P dur:2 cpbdur:2 q:32.91 aq:22.80 tex:16095 mv:738 misc:447 imb:19 pmb:65 smb:3516 d:- ref:0 ;
in:314 out:314 type:B dur:2 cpbdur:2 q:32.81 aq:30.62 tex:1761 mv:419 misc:372 imb:0 pmb:51 smb:3549 d:- ref:0 ;
in:313 out:315 type:b dur:2 cpbdur:2 q:32.76 aq:32.13 tex:1187 mv:353 misc:316 imb:0 pmb:34 smb:3566 d:- ref:0 ;
in:315 out:316 type:b dur:2 cpbdur:2 q:32.86 aq:31.36 tex:715 mv:264 misc:325 imb:0 pmb:34 smb:3566 d:- ref:0 ;
in:320 out:317 type:P dur:2 cpbdur:2 q:32.66 aq:22.26 tex:7237 mv:507 misc:488 imb:11 pmb:65 smb:3524 d:- ref:0 ;
in:318 out:318 type:B dur:2 cpbdur:2 q:32.79 aq:30.94 tex:1927 mv:431 misc:322 imb:0 pmb:35 smb:3565 d:- ref:0 ;
in:317 out:319 type:b dur:2 cpbdur:2 q:32.85 aq:32.71 tex:655 mv:215 misc:298 imb:0 pmb:23 smb:3577 d:- ref:0 ;
in:319 out:320 type:b dur:2 cpbdur:2 q:32.73 aq:33.30 tex:798 mv:323 misc:303 imb:0 pmb:29 smb:3571 d:- ref:0 ;
in:324 out:321 type:P dur:2 cpbdur:2 q:32.42 aq:20.30 tex:7844 mv:515 misc:593 imb:9 pmb:76 smb:3515 d:- ref:0 ;
in:322 out:322 type:B dur:2 cpbdur:2 q:32.54 aq:30.86 tex:2440 mv:477 misc:307 imb:0 pmb:34 smb:3566 d:- ref:0 ;
in:321 out:323 type:b dur:2 cpbdur:2 q:32.60 aq:32.98 tex:825 mv:266 misc:277 imb:0 pmb:24 smb:3576 d:- ref:0 ;
in:323 out:324 type:b dur:2 cpbdur:2 q:32.48 aq:32.31 tex:1170 mv:366 misc:296 imb:0 pmb:28 smb:3572 d:- ref:0 ;
in:328 out:325 type:P dur:2 cpbdur:2 q:32.18 aq:22.94 tex:10149 mv:555 misc:608 imb:11 pmb:96 smb:3493 d:- ref:0 ;
in:326 out:326 type:B dur:2 cpbdur:2 q:32.30 aq:31.03 tex:2416 mv:434 misc:310 imb:1 pmb:35 smb:3564 d:- ref:0 ;
in:325 out:327 type:b dur:2 cpbdur:2 q:32.36 aq:32.33 tex:1240 mv:334 misc:290 imb:0 pmb:30 smb:3570 d:- ref:0 ;
in:327 out:328 type:b dur:2 cpbdur:2 q:32.24 aq:32.99 tex:915 mv:360 misc:293 imb:0 pmb:28 smb:3572 d:- ref:0 ;
in:332 out:329 type:P dur:2 cpbdur:2 q:31.93 aq:21.05 tex:12021 mv:551 misc:700 imb:13 pmb:101 smb:3486 d:- ref:0 ;
in:330 out:330 type:B dur:2 cpbdur:2 q:32.05 aq:29.65 tex:3280 mv:453 misc:315 imb:1 pmb:36 smb:3563 d:- ref:0 ;
in:329 out:331 type:b dur:2 cpbdur:2 q:32.12 aq:33.03 tex:1074 mv:387 misc:291 imb:1 pmb:29 smb:3570 d:- ref:0 ;
in:331 out:332 type:b dur:2 cpbdur:2 q:31.99 aq:31.20 tex:1474 mv:453 misc:297 imb:0 pmb:40 smb:3560 d:- ref:0 ;
in:336 out:333 type:P dur:2 cpbdur:2 q:31.68 aq:21.17 tex:8439 mv:557 misc:628 imb:10 pmb:74 smb:3516 d:- ref:0 ;
in:334 out:334 type:B dur:2 cpbdur:2 q:31.81 aq:28.27 tex:2322 mv:429 misc:289 imb:0 pmb:34 smb:3566 d:- ref:0 ;
in:333 out:335 type:b dur:2 cpbdur:2 q:31.87 aq:31.54 tex:1391 mv:334 misc:275 imb:0 pmb:28 smb:3572 d:- ref:0 ;
in:335 out:336 type:b dur:2 cpbdur:2 q:31.74 aq:30.91 tex:1946 mv:403 misc:283 imb:3 pmb:25 smb:3572 d:- ref:0 ;
in:340 out:337 type:P dur:2 cpbdur:2 q:31.44 aq:20.86 tex:9153 mv:653 misc:818 imb:6 pmb:118 smb:3476 d:- ref:0 ;
in:338 out:338 type:B dur:2 cpbdur:2 q:31.56 aq:29.27 tex:2580 mv:523 misc:297 imb:1 pmb:33 smb:3566 d:- ref:0 ;
in:337 out:339 type:b dur:2 cpbdur:2 q:31.62 aq:30.69 tex:1247 mv:365 misc:276 imb:0 pmb:25 smb:3575 d:- ref:0 ;
in:339 out:340 type:b dur:2 cpbdur:2 q:31.50 aq:30.81 tex:1441 mv:338 misc:277 imb:0 pmb:32 smb:3568 d:- ref:0 ;
in:344 out:341 type:P dur:2 cpbdur:2 q:31.20 aq:21.42 tex:10480 mv:691 misc:837 imb:20 pmb:112 smb:3468 d:- ref:0 ;
in:342 out:342 type:B dur:2 cpbdur:2 q:31.32 aq:29.02 tex:3226 mv:571 misc:299 imb:1 pmb:38 smb:3561 d:- ref:0 ;
in:341 out:343 type:b dur:2 cpbdur:2 q:31.38 aq:30.72 tex:1438 mv:345 misc:289 imb:0 pmb:31 smb:3569 d:- ref:0 ;
in:343 out:344 type:b dur:2 cpbdur:2 q:31.26 aq:29.69 tex:1564 mv:349 misc:287 imb:0 pmb:33 smb:3567 d:- ref:0 ;
in:348 out:345 type:P dur:2 cpbdur:2 q:30.96 aq:20.62 tex:10917 mv:688 misc:835 imb:14 pmb:123 smb:3463 d:- ref:0 ;
in:346 out:346 type:B dur:2 cpbdur:2 q:31.08 aq:28.57 tex:3664 mv:555 misc:309 imb:0 pmb:38 smb:3562 d:- ref:0 ;
in:345 out:347 type:b dur:2 cpbdur:2 q:31.14 aq:29.33 tex:2293 mv:371 misc:288 imb:0 pmb:36 smb:3564 d:- ref:0 ;
in:347 out:348 type:b dur:2 cpbdur:2 q:31.02 aq:29.55 tex:2116 mv:393 misc:275 imb:0 pmb:34 smb:3566 d:- ref:0 ;
in:352 out:349 type:P dur:2 cpbdur:2 q:30.72 aq:20.62 tex:13665 mv:815 misc:1072 imb:10 pmb:180 smb:3410 d:- ref:0 ;
in:350 out:350 type:B dur:2 cpbdur:2 q:30.84 aq:27.62 tex:3483 mv:625 misc:300 imb:0 pmb:43 smb:3557 d:- ref:0 ;
in:349 out:351 type:b dur:2 cpbdur:2 q:30.90 aq:29.09 tex:1907 mv:453 misc:288 imb:0 pmb:38 smb:3562 d:- ref:0 ;
in:351 out:352 type:b dur:2 cpbdur:2 q:30.78 aq:29.73 tex:1868 mv:441 misc:291 imb:0 pmb:35 smb:3565 d:- ref:0 ;
in:356 out:353 type:P dur:2 cpbdur:2 q:30.48 aq:18.60 tex:15846 mv:974 misc:1172 imb:16 pmb:190 smb:3394 d:- ref:0 ;
in:354 out:354 type:B dur:2 cpbdur:2 q:30.60 aq:27.24 tex:3775 mv:717 misc:316 imb:1 pmb:44 smb:3555 d:- ref:0 ;
in:353 out:355 type:b dur:2 cpbdur:2 q:30.66 aq:28.37 tex:2288 mv:418 misc:302 imb:0 pmb:35 smb:3565 d:- ref:0 ;
in:355 out:356 type:b dur:2 cpbdur:2 q:30.54 aq:28.51 tex:2316 mv:479 misc:317 imb:1 pmb:41 smb:3558 d:- ref:0 ;
in:359 out:357 type:P dur:2 cpbdur:2 q:30.25 aq:28.52 tex:5277 mv:513 misc:346 imb:7 pmb:41 smb:3552 d:- ref:0 ;
in:357 out:358 type:B dur:2 cpbdur:2 q:30.41 aq:28.97 tex:3139 mv:502 misc:327 imb:0 pmb:40 smb:3560 d:- ref:0 ;
in:358 out:359 type:b dur:2 cpbdur:2 q:30.33 aq:28.99 tex:2349 mv:480 misc:307 imb:0 pmb:36 smb:3564 d:- ref:0 ;
in:360 out:360 type:I dur:2 cpbdur:2 q:28.46 aq:17.13 tex:696904 mv:92705 misc:551 imb:3600 pmb:0 smb:0 d:- ref:;
in:364 out:361 type:P dur:2 cpbdur:2 q:30.98 aq:19.96 tex:12703 mv:689 misc:688 imb:10 pmb:105 smb:3485 d:- ref:0 ;
in:362 out:362 type:B dur:2 cpbdur:2 q:30.98 aq:27.93 tex:2487 mv:573 misc:308 imb:1 pmb:39 smb:3560 d:- ref:0 ;
in:361 out:363 type:b dur:2 cpbdur:2 q:30.98 aq:29.71 tex:2191 mv:418 misc:303 imb:0 pmb:38 smb:3562 d:- ref:0 ;
in:363 out:364 type:b dur:2 cpbdur:2 q:30.98 aq:29.58 tex:1282 mv:267 misc:275 imb:0 pmb:28 smb:3572 d:- ref:0 ;
in:368 out:365 type:P dur:2 cpbdur:2 q:30.77 aq:17.20 tex:13780 mv:546 misc:514 imb:13 pmb:68 smb:3519 d:- ref:0 ;
in:366 out:366 type:B dur:2 cpbdur:2 q:30.88 aq:26.73 tex:2208 mv:415 misc:297 imb:2 pmb:34 smb:3564 d:- ref:0 ;
in:365 out:367 type:b dur:2 cpbdur:2 q:30.93 aq:30.45 tex:1125 mv:282 misc:281 imb:0 pmb:29 smb:3571 d:- ref:0 ;
in:367 out:368 type:b dur:2 cpbdur:2 q:30.82 aq:29.85 tex:1487 mv:223 misc:266 imb:0 pmb:22 smb:3578 d:- ref:0 ;
in:372 out:369 type:P dur:2 cpbdur:2 q:30.55 aq:19.54 tex:6637 mv:222 misc:477 imb:5 pmb:42 smb:3553 d:- ref:0 ;
in:370 out:370 type:B dur:2 cpbdur:2 q:30.66 aq:24.00 tex:5 mv:25 misc:258 imb:0 pmb:10 smb:3590 d:- ref:0 ;
in:369 out:371 type:b dur:2 cpbdur:2 q:30.72 aq:26.00 tex:5 mv:22 misc:237 imb:0 pmb:10 smb:3590 d:- ref:0 ;
in:371 out:372 type:b dur:2 cpbdur:2 q:30.61 aq:25.00 tex:0 mv:0 misc:216 imb:0 pmb:0 smb:3600 d:- ref:0 ;
in:376 out:373 type:P dur:2 cpbdur:2 q:30.69 aq:16.80 tex:806 mv:68 misc:382 imb:1 pmb:21 smb:3578 d:- ref:0 ;
in:374 out:374 type:B dur:2 cpbdur:2 q:30.62 aq:23.00 tex:0 mv:0 misc:232 imb:0 pmb:0 smb:3600 d:- ref:0 ;
in:373 out:375 type:b dur:2 cpbdur:2 q:30.59 aq:25.00 tex:0 mv:0 misc:216 imb:0 pmb:0 smb:3600 d:- ref:0 ;
in:375 out:376 type:b dur:2 cpbdur:2 q:30.66 aq:25.00 tex:0 mv:0 misc:216 imb:0 pmb:0 smb:3600 d:- ref:0 ;
in:380 out:377 type:P dur:2 cpbdur:2 q:30.46 aq:18.62 tex:438 mv:55 misc:371 imb:1 pmb:14 smb:3585 d:- ref:0 ;
in:378 out:378 type:B dur:2 cpbdur:2 q:30.57 aq:23.00 tex:0 mv:0 misc:232 imb:0 pmb:0 smb:3600 d:- ref:0 ;
in:377 out:379 type:b dur:2 cpbdur:2 q:30.63 aq:25.00 tex:0 mv:0 misc:216 imb:0 pmb:0 smb:3600 d:- ref:0 ;
in:379 out:380 type:b dur:2 cpbdur:2 q:30.52 aq:25.00 tex:0 mv:0 misc:216 imb:0 pmb:0 smb:3600 d:- ref:0 ;
in:384 out:381 type:P dur:2 cpbdur:2 q:30.21 aq:16.43 tex:115 mv:41 misc:348 imb:1 pmb:9 smb:3590 d:- ref:0 ;
in:382 out:382 type:B dur:2 cpbdur:2 q:30.33 aq:23.00 tex:0 mv:0 misc:232 imb:0 pmb:0 smb:3600 d:- ref:0 ;
in:381 out:383 type:b dur:2 cpbdur:2 q:30.39 aq:25.00 tex:0 mv:0 misc:216 imb:0 pmb:0 smb:3600 d:- ref:0 ;
in:383 out:384 type:b dur:2 cpbdur:2 q:30.27 aq:25.00 tex:0 mv:0 misc:216 imb:0 pmb:0 smb:3600 d:- ref:0 ;
in:388 out:385 type:P dur:2 cpbdur:2 q:29.94 aq:15.35 tex:10589 mv:475 misc:392 imb:64 pmb:10 smb:3526 d:- ref:0 ;
in:386 out:386 type:B dur:2 cpbdur:2 q:30.07 aq:23.00 tex:5 mv:51 misc:288 imb:0 pmb:22 smb:3578 d:- ref:0 ;
in:385 out:387 type:b dur:2 cpbdur:2 q:30.14 aq:25.00 tex:0 mv:0 misc:216 imb:0 pmb:0 smb:3600 d:- ref:0 ;
in:387 out:388 type:b dur:2 cpbdur:2 q:30.01 aq:25.00 tex:11 mv:35 misc:266 imb:0 pmb:22 smb:3578 d:- ref:0 ;
in:392 out:389 type:P dur:2 cpbdur:2 q:29.69 aq:15.78 tex:514 mv:95 misc:407 imb:4 pmb:16 smb:3580 d:- ref:0 ;
in:390 out:390 type:B dur:2 cpbdur:2 q:29.82 aq:23.00 tex:0 mv:0 misc:232 imb:0 pmb:0 smb:3600 d:- ref:0 ;
in:389 out:391 type:b dur:2 cpbdur:2 q:29.88 aq:25.00 tex:0 mv:0 misc:216 imb:0 pmb:0 smb:3600 d:- ref:0 ;
in:391 out:392 type:b dur:2 cpbdur:2 q:29.75 aq:25.00 tex:0 mv:0 misc:216 imb:0 pmb:0 smb:3600 d:- ref:0 ;
in:396 out:393 type:P dur:2 cpbdur:2 q:29.42 aq:17.85 tex:405 mv:84 misc:391 imb:4 pmb:12 smb:3584 d:- ref:0 ;
in:394 out:394 type:B dur:2 cpbdur:2 q:29.56 aq:22.00 tex:9 mv:4 misc:243 imb:0 pmb:1 smb:3599 d:- ref:0 ;
in:393 out:395 type:b dur:2 cpbdur:2 q:29.62 aq:24.00 tex:0 mv:0 misc:216 imb:0 pmb:0 smb:3600 d:- ref:0 ;
in:395 out:396 type:b dur:2 cpbdur:2 q:29.49 aq:24.00 tex:0 mv:0 misc:216 imb:0 pmb:0 smb:3600 d:- ref:0 ;
in:400 out:397 type:P dur:2 cpbdur:2 q:29.17 aq:17.67 tex:428 mv:80 misc:404 imb:3 pmb:16 smb:3581 d:- ref:0 ;
in:398 out:398 type:B dur:2 cpbdur:2 q:29.30 aq:22.00 tex:0 mv:0 misc:232 imb:0 pmb:0 smb:3600 d:- ref:0 ;
in:397 out:399 type:b dur:2 cpbdur:2 q:29.36 aq:24.00 tex:0 mv:0 misc:216 imb:0 pmb:0 smb:3600 d:- ref:0 ;
in:399 out:400 type:b dur:2 cpbdur:2 q:29.23 aq:24.00 tex:0 mv:0 misc:216 imb:0 pmb:0 smb:3600 d:- ref:0 ;
in:404 out:401 type:P dur:2 cpbdur:2 q:28.90 aq:15.30 tex:667 mv:94 misc:431 imb:3 pmb:21 smb:3576 d:- ref:0 ;
in:402 out:402 type:B dur:2 cpbdur:2 q:29.03 aq:22.00 tex:0 mv:0 misc:232 imb:0 pmb:0 smb:3600 d:- ref:0 ;
in:401 out:403 type:b dur:2 cpbdur:2 q:29.10 aq:24.00 tex:0 mv:0 misc:216 imb:0 pmb:0 smb:3600 d:- ref:0 ;
in:403 out:404 type:b dur:2 cpbdur:2 q:28.96 aq:24.00 tex:0 mv:0 misc:216 imb:0 pmb:0 smb:3600 d:- ref:0 ;
in:408 out:405 type:P dur:2 cpbdur:2 q:28.63 aq:16.34 tex:1154 mv:116 misc:442 imb:5 pmb:23 smb:3572 d:- ref:0 ;
in:406 out:406 type:B dur:2 cpbdur:2 q:28.76 aq:22.00 tex:0 mv:0 misc:232 imb:0 pmb:0 smb:3600 d:- ref:0 ;
in:405 out:407 type:b dur:2 cpbdur:2 q:28.83 aq:24.00 tex:0 mv:0 misc:216 imb:0 pmb:0 smb:3600 d:- ref:0 ;
in:407 out:408 type:b dur:2 cpbdur:2 q:28.69 aq:23.00 tex:0 mv:0 misc:216 imb:0 pmb:0 smb:3600 d:- ref:0 ;
in:412 out:409 type:P dur:2 cpbdur:2 q:28.36 aq:12.95 tex:1098 mv:113 misc:405 imb:4 pmb:21 smb:3575 d:- ref:0 ;
in:410 out:410 type:B dur:2 cpbdur:2 q:28.49 aq:21.00 tex:0 mv:0 misc:240 imb:0 pmb:0 smb:3600 d:- ref:0 ;
in:409 out:411 type:b dur:2 cpbdur:2 q:28.56 aq:23.00 tex:0 mv:0 misc:216 imb:0 pmb:0 smb:3600 d:- ref:0 ;
in:411 out:412 type:b dur:2 cpbdur:2 q:28.43 aq:23.00 tex:0 mv:0 misc:216 imb:0 pmb:0 smb:3600 d:- ref:0 ;
in:415 out:413 type:P dur:2 cpbdur:2 q:28.09 aq:16.93 tex:588 mv:62 misc:406 imb:1 pmb:20 smb:3579 d:- ref:0 ;
in:413 out:414 type:B dur:2 cpbdur:2 q:28.27 aq:23.00 tex:0 mv:0 misc:232 imb:0 pmb:0 smb:3600 d:- ref:0 ;
in:414 out:415 type:b dur:2 cpbdur:2 q:28.18 aq:23.00 tex:0 mv:0 misc:216 imb:0 pmb:0 smb:3600 d:- ref:0 ;
in:416 out:416 type:I dur:2 cpbdur:2 q:26.37 aq:16.11 tex:808048 mv:89338 misc:526 imb:3600 pmb:0 smb:0 d:- ref:;
in:420 out:417 type:P dur:2 cpbdur:2 q:29.13 aq:19.85 tex:34633 mv:958 misc:793 imb:46 pmb:128 smb:3426 d:- ref:0 ;
in:418 out:418 type:B dur:2 cpbdur:2 q:29.13 aq:29.05 tex:5482 mv:616 misc:470 imb:0 pmb:93 smb:3507 d:- ref:0 ;
in:417 out:419 type:b dur:2 cpbdur:2 q:29.13 aq:30.64 tex:3234 mv:399 misc:471 imb:0 pmb:89 smb:3511 d:- ref:0 ;
in:419 out:420 type:b dur:2 cpbdur:2 q:29.13 aq:31.09 tex:2289 mv:516 misc:307 imb:1 pmb:34 smb:3565 d:- ref:0 ;
in:424 out:421 type:P dur:2 cpbdur:2 q:28.91 aq:20.62 tex:12876 mv:683 misc:553 imb:5 pmb:90 smb:3505 d:- ref:0 ;
in:422 out:422 type:B dur:2 cpbdur:2 q:29.02 aq:28.11 tex:4688 mv:699 misc:365 imb:1 pmb:48 smb:3551 d:- ref:0 ;
in:421 out:423 type:b dur:2 cpbdur:2 q:29.07 aq:30.80 tex:2715 mv:433 misc:316 imb:0 pmb:33 smb:3567 d:- ref:0 ;
in:423 out:424 type:b dur:2 cpbdur:2 q:28.97 aq:30.90 tex:2713 mv:573 misc:362 imb:0 pmb:47 smb:3553 d:- ref:0 ;
in:428 out:425 type:P dur:2 cpbdur:2 q:28.68 aq:21.62 tex:21857 mv:805 misc:490 imb:8 pmb:96 smb:3496 d:- ref:0 ;
in:426 out:426 type:B dur:2 cpbdur:2 q:28.79 aq:28.06 tex:7922 mv:950 misc:400 imb:0 pmb:69 smb:3531 d:- ref:0 ;
in:425 out:427 type:b dur:2 cpbdur:2 q:28.85 aq:30.46 tex:2610 mv:558 misc:352 imb:0 pmb:52 smb:3548 d:- ref:0 ;
in:427 out:428 type:b dur:2 cpbdur:2 q:28.74 aq:30.87 tex:3025 mv:533 misc:402 imb:0 pmb:66 smb:3534 d:- ref:0 ;
in:432 out:429 type:P dur:2 cpbdur:2 q:28.68 aq:21.94 tex:14736 mv:724 misc:468 imb:9 pmb:76 smb:3515 d:- ref:0 ;
in:430 out:430 type:B dur:2 cpbdur:2 q:28.68 aq:28.66 tex:5497 mv:716 misc:403 imb:0 pmb:58 smb:3542 d:- ref:0 ;
in:429 out:431 type:b dur:2 cpbdur:2 q:28.68 aq:28.35 tex:2787 mv:558 misc:391 imb:0 pmb:54 smb:3546 d:- ref:0 ;
in:431 out:432 type:b dur:2 cpbdur:2 q:28.68 aq:31.21 tex:3091 mv:481 misc:332 imb:1 pmb:44 smb:3555 d:- ref:0 ;
in:436 out:433 type:P dur:2 cpbdur:2 q:28.46 aq:22.68 tex:11793 mv:571 misc:436 imb:10 pmb:58 smb:3532 d:- ref:0 ;
in:434 out:434 type:B dur:2 cpbdur:2 q:28.57 aq:29.23 tex:6095 mv:708 misc:381 imb:0 pmb:57 smb:3543 d:- ref:0 ;
in:433 out:435 type:b dur:2 cpbdur:2 q:28.62 aq:28.43 tex:3132 mv:566 misc:334 imb:1 pmb:48 smb:3551 d:- ref:0 ;
in:435 out:436 type:b dur:2 cpbdur:2 q:28.52 aq:28.35 tex:3808 mv:536 misc:376 imb:1 pmb:53 smb:3546 d:- ref:0 ;
in:440 out:437 type:P dur:2 cpbdur:2 q:28.27 aq:24.41 tex:11795 mv:567 misc:470 imb:16 pmb:58 smb:3526 d:- ref:0 ;
in:438 out:438 type:B dur:2 cpbdur:2 q:28.37 aq:26.35 tex:5236 mv:700 misc:376 imb:1 pmb:53 smb:3546 d:- ref:0 ;
in:437 out:439 type:b dur:2 cpbdur:2 q:28.41 aq:30.57 tex:3048 mv:517 misc:323 imb:0 pmb:40 smb:3560 d:- ref:0 ;
in:439 out:440 type:b dur:2 cpbdur:2 q:28.32 aq:27.74 tex:3163 mv:585 misc:348 imb:2 pmb:44 smb:3554 d:- ref:0 ;
in:444 out:441 type:P dur:2 cpbdur:2 q:28.06 aq:23.06 tex:179515 mv:14154 misc:1635 imb:960 pmb:1243 smb:1397 d:- ref:0 ;
in:442 out:442 type:B dur:2 cpbdur:2 q:28.16 aq:27.81 tex:6500 mv:1149 misc:1087 imb:2 pmb:273 smb:3325 d:- ref:0 ;
in:441 out:443 type:b dur:2 cpbdur:2 q:28.22 aq:28.28 tex:3588 mv:569 misc:355 imb:2 pmb:47 smb:3551 d:- ref:0 ;
in:443 out:444 type:b dur:2 cpbdur:2 q:28.11 aq:27.92 tex:47061 mv:9793 misc:2266 imb:281 pmb:999 smb:2320 d:- ref:0 ;
in:448 out:445 type:P dur:2 cpbdur:2 q:28.05 aq:22.88 tex:201621 mv:15186 misc:1489 imb:1104 pmb:1177 smb:1319 d:- ref:0 ;
in:446 out:446 type:B dur:2 cpbdur:2 q:28.05 aq:27.12 tex:88320 mv:15726 misc:2258 imb:424 pmb:1269 smb:1907 d:- ref:0 ;
in:445 out:447 type:b dur:2 cpbdur:2 q:28.06 aq:28.18 tex:54030 mv:12175 misc:2379 imb:290 pmb:1122 smb:2188 d:- ref:0 ;
in:447 out:448 type:b dur:2 cpbdur:2 q:28.05 aq:28.20 tex:51992 mv:11447 misc:2313 imb:264 pmb:1123 smb:2213 d:- ref:0 ;
in:452 out:449 type:P dur:2 cpbdur:2 q:28.04 aq:22.00 tex:213163 mv:15478 misc:1583 imb:1069 pmb:1199 smb:1332 d:- ref:0 ;
in:450 out:450 type:B dur:2 cpbdur:2 q:28.04 aq:27.08 tex:79864 mv:15195 misc:2349 imb:438 pmb:1256 smb:1906 d:- ref:0 ;
in:449 out:451 type:b dur:2 cpbdur:2 q:28.05 aq:28.72 tex:52699 mv:11383 misc:2270 imb:282 pmb:1080 smb:2238 d:- ref:0 ;
in:451 out:452 type:b dur:2 cpbdur:2 q:28.04 aq:27.85 tex:53108 mv:11216 misc:2340 imb:279 pmb:1099 smb:2222 d:- ref:0 ;
in:456 out:453 type:P dur:2 cpbdur:2 q:28.25 aq:22.28 tex:202917 mv:14319 misc:1724 imb:992 pmb:1170 smb:1438 d:- ref:0 ;
in:454 out:454 type:B dur:2 cpbdur:2 q:28.14 aq:26.97 tex:79019 mv:14526 misc:2279 imb:406 pmb:1188 smb:2006 d:- ref:0 ;
in:453 out:455 type:b dur:2 cpbdur:2 q:28.09 aq:27.96 tex:50096 mv:10433 misc:2143 imb:315 pmb:1005 smb:2280 d:- ref:0 ;
in:455 out:456 type:b dur:2 cpbdur:2 q:28.19 aq:26.69 tex:46913 mv:10347 misc:2180 imb:301 pmb:992 smb:2307 d:- ref:0 ;
in:460 out:457 type:P dur:2 cpbdur:2 q:28.55 aq:21.10 tex:237209 mv:15286 misc:1585 imb:1113 pmb:1130 smb:1357 d:- ref:0 ;
in:458 out:458 type:B dur:2 cpbdur:2 q:28.40 aq:27.43 tex:74765 mv:15585 misc:2322 imb:394 pmb:1270 smb:1936 d:- ref:0 ;
in:457 out:459 type:b dur:2 cpbdur:2 q:28.32 aq:28.81 tex:46755 mv:10380 misc:2241 imb:283 pmb:1042 smb:2275 d:- ref:0 ;
in:459 out:460 type:b dur:2 cpbdur:2 q:28.48 aq:29.21 tex:44108 mv:10880 misc:2268 imb:312 pmb:1034 smb:2254 d:- ref:0 ;
in:464 out:461 type:P dur:2 cpbdur:2 q:29.21 aq:21.92 tex:239337 mv:14912 misc:1655 imb:1038 pmb:1153 smb:1409 d:- ref:0 ;
in:462 out:462 type:B dur:2 cpbdur:2 q:28.88 aq:27.49 tex:67168 mv:13541 misc:2299 imb:386 pmb:1109 smb:2105 d:- ref:0 ;
in:461 out:463 type:b dur:2 cpbdur:2 q:28.72 aq:28.85 tex:41970 mv:9971 misc:2163 imb:291 pmb:967 smb:2342 d:- ref:0 ;
in:463 out:464 type:b dur:2 cpbdur:2 q:29.05 aq:29.43 tex:41551 mv:10119 misc:2098 imb:278 pmb:923 smb:2399 d:- ref:0 ;
in:468 out:465 type:P dur:2 cpbdur:2 q:29.79 aq:20.63 tex:309864 mv:16636 misc:972 imb:1142 pmb:1303 smb:1155 d:- ref:0 ;
in:466 out:466 type:B dur:2 cpbdur:2 q:29.50 aq:26.14 tex:9540 mv:1520 misc:860 imb:3 pmb:209 smb:3388 d:- ref:0 ;
in:465 out:467 type:b dur:2 cpbdur:2 q:29.36 aq:28.70 tex:5400 mv:1218 misc:550 imb:3 pmb:137 smb:3460 d:- ref:0 ;
in:467 out:468 type:b dur:2 cpbdur:2 q:29.64 aq:31.69 tex:4648 mv:754 misc:382 imb:0 pmb:68 smb:3532 d:- ref:0 ;
in:472 out:469 type:P dur:2 cpbdur:2 q:30.42 aq:19.75 tex:20423 mv:1159 misc:1042 imb:20 pmb:190 smb:3390 d:- ref:0 ;
in:470 out:470 type:B dur:2 cpbdur:2 q:30.10 aq:31.07 tex:8168 mv:1080 misc:432 imb:0 pmb:80 smb:3520 d:- ref:0 ;
in:469 out:471 type:b dur:2 cpbdur:2 q:29.94 aq:32.06 tex:4149 mv:745 misc:378 imb:0 pmb:61 smb:3539 d:- ref:0 ;
in:471 out:472 type:b dur:2 cpbdur:2 q:30.26 aq:33.11 tex:4938 mv:862 misc:408 imb:1 pmb:72 smb:3527 d:- ref:0 ;
in:475 out:473 type:P dur:2 cpbdur:2 q:30.63 aq:34.11 tex:8740 mv:773 misc:447 imb:8 pmb:74 smb:3518 d:- ref:0 ;
in:473 out:474 type:B dur:2 cpbdur:2 q:30.49 aq:33.90 tex:4632 mv:773 misc:435 imb:0 pmb:69 smb:3531 d:- ref:0 ;
in:474 out:475 type:b dur:2 cpbdur:2 q:30.56 aq:33.91 tex:4312 mv:825 misc:407 imb:0 pmb:72 smb:3528 d:- ref:0 ;
in:476 out:476 type:I dur:2 cpbdur:2 q:26.30 aq:16.87 tex:713199 mv:81919 misc:522 imb:3600 pmb:0 smb:0 d:- ref:;
in:480 out:477 type:P dur:2 cpbdur:2 q:31.59 aq:28.34 tex:17273 mv:1046 misc:489 imb:29 pmb:89 smb:3482 d:- ref:0 ;
in:478 out:478 type:B dur:2 cpbdur:2 q:31.59 aq:33.30 tex:5811 mv:1104 misc:445 imb:1 pmb:86 smb:3513 d:- ref:0 ;
in:477 out:479 type:b dur:2 cpbdur:2 q:31.59 aq:34.72 tex:1982 mv:600 misc:418 imb:0 pmb:70 smb:3530 d:- ref:0 ;
in:479 out:480 type:b dur:2 cpbdur:2 q:31.59 aq:35.27 tex:2753 mv:682 misc:397 imb:1 pmb:61 smb:3538 d:- ref:0 ;
in:484 out:481 type:P dur:2 cpbdur:2 q:31.29 aq:27.74 tex:15707 mv:967 misc:494 imb:30 pmb:81 smb:3489 d:- ref:0 ;
in:482 out:482 type:B dur:2 cpbdur:2 q:31.44 aq:32.62 tex:6019 mv:1088 misc:437 imb:1 pmb:89 smb:3510 d:- ref:0 ;
in:481 out:483 type:b dur:2 cpbdur:2 q:31.52 aq:34.61 tex:2590 mv:689 misc:433 imb:0 pmb:74 smb:3526 d:- ref:0 ;
in:483 out:484 type:b dur:2 cpbdur:2 q:31.37 aq:34.44 tex:2791 mv:624 misc:409 imb:0 pmb:64 smb:3536 d:- ref:0 ;
in:488 out:485 type:P dur:2 cpbdur:2 q:31.10 aq:28.03 tex:17535 mv:917 misc:500 imb:31 pmb:74 smb:3495 d:- ref:0 ;
in:486 out:486 type:B dur:2 cpbdur:2 q:31.20 aq:31.67 tex:6603 mv:1085 misc:456 imb:1 pmb:86 smb:3513 d:- ref:0 ;
in:485 out:487 type:b dur:2 cpbdur:2 q:31.25 aq:33.27 tex:2803 mv:723 misc:394 imb:0 pmb:61 smb:3539 d:- ref:0 ;
in:487 out:488 type:b dur:2 cpbdur:2 q:31.15 aq:33.00 tex:3081 mv:749 misc:458 imb:1 pmb:80 smb:3519 d:- ref:0 ;
in:492 out:489 type:P dur:2 cpbdur:2 q:31.10 aq:27.47 tex:104803 mv:11830 misc:2015 imb:891 pmb:912 smb:1797 d:- ref:0 ;
in:490 out:490 type:B dur:2 cpbdur:2 q:31.10 aq:30.82 tex:35796 mv:9364 misc:2152 imb:249 pmb:847 smb:2504 d:- ref:0 ;
in:489 out:491 type:b dur:2 cpbdur:2 q:31.10 aq:33.57 tex:3364 mv:1033 misc:1155 imb:0 pmb:329 smb:3271 d:- ref:0 ;
in:491 out:492 type:b dur:2 cpbdur:2 q:31.10 aq:31.95 tex:23034 mv:7453 misc:2129 imb:171 pmb:744 smb:2685 d:- ref:0 ;
in:496 out:493 type:P dur:2 cpbdur:2 q:31.03 aq:26.46 tex:113700 mv:12505 misc:1939 imb:943 pmb:930 smb:1727 d:- ref:0 ;
in:494 out:494 type:B dur:2 cpbdur:2 q:31.06 aq:30.88 tex:40802 mv:11798 misc:2328 imb:295 pmb:962 smb:2343 d:- ref:0 ;
in:493 out:495 type:b dur:2 cpbdur:2 q:31.08 aq:30.40 tex:25508 mv:8115 misc:2129 imb:183 pmb:799 smb:2618 d:- ref:0 ;
in:495 out:496 type:b dur:2 cpbdur:2 q:31.04 aq:31.34 tex:20311 mv:7096 misc:2105 imb:169 pmb:781 smb:2650 d:- ref:0 ;
in:500 out:497 type:P dur:2 cpbdur:2 q:30.95 aq:25.77 tex:123557 mv:12952 misc:1723 imb:976 pmb:1019 smb:1605 d:- ref:0 ;
in:498 out:498 type:B dur:2 cpbdur:2 q:30.99 aq:28.21 tex:39884 mv:10793 misc:2195 imb:281 pmb:914 smb:2405 d:- ref:0 ;
in:497 out:499 type:b dur:2 cpbdur:2 q:31.01 aq:31.96 tex:25467 mv:7603 misc:2010 imb:216 pmb:720 smb:2664 d:- ref:0 ;
in:499 out:500 type:b dur:2 cpbdur:2 q:30.97 aq:32.63 tex:21795 mv:7178 misc:2059 imb:161 pmb:777 smb:2662 d:- ref:0 ;
in:502 out:501 type:P dur:2 cpbdur:2 q:30.97 aq:27.13 tex:34074 mv:3809 misc:1845 imb:265 pmb:475 smb:2860 d:- ref:0 ;
in:501 out:502 type:b dur:2 cpbdur:2 q:30.96 aq:32.07 tex:24757 mv:6250 misc:1953 imb:251 pmb:641 smb:2708 d:- ref:0 ;
in:506 out:503 type:P dur:2 cpbdur:2 q:30.97 aq:26.17 tex:92475 mv:10248 misc:1957 imb:647 pmb:964 smb:1989 d:- ref:0 ;
in:504 out:504 type:B dur:2 cpbdur:2 q:30.97 aq:30.52 tex:32119 mv:7742 misc:2059 imb:176 pmb:836 smb:2588 d:- ref:0 ;
in:503 out:505 type:b dur:2 cpbdur:2 q:30.97 aq:32.33 tex:20061 mv:5309 misc:1862 imb:173 pmb:593 smb:2834 d:- ref:0 ;
in:505 out:506 type:b dur:2 cpbdur:2 q:30.97 aq:32.24 tex:21516 mv:5752 misc:1908 imb:168 pmb:674 smb:2758 d:- ref:0 ;
in:510 out:507 type:P dur:2 cpbdur:2 q:31.13 aq:27.02 tex:102952 mv:10706 misc:1870 imb:723 pmb:959 smb:1918 d:- ref:0 ;
in:508 out:508 type:B dur:2 cpbdur:2 q:31.05 aq:30.33 tex:35934 mv:8251 misc:2167 imb:197 pmb:853 smb:2550 d:- ref:0 ;
in:507 out:509 type:b dur:2 cpbdur:2 q:31.01 aq:32.72 tex:20021 mv:5977 misc:1890 imb:191 pmb:692 smb:2717 d:- ref:0 ;
in:509 out:510 type:b dur:2 cpbdur:2 q:31.09 aq:32.46 tex:20771 mv:5671 misc:1870 imb:186 pmb:655 smb:2759 d:- ref:0 ;
in:514 out:511 type:P dur:2 cpbdur:2 q:31.32 aq:24.79 tex:157696 mv:15387 misc:1661 imb:1234 pmb:800 smb:1566 d:- ref:0 ;
in:512 out:512 type:B dur:2 cpbdur:2 q:31.22 aq:30.43 tex:37633 mv:11578 misc:2349 imb:267 pmb:957 smb:2376 d:- ref:0 ;
in:511 out:513 type:b dur:2 cpbdur:2 q:31.18 aq:32.60 tex:20240 mv:5012 misc:1828 imb:136 pmb:616 smb:2848 d:- ref:0 ;
in:513 out:514 type:b dur:2 cpbdur:2 q:31.27 aq:32.03 tex:21057 mv:9305 misc:2214 imb:283 pmb:812 smb:2505 d:- ref:0 ;
in:518 out:515 type:P dur:2 cpbdur:2 q:31.46 aq:25.89 tex:109839 mv:10777 misc:2072 imb:714 pmb:1023 smb:1863 d:- ref:0 ;
in:516 out:516 type:B dur:2 cpbdur:2 q:31.39 aq:30.68 tex:32752 mv:8266 misc:2134 imb:182 pmb:864 smb:2554 d:- ref:0 ;
in:515 out:517 type:b dur:2 cpbdur:2 q:31.35 aq:28.32 tex:17894 mv:5914 misc:1992 imb:169 pmb:738 smb:2693 d:- ref:0 ;
in:517 out:518 type:b dur:2 cpbdur:2 q:31.43 aq:27.94 tex:18402 mv:4851 misc:1947 imb:138 pmb:618 smb:2844 d:- ref:0 ;
in:522 out:519 type:P dur:2 cpbdur:2 q:31.59 aq:25.29 tex:123550 mv:10998 misc:2012 imb:710 pmb:1014 smb:1876 d:- ref:0 ;
in:520 out:520 type:B dur:2 cpbdur:2 q:31.52 aq:32.03 tex:28882 mv:7811 misc:2115 imb:158 pmb:809 smb:2633 d:- ref:0 ;
in:519 out:521 type:b dur:2 cpbdur:2 q:31.49 aq:28.40 tex:18802 mv:5171 misc:1907 imb:138 pmb:651 smb:2811 d:- ref:0 ;
in:521 out:522 type:b dur:2 cpbdur:2 q:31.55 aq:33.16 tex:16079 mv:4704 misc:1929 imb:147 pmb:587 smb:2866 d:- ref:0 ;
in:526 out:523 type:P dur:2 cpbdur:2 q:31.75 aq:24.82 tex:146303 mv:12263 misc:1874 imb:755 pmb:1102 smb:1743 d:- ref:0 ;
in:524 out:524 type:B dur:2 cpbdur:2 q:31.67 aq:30.91 tex:27056 mv:8034 misc:2150 imb:150 pmb:816 smb:2634 d:- ref:0 ;
in:523 out:525 type:b dur:2 cpbdur:2 q:31.63 aq:32.85 tex:15677 mv:4747 misc:1864 imb:135 pmb:584 smb:2881 d:- ref:0 ;
in:525 out:526 type:b dur:2 cpbdur:2 q:31.71 aq:33.00 tex:15966 mv:5511 misc:1907 imb:129 pmb:701 smb:2770 d:- ref:0 ;
in:530 out:527 type:P dur:2 cpbdur:2 q:31.89 aq:23.41 tex:212218 mv:14903 misc:1391 imb:1009 pmb:1280 smb:1311 d:- ref:0 ;
in:528 out:528 type:B dur:2 cpbdur:2 q:31.82 aq:27.82 tex:24692 mv:7396 misc:2008 imb:149 pmb:766 smb:2685 d:- ref:0 ;
in:527 out:529 type:b dur:2 cpbdur:2 q:31.79 aq:33.10 tex:14193 mv:5044 misc:1867 imb:133 pmb:652 smb:2815 d:- ref:0 ;
in:529 out:530 type:b dur:2 cpbdur:2 q:31.86 aq:33.36 tex:14066 mv:5123 misc:1843 imb:127 pmb:621 smb:2852 d:- ref:0 ;
in:534 out:531 type:P dur:2 cpbdur:2 q:32.06 aq:23.68 tex:18067 mv:1343 misc:1334 imb:44 pmb:233 smb:3323 d:- ref:0 ;
in:532 out:532 type:B dur:2 cpbdur:2 q:31.97 aq:28.21 tex:3169 mv:811 misc:436 imb:0 pmb:71 smb:3529 d:- ref:0 ;
in:531 out:533 type:b dur:2 cpbdur:2 q:31.93 aq:32.62 tex:1232 mv:372 misc:340 imb:0 pmb:41 smb:3559 d:- ref:0 ;
in:533 out:534 type:b dur:2 cpbdur:2 q:32.02 aq:33.09 tex:973 mv:394 misc:385 imb:0 pmb:45 smb:3555 d:- ref:0 ;
in:535 out:535 type:P dur:2 cpbdur:2 q:32.04 aq:31.58 tex:17211 mv:1339 misc:626 imb:125 pmb:91 smb:3384 d:- ref:0 ;
in:536 out:536 type:I dur:2 cpbdur:2 q:28.55 aq:19.92 tex:589998 mv:69628 misc:542 imb:3600 pmb:0 smb:0 d:- ref:;
in:540 out:537 type:P dur:2 cpbdur:2 q:32.52 aq:21.46 tex:272693 mv:16406 misc:1013 imb:1184 pmb:1266 smb:1150 d:- ref:0 ;
in:538 out:538 type:B dur:2 cpbdur:2 q:32.52 aq:27.20 tex:3850 mv:1344 misc:1350 imb:5 pmb:402 smb:3193 d:- ref:0 ;
in:537 out:539 type:b dur:2 cpbdur:2 q:32.52 aq:33.30 tex:472 mv:355 misc:373 imb:0 pmb:48 smb:3552 d:- ref:0 ;
in:539 out:540 type:b dur:2 cpbdur:2 q:32.52 aq:29.53 tex:13513 mv:6897 misc:2062 imb:162 pmb:671 smb:2767 d:- ref:0 ;
in:544 out:541 type:P dur:2 cpbdur:2 q:32.78 aq:21.34 tex:18691 mv:1251 misc:1602 imb:40 pmb:310 smb:3250 d:- ref:0 ;
in:542 out:542 type:B dur:2 cpbdur:2 q:32.65 aq:30.31 tex:2403 mv:452 misc:369 imb:1 pmb:44 smb:3555 d:- ref:0 ;
in:541 out:543 type:b dur:2 cpbdur:2 q:32.58 aq:33.78 tex:796 mv:312 misc:348 imb:0 pmb:35 smb:3565 d:- ref:0 ;
in:543 out:544 type:b dur:2 cpbdur:2 q:32.72 aq:34.10 tex:522 mv:258 misc:308 imb:0 pmb:28 smb:3572 d:- ref:0 ;
in:548 out:545 type:P dur:2 cpbdur:2 q:32.62 aq:21.76 tex:8716 mv:696 misc:804 imb:19 pmb:114 smb:3467 d:- ref:0 ;
in:546 out:546 type:B dur:2 cpbdur:2 q:32.70 aq:30.82 tex:2158 mv:378 misc:336 imb:0 pmb:35 smb:3565 d:- ref:0 ;
in:545 out:547 type:b dur:2 cpbdur:2 q:32.74 aq:33.82 tex:910 mv:198 misc:300 imb:0 pmb:26 smb:3574 d:- ref:0 ;
in:547 out:548 type:b dur:2 cpbdur:2 q:32.66 aq:34.02 tex:680 mv:210 misc:318 imb:0 pmb:25 smb:3575 d:- ref:0 ;
in:552 out:549 type:P dur:2 cpbdur:2 q:32.89 aq:21.83 tex:6139 mv:473 misc:516 imb:14 pmb:52 smb:3534 d:- ref:0 ;
in:550 out:550 type:B dur:2 cpbdur:2 q:32.76 aq:28.14 tex:2056 mv:393 misc:311 imb:0 pmb:30 smb:3570 d:- ref:0 ;
in:549 out:551 type:b dur:2 cpbdur:2 q:32.69 aq:34.82 tex:473 mv:217 misc:302 imb:0 pmb:20 smb:3580 d:- ref:0 ;
in:551 out:552 type:b dur:2 cpbdur:2 q:32.82 aq:33.97 tex:849 mv:284 misc:307 imb:0 pmb:27 smb:3573 d:- ref:0 ;
in:556 out:553 type:P dur:2 cpbdur:2 q:32.72 aq:23.86 tex:6190 mv:532 misc:454 imb:13 pmb:55 smb:3532 d:- ref:0 ;
in:554 out:554 type:B dur:2 cpbdur:2 q:32.80 aq:30.45 tex:2201 mv:424 misc:343 imb:0 pmb:33 smb:3567 d:- ref:0 ;
in:553 out:555 type:b dur:2 cpbdur:2 q:32.85 aq:33.06 tex:733 mv:238 misc:293 imb:0 pmb:22 smb:3578 d:- ref:0 ;
in:555 out:556 type:b dur:2 cpbdur:2 q:32.76 aq:34.87 tex:684 mv:225 misc:291 imb:0 pmb:20 smb:3580 d:- ref:0 ;
in:560 out:557 type:P dur:2 cpbdur:2 q:32.56 aq:24.95 tex:7025 mv:613 misc:450 imb:12 pmb:50 smb:3538 d:- ref:0 ;
in:558 out:558 type:B dur:2 cpbdur:2 q:32.64 aq:31.51 tex:1967 mv:519 misc:338 imb:0 pmb:40 smb:3560 d:- ref:0 ;
in:557 out:559 type:b dur:2 cpbdur:2 q:32.68 aq:34.87 tex:716 mv:337 misc:307 imb:0 pmb:28 smb:3572 d:- ref:0 ;
in:559 out:560 type:b dur:2 cpbdur:2 q:32.60 aq:33.77 tex:508 mv:267 misc:321 imb:0 pmb:29 smb:3571 d:- ref:0 ;
in:563 out:561 type:P dur:2 cpbdur:2 q:32.39 aq:24.54 tex:8905 mv:649 misc:494 imb:12 pmb:66 smb:3522 d:- ref:0 ;
in:561 out:562 type:B dur:2 cpbdur:2 q:32.50 aq:31.17 tex:1193 mv:351 misc:352 imb:0 pmb:37 smb:3563 d:- ref:0 ;
in:562 out:563 type:b dur:2 cpbdur:2 q:32.44 aq:35.07 tex:617 mv:242 misc:293 imb:0 pmb:22 smb:3578 d:- ref:0 ;
in:567 out:564 type:P dur:2 cpbdur:2 q:32.24 aq:23.05 tex:7371 mv:522 misc:435 imb:15 pmb:42 smb:3543 d:- ref:0 ;
in:565 out:565 type:B dur:2 cpbdur:2 q:32.31 aq:31.94 tex:2604 mv:475 misc:337 imb:0 pmb:36 smb:3564 d:- ref:0 ;
in:564 out:566 type:b dur:2 cpbdur:2 q:32.35 aq:32.09 tex:913 mv:359 misc:336 imb:1 pmb:35 smb:3564 d:- ref:0 ;
in:566 out:567 type:b dur:2 cpbdur:2 q:32.27 aq:34.29 tex:576 mv:242 misc:286 imb:0 pmb:25 smb:3575 d:- ref:0 ;
in:571 out:568 type:P dur:2 cpbdur:2 q:32.06 aq:24.41 tex:5896 mv:448 misc:472 imb:9 pmb:46 smb:3545 d:- ref:0 ;
in:569 out:569 type:B dur:2 cpbdur:2 q:32.15 aq:29.65 tex:1895 mv:388 misc:325 imb:0 pmb:27 smb:3573 d:- ref:0 ;
in:568 out:570 type:b dur:2 cpbdur:2 q:32.19 aq:34.24 tex:789 mv:229 misc:294 imb:0 pmb:23 smb:3577 d:- ref:0 ;
in:570 out:571 type:b dur:2 cpbdur:2 q:32.10 aq:34.05 tex:775 mv:218 misc:303 imb:0 pmb:23 smb:3577 d:- ref:0 ;
in:575 out:572 type:P dur:2 cpbdur:2 q:31.89 aq:24.43 tex:9311 mv:512 misc:513 imb:18 pmb:50 smb:3532 d:- ref:0 ;
in:573 out:573 type:B dur:2 cpbdur:2 q:31.97 aq:29.68 tex:1655 mv:376 misc:329 imb:0 pmb:37 smb:3563 d:- ref:0 ;
in:572 out:574 type:b dur:2 cpbdur:2 q:32.02 aq:32.53 tex:752 mv:247 misc:305 imb:0 pmb:25 smb:3575 d:- ref:0 ;
in:574 out:575 type:b dur:2 cpbdur:2 q:31.93 aq:34.36 tex:679 mv:227 misc:302 imb:0 pmb:23 smb:3577 d:- ref:0 ;
in:579 out:576 type:P dur:2 cpbdur:2 q:31.72 aq:23.19 tex:6273 mv:452 misc:523 imb:15 pmb:45 smb:3540 d:- ref:0 ;
in:577 out:577 type:B dur:2 cpbdur:2 q:31.80 aq:25.43 tex:1538 mv:423 misc:303 imb:3 pmb:26 smb:3571 d:- ref:0 ;
in:576 out:578 type:b dur:2 cpbdur:2 q:31.84 aq:27.71 tex:915 mv:213 misc:312 imb:0 pmb:24 smb:3576 d:- ref:0 ;
in:578 out:579 type:b dur:2 cpbdur:2 q:31.76 aq:33.70 tex:639 mv:173 misc:268 imb:0 pmb:19 smb:3581 d:- ref:0 ;
in:583 out:580 type:P dur:2 cpbdur:2 q:31.55 aq:23.14 tex:164141 mv:11289 misc:1978 imb:715 pmb:1150 smb:1735 d:- ref:0 ;
in:581 out:581 type:B dur:2 cpbdur:2 q:31.63 aq:31.96 tex:1564 mv:703 misc:1053 imb:2 pmb:282 smb:3316 d:- ref:0 ;
in:580 out:582 type:b dur:2 cpbdur:2 q:31.68 aq:34.23 tex:749 mv:228 misc:279 imb:0 pmb:22 smb:3578 d:- ref:0 ;
in:582 out:583 type:b dur:2 cpbdur:2 q:31.59 aq:30.46 tex:874 mv:747 misc:1363 imb:4 pmb:392 smb:3204 d:- ref:0 ;
in:587 out:584 type:P dur:2 cpbdur:2 q:31.50 aq:20.74 tex:300174 mv:15767 misc:1083 imb:976 pmb:1435 smb:1189 d:- ref:0 ;
in:585 out:585 type:B dur:2 cpbdur:2 q:31.52 aq:28.21 tex:1355 mv:672 misc:973 imb:1 pmb:238 smb:3361 d:- ref:0 ;
in:584 out:586 type:b dur:2 cpbdur:2 q:31.53 aq:33.08 tex:19486 mv:8972 misc:1678 imb:211 pmb:833 smb:2556 d:- ref:0 ;
in:586 out:587 type:b dur:2 cpbdur:2 q:31.51 aq:29.56 tex:628 mv:208 misc:284 imb:0 pmb:19 smb:3581 d:- ref:0 ;
in:591 out:588 type:P dur:2 cpbdur:2 q:31.51 aq:20.46 tex:25642 mv:1404 misc:1994 imb:27 pmb:485 smb:3088 d:- ref:0 ;
in:589 out:589 type:B dur:2 cpbdur:2 q:31.50 aq:30.19 tex:1191 mv:369 misc:376 imb:0 pmb:39 smb:3561 d:- ref:0 ;
in:588 out:590 type:b dur:2 cpbdur:2 q:31.50 aq:29.55 tex:380 mv:152 misc:300 imb:0 pmb:22 smb:3578 d:- ref:0 ;
in:590 out:591 type:b dur:2 cpbdur:2 q:31.51 aq:25.50 tex:358 mv:184 misc:314 imb:0 pmb:26 smb:3574 d:- ref:0 ;
in:595 out:592 type:P dur:2 cpbdur:2 q:31.51 aq:21.98 tex:12074 mv:717 misc:1025 imb:12 pmb:177 smb:3411 d:- ref:0 ;
in:593 out:593 type:B dur:2 cpbdur:2 q:31.51 aq:30.94 tex:1678 mv:303 misc:339 imb:1 pmb:35 smb:3564 d:- ref:0 ;
in:592 out:594 type:b dur:2 cpbdur:2 q:31.51 aq:29.40 tex:485 mv:186 misc:305 imb:0 pmb:26 smb:3574 d:- ref:0 ;
in:594 out:595 type:b dur:2 cpbdur:2 q:31.51 aq:32.69 tex:891 mv:172 misc:289 imb:0 pmb:18 smb:3582 d:- ref:0 ;
in:596 out:596 type:I dur:2 cpbdur:2 q:28.89 aq:17.84 tex:702143 mv:85911 misc:522 imb:3600 pmb:0 smb:0 d:- ref:;
in:600 out:597 type:P dur:2 cpbdur:2 q:32.14 aq:20.75 tex:3484 mv:353 misc:571 imb:4 pmb:61 smb:3535 d:- ref:0 ;
in:598 out:598 type:B dur:2 cpbdur:2 q:32.14 aq:31.86 tex:574 mv:182 misc:276 imb:0 pmb:16 smb:3584 d:- ref:0 ;
in:597 out:599 type:b dur:2 cpbdur:2 q:32.14 aq:28.95 tex:330 mv:147 misc:275 imb:0 pmb:17 smb:3583 d:- ref:0 ;
in:599 out:600 type:b dur:2 cpbdur:2 q:32.14 aq:29.51 tex:340 mv:148 misc:264 imb:0 pmb:15 smb:3585 d:- ref:0 ;
in:604 out:601 type:P dur:2 cpbdur:2 q:32.04 aq:19.63 tex:4753 mv:315 misc:380 imb:6 pmb:31 smb:3563 d:- ref:0 ;
in:602 out:602 type:B dur:2 cpbdur:2 q:32.09 aq:26.61 tex:315 mv:200 misc:293 imb:0 pmb:19 smb:3581 d:- ref:0 ;
in:601 out:603 type:b dur:2 cpbdur:2 q:32.11 aq:29.72 tex:251 mv:132 misc:281 imb:0 pmb:13 smb:3587 d:- ref:0 ;
in:603 out:604 type:b dur:2 cpbdur:2 q:32.07 aq:29.96 tex:329 mv:142 misc:257 imb:0 pmb:11 smb:3589 d:- ref:0 ;
in:608 out:605 type:P dur:2 cpbdur:2 q:31.92 aq:19.63 tex:2393 mv:190 misc:377 imb:2 pmb:31 smb:3567 d:- ref:0 ;
in:606 out:606 type:B dur:2 cpbdur:2 q:31.98 aq:29.03 tex:659 mv:200 misc:277 imb:0 pmb:13 smb:3587 d:- ref:0 ;
in:605 out:607 type:b dur:2 cpbdur:2 q:32.01 aq:30.37 tex:334 mv:127 misc:259 imb:0 pmb:10 smb:3590 d:- ref:0 ;
in:607 out:608 type:b dur:2 cpbdur:2 q:31.95 aq:29.72 tex:272 mv:127 misc:249 imb:0 pmb:11 smb:3589 d:- ref:0 ;
in:612 out:609 type:P dur:2 cpbdur:2 q:31.99 aq:22.82 tex:4474 mv:357 misc:377 imb:4 pmb:31 smb:3565 d:- ref:0 ;
in:610 out:610 type:B dur:2 cpbdur:2 q:31.96 aq:29.96 tex:1318 mv:349 misc:293 imb:0 pmb:23 smb:3577 d:- ref:0 ;
in:609 out:611 type:b dur:2 cpbdur:2 q:31.94 aq:30.00 tex:310 mv:88 misc:274 imb:0 pmb:14 smb:3586 d:- ref:0 ;
in:611 out:612 type:b dur:2 cpbdur:2 q:31.97 aq:30.46 tex:323 mv:174 misc:279 imb:1 pmb:19 smb:3580 d:- ref:0 ;
in:616 out:613 type:P dur:2 cpbdur:2 q:31.80 aq:24.22 tex:8381 mv:490 misc:401 imb:11 pmb:35 smb:3554 d:- ref:0 ;
in:614 out:614 type:B dur:2 cpbdur:2 q:31.90 aq:30.31 tex:1006 mv:287 misc:339 imb:0 pmb:37 smb:3563 d:- ref:0 ;
in:613 out:615 type:b dur:2 cpbdur:2 q:31.94 aq:31.94 tex:906 mv:265 misc:309 imb:0 pmb:28 smb:3572 d:- ref:0 ;
in:615 out:616 type:b dur:2 cpbdur:2 q:31.85 aq:31.41 tex:650 mv:196 misc:274 imb:0 pmb:17 smb:3583 d:- ref:0 ;
in:620 out:617 type:P dur:2 cpbdur:2 q:31.59 aq:20.72 tex:4083 mv:363 misc:378 imb:6 pmb:34 smb:3560 d:- ref:0 ;
in:618 out:618 type:B dur:2 cpbdur:2 q:31.70 aq:28.24 tex:737 mv:292 misc:307 imb:0 pmb:22 smb:3578 d:- ref:0 ;
in:617 out:619 type:b dur:2 cpbdur:2 q:31.75 aq:26.96 tex:475 mv:169 misc:252 imb:1 pmb:13 smb:3586 d:- ref:0 ;
in:619 out:620 type:b dur:2 cpbdur:2 q:31.64 aq:30.57 tex:676 mv:168 misc:300 imb:0 pmb:22 smb:3578 d:- ref:0 ;
in:624 out:621 type:P dur:2 cpbdur:2 q:31.45 aq:20.81 tex:6056 mv:473 misc:343 imb:11 pmb:34 smb:3555 d:- ref:0 ;
in:622 out:622 type:B dur:2 cpbdur:2 q:31.52 aq:29.64 tex:1528 mv:350 misc:330 imb:1 pmb:30 smb:3569 d:- ref:0 ;
in:621 out:623 type:b dur:2 cpbdur:2 q:31.56 aq:30.23 tex:510 mv:172 misc:294 imb:1 pmb:20 smb:3579 d:- ref:0 ;
in:623 out:624 type:b dur:2 cpbdur:2 q:31.48 aq:33.10 tex:886 mv:229 misc:285 imb:0 pmb:19 smb:3581 d:- ref:0 ;
in:628 out:625 type:P dur:2 cpbdur:2 q:31.28 aq:22.60 tex:7091 mv:457 misc:404 imb:15 pmb:38 smb:3547 d:- ref:0 ;
in:626 out:626 type:B dur:2 cpbdur:2 q:31.37 aq:29.57 tex:1863 mv:368 misc:313 imb:0 pmb:34 smb:3566 d:- ref:0 ;
in:625 out:627 type:b dur:2 cpbdur:2 q:31.41 aq:30.80 tex:760 mv:196 misc:308 imb:1 pmb:24 smb:3575 d:- ref:0 ;
in:627 out:628 type:b dur:2 cpbdur:2 q:31.32 aq:29.89 tex:1256 mv:261 misc:299 imb:0 pmb:28 smb:3572 d:- ref:0 ;
in:632 out:629 type:P dur:2 cpbdur:2 q:31.12 aq:21.34 tex:5517 mv:343 misc:396 imb:10 pmb:29 smb:3561 d:- ref:0 ;
in:630 out:630 type:B dur:2 cpbdur:2 q:31.20 aq:26.85 tex:612 mv:240 misc:300 imb:0 pmb:20 smb:3580 d:- ref:0 ;
in:629 out:631 type:b dur:2 cpbdur:2 q:31.24 aq:29.20 tex:251 mv:161 misc:276 imb:0 pmb:17 smb:3583 d:- ref:0 ;
in:631 out:632 type:b dur:2 cpbdur:2 q:31.16 aq:28.95 tex:340 mv:143 misc:261 imb:0 pmb:11 smb:3589 d:- ref:0 ;
in:636 out:633 type:P dur:2 cpbdur:2 q:30.92 aq:20.56 tex:3354 mv:270 misc:384 imb:4 pmb:28 smb:3568 d:- ref:0 ;
in:634 out:634 type:B dur:2 cpbdur:2 q:31.02 aq:28.68 tex:998 mv:242 misc:272 imb:0 pmb:17 smb:3583 d:- ref:0 ;
in:633 out:635 type:b dur:2 cpbdur:2 q:31.07 aq:29.93 tex:192 mv:129 misc:263 imb:0 pmb:14 smb:3586 d:- ref:0 ;
in:635 out:636 type:b dur:2 cpbdur:2 q:30.97 aq:30.34 tex:613 mv:190 misc:253 imb:0 pmb:16 smb:3584 d:- ref:0 ;
in:640 out:637 type:P dur:2 cpbdur:2 q:30.79 aq:19.54 tex:5823 mv:378 misc:431 imb:15 pmb:35 smb:3550 d:- ref:0 ;
in:638 out:638 type:B dur:2 cpbdur:2 q:30.86 aq:29.25 tex:803 mv:298 misc:307 imb:0 pmb:25 smb:3575 d:- ref:0 ;
in:637 out:639 type:b dur:2 cpbdur:2 q:30.89 aq:28.21 tex:539 mv:215 misc:294 imb:1 pmb:20 smb:3579 d:- ref:0 ;
in:639 out:640 type:b dur:2 cpbdur:2 q:30.82 aq:30.18 tex:316 mv:127 misc:269 imb:0 pmb:15 smb:3585 d:- ref:0 ;
in:644 out:641 type:P dur:2 cpbdur:2 q:30.62 aq:23.50 tex:215538 mv:14204 misc:1690 imb:1003 pmb:1204 smb:1393 d:- ref:0 ;
in:642 out:642 type:B dur:2 cpbdur:2 q:30.71 aq:29.87 tex:36661 mv:9150 misc:2013 imb:203 pmb:856 smb:2541 d:- ref:0 ;
in:641 out:643 type:b dur:2 cpbdur:2 q:30.75 aq:28.50 tex:24958 mv:6503 misc:1883 imb:231 pmb:694 smb:2675 d:- ref:0 ;
in:643 out:644 type:b dur:2 cpbdur:2 q:30.67 aq:28.30 tex:23658 mv:6472 misc:1710 imb:226 pmb:648 smb:2726 d:- ref:0 ;
in:648 out:645 type:P dur:2 cpbdur:2 q:30.60 aq:20.92 tex:311072 mv:15281 misc:1095 imb:952 pmb:1423 smb:1225 d:- ref:0 ;
in:646 out:646 type:B dur:2 cpbdur:2 q:30.61 aq:24.73 tex:8406 mv:2011 misc:1159 imb:6 pmb:343 smb:3251 d:- ref:0 ;
in:645 out:647 type:b dur:2 cpbdur:2 q:30.62 aq:32.22 tex:21615 mv:6421 misc:1892 imb:196 pmb:736 smb:2668 d:- ref:0 ;
in:647 out:648 type:b dur:2 cpbdur:2 q:30.60 aq:32.62 tex:3326 mv:949 misc:461 imb:0 pmb:80 smb:3520 d:- ref:0 ;
in:652 out:649 type:P dur:2 cpbdur:2 q:30.58 aq:20.41 tex:87242 mv:3536 misc:2318 imb:182 pmb:606 smb:2812 d:- ref:0 ;
in:650 out:650 type:B dur:2 cpbdur:2 q:30.59 aq:26.15 tex:8315 mv:1340 misc:785 imb:4 pmb:190 smb:3406 d:- ref:0 ;
in:649 out:651 type:b dur:2 cpbdur:2 q:30.59 aq:32.83 tex:3940 mv:936 misc:436 imb:0 pmb:79 smb:3521 d:- ref:0 ;
in:651 out:652 type:b dur:2 cpbdur:2 q:30.59 aq:32.92 tex:4174 mv:1059 misc:751 imb:0 pmb:175 smb:3425 d:- ref:0 ;
in:655 out:653 type:P dur:2 cpbdur:2 q:30.71 aq:32.02 tex:7922 mv:702 misc:440 imb:19 pmb:52 smb:3529 d:- ref:0 ;
in:653 out:654 type:B dur:2 cpbdur:2 q:30.63 aq:31.85 tex:3908 mv:801 misc:419 imb:0 pmb:63 smb:3537 d:- ref:0 ;
in:654 out:655 type:b dur:2 cpbdur:2 q:30.67 aq:31.85 tex:3041 mv:704 misc:391 imb:0 pmb:60 smb:3540 d:- ref:0 ;
in:656 out:656 type:I dur:2 cpbdur:2 q:28.07 aq:17.17 tex:738755 mv:87759 misc:534 imb:3600 pmb:0 smb:0 d:- ref:;
in:660 out:657 type:P dur:2 cpbdur:2 q:31.58 aq:22.02 tex:15111 mv:1075 misc:590 imb:35 pmb:90 smb:3475 d:- ref:0 ;
in:658 out:658 type:B dur:2 cpbdur:2 q:31.58 aq:32.33 tex:5652 mv:1102 misc:422 imb:0 pmb:82 smb:3518 d:- ref:0 ;
in:657 out:659 type:b dur:2 cpbdur:2 q:31.58 aq:32.77 tex:2930 mv:799 misc:415 imb:1 pmb:63 smb:3536 d:- ref:0 ;
in:659 out:660 type:b dur:2 cpbdur:2 q:31.58 aq:32.74 tex:2344 mv:688 misc:408 imb:0 pmb:65 smb:3535 d:- ref:0 ;
in:664 out:661 type:P dur:2 cpbdur:2 q:31.52 aq:22.54 tex:19114 mv:1144 misc:510 imb:30 pmb:90 smb:3480 d:- ref:0 ;
in:662 out:662 type:B dur:2 cpbdur:2 q:31.55 aq:31.61 tex:6833 mv:1137 misc:430 imb:1 pmb:88 smb:3511 d:- ref:0 ;
in:661 out:663 type:b dur:2 cpbdur:2 q:31.57 aq:32.92 tex:2991 mv:807 misc:402 imb:0 pmb:66 smb:3534 d:- ref:0 ;
in:663 out:664 type:b dur:2 cpbdur:2 q:31.53 aq:33.32 tex:2974 mv:875 misc:407 imb:0 pmb:71 smb:3529 d:- ref:0 ;
in:668 out:665 type:P dur:2 cpbdur:2 q:31.35 aq:21.59 tex:15737 mv:991 misc:512 imb:19 pmb:93 smb:3488 d:- ref:0 ;
in:666 out:666 type:B dur:2 cpbdur:2 q:31.43 aq:31.28 tex:6278 mv:914 misc:424 imb:1 pmb:77 smb:3522 d:- ref:0 ;
in:665 out:667 type:b dur:2 cpbdur:2 q:31.47 aq:32.79 tex:2531 mv:689 misc:404 imb:0 pmb:64 smb:3536 d:- ref:0 ;
in:667 out:668 type:b dur:2 cpbdur:2 q:31.39 aq:33.09 tex:3065 mv:801 misc:414 imb:0 pmb:69 smb:3531 d:- ref:0 ;
in:672 out:669 type:P dur:2 cpbdur:2 q:31.45 aq:22.45 tex:18936 mv:1105 misc:551 imb:30 pmb:95 smb:3475 d:- ref:0 ;
in:670 out:670 type:B dur:2 cpbdur:2 q:31.40 aq:31.49 tex:7000 mv:1141 misc:467 imb:1 pmb:92 smb:3507 d:- ref:0 ;
in:669 out:671 type:b dur:2 cpbdur:2 q:31.37 aq:33.15 tex:2740 mv:839 misc:413 imb:0 pmb:73 smb:3527 d:- ref:0 ;
in:671 out:672 type:b dur:2 cpbdur:2 q:31.43 aq:33.37 tex:2779 mv:761 misc:412 imb:0 pmb:68 smb:3532 d:- ref:0 ;
in:676 out:673 type:P dur:2 cpbdur:2 q:31.32 aq:21.14 tex:20066 mv:1069 misc:561 imb:22 pmb:111 smb:3467 d:- ref:0 ;
in:674 out:674 type:B dur:2 cpbdur:2 q:31.39 aq:30.51 tex:5232 mv:1114 misc:462 imb:0 pmb:83 smb:3517 d:- ref:0 ;
in:673 out:675 type:b dur:2 cpbdur:2 q:31.42 aq:33.92 tex:3338 mv:878 misc:424 imb:0 pmb:70 smb:3530 d:- ref:0 ;
in:675 out:676 type:b dur:2 cpbdur:2 q:31.35 aq:33.05 tex:2249 mv:711 misc:392 imb:0 pmb:57 smb:3543 d:- ref:0 ;
in:680 out:677 type:P dur:2 cpbdur:2 q:31.18 aq:21.09 tex:16166 mv:1020 misc:582 imb:23 pmb:103 smb:3474 d:- ref:0 ;
in:678 out:678 type:B dur:2 cpbdur:2 q:31.25 aq:31.04 tex:5445 mv:985 misc:426 imb:2 pmb:77 smb:3521 d:- ref:0 ;
in:677 out:679 type:b dur:2 cpbdur:2 q:31.28 aq:32.60 tex:2772 mv:677 misc:407 imb:0 pmb:60 smb:3540 d:- ref:0 ;
in:679 out:680 type:b dur:2 cpbdur:2 q:31.21 aq:32.45 tex:2839 mv:644 misc:381 imb:0 pmb:59 smb:3541 d:- ref:0 ;
in:684 out:681 type:P dur:2 cpbdur:2 q:31.01 aq:21.33 tex:18242 mv:948 misc:570 imb:19 pmb:102 smb:3479 d:- ref:0 ;
in:682 out:682 type:B dur:2 cpbdur:2 q:31.09 aq:30.77 tex:5129 mv:898 misc:397 imb:0 pmb:65 smb:3535 d:- ref:0 ;
in:681 out:683 type:b dur:2 cpbdur:2 q:31.14 aq:33.22 tex:1939 mv:645 misc:368 imb:0 pmb:49 smb:3551 d:- ref:0 ;
in:683 out:684 type:b dur:2 cpbdur:2 q:31.05 aq:31.58 tex:1783 mv:568 misc:369 imb:0 pmb:57 smb:3543 d:- ref:0 ;
in:688 out:685 type:P dur:2 cpbdur:2 q:30.90 aq:19.80 tex:12862 mv:808 misc:538 imb:21 pmb:77 smb:3502 d:- ref:0 ;
in:686 out:686 type:B dur:2 cpbdur:2 q:30.95 aq:29.96 tex:4910 mv:808 misc:386 imb:0 pmb:60 smb:3540 d:- ref:0 ;
in:685 out:687 type:b dur:2 cpbdur:2 q:30.98 aq:30.76 tex:1816 mv:594 misc:342 imb:0 pmb:50 smb:3550 d:- ref:0 ;
in:687 out:688 type:b dur:2 cpbdur:2 q:30.93 aq:32.57 tex:2443 mv:592 misc:365 imb:0 pmb:54 smb:3546 d:- ref:0 ;
in:692 out:689 type:P dur:2 cpbdur:2 q:30.78 aq:19.05 tex:16312 mv:875 misc:621 imb:16 pmb:105 smb:3479 d:- ref:0 ;
in:690 out:690 type:B dur:2 cpbdur:2 q:30.84 aq:30.59 tex:4888 mv:744 misc:416 imb:0 pmb:67 smb:3533 d:- ref:0 ;
in:689 out:691 type:b dur:2 cpbdur:2 q:30.87 aq:31.74 tex:2067 mv:550 misc:383 imb:0 pmb:48 smb:3552 d:- ref:0 ;
in:691 out:692 type:b dur:2 cpbdur:2 q:30.81 aq:31.85 tex:2391 mv:449 misc:384 imb:0 pmb:56 smb:3544 d:- ref:0 ;
in:696 out:693 type:P dur:2 cpbdur:2 q:30.65 aq:18.65 tex:14719 mv:799 misc:626 imb:18 pmb:99 smb:3483 d:- ref:0 ;
in:694 out:694 type:B dur:2 cpbdur:2 q:30.71 aq:29.03 tex:4954 mv:782 misc:384 imb:0 pmb:62 smb:3538 d:- ref:0 ;
in:693 out:695 type:b dur:2 cpbdur:2 q:30.74 aq:30.97 tex:2947 mv:596 misc:393 imb:0 pmb:58 smb:3542 d:- ref:0 ;
in:695 out:696 type:b dur:2 cpbdur:2 q:30.68 aq:32.04 tex:2963 mv:498 misc:363 imb:0 pmb:50 smb:3550 d:- ref:0 ;
in:700 out:697 type:P dur:2 cpbdur:2 q:30.47 aq:21.83 tex:20685 mv:916 misc:599 imb:24 pmb:94 smb:3482 d:- ref:0 ;
in:698 out:698 type:B dur:2 cpbdur:2 q:30.56 aq:30.46 tex:5161 mv:666 misc:397 imb:0 pmb:63 smb:3537 d:- ref:0 ;
in:697 out:699 type:b dur:2 cpbdur:2 q:30.60 aq:32.46 tex:2983 mv:495 misc:338 imb:0 pmb:48 smb:3552 d:- ref:0 ;
in:699 out:700 type:b dur:2 cpbdur:2 q:30.52 aq:29.73 tex:2556 mv:501 misc:367 imb:1 pmb:53 smb:3546 d:- ref:0 ;
in:704 out:701 type:P dur:2 cpbdur:2 q:30.37 aq:20.51 tex:10967 mv:575 misc:482 imb:9 pmb:71 smb:3520 d:- ref:0 ;
in:702 out:702 type:B dur:2 cpbdur:2 q:30.42 aq:29.57 tex:3750 mv:546 misc:344 imb:0 pmb:44 smb:3556 d:- ref:0 ;
in:701 out:703 type:b dur:2 cpbdur:2 q:30.45 aq:31.48 tex:1928 mv:401 misc:303 imb:0 pmb:37 smb:3563 d:- ref:0 ;
in:703 out:704 type:b dur:2 cpbdur:2 q:30.39 aq:31.13 tex:2031 mv:372 misc:317 imb:0 pmb:34 smb:3566 d:- ref:0 ;
in:708 out:705 type:P dur:2 cpbdur:2 q:30.24 aq:20.52 tex:10683 mv:550 misc:495 imb:7 pmb:70 smb:3523 d:- ref:0 ;
in:706 out:706 type:B dur:2 cpbdur:2 q:30.30 aq:30.57 tex:4051 mv:527 misc:326 imb:0 pmb:41 smb:3559 d:- ref:0 ;
in:705 out:707 type:b dur:2 cpbdur:2 q:30.33 aq:31.64 tex:2143 mv:388 misc:325 imb:0 pmb:36 smb:3564 d:- ref:0 ;
in:707 out:708 type:b dur:2 cpbdur:2 q:30.27 aq:31.37 tex:2246 mv:396 misc:318 imb:0 pmb:36 smb:3564 d:- ref:0 ;
in:712 out:709 type:P dur:2 cpbdur:2 q:30.10 aq:18.67 tex:14727 mv:654 misc:571 imb:7 pmb:103 smb:3490 d:- ref:0 ;
in:710 out:710 type:B dur:2 cpbdur:2 q:30.17 aq:29.84 tex:4457 mv:593 misc:366 imb:0 pmb:51 smb:3549 d:- ref:0 ;
in:709 out:711 type:b dur:2 cpbdur:2 q:30.20 aq:30.68 tex:2366 mv:369 misc:313 imb:0 pmb:35 smb:3565 d:- ref:0 ;
in:711 out:712 type:b dur:2 cpbdur:2 q:30.14 aq:30.73 tex:2467 mv:456 misc:341 imb:0 pmb:44 smb:3556 d:- ref:0 ;
in:715 out:713 type:P dur:2 cpbdur:2 q:29.92 aq:31.35 tex:6275 mv:533 misc:368 imb:8 pmb:44 smb:3548 d:- ref:0 ;
in:713 out:714 type:B dur:2 cpbdur:2 q:30.04 aq:30.76 tex:3452 mv:560 misc:348 imb:0 pmb:47 smb:3553 d:- ref:0 ;
in:714 out:715 type:b dur:2 cpbdur:2 q:29.98 aq:31.49 tex:2995 mv:435 misc:346 imb:0 pmb:48 smb:3552 d:- ref:0 ;
in:716 out:716 type:I dur:2 cpbdur:2 q:27.63 aq:16.56 tex:781910 mv:88178 misc:544 imb:3600 pmb:0 smb:0 d:- ref:;
in:720 out:717 type:P dur:2 cpbdur:2 q:30.49 aq:21.15 tex:14553 mv:640 misc:647 imb:11 pmb:98 smb:3491 d:- ref:0 ;
in:718 out:718 type:B dur:2 cpbdur:2 q:30.49 aq:29.99 tex:4098 mv:672 misc:366 imb:0 pmb:50 smb:3550 d:- ref:0 ;
in:717 out:719 type:b dur:2 cpbdur:2 q:30.49 aq:31.45 tex:1782 mv:400 misc:322 imb:0 pmb:34 smb:3566 d:- ref:0 ;
in:719 out:720 type:b dur:2 cpbdur:2 q:30.49 aq:31.75 tex:1985 mv:421 misc:346 imb:0 pmb:44 smb:3556 d:- ref:0 ;
in:724 out:721 type:P dur:2 cpbdur:2 q:30.36 aq:23.80 tex:9961 mv:528 misc:455 imb:9 pmb:56 smb:3535 d:- ref:0 ;
in:722 out:722 type:B dur:2 cpbdur:2 q:30.42 aq:29.33 tex:4258 mv:599 misc:375 imb:0 pmb:48 smb:3552 d:- ref:0 ;
in:721 out:723 type:b dur:2 cpbdur:2 q:30.45 aq:31.90 tex:2257 mv:381 misc:370 imb:0 pmb:46 smb:3554 d:- ref:0 ;
in:723 out:724 type:b dur:2 cpbdur:2 q:30.39 aq:31.75 tex:2236 mv:394 misc:338 imb:0 pmb:38 smb:3562 d:- ref:0 ;
in:728 out:725 type:P dur:2 cpbdur:2 q:30.22 aq:19.41 tex:11325 mv:590 misc:501 imb:11 pmb:66 smb:3523 d:- ref:0 ;
in:726 out:726 type:B dur:2 cpbdur:2 q:30.29 aq:29.36 tex:3822 mv:537 misc:345 imb:0 pmb:40 smb:3560 d:- ref:0 ;
in:725 out:727 type:b dur:2 cpbdur:2 q:30.32 aq:31.35 tex:1996 mv:453 misc:311 imb:0 pmb:31 smb:3569 d:- ref:0 ;
in:727 out:728 type:b dur:2 cpbdur:2 q:30.25 aq:31.33 tex:1695 mv:398 misc:323 imb:0 pmb:35 smb:3565 d:- ref:0 ;
in:732 out:729 type:P dur:2 cpbdur:2 q:30.29 aq:22.06 tex:12885 mv:515 misc:408 imb:19 pmb:47 smb:3534 d:- ref:0 ;
in:730 out:730 type:B dur:2 cpbdur:2 q:30.25 aq:29.64 tex:3827 mv:547 misc:338 imb:0 pmb:42 smb:3558 d:- ref:0 ;
in:729 out:731 type:b dur:2 cpbdur:2 q:30.23 aq:31.15 tex:1677 mv:388 misc:311 imb:0 pmb:34 smb:3566 d:- ref:0 ;
in:731 out:732 type:b dur:2 cpbdur:2 q:30.27 aq:30.86 tex:2466 mv:434 misc:332 imb:0 pmb:39 smb:3561 d:- ref:0 ;
in:736 out:733 type:P dur:2 cpbdur:2 q:30.14 aq:21.51 tex:6624 mv:429 misc:411 imb:8 pmb:50 smb:3542 d:- ref:0 ;
in:734 out:734 type:B dur:2 cpbdur:2 q:30.21 aq:29.25 tex:2618 mv:367 misc:319 imb:0 pmb:32 smb:3568 d:- ref:0 ;
in:733 out:735 type:b dur:2 cpbdur:2 q:30.25 aq:30.92 tex:1237 mv:253 misc:294 imb:0 pmb:24 smb:3576 d:- ref:0 ;
in:735 out:736 type:b dur:2 cpbdur:2 q:30.17 aq:30.57 tex:702 mv:249 misc:281 imb:0 pmb:23 smb:3577 d:- ref:0 ;
in:740 out:737 type:P dur:2 cpbdur:2 q:30.01 aq:18.49 tex:11699 mv:536 misc:429 imb:15 pmb:55 smb:3530 d:- ref:0 ;
in:738 out:738 type:B dur:2 cpbdur:2 q:30.07 aq:29.88 tex:3571 mv:480 misc:317 imb:0 pmb:41 smb:3559 d:- ref:0 ;
in:737 out:739 type:b dur:2 cpbdur:2 q:30.10 aq:30.18 tex:1101 mv:283 misc:296 imb:0 pmb:28 smb:3572 d:- ref:0 ;
in:739 out:740 type:b dur:2 cpbdur:2 q:30.04 aq:29.87 tex:1613 mv:267 misc:296 imb:0 pmb:36 smb:3564 d:- ref:0 ;
in:744 out:741 type:P dur:2 cpbdur:2 q:29.87 aq:21.88 tex:7087 mv:330 misc:463 imb:2 pmb:54 smb:3544 d:- ref:0 ;
in:742 out:742 type:B dur:2 cpbdur:2 q:29.94 aq:29.13 tex:2026 mv:274 misc:292 imb:0 pmb:25 smb:3575 d:- ref:0 ;
in:741 out:743 type:b dur:2 cpbdur:2 q:29.97 aq:29.41 tex:585 mv:97 misc:278 imb:0 pmb:21 smb:3579 d:- ref:0 ;
in:743 out:744 type:b dur:2 cpbdur:2 q:29.90 aq:31.76 tex:609 mv:154 misc:277 imb:0 pmb:20 smb:3580 d:- ref:0 ;
in:748 out:745 type:P dur:2 cpbdur:2 q:29.72 aq:23.67 tex:8407 mv:381 misc:524 imb:4 pmb:63 smb:3533 d:- ref:0 ;
in:746 out:746 type:B dur:2 cpbdur:2 q:29.79 aq:30.04 tex:1552 mv:254 misc:314 imb:0 pmb:23 smb:3577 d:- ref:0 ;
in:745 out:747 type:b dur:2 cpbdur:2 q:29.83 aq:28.53 tex:480 mv:151 misc:289 imb:0 pmb:17 smb:3583 d:- ref:0 ;
in:747 out:748 type:b dur:2 cpbdur:2 q:29.75 aq:29.24 tex:391 mv:92 misc:269 imb:0 pmb:13 smb:3587 d:- ref:0 ;
in:752 out:749 type:P dur:2 cpbdur:2 q:29.55 aq:21.12 tex:9778 mv:326 misc:496 imb:9 pmb:55 smb:3536 d:- ref:0 ;
in:750 out:750 type:B dur:2 cpbdur:2 q:29.63 aq:30.17 tex:1838 mv:211 misc:335 imb:0 pmb:29 smb:3571 d:- ref:0 ;
in:749 out:751 type:b dur:2 cpbdur:2 q:29.68 aq:30.69 tex:502 mv:152 misc:322 imb:0 pmb:26 smb:3574 d:- ref:0 ;
in:751 out:752 type:b dur:2 cpbdur:2 q:29.59 aq:30.52 tex:559 mv:113 misc:280 imb:0 pmb:17 smb:3583 d:- ref:0 ;
in:756 out:753 type:P dur:2 cpbdur:2 q:29.41 aq:23.28 tex:6696 mv:333 misc:483 imb:6 pmb:52 smb:3542 d:- ref:0 ;
in:754 out:754 type:B dur:2 cpbdur:2 q:29.48 aq:27.06 tex:1091 mv:188 misc:297 imb:0 pmb:26 smb:3574 d:- ref:0 ;
in:753 out:755 type:b dur:2 cpbdur:2 q:29.52 aq:27.85 tex:434 mv:102 misc:248 imb:0 pmb:10 smb:3590 d:- ref:0 ;
in:755 out:756 type:b dur:2 cpbdur:2 q:29.45 aq:28.73 tex:348 mv:133 misc:271 imb:0 pmb:22 smb:3578 d:- ref:0 ;
in:760 out:757 type:P dur:2 cpbdur:2 q:29.26 aq:21.45 tex:17002 mv:786 misc:588 imb:48 pmb:78 smb:3474 d:- ref:0 ;
in:758 out:758 type:B dur:2 cpbdur:2 q:29.34 aq:29.15 tex:2497 mv:401 misc:366 imb:1 pmb:53 smb:3546 d:- ref:0 ;
in:757 out:759 type:b dur:2 cpbdur:2 q:29.37 aq:31.12 tex:839 mv:268 misc:341 imb:0 pmb:43 smb:3557 d:- ref:0 ;
in:759 out:760 type:b dur:2 cpbdur:2 q:29.30 aq:30.34 tex:960 mv:282 misc:278 imb:0 pmb:22 smb:3578 d:- ref:0 ;
in:764 out:761 type:P dur:2 cpbdur:2 q:29.11 aq:19.55 tex:7457 mv:395 misc:556 imb:11 pmb:66 smb:3523 d:- ref:0 ;
in:762 out:762 type:B dur:2 cpbdur:2 q:29.19 aq:29.01 tex:2160 mv:371 misc:325 imb:0 pmb:30 smb:3570 d:- ref:0 ;
in:761 out:763 type:b dur:2 cpbdur:2 q:29.22 aq:30.99 tex:759 mv:239 misc:282 imb:0 pmb:18 smb:3582 d:- ref:0 ;
in:763 out:764 type:b dur:2 cpbdur:2 q:29.15 aq:30.18 tex:1265 mv:239 misc:312 imb:0 pmb:27 smb:3573 d:- ref:0 ;
in:768 out:765 type:P dur:2 cpbdur:2 q:28.94 aq:17.93 tex:7681 mv:378 misc:589 imb:8 pmb:73 smb:3519 d:- ref:0 ;
in:766 out:766 type:B dur:2 cpbdur:2 q:29.03 aq:27.68 tex:2399 mv:385 misc:312 imb:0 pmb:30 smb:3570 d:- ref:0 ;
in:765 out:767 type:b dur:2 cpbdur:2 q:29.07 aq:29.32 tex:1009 mv:218 misc:277 imb:0 pmb:21 smb:3579 d:- ref:0 ;
in:767 out:768 type:b dur:2 cpbdur:2 q:28.98 aq:29.62 tex:1289 mv:303 misc:296 imb:0 pmb:24 smb:3576 d:- ref:0 ;
in:772 out:769 type:P dur:2 cpbdur:2 q:28.80 aq:19.03 tex:12509 mv:581 misc:582 imb:18 pmb:76 smb:3506 d:- ref:0 ;
in:770 out:770 type:B dur:2 cpbdur:2 q:28.87 aq:28.25 tex:3363 mv:468 misc:361 imb:0 pmb:48 smb:3552 d:- ref:0 ;
in:769 out:771 type:b dur:2 cpbdur:2 q:28.91 aq:29.87 tex:1239 mv:299 misc:302 imb:0 pmb:30 smb:3570 d:- ref:0 ;
in:771 out:772 type:b dur:2 cpbdur:2 q:28.84 aq:30.75 tex:3114 mv:428 misc:330 imb:0 pmb:45 smb:3555 d:- ref:0 ;
in:775 out:773 type:P dur:2 cpbdur:2 q:28.65 aq:30.13 tex:6286 mv:474 misc:392 imb:12 pmb:42 smb:3546 d:- ref:0 ;
in:773 out:774 type:B dur:2 cpbdur:2 q:28.75 aq:30.18 tex:3886 mv:491 misc:335 imb:0 pmb:44 smb:3556 d:- ref:0 ;
in:774 out:775 type:b dur:2 cpbdur:2 q:28.70 aq:30.26 tex:3147 mv:412 misc:321 imb:1 pmb:41 smb:3558 d:- ref:0 ;
in:776 out:776 type:I dur:2 cpbdur:2 q:26.43 aq:15.38 tex:869342 mv:90805 misc:541 imb:3600 pmb:0 smb:0 d:- ref:;
in:780 out:777 type:P dur:2 cpbdur:2 q:29.35 aq:19.73 tex:16014 mv:777 misc:753 imb:14 pmb:122 smb:3464 d:- ref:0 ;
in:778 out:778 type:B dur:2 cpbdur:2 q:29.35 aq:30.00 tex:5664 mv:719 misc:377 imb:0 pmb:56 smb:3544 d:- ref:0 ;
in:777 out:779 type:b dur:2 cpbdur:2 q:29.35 aq:31.16 tex:2866 mv:443 misc:323 imb:0 pmb:42 smb:3558 d:- ref:0 ;
in:779 out:780 type:b dur:2 cpbdur:2 q:29.35 aq:31.67 tex:3065 mv:513 misc:366 imb:0 pmb:48 smb:3552 d:- ref:0 ;
in:784 out:781 type:P dur:2 cpbdur:2 q:29.20 aq:18.69 tex:15184 mv:721 misc:535 imb:13 pmb:78 smb:3509 d:- ref:0 ;
in:782 out:782 type:B dur:2 cpbdur:2 q:29.28 aq:29.13 tex:5653 mv:646 misc:381 imb:0 pmb:58 smb:3542 d:- ref:0 ;
in:781 out:783 type:b dur:2 cpbdur:2 q:29.32 aq:31.19 tex:3581 mv:524 misc:351 imb:0 pmb:49 smb:3551 d:- ref:0 ;
in:783 out:784 type:b dur:2 cpbdur:2 q:29.24 aq:30.88 tex:2440 mv:467 misc:333 imb:0 pmb:43 smb:3557 d:- ref:0 ;
in:788 out:785 type:P dur:2 cpbdur:2 q:29.07 aq:19.96 tex:13356 mv:621 misc:519 imb:8 pmb:81 smb:3511 d:- ref:0 ;
in:786 out:786 type:B dur:2 cpbdur:2 q:29.14 aq:29.27 tex:4456 mv:719 misc:353 imb:0 pmb:50 smb:3550 d:- ref:0 ;
in:785 out:787 type:b dur:2 cpbdur:2 q:29.17 aq:30.29 tex:2083 mv:509 misc:352 imb:0 pmb:46 smb:3554 d:- ref:0 ;
in:787 out:788 type:b dur:2 cpbdur:2 q:29.11 aq:30.41 tex:2217 mv:453 misc:298 imb:0 pmb:39 smb:3561 d:- ref:0 ;
in:792 out:789 type:P dur:2 cpbdur:2 q:29.11 aq:18.48 tex:13095 mv:634 misc:463 imb:12 pmb:69 smb:3519 d:- ref:0 ;
in:790 out:790 type:B dur:2 cpbdur:2 q:29.09 aq:29.08 tex:5028 mv:622 misc:350 imb:0 pmb:54 smb:3546 d:- ref:0 ;
in:789 out:791 type:b dur:2 cpbdur:2 q:29.08 aq:30.28 tex:2727 mv:503 misc:314 imb:0 pmb:37 smb:3563 d:- ref:0 ;
in:791 out:792 type:b dur:2 cpbdur:2 q:29.10 aq:29.05 tex:2660 mv:463 misc:333 imb:0 pmb:45 smb:3555 d:- ref:0 ;
in:796 out:793 type:P dur:2 cpbdur:2 q:28.98 aq:20.61 tex:22939 mv:1027 misc:554 imb:25 pmb:108 smb:3467 d:- ref:0 ;
in:794 out:794 type:B dur:2 cpbdur:2 q:29.05 aq:28.32 tex:8013 mv:1073 misc:442 imb:0 pmb:88 smb:3512 d:- ref:0 ;
in:793 out:795 type:b dur:2 cpbdur:2 q:29.08 aq:30.04 tex:3255 mv:493 misc:428 imb:0 pmb:75 smb:3525 d:- ref:0 ;
in:795 out:796 type:b dur:2 cpbdur:2 q:29.02 aq:30.41 tex:4150 mv:662 misc:380 imb:0 pmb:60 smb:3540 d:- ref:0 ;
in:800 out:797 type:P dur:2 cpbdur:2 q:28.85 aq:20.43 tex:19811 mv:1031 misc:558 imb:13 pmb:112 smb:3475 d:- ref:0 ;
in:798 out:798 type:B dur:2 cpbdur:2 q:28.91 aq:28.85 tex:8078 mv:1099 misc:407 imb:0 pmb:76 smb:3524 d:- ref:0 ;
in:797 out:799 type:b dur:2 cpbdur:2 q:28.95 aq:31.00 tex:4414 mv:781 misc:389 imb:0 pmb:69 smb:3531 d:- ref:0 ;
in:799 out:800 type:b dur:2 cpbdur:2 q:28.88 aq:29.87 tex:4200 mv:755 misc:397 imb:0 pmb:68 smb:3532 d:- ref:0 ;
in:804 out:801 type:P dur:2 cpbdur:2 q:28.73 aq:19.15 tex:20991 mv:1115 misc:590 imb:18 pmb:117 smb:3465 d:- ref:0 ;
in:802 out:802 type:B dur:2 cpbdur:2 q:28.79 aq:28.65 tex:8252 mv:995 misc:425 imb:0 pmb:83 smb:3517 d:- ref:0 ;
in:801 out:803 type:b dur:2 cpbdur:2 q:28.82 aq:29.81 tex:4610 mv:814 misc:408 imb:0 pmb:74 smb:3526 d:- ref:0 ;
in:803 out:804 type:b dur:2 cpbdur:2 q:28.76 aq:30.76 tex:3812 mv:723 misc:393 imb:0 pmb:62 smb:3538 d:- ref:0 ;
in:808 out:805 type:P dur:2 cpbdur:2 q:28.60 aq:18.84 tex:22264 mv:1224 misc:632 imb:33 pmb:131 smb:3436 d:- ref:0 ;
in:806 out:806 type:B dur:2 cpbdur:2 q:28.66 aq:28.96 tex:8472 mv:1085 misc:443 imb:0 pmb:82 smb:3518 d:- ref:0 ;
in:805 out:807 type:b dur:2 cpbdur:2 q:28.69 aq:30.55 tex:3941 mv:733 misc:390 imb:0 pmb:61 smb:3539 d:- ref:0 ;
in:807 out:808 type:b dur:2 cpbdur:2 q:28.63 aq:30.17 tex:4816 mv:813 misc:419 imb:0 pmb:72 smb:3528 d:- ref:0 ;
in:812 out:809 type:P dur:2 cpbdur:2 q:28.48 aq:18.70 tex:31617 mv:1390 misc:609 imb:48 pmb:136 smb:3416 d:- ref:0 ;
in:810 out:810 type:B dur:2 cpbdur:2 q:28.54 aq:28.14 tex:10072 mv:1201 misc:479 imb:12 pmb:103 smb:3485 d:- ref:0 ;
in:809 out:811 type:b dur:2 cpbdur:2 q:28.57 aq:29.64 tex:4907 mv:863 misc:406 imb:2 pmb:69 smb:3529 d:- ref:0 ;
in:811 out:812 type:b dur:2 cpbdur:2 q:28.51 aq:30.07 tex:5461 mv:903 misc:420 imb:0 pmb:73 smb:3527 d:- ref:0 ;
in:816 out:813 type:P dur:2 cpbdur:2 q:28.36 aq:18.89 tex:27900 mv:1200 misc:708 imb:42 pmb:148 smb:3410 d:- ref:0 ;
in:814 out:814 type:B dur:2 cpbdur:2 q:28.42 aq:29.07 tex:9079 mv:1013 misc:420 imb:2 pmb:76 smb:3522 d:- ref:0 ;
in:813 out:815 type:b dur:2 cpbdur:2 q:28.45 aq:30.90 tex:5229 mv:763 misc:368 imb:0 pmb:63 smb:3537 d:- ref:0 ;
in:815 out:816 type:b dur:2 cpbdur:2 q:28.39 aq:29.70 tex:4370 mv:740 misc:386 imb:0 pmb:70 smb:3530 d:- ref:0 ;
in:820 out:817 type:P dur:2 cpbdur:2 q:28.27 aq:18.02 tex:26003 mv:1004 misc:705 imb:18 pmb:137 smb:3445 d:- ref:0 ;
in:818 out:818 type:B dur:2 cpbdur:2 q:28.32 aq:27.59 tex:9089 mv:948 misc:419 imb:0 pmb:85 smb:3515 d:- ref:0 ;
in:817 out:819 type:b dur:2 cpbdur:2 q:28.34 aq:28.83 tex:3962 mv:656 misc:374 imb:0 pmb:58 smb:3542 d:- ref:0 ;
in:819 out:820 type:b dur:2 cpbdur:2 q:28.29 aq:29.21 tex:4478 mv:782 misc:404 imb:1 pmb:70 smb:3529 d:- ref:0 ;
in:824 out:821 type:P dur:2 cpbdur:2 q:28.16 aq:16.99 tex:21200 mv:858 misc:630 imb:11 pmb:116 smb:3473 d:- ref:0 ;
in:822 out:822 type:B dur:2 cpbdur:2 q:28.22 aq:27.88 tex:8197 mv:869 misc:414 imb:0 pmb:65 smb:3535 d:- ref:0 ;
in:821 out:823 type:b dur:2 cpbdur:2 q:28.24 aq:29.42 tex:4167 mv:591 misc:378 imb:0 pmb:51 smb:3549 d:- ref:0 ;
in:823 out:824 type:b dur:2 cpbdur:2 q:28.19 aq:29.39 tex:4557 mv:663 misc:372 imb:1 pmb:53 smb:3546 d:- ref:0 ;
in:828 out:825 type:P dur:2 cpbdur:2 q:28.05 aq:18.01 tex:22348 mv:925 misc:663 imb:16 pmb:116 smb:3468 d:- ref:0 ;
in:826 out:826 type:B dur:2 cpbdur:2 q:28.11 aq:27.23 tex:8506 mv:881 misc:421 imb:1 pmb:70 smb:3529 d:- ref:0 ;
in:825 out:827 type:b dur:2 cpbdur:2 q:28.14 aq:28.11 tex:4392 mv:666 misc:366 imb:0 pmb:55 smb:3545 d:- ref:0 ;
in:827 out:828 type:b dur:2 cpbdur:2 q:28.08 aq:29.00 tex:5004 mv:611 misc:385 imb:0 pmb:59 smb:3541 d:- ref:0 ;
in:832 out:829 type:P dur:2 cpbdur:2 q:27.91 aq:17.62 tex:17587 mv:782 misc:647 imb:10 pmb:107 smb:3483 d:- ref:0 ;
in:830 out:830 type:B dur:2 cpbdur:2 q:27.98 aq:27.84 tex:7215 mv:805 misc:372 imb:0 pmb:55 smb:3545 d:- ref:0 ;
in:829 out:831 type:b dur:2 cpbdur:2 q:28.01 aq:29.17 tex:3479 mv:513 misc:360 imb:0 pmb:47 smb:3553 d:- ref:0 ;
in:831 out:832 type:b dur:2 cpbdur:2 q:27.95 aq:28.65 tex:3285 mv:508 misc:351 imb:0 pmb:49 smb:3551 d:- ref:0 ;
in:835 out:833 type:P dur:2 cpbdur:2 q:27.80 aq:28.71 tex:12842 mv:896 misc:454 imb:61 pmb:49 smb:3490 d:- ref:0 ;
in:833 out:834 type:B dur:2 cpbdur:2 q:27.88 aq:29.22 tex:5914 mv:792 misc:478 imb:1 pmb:82 smb:3517 d:- ref:0 ;
in:834 out:835 type:b dur:2 cpbdur:2 q:27.84 aq:28.56 tex:3417 mv:605 misc:426 imb:0 pmb:77 smb:3523 d:- ref:0 ;
in:836 out:836 type:I dur:2 cpbdur:2 q:25.43 aq:14.42 tex:945642 mv:92276 misc:570 imb:3600 pmb:0 smb:0 d:- ref:;
in:840 out:837 type:P dur:2 cpbdur:2 q:28.63 aq:18.87 tex:16737 mv:874 misc:893 imb:14 pmb:150 smb:3436 d:- ref:0 ;
in:838 out:838 type:B dur:2 cpbdur:2 q:28.63 aq:27.69 tex:6587 mv:803 misc:378 imb:0 pmb:59 smb:3541 d:- ref:0 ;
in:837 out:839 type:b dur:2 cpbdur:2 q:28.63 aq:30.52 tex:2374 mv:506 misc:360 imb:0 pmb:51 smb:3549 d:- ref:0 ;
in:839 out:840 type:b dur:2 cpbdur:2 q:28.63 aq:30.27 tex:2112 mv:476 misc:348 imb:0 pmb:48 smb:3552 d:- ref:0 ;
in:844 out:841 type:P dur:2 cpbdur:2 q:28.51 aq:18.88 tex:20493 mv:765 misc:598 imb:20 pmb:97 smb:3483 d:- ref:0 ;
in:842 out:842 type:B dur:2 cpbdur:2 q:28.57 aq:28.10 tex:7362 mv:813 misc:393 imb:1 pmb:66 smb:3533 d:- ref:0 ;
in:841 out:843 type:b dur:2 cpbdur:2 q:28.60 aq:30.43 tex:2678 mv:518 misc:388 imb:0 pmb:51 smb:3549 d:- ref:0 ;
in:843 out:844 type:b dur:2 cpbdur:2 q:28.54 aq:29.59 tex:2704 mv:496 misc:360 imb:0 pmb:57 smb:3543 d:- ref:0 ;
in:848 out:845 type:P dur:2 cpbdur:2 q:28.38 aq:18.20 tex:15555 mv:678 misc:551 imb:9 pmb:93 smb:3498 d:- ref:0 ;
in:846 out:846 type:B dur:2 cpbdur:2 q:28.44 aq:27.82 tex:5615 mv:660 misc:397 imb:0 pmb:58 smb:3542 d:- ref:0 ;
in:845 out:847 type:b dur:2 cpbdur:2 q:28.48 aq:29.53 tex:2307 mv:482 misc:347 imb:0 pmb:47 smb:3553 d:- ref:0 ;
in:847 out:848 type:b dur:2 cpbdur:2 q:28.41 aq:29.40 tex:2719 mv:459 misc:342 imb:1 pmb:40 smb:3559 d:- ref:0 ;
in:852 out:849 type:P dur:2 cpbdur:2 q:28.40 aq:21.43 tex:18070 mv:677 misc:485 imb:8 pmb:91 smb:3501 d:- ref:0 ;
in:850 out:850 type:B dur:2 cpbdur:2 q:28.39 aq:28.26 tex:4513 mv:602 misc:373 imb:0 pmb:54 smb:3546 d:- ref:0 ;
in:849 out:851 type:b dur:2 cpbdur:2 q:28.38 aq:30.10 tex:3124 mv:440 misc:340 imb:0 pmb:48 smb:3552 d:- ref:0 ;
in:851 out:852 type:b dur:2 cpbdur:2 q:28.40 aq:29.78 tex:2611 mv:424 misc:309 imb:0 pmb:37 smb:3563 d:- ref:0 ;
in:856 out:853 type:P dur:2 cpbdur:2 q:28.28 aq:19.34 tex:14991 mv:656 misc:513 imb:14 pmb:74 smb:3512 d:- ref:0 ;
in:854 out:854 type:B dur:2 cpbdur:2 q:28.34 aq:27.91 tex:5880 mv:647 misc:361 imb:0 pmb:51 smb:3549 d:- ref:0 ;
in:853 out:855 type:b dur:2 cpbdur:2 q:28.37 aq:29.68 tex:2302 mv:480 misc:346 imb:0 pmb:40 smb:3560 d:- ref:0 ;
in:855 out:856 type:b dur:2 cpbdur:2 q:28.31 aq:29.77 tex:3178 mv:572 misc:322 imb:0 pmb:41 smb:3559 d:- ref:0 ;
in:860 out:857 type:P dur:2 cpbdur:2 q:28.15 aq:19.05 tex:13836 mv:685 misc:527 imb:13 pmb:72 smb:3515 d:- ref:0 ;
in:858 out:858 type:B dur:2 cpbdur:2 q:28.22 aq:28.25 tex:6039 mv:712 misc:353 imb:1 pmb:52 smb:3547 d:- ref:0 ;
in:857 out:859 type:b dur:2 cpbdur:2 q:28.25 aq:30.14 tex:3262 mv:554 misc:336 imb:1 pmb:41 smb:3558 d:- ref:0 ;
in:859 out:860 type:b dur:2 cpbdur:2 q:28.19 aq:28.70 tex:2763 mv:444 misc:321 imb:0 pmb:44 smb:3556 d:- ref:0 ;
in:864 out:861 type:P dur:2 cpbdur:2 q:28.00 aq:20.13 tex:23153 mv:862 misc:585 imb:13 pmb:112 smb:3475 d:- ref:0 ;
in:862 out:862 type:B dur:2 cpbdur:2 q:28.08 aq:28.59 tex:6554 mv:746 misc:420 imb:0 pmb:74 smb:3526 d:- ref:0 ;
in:861 out:863 type:b dur:2 cpbdur:2 q:28.11 aq:29.15 tex:2768 mv:504 misc:408 imb:0 pmb:62 smb:3538 d:- ref:0 ;
in:863 out:864 type:b dur:2 cpbdur:2 q:28.04 aq:29.82 tex:2593 mv:473 misc:342 imb:0 pmb:44 smb:3556 d:- ref:0 ;
in:868 out:865 type:P dur:2 cpbdur:2 q:27.89 aq:17.85 tex:15589 mv:658 misc:521 imb:6 pmb:92 smb:3502 d:- ref:0 ;
in:866 out:866 type:B dur:2 cpbdur:2 q:27.94 aq:28.79 tex:6218 mv:663 misc:359 imb:0 pmb:51 smb:3549 d:- ref:0 ;
in:865 out:867 type:b dur:2 cpbdur:2 q:27.97 aq:27.22 tex:2733 mv:480 misc:347 imb:0 pmb:43 smb:3557 d:- ref:0 ;
in:867 out:868 type:b dur:2 cpbdur:2 q:27.92 aq:27.89 tex:3233 mv:453 misc:330 imb:0 pmb:43 smb:3557 d:- ref:0 ;
in:872 out:869 type:P dur:2 cpbdur:2 q:27.75 aq:18.76 tex:14284 mv:657 misc:587 imb:8 pmb:86 smb:3506 d:- ref:0 ;
in:870 out:870 type:B dur:2 cpbdur:2 q:27.82 aq:27.95 tex:5741 mv:590 misc:381 imb:0 pmb:52 smb:3548 d:- ref:0 ;
in:869 out:871 type:b dur:2 cpbdur:2 q:27.85 aq:28.33 tex:3553 mv:500 misc:355 imb:0 pmb:45 smb:3555 d:- ref:0 ;
in:871 out:872 type:b dur:2 cpbdur:2 q:27.79 aq:27.32 tex:2996 mv:413 misc:327 imb:0 pmb:36 smb:3564 d:- ref:0 ;
in:876 out:873 type:P dur:2 cpbdur:2 q:27.62 aq:19.61 tex:18494 mv:718 misc:596 imb:4 pmb:100 smb:3496 d:- ref:0 ;
in:874 out:874 type:B dur:2 cpbdur:2 q:27.69 aq:26.85 tex:6123 mv:737 misc:388 imb:0 pmb:55 smb:3545 d:- ref:0 ;
in:873 out:875 type:b dur:2 cpbdur:2 q:27.72 aq:29.58 tex:3015 mv:485 misc:340 imb:0 pmb:44 smb:3556 d:- ref:0 ;
in:875 out:876 type:b dur:2 cpbdur:2 q:27.66 aq:29.98 tex:3184 mv:500 misc:332 imb:0 pmb:44 smb:3556 d:- ref:0 ;
in:880 out:877 type:P dur:2 cpbdur:2 q:27.48 aq:19.11 tex:17235 mv:641 misc:596 imb:10 pmb:95 smb:3495 d:- ref:0 ;
in:878 out:878 type:B dur:2 cpbdur:2 q:27.55 aq:25.79 tex:6342 mv:597 misc:373 imb:0 pmb:53 smb:3547 d:- ref:0 ;
in:877 out:879 type:b dur:2 cpbdur:2 q:27.59 aq:27.87 tex:3209 mv:462 misc:329 imb:0 pmb:44 smb:3556 d:- ref:0 ;
in:879 out:880 type:b dur:2 cpbdur:2 q:27.51 aq:27.19 tex:2927 mv:506 misc:335 imb:0 pmb:41 smb:3559 d:- ref:0 ;
in:884 out:881 type:P dur:2 cpbdur:2 q:27.36 aq:19.50 tex:20328 mv:840 misc:680 imb:25 pmb:132 smb:3443 d:- ref:0 ;
in:882 out:882 type:B dur:2 cpbdur:2 q:27.42 aq:25.50 tex:7480 mv:819 misc:405 imb:1 pmb:66 smb:3533 d:- ref:0 ;
in:881 out:883 type:b dur:2 cpbdur:2 q:27.45 aq:27.27 tex:3719 mv:513 misc:344 imb:0 pmb:45 smb:3555 d:- ref:0 ;
in:883 out:884 type:b dur:2 cpbdur:2 q:27.39 aq:27.78 tex:3504 mv:543 misc:369 imb:0 pmb:51 smb:3549 d:- ref:0 ;
in:888 out:885 type:P dur:2 cpbdur:2 q:27.23 aq:18.33 tex:31531 mv:1062 misc:711 imb:57 pmb:115 smb:3428 d:- ref:0 ;
in:886 out:886 type:B dur:2 cpbdur:2 q:27.30 aq:25.11 tex:8833 mv:892 misc:411 imb:10 pmb:84 smb:3506 d:- ref:0 ;
in:885 out:887 type:b dur:2 cpbdur:2 q:27.33 aq:28.07 tex:4270 mv:519 misc:371 imb:0 pmb:51 smb:3549 d:- ref:0 ;
in:887 out:888 type:b dur:2 cpbdur:2 q:27.27 aq:27.96 tex:4106 mv:492 misc:346 imb:0 pmb:49 smb:3551 d:- ref:0 ;
in:892 out:889 type:P dur:2 cpbdur:2 q:27.12 aq:16.45 tex:24274 mv:732 misc:754 imb:29 pmb:136 smb:3435 d:- ref:0 ;
in:890 out:890 type:B dur:2 cpbdur:2 q:27.17 aq:25.82 tex:5845 mv:424 misc:379 imb:0 pmb:49 smb:3551 d:- ref:0 ;
in:889 out:891 type:b dur:2 cpbdur:2 q:27.20 aq:26.84 tex:2430 mv:325 misc:317 imb:0 pmb:35 smb:3565 d:- ref:0 ;
in:891 out:892 type:b dur:2 cpbdur:2 q:27.15 aq:27.34 tex:2836 mv:328 misc:356 imb:0 pmb:42 smb:3558 d:- ref:0 ;
in:895 out:893 type:P dur:2 cpbdur:2 q:26.98 aq:28.09 tex:6251 mv:345 misc:372 imb:4 pmb:42 smb:3554 d:- ref:0 ;
in:893 out:894 type:B dur:2 cpbdur:2 q:27.07 aq:28.31 tex:3472 mv:407 misc:361 imb:0 pmb:41 smb:3559 d:- ref:0 ;
in:894 out:895 type:b dur:2 cpbdur:2 q:27.02 aq:25.86 tex:2574 mv:351 misc:323 imb:0 pmb:40 smb:3560 d:- ref:0 ;
in:896 out:896 type:I dur:2 cpbdur:2 q:24.64 aq:13.66 tex:1003051 mv:93387 misc:538 imb:3600 pmb:0 smb:0 d:- ref:;
in:900 out:897 type:P dur:2 cpbdur:2 q:27.89 aq:18.04 tex:23950 mv:881 misc:857 imb:25 pmb:148 smb:3427 d:- ref:0 ;
in:898 out:898 type:B dur:2 cpbdur:2 q:27.89 aq:25.85 tex:9349 mv:675 misc:408 imb:3 pmb:67 smb:3530 d:- ref:0 ;
in:897 out:899 type:b dur:2 cpbdur:2 q:27.89 aq:29.73 tex:4295 mv:576 misc:393 imb:0 pmb:58 smb:3542 d:- ref:0 ;
in:899 out:900 type:b dur:2 cpbdur:2 q:27.89 aq:28.05 tex:4585 mv:716 misc:403 imb:0 pmb:62 smb:3538 d:- ref:0 ;
in:904 out:901 type:P dur:2 cpbdur:2 q:27.77 aq:20.47 tex:19298 mv:855 misc:583 imb:16 pmb:100 smb:3484 d:- ref:0 ;
in:902 out:902 type:B dur:2 cpbdur:2 q:27.83 aq:28.83 tex:7112 mv:852 misc:436 imb:0 pmb:68 smb:3532 d:- ref:0 ;
in:901 out:903 type:b dur:2 cpbdur:2 q:27.86 aq:28.00 tex:3260 mv:528 misc:364 imb:0 pmb:51 smb:3549 d:- ref:0 ;
in:903 out:904 type:b dur:2 cpbdur:2 q:27.80 aq:27.68 tex:4490 mv:618 misc:412 imb:0 pmb:59 smb:3541 d:- ref:0 ;
in:908 out:905 type:P dur:2 cpbdur:2 q:27.64 aq:19.47 tex:17800 mv:853 misc:563 imb:17 pmb:94 smb:3489 d:- ref:0 ;
in:906 out:906 type:B dur:2 cpbdur:2 q:27.71 aq:26.43 tex:7636 mv:815 misc:429 imb:0 pmb:67 smb:3533 d:- ref:0 ;
in:905 out:907 type:b dur:2 cpbdur:2 q:27.74 aq:28.08 tex:4818 mv:644 misc:394 imb:0 pmb:57 smb:3543 d:- ref:0 ;
in:907 out:908 type:b dur:2 cpbdur:2 q:27.67 aq:28.35 tex:4429 mv:641 misc:354 imb:0 pmb:47 smb:3553 d:- ref:0 ;
in:912 out:909 type:P dur:2 cpbdur:2 q:27.63 aq:20.95 tex:16082 mv:757 misc:513 imb:6 pmb:91 smb:3503 d:- ref:0 ;
in:910 out:910 type:B dur:2 cpbdur:2 q:27.64 aq:25.97 tex:7813 mv:819 misc:360 imb:0 pmb:64 smb:3536 d:- ref:0 ;
in:909 out:911 type:b dur:2 cpbdur:2 q:27.64 aq:27.84 tex:4816 mv:611 misc:357 imb:0 pmb:52 smb:3548 d:- ref:0 ;
in:911 out:912 type:b dur:2 cpbdur:2 q:27.64 aq:27.80 tex:4240 mv:525 misc:371 imb:0 pmb:55 smb:3545 d:- ref:0 ;
in:916 out:913 type:P dur:2 cpbdur:2 q:27.52 aq:19.91 tex:23088 mv:843 misc:469 imb:16 pmb:82 smb:3502 d:- ref:0 ;
in:914 out:914 type:B dur:2 cpbdur:2 q:27.58 aq:25.96 tex:8541 mv:923 misc:424 imb:0 pmb:69 smb:3531 d:- ref:0 ;
in:913 out:915 type:b dur:2 cpbdur:2 q:27.60 aq:27.92 tex:5257 mv:723 misc:364 imb:0 pmb:57 smb:3543 d:- ref:0 ;
in:915 out:916 type:b dur:2 cpbdur:2 q:27.55 aq:27.83 tex:5423 mv:666 misc:375 imb:0 pmb:59 smb:3541 d:- ref:0 ;
in:920 out:917 type:P dur:2 cpbdur:2 q:27.41 aq:19.78 tex:19422 mv:791 misc:523 imb:17 pmb:84 smb:3499 d:- ref:0 ;
in:918 out:918 type:B dur:2 cpbdur:2 q:27.46 aq:27.72 tex:8260 mv:871 misc:413 imb:1 pmb:61 smb:3538 d:- ref:0 ;
in:917 out:919 type:b dur:2 cpbdur:2 q:27.49 aq:29.39 tex:3601 mv:471 misc:360 imb:0 pmb:42 smb:3558 d:- ref:0 ;
in:919 out:920 type:b dur:2 cpbdur:2 q:27.43 aq:29.40 tex:3612 mv:444 misc:392 imb:0 pmb:53 smb:3547 d:- ref:0 ;
in:924 out:921 type:P dur:2 cpbdur:2 q:27.29 aq:21.84 tex:17004 mv:644 misc:488 imb:10 pmb:82 smb:3508 d:- ref:0 ;
in:922 out:922 type:B dur:2 cpbdur:2 q:27.35 aq:27.72 tex:7497 mv:681 misc:382 imb:1 pmb:52 smb:3547 d:- ref:0 ;
in:921 out:923 type:b dur:2 cpbdur:2 q:27.38 aq:29.27 tex:4609 mv:540 misc:355 imb:0 pmb:49 smb:3551 d:- ref:0 ;
in:923 out:924 type:b dur:2 cpbdur:2 q:27.32 aq:28.57 tex:3902 mv:508 misc:358 imb:0 pmb:46 smb:3554 d:- ref:0 ;
in:928 out:925 type:P dur:2 cpbdur:2 q:27.16 aq:20.24 tex:21013 mv:659 misc:512 imb:13 pmb:90 smb:3497 d:- ref:0 ;
in:926 out:926 type:B dur:2 cpbdur:2 q:27.22 aq:26.87 tex:8488 mv:694 misc:426 imb:1 pmb:69 smb:3530 d:- ref:0 ;
in:925 out:927 type:b dur:2 cpbdur:2 q:27.25 aq:28.19 tex:3930 mv:467 misc:363 imb:0 pmb:46 smb:3554 d:- ref:0 ;
in:927 out:928 type:b dur:2 cpbdur:2 q:27.19 aq:28.51 tex:6256 mv:583 misc:401 imb:0 pmb:65 smb:3535 d:- ref:0 ;
in:932 out:929 type:P dur:2 cpbdur:2 q:27.05 aq:19.91 tex:13956 mv:567 misc:477 imb:9 pmb:69 smb:3522 d:- ref:0 ;
in:930 out:930 type:B dur:2 cpbdur:2 q:27.11 aq:27.48 tex:7274 mv:697 misc:389 imb:1 pmb:55 smb:3544 d:- ref:0 ;
in:929 out:931 type:b dur:2 cpbdur:2 q:27.13 aq:29.29 tex:4226 mv:498 misc:372 imb:0 pmb:47 smb:3553 d:- ref:0 ;
in:931 out:932 type:b dur:2 cpbdur:2 q:27.08 aq:28.58 tex:4109 mv:487 misc:332 imb:0 pmb:39 smb:3561 d:- ref:0 ;
in:936 out:933 type:P dur:2 cpbdur:2 q:26.92 aq:21.96 tex:197468 mv:13247 misc:1621 imb:912 pmb:1266 smb:1422 d:- ref:0 ;
in:934 out:934 type:B dur:2 cpbdur:2 q:26.98 aq:26.04 tex:9270 mv:1014 misc:1300 imb:1 pmb:299 smb:3300 d:- ref:0 ;
in:933 out:935 type:b dur:2 cpbdur:2 q:27.02 aq:24.64 tex:4226 mv:456 misc:374 imb:0 pmb:52 smb:3548 d:- ref:0 ;
in:935 out:936 type:b dur:2 cpbdur:2 q:26.95 aq:21.56 tex:5730 mv:1070 misc:1304 imb:7 pmb:317 smb:3276 d:- ref:0 ;
in:940 out:937 type:P dur:2 cpbdur:2 q:26.96 aq:21.31 tex:240852 mv:16165 misc:1303 imb:1187 pmb:1230 smb:1183 d:- ref:0 ;
in:938 out:938 type:B dur:2 cpbdur:2 q:26.94 aq:25.09 tex:110855 mv:18382 misc:2123 imb:554 pmb:1371 smb:1675 d:- ref:0 ;
in:937 out:939 type:b dur:2 cpbdur:2 q:26.93 aq:26.43 tex:69388 mv:14122 misc:2314 imb:370 pmb:1290 smb:1940 d:- ref:0 ;
in:939 out:940 type:b dur:2 cpbdur:2 q:26.95 aq:26.98 tex:67991 mv:13983 misc:2354 imb:381 pmb:1299 smb:1920 d:- ref:0 ;
in:944 out:941 type:P dur:2 cpbdur:2 q:27.02 aq:21.93 tex:241135 mv:16172 misc:1413 imb:1169 pmb:1212 smb:1219 d:- ref:0 ;
in:942 out:942 type:B dur:2 cpbdur:2 q:26.99 aq:25.15 tex:103663 mv:17548 misc:2229 imb:483 pmb:1424 smb:1693 d:- ref:0 ;
in:941 out:943 type:b dur:2 cpbdur:2 q:26.98 aq:27.14 tex:67952 mv:12871 misc:2409 imb:315 pmb:1252 smb:2033 d:- ref:0 ;
in:943 out:944 type:b dur:2 cpbdur:2 q:27.01 aq:26.24 tex:64929 mv:12671 misc:2408 imb:345 pmb:1291 smb:1964 d:- ref:0 ;
in:948 out:945 type:P dur:2 cpbdur:2 q:27.21 aq:22.64 tex:247688 mv:15433 misc:1431 imb:1053 pmb:1248 smb:1299 d:- ref:0 ;
in:946 out:946 type:B dur:2 cpbdur:2 q:27.11 aq:25.33 tex:100801 mv:16092 misc:2235 imb:493 pmb:1314 smb:1793 d:- ref:0 ;
in:945 out:947 type:b dur:2 cpbdur:2 q:27.07 aq:25.48 tex:61966 mv:12013 misc:2245 imb:345 pmb:1175 smb:2080 d:- ref:0 ;
in:947 out:948 type:b dur:2 cpbdur:2 q:27.16 aq:27.18 tex:59092 mv:12037 misc:2271 imb:368 pmb:1198 smb:2034 d:- ref:0 ;
in:952 out:949 type:P dur:2 cpbdur:2 q:27.40 aq:21.06 tex:283510 mv:15401 misc:1449 imb:1089 pmb:1227 smb:1284 d:- ref:0 ;
in:950 out:950 type:B dur:2 cpbdur:2 q:27.30 aq:26.31 tex:87243 mv:16237 misc:2176 imb:465 pmb:1331 smb:1804 d:- ref:0 ;
in:949 out:951 type:b dur:2 cpbdur:2 q:27.25 aq:25.36 tex:58682 mv:11931 misc:2371 imb:328 pmb:1205 smb:2067 d:- ref:0 ;
in:951 out:952 type:b dur:2 cpbdur:2 q:27.35 aq:26.61 tex:54150 mv:11861 misc:2325 imb:342 pmb:1132 smb:2126 d:- ref:0 ;
in:955 out:953 type:P dur:2 cpbdur:2 q:27.95 aq:27.50 tex:88697 mv:12181 misc:2106 imb:840 pmb:1017 smb:1743 d:- ref:0 ;
in:953 out:954 type:B dur:2 cpbdur:2 q:27.58 aq:27.43 tex:59332 mv:12986 misc:2322 imb:366 pmb:1175 smb:2059 d:- ref:0 ;
in:954 out:955 type:b dur:2 cpbdur:2 q:27.77 aq:27.95 tex:57868 mv:11767 misc:2349 imb:347 pmb:1153 smb:2100 d:- ref:0 ;
in:956 out:956 type:I dur:2 cpbdur:2 q:24.39 aq:16.13 tex:813447 mv:77876 misc:541 imb:3600 pmb:0 smb:0 d:- ref:;
in:960 out:957 type:P dur:2 cpbdur:2 q:29.02 aq:18.19 tex:404411 mv:17120 misc:861 imb:1189 pmb:1314 smb:1097 d:- ref:0 ;
in:958 out:958 type:B dur:2 cpbdur:2 q:29.02 aq:25.84 tex:4833 mv:764 misc:531 imb:1 pmb:106 smb:3493 d:- ref:0 ;
in:957 out:959 type:b dur:2 cpbdur:2 q:29.02 aq:31.80 tex:2273 mv:607 misc:528 imb:0 pmb:96 smb:3504 d:- ref:0 ;
in:959 out:960 type:b dur:2 cpbdur:2 q:29.02 aq:31.59 tex:1888 mv:269 misc:323 imb:0 pmb:31 smb:3569 d:- ref:0 ;
in:964 out:961 type:P dur:2 cpbdur:2 q:29.59 aq:19.25 tex:20154 mv:1039 misc:1655 imb:24 pmb:346 smb:3230 d:- ref:0 ;
in:962 out:962 type:B dur:2 cpbdur:2 q:29.31 aq:29.05 tex:4150 mv:514 misc:328 imb:1 pmb:39 smb:3560 d:- ref:0 ;
in:961 out:963 type:b dur:2 cpbdur:2 q:29.17 aq:32.80 tex:1498 mv:301 misc:289 imb:0 pmb:25 smb:3575 d:- ref:0 ;
in:963 out:964 type:b dur:2 cpbdur:2 q:29.45 aq:30.49 tex:2573 mv:354 misc:337 imb:0 pmb:37 smb:3563 d:- ref:0 ;
in:968 out:965 type:P dur:2 cpbdur:2 q:29.63 aq:20.08 tex:11617 mv:627 misc:780 imb:5 pmb:124 smb:3471 d:- ref:0 ;
in:966 out:966 type:B dur:2 cpbdur:2 q:29.61 aq:31.25 tex:4105 mv:581 misc:346 imb:0 pmb:40 smb:3560 d:- ref:0 ;
in:965 out:967 type:b dur:2 cpbdur:2 q:29.60 aq:32.72 tex:2127 mv:307 misc:302 imb:0 pmb:28 smb:3572 d:- ref:0 ;
in:967 out:968 type:b dur:2 cpbdur:2 q:29.62 aq:32.91 tex:1483 mv:335 misc:310 imb:0 pmb:31 smb:3569 d:- ref:0 ;
in:972 out:969 type:P dur:2 cpbdur:2 q:29.82 aq:18.79 tex:10168 mv:510 misc:474 imb:12 pmb:62 smb:3526 d:- ref:0 ;
in:970 out:970 type:B dur:2 cpbdur:2 q:29.72 aq:31.18 tex:3974 mv:477 misc:333 imb:0 pmb:38 smb:3562 d:- ref:0 ;
in:969 out:971 type:b dur:2 cpbdur:2 q:29.67 aq:32.26 tex:1324 mv:326 misc:302 imb:0 pmb:29 smb:3571 d:- ref:0 ;
in:971 out:972 type:b dur:2 cpbdur:2 q:29.77 aq:32.96 tex:1431 mv:266 misc:303 imb:0 pmb:29 smb:3571 d:- ref:0 ;
in:976 out:973 type:P dur:2 cpbdur:2 q:29.60 aq:20.27 tex:18770 mv:619 misc:659 imb:15 pmb:111 smb:3474 d:- ref:0 ;
in:974 out:974 type:B dur:2 cpbdur:2 q:29.71 aq:29.98 tex:5593 mv:585 misc:366 imb:1 pmb:49 smb:3550 d:- ref:0 ;
in:973 out:975 type:b dur:2 cpbdur:2 q:29.77 aq:32.34 tex:1771 mv:292 misc:329 imb:0 pmb:38 smb:3562 d:- ref:0 ;
in:975 out:976 type:b dur:2 cpbdur:2 q:29.66 aq:31.98 tex:1337 mv:215 misc:328 imb:0 pmb:37 smb:3563 d:- ref:0 ;
in:980 out:977 type:P dur:2 cpbdur:2 q:29.48 aq:20.00 tex:19078 mv:587 misc:823 imb:5 pmb:144 smb:3451 d:- ref:0 ;
in:978 out:978 type:B dur:2 cpbdur:2 q:29.54 aq:30.80 tex:4030 mv:387 misc:343 imb:0 pmb:40 smb:3560 d:- ref:0 ;
in:977 out:979 type:b dur:2 cpbdur:2 q:29.57 aq:32.64 tex:1155 mv:257 misc:308 imb:0 pmb:31 smb:3569 d:- ref:0 ;
in:979 out:980 type:b dur:2 cpbdur:2 q:29.51 aq:32.89 tex:1702 mv:262 misc:332 imb:0 pmb:34 smb:3566 d:- ref:0 ;
in:984 out:981 type:P dur:2 cpbdur:2 q:29.35 aq:19.12 tex:17450 mv:667 misc:923 imb:12 pmb:155 smb:3433 d:- ref:0 ;
in:982 out:982 type:B dur:2 cpbdur:2 q:29.41 aq:29.87 tex:3200 mv:292 misc:364 imb:0 pmb:45 smb:3555 d:- ref:0 ;
in:981 out:983 type:b dur:2 cpbdur:2 q:29.45 aq:32.15 tex:1369 mv:200 misc:295 imb:0 pmb:23 smb:3577 d:- ref:0 ;
in:983 out:984 type:b dur:2 cpbdur:2 q:29.38 aq:32.39 tex:1663 mv:290 misc:327 imb:0 pmb:38 smb:3562 d:- ref:0 ;
in:988 out:985 type:P dur:2 cpbdur:2 q:29.16 aq:17.54 tex:16798 mv:690 misc:944 imb:11 pmb:160 smb:3429 d:- ref:0 ;
in:986 out:986 type:B dur:2 cpbdur:2 q:29.25 aq:26.66 tex:5056 mv:561 misc:359 imb:0 pmb:47 smb:3553 d:- ref:0 ;
in:985 out:987 type:b dur:2 cpbdur:2 q:29.30 aq:27.47 tex:2465 mv:358 misc:337 imb:0 pmb:38 smb:3562 d:- ref:0 ;
in:987 out:988 type:b dur:2 cpbdur:2 q:29.21 aq:32.17 tex:2182 mv:372 misc:310 imb:0 pmb:34 smb:3566 d:- ref:0 ;
in:992 out:989 type:P dur:2 cpbdur:2 q:29.06 aq:22.51 tex:12834 mv:555 misc:619 imb:9 pmb:94 smb:3497 d:- ref:0 ;
in:990 out:990 type:B dur:2 cpbdur:2 q:29.11 aq:28.81 tex:4429 mv:559 misc:348 imb:0 pmb:43 smb:3557 d:- ref:0 ;
in:989 out:991 type:b dur:2 cpbdur:2 q:29.13 aq:30.63 tex:2155 mv:403 misc:346 imb:0 pmb:36 smb:3564 d:- ref:0 ;
in:991 out:992 type:b dur:2 cpbdur:2 q:29.08 aq:31.65 tex:2576 mv:427 misc:317 imb:0 pmb:37 smb:3563 d:- ref:0 ;
in:994 out:993 type:P dur:2 cpbdur:2 q:28.94 aq:17.25 tex:11687 mv:500 misc:709 imb:5 pmb:110 smb:3485 d:- ref:0 ;
in:993 out:994 type:b dur:2 cpbdur:2 q:29.00 aq:32.11 tex:2012 mv:404 misc:288 imb:0 pmb:33 smb:3567 d:- ref:0 ;
in:998 out:995 type:P dur:2 cpbdur:2 q:28.88 aq:21.74 tex:13281 mv:611 misc:524 imb:12 pmb:79 smb:3509 d:- ref:0 ;
in:996 out:996 type:B dur:2 cpbdur:2 q:28.91 aq:28.85 tex:5041 mv:557 misc:346 imb:0 pmb:43 smb:3557 d:- ref:0 ;
in:995 out:997 type:b dur:2 cpbdur:2 q:28.92 aq:31.40 tex:1804 mv:372 misc:328 imb:0 pmb:37 smb:3563 d:- ref:0 ;
in:997 out:998 type:b dur:2 cpbdur:2 q:28.89 aq:31.01 tex:2485 mv:412 misc:311 imb:0 pmb:36 smb:3564 d:- ref:0 ;
in:1002 out:999 type:P dur:2 cpbdur:2 q:28.74 aq:21.27 tex:13175 mv:588 misc:477 imb:13 pmb:65 smb:3522 d:- ref:0 ;
in:1000 out:1000 type:B dur:2 cpbdur:2 q:28.81 aq:30.44 tex:5426 mv:628 misc:362 imb:0 pmb:53 smb:3547 d:- ref:0 ;
in:999 out:1001 type:b dur:2 cpbdur:2 q:28.84 aq:30.90 tex:2520 mv:422 misc:338 imb:0 pmb:42 smb:3558 d:- ref:0 ;
in:1001 out:1002 type:b dur:2 cpbdur:2 q:28.77 aq:32.08 tex:2455 mv:391 misc:338 imb:0 pmb:38 smb:3562 d:- ref:0 ;
in:1006 out:1003 type:P dur:2 cpbdur:2 q:28.65 aq:20.95 tex:16189 mv:688 misc:547 imb:13 pmb:90 smb:3497 d:- ref:0 ;
in:1004 out:1004 type:B dur:2 cpbdur:2 q:28.69 aq:27.94 tex:5006 mv:603 misc:367 imb:0 pmb:55 smb:3545 d:- ref:0 ;
in:1003 out:1005 type:b dur:2 cpbdur:2 q:28.72 aq:29.74 tex:2225 mv:402 misc:341 imb:0 pmb:37 smb:3563 d:- ref:0 ;
in:1005 out:1006 type:b dur:2 cpbdur:2 q:28.67 aq:30.07 tex:2671 mv:442 misc:351 imb:0 pmb:50 smb:3550 d:- ref:0 ;
in:1010 out:1007 type:P dur:2 cpbdur:2 q:28.54 aq:20.78 tex:8976 mv:435 misc:461 imb:12 pmb:59 smb:3529 d:- ref:0 ;
in:1008 out:1008 type:B dur:2 cpbdur:2 q:28.60 aq:28.03 tex:3613 mv:462 misc:333 imb:0 pmb:38 smb:3562 d:- ref:0 ;
in:1007 out:1009 type:b dur:2 cpbdur:2 q:28.62 aq:30.62 tex:2340 mv:324 misc:304 imb:1 pmb:31 smb:3568 d:- ref:0 ;
in:1009 out:1010 type:b dur:2 cpbdur:2 q:28.57 aq:29.55 tex:1786 mv:326 misc:296 imb:0 pmb:29 smb:3571 d:- ref:0 ;
in:1014 out:1011 type:P dur:2 cpbdur:2 q:28.42 aq:21.82 tex:9636 mv:458 misc:410 imb:10 pmb:49 smb:3541 d:- ref:0 ;
in:1012 out:1012 type:B dur:2 cpbdur:2 q:28.48 aq:26.47 tex:4442 mv:507 misc:323 imb:1 pmb:35 smb:3564 d:- ref:0 ;
in:1011 out:1013 type:b dur:2 cpbdur:2 q:28.51 aq:30.20 tex:2691 mv:371 misc:306 imb:0 pmb:30 smb:3570 d:- ref:0 ;
in:1013 out:1014 type:b dur:2 cpbdur:2 q:28.45 aq:28.08 tex:2312 mv:397 misc:299 imb:0 pmb:32 smb:3568 d:- ref:0 ;
in:1015 out:1015 type:P dur:2 cpbdur:2 q:28.26 aq:28.94 tex:2621 mv:203 misc:336 imb:1 pmb:28 smb:3571 d:- ref:0 ;
in:1016 out:1016 type:I dur:2 cpbdur:2 q:25.84 aq:16.67 tex:728909 mv:82816 misc:523 imb:3600 pmb:0 smb:0 d:- ref:;
in:1020 out:1017 type:P dur:2 cpbdur:2 q:28.77 aq:21.88 tex:8953 mv:480 misc:495 imb:14 pmb:60 smb:3526 d:- ref:0 ;
in:1018 out:1018 type:B dur:2 cpbdur:2 q:28.77 aq:28.56 tex:4441 mv:533 misc:330 imb:2 pmb:39 smb:3559 d:- ref:0 ;
in:1017 out:1019 type:b dur:2 cpbdur:2 q:28.77 aq:29.75 tex:2528 mv:366 misc:306 imb:0 pmb:30 smb:3570 d:- ref:0 ;
in:1019 out:1020 type:b dur:2 cpbdur:2 q:28.77 aq:29.98 tex:2028 mv:313 misc:307 imb:0 pmb:32 smb:3568 d:- ref:0 ;
in:1024 out:1021 type:P dur:2 cpbdur:2 q:28.65 aq:21.94 tex:9261 mv:401 misc:394 imb:11 pmb:44 smb:3545 d:- ref:0 ;
in:1022 out:1022 type:B dur:2 cpbdur:2 q:28.71 aq:27.92 tex:4058 mv:450 misc:340 imb:0 pmb:38 smb:3562 d:- ref:0 ;
in:1021 out:1023 type:b dur:2 cpbdur:2 q:28.74 aq:29.99 tex:2412 mv:388 misc:296 imb:0 pmb:27 smb:3573 d:- ref:0 ;
in:1023 out:1024 type:b dur:2 cpbdur:2 q:28.68 aq:30.09 tex:2414 mv:342 misc:316 imb:0 pmb:35 smb:3565 d:- ref:0 ;
in:1028 out:1025 type:P dur:2 cpbdur:2 q:28.53 aq:23.52 tex:133185 mv:12103 misc:2032 imb:895 pmb:1085 smb:1620 d:- ref:0 ;
in:1026 out:1026 type:B dur:2 cpbdur:2 q:28.59 aq:28.57 tex:5214 mv:785 misc:785 imb:0 pmb:188 smb:3412 d:- ref:0 ;
in:1025 out:1027 type:b dur:2 cpbdur:2 q:28.62 aq:29.90 tex:2047 mv:316 misc:309 imb:0 pmb:29 smb:3571 d:- ref:0 ;
in:1027 out:1028 type:b dur:2 cpbdur:2 q:28.56 aq:29.36 tex:24864 mv:5892 misc:2156 imb:209 pmb:744 smb:2647 d:- ref:0 ;
in:1032 out:1029 type:P dur:2 cpbdur:2 q:28.68 aq:24.66 tex:158222 mv:14349 misc:1677 imb:1088 pmb:1077 smb:1435 d:- ref:0 ;
in:1030 out:1030 type:B dur:2 cpbdur:2 q:28.60 aq:27.03 tex:68652 mv:13732 misc:2328 imb:426 pmb:1131 smb:2043 d:- ref:0 ;
in:1029 out:1031 type:b dur:2 cpbdur:2 q:28.56 aq:27.50 tex:41882 mv:10135 misc:2415 imb:296 pmb:997 smb:2307 d:- ref:0 ;
in:1031 out:1032 type:b dur:2 cpbdur:2 q:28.64 aq:27.72 tex:42476 mv:10368 misc:2412 imb:327 pmb:1014 smb:2259 d:- ref:0 ;
in:1036 out:1033 type:P dur:2 cpbdur:2 q:28.65 aq:24.60 tex:156384 mv:13893 misc:1659 imb:1092 pmb:1040 smb:1468 d:- ref:0 ;
in:1034 out:1034 type:B dur:2 cpbdur:2 q:28.66 aq:27.32 tex:63462 mv:14213 misc:2357 imb:419 pmb:1198 smb:1983 d:- ref:0 ;
in:1033 out:1035 type:b dur:2 cpbdur:2 q:28.67 aq:28.87 tex:41335 mv:9869 misc:2260 imb:296 pmb:986 smb:2318 d:- ref:0 ;
in:1035 out:1036 type:b dur:2 cpbdur:2 q:28.66 aq:29.14 tex:38217 mv:9884 misc:2355 imb:294 pmb:999 smb:2307 d:- ref:0 ;
in:1040 out:1037 type:P dur:2 cpbdur:2 q:28.72 aq:23.99 tex:167655 mv:14084 misc:1693 imb:1127 pmb:1050 smb:1423 d:- ref:0 ;
in:1038 out:1038 type:B dur:2 cpbdur:2 q:28.69 aq:27.56 tex:66012 mv:14140 misc:2272 imb:468 pmb:1124 smb:2008 d:- ref:0 ;
in:1037 out:1039 type:b dur:2 cpbdur:2 q:28.67 aq:28.08 tex:39773 mv:9761 misc:2314 imb:324 pmb:943 smb:2333 d:- ref:0 ;
in:1039 out:1040 type:b dur:2 cpbdur:2 q:28.70 aq:28.76 tex:39827 mv:10685 misc:2384 imb:305 pmb:997 smb:2298 d:- ref:0 ;
in:1044 out:1041 type:P dur:2 cpbdur:2 q:28.79 aq:24.09 tex:175421 mv:14401 misc:1602 imb:1138 pmb:1079 smb:1383 d:- ref:0 ;
in:1042 out:1042 type:B dur:2 cpbdur:2 q:28.75 aq:27.35 tex:58197 mv:13872 misc:2299 imb:408 pmb:1179 smb:2013 d:- ref:0 ;
in:1041 out:1043 type:b dur:2 cpbdur:2 q:28.74 aq:28.87 tex:42058 mv:10110 misc:2384 imb:304 pmb:1025 smb:2271 d:- ref:0 ;
in:1043 out:1044 type:b dur:2 cpbdur:2 q:28.77 aq:28.77 tex:35960 mv:9734 misc:2426 imb:289 pmb:1006 smb:2305 d:- ref:0 ;
in:1048 out:1045 type:P dur:2 cpbdur:2 q:29.08 aq:22.94 tex:206476 mv:14044 misc:1696 imb:1086 pmb:1060 smb:1454 d:- ref:0 ;
in:1046 out:1046 type:B dur:2 cpbdur:2 q:28.94 aq:27.78 tex:60105 mv:13677 misc:2298 imb:403 pmb:1135 smb:2062 d:- ref:0 ;
in:1045 out:1047 type:b dur:2 cpbdur:2 q:28.86 aq:28.81 tex:36901 mv:9391 misc:2300 imb:287 pmb:960 smb:2353 d:- ref:0 ;
in:1047 out:1048 type:b dur:2 cpbdur:2 q:29.01 aq:28.69 tex:33263 mv:9197 misc:2196 imb:326 pmb:891 smb:2383 d:- ref:0 ;
in:1052 out:1049 type:P dur:2 cpbdur:2 q:29.35 aq:22.98 tex:244501 mv:14476 misc:1551 imb:1110 pmb:1076 smb:1414 d:- ref:0 ;
in:1050 out:1050 type:B dur:2 cpbdur:2 q:29.21 aq:28.13 tex:55485 mv:12966 misc:2325 imb:417 pmb:1000 smb:2183 d:- ref:0 ;
in:1049 out:1051 type:b dur:2 cpbdur:2 q:29.15 aq:28.94 tex:30918 mv:8349 misc:2269 imb:252 pmb:860 smb:2488 d:- ref:0 ;
in:1051 out:1052 type:b dur:2 cpbdur:2 q:29.28 aq:29.30 tex:33902 mv:8854 misc:2204 imb:303 pmb:847 smb:2450 d:- ref:0 ;
in:1056 out:1053 type:P dur:2 cpbdur:2 q:29.64 aq:19.31 tex:376613 mv:17359 misc:1068 imb:1284 pmb:1280 smb:1036 d:- ref:0 ;
in:1054 out:1054 type:B dur:2 cpbdur:2 q:29.49 aq:29.17 tex:37403 mv:9650 misc:2379 imb:241 pmb:896 smb:2463 d:- ref:0 ;
in:1053 out:1055 type:b dur:2 cpbdur:2 q:29.42 aq:29.01 tex:32566 mv:8237 misc:2149 imb:236 pmb:808 smb:2556 d:- ref:0 ;
in:1055 out:1056 type:b dur:2 cpbdur:2 q:29.56 aq:25.50 tex:1309 mv:410 misc:1297 imb:1 pmb:347 smb:3252 d:- ref:0 ;
in:1060 out:1057 type:P dur:2 cpbdur:2 q:29.99 aq:19.17 tex:13140 mv:899 misc:1785 imb:13 pmb:386 smb:3201 d:- ref:0 ;
in:1058 out:1058 type:B dur:2 cpbdur:2 q:29.82 aq:23.51 tex:514 mv:49 misc:277 imb:0 pmb:6 smb:3594 d:- ref:0 ;
in:1057 out:1059 type:b dur:2 cpbdur:2 q:29.73 aq:15.00 tex:7 mv:21 misc:252 imb:0 pmb:5 smb:3595 d:- ref:0 ;
in:1059 out:1060 type:b dur:2 cpbdur:2 q:29.91 aq:15.00 tex:4 mv:9 misc:243 imb:0 pmb:2 smb:3598 d:- ref:0 ;
in:1064 out:1061 type:P dur:2 cpbdur:2 q:30.09 aq:19.05 tex:4851 mv:300 misc:857 imb:7 pmb:118 smb:3475 d:- ref:0 ;
in:1062 out:1062 type:B dur:2 cpbdur:2 q:30.04 aq:24.01 tex:324 mv:20 misc:272 imb:0 pmb:5 smb:3595 d:- ref:0 ;
in:1061 out:1063 type:b dur:2 cpbdur:2 q:30.02 aq:15.00 tex:4 mv:9 misc:251 imb:0 pmb:2 smb:3598 d:- ref:0 ;
in:1063 out:1064 type:b dur:2 cpbdur:2 q:30.07 aq:15.00 tex:4 mv:9 misc:251 imb:0 pmb:2 smb:3598 d:- ref:0 ;
in:1068 out:1065 type:P dur:2 cpbdur:2 q:30.18 aq:17.57 tex:2628 mv:172 misc:512 imb:5 pmb:37 smb:3558 d:- ref:0 ;
in:1066 out:1066 type:B dur:2 cpbdur:2 q:30.13 aq:22.99 tex:648 mv:41 misc:263 imb:0 pmb:4 smb:3596 d:- ref:0 ;
in:1065 out:1067 type:b dur:2 cpbdur:2 q:30.11 aq:15.00 tex:5 mv:19 misc:248 imb:0 pmb:4 smb:3596 d:- ref:0 ;
in:1067 out:1068 type:b dur:2 cpbdur:2 q:30.15 aq:15.00 tex:5 mv:19 misc:248 imb:0 pmb:4 smb:3596 d:- ref:0 ;
in:1072 out:1069 type:P dur:2 cpbdur:2 q:30.02 aq:14.05 tex:3609 mv:195 misc:564 imb:7 pmb:45 smb:3548 d:- ref:0 ;
in:1070 out:1070 type:B dur:2 cpbdur:2 q:30.10 aq:22.49 tex:1154 mv:38 misc:264 imb:0 pmb:6 smb:3594 d:- ref:0 ;
in:1069 out:1071 type:b dur:2 cpbdur:2 q:30.14 aq:15.00 tex:5 mv:19 misc:248 imb:0 pmb:4 smb:3596 d:- ref:0 ;
in:1071 out:1072 type:b dur:2 cpbdur:2 q:30.06 aq:24.48 tex:675 mv:46 misc:247 imb:0 pmb:5 smb:3595 d:- ref:0 ;
in:1075 out:1073 type:P dur:2 cpbdur:2 q:29.86 aq:23.99 tex:1044 mv:42 misc:282 imb:0 pmb:8 smb:3592 d:- ref:0 ;
in:1073 out:1074 type:B dur:2 cpbdur:2 q:29.97 aq:15.00 tex:7 mv:18 misc:263 imb:0 pmb:4 smb:3596 d:- ref:0 ;
in:1074 out:1075 type:b dur:2 cpbdur:2 q:29.91 aq:15.00 tex:9 mv:33 misc:246 imb:0 pmb:7 smb:3593 d:- ref:0 ;
in:1076 out:1076 type:I dur:2 cpbdur:2 q:26.71 aq:15.26 tex:783504 mv:82390 misc:522 imb:3600 pmb:0 smb:0 d:- ref:;
in:1080 out:1077 type:P dur:2 cpbdur:2 q:30.24 aq:19.43 tex:3216 mv:160 misc:528 imb:3 pmb:43 smb:3554 d:- ref:0 ;
in:1078 out:1078 type:B dur:2 cpbdur:2 q:30.24 aq:22.58 tex:808 mv:26 misc:254 imb:0 pmb:7 smb:3593 d:- ref:0 ;
in:1077 out:1079 type:b dur:2 cpbdur:2 q:30.24 aq:15.00 tex:6 mv:20 misc:246 imb:0 pmb:4 smb:3596 d:- ref:0 ;
in:1079 out:1080 type:b dur:2 cpbdur:2 q:30.24 aq:15.00 tex:7 mv:24 misc:249 imb:0 pmb:5 smb:3595 d:- ref:0 ;
in:1084 out:1081 type:P dur:2 cpbdur:2 q:30.11 aq:22.28 tex:2598 mv:127 misc:387 imb:1 pmb:26 smb:3573 d:- ref:0 ;
in:1082 out:1082 type:B dur:2 cpbdur:2 q:30.17 aq:14.00 tex:8 mv:24 misc:264 imb:0 pmb:5 smb:3595 d:- ref:0 ;
in:1081 out:1083 type:b dur:2 cpbdur:2 q:30.21 aq:15.00 tex:0 mv:0 misc:232 imb:0 pmb:0 smb:3600 d:- ref:0 ;
in:1083 out:1084 type:b dur:2 cpbdur:2 q:30.14 aq:15.00 tex:7 mv:22 misc:251 imb:0 pmb:5 smb:3595 d:- ref:0 ;
in:1088 out:1085 type:P dur:2 cpbdur:2 q:29.98 aq:15.73 tex:1445 mv:82 misc:377 imb:2 pmb:18 smb:3580 d:- ref:0 ;
in:1086 out:1086 type:B dur:2 cpbdur:2 q:30.04 aq:14.00 tex:0 mv:0 misc:248 imb:0 pmb:0 smb:3600 d:- ref:0 ;
in:1085 out:1087 type:b dur:2 cpbdur:2 q:30.08 aq:15.00 tex:0 mv:0 misc:232 imb:0 pmb:0 smb:3600 d:- ref:0 ;
in:1087 out:1088 type:b dur:2 cpbdur:2 q:30.01 aq:15.00 tex:0 mv:0 misc:232 imb:0 pmb:0 smb:3600 d:- ref:0 ;
in:1092 out:1089 type:P dur:2 cpbdur:2 q:30.01 aq:20.92 tex:6573 mv:167 misc:356 imb:7 pmb:16 smb:3577 d:- ref:0 ;
in:1090 out:1090 type:B dur:2 cpbdur:2 q:30.00 aq:14.00 tex:11 mv:42 misc:283 imb:0 pmb:10 smb:3590 d:- ref:0 ;
in:1089 out:1091 type:b dur:2 cpbdur:2 q:29.99 aq:15.00 tex:10 mv:42 misc:268 imb:0 pmb:10 smb:3590 d:- ref:0 ;
in:1091 out:1092 type:b dur:2 cpbdur:2 q:30.00 aq:15.00 tex:0 mv:0 misc:232 imb:0 pmb:0 smb:3600 d:- ref:0 ;
in:1096 out:1093 type:P dur:2 cpbdur:2 q:29.89 aq:20.17 tex:391 mv:50 misc:351 imb:1 pmb:9 smb:3590 d:- ref:0 ;
in:1094 out:1094 type:B dur:2 cpbdur:2 q:29.95 aq:14.00 tex:0 mv:0 misc:248 imb:0 pmb:0 smb:3600 d:- ref:0 ;
in:1093 out:1095 type:b dur:2 cpbdur:2 q:29.98 aq:15.00 tex:0 mv:0 misc:232 imb:0 pmb:0 smb:3600 d:- ref:0 ;
in:1095 out:1096 type:b dur:2 cpbdur:2 q:29.92 aq:15.00 tex:0 mv:0 misc:232 imb:0 pmb:0 smb:3600 d:- ref:0 ;
in:1100 out:1097 type:P dur:2 cpbdur:2 q:29.77 aq:13.94 tex:4899 mv:160 misc:373 imb:4 pmb:20 smb:3576 d:- ref:0 ;
in:1098 out:1098 type:B dur:2 cpbdur:2 q:29.83 aq:14.00 tex:11 mv:39 misc:278 imb:0 pmb:10 smb:3590 d:- ref:0 ;
in:1097 out:1099 type:b dur:2 cpbdur:2 q:29.86 aq:15.00 tex:8 mv:39 misc:265 imb:0 pmb:10 smb:3590 d:- ref:0 ;
in:1099 out:1100 type:b dur:2 cpbdur:2 q:29.80 aq:15.00 tex:0 mv:0 misc:232 imb:0 pmb:0 smb:3600 d:- ref:0 ;
in:1104 out:1101 type:P dur:2 cpbdur:2 q:29.65 aq:17.94 tex:449 mv:56 misc:367 imb:1 pmb:12 smb:3587 d:- ref:0 ;
in:1102 out:1102 type:B dur:2 cpbdur:2 q:29.71 aq:13.00 tex:0 mv:0 misc:248 imb:0 pmb:0 smb:3600 d:- ref:0 ;
in:1101 out:1103 type:b dur:2 cpbdur:2 q:29.74 aq:15.00 tex:0 mv:0 misc:232 imb:0 pmb:0 smb:3600 d:- ref:0 ;
in:1103 out:1104 type:b dur:2 cpbdur:2 q:29.68 aq:15.00 tex:0 mv:0 misc:232 imb:0 pmb:0 smb:3600 d:- ref:0 ;
in:1108 out:1105 type:P dur:2 cpbdur:2 q:29.52 aq:15.59 tex:7045 mv:164 misc:407 imb:7 pmb:29 smb:3564 d:- ref:0 ;
in:1106 out:1106 type:B dur:2 cpbdur:2 q:29.59 aq:13.00 tex:17 mv:47 misc:280 imb:0 pmb:13 smb:3587 d:- ref:0 ;
in:1105 out:1107 type:b dur:2 cpbdur:2 q:29.62 aq:15.00 tex:11 mv:43 misc:266 imb:0 pmb:12 smb:3588 d:- ref:0 ;
in:1107 out:1108 type:b dur:2 cpbdur:2 q:29.56 aq:15.00 tex:0 mv:0 misc:232 imb:0 pmb:0 smb:3600 d:- ref:0 ;
in:1112 out:1109 type:P dur:2 cpbdur:2 q:29.41 aq:16.90 tex:6762 mv:155 misc:435 imb:4 pmb:31 smb:3565 d:- ref:0 ;
in:1110 out:1110 type:B dur:2 cpbdur:2 q:29.47 aq:13.00 tex:10 mv:44 misc:290 imb:0 pmb:9 smb:3591 d:- ref:0 ;
in:1109 out:1111 type:b dur:2 cpbdur:2 q:29.50 aq:14.00 tex:0 mv:0 misc:232 imb:0 pmb:0 smb:3600 d:- ref:0 ;
in:1111 out:1112 type:b dur:2 cpbdur:2 q:29.44 aq:14.00 tex:8 mv:40 misc:264 imb:0 pmb:9 smb:3591 d:- ref:0 ;
in:1116 out:1113 type:P dur:2 cpbdur:2 q:29.28 aq:16.90 tex:302 mv:43 misc:343 imb:1 pmb:7 smb:3592 d:- ref:0 ;
in:1114 out:1114 type:B dur:2 cpbdur:2 q:29.34 aq:13.00 tex:0 mv:0 misc:248 imb:0 pmb:0 smb:3600 d:- ref:0 ;
in:1113 out:1115 type:b dur:2 cpbdur:2 q:29.37 aq:14.00 tex:0 mv:0 misc:232 imb:0 pmb:0 smb:3600 d:- ref:0 ;
in:1115 out:1116 type:b dur:2 cpbdur:2 q:29.31 aq:14.00 tex:0 mv:0 misc:232 imb:0 pmb:0 smb:3600 d:- ref:0 ;
in:1120 out:1117 type:P dur:2 cpbdur:2 q:29.16 aq:17.35 tex:1824 mv:62 misc:354 imb:1 pmb:13 smb:3586 d:- ref:0 ;
in:1118 out:1118 type:B dur:2 cpbdur:2 q:29.22 aq:13.00 tex:5 mv:17 misc:266 imb:0 pmb:3 smb:3597 d:- ref:0 ;
in:1117 out:1119 type:b dur:2 cpbdur:2 q:29.25 aq:14.00 tex:0 mv:0 misc:232 imb:0 pmb:0 smb:3600 d:- ref:0 ;
in:1119 out:1120 type:b dur:2 cpbdur:2 q:29.19 aq:14.00 tex:4 mv:16 misc:244 imb:0 pmb:3 smb:3597 d:- ref:0 ;
in:1124 out:1121 type:P dur:2 cpbdur:2 q:29.04 aq:16.21 tex:531 mv:68 misc:401 imb:1 pmb:16 smb:3583 d:- ref:0 ;
in:1122 out:1122 type:B dur:2 cpbdur:2 q:29.10 aq:13.00 tex:0 mv:0 misc:248 imb:0 pmb:0 smb:3600 d:- ref:0 ;
in:1121 out:1123 type:b dur:2 cpbdur:2 q:29.13 aq:14.00 tex:0 mv:0 misc:232 imb:0 pmb:0 smb:3600 d:- ref:0 ;
in:1123 out:1124 type:b dur:2 cpbdur:2 q:29.07 aq:14.00 tex:0 mv:0 misc:232 imb:0 pmb:0 smb:3600 d:- ref:0 ;
in:1128 out:1125 type:P dur:2 cpbdur:2 q:28.91 aq:17.91 tex:1050 mv:70 misc:408 imb:1 pmb:21 smb:3578 d:- ref:0 ;
in:1126 out:1126 type:B dur:2 cpbdur:2 q:28.97 aq:13.00 tex:0 mv:0 misc:248 imb:0 pmb:0 smb:3600 d:- ref:0 ;
in:1125 out:1127 type:b dur:2 cpbdur:2 q:29.01 aq:14.00 tex:0 mv:0 misc:232 imb:0 pmb:0 smb:3600 d:- ref:0 ;
in:1127 out:1128 type:b dur:2 cpbdur:2 q:28.94 aq:14.00 tex:0 mv:0 misc:232 imb:0 pmb:0 smb:3600 d:- ref:0 ;
in:1132 out:1129 type:P dur:2 cpbdur:2 q:28.78 aq:12.65 tex:396 mv:88 misc:396 imb:3 pmb:14 smb:3583 d:- ref:0 ;
in:1130 out:1130 type:B dur:2 cpbdur:2 q:28.85 aq:13.00 tex:0 mv:0 misc:248 imb:0 pmb:0 smb:3600 d:- ref:0 ;
in:1129 out:1131 type:b dur:2 cpbdur:2 q:28.88 aq:14.00 tex:0 mv:0 misc:232 imb:0 pmb:0 smb:3600 d:- ref:0 ;
in:1131 out:1132 type:b dur:2 cpbdur:2 q:28.81 aq:14.00 tex:0 mv:0 misc:232 imb:0 pmb:0 smb:3600 d:- ref:0 ;
in:1135 out:1133 type:P dur:2 cpbdur:2 q:28.65 aq:14.00 tex:0 mv:0 misc:256 imb:0 pmb:0 smb:3600 d:- ref:0 ;
in:1133 out:1134 type:B dur:2 cpbdur:2 q:28.74 aq:14.00 tex:0 mv:0 misc:248 imb:0 pmb:0 smb:3600 d:- ref:0 ;
in:1134 out:1135 type:b dur:2 cpbdur:2 q:28.70 aq:14.00 tex:0 mv:0 misc:232 imb:0 pmb:0 smb:3600 d:- ref:0 ;
in:1136 out:1136 type:I dur:2 cpbdur:2 q:26.29 aq:14.87 tex:817758 mv:83076 misc:550 imb:3600 pmb:0 smb:0 d:- ref:;
in:1140 out:1137 type:P dur:2 cpbdur:2 q:29.13 aq:17.82 tex:909 mv:166 misc:661 imb:4 pmb:62 smb:3534 d:- ref:0 ;
in:1138 out:1138 type:B dur:2 cpbdur:2 q:29.13 aq:13.00 tex:0 mv:0 misc:232 imb:0 pmb:0 smb:3600 d:- ref:0 ;
in:1137 out:1139 type:b dur:2 cpbdur:2 q:29.13 aq:14.00 tex:0 mv:0 misc:232 imb:0 pmb:0 smb:3600 d:- ref:0 ;
in:1139 out:1140 type:b dur:2 cpbdur:2 q:29.13 aq:14.00 tex:0 mv:0 misc:232 imb:0 pmb:0 smb:3600 d:- ref:0 ;
in:1144 out:1141 type:P dur:2 cpbdur:2 q:29.01 aq:17.85 tex:300 mv:72 misc:388 imb:1 pmb:15 smb:3584 d:- ref:0 ;
in:1142 out:1142 type:B dur:2 cpbdur:2 q:29.07 aq:13.00 tex:0 mv:0 misc:248 imb:0 pmb:0 smb:3600 d:- ref:0 ;
in:1141 out:1143 type:b dur:2 cpbdur:2 q:29.10 aq:14.00 tex:0 mv:0 misc:232 imb:0 pmb:0 smb:3600 d:- ref:0 ;
in:1143 out:1144 type:b dur:2 cpbdur:2 q:29.04 aq:14.00 tex:0 mv:0 misc:232 imb:0 pmb:0 smb:3600 d:- ref:0 ;
in:1148 out:1145 type:P dur:2 cpbdur:2 q:28.88 aq:16.34 tex:180 mv:51 misc:337 imb:2 pmb:5 smb:3593 d:- ref:0 ;
in:1146 out:1146 type:B dur:2 cpbdur:2 q:28.94 aq:13.00 tex:0 mv:0 misc:248 imb:0 pmb:0 smb:3600 d:- ref:0 ;
in:1145 out:1147 type:b dur:2 cpbdur:2 q:28.97 aq:14.00 tex:0 mv:0 misc:232 imb:0 pmb:0 smb:3600 d:- ref:0 ;
in:1147 out:1148 type:b dur:2 cpbdur:2 q:28.91 aq:14.00 tex:0 mv:0 misc:232 imb:0 pmb:0 smb:3600 d:- ref:0 ;
in:1152 out:1149 type:P dur:2 cpbdur:2 q:28.89 aq:12.48 tex:126 mv:30 misc:308 imb:1 pmb:3 smb:3596 d:- ref:0 ;
in:1150 out:1150 type:B dur:2 cpbdur:2 q:28.89 aq:13.00 tex:0 mv:0 misc:248 imb:0 pmb:0 smb:3600 d:- ref:0 ;
in:1149 out:1151 type:b dur:2 cpbdur:2 q:28.88 aq:14.00 tex:0 mv:0 misc:232 imb:0 pmb:0 smb:3600 d:- ref:0 ;
in:1151 out:1152 type:b dur:2 cpbdur:2 q:28.89 aq:14.00 tex:0 mv:0 misc:232 imb:0 pmb:0 smb:3600 d:- ref:0 ;
in:1156 out:1153 type:P dur:2 cpbdur:2 q:28.77 aq:13.06 tex:160 mv:39 misc:329 imb:1 pmb:5 smb:3594 d:- ref:0 ;
in:1154 out:1154 type:B dur:2 cpbdur:2 q:28.83 aq:13.00 tex:0 mv:0 misc:248 imb:0 pmb:0 smb:3600 d:- ref:0 ;
in:1153 out:1155 type:b dur:2 cpbdur:2 q:28.86 aq:14.00 tex:0 mv:0 misc:232 imb:0 pmb:0 smb:3600 d:- ref:0 ;
in:1155 out:1156 type:b dur:2 cpbdur:2 q:28.80 aq:14.00 tex:0 mv:0 misc:232 imb:0 pmb:0 smb:3600 d:- ref:0 ;
in:1160 out:1157 type:P dur:2 cpbdur:2 q:28.64 aq:14.99 tex:338 mv:66 misc:388 imb:1 pmb:14 smb:3585 d:- ref:0 ;
in:1158 out:1158 type:B dur:2 cpbdur:2 q:28.70 aq:12.00 tex:0 mv:0 misc:248 imb:0 pmb:0 smb:3600 d:- ref:0 ;
in:1157 out:1159 type:b dur:2 cpbdur:2 q:28.73 aq:14.00 tex:0 mv:0 misc:232 imb:0 pmb:0 smb:3600 d:- ref:0 ;
in:1159 out:1160 type:b dur:2 cpbdur:2 q:28.67 aq:14.00 tex:0 mv:0 misc:232 imb:0 pmb:0 smb:3600 d:- ref:0 ;
in:1164 out:1161 type:P dur:2 cpbdur:2 q:28.51 aq:13.44 tex:227 mv:62 misc:367 imb:1 pmb:11 smb:3588 d:- ref:0 ;
in:1162 out:1162 type:B dur:2 cpbdur:2 q:28.57 aq:12.00 tex:0 mv:0 misc:248 imb:0 pmb:0 smb:3600 d:- ref:0 ;
in:1161 out:1163 type:b dur:2 cpbdur:2 q:28.61 aq:14.00 tex:0 mv:0 misc:232 imb:0 pmb:0 smb:3600 d:- ref:0 ;
in:1163 out:1164 type:b dur:2 cpbdur:2 q:28.54 aq:14.00 tex:0 mv:0 misc:232 imb:0 pmb:0 smb:3600 d:- ref:0 ;
in:1168 out:1165 type:P dur:2 cpbdur:2 q:28.38 aq:15.46 tex:275 mv:71 misc:398 imb:1 pmb:16 smb:3583 d:- ref:0 ;
in:1166 out:1166 type:B dur:2 cpbdur:2 q:28.45 aq:12.00 tex:0 mv:0 misc:248 imb:0 pmb:0 smb:3600 d:- ref:0 ;
in:1165 out:1167 type:b dur:2 cpbdur:2 q:28.48 aq:13.00 tex:0 mv:0 misc:232 imb:0 pmb:0 smb:3600 d:- ref:0 ;
in:1167 out:1168 type:b dur:2 cpbdur:2 q:28.42 aq:13.00 tex:0 mv:0 misc:232 imb:0 pmb:0 smb:3600 d:- ref:0 ;
in:1172 out:1169 type:P dur:2 cpbdur:2 q:28.26 aq:14.70 tex:285 mv:65 misc:386 imb:1 pmb:14 smb:3585 d:- ref:0 ;
in:1170 out:1170 type:B dur:2 cpbdur:2 q:28.32 aq:12.00 tex:0 mv:0 misc:248 imb:0 pmb:0 smb:3600 d:- ref:0 ;
in:1169 out:1171 type:b dur:2 cpbdur:2 q:28.35 aq:13.00 tex:0 mv:0 misc:232 imb:0 pmb:0 smb:3600 d:- ref:0 ;
in:1171 out:1172 type:b dur:2 cpbdur:2 q:28.29 aq:13.00 tex:0 mv:0 misc:232 imb:0 pmb:0 smb:3600 d:- ref:0 ;
in:1176 out:1173 type:P dur:2 cpbdur:2 q:28.13 aq:12.32 tex:379 mv:81 misc:412 imb:1 pmb:24 smb:3575 d:- ref:0 ;
in:1174 out:1174 type:B dur:2 cpbdur:2 q:28.19 aq:12.00 tex:0 mv:0 misc:248 imb:0 pmb:0 smb:3600 d:- ref:0 ;
in:1173 out:1175 type:b dur:2 cpbdur:2 q:28.22 aq:13.00 tex:0 mv:0 misc:232 imb:0 pmb:0 smb:3600 d:- ref:0 ;
in:1175 out:1176 type:b dur:2 cpbdur:2 q:28.16 aq:13.00 tex:0 mv:0 misc:232 imb:0 pmb:0 smb:3600 d:- ref:0 ;
in:1180 out:1177 type:P dur:2 cpbdur:2 q:28.00 aq:12.24 tex:381 mv:79 misc:420 imb:1 pmb:20 smb:3579 d:- ref:0 ;
in:1178 out:1178 type:B dur:2 cpbdur:2 q:28.06 aq:12.00 tex:0 mv:0 misc:248 imb:0 pmb:0 smb:3600 d:- ref:0 ;
in:1177 out:1179 type:b dur:2 cpbdur:2 q:28.09 aq:13.00 tex:0 mv:0 misc:232 imb:0 pmb:0 smb:3600 d:- ref:0 ;
in:1179 out:1180 type:b dur:2 cpbdur:2 q:28.03 aq:13.00 tex:0 mv:0 misc:232 imb:0 pmb:0 smb:3600 d:- ref:0 ;
in:1184 out:1181 type:P dur:2 cpbdur:2 q:27.87 aq:13.51 tex:521 mv:83 misc:468 imb:1 pmb:28 smb:3571 d:- ref:0 ;
in:1182 out:1182 type:B dur:2 cpbdur:2 q:27.93 aq:12.00 tex:0 mv:0 misc:248 imb:0 pmb:0 smb:3600 d:- ref:0 ;
in:1181 out:1183 type:b dur:2 cpbdur:2 q:27.96 aq:13.00 tex:0 mv:0 misc:232 imb:0 pmb:0 smb:3600 d:- ref:0 ;
in:1183 out:1184 type:b dur:2 cpbdur:2 q:27.90 aq:13.00 tex:0 mv:0 misc:232 imb:0 pmb:0 smb:3600 d:- ref:0 ;
in:1188 out:1185 type:P dur:2 cpbdur:2 q:27.74 aq:13.68 tex:654 mv:102 misc:516 imb:2 pmb:35 smb:3563 d:- ref:0 ;
in:1186 out:1186 type:B dur:2 cpbdur:2 q:27.80 aq:12.00 tex:0 mv:0 misc:248 imb:0 pmb:0 smb:3600 d:- ref:0 ;
in:1185 out:1187 type:b dur:2 cpbdur:2 q:27.83 aq:13.00 tex:0 mv:0 misc:232 imb:0 pmb:0 smb:3600 d:- ref:0 ;
in:1187 out:1188 type:b dur:2 cpbdur:2 q:27.77 aq:13.00 tex:0 mv:0 misc:232 imb:0 pmb:0 smb:3600 d:- ref:0 ;
in:1192 out:1189 type:P dur:2 cpbdur:2 q:27.60 aq:14.76 tex:720 mv:113 misc:559 imb:1 pmb:43 smb:3556 d:- ref:0 ;
in:1190 out:1190 type:B dur:2 cpbdur:2 q:27.67 aq:11.00 tex:0 mv:0 misc:248 imb:0 pmb:0 smb:3600 d:- ref:0 ;
in:1189 out:1191 type:b dur:2 cpbdur:2 q:27.70 aq:13.00 tex:0 mv:0 misc:232 imb:0 pmb:0 smb:3600 d:- ref:0 ;
in:1191 out:1192 type:b dur:2 cpbdur:2 q:27.64 aq:13.00 tex:0 mv:0 misc:232 imb:0 pmb:0 smb:3600 d:- ref:0 ;
in:1195 out:1193 type:P dur:2 cpbdur:2 q:27.47 aq:12.00 tex:0 mv:0 misc:264 imb:0 pmb:0 smb:3600 d:- ref:0 ;
in:1193 out:1194 type:B dur:2 cpbdur:2 q:27.56 aq:13.00 tex:0 mv:0 misc:248 imb:0 pmb:0 smb:3600 d:- ref:0 ;
in:1194 out:1195 type:b dur:2 cpbdur:2 q:27.51 aq:13.00 tex:0 mv:0 misc:232 imb:0 pmb:0 smb:3600 d:- ref:0 ;
in:1196 out:1196 type:I dur:2 cpbdur:2 q:25.16 aq:13.77 tex:900452 mv:84592 misc:548 imb:3600 pmb:0 smb:0 d:- ref:;
in:1200 out:1197 type:P dur:2 cpbdur:2 q:28.07 aq:16.07 tex:1051 mv:172 misc:697 imb:6 pmb:70 smb:3524 d:- ref:0 ;
in:1198 out:1198 type:B dur:2 cpbdur:2 q:28.07 aq:12.00 tex:0 mv:0 misc:232 imb:0 pmb:0 smb:3600 d:- ref:0 ;
in:1197 out:1199 type:b dur:2 cpbdur:2 q:28.07 aq:13.00 tex:0 mv:0 misc:232 imb:0 pmb:0 smb:3600 d:- ref:0 ;
in:1199 out:1200 type:b dur:2 cpbdur:2 q:28.07 aq:13.00 tex:0 mv:0 misc:232 imb:0 pmb:0 smb:3600 d:- ref:0 ;
in:1204 out:1201 type:P dur:2 cpbdur:2 q:27.94 aq:16.18 tex:242 mv:53 misc:377 imb:0 pmb:15 smb:3585 d:- ref:0 ;
in:1202 out:1202 type:B dur:2 cpbdur:2 q:28.01 aq:12.00 tex:0 mv:0 misc:248 imb:0 pmb:0 smb:3600 d:- ref:0 ;
in:1201 out:1203 type:b dur:2 cpbdur:2 q:28.04 aq:13.00 tex:0 mv:0 misc:232 imb:0 pmb:0 smb:3600 d:- ref:0 ;
in:1203 out:1204 type:b dur:2 cpbdur:2 q:27.98 aq:13.00 tex:0 mv:0 misc:232 imb:0 pmb:0 smb:3600 d:- ref:0 ;
in:1208 out:1205 type:P dur:2 cpbdur:2 q:27.82 aq:12.34 tex:189 mv:44 misc:359 imb:0 pmb:11 smb:3589 d:- ref:0 ;
in:1206 out:1206 type:B dur:2 cpbdur:2 q:27.88 aq:12.00 tex:0 mv:0 misc:248 imb:0 pmb:0 smb:3600 d:- ref:0 ;
in:1205 out:1207 type:b dur:2 cpbdur:2 q:27.91 aq:13.00 tex:0 mv:0 misc:232 imb:0 pmb:0 smb:3600 d:- ref:0 ;
in:1207 out:1208 type:b dur:2 cpbdur:2 q:27.85 aq:13.00 tex:0 mv:0 misc:232 imb:0 pmb:0 smb:3600 d:- ref:0 ;
in:1212 out:1209 type:P dur:2 cpbdur:2 q:27.79 aq:12.74 tex:139 mv:29 misc:320 imb:0 pmb:6 smb:3594 d:- ref:0 ;
in:1210 out:1210 type:B dur:2 cpbdur:2 q:27.80 aq:12.00 tex:0 mv:0 misc:248 imb:0 pmb:0 smb:3600 d:- ref:0 ;
in:1209 out:1211 type:b dur:2 cpbdur:2 q:27.81 aq:13.00 tex:0 mv:0 misc:232 imb:0 pmb:0 smb:3600 d:- ref:0 ;
in:1211 out:1212 type:b dur:2 cpbdur:2 q:27.80 aq:13.00 tex:0 mv:0 misc:232 imb:0 pmb:0 smb:3600 d:- ref:0 ;
in:1216 out:1213 type:P dur:2 cpbdur:2 q:27.66 aq:10.99 tex:134 mv:29 misc:325 imb:0 pmb:6 smb:3594 d:- ref:0 ;
in:1214 out:1214 type:B dur:2 cpbdur:2 q:27.72 aq:11.00 tex:0 mv:0 misc:248 imb:0 pmb:0 smb:3600 d:- ref:0 ;
in:1213 out:1215 type:b dur:2 cpbdur:2 q:27.76 aq:13.00 tex:0 mv:0 misc:232 imb:0 pmb:0 smb:3600 d:- ref:0 ;
in:1215 out:1216 type:b dur:2 cpbdur:2 q:27.69 aq:13.00 tex:0 mv:0 misc:232 imb:0 pmb:0 smb:3600 d:- ref:0 ;
in:1220 out:1217 type:P dur:2 cpbdur:2 q:27.53 aq:16.96 tex:92 mv:17 misc:299 imb:0 pmb:3 smb:3597 d:- ref:0 ;
in:1218 out:1218 type:B dur:2 cpbdur:2 q:27.59 aq:11.00 tex:0 mv:0 misc:248 imb:0 pmb:0 smb:3600 d:- ref:0 ;
in:1217 out:1219 type:b dur:2 cpbdur:2 q:27.63 aq:13.00 tex:0 mv:0 misc:232 imb:0 pmb:0 smb:3600 d:- ref:0 ;
in:1219 out:1220 type:b dur:2 cpbdur:2 q:27.56 aq:13.00 tex:0 mv:0 misc:232 imb:0 pmb:0 smb:3600 d:- ref:0 ;
in:1224 out:1221 type:P dur:2 cpbdur:2 q:27.40 aq:10.99 tex:50 mv:11 misc:283 imb:0 pmb:2 smb:3598 d:- ref:0 ;
in:1222 out:1222 type:B dur:2 cpbdur:2 q:27.46 aq:11.00 tex:0 mv:0 misc:248 imb:0 pmb:0 smb:3600 d:- ref:0 ;
in:1221 out:1223 type:b dur:2 cpbdur:2 q:27.50 aq:12.00 tex:0 mv:0 misc:232 imb:0 pmb:0 smb:3600 d:- ref:0 ;
in:1223 out:1224 type:b dur:2 cpbdur:2 q:27.43 aq:12.00 tex:0 mv:0 misc:232 imb:0 pmb:0 smb:3600 d:- ref:0 ;
in:1228 out:1225 type:P dur:2 cpbdur:2 q:27.26 aq:10.81 tex:81 mv:9 misc:278 imb:0 pmb:1 smb:3599 d:- ref:0 ;
in:1226 out:1226 type:B dur:2 cpbdur:2 q:27.33 aq:11.00 tex:0 mv:0 misc:248 imb:0 pmb:0 smb:3600 d:- ref:0 ;
in:1225 out:1227 type:b dur:2 cpbdur:2 q:27.36 aq:12.00 tex:0 mv:0 misc:232 imb:0 pmb:0 smb:3600 d:- ref:0 ;
in:1227 out:1228 type:b dur:2 cpbdur:2 q:27.30 aq:12.00 tex:0 mv:0 misc:232 imb:0 pmb:0 smb:3600 d:- ref:0 ;
in:1232 out:1229 type:P dur:2 cpbdur:2 q:27.13 aq:20.82 tex:31 mv:6 misc:275 imb:0 pmb:1 smb:3599 d:- ref:0 ;
in:1230 out:1230 type:B dur:2 cpbdur:2 q:27.20 aq:11.00 tex:0 mv:0 misc:248 imb:0 pmb:0 smb:3600 d:- ref:0 ;
in:1229 out:1231 type:b dur:2 cpbdur:2 q:27.23 aq:12.00 tex:0 mv:0 misc:232 imb:0 pmb:0 smb:3600 d:- ref:0 ;
in:1231 out:1232 type:b dur:2 cpbdur:2 q:27.16 aq:12.00 tex:0 mv:0 misc:232 imb:0 pmb:0 smb:3600 d:- ref:0 ;
in:1236 out:1233 type:P dur:2 cpbdur:2 q:26.99 aq:21.63 tex:2917 mv:181 misc:334 imb:9 pmb:13 smb:3578 d:- ref:0 ;
in:1234 out:1234 type:B dur:2 cpbdur:2 q:27.06 aq:11.00 tex:17 mv:55 misc:304 imb:0 pmb:14 smb:3586 d:- ref:0 ;
in:1233 out:1235 type:b dur:2 cpbdur:2 q:27.10 aq:12.00 tex:0 mv:0 misc:232 imb:0 pmb:0 smb:3600 d:- ref:0 ;
in:1235 out:1236 type:b dur:2 cpbdur:2 q:27.03 aq:12.00 tex:14 mv:57 misc:289 imb:0 pmb:14 smb:3586 d:- ref:0 ;
in:1237 out:1237 type:P dur:2 cpbdur:2 q:26.86 aq:21.43 tex:59695 mv:6240 misc:1601 imb:1018 pmb:492 smb:2090 d:- ref:0 ;
in:1241 out:1238 type:P dur:2 cpbdur:2 q:26.85 aq:20.93 tex:158257 mv:14453 misc:1074 imb:1872 pmb:1515 smb:213 d:- ref:0 w:6,59,0,6,59,10,64,0 ;
in:1239 out:1239 type:B dur:2 cpbdur:2 q:26.86 aq:19.36 tex:12521 mv:3933 misc:2066 imb:388 pmb:800 smb:2412 d:- ref:0 ;
in:1238 out:1240 type:b dur:2 cpbdur:2 q:26.86 aq:20.36 tex:4909 mv:2336 misc:2083 imb:86 pmb:669 smb:2845 d:- ref:0 ;
in:1240 out:1241 type:b dur:2 cpbdur:2 q:26.86 aq:19.07 tex:5680 mv:1378 misc:1534 imb:36 pmb:614 smb:2950 d:- ref:0 ;
in:1245 out:1242 type:P dur:2 cpbdur:2 q:26.83 aq:20.99 tex:234095 mv:17928 misc:721 imb:2261 pmb:1266 smb:73 d:- ref:0 w:7,113,2,3,7,16,8,0 ;
in:1243 out:1243 type:B dur:2 cpbdur:2 q:26.84 aq:20.85 tex:12870 mv:2424 misc:2362 imb:108 pmb:868 smb:2624 d:- ref:0 ;
in:1242 out:1244 type:b dur:2 cpbdur:2 q:26.85 aq:20.84 tex:7988 mv:1909 misc:1983 imb:79 pmb:880 smb:2641 d:- ref:0 ;
in:1244 out:1245 type:b dur:2 cpbdur:2 q:26.84 aq:20.50 tex:8920 mv:3225 misc:2087 imb:305 pmb:668 smb:2627 d:- ref:0 ;
in:1249 out:1246 type:P dur:2 cpbdur:2 q:26.83 aq:21.07 tex:263974 mv:18063 misc:803 imb:2248 pmb:1245 smb:107 d:- ref:0 w:3,7,1,6,55,18,64,0 ;
in:1247 out:1247 type:B dur:2 cpbdur:2 q:26.83 aq:21.11 tex:23185 mv:4136 misc:2783 imb:307 pmb:1013 smb:2280 d:- ref:0 ;
in:1246 out:1248 type:b dur:2 cpbdur:2 q:26.83 aq:21.38 tex:8515 mv:4515 misc:2362 imb:386 pmb:674 smb:2540 d:- ref:0 ;
in:1248 out:1249 type:b dur:2 cpbdur:2 q:26.83 aq:21.54 tex:7763 mv:2175 misc:2118 imb:109 pmb:594 smb:2897 d:- ref:0 ;
in:1250 out:1250 type:P dur:2 cpbdur:2 q:26.99 aq:22.04 tex:118273 mv:7547 misc:2268 imb:652 pmb:1362 smb:1586 d:- ref:0 w:7,125,0 ;
in:1251 out:1251 type:P dur:2 cpbdur:2 q:27.02 aq:21.02 tex:130042 mv:10282 misc:2148 imb:1114 pmb:1511 smb:975 d:- ref:0 w:6,63,0 ;
in:1252 out:1252 type:P dur:2 cpbdur:2 q:27.06 aq:21.64 tex:139617 mv:9506 misc:1989 imb:1003 pmb:1324 smb:1273 d:- ref:0 w:7,125,0 ;
in:1255 out:1253 type:P dur:2 cpbdur:2 q:27.08 aq:20.37 tex:245773 mv:16928 misc:827 imb:2319 pmb:1155 smb:126 d:- ref:0 w:5,31,-2 ;
in:1253 out:1254 type:B dur:2 cpbdur:2 q:27.07 aq:21.61 tex:8624 mv:2577 misc:2167 imb:127 pmb:580 smb:2893 d:- ref:0 ;
in:1254 out:1255 type:b dur:2 cpbdur:2 q:27.07 aq:21.13 tex:4887 mv:1595 misc:1742 imb:79 pmb:410 smb:3111 d:- ref:0 ;
in:1256 out:1256 type:I dur:2 cpbdur:2 q:24.23 aq:17.81 tex:461650 mv:59056 misc:542 imb:3600 pmb:0 smb:0 d:- ref:;
in:1259 out:1257 type:P dur:2 cpbdur:2 q:27.65 aq:20.71 tex:189353 mv:16322 misc:605 imb:2472 pmb:1058 smb:70 d:- ref:0 w:6,65,-2 ;
in:1257 out:1258 type:B dur:2 cpbdur:2 q:27.65 aq:20.35 tex:5187 mv:1050 misc:1667 imb:50 pmb:471 smb:3079 d:- ref:0 ;
in:1258 out:1259 type:b dur:2 cpbdur:2 q:27.65 aq:21.00 tex:7295 mv:2673 misc:2448 imb:94 pmb:773 smb:2733 d:- ref:0 ;
in:1261 out:1260 type:P dur:2 cpbdur:2 q:27.89 aq:20.60 tex:158540 mv:14230 misc:1102 imb:2195 pmb:1135 smb:270 d:- ref:0 w:5,33,-2,4,16,0,17,-8 ;
in:1260 out:1261 type:b dur:2 cpbdur:2 q:27.77 aq:20.81 tex:3771 mv:1735 misc:1750 imb:73 pmb:415 smb:3112 d:- ref:0 ;
in:1264 out:1262 type:P dur:2 cpbdur:2 q:27.96 aq:19.85 tex:192364 mv:14837 misc:663 imb:2599 pmb:898 smb:103 d:- ref:0 w:6,67,-2,6,64,0,67,-6 ;
in:1262 out:1263 type:B dur:2 cpbdur:2 q:27.91 aq:20.28 tex:4535 mv:1411 misc:1758 imb:61 pmb:567 smb:2972 d:- ref:0 ;
in:1263 out:1264 type:b dur:2 cpbdur:2 q:27.93 aq:21.22 tex:5529 mv:1770 misc:1925 imb:65 pmb:722 smb:2813 d:- ref:0 ;
in:1265 out:1265 type:P dur:2 cpbdur:2 q:28.22 aq:19.26 tex:95988 mv:9313 misc:2387 imb:1426 pmb:1119 smb:1055 d:- ref:0 ;
in:1266 out:1266 type:P dur:2 cpbdur:2 q:28.24 aq:19.10 tex:90721 mv:8063 misc:2376 imb:1190 pmb:1107 smb:1303 d:- ref:0 ;
in:1270 out:1267 type:P dur:2 cpbdur:2 q:28.25 aq:16.22 tex:189717 mv:14376 misc:1307 imb:2165 pmb:1089 smb:346 d:- ref:0 w:5,33,-1,5,32,0,33,-4 ;
in:1268 out:1268 type:B dur:2 cpbdur:2 q:28.24 aq:19.20 tex:1622 mv:940 misc:1326 imb:21 pmb:321 smb:3258 d:- ref:0 ;
in:1267 out:1269 type:b dur:2 cpbdur:2 q:28.24 aq:20.23 tex:2189 mv:733 misc:1230 imb:15 pmb:340 smb:3245 d:- ref:0 ;
in:1269 out:1270 type:b dur:2 cpbdur:2 q:28.25 aq:22.13 tex:1806 mv:555 misc:703 imb:9 pmb:341 smb:3250 d:- ref:0 ;
in:1274 out:1271 type:P dur:2 cpbdur:2 q:28.32 aq:17.45 tex:31868 mv:1986 misc:2346 imb:143 pmb:551 smb:2906 d:- ref:0 ;
in:1272 out:1272 type:B dur:2 cpbdur:2 q:28.29 aq:17.86 tex:127 mv:97 misc:360 imb:0 pmb:34 smb:3566 d:- ref:0 ;
in:1271 out:1273 type:b dur:2 cpbdur:2 q:28.27 aq:13.00 tex:15 mv:67 misc:278 imb:0 pmb:20 smb:3580 d:- ref:0 ;
in:1273 out:1274 type:b dur:2 cpbdur:2 q:28.30 aq:15.05 tex:34 mv:5 misc:249 imb:0 pmb:2 smb:3598 d:- ref:0 ;
in:1278 out:1275 type:P dur:2 cpbdur:2 q:28.42 aq:16.63 tex:6980 mv:499 misc:1265 imb:26 pmb:182 smb:3392 d:- ref:0 ;
in:1276 out:1276 type:B dur:2 cpbdur:2 q:28.37 aq:17.83 tex:45 mv:7 misc:276 imb:0 pmb:3 smb:3597 d:- ref:0 ;
in:1275 out:1277 type:b dur:2 cpbdur:2 q:28.34 aq:15.05 tex:34 mv:5 misc:249 imb:0 pmb:2 smb:3598 d:- ref:0 ;
in:1277 out:1278 type:b dur:2 cpbdur:2 q:28.39 aq:13.34 tex:24 mv:3 misc:237 imb:0 pmb:1 smb:3599 d:- ref:0 ;
in:1282 out:1279 type:P dur:2 cpbdur:2 q:28.45 aq:15.59 tex:3214 mv:324 misc:942 imb:19 pmb:106 smb:3475 d:- ref:0 ;
in:1280 out:1280 type:B dur:2 cpbdur:2 q:28.43 aq:17.32 tex:120 mv:23 misc:313 imb:0 pmb:20 smb:3580 d:- ref:0 ;
in:1279 out:1281 type:b dur:2 cpbdur:2 q:28.42 aq:13.34 tex:24 mv:3 misc:237 imb:0 pmb:1 smb:3599 d:- ref:0 ;
in:1281 out:1282 type:b dur:2 cpbdur:2 q:28.44 aq:13.34 tex:24 mv:3 misc:237 imb:0 pmb:1 smb:3599 d:- ref:0 ;
in:1286 out:1283 type:P dur:2 cpbdur:2 q:28.33 aq:15.38 tex:2747 mv:230 misc:751 imb:12 pmb:73 smb:3515 d:- ref:0 ;
in:1284 out:1284 type:B dur:2 cpbdur:2 q:28.39 aq:17.80 tex:143 mv:26 misc:319 imb:0 pmb:21 smb:3579 d:- ref:0 ;
in:1283 out:1285 type:b dur:2 cpbdur:2 q:28.42 aq:13.34 tex:24 mv:3 misc:237 imb:0 pmb:1 smb:3599 d:- ref:0 ;
in:1285 out:1286 type:b dur:2 cpbdur:2 q:28.36 aq:13.34 tex:24 mv:3 misc:237 imb:0 pmb:1 smb:3599 d:- ref:0 ;
in:1290 out:1287 type:P dur:2 cpbdur:2 q:28.14 aq:16.61 tex:6733 mv:385 misc:1202 imb:26 pmb:159 smb:3415 d:- ref:0 ;
in:1288 out:1288 type:B dur:2 cpbdur:2 q:28.24 aq:17.38 tex:130 mv:27 misc:307 imb:0 pmb:20 smb:3580 d:- ref:0 ;
in:1287 out:1289 type:b dur:2 cpbdur:2 q:28.28 aq:13.30 tex:23 mv:3 misc:238 imb:0 pmb:1 smb:3599 d:- ref:0 ;
in:1289 out:1290 type:b dur:2 cpbdur:2 q:28.19 aq:13.30 tex:23 mv:3 misc:238 imb:0 pmb:1 smb:3599 d:- ref:0 ;
in:1294 out:1291 type:P dur:2 cpbdur:2 q:28.05 aq:16.21 tex:4990 mv:427 misc:1087 imb:22 pmb:138 smb:3440 d:- ref:0 ;
in:1292 out:1292 type:B dur:2 cpbdur:2 q:28.09 aq:17.38 tex:138 mv:28 misc:314 imb:0 pmb:21 smb:3579 d:- ref:0 ;
in:1291 out:1293 type:b dur:2 cpbdur:2 q:28.12 aq:18.32 tex:115 mv:25 misc:284 imb:0 pmb:19 smb:3581 d:- ref:0 ;
in:1293 out:1294 type:b dur:2 cpbdur:2 q:28.07 aq:18.32 tex:115 mv:25 misc:284 imb:0 pmb:19 smb:3581 d:- ref:0 ;
in:1298 out:1295 type:P dur:2 cpbdur:2 q:27.94 aq:16.57 tex:5570 mv:417 misc:1117 imb:22 pmb:132 smb:3446 d:- ref:0 ;
in:1296 out:1296 type:B dur:2 cpbdur:2 q:27.99 aq:17.38 tex:147 mv:25 misc:324 imb:0 pmb:22 smb:3578 d:- ref:0 ;
in:1295 out:1297 type:b dur:2 cpbdur:2 q:28.02 aq:18.32 tex:115 mv:25 misc:284 imb:0 pmb:19 smb:3581 d:- ref:0 ;
in:1297 out:1298 type:b dur:2 cpbdur:2 q:27.96 aq:18.32 tex:115 mv:25 misc:284 imb:0 pmb:19 smb:3581 d:- ref:0 ;
in:1302 out:1299 type:P dur:2 cpbdur:2 q:27.83 aq:15.92 tex:6700 mv:350 misc:1182 imb:20 pmb:150 smb:3430 d:- ref:0 ;
in:1300 out:1300 type:B dur:2 cpbdur:2 q:27.88 aq:17.38 tex:130 mv:27 misc:307 imb:0 pmb:20 smb:3580 d:- ref:0 ;
in:1299 out:1301 type:b dur:2 cpbdur:2 q:27.91 aq:18.32 tex:115 mv:25 misc:284 imb:0 pmb:19 smb:3581 d:- ref:0 ;
in:1301 out:1302 type:b dur:2 cpbdur:2 q:27.85 aq:13.30 tex:23 mv:3 misc:238 imb:0 pmb:1 smb:3599 d:- ref:0 ;
in:1306 out:1303 type:P dur:2 cpbdur:2 q:27.64 aq:16.18 tex:9116 mv:320 misc:1388 imb:16 pmb:217 smb:3367 d:- ref:0 ;
in:1304 out:1304 type:B dur:2 cpbdur:2 q:27.73 aq:15.78 tex:174 mv:22 misc:316 imb:0 pmb:20 smb:3580 d:- ref:0 ;
in:1303 out:1305 type:b dur:2 cpbdur:2 q:27.78 aq:13.30 tex:23 mv:3 misc:238 imb:0 pmb:1 smb:3599 d:- ref:0 ;
in:1305 out:1306 type:b dur:2 cpbdur:2 q:27.68 aq:13.30 tex:23 mv:3 misc:238 imb:0 pmb:1 smb:3599 d:- ref:0 ;
in:1310 out:1307 type:P dur:2 cpbdur:2 q:27.56 aq:15.77 tex:5000 mv:363 misc:1085 imb:21 pmb:127 smb:3452 d:- ref:0 ;
in:1308 out:1308 type:B dur:2 cpbdur:2 q:27.60 aq:15.74 tex:174 mv:23 misc:315 imb:0 pmb:20 smb:3580 d:- ref:0 ;
in:1307 out:1309 type:b dur:2 cpbdur:2 q:27.62 aq:13.30 tex:23 mv:3 misc:238 imb:0 pmb:1 smb:3599 d:- ref:0 ;
in:1309 out:1310 type:b dur:2 cpbdur:2 q:27.58 aq:13.30 tex:23 mv:3 misc:238 imb:0 pmb:1 smb:3599 d:- ref:0 ;
in:1314 out:1311 type:P dur:2 cpbdur:2 q:27.47 aq:14.92 tex:5475 mv:398 misc:1111 imb:23 pmb:139 smb:3438 d:- ref:0 ;
in:1312 out:1312 type:B dur:2 cpbdur:2 q:27.51 aq:14.71 tex:161 mv:23 misc:312 imb:0 pmb:20 smb:3580 d:- ref:0 ;
in:1311 out:1313 type:b dur:2 cpbdur:2 q:27.54 aq:13.30 tex:23 mv:3 misc:238 imb:0 pmb:1 smb:3599 d:- ref:0 ;
in:1313 out:1314 type:b dur:2 cpbdur:2 q:27.49 aq:12.34 tex:24 mv:3 misc:245 imb:0 pmb:1 smb:3599 d:- ref:0 ;
in:1315 out:1315 type:P dur:2 cpbdur:2 q:27.36 aq:12.34 tex:25 mv:5 misc:274 imb:0 pmb:1 smb:3599 d:- ref:0 ;
in:1316 out:1316 type:I dur:2 cpbdur:2 q:24.89 aq:12.31 tex:585516 mv:54082 misc:514 imb:3600 pmb:0 smb:0 d:- ref:;
in:1320 out:1317 type:P dur:2 cpbdur:2 q:27.72 aq:17.01 tex:1099 mv:133 misc:712 imb:2 pmb:73 smb:3525 d:- ref:0 ;
in:1318 out:1318 type:B dur:2 cpbdur:2 q:27.72 aq:11.00 tex:0 mv:0 misc:232 imb:0 pmb:0 smb:3600 d:- ref:0 ;
in:1317 out:1319 type:b dur:2 cpbdur:2 q:27.72 aq:13.00 tex:0 mv:0 misc:232 imb:0 pmb:0 smb:3600 d:- ref:0 ;
in:1319 out:1320 type:b dur:2 cpbdur:2 q:27.72 aq:13.00 tex:0 mv:0 misc:232 imb:0 pmb:0 smb:3600 d:- ref:0 ;
in:1324 out:1321 type:P dur:2 cpbdur:2 q:27.58 aq:15.53 tex:380 mv:76 misc:472 imb:0 pmb:31 smb:3569 d:- ref:0 ;
in:1322 out:1322 type:B dur:2 cpbdur:2 q:27.65 aq:11.00 tex:0 mv:0 misc:248 imb:0 pmb:0 smb:3600 d:- ref:0 ;
in:1321 out:1323 type:b dur:2 cpbdur:2 q:27.68 aq:13.00 tex:0 mv:0 misc:232 imb:0 pmb:0 smb:3600 d:- ref:0 ;
in:1323 out:1324 type:b dur:2 cpbdur:2 q:27.62 aq:13.00 tex:0 mv:0 misc:232 imb:0 pmb:0 smb:3600 d:- ref:0 ;
in:1328 out:1325 type:P dur:2 cpbdur:2 q:27.47 aq:16.35 tex:284 mv:75 misc:473 imb:0 pmb:29 smb:3571 d:- ref:0 ;
in:1326 out:1326 type:B dur:2 cpbdur:2 q:27.53 aq:11.00 tex:0 mv:0 misc:248 imb:0 pmb:0 smb:3600 d:- ref:0 ;
in:1325 out:1327 type:b dur:2 cpbdur:2 q:27.55 aq:13.00 tex:0 mv:0 misc:232 imb:0 pmb:0 smb:3600 d:- ref:0 ;
in:1327 out:1328 type:b dur:2 cpbdur:2 q:27.50 aq:12.00 tex:0 mv:0 misc:232 imb:0 pmb:0 smb:3600 d:- ref:0 ;
in:1332 out:1329 type:P dur:2 cpbdur:2 q:27.39 aq:15.46 tex:286 mv:100 misc:470 imb:1 pmb:28 smb:3571 d:- ref:0 ;
in:1330 out:1330 type:B dur:2 cpbdur:2 q:27.43 aq:11.00 tex:0 mv:0 misc:248 imb:0 pmb:0 smb:3600 d:- ref:0 ;
in:1329 out:1331 type:b dur:2 cpbdur:2 q:27.45 aq:12.00 tex:0 mv:0 misc:232 imb:0 pmb:0 smb:3600 d:- ref:0 ;
in:1331 out:1332 type:b dur:2 cpbdur:2 q:27.41 aq:12.00 tex:0 mv:0 misc:232 imb:0 pmb:0 smb:3600 d:- ref:0 ;
in:1336 out:1333 type:P dur:2 cpbdur:2 q:27.25 aq:15.62 tex:292 mv:72 misc:452 imb:0 pmb:27 smb:3573 d:- ref:0 ;
in:1334 out:1334 type:B dur:2 cpbdur:2 q:27.32 aq:11.00 tex:0 mv:0 misc:248 imb:0 pmb:0 smb:3600 d:- ref:0 ;
in:1333 out:1335 type:b dur:2 cpbdur:2 q:27.35 aq:12.00 tex:0 mv:0 misc:232 imb:0 pmb:0 smb:3600 d:- ref:0 ;
in:1335 out:1336 type:b dur:2 cpbdur:2 q:27.28 aq:12.00 tex:0 mv:0 misc:232 imb:0 pmb:0 smb:3600 d:- ref:0 ;
in:1340 out:1337 type:P dur:2 cpbdur:2 q:27.13 aq:15.69 tex:437 mv:95 misc:532 imb:0 pmb:40 smb:3560 d:- ref:0 ;
in:1338 out:1338 type:B dur:2 cpbdur:2 q:27.19 aq:11.00 tex:0 mv:0 misc:248 imb:0 pmb:0 smb:3600 d:- ref:0 ;
in:1337 out:1339 type:b dur:2 cpbdur:2 q:27.22 aq:12.00 tex:0 mv:0 misc:232 imb:0 pmb:0 smb:3600 d:- ref:0 ;
in:1339 out:1340 type:b dur:2 cpbdur:2 q:27.16 aq:12.00 tex:0 mv:0 misc:232 imb:0 pmb:0 smb:3600 d:- ref:0 ;
in:1344 out:1341 type:P dur:2 cpbdur:2 q:27.00 aq:14.83 tex:347 mv:71 misc:478 imb:0 pmb:30 smb:3570 d:- ref:0 ;
in:1342 out:1342 type:B dur:2 cpbdur:2 q:27.06 aq:11.00 tex:0 mv:0 misc:248 imb:0 pmb:0 smb:3600 d:- ref:0 ;
in:1341 out:1343 type:b dur:2 cpbdur:2 q:27.09 aq:12.00 tex:0 mv:0 misc:232 imb:0 pmb:0 smb:3600 d:- ref:0 ;
in:1343 out:1344 type:b dur:2 cpbdur:2 q:27.03 aq:12.00 tex:0 mv:0 misc:232 imb:0 pmb:0 smb:3600 d:- ref:0 ;
in:1348 out:1345 type:P dur:2 cpbdur:2 q:26.89 aq:14.33 tex:518 mv:148 misc:494 imb:6 pmb:28 smb:3566 d:- ref:0 ;
in:1346 out:1346 type:B dur:2 cpbdur:2 q:26.94 aq:11.00 tex:0 mv:0 misc:248 imb:0 pmb:0 smb:3600 d:- ref:0 ;
in:1345 out:1347 type:b dur:2 cpbdur:2 q:26.97 aq:12.00 tex:0 mv:0 misc:232 imb:0 pmb:0 smb:3600 d:- ref:0 ;
in:1347 out:1348 type:b dur:2 cpbdur:2 q:26.92 aq:12.00 tex:0 mv:0 misc:232 imb:0 pmb:0 smb:3600 d:- ref:0 ;
in:1352 out:1349 type:P dur:2 cpbdur:2 q:26.75 aq:15.02 tex:532 mv:139 misc:505 imb:3 pmb:34 smb:3563 d:- ref:0 ;
in:1350 out:1350 type:B dur:2 cpbdur:2 q:26.82 aq:11.00 tex:0 mv:0 misc:248 imb:0 pmb:0 smb:3600 d:- ref:0 ;
in:1349 out:1351 type:b dur:2 cpbdur:2 q:26.85 aq:12.00 tex:0 mv:0 misc:232 imb:0 pmb:0 smb:3600 d:- ref:0 ;
in:1351 out:1352 type:b dur:2 cpbdur:2 q:26.78 aq:12.00 tex:0 mv:0 misc:232 imb:0 pmb:0 smb:3600 d:- ref:0 ;
in:1356 out:1353 type:P dur:2 cpbdur:2 q:26.62 aq:13.38 tex:462 mv:140 misc:446 imb:7 pmb:19 smb:3574 d:- ref:0 ;
in:1354 out:1354 type:B dur:2 cpbdur:2 q:26.68 aq:10.00 tex:0 mv:0 misc:248 imb:0 pmb:0 smb:3600 d:- ref:0 ;
in:1353 out:1355 type:b dur:2 cpbdur:2 q:26.72 aq:12.00 tex:0 mv:0 misc:232 imb:0 pmb:0 smb:3600 d:- ref:0 ;
in:1355 out:1356 type:b dur:2 cpbdur:2 q:26.65 aq:12.00 tex:0 mv:0 misc:232 imb:0 pmb:0 smb:3600 d:- ref:0 ;
in:1360 out:1357 type:P dur:2 cpbdur:2 q:26.49 aq:15.01 tex:596 mv:115 misc:513 imb:3 pmb:32 smb:3565 d:- ref:0 ;
in:1358 out:1358 type:B dur:2 cpbdur:2 q:26.56 aq:10.00 tex:0 mv:0 misc:248 imb:0 pmb:0 smb:3600 d:- ref:0 ;
in:1357 out:1359 type:b dur:2 cpbdur:2 q:26.59 aq:12.00 tex:0 mv:0 misc:232 imb:0 pmb:0 smb:3600 d:- ref:0 ;
in:1359 out:1360 type:b dur:2 cpbdur:2 q:26.52 aq:12.00 tex:0 mv:0 misc:232 imb:0 pmb:0 smb:3600 d:- ref:0 ;
in:1364 out:1361 type:P dur:2 cpbdur:2 q:26.38 aq:13.14 tex:444 mv:127 misc:493 imb:4 pmb:30 smb:3566 d:- ref:0 ;
in:1362 out:1362 type:B dur:2 cpbdur:2 q:26.44 aq:10.00 tex:0 mv:0 misc:248 imb:0 pmb:0 smb:3600 d:- ref:0 ;
in:1361 out:1363 type:b dur:2 cpbdur:2 q:26.46 aq:11.00 tex:0 mv:0 misc:232 imb:0 pmb:0 smb:3600 d:- ref:0 ;
in:1363 out:1364 type:b dur:2 cpbdur:2 q:26.41 aq:11.00 tex:0 mv:0 misc:232 imb:0 pmb:0 smb:3600 d:- ref:0 ;
in:1368 out:1365 type:P dur:2 cpbdur:2 q:26.23 aq:13.04 tex:664 mv:131 misc:533 imb:4 pmb:36 smb:3560 d:- ref:0 ;
in:1366 out:1366 type:B dur:2 cpbdur:2 q:26.31 aq:10.00 tex:0 mv:0 misc:248 imb:0 pmb:0 smb:3600 d:- ref:0 ;
in:1365 out:1367 type:b dur:2 cpbdur:2 q:26.34 aq:11.00 tex:0 mv:0 misc:232 imb:0 pmb:0 smb:3600 d:- ref:0 ;
in:1367 out:1368 type:b dur:2 cpbdur:2 q:26.27 aq:11.00 tex:0 mv:0 misc:232 imb:0 pmb:0 smb:3600 d:- ref:0 ;
in:1372 out:1369 type:P dur:2 cpbdur:2 q:26.10 aq:12.27 tex:858 mv:175 misc:591 imb:6 pmb:44 smb:3550 d:- ref:0 ;
in:1370 out:1370 type:B dur:2 cpbdur:2 q:26.17 aq:10.00 tex:0 mv:0 misc:248 imb:0 pmb:0 smb:3600 d:- ref:0 ;
in:1369 out:1371 type:b dur:2 cpbdur:2 q:26.20 aq:11.00 tex:0 mv:0 misc:232 imb:0 pmb:0 smb:3600 d:- ref:0 ;
in:1371 out:1372 type:b dur:2 cpbdur:2 q:26.14 aq:11.00 tex:0 mv:0 misc:232 imb:0 pmb:0 smb:3600 d:- ref:0 ;
in:1375 out:1373 type:P dur:2 cpbdur:2 q:25.97 aq:11.00 tex:0 mv:0 misc:264 imb:0 pmb:0 smb:3600 d:- ref:0 ;
in:1373 out:1374 type:B dur:2 cpbdur:2 q:26.06 aq:11.00 tex:0 mv:0 misc:248 imb:0 pmb:0 smb:3600 d:- ref:0 ;
in:1374 out:1375 type:b dur:2 cpbdur:2 q:26.02 aq:11.00 tex:0 mv:0 misc:232 imb:0 pmb:0 smb:3600 d:- ref:0 ;
in:1376 out:1376 type:I dur:2 cpbdur:2 q:23.67 aq:10.99 tex:643840 mv:54992 misc:520 imb:3600 pmb:0 smb:0 d:- ref:;
in:1380 out:1377 type:P dur:2 cpbdur:2 q:26.42 aq:14.70 tex:1219 mv:232 misc:733 imb:9 pmb:80 smb:3511 d:- ref:0 ;
in:1378 out:1378 type:B dur:2 cpbdur:2 q:26.42 aq:10.00 tex:0 mv:0 misc:232 imb:0 pmb:0 smb:3600 d:- ref:0 ;
in:1377 out:1379 type:b dur:2 cpbdur:2 q:26.42 aq:11.00 tex:0 mv:0 misc:232 imb:0 pmb:0 smb:3600 d:- ref:0 ;
in:1379 out:1380 type:b dur:2 cpbdur:2 q:26.42 aq:11.00 tex:0 mv:0 misc:232 imb:0 pmb:0 smb:3600 d:- ref:0 ;
in:1384 out:1381 type:P dur:2 cpbdur:2 q:26.27 aq:13.71 tex:424 mv:118 misc:434 imb:5 pmb:20 smb:3575 d:- ref:0 ;
in:1382 out:1382 type:B dur:2 cpbdur:2 q:26.35 aq:11.57 tex:23 mv:3 misc:262 imb:0 pmb:1 smb:3599 d:- ref:0 ;
in:1381 out:1383 type:b dur:2 cpbdur:2 q:26.38 aq:11.00 tex:0 mv:0 misc:232 imb:0 pmb:0 smb:3600 d:- ref:0 ;
in:1383 out:1384 type:b dur:2 cpbdur:2 q:26.31 aq:11.00 tex:0 mv:0 misc:232 imb:0 pmb:0 smb:3600 d:- ref:0 ;
in:1388 out:1385 type:P dur:2 cpbdur:2 q:26.15 aq:13.30 tex:524 mv:135 misc:501 imb:5 pmb:31 smb:3564 d:- ref:0 ;
in:1386 out:1386 type:B dur:2 cpbdur:2 q:26.21 aq:11.57 tex:23 mv:3 misc:262 imb:0 pmb:1 smb:3599 d:- ref:0 ;
in:1385 out:1387 type:b dur:2 cpbdur:2 q:26.24 aq:11.00 tex:0 mv:0 misc:232 imb:0 pmb:0 smb:3600 d:- ref:0 ;
in:1387 out:1388 type:b dur:2 cpbdur:2 q:26.18 aq:11.00 tex:0 mv:0 misc:232 imb:0 pmb:0 smb:3600 d:- ref:0 ;
in:1392 out:1389 type:P dur:2 cpbdur:2 q:26.05 aq:14.36 tex:484 mv:121 misc:459 imb:5 pmb:23 smb:3572 d:- ref:0 ;
in:1390 out:1390 type:B dur:2 cpbdur:2 q:26.10 aq:10.00 tex:0 mv:0 misc:248 imb:0 pmb:0 smb:3600 d:- ref:0 ;
in:1389 out:1391 type:b dur:2 cpbdur:2 q:26.12 aq:11.00 tex:0 mv:0 misc:232 imb:0 pmb:0 smb:3600 d:- ref:0 ;
in:1391 out:1392 type:b dur:2 cpbdur:2 q:26.08 aq:11.00 tex:0 mv:0 misc:232 imb:0 pmb:0 smb:3600 d:- ref:0 ;
in:1396 out:1393 type:P dur:2 cpbdur:2 q:25.92 aq:12.98 tex:474 mv:117 misc:473 imb:3 pmb:28 smb:3569 d:- ref:0 ;
in:1394 out:1394 type:B dur:2 cpbdur:2 q:25.99 aq:10.00 tex:0 mv:0 misc:248 imb:0 pmb:0 smb:3600 d:- ref:0 ;
in:1393 out:1395 type:b dur:2 cpbdur:2 q:26.02 aq:11.00 tex:0 mv:0 misc:232 imb:0 pmb:0 smb:3600 d:- ref:0 ;
in:1395 out:1396 type:b dur:2 cpbdur:2 q:25.95 aq:11.00 tex:0 mv:0 misc:232 imb:0 pmb:0 smb:3600 d:- ref:0 ;
in:1400 out:1397 type:P dur:2 cpbdur:2 q:25.77 aq:13.82 tex:551 mv:128 misc:553 imb:3 pmb:40 smb:3557 d:- ref:0 ;
in:1398 out:1398 type:B dur:2 cpbdur:2 q:25.85 aq:10.00 tex:0 mv:0 misc:248 imb:0 pmb:0 smb:3600 d:- ref:0 ;
in:1397 out:1399 type:b dur:2 cpbdur:2 q:25.88 aq:11.00 tex:0 mv:0 misc:232 imb:0 pmb:0 smb:3600 d:- ref:0 ;
in:1399 out:1400 type:b dur:2 cpbdur:2 q:25.81 aq:11.00 tex:0 mv:0 misc:232 imb:0 pmb:0 smb:3600 d:- ref:0 ;
in:1404 out:1401 type:P dur:2 cpbdur:2 q:25.64 aq:13.55 tex:565 mv:136 misc:531 imb:5 pmb:36 smb:3559 d:- ref:0 ;
in:1402 out:1402 type:B dur:2 cpbdur:2 q:25.71 aq:9.00 tex:0 mv:0 misc:248 imb:0 pmb:0 smb:3600 d:- ref:0 ;
in:1401 out:1403 type:b dur:2 cpbdur:2 q:25.74 aq:11.00 tex:0 mv:0 misc:232 imb:0 pmb:0 smb:3600 d:- ref:0 ;
in:1403 out:1404 type:b dur:2 cpbdur:2 q:25.67 aq:11.00 tex:0 mv:0 misc:232 imb:0 pmb:0 smb:3600 d:- ref:0 ;
in:1408 out:1405 type:P dur:2 cpbdur:2 q:25.53 aq:13.49 tex:500 mv:148 misc:520 imb:6 pmb:33 smb:3561 d:- ref:0 ;
in:1406 out:1406 type:B dur:2 cpbdur:2 q:25.58 aq:9.00 tex:0 mv:0 misc:248 imb:0 pmb:0 smb:3600 d:- ref:0 ;
in:1405 out:1407 type:b dur:2 cpbdur:2 q:25.61 aq:11.00 tex:0 mv:0 misc:232 imb:0 pmb:0 smb:3600 d:- ref:0 ;
in:1407 out:1408 type:b dur:2 cpbdur:2 q:25.56 aq:11.00 tex:0 mv:0 misc:232 imb:0 pmb:0 smb:3600 d:- ref:0 ;
in:1412 out:1409 type:P dur:2 cpbdur:2 q:25.39 aq:13.77 tex:539 mv:161 misc:516 imb:7 pmb:30 smb:3563 d:- ref:0 ;
in:1410 out:1410 type:B dur:2 cpbdur:2 q:25.46 aq:9.00 tex:0 mv:0 misc:248 imb:0 pmb:0 smb:3600 d:- ref:0 ;
in:1409 out:1411 type:b dur:2 cpbdur:2 q:25.49 aq:10.00 tex:0 mv:0 misc:232 imb:0 pmb:0 smb:3600 d:- ref:0 ;
in:1411 out:1412 type:b dur:2 cpbdur:2 q:25.43 aq:10.00 tex:0 mv:0 misc:232 imb:0 pmb:0 smb:3600 d:- ref:0 ;
in:1416 out:1413 type:P dur:2 cpbdur:2 q:25.24 aq:13.77 tex:860 mv:185 misc:595 imb:9 pmb:41 smb:3550 d:- ref:0 ;
in:1414 out:1414 type:B dur:2 cpbdur:2 q:25.31 aq:9.00 tex:0 mv:0 misc:248 imb:0 pmb:0 smb:3600 d:- ref:0 ;
in:1413 out:1415 type:b dur:2 cpbdur:2 q:25.35 aq:10.00 tex:0 mv:0 misc:232 imb:0 pmb:0 smb:3600 d:- ref:0 ;
in:1415 out:1416 type:b dur:2 cpbdur:2 q:25.28 aq:10.00 tex:0 mv:0 misc:232 imb:0 pmb:0 smb:3600 d:- ref:0 ;
in:1420 out:1417 type:P dur:2 cpbdur:2 q:25.10 aq:14.38 tex:812 mv:198 misc:638 imb:10 pmb:50 smb:3540 d:- ref:0 ;
in:1418 out:1418 type:B dur:2 cpbdur:2 q:25.17 aq:9.00 tex:0 mv:0 misc:248 imb:0 pmb:0 smb:3600 d:- ref:0 ;
in:1417 out:1419 type:b dur:2 cpbdur:2 q:25.20 aq:10.00 tex:0 mv:0 misc:232 imb:0 pmb:0 smb:3600 d:- ref:0 ;
in:1419 out:1420 type:b dur:2 cpbdur:2 q:25.13 aq:10.00 tex:0 mv:0 misc:232 imb:0 pmb:0 smb:3600 d:- ref:0 ;
in:1424 out:1421 type:P dur:2 cpbdur:2 q:24.99 aq:13.96 tex:868 mv:194 misc:610 imb:10 pmb:45 smb:3545 d:- ref:0 ;
in:1422 out:1422 type:B dur:2 cpbdur:2 q:25.04 aq:9.00 tex:0 mv:0 misc:248 imb:0 pmb:0 smb:3600 d:- ref:0 ;
in:1421 out:1423 type:b dur:2 cpbdur:2 q:25.07 aq:10.00 tex:0 mv:0 misc:232 imb:0 pmb:0 smb:3600 d:- ref:0 ;
in:1423 out:1424 type:b dur:2 cpbdur:2 q:25.01 aq:10.00 tex:0 mv:0 misc:232 imb:0 pmb:0 smb:3600 d:- ref:0 ;
in:1428 out:1425 type:P dur:2 cpbdur:2 q:24.85 aq:14.73 tex:906 mv:230 misc:616 imb:14 pmb:44 smb:3542 d:- ref:0 ;
in:1426 out:1426 type:B dur:2 cpbdur:2 q:24.92 aq:9.00 tex:0 mv:0 misc:248 imb:0 pmb:0 smb:3600 d:- ref:0 ;
in:1425 out:1427 type:b dur:2 cpbdur:2 q:24.95 aq:10.00 tex:0 mv:0 misc:232 imb:0 pmb:0 smb:3600 d:- ref:0 ;
in:1427 out:1428 type:b dur:2 cpbdur:2 q:24.88 aq:10.00 tex:0 mv:0 misc:232 imb:0 pmb:0 smb:3600 d:- ref:0 ;
in:1432 out:1429 type:P dur:2 cpbdur:2 q:24.68 aq:13.14 tex:1020 mv:278 misc:678 imb:16 pmb:48 smb:3536 d:- ref:0 ;
in:1430 out:1430 type:B dur:2 cpbdur:2 q:24.77 aq:9.00 tex:0 mv:0 misc:248 imb:0 pmb:0 smb:3600 d:- ref:0 ;
in:1429 out:1431 type:b dur:2 cpbdur:2 q:24.81 aq:10.00 tex:0 mv:0 misc:232 imb:0 pmb:0 smb:3600 d:- ref:0 ;
in:1431 out:1432 type:b dur:2 cpbdur:2 q:24.73 aq:10.00 tex:0 mv:0 misc:232 imb:0 pmb:0 smb:3600 d:- ref:0 ;
in:1435 out:1433 type:P dur:2 cpbdur:2 q:24.55 aq:10.00 tex:0 mv:0 misc:264 imb:0 pmb:0 smb:3600 d:- ref:0 ;
in:1433 out:1434 type:B dur:2 cpbdur:2 q:24.64 aq:10.00 tex:0 mv:0 misc:248 imb:0 pmb:0 smb:3600 d:- ref:0 ;
in:1434 out:1435 type:b dur:2 cpbdur:2 q:24.59 aq:10.00 tex:0 mv:0 misc:232 imb:0 pmb:0 smb:3600 d:- ref:0 ;
in:1436 out:1436 type:I dur:2 cpbdur:2 q:22.29 aq:9.68 tex:708449 mv:55243 misc:540 imb:3600 pmb:0 smb:0 d:- ref:;
in:1440 out:1437 type:P dur:2 cpbdur:2 q:25.14 aq:13.99 tex:1242 mv:215 misc:679 imb:11 pmb:61 smb:3528 d:- ref:0 ;
in:1438 out:1438 type:B dur:2 cpbdur:2 q:25.14 aq:9.00 tex:0 mv:0 misc:232 imb:0 pmb:0 smb:3600 d:- ref:0 ;
in:1437 out:1439 type:b dur:2 cpbdur:2 q:25.14 aq:10.00 tex:0 mv:0 misc:232 imb:0 pmb:0 smb:3600 d:- ref:0 ;
in:1439 out:1440 type:b dur:2 cpbdur:2 q:25.14 aq:10.00 tex:0 mv:0 misc:232 imb:0 pmb:0 smb:3600 d:- ref:0 ;
in:1444 out:1441 type:P dur:2 cpbdur:2 q:25.00 aq:14.66 tex:404 mv:89 misc:443 imb:2 pmb:23 smb:3575 d:- ref:0 ;
in:1442 out:1442 type:B dur:2 cpbdur:2 q:25.07 aq:9.00 tex:0 mv:0 misc:248 imb:0 pmb:0 smb:3600 d:- ref:0 ;
in:1441 out:1443 type:b dur:2 cpbdur:2 q:25.10 aq:10.00 tex:0 mv:0 misc:232 imb:0 pmb:0 smb:3600 d:- ref:0 ;
in:1443 out:1444 type:b dur:2 cpbdur:2 q:25.04 aq:10.00 tex:0 mv:0 misc:232 imb:0 pmb:0 smb:3600 d:- ref:0 ;
in:1448 out:1445 type:P dur:2 cpbdur:2 q:24.84 aq:13.79 tex:329 mv:79 misc:440 imb:1 pmb:23 smb:3576 d:- ref:0 ;
in:1446 out:1446 type:B dur:2 cpbdur:2 q:24.92 aq:9.00 tex:0 mv:0 misc:248 imb:0 pmb:0 smb:3600 d:- ref:0 ;
in:1445 out:1447 type:b dur:2 cpbdur:2 q:24.96 aq:10.00 tex:0 mv:0 misc:232 imb:0 pmb:0 smb:3600 d:- ref:0 ;
in:1447 out:1448 type:b dur:2 cpbdur:2 q:24.88 aq:10.00 tex:0 mv:0 misc:232 imb:0 pmb:0 smb:3600 d:- ref:0 ;
in:1452 out:1449 type:P dur:2 cpbdur:2 q:24.70 aq:13.51 tex:269 mv:85 misc:414 imb:2 pmb:19 smb:3579 d:- ref:0 ;
in:1450 out:1450 type:B dur:2 cpbdur:2 q:24.77 aq:9.00 tex:0 mv:0 misc:248 imb:0 pmb:0 smb:3600 d:- ref:0 ;
in:1449 out:1451 type:b dur:2 cpbdur:2 q:24.81 aq:10.00 tex:0 mv:0 misc:232 imb:0 pmb:0 smb:3600 d:- ref:0 ;
in:1451 out:1452 type:b dur:2 cpbdur:2 q:24.74 aq:10.00 tex:0 mv:0 misc:232 imb:0 pmb:0 smb:3600 d:- ref:0 ;
in:1456 out:1453 type:P dur:2 cpbdur:2 q:24.56 aq:13.35 tex:296 mv:98 misc:414 imb:3 pmb:18 smb:3579 d:- ref:0 ;
in:1454 out:1454 type:B dur:2 cpbdur:2 q:24.63 aq:8.00 tex:0 mv:0 misc:248 imb:0 pmb:0 smb:3600 d:- ref:0 ;
in:1453 out:1455 type:b dur:2 cpbdur:2 q:24.67 aq:10.00 tex:0 mv:0 misc:232 imb:0 pmb:0 smb:3600 d:- ref:0 ;
in:1455 out:1456 type:b dur:2 cpbdur:2 q:24.60 aq:10.00 tex:0 mv:0 misc:232 imb:0 pmb:0 smb:3600 d:- ref:0 ;
in:1460 out:1457 type:P dur:2 cpbdur:2 q:24.42 aq:11.80 tex:438 mv:122 misc:400 imb:6 pmb:14 smb:3580 d:- ref:0 ;
in:1458 out:1458 type:B dur:2 cpbdur:2 q:24.49 aq:8.00 tex:0 mv:0 misc:248 imb:0 pmb:0 smb:3600 d:- ref:0 ;
in:1457 out:1459 type:b dur:2 cpbdur:2 q:24.53 aq:10.00 tex:0 mv:0 misc:232 imb:0 pmb:0 smb:3600 d:- ref:0 ;
in:1459 out:1460 type:b dur:2 cpbdur:2 q:24.46 aq:9.00 tex:0 mv:0 misc:232 imb:0 pmb:0 smb:3600 d:- ref:0 ;
in:1464 out:1461 type:P dur:2 cpbdur:2 q:24.25 aq:14.34 tex:296 mv:122 misc:438 imb:5 pmb:20 smb:3575 d:- ref:0 ;
in:1462 out:1462 type:B dur:2 cpbdur:2 q:24.34 aq:8.00 tex:0 mv:0 misc:248 imb:0 pmb:0 smb:3600 d:- ref:0 ;
in:1461 out:1463 type:b dur:2 cpbdur:2 q:24.38 aq:9.00 tex:0 mv:0 misc:232 imb:0 pmb:0 smb:3600 d:- ref:0 ;
in:1463 out:1464 type:b dur:2 cpbdur:2 q:24.29 aq:9.00 tex:0 mv:0 misc:232 imb:0 pmb:0 smb:3600 d:- ref:0 ;
in:1468 out:1465 type:P dur:2 cpbdur:2 q:24.14 aq:12.92 tex:306 mv:197 misc:425 imb:22 pmb:13 smb:3565 d:- ref:0 ;
in:1466 out:1466 type:B dur:2 cpbdur:2 q:24.19 aq:8.00 tex:0 mv:0 misc:248 imb:0 pmb:0 smb:3600 d:- ref:0 ;
in:1465 out:1467 type:b dur:2 cpbdur:2 q:24.22 aq:9.00 tex:0 mv:0 misc:232 imb:0 pmb:0 smb:3600 d:- ref:0 ;
in:1467 out:1468 type:b dur:2 cpbdur:2 q:24.17 aq:9.00 tex:0 mv:0 misc:232 imb:0 pmb:0 smb:3600 d:- ref:0 ;
in:1472 out:1469 type:P dur:2 cpbdur:2 q:23.99 aq:11.43 tex:231 mv:181 misc:396 imb:22 pmb:9 smb:3569 d:- ref:0 ;
in:1470 out:1470 type:B dur:2 cpbdur:2 q:24.06 aq:8.00 tex:0 mv:0 misc:248 imb:0 pmb:0 smb:3600 d:- ref:0 ;
in:1469 out:1471 type:b dur:2 cpbdur:2 q:24.10 aq:9.00 tex:0 mv:0 misc:232 imb:0 pmb:0 smb:3600 d:- ref:0 ;
in:1471 out:1472 type:b dur:2 cpbdur:2 q:24.03 aq:9.00 tex:0 mv:0 misc:232 imb:0 pmb:0 smb:3600 d:- ref:0 ;
in:1476 out:1473 type:P dur:2 cpbdur:2 q:23.84 aq:9.62 tex:147 mv:158 misc:367 imb:21 pmb:5 smb:3574 d:- ref:0 ;
in:1474 out:1474 type:B dur:2 cpbdur:2 q:23.92 aq:11.64 tex:27 mv:3 misc:258 imb:0 pmb:1 smb:3599 d:- ref:0 ;
in:1473 out:1475 type:b dur:2 cpbdur:2 q:23.95 aq:9.00 tex:0 mv:0 misc:232 imb:0 pmb:0 smb:3600 d:- ref:0 ;
in:1475 out:1476 type:b dur:2 cpbdur:2 q:23.88 aq:9.00 tex:0 mv:0 misc:232 imb:0 pmb:0 smb:3600 d:- ref:0 ;
in:1480 out:1477 type:P dur:2 cpbdur:2 q:23.67 aq:5.93 tex:32 mv:20 misc:292 imb:1 pmb:1 smb:3598 d:- ref:0 ;
in:1478 out:1478 type:B dur:2 cpbdur:2 q:23.76 aq:11.56 tex:29 mv:2 misc:257 imb:0 pmb:1 smb:3599 d:- ref:0 ;
in:1477 out:1479 type:b dur:2 cpbdur:2 q:23.80 aq:9.00 tex:0 mv:0 misc:232 imb:0 pmb:0 smb:3600 d:- ref:0 ;
in:1479 out:1480 type:b dur:2 cpbdur:2 q:23.71 aq:9.00 tex:0 mv:0 misc:232 imb:0 pmb:0 smb:3600 d:- ref:0 ;
in:1484 out:1481 type:P dur:2 cpbdur:2 q:23.55 aq:10.27 tex:27 mv:6 misc:279 imb:0 pmb:1 smb:3599 d:- ref:0 ;
in:1482 out:1482 type:B dur:2 cpbdur:2 q:23.61 aq:11.56 tex:29 mv:2 misc:257 imb:0 pmb:1 smb:3599 d:- ref:0 ;
in:1481 out:1483 type:b dur:2 cpbdur:2 q:23.64 aq:9.00 tex:0 mv:0 misc:232 imb:0 pmb:0 smb:3600 d:- ref:0 ;
in:1483 out:1484 type:b dur:2 cpbdur:2 q:23.58 aq:9.00 tex:0 mv:0 misc:232 imb:0 pmb:0 smb:3600 d:- ref:0 ;
in:1488 out:1485 type:P dur:2 cpbdur:2 q:23.39 aq:13.26 tex:13034 mv:4330 misc:2108 imb:790 pmb:421 smb:2389 d:- ref:0 w:7,107,2,7,107,21,107,21 ;
in:1486 out:1486 type:B dur:2 cpbdur:2 q:23.47 aq:15.81 tex:6307 mv:722 misc:1595 imb:23 pmb:831 smb:2746 d:- ref:0 ;
in:1485 out:1487 type:b dur:2 cpbdur:2 q:23.51 aq:16.84 tex:676 mv:424 misc:1220 imb:1 pmb:295 smb:3304 d:- ref:0 ;
in:1487 out:1488 type:b dur:2 cpbdur:2 q:23.43 aq:15.25 tex:3097 mv:445 misc:890 imb:13 pmb:424 smb:3163 d:- ref:0 ;
in:1491 out:1489 type:P dur:2 cpbdur:2 q:23.28 aq:14.48 tex:43637 mv:10355 misc:1128 imb:1729 pmb:1650 smb:221 d:- ref:0 w:7,109,2,5,27,19,32,0 ;
in:1489 out:1490 type:B dur:2 cpbdur:2 q:23.36 aq:13.92 tex:4637 mv:1696 misc:2003 imb:47 pmb:816 smb:2737 d:- ref:0 ;
in:1490 out:1491 type:b dur:2 cpbdur:2 q:23.32 aq:16.15 tex:5560 mv:1351 misc:1785 imb:26 pmb:693 smb:2881 d:- ref:0 ;
in:1495 out:1492 type:P dur:2 cpbdur:2 q:23.19 aq:13.82 tex:13016 mv:3167 misc:2025 imb:441 pmb:297 smb:2862 d:- ref:0 w:7,97,4,7,103,25,99,29 ;
in:1493 out:1493 type:B dur:2 cpbdur:2 q:23.24 aq:15.52 tex:5481 mv:1414 misc:1665 imb:46 pmb:602 smb:2952 d:- ref:0 ;
in:1492 out:1494 type:b dur:2 cpbdur:2 q:23.26 aq:15.89 tex:1058 mv:579 misc:795 imb:28 pmb:110 smb:3462 d:- ref:0 ;
in:1494 out:1495 type:b dur:2 cpbdur:2 q:23.21 aq:17.33 tex:2054 mv:1799 misc:1787 imb:71 pmb:486 smb:3043 d:- ref:0 ;
in:1496 out:1496 type:I dur:2 cpbdur:2 q:20.89 aq:12.09 tex:361159 mv:46691 misc:518 imb:3600 pmb:0 smb:0 d:- ref:;
in:1500 out:1497 type:P dur:2 cpbdur:2 q:23.39 aq:13.72 tex:7632 mv:3024 misc:1624 imb:525 pmb:449 smb:2626 d:- ref:0 w:6,43,5,7,84,44,87,41 ;
in:1498 out:1498 type:B dur:2 cpbdur:2 q:23.39 aq:16.38 tex:2594 mv:825 misc:1157 imb:61 pmb:168 smb:3371 d:- ref:0 ;
in:1497 out:1499 type:b dur:2 cpbdur:2 q:23.39 aq:17.12 tex:2605 mv:2350 misc:2269 imb:87 pmb:687 smb:2826 d:- ref:0 ;
in:1499 out:1500 type:b dur:2 cpbdur:2 q:23.39 aq:15.81 tex:3525 mv:2093 misc:1622 imb:116 pmb:390 smb:3094 d:- ref:0 ;
in:1503 out:1501 type:P dur:2 cpbdur:2 q:23.30 aq:12.92 tex:12960 mv:4973 misc:2403 imb:1031 pmb:611 smb:1958 d:- ref:0 w:3,5,6,7,89,39,76,52 ;
in:1501 out:1502 type:B dur:2 cpbdur:2 q:23.36 aq:14.82 tex:8277 mv:2023 misc:2196 imb:95 pmb:1076 smb:2429 d:- ref:0 ;
in:1502 out:1503 type:b dur:2 cpbdur:2 q:23.33 aq:15.32 tex:9843 mv:3326 misc:2423 imb:164 pmb:1086 smb:2350 d:- ref:0 ;
in:1507 out:1504 type:P dur:2 cpbdur:2 q:23.22 aq:11.30 tex:11550 mv:3606 misc:1668 imb:1547 pmb:178 smb:1875 d:- ref:0 w:5,7,12,7,18,110,21,107 ;
in:1505 out:1505 type:B dur:2 cpbdur:2 q:23.26 aq:13.40 tex:14783 mv:2679 misc:2122 imb:260 pmb:1280 smb:2060 d:- ref:0 ;
in:1504 out:1506 type:b dur:2 cpbdur:2 q:23.28 aq:15.14 tex:14556 mv:3254 misc:2534 imb:207 pmb:1557 smb:1836 d:- ref:0 ;
in:1506 out:1507 type:b dur:2 cpbdur:2 q:23.24 aq:14.41 tex:7279 mv:4801 misc:2360 imb:370 pmb:577 smb:2653 d:- ref:0 ;
