Godot Engine v4.7.2.stable.official.ed1daf0bf - https://godotengine.org

[   0% ] first_scan_filesystem | Started Project initialization (5 steps)
[   0% ] first_scan_filesystem | Scanning file structure...
[  16% ] first_scan_filesystem | Loading global class names...
[  33% ] first_scan_filesystem | Verifying GDExtensions...
[  50% ] first_scan_filesystem | Creating autoload scripts...
[  66% ] first_scan_filesystem | Initializing plugins...
[  83% ] first_scan_filesystem | Starting file scan...
[ DONE ] first_scan_filesystem

[   0% ] update_scripts_classes | Started Registering global classes... (8 steps)
[   0% ] update_scripts_classes | 
[  11% ] update_scripts_classes | 
[  22% ] update_scripts_classes | 
[  33% ] update_scripts_classes | 
[  44% ] update_scripts_classes | 
[  55% ] update_scripts_classes | 
[  66% ] update_scripts_classes | 
[  77% ] update_scripts_classes | 
[ DONE ] update_scripts_classes

[   0% ] _update_scan_actions | Started Scanning actions... (3506 steps)
[   0% ] _update_scan_actions | ground.png
[   0% ] _update_scan_actions | aug.svg
[   0% ] _update_scan_actions | benelli_m2.svg
[   0% ] _update_scan_actions | benelli_m4.svg
[   0% ] _update_scan_actions | mini14.svg
[   0% ] _update_scan_actions | moss500.svg
[   0% ] _update_scan_actions | rem870.svg
[   0% ] _update_scan_actions | saiga12.svg
[   0% ] _update_scan_actions | spas12.svg
[   0% ] _update_scan_actions | comparison_720p.png
[   0% ] _update_scan_actions | guns_cross_class.png
[   0% ] _update_scan_actions | guns_same_class.png
[   0% ] _update_scan_actions | guns_scrolled.png
[   0% ] _update_scan_actions | smg_picker.png
[   0% ] _update_scan_actions | vehicles_cross_class.png
[   0% ] _update_scan_actions | vehicles_same_class.png
[   0% ] _update_scan_actions | vehicle_special_role.png
[   0% ] _update_scan_actions | DEAD_STREET_Harold_HQ_Upgrade.png
[   0% ] _update_scan_actions | aug.png
[   0% ] _update_scan_actions | aug.svg
[   0% ] _update_scan_actions | benelli_m2.png
[   0% ] _update_scan_actions | benelli_m2.svg
[   0% ] _update_scan_actions | benelli_m4.png
[   0% ] _update_scan_actions | benelli_m4.svg
[   0% ] _update_scan_actions | mini14.png
[   0% ] _update_scan_actions | mini14.svg
[   0% ] _update_scan_actions | moss500.png
[   0% ] _update_scan_actions | moss500.svg
[   0% ] _update_scan_actions | rem870.png
[   0% ] _update_scan_actions | rem870.svg
[   0% ] _update_scan_actions | saiga12.png
[   0% ] _update_scan_actions | saiga12.svg
[   0% ] _update_scan_actions | spas12.png
[   0% ] _update_scan_actions | spas12.svg
[   0% ] _update_scan_actions | 0_ak_rifle.png
[   0% ] _update_scan_actions | 0_pistol.png
[   1% ] _update_scan_actions | 0_pump_shotgun.png
[   1% ] _update_scan_actions | 0_uzi_smg.png
[   1% ] _update_scan_actions | 1_ak_rifle.png
[   1% ] _update_scan_actions | 1_pistol.png
[   1% ] _update_scan_actions | 1_pump_shotgun.png
[   1% ] _update_scan_actions | 1_uzi_smg.png
[   1% ] _update_scan_actions | arsenal_0_aug.png
[   1% ] _update_scan_actions | arsenal_0_benelli_m2.png
[   1% ] _update_scan_actions | arsenal_0_benelli_m4.png
[   1% ] _update_scan_actions | arsenal_0_cz75.png
[   1% ] _update_scan_actions | arsenal_0_desert_eagle.png
[   1% ] _update_scan_actions | arsenal_0_five_seven.png
[   1% ] _update_scan_actions | arsenal_0_g36c.png
[   1% ] _update_scan_actions | arsenal_0_m4a1.png
[   1% ] _update_scan_actions | arsenal_0_m1911.png
[   1% ] _update_scan_actions | arsenal_0_mac10.png
[   1% ] _update_scan_actions | arsenal_0_mini14.png
[   1% ] _update_scan_actions | arsenal_0_moss500.png
[   1% ] _update_scan_actions | arsenal_0_mp5.png
[   1% ] _update_scan_actions | arsenal_0_mp5k.png
[   1% ] _update_scan_actions | arsenal_0_p90.png
[   1% ] _update_scan_actions | arsenal_0_saiga12.png
[   1% ] _update_scan_actions | arsenal_0_scar_h.png
[   1% ] _update_scan_actions | arsenal_0_spas12.png
[   1% ] _update_scan_actions | arsenal_0_usp.png
[   1% ] _update_scan_actions | arsenal_0_vector.png
[   1% ] _update_scan_actions | arsenal_1_aug.png
[   1% ] _update_scan_actions | arsenal_1_benelli_m2.png
[   1% ] _update_scan_actions | arsenal_1_benelli_m4.png
[   1% ] _update_scan_actions | arsenal_1_cz75.png
[   1% ] _update_scan_actions | arsenal_1_desert_eagle.png
[   1% ] _update_scan_actions | arsenal_1_five_seven.png
[   1% ] _update_scan_actions | arsenal_1_g36c.png
[   1% ] _update_scan_actions | arsenal_1_m4a1.png
[   1% ] _update_scan_actions | arsenal_1_m1911.png
[   2% ] _update_scan_actions | arsenal_1_mac10.png
[   2% ] _update_scan_actions | arsenal_1_mini14.png
[   2% ] _update_scan_actions | arsenal_1_moss500.png
[   2% ] _update_scan_actions | arsenal_1_mp5.png
[   2% ] _update_scan_actions | arsenal_1_mp5k.png
[   2% ] _update_scan_actions | arsenal_1_p90.png
[   2% ] _update_scan_actions | arsenal_1_saiga12.png
[   2% ] _update_scan_actions | arsenal_1_scar_h.png
[   2% ] _update_scan_actions | arsenal_1_spas12.png
[   2% ] _update_scan_actions | arsenal_1_usp.png
[   2% ] _update_scan_actions | arsenal_1_vector.png
[   2% ] _update_scan_actions | faction_ashford_crane_ak47.png
[   2% ] _update_scan_actions | faction_ashford_crane_aug.png
[   2% ] _update_scan_actions | faction_ashford_crane_awm.png
[   2% ] _update_scan_actions | faction_ashford_crane_benelli_m2.png
[   2% ] _update_scan_actions | faction_ashford_crane_benelli_m4.png
[   2% ] _update_scan_actions | faction_ashford_crane_cz75.png
[   2% ] _update_scan_actions | faction_ashford_crane_desert_eagle.png
[   2% ] _update_scan_actions | faction_ashford_crane_five_seven.png
[   2% ] _update_scan_actions | faction_ashford_crane_g36c.png
[   2% ] _update_scan_actions | faction_ashford_crane_glock_17.png
[   2% ] _update_scan_actions | faction_ashford_crane_m4a1.png
[   2% ] _update_scan_actions | faction_ashford_crane_m1911.png
[   2% ] _update_scan_actions | faction_ashford_crane_mac10.png
[   2% ] _update_scan_actions | faction_ashford_crane_mini14.png
[   2% ] _update_scan_actions | faction_ashford_crane_moss500.png
[   2% ] _update_scan_actions | faction_ashford_crane_mp5.png
[   2% ] _update_scan_actions | faction_ashford_crane_mp5k.png
[   2% ] _update_scan_actions | faction_ashford_crane_p90.png
[   2% ] _update_scan_actions | faction_ashford_crane_psg1.png
[   2% ] _update_scan_actions | faction_ashford_crane_rem700.png
[   2% ] _update_scan_actions | faction_ashford_crane_rem870.png
[   2% ] _update_scan_actions | faction_ashford_crane_saiga12.png
[   2% ] _update_scan_actions | faction_ashford_crane_scar_h.png
[   2% ] _update_scan_actions | faction_ashford_crane_sks.png
[   3% ] _update_scan_actions | faction_ashford_crane_spas12.png
[   3% ] _update_scan_actions | faction_ashford_crane_ssg69.png
[   3% ] _update_scan_actions | faction_ashford_crane_svd.png
[   3% ] _update_scan_actions | faction_ashford_crane_usp.png
[   3% ] _update_scan_actions | faction_ashford_crane_uzi.png
[   3% ] _update_scan_actions | faction_ashford_crane_vector.png
[   3% ] _update_scan_actions | faction_bitian_ak47.png
[   3% ] _update_scan_actions | faction_bitian_aug.png
[   3% ] _update_scan_actions | faction_bitian_awm.png
[   3% ] _update_scan_actions | faction_bitian_benelli_m2.png
[   3% ] _update_scan_actions | faction_bitian_benelli_m4.png
[   3% ] _update_scan_actions | faction_bitian_cz75.png
[   3% ] _update_scan_actions | faction_bitian_desert_eagle.png
[   3% ] _update_scan_actions | faction_bitian_five_seven.png
[   3% ] _update_scan_actions | faction_bitian_g36c.png
[   3% ] _update_scan_actions | faction_bitian_glock_17.png
[   3% ] _update_scan_actions | faction_bitian_m4a1.png
[   3% ] _update_scan_actions | faction_bitian_m1911.png
[   3% ] _update_scan_actions | faction_bitian_mac10.png
[   3% ] _update_scan_actions | faction_bitian_mini14.png
[   3% ] _update_scan_actions | faction_bitian_moss500.png
[   3% ] _update_scan_actions | faction_bitian_mp5.png
[   3% ] _update_scan_actions | faction_bitian_mp5k.png
[   3% ] _update_scan_actions | faction_bitian_p90.png
[   3% ] _update_scan_actions | faction_bitian_psg1.png
[   3% ] _update_scan_actions | faction_bitian_rem700.png
[   3% ] _update_scan_actions | faction_bitian_rem870.png
[   3% ] _update_scan_actions | faction_bitian_saiga12.png
[   3% ] _update_scan_actions | faction_bitian_scar_h.png
[   3% ] _update_scan_actions | faction_bitian_sks.png
[   3% ] _update_scan_actions | faction_bitian_spas12.png
[   3% ] _update_scan_actions | faction_bitian_ssg69.png
[   3% ] _update_scan_actions | faction_bitian_svd.png
[   3% ] _update_scan_actions | faction_bitian_usp.png
[   3% ] _update_scan_actions | faction_bitian_uzi.png
[   4% ] _update_scan_actions | faction_bitian_vector.png
[   4% ] _update_scan_actions | faction_blacktop_ak47.png
[   4% ] _update_scan_actions | faction_blacktop_aug.png
[   4% ] _update_scan_actions | faction_blacktop_awm.png
[   4% ] _update_scan_actions | faction_blacktop_benelli_m2.png
[   4% ] _update_scan_actions | faction_blacktop_benelli_m4.png
[   4% ] _update_scan_actions | faction_blacktop_cz75.png
[   4% ] _update_scan_actions | faction_blacktop_desert_eagle.png
[   4% ] _update_scan_actions | faction_blacktop_five_seven.png
[   4% ] _update_scan_actions | faction_blacktop_g36c.png
[   4% ] _update_scan_actions | faction_blacktop_glock_17.png
[   4% ] _update_scan_actions | faction_blacktop_m4a1.png
[   4% ] _update_scan_actions | faction_blacktop_m1911.png
[   4% ] _update_scan_actions | faction_blacktop_mac10.png
[   4% ] _update_scan_actions | faction_blacktop_mini14.png
[   4% ] _update_scan_actions | faction_blacktop_moss500.png
[   4% ] _update_scan_actions | faction_blacktop_mp5.png
[   4% ] _update_scan_actions | faction_blacktop_mp5k.png
[   4% ] _update_scan_actions | faction_blacktop_p90.png
[   4% ] _update_scan_actions | faction_blacktop_psg1.png
[   4% ] _update_scan_actions | faction_blacktop_rem700.png
[   4% ] _update_scan_actions | faction_blacktop_rem870.png
[   4% ] _update_scan_actions | faction_blacktop_saiga12.png
[   4% ] _update_scan_actions | faction_blacktop_scar_h.png
[   4% ] _update_scan_actions | faction_blacktop_sks.png
[   4% ] _update_scan_actions | faction_blacktop_spas12.png
[   4% ] _update_scan_actions | faction_blacktop_ssg69.png
[   4% ] _update_scan_actions | faction_blacktop_svd.png
[   4% ] _update_scan_actions | faction_blacktop_usp.png
[   4% ] _update_scan_actions | faction_blacktop_uzi.png
[   4% ] _update_scan_actions | faction_blacktop_vector.png
[   4% ] _update_scan_actions | faction_calle_ocho_ak47.png
[   4% ] _update_scan_actions | faction_calle_ocho_aug.png
[   4% ] _update_scan_actions | faction_calle_ocho_awm.png
[   4% ] _update_scan_actions | faction_calle_ocho_benelli_m2.png
[   5% ] _update_scan_actions | faction_calle_ocho_benelli_m4.png
[   5% ] _update_scan_actions | faction_calle_ocho_cz75.png
[   5% ] _update_scan_actions | faction_calle_ocho_desert_eagle.png
[   5% ] _update_scan_actions | faction_calle_ocho_five_seven.png
[   5% ] _update_scan_actions | faction_calle_ocho_g36c.png
[   5% ] _update_scan_actions | faction_calle_ocho_glock_17.png
[   5% ] _update_scan_actions | faction_calle_ocho_m4a1.png
[   5% ] _update_scan_actions | faction_calle_ocho_m1911.png
[   5% ] _update_scan_actions | faction_calle_ocho_mac10.png
[   5% ] _update_scan_actions | faction_calle_ocho_mini14.png
[   5% ] _update_scan_actions | faction_calle_ocho_moss500.png
[   5% ] _update_scan_actions | faction_calle_ocho_mp5.png
[   5% ] _update_scan_actions | faction_calle_ocho_mp5k.png
[   5% ] _update_scan_actions | faction_calle_ocho_p90.png
[   5% ] _update_scan_actions | faction_calle_ocho_psg1.png
[   5% ] _update_scan_actions | faction_calle_ocho_rem700.png
[   5% ] _update_scan_actions | faction_calle_ocho_rem870.png
[   5% ] _update_scan_actions | faction_calle_ocho_saiga12.png
[   5% ] _update_scan_actions | faction_calle_ocho_scar_h.png
[   5% ] _update_scan_actions | faction_calle_ocho_sks.png
[   5% ] _update_scan_actions | faction_calle_ocho_spas12.png
[   5% ] _update_scan_actions | faction_calle_ocho_ssg69.png
[   5% ] _update_scan_actions | faction_calle_ocho_svd.png
[   5% ] _update_scan_actions | faction_calle_ocho_usp.png
[   5% ] _update_scan_actions | faction_calle_ocho_uzi.png
[   5% ] _update_scan_actions | faction_calle_ocho_vector.png
[   5% ] _update_scan_actions | faction_eastex_ak47.png
[   5% ] _update_scan_actions | faction_eastex_aug.png
[   5% ] _update_scan_actions | faction_eastex_awm.png
[   5% ] _update_scan_actions | faction_eastex_benelli_m2.png
[   5% ] _update_scan_actions | faction_eastex_benelli_m4.png
[   5% ] _update_scan_actions | faction_eastex_cz75.png
[   5% ] _update_scan_actions | faction_eastex_desert_eagle.png
[   5% ] _update_scan_actions | faction_eastex_five_seven.png
[   5% ] _update_scan_actions | faction_eastex_g36c.png
[   6% ] _update_scan_actions | faction_eastex_glock_17.png
[   6% ] _update_scan_actions | faction_eastex_m4a1.png
[   6% ] _update_scan_actions | faction_eastex_m1911.png
[   6% ] _update_scan_actions | faction_eastex_mac10.png
[   6% ] _update_scan_actions | faction_eastex_mini14.png
[   6% ] _update_scan_actions | faction_eastex_moss500.png
[   6% ] _update_scan_actions | faction_eastex_mp5.png
[   6% ] _update_scan_actions | faction_eastex_mp5k.png
[   6% ] _update_scan_actions | faction_eastex_p90.png
[   6% ] _update_scan_actions | faction_eastex_psg1.png
[   6% ] _update_scan_actions | faction_eastex_rem700.png
[   6% ] _update_scan_actions | faction_eastex_rem870.png
[   6% ] _update_scan_actions | faction_eastex_saiga12.png
[   6% ] _update_scan_actions | faction_eastex_scar_h.png
[   6% ] _update_scan_actions | faction_eastex_sks.png
[   6% ] _update_scan_actions | faction_eastex_spas12.png
[   6% ] _update_scan_actions | faction_eastex_ssg69.png
[   6% ] _update_scan_actions | faction_eastex_svd.png
[   6% ] _update_scan_actions | faction_eastex_usp.png
[   6% ] _update_scan_actions | faction_eastex_uzi.png
[   6% ] _update_scan_actions | faction_eastex_vector.png
[   6% ] _update_scan_actions | faction_kurgan_ak47.png
[   6% ] _update_scan_actions | faction_kurgan_aug.png
[   6% ] _update_scan_actions | faction_kurgan_awm.png
[   6% ] _update_scan_actions | faction_kurgan_benelli_m2.png
[   6% ] _update_scan_actions | faction_kurgan_benelli_m4.png
[   6% ] _update_scan_actions | faction_kurgan_cz75.png
[   6% ] _update_scan_actions | faction_kurgan_desert_eagle.png
[   6% ] _update_scan_actions | faction_kurgan_five_seven.png
[   6% ] _update_scan_actions | faction_kurgan_g36c.png
[   6% ] _update_scan_actions | faction_kurgan_glock_17.png
[   6% ] _update_scan_actions | faction_kurgan_m4a1.png
[   6% ] _update_scan_actions | faction_kurgan_m1911.png
[   6% ] _update_scan_actions | faction_kurgan_mac10.png
[   6% ] _update_scan_actions | faction_kurgan_mini14.png
[   7% ] _update_scan_actions | faction_kurgan_moss500.png
[   7% ] _update_scan_actions | faction_kurgan_mp5.png
[   7% ] _update_scan_actions | faction_kurgan_mp5k.png
[   7% ] _update_scan_actions | faction_kurgan_p90.png
[   7% ] _update_scan_actions | faction_kurgan_psg1.png
[   7% ] _update_scan_actions | faction_kurgan_rem700.png
[   7% ] _update_scan_actions | faction_kurgan_rem870.png
[   7% ] _update_scan_actions | faction_kurgan_saiga12.png
[   7% ] _update_scan_actions | faction_kurgan_scar_h.png
[   7% ] _update_scan_actions | faction_kurgan_sks.png
[   7% ] _update_scan_actions | faction_kurgan_spas12.png
[   7% ] _update_scan_actions | faction_kurgan_ssg69.png
[   7% ] _update_scan_actions | faction_kurgan_svd.png
[   7% ] _update_scan_actions | faction_kurgan_usp.png
[   7% ] _update_scan_actions | faction_kurgan_uzi.png
[   7% ] _update_scan_actions | faction_kurgan_vector.png
[   7% ] _update_scan_actions | faction_lombardia_ak47.png
[   7% ] _update_scan_actions | faction_lombardia_aug.png
[   7% ] _update_scan_actions | faction_lombardia_awm.png
[   7% ] _update_scan_actions | faction_lombardia_benelli_m2.png
[   7% ] _update_scan_actions | faction_lombardia_benelli_m4.png
[   7% ] _update_scan_actions | faction_lombardia_cz75.png
[   7% ] _update_scan_actions | faction_lombardia_desert_eagle.png
[   7% ] _update_scan_actions | faction_lombardia_five_seven.png
[   7% ] _update_scan_actions | faction_lombardia_g36c.png
[   7% ] _update_scan_actions | faction_lombardia_glock_17.png
[   7% ] _update_scan_actions | faction_lombardia_m4a1.png
[   7% ] _update_scan_actions | faction_lombardia_m1911.png
[   7% ] _update_scan_actions | faction_lombardia_mac10.png
[   7% ] _update_scan_actions | faction_lombardia_mini14.png
[   7% ] _update_scan_actions | faction_lombardia_moss500.png
[   7% ] _update_scan_actions | faction_lombardia_mp5.png
[   7% ] _update_scan_actions | faction_lombardia_mp5k.png
[   7% ] _update_scan_actions | faction_lombardia_p90.png
[   7% ] _update_scan_actions | faction_lombardia_psg1.png
[   8% ] _update_scan_actions | faction_lombardia_rem700.png
[   8% ] _update_scan_actions | faction_lombardia_rem870.png
[   8% ] _update_scan_actions | faction_lombardia_saiga12.png
[   8% ] _update_scan_actions | faction_lombardia_scar_h.png
[   8% ] _update_scan_actions | faction_lombardia_sks.png
[   8% ] _update_scan_actions | faction_lombardia_spas12.png
[   8% ] _update_scan_actions | faction_lombardia_ssg69.png
[   8% ] _update_scan_actions | faction_lombardia_svd.png
[   8% ] _update_scan_actions | faction_lombardia_usp.png
[   8% ] _update_scan_actions | faction_lombardia_uzi.png
[   8% ] _update_scan_actions | faction_lombardia_vector.png
[   8% ] _update_scan_actions | faction_mcallister_ak47.png
[   8% ] _update_scan_actions | faction_mcallister_aug.png
[   8% ] _update_scan_actions | faction_mcallister_awm.png
[   8% ] _update_scan_actions | faction_mcallister_benelli_m2.png
[   8% ] _update_scan_actions | faction_mcallister_benelli_m4.png
[   8% ] _update_scan_actions | faction_mcallister_cz75.png
[   8% ] _update_scan_actions | faction_mcallister_desert_eagle.png
[   8% ] _update_scan_actions | faction_mcallister_five_seven.png
[   8% ] _update_scan_actions | faction_mcallister_g36c.png
[   8% ] _update_scan_actions | faction_mcallister_glock_17.png
[   8% ] _update_scan_actions | faction_mcallister_m4a1.png
[   8% ] _update_scan_actions | faction_mcallister_m1911.png
[   8% ] _update_scan_actions | faction_mcallister_mac10.png
[   8% ] _update_scan_actions | faction_mcallister_mini14.png
[   8% ] _update_scan_actions | faction_mcallister_moss500.png
[   8% ] _update_scan_actions | faction_mcallister_mp5.png
[   8% ] _update_scan_actions | faction_mcallister_mp5k.png
[   8% ] _update_scan_actions | faction_mcallister_p90.png
[   8% ] _update_scan_actions | faction_mcallister_psg1.png
[   8% ] _update_scan_actions | faction_mcallister_rem700.png
[   8% ] _update_scan_actions | faction_mcallister_rem870.png
[   8% ] _update_scan_actions | faction_mcallister_saiga12.png
[   8% ] _update_scan_actions | faction_mcallister_scar_h.png
[   8% ] _update_scan_actions | faction_mcallister_sks.png
[   9% ] _update_scan_actions | faction_mcallister_spas12.png
[   9% ] _update_scan_actions | faction_mcallister_ssg69.png
[   9% ] _update_scan_actions | faction_mcallister_svd.png
[   9% ] _update_scan_actions | faction_mcallister_usp.png
[   9% ] _update_scan_actions | faction_mcallister_uzi.png
[   9% ] _update_scan_actions | faction_mcallister_vector.png
[   9% ] _update_scan_actions | faction_mercer44_ak47.png
[   9% ] _update_scan_actions | faction_mercer44_aug.png
[   9% ] _update_scan_actions | faction_mercer44_awm.png
[   9% ] _update_scan_actions | faction_mercer44_benelli_m2.png
[   9% ] _update_scan_actions | faction_mercer44_benelli_m4.png
[   9% ] _update_scan_actions | faction_mercer44_cz75.png
[   9% ] _update_scan_actions | faction_mercer44_desert_eagle.png
[   9% ] _update_scan_actions | faction_mercer44_five_seven.png
[   9% ] _update_scan_actions | faction_mercer44_g36c.png
[   9% ] _update_scan_actions | faction_mercer44_glock_17.png
[   9% ] _update_scan_actions | faction_mercer44_m4a1.png
[   9% ] _update_scan_actions | faction_mercer44_m1911.png
[   9% ] _update_scan_actions | faction_mercer44_mac10.png
[   9% ] _update_scan_actions | faction_mercer44_mini14.png
[   9% ] _update_scan_actions | faction_mercer44_moss500.png
[   9% ] _update_scan_actions | faction_mercer44_mp5.png
[   9% ] _update_scan_actions | faction_mercer44_mp5k.png
[   9% ] _update_scan_actions | faction_mercer44_p90.png
[   9% ] _update_scan_actions | faction_mercer44_psg1.png
[   9% ] _update_scan_actions | faction_mercer44_rem700.png
[   9% ] _update_scan_actions | faction_mercer44_rem870.png
[   9% ] _update_scan_actions | faction_mercer44_saiga12.png
[   9% ] _update_scan_actions | faction_mercer44_scar_h.png
[   9% ] _update_scan_actions | faction_mercer44_sks.png
[   9% ] _update_scan_actions | faction_mercer44_spas12.png
[   9% ] _update_scan_actions | faction_mercer44_ssg69.png
[   9% ] _update_scan_actions | faction_mercer44_svd.png
[   9% ] _update_scan_actions | faction_mercer44_usp.png
[   9% ] _update_scan_actions | faction_mercer44_uzi.png
[  10% ] _update_scan_actions | faction_mercer44_vector.png
[  10% ] _update_scan_actions | faction_nbpd_ak47.png
[  10% ] _update_scan_actions | faction_nbpd_aug.png
[  10% ] _update_scan_actions | faction_nbpd_awm.png
[  10% ] _update_scan_actions | faction_nbpd_benelli_m2.png
[  10% ] _update_scan_actions | faction_nbpd_benelli_m4.png
[  10% ] _update_scan_actions | faction_nbpd_cz75.png
[  10% ] _update_scan_actions | faction_nbpd_desert_eagle.png
[  10% ] _update_scan_actions | faction_nbpd_five_seven.png
[  10% ] _update_scan_actions | faction_nbpd_g36c.png
[  10% ] _update_scan_actions | faction_nbpd_glock_17.png
[  10% ] _update_scan_actions | faction_nbpd_m4a1.png
[  10% ] _update_scan_actions | faction_nbpd_m1911.png
[  10% ] _update_scan_actions | faction_nbpd_mac10.png
[  10% ] _update_scan_actions | faction_nbpd_mini14.png
[  10% ] _update_scan_actions | faction_nbpd_moss500.png
[  10% ] _update_scan_actions | faction_nbpd_mp5.png
[  10% ] _update_scan_actions | faction_nbpd_mp5k.png
[  10% ] _update_scan_actions | faction_nbpd_p90.png
[  10% ] _update_scan_actions | faction_nbpd_psg1.png
[  10% ] _update_scan_actions | faction_nbpd_rem700.png
[  10% ] _update_scan_actions | faction_nbpd_rem870.png
[  10% ] _update_scan_actions | faction_nbpd_saiga12.png
[  10% ] _update_scan_actions | faction_nbpd_scar_h.png
[  10% ] _update_scan_actions | faction_nbpd_sks.png
[  10% ] _update_scan_actions | faction_nbpd_spas12.png
[  10% ] _update_scan_actions | faction_nbpd_ssg69.png
[  10% ] _update_scan_actions | faction_nbpd_svd.png
[  10% ] _update_scan_actions | faction_nbpd_usp.png
[  10% ] _update_scan_actions | faction_nbpd_uzi.png
[  10% ] _update_scan_actions | faction_nbpd_vector.png
[  10% ] _update_scan_actions | faction_orlov_sniper_awm.png
[  10% ] _update_scan_actions | faction_orlov_sniper_psg1.png
[  10% ] _update_scan_actions | faction_orlov_sniper_rem700.png
[  10% ] _update_scan_actions | faction_orlov_sniper_sks.png
[  11% ] _update_scan_actions | faction_orlov_sniper_ssg69.png
[  11% ] _update_scan_actions | faction_orlov_sniper_svd.png
[  11% ] _update_scan_actions | faction_ravicci_ak47.png
[  11% ] _update_scan_actions | faction_ravicci_aug.png
[  11% ] _update_scan_actions | faction_ravicci_awm.png
[  11% ] _update_scan_actions | faction_ravicci_benelli_m2.png
[  11% ] _update_scan_actions | faction_ravicci_benelli_m4.png
[  11% ] _update_scan_actions | faction_ravicci_cz75.png
[  11% ] _update_scan_actions | faction_ravicci_desert_eagle.png
[  11% ] _update_scan_actions | faction_ravicci_five_seven.png
[  11% ] _update_scan_actions | faction_ravicci_g36c.png
[  11% ] _update_scan_actions | faction_ravicci_glock_17.png
[  11% ] _update_scan_actions | faction_ravicci_m4a1.png
[  11% ] _update_scan_actions | faction_ravicci_m1911.png
[  11% ] _update_scan_actions | faction_ravicci_mac10.png
[  11% ] _update_scan_actions | faction_ravicci_mini14.png
[  11% ] _update_scan_actions | faction_ravicci_moss500.png
[  11% ] _update_scan_actions | faction_ravicci_mp5.png
[  11% ] _update_scan_actions | faction_ravicci_mp5k.png
[  11% ] _update_scan_actions | faction_ravicci_p90.png
[  11% ] _update_scan_actions | faction_ravicci_psg1.png
[  11% ] _update_scan_actions | faction_ravicci_rem700.png
[  11% ] _update_scan_actions | faction_ravicci_rem870.png
[  11% ] _update_scan_actions | faction_ravicci_saiga12.png
[  11% ] _update_scan_actions | faction_ravicci_scar_h.png
[  11% ] _update_scan_actions | faction_ravicci_sks.png
[  11% ] _update_scan_actions | faction_ravicci_spas12.png
[  11% ] _update_scan_actions | faction_ravicci_ssg69.png
[  11% ] _update_scan_actions | faction_ravicci_svd.png
[  11% ] _update_scan_actions | faction_ravicci_usp.png
[  11% ] _update_scan_actions | faction_ravicci_uzi.png
[  11% ] _update_scan_actions | faction_ravicci_vector.png
[  11% ] _update_scan_actions | faction_saffar_ak47.png
[  11% ] _update_scan_actions | faction_saffar_aug.png
[  11% ] _update_scan_actions | faction_saffar_awm.png
[  12% ] _update_scan_actions | faction_saffar_benelli_m2.png
[  12% ] _update_scan_actions | faction_saffar_benelli_m4.png
[  12% ] _update_scan_actions | faction_saffar_cz75.png
[  12% ] _update_scan_actions | faction_saffar_desert_eagle.png
[  12% ] _update_scan_actions | faction_saffar_five_seven.png
[  12% ] _update_scan_actions | faction_saffar_g36c.png
[  12% ] _update_scan_actions | faction_saffar_glock_17.png
[  12% ] _update_scan_actions | faction_saffar_m4a1.png
[  12% ] _update_scan_actions | faction_saffar_m1911.png
[  12% ] _update_scan_actions | faction_saffar_mac10.png
[  12% ] _update_scan_actions | faction_saffar_mini14.png
[  12% ] _update_scan_actions | faction_saffar_moss500.png
[  12% ] _update_scan_actions | faction_saffar_mp5.png
[  12% ] _update_scan_actions | faction_saffar_mp5k.png
[  12% ] _update_scan_actions | faction_saffar_p90.png
[  12% ] _update_scan_actions | faction_saffar_psg1.png
[  12% ] _update_scan_actions | faction_saffar_rem700.png
[  12% ] _update_scan_actions | faction_saffar_rem870.png
[  12% ] _update_scan_actions | faction_saffar_saiga12.png
[  12% ] _update_scan_actions | faction_saffar_scar_h.png
[  12% ] _update_scan_actions | faction_saffar_sks.png
[  12% ] _update_scan_actions | faction_saffar_spas12.png
[  12% ] _update_scan_actions | faction_saffar_ssg69.png
[  12% ] _update_scan_actions | faction_saffar_svd.png
[  12% ] _update_scan_actions | faction_saffar_usp.png
[  12% ] _update_scan_actions | faction_saffar_uzi.png
[  12% ] _update_scan_actions | faction_saffar_vector.png
[  12% ] _update_scan_actions | faction_sand_raiders_ak47.png
[  12% ] _update_scan_actions | faction_sand_raiders_aug.png
[  12% ] _update_scan_actions | faction_sand_raiders_awm.png
[  12% ] _update_scan_actions | faction_sand_raiders_benelli_m2.png
[  12% ] _update_scan_actions | faction_sand_raiders_benelli_m4.png
[  12% ] _update_scan_actions | faction_sand_raiders_cz75.png
[  12% ] _update_scan_actions | faction_sand_raiders_desert_eagle.png
[  12% ] _update_scan_actions | faction_sand_raiders_five_seven.png
[  13% ] _update_scan_actions | faction_sand_raiders_g36c.png
[  13% ] _update_scan_actions | faction_sand_raiders_glock_17.png
[  13% ] _update_scan_actions | faction_sand_raiders_m4a1.png
[  13% ] _update_scan_actions | faction_sand_raiders_m1911.png
[  13% ] _update_scan_actions | faction_sand_raiders_mac10.png
[  13% ] _update_scan_actions | faction_sand_raiders_mini14.png
[  13% ] _update_scan_actions | faction_sand_raiders_moss500.png
[  13% ] _update_scan_actions | faction_sand_raiders_mp5.png
[  13% ] _update_scan_actions | faction_sand_raiders_mp5k.png
[  13% ] _update_scan_actions | faction_sand_raiders_p90.png
[  13% ] _update_scan_actions | faction_sand_raiders_psg1.png
[  13% ] _update_scan_actions | faction_sand_raiders_rem700.png
[  13% ] _update_scan_actions | faction_sand_raiders_rem870.png
[  13% ] _update_scan_actions | faction_sand_raiders_saiga12.png
[  13% ] _update_scan_actions | faction_sand_raiders_scar_h.png
[  13% ] _update_scan_actions | faction_sand_raiders_sks.png
[  13% ] _update_scan_actions | faction_sand_raiders_spas12.png
[  13% ] _update_scan_actions | faction_sand_raiders_ssg69.png
[  13% ] _update_scan_actions | faction_sand_raiders_svd.png
[  13% ] _update_scan_actions | faction_sand_raiders_usp.png
[  13% ] _update_scan_actions | faction_sand_raiders_uzi.png
[  13% ] _update_scan_actions | faction_sand_raiders_vector.png
[  13% ] _update_scan_actions | faction_sierra_roja_ak47.png
[  13% ] _update_scan_actions | faction_sierra_roja_aug.png
[  13% ] _update_scan_actions | faction_sierra_roja_awm.png
[  13% ] _update_scan_actions | faction_sierra_roja_benelli_m2.png
[  13% ] _update_scan_actions | faction_sierra_roja_benelli_m4.png
[  13% ] _update_scan_actions | faction_sierra_roja_cz75.png
[  13% ] _update_scan_actions | faction_sierra_roja_desert_eagle.png
[  13% ] _update_scan_actions | faction_sierra_roja_five_seven.png
[  13% ] _update_scan_actions | faction_sierra_roja_g36c.png
[  13% ] _update_scan_actions | faction_sierra_roja_glock_17.png
[  13% ] _update_scan_actions | faction_sierra_roja_m4a1.png
[  13% ] _update_scan_actions | faction_sierra_roja_m1911.png
[  13% ] _update_scan_actions | faction_sierra_roja_mac10.png
[  14% ] _update_scan_actions | faction_sierra_roja_mini14.png
[  14% ] _update_scan_actions | faction_sierra_roja_moss500.png
[  14% ] _update_scan_actions | faction_sierra_roja_mp5.png
[  14% ] _update_scan_actions | faction_sierra_roja_mp5k.png
[  14% ] _update_scan_actions | faction_sierra_roja_p90.png
[  14% ] _update_scan_actions | faction_sierra_roja_psg1.png
[  14% ] _update_scan_actions | faction_sierra_roja_rem700.png
[  14% ] _update_scan_actions | faction_sierra_roja_rem870.png
[  14% ] _update_scan_actions | faction_sierra_roja_saiga12.png
[  14% ] _update_scan_actions | faction_sierra_roja_scar_h.png
[  14% ] _update_scan_actions | faction_sierra_roja_sks.png
[  14% ] _update_scan_actions | faction_sierra_roja_spas12.png
[  14% ] _update_scan_actions | faction_sierra_roja_ssg69.png
[  14% ] _update_scan_actions | faction_sierra_roja_svd.png
[  14% ] _update_scan_actions | faction_sierra_roja_usp.png
[  14% ] _update_scan_actions | faction_sierra_roja_uzi.png
[  14% ] _update_scan_actions | faction_sierra_roja_vector.png
[  14% ] _update_scan_actions | faction_stateline_ak47.png
[  14% ] _update_scan_actions | faction_stateline_aug.png
[  14% ] _update_scan_actions | faction_stateline_awm.png
[  14% ] _update_scan_actions | faction_stateline_benelli_m2.png
[  14% ] _update_scan_actions | faction_stateline_benelli_m4.png
[  14% ] _update_scan_actions | faction_stateline_cz75.png
[  14% ] _update_scan_actions | faction_stateline_desert_eagle.png
[  14% ] _update_scan_actions | faction_stateline_five_seven.png
[  14% ] _update_scan_actions | faction_stateline_g36c.png
[  14% ] _update_scan_actions | faction_stateline_glock_17.png
[  14% ] _update_scan_actions | faction_stateline_m4a1.png
[  14% ] _update_scan_actions | faction_stateline_m1911.png
[  14% ] _update_scan_actions | faction_stateline_mac10.png
[  14% ] _update_scan_actions | faction_stateline_mini14.png
[  14% ] _update_scan_actions | faction_stateline_moss500.png
[  14% ] _update_scan_actions | faction_stateline_mp5.png
[  14% ] _update_scan_actions | faction_stateline_mp5k.png
[  14% ] _update_scan_actions | faction_stateline_p90.png
[  14% ] _update_scan_actions | faction_stateline_psg1.png
[  15% ] _update_scan_actions | faction_stateline_rem700.png
[  15% ] _update_scan_actions | faction_stateline_rem870.png
[  15% ] _update_scan_actions | faction_stateline_saiga12.png
[  15% ] _update_scan_actions | faction_stateline_scar_h.png
[  15% ] _update_scan_actions | faction_stateline_sks.png
[  15% ] _update_scan_actions | faction_stateline_spas12.png
[  15% ] _update_scan_actions | faction_stateline_ssg69.png
[  15% ] _update_scan_actions | faction_stateline_svd.png
[  15% ] _update_scan_actions | faction_stateline_usp.png
[  15% ] _update_scan_actions | faction_stateline_uzi.png
[  15% ] _update_scan_actions | faction_stateline_vector.png
[  15% ] _update_scan_actions | faction_trc_ak47.png
[  15% ] _update_scan_actions | faction_trc_aug.png
[  15% ] _update_scan_actions | faction_trc_awm.png
[  15% ] _update_scan_actions | faction_trc_benelli_m2.png
[  15% ] _update_scan_actions | faction_trc_benelli_m4.png
[  15% ] _update_scan_actions | faction_trc_cz75.png
[  15% ] _update_scan_actions | faction_trc_desert_eagle.png
[  15% ] _update_scan_actions | faction_trc_five_seven.png
[  15% ] _update_scan_actions | faction_trc_g36c.png
[  15% ] _update_scan_actions | faction_trc_glock_17.png
[  15% ] _update_scan_actions | faction_trc_m4a1.png
[  15% ] _update_scan_actions | faction_trc_m1911.png
[  15% ] _update_scan_actions | faction_trc_mac10.png
[  15% ] _update_scan_actions | faction_trc_mini14.png
[  15% ] _update_scan_actions | faction_trc_moss500.png
[  15% ] _update_scan_actions | faction_trc_mp5.png
[  15% ] _update_scan_actions | faction_trc_mp5k.png
[  15% ] _update_scan_actions | faction_trc_p90.png
[  15% ] _update_scan_actions | faction_trc_psg1.png
[  15% ] _update_scan_actions | faction_trc_rem700.png
[  15% ] _update_scan_actions | faction_trc_rem870.png
[  15% ] _update_scan_actions | faction_trc_saiga12.png
[  15% ] _update_scan_actions | faction_trc_scar_h.png
[  15% ] _update_scan_actions | faction_trc_sks.png
[  16% ] _update_scan_actions | faction_trc_spas12.png
[  16% ] _update_scan_actions | faction_trc_ssg69.png
[  16% ] _update_scan_actions | faction_trc_svd.png
[  16% ] _update_scan_actions | faction_trc_usp.png
[  16% ] _update_scan_actions | faction_trc_uzi.png
[  16% ] _update_scan_actions | faction_trc_vector.png
[  16% ] _update_scan_actions | faction_union_sur_ak47.png
[  16% ] _update_scan_actions | faction_union_sur_aug.png
[  16% ] _update_scan_actions | faction_union_sur_awm.png
[  16% ] _update_scan_actions | faction_union_sur_benelli_m2.png
[  16% ] _update_scan_actions | faction_union_sur_benelli_m4.png
[  16% ] _update_scan_actions | faction_union_sur_cz75.png
[  16% ] _update_scan_actions | faction_union_sur_desert_eagle.png
[  16% ] _update_scan_actions | faction_union_sur_five_seven.png
[  16% ] _update_scan_actions | faction_union_sur_g36c.png
[  16% ] _update_scan_actions | faction_union_sur_glock_17.png
[  16% ] _update_scan_actions | faction_union_sur_m4a1.png
[  16% ] _update_scan_actions | faction_union_sur_m1911.png
[  16% ] _update_scan_actions | faction_union_sur_mac10.png
[  16% ] _update_scan_actions | faction_union_sur_mini14.png
[  16% ] _update_scan_actions | faction_union_sur_moss500.png
[  16% ] _update_scan_actions | faction_union_sur_mp5.png
[  16% ] _update_scan_actions | faction_union_sur_mp5k.png
[  16% ] _update_scan_actions | faction_union_sur_p90.png
[  16% ] _update_scan_actions | faction_union_sur_psg1.png
[  16% ] _update_scan_actions | faction_union_sur_rem700.png
[  16% ] _update_scan_actions | faction_union_sur_rem870.png
[  16% ] _update_scan_actions | faction_union_sur_saiga12.png
[  16% ] _update_scan_actions | faction_union_sur_scar_h.png
[  16% ] _update_scan_actions | faction_union_sur_sks.png
[  16% ] _update_scan_actions | faction_union_sur_spas12.png
[  16% ] _update_scan_actions | faction_union_sur_ssg69.png
[  16% ] _update_scan_actions | faction_union_sur_svd.png
[  16% ] _update_scan_actions | faction_union_sur_usp.png
[  16% ] _update_scan_actions | faction_union_sur_uzi.png
[  17% ] _update_scan_actions | faction_union_sur_vector.png
[  17% ] _update_scan_actions | faction_ventresca_ak47.png
[  17% ] _update_scan_actions | faction_ventresca_aug.png
[  17% ] _update_scan_actions | faction_ventresca_awm.png
[  17% ] _update_scan_actions | faction_ventresca_benelli_m2.png
[  17% ] _update_scan_actions | faction_ventresca_benelli_m4.png
[  17% ] _update_scan_actions | faction_ventresca_cz75.png
[  17% ] _update_scan_actions | faction_ventresca_desert_eagle.png
[  17% ] _update_scan_actions | faction_ventresca_five_seven.png
[  17% ] _update_scan_actions | faction_ventresca_g36c.png
[  17% ] _update_scan_actions | faction_ventresca_glock_17.png
[  17% ] _update_scan_actions | faction_ventresca_m4a1.png
[  17% ] _update_scan_actions | faction_ventresca_m1911.png
[  17% ] _update_scan_actions | faction_ventresca_mac10.png
[  17% ] _update_scan_actions | faction_ventresca_mini14.png
[  17% ] _update_scan_actions | faction_ventresca_moss500.png
[  17% ] _update_scan_actions | faction_ventresca_mp5.png
[  17% ] _update_scan_actions | faction_ventresca_mp5k.png
[  17% ] _update_scan_actions | faction_ventresca_p90.png
[  17% ] _update_scan_actions | faction_ventresca_psg1.png
[  17% ] _update_scan_actions | faction_ventresca_rem700.png
[  17% ] _update_scan_actions | faction_ventresca_rem870.png
[  17% ] _update_scan_actions | faction_ventresca_saiga12.png
[  17% ] _update_scan_actions | faction_ventresca_scar_h.png
[  17% ] _update_scan_actions | faction_ventresca_sks.png
[  17% ] _update_scan_actions | faction_ventresca_spas12.png
[  17% ] _update_scan_actions | faction_ventresca_ssg69.png
[  17% ] _update_scan_actions | faction_ventresca_svd.png
[  17% ] _update_scan_actions | faction_ventresca_usp.png
[  17% ] _update_scan_actions | faction_ventresca_uzi.png
[  17% ] _update_scan_actions | faction_ventresca_vector.png
[  17% ] _update_scan_actions | faction_whittaker_ak47.png
[  17% ] _update_scan_actions | faction_whittaker_aug.png
[  17% ] _update_scan_actions | faction_whittaker_awm.png
[  17% ] _update_scan_actions | faction_whittaker_benelli_m2.png
[  18% ] _update_scan_actions | faction_whittaker_benelli_m4.png
[  18% ] _update_scan_actions | faction_whittaker_cz75.png
[  18% ] _update_scan_actions | faction_whittaker_desert_eagle.png
[  18% ] _update_scan_actions | faction_whittaker_five_seven.png
[  18% ] _update_scan_actions | faction_whittaker_g36c.png
[  18% ] _update_scan_actions | faction_whittaker_glock_17.png
[  18% ] _update_scan_actions | faction_whittaker_m4a1.png
[  18% ] _update_scan_actions | faction_whittaker_m1911.png
[  18% ] _update_scan_actions | faction_whittaker_mac10.png
[  18% ] _update_scan_actions | faction_whittaker_mini14.png
[  18% ] _update_scan_actions | faction_whittaker_moss500.png
[  18% ] _update_scan_actions | faction_whittaker_mp5.png
[  18% ] _update_scan_actions | faction_whittaker_mp5k.png
[  18% ] _update_scan_actions | faction_whittaker_p90.png
[  18% ] _update_scan_actions | faction_whittaker_psg1.png
[  18% ] _update_scan_actions | faction_whittaker_rem700.png
[  18% ] _update_scan_actions | faction_whittaker_rem870.png
[  18% ] _update_scan_actions | faction_whittaker_saiga12.png
[  18% ] _update_scan_actions | faction_whittaker_scar_h.png
[  18% ] _update_scan_actions | faction_whittaker_sks.png
[  18% ] _update_scan_actions | faction_whittaker_spas12.png
[  18% ] _update_scan_actions | faction_whittaker_ssg69.png
[  18% ] _update_scan_actions | faction_whittaker_svd.png
[  18% ] _update_scan_actions | faction_whittaker_usp.png
[  18% ] _update_scan_actions | faction_whittaker_uzi.png
[  18% ] _update_scan_actions | faction_whittaker_vector.png
[  18% ] _update_scan_actions | faction_wm_corp_ak47.png
[  18% ] _update_scan_actions | faction_wm_corp_aug.png
[  18% ] _update_scan_actions | faction_wm_corp_awm.png
[  18% ] _update_scan_actions | faction_wm_corp_benelli_m2.png
[  18% ] _update_scan_actions | faction_wm_corp_benelli_m4.png
[  18% ] _update_scan_actions | faction_wm_corp_cz75.png
[  18% ] _update_scan_actions | faction_wm_corp_desert_eagle.png
[  18% ] _update_scan_actions | faction_wm_corp_five_seven.png
[  18% ] _update_scan_actions | faction_wm_corp_g36c.png
[  19% ] _update_scan_actions | faction_wm_corp_glock_17.png
[  19% ] _update_scan_actions | faction_wm_corp_m4a1.png
[  19% ] _update_scan_actions | faction_wm_corp_m1911.png
[  19% ] _update_scan_actions | faction_wm_corp_mac10.png
[  19% ] _update_scan_actions | faction_wm_corp_mini14.png
[  19% ] _update_scan_actions | faction_wm_corp_moss500.png
[  19% ] _update_scan_actions | faction_wm_corp_mp5.png
[  19% ] _update_scan_actions | faction_wm_corp_mp5k.png
[  19% ] _update_scan_actions | faction_wm_corp_p90.png
[  19% ] _update_scan_actions | faction_wm_corp_psg1.png
[  19% ] _update_scan_actions | faction_wm_corp_rem700.png
[  19% ] _update_scan_actions | faction_wm_corp_rem870.png
[  19% ] _update_scan_actions | faction_wm_corp_saiga12.png
[  19% ] _update_scan_actions | faction_wm_corp_scar_h.png
[  19% ] _update_scan_actions | faction_wm_corp_sks.png
[  19% ] _update_scan_actions | faction_wm_corp_spas12.png
[  19% ] _update_scan_actions | faction_wm_corp_ssg69.png
[  19% ] _update_scan_actions | faction_wm_corp_svd.png
[  19% ] _update_scan_actions | faction_wm_corp_usp.png
[  19% ] _update_scan_actions | faction_wm_corp_uzi.png
[  19% ] _update_scan_actions | faction_wm_corp_vector.png
[  19% ] _update_scan_actions | faction_zangyaku_ak47.png
[  19% ] _update_scan_actions | faction_zangyaku_aug.png
[  19% ] _update_scan_actions | faction_zangyaku_awm.png
[  19% ] _update_scan_actions | faction_zangyaku_benelli_m2.png
[  19% ] _update_scan_actions | faction_zangyaku_benelli_m4.png
[  19% ] _update_scan_actions | faction_zangyaku_cz75.png
[  19% ] _update_scan_actions | faction_zangyaku_desert_eagle.png
[  19% ] _update_scan_actions | faction_zangyaku_five_seven.png
[  19% ] _update_scan_actions | faction_zangyaku_g36c.png
[  19% ] _update_scan_actions | faction_zangyaku_glock_17.png
[  19% ] _update_scan_actions | faction_zangyaku_m4a1.png
[  19% ] _update_scan_actions | faction_zangyaku_m1911.png
[  19% ] _update_scan_actions | faction_zangyaku_mac10.png
[  19% ] _update_scan_actions | faction_zangyaku_mini14.png
[  20% ] _update_scan_actions | faction_zangyaku_moss500.png
[  20% ] _update_scan_actions | faction_zangyaku_mp5.png
[  20% ] _update_scan_actions | faction_zangyaku_mp5k.png
[  20% ] _update_scan_actions | faction_zangyaku_p90.png
[  20% ] _update_scan_actions | faction_zangyaku_psg1.png
[  20% ] _update_scan_actions | faction_zangyaku_rem700.png
[  20% ] _update_scan_actions | faction_zangyaku_rem870.png
[  20% ] _update_scan_actions | faction_zangyaku_saiga12.png
[  20% ] _update_scan_actions | faction_zangyaku_scar_h.png
[  20% ] _update_scan_actions | faction_zangyaku_sks.png
[  20% ] _update_scan_actions | faction_zangyaku_spas12.png
[  20% ] _update_scan_actions | faction_zangyaku_ssg69.png
[  20% ] _update_scan_actions | faction_zangyaku_svd.png
[  20% ] _update_scan_actions | faction_zangyaku_usp.png
[  20% ] _update_scan_actions | faction_zangyaku_uzi.png
[  20% ] _update_scan_actions | faction_zangyaku_vector.png
[  20% ] _update_scan_actions | mercer_awm.png
[  20% ] _update_scan_actions | mercer_dual_glock.png
[  20% ] _update_scan_actions | mercer_psg1.png
[  20% ] _update_scan_actions | mercer_rem700.png
[  20% ] _update_scan_actions | mercer_sks.png
[  20% ] _update_scan_actions | mercer_ssg69.png
[  20% ] _update_scan_actions | mercer_svd.png
[  20% ] _update_scan_actions | 0_ak_rifle_SE.png
[  20% ] _update_scan_actions | 0_ak_rifle_SW.png
[  20% ] _update_scan_actions | 0_pistol_SE.png
[  20% ] _update_scan_actions | 0_pistol_SW.png
[  20% ] _update_scan_actions | 0_pump_shotgun_SE.png
[  20% ] _update_scan_actions | 0_pump_shotgun_SW.png
[  20% ] _update_scan_actions | 0_uzi_smg_SE.png
[  20% ] _update_scan_actions | 0_uzi_smg_SW.png
[  20% ] _update_scan_actions | 1_ak_rifle_SE.png
[  20% ] _update_scan_actions | 1_ak_rifle_SW.png
[  20% ] _update_scan_actions | 1_pistol_SE.png
[  20% ] _update_scan_actions | 1_pistol_SW.png
[  21% ] _update_scan_actions | 1_pump_shotgun_SE.png
[  21% ] _update_scan_actions | 1_pump_shotgun_SW.png
[  21% ] _update_scan_actions | 1_uzi_smg_SE.png
[  21% ] _update_scan_actions | 1_uzi_smg_SW.png
[  21% ] _update_scan_actions | arsenal_0_aug_SE.png
[  21% ] _update_scan_actions | arsenal_0_aug_SW.png
[  21% ] _update_scan_actions | arsenal_0_benelli_m2_SE.png
[  21% ] _update_scan_actions | arsenal_0_benelli_m2_SW.png
[  21% ] _update_scan_actions | arsenal_0_benelli_m4_SE.png
[  21% ] _update_scan_actions | arsenal_0_benelli_m4_SW.png
[  21% ] _update_scan_actions | arsenal_0_cz75_SE.png
[  21% ] _update_scan_actions | arsenal_0_cz75_SW.png
[  21% ] _update_scan_actions | arsenal_0_desert_eagle_SE.png
[  21% ] _update_scan_actions | arsenal_0_desert_eagle_SW.png
[  21% ] _update_scan_actions | arsenal_0_five_seven_SE.png
[  21% ] _update_scan_actions | arsenal_0_five_seven_SW.png
[  21% ] _update_scan_actions | arsenal_0_g36c_SE.png
[  21% ] _update_scan_actions | arsenal_0_g36c_SW.png
[  21% ] _update_scan_actions | arsenal_0_m4a1_SE.png
[  21% ] _update_scan_actions | arsenal_0_m4a1_SW.png
[  21% ] _update_scan_actions | arsenal_0_m1911_SE.png
[  21% ] _update_scan_actions | arsenal_0_m1911_SW.png
[  21% ] _update_scan_actions | arsenal_0_mac10_SE.png
[  21% ] _update_scan_actions | arsenal_0_mac10_SW.png
[  21% ] _update_scan_actions | arsenal_0_mini14_SE.png
[  21% ] _update_scan_actions | arsenal_0_mini14_SW.png
[  21% ] _update_scan_actions | arsenal_0_moss500_SE.png
[  21% ] _update_scan_actions | arsenal_0_moss500_SW.png
[  21% ] _update_scan_actions | arsenal_0_mp5k_SE.png
[  21% ] _update_scan_actions | arsenal_0_mp5k_SW.png
[  21% ] _update_scan_actions | arsenal_0_mp5_SE.png
[  21% ] _update_scan_actions | arsenal_0_mp5_SW.png
[  21% ] _update_scan_actions | arsenal_0_p90_SE.png
[  21% ] _update_scan_actions | arsenal_0_p90_SW.png
[  21% ] _update_scan_actions | arsenal_0_saiga12_SE.png
[  22% ] _update_scan_actions | arsenal_0_saiga12_SW.png
[  22% ] _update_scan_actions | arsenal_0_scar_h_SE.png
[  22% ] _update_scan_actions | arsenal_0_scar_h_SW.png
[  22% ] _update_scan_actions | arsenal_0_spas12_SE.png
[  22% ] _update_scan_actions | arsenal_0_spas12_SW.png
[  22% ] _update_scan_actions | arsenal_0_usp_SE.png
[  22% ] _update_scan_actions | arsenal_0_usp_SW.png
[  22% ] _update_scan_actions | arsenal_0_vector_SE.png
[  22% ] _update_scan_actions | arsenal_0_vector_SW.png
[  22% ] _update_scan_actions | arsenal_1_aug_SE.png
[  22% ] _update_scan_actions | arsenal_1_aug_SW.png
[  22% ] _update_scan_actions | arsenal_1_benelli_m2_SE.png
[  22% ] _update_scan_actions | arsenal_1_benelli_m2_SW.png
[  22% ] _update_scan_actions | arsenal_1_benelli_m4_SE.png
[  22% ] _update_scan_actions | arsenal_1_benelli_m4_SW.png
[  22% ] _update_scan_actions | arsenal_1_cz75_SE.png
[  22% ] _update_scan_actions | arsenal_1_cz75_SW.png
[  22% ] _update_scan_actions | arsenal_1_desert_eagle_SE.png
[  22% ] _update_scan_actions | arsenal_1_desert_eagle_SW.png
[  22% ] _update_scan_actions | arsenal_1_five_seven_SE.png
[  22% ] _update_scan_actions | arsenal_1_five_seven_SW.png
[  22% ] _update_scan_actions | arsenal_1_g36c_SE.png
[  22% ] _update_scan_actions | arsenal_1_g36c_SW.png
[  22% ] _update_scan_actions | arsenal_1_m4a1_SE.png
[  22% ] _update_scan_actions | arsenal_1_m4a1_SW.png
[  22% ] _update_scan_actions | arsenal_1_m1911_SE.png
[  22% ] _update_scan_actions | arsenal_1_m1911_SW.png
[  22% ] _update_scan_actions | arsenal_1_mac10_SE.png
[  22% ] _update_scan_actions | arsenal_1_mac10_SW.png
[  22% ] _update_scan_actions | arsenal_1_mini14_SE.png
[  22% ] _update_scan_actions | arsenal_1_mini14_SW.png
[  22% ] _update_scan_actions | arsenal_1_moss500_SE.png
[  22% ] _update_scan_actions | arsenal_1_moss500_SW.png
[  22% ] _update_scan_actions | arsenal_1_mp5k_SE.png
[  22% ] _update_scan_actions | arsenal_1_mp5k_SW.png
[  23% ] _update_scan_actions | arsenal_1_mp5_SE.png
[  23% ] _update_scan_actions | arsenal_1_mp5_SW.png
[  23% ] _update_scan_actions | arsenal_1_p90_SE.png
[  23% ] _update_scan_actions | arsenal_1_p90_SW.png
[  23% ] _update_scan_actions | arsenal_1_saiga12_SE.png
[  23% ] _update_scan_actions | arsenal_1_saiga12_SW.png
[  23% ] _update_scan_actions | arsenal_1_scar_h_SE.png
[  23% ] _update_scan_actions | arsenal_1_scar_h_SW.png
[  23% ] _update_scan_actions | arsenal_1_spas12_SE.png
[  23% ] _update_scan_actions | arsenal_1_spas12_SW.png
[  23% ] _update_scan_actions | arsenal_1_usp_SE.png
[  23% ] _update_scan_actions | arsenal_1_usp_SW.png
[  23% ] _update_scan_actions | arsenal_1_vector_SE.png
[  23% ] _update_scan_actions | arsenal_1_vector_SW.png
[  23% ] _update_scan_actions | faction_ashford_crane_ak47_SE.png
[  23% ] _update_scan_actions | faction_ashford_crane_ak47_SW.png
[  23% ] _update_scan_actions | faction_ashford_crane_aug_SE.png
[  23% ] _update_scan_actions | faction_ashford_crane_aug_SW.png
[  23% ] _update_scan_actions | faction_ashford_crane_awm_SE.png
[  23% ] _update_scan_actions | faction_ashford_crane_awm_SW.png
[  23% ] _update_scan_actions | faction_ashford_crane_benelli_m2_SE.png
[  23% ] _update_scan_actions | faction_ashford_crane_benelli_m2_SW.png
[  23% ] _update_scan_actions | faction_ashford_crane_benelli_m4_SE.png
[  23% ] _update_scan_actions | faction_ashford_crane_benelli_m4_SW.png
[  23% ] _update_scan_actions | faction_ashford_crane_cz75_SE.png
[  23% ] _update_scan_actions | faction_ashford_crane_cz75_SW.png
[  23% ] _update_scan_actions | faction_ashford_crane_desert_eagle_SE.png
[  23% ] _update_scan_actions | faction_ashford_crane_desert_eagle_SW.png
[  23% ] _update_scan_actions | faction_ashford_crane_five_seven_SE.png
[  23% ] _update_scan_actions | faction_ashford_crane_five_seven_SW.png
[  23% ] _update_scan_actions | faction_ashford_crane_g36c_SE.png
[  23% ] _update_scan_actions | faction_ashford_crane_g36c_SW.png
[  23% ] _update_scan_actions | faction_ashford_crane_glock_17_SE.png
[  23% ] _update_scan_actions | faction_ashford_crane_glock_17_SW.png
[  23% ] _update_scan_actions | faction_ashford_crane_m4a1_SE.png
[  24% ] _update_scan_actions | faction_ashford_crane_m4a1_SW.png
[  24% ] _update_scan_actions | faction_ashford_crane_m1911_SE.png
[  24% ] _update_scan_actions | faction_ashford_crane_m1911_SW.png
[  24% ] _update_scan_actions | faction_ashford_crane_mac10_SE.png
[  24% ] _update_scan_actions | faction_ashford_crane_mac10_SW.png
[  24% ] _update_scan_actions | faction_ashford_crane_mini14_SE.png
[  24% ] _update_scan_actions | faction_ashford_crane_mini14_SW.png
[  24% ] _update_scan_actions | faction_ashford_crane_moss500_SE.png
[  24% ] _update_scan_actions | faction_ashford_crane_moss500_SW.png
[  24% ] _update_scan_actions | faction_ashford_crane_mp5k_SE.png
[  24% ] _update_scan_actions | faction_ashford_crane_mp5k_SW.png
[  24% ] _update_scan_actions | faction_ashford_crane_mp5_SE.png
[  24% ] _update_scan_actions | faction_ashford_crane_mp5_SW.png
[  24% ] _update_scan_actions | faction_ashford_crane_p90_SE.png
[  24% ] _update_scan_actions | faction_ashford_crane_p90_SW.png
[  24% ] _update_scan_actions | faction_ashford_crane_psg1_SE.png
[  24% ] _update_scan_actions | faction_ashford_crane_psg1_SW.png
[  24% ] _update_scan_actions | faction_ashford_crane_rem700_SE.png
[  24% ] _update_scan_actions | faction_ashford_crane_rem700_SW.png
[  24% ] _update_scan_actions | faction_ashford_crane_rem870_SE.png
[  24% ] _update_scan_actions | faction_ashford_crane_rem870_SW.png
[  24% ] _update_scan_actions | faction_ashford_crane_saiga12_SE.png
[  24% ] _update_scan_actions | faction_ashford_crane_saiga12_SW.png
[  24% ] _update_scan_actions | faction_ashford_crane_scar_h_SE.png
[  24% ] _update_scan_actions | faction_ashford_crane_scar_h_SW.png
[  24% ] _update_scan_actions | faction_ashford_crane_sks_SE.png
[  24% ] _update_scan_actions | faction_ashford_crane_sks_SW.png
[  24% ] _update_scan_actions | faction_ashford_crane_spas12_SE.png
[  24% ] _update_scan_actions | faction_ashford_crane_spas12_SW.png
[  24% ] _update_scan_actions | faction_ashford_crane_ssg69_SE.png
[  24% ] _update_scan_actions | faction_ashford_crane_ssg69_SW.png
[  24% ] _update_scan_actions | faction_ashford_crane_svd_SE.png
[  24% ] _update_scan_actions | faction_ashford_crane_svd_SW.png
[  24% ] _update_scan_actions | faction_ashford_crane_usp_SE.png
[  24% ] _update_scan_actions | faction_ashford_crane_usp_SW.png
[  25% ] _update_scan_actions | faction_ashford_crane_uzi_SE.png
[  25% ] _update_scan_actions | faction_ashford_crane_uzi_SW.png
[  25% ] _update_scan_actions | faction_ashford_crane_vector_SE.png
[  25% ] _update_scan_actions | faction_ashford_crane_vector_SW.png
[  25% ] _update_scan_actions | faction_bitian_ak47_SE.png
[  25% ] _update_scan_actions | faction_bitian_ak47_SW.png
[  25% ] _update_scan_actions | faction_bitian_aug_SE.png
[  25% ] _update_scan_actions | faction_bitian_aug_SW.png
[  25% ] _update_scan_actions | faction_bitian_awm_SE.png
[  25% ] _update_scan_actions | faction_bitian_awm_SW.png
[  25% ] _update_scan_actions | faction_bitian_benelli_m2_SE.png
[  25% ] _update_scan_actions | faction_bitian_benelli_m2_SW.png
[  25% ] _update_scan_actions | faction_bitian_benelli_m4_SE.png
[  25% ] _update_scan_actions | faction_bitian_benelli_m4_SW.png
[  25% ] _update_scan_actions | faction_bitian_cz75_SE.png
[  25% ] _update_scan_actions | faction_bitian_cz75_SW.png
[  25% ] _update_scan_actions | faction_bitian_desert_eagle_SE.png
[  25% ] _update_scan_actions | faction_bitian_desert_eagle_SW.png
[  25% ] _update_scan_actions | faction_bitian_five_seven_SE.png
[  25% ] _update_scan_actions | faction_bitian_five_seven_SW.png
[  25% ] _update_scan_actions | faction_bitian_g36c_SE.png
[  25% ] _update_scan_actions | faction_bitian_g36c_SW.png
[  25% ] _update_scan_actions | faction_bitian_glock_17_SE.png
[  25% ] _update_scan_actions | faction_bitian_glock_17_SW.png
[  25% ] _update_scan_actions | faction_bitian_m4a1_SE.png
[  25% ] _update_scan_actions | faction_bitian_m4a1_SW.png
[  25% ] _update_scan_actions | faction_bitian_m1911_SE.png
[  25% ] _update_scan_actions | faction_bitian_m1911_SW.png
[  25% ] _update_scan_actions | faction_bitian_mac10_SE.png
[  25% ] _update_scan_actions | faction_bitian_mac10_SW.png
[  25% ] _update_scan_actions | faction_bitian_mini14_SE.png
[  25% ] _update_scan_actions | faction_bitian_mini14_SW.png
[  25% ] _update_scan_actions | faction_bitian_moss500_SE.png
[  25% ] _update_scan_actions | faction_bitian_moss500_SW.png
[  25% ] _update_scan_actions | faction_bitian_mp5k_SE.png
[  26% ] _update_scan_actions | faction_bitian_mp5k_SW.png
[  26% ] _update_scan_actions | faction_bitian_mp5_SE.png
[  26% ] _update_scan_actions | faction_bitian_mp5_SW.png
[  26% ] _update_scan_actions | faction_bitian_p90_SE.png
[  26% ] _update_scan_actions | faction_bitian_p90_SW.png
[  26% ] _update_scan_actions | faction_bitian_psg1_SE.png
[  26% ] _update_scan_actions | faction_bitian_psg1_SW.png
[  26% ] _update_scan_actions | faction_bitian_rem700_SE.png
[  26% ] _update_scan_actions | faction_bitian_rem700_SW.png
[  26% ] _update_scan_actions | faction_bitian_rem870_SE.png
[  26% ] _update_scan_actions | faction_bitian_rem870_SW.png
[  26% ] _update_scan_actions | faction_bitian_saiga12_SE.png
[  26% ] _update_scan_actions | faction_bitian_saiga12_SW.png
[  26% ] _update_scan_actions | faction_bitian_scar_h_SE.png
[  26% ] _update_scan_actions | faction_bitian_scar_h_SW.png
[  26% ] _update_scan_actions | faction_bitian_sks_SE.png
[  26% ] _update_scan_actions | faction_bitian_sks_SW.png
[  26% ] _update_scan_actions | faction_bitian_spas12_SE.png
[  26% ] _update_scan_actions | faction_bitian_spas12_SW.png
[  26% ] _update_scan_actions | faction_bitian_ssg69_SE.png
[  26% ] _update_scan_actions | faction_bitian_ssg69_SW.png
[  26% ] _update_scan_actions | faction_bitian_svd_SE.png
[  26% ] _update_scan_actions | faction_bitian_svd_SW.png
[  26% ] _update_scan_actions | faction_bitian_usp_SE.png
[  26% ] _update_scan_actions | faction_bitian_usp_SW.png
[  26% ] _update_scan_actions | faction_bitian_uzi_SE.png
[  26% ] _update_scan_actions | faction_bitian_uzi_SW.png
[  26% ] _update_scan_actions | faction_bitian_vector_SE.png
[  26% ] _update_scan_actions | faction_bitian_vector_SW.png
[  26% ] _update_scan_actions | faction_blacktop_ak47_SE.png
[  26% ] _update_scan_actions | faction_blacktop_ak47_SW.png
[  26% ] _update_scan_actions | faction_blacktop_aug_SE.png
[  26% ] _update_scan_actions | faction_blacktop_aug_SW.png
[  26% ] _update_scan_actions | faction_blacktop_awm_SE.png
[  26% ] _update_scan_actions | faction_blacktop_awm_SW.png
[  27% ] _update_scan_actions | faction_blacktop_benelli_m2_SE.png
[  27% ] _update_scan_actions | faction_blacktop_benelli_m2_SW.png
[  27% ] _update_scan_actions | faction_blacktop_benelli_m4_SE.png
[  27% ] _update_scan_actions | faction_blacktop_benelli_m4_SW.png
[  27% ] _update_scan_actions | faction_blacktop_cz75_SE.png
[  27% ] _update_scan_actions | faction_blacktop_cz75_SW.png
[  27% ] _update_scan_actions | faction_blacktop_desert_eagle_SE.png
[  27% ] _update_scan_actions | faction_blacktop_desert_eagle_SW.png
[  27% ] _update_scan_actions | faction_blacktop_five_seven_SE.png
[  27% ] _update_scan_actions | faction_blacktop_five_seven_SW.png
[  27% ] _update_scan_actions | faction_blacktop_g36c_SE.png
[  27% ] _update_scan_actions | faction_blacktop_g36c_SW.png
[  27% ] _update_scan_actions | faction_blacktop_glock_17_SE.png
[  27% ] _update_scan_actions | faction_blacktop_glock_17_SW.png
[  27% ] _update_scan_actions | faction_blacktop_m4a1_SE.png
[  27% ] _update_scan_actions | faction_blacktop_m4a1_SW.png
[  27% ] _update_scan_actions | faction_blacktop_m1911_SE.png
[  27% ] _update_scan_actions | faction_blacktop_m1911_SW.png
[  27% ] _update_scan_actions | faction_blacktop_mac10_SE.png
[  27% ] _update_scan_actions | faction_blacktop_mac10_SW.png
[  27% ] _update_scan_actions | faction_blacktop_mini14_SE.png
[  27% ] _update_scan_actions | faction_blacktop_mini14_SW.png
[  27% ] _update_scan_actions | faction_blacktop_moss500_SE.png
[  27% ] _update_scan_actions | faction_blacktop_moss500_SW.png
[  27% ] _update_scan_actions | faction_blacktop_mp5k_SE.png
[  27% ] _update_scan_actions | faction_blacktop_mp5k_SW.png
[  27% ] _update_scan_actions | faction_blacktop_mp5_SE.png
[  27% ] _update_scan_actions | faction_blacktop_mp5_SW.png
[  27% ] _update_scan_actions | faction_blacktop_p90_SE.png
[  27% ] _update_scan_actions | faction_blacktop_p90_SW.png
[  27% ] _update_scan_actions | faction_blacktop_psg1_SE.png
[  27% ] _update_scan_actions | faction_blacktop_psg1_SW.png
[  27% ] _update_scan_actions | faction_blacktop_rem700_SE.png
[  27% ] _update_scan_actions | faction_blacktop_rem700_SW.png
[  27% ] _update_scan_actions | faction_blacktop_rem870_SE.png
[  28% ] _update_scan_actions | faction_blacktop_rem870_SW.png
[  28% ] _update_scan_actions | faction_blacktop_saiga12_SE.png
[  28% ] _update_scan_actions | faction_blacktop_saiga12_SW.png
[  28% ] _update_scan_actions | faction_blacktop_scar_h_SE.png
[  28% ] _update_scan_actions | faction_blacktop_scar_h_SW.png
[  28% ] _update_scan_actions | faction_blacktop_sks_SE.png
[  28% ] _update_scan_actions | faction_blacktop_sks_SW.png
[  28% ] _update_scan_actions | faction_blacktop_spas12_SE.png
[  28% ] _update_scan_actions | faction_blacktop_spas12_SW.png
[  28% ] _update_scan_actions | faction_blacktop_ssg69_SE.png
[  28% ] _update_scan_actions | faction_blacktop_ssg69_SW.png
[  28% ] _update_scan_actions | faction_blacktop_svd_SE.png
[  28% ] _update_scan_actions | faction_blacktop_svd_SW.png
[  28% ] _update_scan_actions | faction_blacktop_usp_SE.png
[  28% ] _update_scan_actions | faction_blacktop_usp_SW.png
[  28% ] _update_scan_actions | faction_blacktop_uzi_SE.png
[  28% ] _update_scan_actions | faction_blacktop_uzi_SW.png
[  28% ] _update_scan_actions | faction_blacktop_vector_SE.png
[  28% ] _update_scan_actions | faction_blacktop_vector_SW.png
[  28% ] _update_scan_actions | faction_calle_ocho_ak47_SE.png
[  28% ] _update_scan_actions | faction_calle_ocho_ak47_SW.png
[  28% ] _update_scan_actions | faction_calle_ocho_aug_SE.png
[  28% ] _update_scan_actions | faction_calle_ocho_aug_SW.png
[  28% ] _update_scan_actions | faction_calle_ocho_awm_SE.png
[  28% ] _update_scan_actions | faction_calle_ocho_awm_SW.png
[  28% ] _update_scan_actions | faction_calle_ocho_benelli_m2_SE.png
[  28% ] _update_scan_actions | faction_calle_ocho_benelli_m2_SW.png
[  28% ] _update_scan_actions | faction_calle_ocho_benelli_m4_SE.png
[  28% ] _update_scan_actions | faction_calle_ocho_benelli_m4_SW.png
[  28% ] _update_scan_actions | faction_calle_ocho_cz75_SE.png
[  28% ] _update_scan_actions | faction_calle_ocho_cz75_SW.png
[  28% ] _update_scan_actions | faction_calle_ocho_desert_eagle_SE.png
[  28% ] _update_scan_actions | faction_calle_ocho_desert_eagle_SW.png
[  28% ] _update_scan_actions | faction_calle_ocho_five_seven_SE.png
[  28% ] _update_scan_actions | faction_calle_ocho_five_seven_SW.png
[  28% ] _update_scan_actions | faction_calle_ocho_g36c_SE.png
[  29% ] _update_scan_actions | faction_calle_ocho_g36c_SW.png
[  29% ] _update_scan_actions | faction_calle_ocho_glock_17_SE.png
[  29% ] _update_scan_actions | faction_calle_ocho_glock_17_SW.png
[  29% ] _update_scan_actions | faction_calle_ocho_m4a1_SE.png
[  29% ] _update_scan_actions | faction_calle_ocho_m4a1_SW.png
[  29% ] _update_scan_actions | faction_calle_ocho_m1911_SE.png
[  29% ] _update_scan_actions | faction_calle_ocho_m1911_SW.png
[  29% ] _update_scan_actions | faction_calle_ocho_mac10_SE.png
[  29% ] _update_scan_actions | faction_calle_ocho_mac10_SW.png
[  29% ] _update_scan_actions | faction_calle_ocho_mini14_SE.png
[  29% ] _update_scan_actions | faction_calle_ocho_mini14_SW.png
[  29% ] _update_scan_actions | faction_calle_ocho_moss500_SE.png
[  29% ] _update_scan_actions | faction_calle_ocho_moss500_SW.png
[  29% ] _update_scan_actions | faction_calle_ocho_mp5k_SE.png
[  29% ] _update_scan_actions | faction_calle_ocho_mp5k_SW.png
[  29% ] _update_scan_actions | faction_calle_ocho_mp5_SE.png
[  29% ] _update_scan_actions | faction_calle_ocho_mp5_SW.png
[  29% ] _update_scan_actions | faction_calle_ocho_p90_SE.png
[  29% ] _update_scan_actions | faction_calle_ocho_p90_SW.png
[  29% ] _update_scan_actions | faction_calle_ocho_psg1_SE.png
[  29% ] _update_scan_actions | faction_calle_ocho_psg1_SW.png
[  29% ] _update_scan_actions | faction_calle_ocho_rem700_SE.png
[  29% ] _update_scan_actions | faction_calle_ocho_rem700_SW.png
[  29% ] _update_scan_actions | faction_calle_ocho_rem870_SE.png
[  29% ] _update_scan_actions | faction_calle_ocho_rem870_SW.png
[  29% ] _update_scan_actions | faction_calle_ocho_saiga12_SE.png
[  29% ] _update_scan_actions | faction_calle_ocho_saiga12_SW.png
[  29% ] _update_scan_actions | faction_calle_ocho_scar_h_SE.png
[  29% ] _update_scan_actions | faction_calle_ocho_scar_h_SW.png
[  29% ] _update_scan_actions | faction_calle_ocho_sks_SE.png
[  29% ] _update_scan_actions | faction_calle_ocho_sks_SW.png
[  29% ] _update_scan_actions | faction_calle_ocho_spas12_SE.png
[  29% ] _update_scan_actions | faction_calle_ocho_spas12_SW.png
[  29% ] _update_scan_actions | faction_calle_ocho_ssg69_SE.png
[  29% ] _update_scan_actions | faction_calle_ocho_ssg69_SW.png
[  30% ] _update_scan_actions | faction_calle_ocho_svd_SE.png
[  30% ] _update_scan_actions | faction_calle_ocho_svd_SW.png
[  30% ] _update_scan_actions | faction_calle_ocho_usp_SE.png
[  30% ] _update_scan_actions | faction_calle_ocho_usp_SW.png
[  30% ] _update_scan_actions | faction_calle_ocho_uzi_SE.png
[  30% ] _update_scan_actions | faction_calle_ocho_uzi_SW.png
[  30% ] _update_scan_actions | faction_calle_ocho_vector_SE.png
[  30% ] _update_scan_actions | faction_calle_ocho_vector_SW.png
[  30% ] _update_scan_actions | faction_eastex_ak47_SE.png
[  30% ] _update_scan_actions | faction_eastex_ak47_SW.png
[  30% ] _update_scan_actions | faction_eastex_aug_SE.png
[  30% ] _update_scan_actions | faction_eastex_aug_SW.png
[  30% ] _update_scan_actions | faction_eastex_awm_SE.png
[  30% ] _update_scan_actions | faction_eastex_awm_SW.png
[  30% ] _update_scan_actions | faction_eastex_benelli_m2_SE.png
[  30% ] _update_scan_actions | faction_eastex_benelli_m2_SW.png
[  30% ] _update_scan_actions | faction_eastex_benelli_m4_SE.png
[  30% ] _update_scan_actions | faction_eastex_benelli_m4_SW.png
[  30% ] _update_scan_actions | faction_eastex_cz75_SE.png
[  30% ] _update_scan_actions | faction_eastex_cz75_SW.png
[  30% ] _update_scan_actions | faction_eastex_desert_eagle_SE.png
[  30% ] _update_scan_actions | faction_eastex_desert_eagle_SW.png
[  30% ] _update_scan_actions | faction_eastex_five_seven_SE.png
[  30% ] _update_scan_actions | faction_eastex_five_seven_SW.png
[  30% ] _update_scan_actions | faction_eastex_g36c_SE.png
[  30% ] _update_scan_actions | faction_eastex_g36c_SW.png
[  30% ] _update_scan_actions | faction_eastex_glock_17_SE.png
[  30% ] _update_scan_actions | faction_eastex_glock_17_SW.png
[  30% ] _update_scan_actions | faction_eastex_m4a1_SE.png
[  30% ] _update_scan_actions | faction_eastex_m4a1_SW.png
[  30% ] _update_scan_actions | faction_eastex_m1911_SE.png
[  30% ] _update_scan_actions | faction_eastex_m1911_SW.png
[  30% ] _update_scan_actions | faction_eastex_mac10_SE.png
[  30% ] _update_scan_actions | faction_eastex_mac10_SW.png
[  30% ] _update_scan_actions | faction_eastex_mini14_SE.png
[  31% ] _update_scan_actions | faction_eastex_mini14_SW.png
[  31% ] _update_scan_actions | faction_eastex_moss500_SE.png
[  31% ] _update_scan_actions | faction_eastex_moss500_SW.png
[  31% ] _update_scan_actions | faction_eastex_mp5k_SE.png
[  31% ] _update_scan_actions | faction_eastex_mp5k_SW.png
[  31% ] _update_scan_actions | faction_eastex_mp5_SE.png
[  31% ] _update_scan_actions | faction_eastex_mp5_SW.png
[  31% ] _update_scan_actions | faction_eastex_p90_SE.png
[  31% ] _update_scan_actions | faction_eastex_p90_SW.png
[  31% ] _update_scan_actions | faction_eastex_psg1_SE.png
[  31% ] _update_scan_actions | faction_eastex_psg1_SW.png
[  31% ] _update_scan_actions | faction_eastex_rem700_SE.png
[  31% ] _update_scan_actions | faction_eastex_rem700_SW.png
[  31% ] _update_scan_actions | faction_eastex_rem870_SE.png
[  31% ] _update_scan_actions | faction_eastex_rem870_SW.png
[  31% ] _update_scan_actions | faction_eastex_saiga12_SE.png
[  31% ] _update_scan_actions | faction_eastex_saiga12_SW.png
[  31% ] _update_scan_actions | faction_eastex_scar_h_SE.png
[  31% ] _update_scan_actions | faction_eastex_scar_h_SW.png
[  31% ] _update_scan_actions | faction_eastex_sks_SE.png
[  31% ] _update_scan_actions | faction_eastex_sks_SW.png
[  31% ] _update_scan_actions | faction_eastex_spas12_SE.png
[  31% ] _update_scan_actions | faction_eastex_spas12_SW.png
[  31% ] _update_scan_actions | faction_eastex_ssg69_SE.png
[  31% ] _update_scan_actions | faction_eastex_ssg69_SW.png
[  31% ] _update_scan_actions | faction_eastex_svd_SE.png
[  31% ] _update_scan_actions | faction_eastex_svd_SW.png
[  31% ] _update_scan_actions | faction_eastex_usp_SE.png
[  31% ] _update_scan_actions | faction_eastex_usp_SW.png
[  31% ] _update_scan_actions | faction_eastex_uzi_SE.png
[  31% ] _update_scan_actions | faction_eastex_uzi_SW.png
[  31% ] _update_scan_actions | faction_eastex_vector_SE.png
[  31% ] _update_scan_actions | faction_eastex_vector_SW.png
[  31% ] _update_scan_actions | faction_kurgan_ak47_SE.png
[  31% ] _update_scan_actions | faction_kurgan_ak47_SW.png
[  32% ] _update_scan_actions | faction_kurgan_aug_SE.png
[  32% ] _update_scan_actions | faction_kurgan_aug_SW.png
[  32% ] _update_scan_actions | faction_kurgan_awm_SE.png
[  32% ] _update_scan_actions | faction_kurgan_awm_SW.png
[  32% ] _update_scan_actions | faction_kurgan_benelli_m2_SE.png
[  32% ] _update_scan_actions | faction_kurgan_benelli_m2_SW.png
[  32% ] _update_scan_actions | faction_kurgan_benelli_m4_SE.png
[  32% ] _update_scan_actions | faction_kurgan_benelli_m4_SW.png
[  32% ] _update_scan_actions | faction_kurgan_cz75_SE.png
[  32% ] _update_scan_actions | faction_kurgan_cz75_SW.png
[  32% ] _update_scan_actions | faction_kurgan_desert_eagle_SE.png
[  32% ] _update_scan_actions | faction_kurgan_desert_eagle_SW.png
[  32% ] _update_scan_actions | faction_kurgan_five_seven_SE.png
[  32% ] _update_scan_actions | faction_kurgan_five_seven_SW.png
[  32% ] _update_scan_actions | faction_kurgan_g36c_SE.png
[  32% ] _update_scan_actions | faction_kurgan_g36c_SW.png
[  32% ] _update_scan_actions | faction_kurgan_glock_17_SE.png
[  32% ] _update_scan_actions | faction_kurgan_glock_17_SW.png
[  32% ] _update_scan_actions | faction_kurgan_m4a1_SE.png
[  32% ] _update_scan_actions | faction_kurgan_m4a1_SW.png
[  32% ] _update_scan_actions | faction_kurgan_m1911_SE.png
[  32% ] _update_scan_actions | faction_kurgan_m1911_SW.png
[  32% ] _update_scan_actions | faction_kurgan_mac10_SE.png
[  32% ] _update_scan_actions | faction_kurgan_mac10_SW.png
[  32% ] _update_scan_actions | faction_kurgan_mini14_SE.png
[  32% ] _update_scan_actions | faction_kurgan_mini14_SW.png
[  32% ] _update_scan_actions | faction_kurgan_moss500_SE.png
[  32% ] _update_scan_actions | faction_kurgan_moss500_SW.png
[  32% ] _update_scan_actions | faction_kurgan_mp5k_SE.png
[  32% ] _update_scan_actions | faction_kurgan_mp5k_SW.png
[  32% ] _update_scan_actions | faction_kurgan_mp5_SE.png
[  32% ] _update_scan_actions | faction_kurgan_mp5_SW.png
[  32% ] _update_scan_actions | faction_kurgan_p90_SE.png
[  32% ] _update_scan_actions | faction_kurgan_p90_SW.png
[  32% ] _update_scan_actions | faction_kurgan_psg1_SE.png
[  33% ] _update_scan_actions | faction_kurgan_psg1_SW.png
[  33% ] _update_scan_actions | faction_kurgan_rem700_SE.png
[  33% ] _update_scan_actions | faction_kurgan_rem700_SW.png
[  33% ] _update_scan_actions | faction_kurgan_rem870_SE.png
[  33% ] _update_scan_actions | faction_kurgan_rem870_SW.png
[  33% ] _update_scan_actions | faction_kurgan_saiga12_SE.png
[  33% ] _update_scan_actions | faction_kurgan_saiga12_SW.png
[  33% ] _update_scan_actions | faction_kurgan_scar_h_SE.png
[  33% ] _update_scan_actions | faction_kurgan_scar_h_SW.png
[  33% ] _update_scan_actions | faction_kurgan_sks_SE.png
[  33% ] _update_scan_actions | faction_kurgan_sks_SW.png
[  33% ] _update_scan_actions | faction_kurgan_spas12_SE.png
[  33% ] _update_scan_actions | faction_kurgan_spas12_SW.png
[  33% ] _update_scan_actions | faction_kurgan_ssg69_SE.png
[  33% ] _update_scan_actions | faction_kurgan_ssg69_SW.png
[  33% ] _update_scan_actions | faction_kurgan_svd_SE.png
[  33% ] _update_scan_actions | faction_kurgan_svd_SW.png
[  33% ] _update_scan_actions | faction_kurgan_usp_SE.png
[  33% ] _update_scan_actions | faction_kurgan_usp_SW.png
[  33% ] _update_scan_actions | faction_kurgan_uzi_SE.png
[  33% ] _update_scan_actions | faction_kurgan_uzi_SW.png
[  33% ] _update_scan_actions | faction_kurgan_vector_SE.png
[  33% ] _update_scan_actions | faction_kurgan_vector_SW.png
[  33% ] _update_scan_actions | faction_lombardia_ak47_SE.png
[  33% ] _update_scan_actions | faction_lombardia_ak47_SW.png
[  33% ] _update_scan_actions | faction_lombardia_aug_SE.png
[  33% ] _update_scan_actions | faction_lombardia_aug_SW.png
[  33% ] _update_scan_actions | faction_lombardia_awm_SE.png
[  33% ] _update_scan_actions | faction_lombardia_awm_SW.png
[  33% ] _update_scan_actions | faction_lombardia_benelli_m2_SE.png
[  33% ] _update_scan_actions | faction_lombardia_benelli_m2_SW.png
[  33% ] _update_scan_actions | faction_lombardia_benelli_m4_SE.png
[  33% ] _update_scan_actions | faction_lombardia_benelli_m4_SW.png
[  33% ] _update_scan_actions | faction_lombardia_cz75_SE.png
[  33% ] _update_scan_actions | faction_lombardia_cz75_SW.png
[  34% ] _update_scan_actions | faction_lombardia_desert_eagle_SE.png
[  34% ] _update_scan_actions | faction_lombardia_desert_eagle_SW.png
[  34% ] _update_scan_actions | faction_lombardia_five_seven_SE.png
[  34% ] _update_scan_actions | faction_lombardia_five_seven_SW.png
[  34% ] _update_scan_actions | faction_lombardia_g36c_SE.png
[  34% ] _update_scan_actions | faction_lombardia_g36c_SW.png
[  34% ] _update_scan_actions | faction_lombardia_glock_17_SE.png
[  34% ] _update_scan_actions | faction_lombardia_glock_17_SW.png
[  34% ] _update_scan_actions | faction_lombardia_m4a1_SE.png
[  34% ] _update_scan_actions | faction_lombardia_m4a1_SW.png
[  34% ] _update_scan_actions | faction_lombardia_m1911_SE.png
[  34% ] _update_scan_actions | faction_lombardia_m1911_SW.png
[  34% ] _update_scan_actions | faction_lombardia_mac10_SE.png
[  34% ] _update_scan_actions | faction_lombardia_mac10_SW.png
[  34% ] _update_scan_actions | faction_lombardia_mini14_SE.png
[  34% ] _update_scan_actions | faction_lombardia_mini14_SW.png
[  34% ] _update_scan_actions | faction_lombardia_moss500_SE.png
[  34% ] _update_scan_actions | faction_lombardia_moss500_SW.png
[  34% ] _update_scan_actions | faction_lombardia_mp5k_SE.png
[  34% ] _update_scan_actions | faction_lombardia_mp5k_SW.png
[  34% ] _update_scan_actions | faction_lombardia_mp5_SE.png
[  34% ] _update_scan_actions | faction_lombardia_mp5_SW.png
[  34% ] _update_scan_actions | faction_lombardia_p90_SE.png
[  34% ] _update_scan_actions | faction_lombardia_p90_SW.png
[  34% ] _update_scan_actions | faction_lombardia_psg1_SE.png
[  34% ] _update_scan_actions | faction_lombardia_psg1_SW.png
[  34% ] _update_scan_actions | faction_lombardia_rem700_SE.png
[  34% ] _update_scan_actions | faction_lombardia_rem700_SW.png
[  34% ] _update_scan_actions | faction_lombardia_rem870_SE.png
[  34% ] _update_scan_actions | faction_lombardia_rem870_SW.png
[  34% ] _update_scan_actions | faction_lombardia_saiga12_SE.png
[  34% ] _update_scan_actions | faction_lombardia_saiga12_SW.png
[  34% ] _update_scan_actions | faction_lombardia_scar_h_SE.png
[  34% ] _update_scan_actions | faction_lombardia_scar_h_SW.png
[  34% ] _update_scan_actions | faction_lombardia_sks_SE.png
[  35% ] _update_scan_actions | faction_lombardia_sks_SW.png
[  35% ] _update_scan_actions | faction_lombardia_spas12_SE.png
[  35% ] _update_scan_actions | faction_lombardia_spas12_SW.png
[  35% ] _update_scan_actions | faction_lombardia_ssg69_SE.png
[  35% ] _update_scan_actions | faction_lombardia_ssg69_SW.png
[  35% ] _update_scan_actions | faction_lombardia_svd_SE.png
[  35% ] _update_scan_actions | faction_lombardia_svd_SW.png
[  35% ] _update_scan_actions | faction_lombardia_usp_SE.png
[  35% ] _update_scan_actions | faction_lombardia_usp_SW.png
[  35% ] _update_scan_actions | faction_lombardia_uzi_SE.png
[  35% ] _update_scan_actions | faction_lombardia_uzi_SW.png
[  35% ] _update_scan_actions | faction_lombardia_vector_SE.png
[  35% ] _update_scan_actions | faction_lombardia_vector_SW.png
[  35% ] _update_scan_actions | faction_mcallister_ak47_SE.png
[  35% ] _update_scan_actions | faction_mcallister_ak47_SW.png
[  35% ] _update_scan_actions | faction_mcallister_aug_SE.png
[  35% ] _update_scan_actions | faction_mcallister_aug_SW.png
[  35% ] _update_scan_actions | faction_mcallister_awm_SE.png
[  35% ] _update_scan_actions | faction_mcallister_awm_SW.png
[  35% ] _update_scan_actions | faction_mcallister_benelli_m2_SE.png
[  35% ] _update_scan_actions | faction_mcallister_benelli_m2_SW.png
[  35% ] _update_scan_actions | faction_mcallister_benelli_m4_SE.png
[  35% ] _update_scan_actions | faction_mcallister_benelli_m4_SW.png
[  35% ] _update_scan_actions | faction_mcallister_cz75_SE.png
[  35% ] _update_scan_actions | faction_mcallister_cz75_SW.png
[  35% ] _update_scan_actions | faction_mcallister_desert_eagle_SE.png
[  35% ] _update_scan_actions | faction_mcallister_desert_eagle_SW.png
[  35% ] _update_scan_actions | faction_mcallister_five_seven_SE.png
[  35% ] _update_scan_actions | faction_mcallister_five_seven_SW.png
[  35% ] _update_scan_actions | faction_mcallister_g36c_SE.png
[  35% ] _update_scan_actions | faction_mcallister_g36c_SW.png
[  35% ] _update_scan_actions | faction_mcallister_glock_17_SE.png
[  35% ] _update_scan_actions | faction_mcallister_glock_17_SW.png
[  35% ] _update_scan_actions | faction_mcallister_m4a1_SE.png
[  35% ] _update_scan_actions | faction_mcallister_m4a1_SW.png
[  36% ] _update_scan_actions | faction_mcallister_m1911_SE.png
[  36% ] _update_scan_actions | faction_mcallister_m1911_SW.png
[  36% ] _update_scan_actions | faction_mcallister_mac10_SE.png
[  36% ] _update_scan_actions | faction_mcallister_mac10_SW.png
[  36% ] _update_scan_actions | faction_mcallister_mini14_SE.png
[  36% ] _update_scan_actions | faction_mcallister_mini14_SW.png
[  36% ] _update_scan_actions | faction_mcallister_moss500_SE.png
[  36% ] _update_scan_actions | faction_mcallister_moss500_SW.png
[  36% ] _update_scan_actions | faction_mcallister_mp5k_SE.png
[  36% ] _update_scan_actions | faction_mcallister_mp5k_SW.png
[  36% ] _update_scan_actions | faction_mcallister_mp5_SE.png
[  36% ] _update_scan_actions | faction_mcallister_mp5_SW.png
[  36% ] _update_scan_actions | faction_mcallister_p90_SE.png
[  36% ] _update_scan_actions | faction_mcallister_p90_SW.png
[  36% ] _update_scan_actions | faction_mcallister_psg1_SE.png
[  36% ] _update_scan_actions | faction_mcallister_psg1_SW.png
[  36% ] _update_scan_actions | faction_mcallister_rem700_SE.png
[  36% ] _update_scan_actions | faction_mcallister_rem700_SW.png
[  36% ] _update_scan_actions | faction_mcallister_rem870_SE.png
[  36% ] _update_scan_actions | faction_mcallister_rem870_SW.png
[  36% ] _update_scan_actions | faction_mcallister_saiga12_SE.png
[  36% ] _update_scan_actions | faction_mcallister_saiga12_SW.png
[  36% ] _update_scan_actions | faction_mcallister_scar_h_SE.png
[  36% ] _update_scan_actions | faction_mcallister_scar_h_SW.png
[  36% ] _update_scan_actions | faction_mcallister_sks_SE.png
[  36% ] _update_scan_actions | faction_mcallister_sks_SW.png
[  36% ] _update_scan_actions | faction_mcallister_spas12_SE.png
[  36% ] _update_scan_actions | faction_mcallister_spas12_SW.png
[  36% ] _update_scan_actions | faction_mcallister_ssg69_SE.png
[  36% ] _update_scan_actions | faction_mcallister_ssg69_SW.png
[  36% ] _update_scan_actions | faction_mcallister_svd_SE.png
[  36% ] _update_scan_actions | faction_mcallister_svd_SW.png
[  36% ] _update_scan_actions | faction_mcallister_usp_SE.png
[  36% ] _update_scan_actions | faction_mcallister_usp_SW.png
[  36% ] _update_scan_actions | faction_mcallister_uzi_SE.png
[  37% ] _update_scan_actions | faction_mcallister_uzi_SW.png
[  37% ] _update_scan_actions | faction_mcallister_vector_SE.png
[  37% ] _update_scan_actions | faction_mcallister_vector_SW.png
[  37% ] _update_scan_actions | faction_mercer44_ak47_SE.png
[  37% ] _update_scan_actions | faction_mercer44_ak47_SW.png
[  37% ] _update_scan_actions | faction_mercer44_aug_SE.png
[  37% ] _update_scan_actions | faction_mercer44_aug_SW.png
[  37% ] _update_scan_actions | faction_mercer44_awm_SE.png
[  37% ] _update_scan_actions | faction_mercer44_awm_SW.png
[  37% ] _update_scan_actions | faction_mercer44_benelli_m2_SE.png
[  37% ] _update_scan_actions | faction_mercer44_benelli_m2_SW.png
[  37% ] _update_scan_actions | faction_mercer44_benelli_m4_SE.png
[  37% ] _update_scan_actions | faction_mercer44_benelli_m4_SW.png
[  37% ] _update_scan_actions | faction_mercer44_cz75_SE.png
[  37% ] _update_scan_actions | faction_mercer44_cz75_SW.png
[  37% ] _update_scan_actions | faction_mercer44_desert_eagle_SE.png
[  37% ] _update_scan_actions | faction_mercer44_desert_eagle_SW.png
[  37% ] _update_scan_actions | faction_mercer44_five_seven_SE.png
[  37% ] _update_scan_actions | faction_mercer44_five_seven_SW.png
[  37% ] _update_scan_actions | faction_mercer44_g36c_SE.png
[  37% ] _update_scan_actions | faction_mercer44_g36c_SW.png
[  37% ] _update_scan_actions | faction_mercer44_glock_17_SE.png
[  37% ] _update_scan_actions | faction_mercer44_glock_17_SW.png
[  37% ] _update_scan_actions | faction_mercer44_m4a1_SE.png
[  37% ] _update_scan_actions | faction_mercer44_m4a1_SW.png
[  37% ] _update_scan_actions | faction_mercer44_m1911_SE.png
[  37% ] _update_scan_actions | faction_mercer44_m1911_SW.png
[  37% ] _update_scan_actions | faction_mercer44_mac10_SE.png
[  37% ] _update_scan_actions | faction_mercer44_mac10_SW.png
[  37% ] _update_scan_actions | faction_mercer44_mini14_SE.png
[  37% ] _update_scan_actions | faction_mercer44_mini14_SW.png
[  37% ] _update_scan_actions | faction_mercer44_moss500_SE.png
[  37% ] _update_scan_actions | faction_mercer44_moss500_SW.png
[  37% ] _update_scan_actions | faction_mercer44_mp5k_SE.png
[  37% ] _update_scan_actions | faction_mercer44_mp5k_SW.png
[  38% ] _update_scan_actions | faction_mercer44_mp5_SE.png
[  38% ] _update_scan_actions | faction_mercer44_mp5_SW.png
[  38% ] _update_scan_actions | faction_mercer44_p90_SE.png
[  38% ] _update_scan_actions | faction_mercer44_p90_SW.png
[  38% ] _update_scan_actions | faction_mercer44_psg1_SE.png
[  38% ] _update_scan_actions | faction_mercer44_psg1_SW.png
[  38% ] _update_scan_actions | faction_mercer44_rem700_SE.png
[  38% ] _update_scan_actions | faction_mercer44_rem700_SW.png
[  38% ] _update_scan_actions | faction_mercer44_rem870_SE.png
[  38% ] _update_scan_actions | faction_mercer44_rem870_SW.png
[  38% ] _update_scan_actions | faction_mercer44_saiga12_SE.png
[  38% ] _update_scan_actions | faction_mercer44_saiga12_SW.png
[  38% ] _update_scan_actions | faction_mercer44_scar_h_SE.png
[  38% ] _update_scan_actions | faction_mercer44_scar_h_SW.png
[  38% ] _update_scan_actions | faction_mercer44_sks_SE.png
[  38% ] _update_scan_actions | faction_mercer44_sks_SW.png
[  38% ] _update_scan_actions | faction_mercer44_spas12_SE.png
[  38% ] _update_scan_actions | faction_mercer44_spas12_SW.png
[  38% ] _update_scan_actions | faction_mercer44_ssg69_SE.png
[  38% ] _update_scan_actions | faction_mercer44_ssg69_SW.png
[  38% ] _update_scan_actions | faction_mercer44_svd_SE.png
[  38% ] _update_scan_actions | faction_mercer44_svd_SW.png
[  38% ] _update_scan_actions | faction_mercer44_usp_SE.png
[  38% ] _update_scan_actions | faction_mercer44_usp_SW.png
[  38% ] _update_scan_actions | faction_mercer44_uzi_SE.png
[  38% ] _update_scan_actions | faction_mercer44_uzi_SW.png
[  38% ] _update_scan_actions | faction_mercer44_vector_SE.png
[  38% ] _update_scan_actions | faction_mercer44_vector_SW.png
[  38% ] _update_scan_actions | faction_nbpd_ak47_SE.png
[  38% ] _update_scan_actions | faction_nbpd_ak47_SW.png
[  38% ] _update_scan_actions | faction_nbpd_aug_SE.png
[  38% ] _update_scan_actions | faction_nbpd_aug_SW.png
[  38% ] _update_scan_actions | faction_nbpd_awm_SE.png
[  38% ] _update_scan_actions | faction_nbpd_awm_SW.png
[  38% ] _update_scan_actions | faction_nbpd_benelli_m2_SE.png
[  39% ] _update_scan_actions | faction_nbpd_benelli_m2_SW.png
[  39% ] _update_scan_actions | faction_nbpd_benelli_m4_SE.png
[  39% ] _update_scan_actions | faction_nbpd_benelli_m4_SW.png
[  39% ] _update_scan_actions | faction_nbpd_cz75_SE.png
[  39% ] _update_scan_actions | faction_nbpd_cz75_SW.png
[  39% ] _update_scan_actions | faction_nbpd_desert_eagle_SE.png
[  39% ] _update_scan_actions | faction_nbpd_desert_eagle_SW.png
[  39% ] _update_scan_actions | faction_nbpd_five_seven_SE.png
[  39% ] _update_scan_actions | faction_nbpd_five_seven_SW.png
[  39% ] _update_scan_actions | faction_nbpd_g36c_SE.png
[  39% ] _update_scan_actions | faction_nbpd_g36c_SW.png
[  39% ] _update_scan_actions | faction_nbpd_glock_17_SE.png
[  39% ] _update_scan_actions | faction_nbpd_glock_17_SW.png
[  39% ] _update_scan_actions | faction_nbpd_m4a1_SE.png
[  39% ] _update_scan_actions | faction_nbpd_m4a1_SW.png
[  39% ] _update_scan_actions | faction_nbpd_m1911_SE.png
[  39% ] _update_scan_actions | faction_nbpd_m1911_SW.png
[  39% ] _update_scan_actions | faction_nbpd_mac10_SE.png
[  39% ] _update_scan_actions | faction_nbpd_mac10_SW.png
[  39% ] _update_scan_actions | faction_nbpd_mini14_SE.png
[  39% ] _update_scan_actions | faction_nbpd_mini14_SW.png
[  39% ] _update_scan_actions | faction_nbpd_moss500_SE.png
[  39% ] _update_scan_actions | faction_nbpd_moss500_SW.png
[  39% ] _update_scan_actions | faction_nbpd_mp5k_SE.png
[  39% ] _update_scan_actions | faction_nbpd_mp5k_SW.png
[  39% ] _update_scan_actions | faction_nbpd_mp5_SE.png
[  39% ] _update_scan_actions | faction_nbpd_mp5_SW.png
[  39% ] _update_scan_actions | faction_nbpd_p90_SE.png
[  39% ] _update_scan_actions | faction_nbpd_p90_SW.png
[  39% ] _update_scan_actions | faction_nbpd_psg1_SE.png
[  39% ] _update_scan_actions | faction_nbpd_psg1_SW.png
[  39% ] _update_scan_actions | faction_nbpd_rem700_SE.png
[  39% ] _update_scan_actions | faction_nbpd_rem700_SW.png
[  39% ] _update_scan_actions | faction_nbpd_rem870_SE.png
[  39% ] _update_scan_actions | faction_nbpd_rem870_SW.png
[  40% ] _update_scan_actions | faction_nbpd_saiga12_SE.png
[  40% ] _update_scan_actions | faction_nbpd_saiga12_SW.png
[  40% ] _update_scan_actions | faction_nbpd_scar_h_SE.png
[  40% ] _update_scan_actions | faction_nbpd_scar_h_SW.png
[  40% ] _update_scan_actions | faction_nbpd_sks_SE.png
[  40% ] _update_scan_actions | faction_nbpd_sks_SW.png
[  40% ] _update_scan_actions | faction_nbpd_spas12_SE.png
[  40% ] _update_scan_actions | faction_nbpd_spas12_SW.png
[  40% ] _update_scan_actions | faction_nbpd_ssg69_SE.png
[  40% ] _update_scan_actions | faction_nbpd_ssg69_SW.png
[  40% ] _update_scan_actions | faction_nbpd_svd_SE.png
[  40% ] _update_scan_actions | faction_nbpd_svd_SW.png
[  40% ] _update_scan_actions | faction_nbpd_usp_SE.png
[  40% ] _update_scan_actions | faction_nbpd_usp_SW.png
[  40% ] _update_scan_actions | faction_nbpd_uzi_SE.png
[  40% ] _update_scan_actions | faction_nbpd_uzi_SW.png
[  40% ] _update_scan_actions | faction_nbpd_vector_SE.png
[  40% ] _update_scan_actions | faction_nbpd_vector_SW.png
[  40% ] _update_scan_actions | faction_orlov_sniper_awm_SE.png
[  40% ] _update_scan_actions | faction_orlov_sniper_awm_SW.png
[  40% ] _update_scan_actions | faction_orlov_sniper_psg1_SE.png
[  40% ] _update_scan_actions | faction_orlov_sniper_psg1_SW.png
[  40% ] _update_scan_actions | faction_orlov_sniper_rem700_SE.png
[  40% ] _update_scan_actions | faction_orlov_sniper_rem700_SW.png
[  40% ] _update_scan_actions | faction_orlov_sniper_sks_SE.png
[  40% ] _update_scan_actions | faction_orlov_sniper_sks_SW.png
[  40% ] _update_scan_actions | faction_orlov_sniper_ssg69_SE.png
[  40% ] _update_scan_actions | faction_orlov_sniper_ssg69_SW.png
[  40% ] _update_scan_actions | faction_orlov_sniper_svd_SE.png
[  40% ] _update_scan_actions | faction_orlov_sniper_svd_SW.png
[  40% ] _update_scan_actions | faction_ravicci_ak47_SE.png
[  40% ] _update_scan_actions | faction_ravicci_ak47_SW.png
[  40% ] _update_scan_actions | faction_ravicci_aug_SE.png
[  40% ] _update_scan_actions | faction_ravicci_aug_SW.png
[  40% ] _update_scan_actions | faction_ravicci_awm_SE.png
[  41% ] _update_scan_actions | faction_ravicci_awm_SW.png
[  41% ] _update_scan_actions | faction_ravicci_benelli_m2_SE.png
[  41% ] _update_scan_actions | faction_ravicci_benelli_m2_SW.png
[  41% ] _update_scan_actions | faction_ravicci_benelli_m4_SE.png
[  41% ] _update_scan_actions | faction_ravicci_benelli_m4_SW.png
[  41% ] _update_scan_actions | faction_ravicci_cz75_SE.png
[  41% ] _update_scan_actions | faction_ravicci_cz75_SW.png
[  41% ] _update_scan_actions | faction_ravicci_desert_eagle_SE.png
[  41% ] _update_scan_actions | faction_ravicci_desert_eagle_SW.png
[  41% ] _update_scan_actions | faction_ravicci_five_seven_SE.png
[  41% ] _update_scan_actions | faction_ravicci_five_seven_SW.png
[  41% ] _update_scan_actions | faction_ravicci_g36c_SE.png
[  41% ] _update_scan_actions | faction_ravicci_g36c_SW.png
[  41% ] _update_scan_actions | faction_ravicci_glock_17_SE.png
[  41% ] _update_scan_actions | faction_ravicci_glock_17_SW.png
[  41% ] _update_scan_actions | faction_ravicci_m4a1_SE.png
[  41% ] _update_scan_actions | faction_ravicci_m4a1_SW.png
[  41% ] _update_scan_actions | faction_ravicci_m1911_SE.png
[  41% ] _update_scan_actions | faction_ravicci_m1911_SW.png
[  41% ] _update_scan_actions | faction_ravicci_mac10_SE.png
[  41% ] _update_scan_actions | faction_ravicci_mac10_SW.png
[  41% ] _update_scan_actions | faction_ravicci_mini14_SE.png
[  41% ] _update_scan_actions | faction_ravicci_mini14_SW.png
[  41% ] _update_scan_actions | faction_ravicci_moss500_SE.png
[  41% ] _update_scan_actions | faction_ravicci_moss500_SW.png
[  41% ] _update_scan_actions | faction_ravicci_mp5k_SE.png
[  41% ] _update_scan_actions | faction_ravicci_mp5k_SW.png
[  41% ] _update_scan_actions | faction_ravicci_mp5_SE.png
[  41% ] _update_scan_actions | faction_ravicci_mp5_SW.png
[  41% ] _update_scan_actions | faction_ravicci_p90_SE.png
[  41% ] _update_scan_actions | faction_ravicci_p90_SW.png
[  41% ] _update_scan_actions | faction_ravicci_psg1_SE.png
[  41% ] _update_scan_actions | faction_ravicci_psg1_SW.png
[  41% ] _update_scan_actions | faction_ravicci_rem700_SE.png
[  41% ] _update_scan_actions | faction_ravicci_rem700_SW.png
[  42% ] _update_scan_actions | faction_ravicci_rem870_SE.png
[  42% ] _update_scan_actions | faction_ravicci_rem870_SW.png
[  42% ] _update_scan_actions | faction_ravicci_saiga12_SE.png
[  42% ] _update_scan_actions | faction_ravicci_saiga12_SW.png
[  42% ] _update_scan_actions | faction_ravicci_scar_h_SE.png
[  42% ] _update_scan_actions | faction_ravicci_scar_h_SW.png
[  42% ] _update_scan_actions | faction_ravicci_sks_SE.png
[  42% ] _update_scan_actions | faction_ravicci_sks_SW.png
[  42% ] _update_scan_actions | faction_ravicci_spas12_SE.png
[  42% ] _update_scan_actions | faction_ravicci_spas12_SW.png
[  42% ] _update_scan_actions | faction_ravicci_ssg69_SE.png
[  42% ] _update_scan_actions | faction_ravicci_ssg69_SW.png
[  42% ] _update_scan_actions | faction_ravicci_svd_SE.png
[  42% ] _update_scan_actions | faction_ravicci_svd_SW.png
[  42% ] _update_scan_actions | faction_ravicci_usp_SE.png
[  42% ] _update_scan_actions | faction_ravicci_usp_SW.png
[  42% ] _update_scan_actions | faction_ravicci_uzi_SE.png
[  42% ] _update_scan_actions | faction_ravicci_uzi_SW.png
[  42% ] _update_scan_actions | faction_ravicci_vector_SE.png
[  42% ] _update_scan_actions | faction_ravicci_vector_SW.png
[  42% ] _update_scan_actions | faction_saffar_ak47_SE.png
[  42% ] _update_scan_actions | faction_saffar_ak47_SW.png
[  42% ] _update_scan_actions | faction_saffar_aug_SE.png
[  42% ] _update_scan_actions | faction_saffar_aug_SW.png
[  42% ] _update_scan_actions | faction_saffar_awm_SE.png
[  42% ] _update_scan_actions | faction_saffar_awm_SW.png
[  42% ] _update_scan_actions | faction_saffar_benelli_m2_SE.png
[  42% ] _update_scan_actions | faction_saffar_benelli_m2_SW.png
[  42% ] _update_scan_actions | faction_saffar_benelli_m4_SE.png
[  42% ] _update_scan_actions | faction_saffar_benelli_m4_SW.png
[  42% ] _update_scan_actions | faction_saffar_cz75_SE.png
[  42% ] _update_scan_actions | faction_saffar_cz75_SW.png
[  42% ] _update_scan_actions | faction_saffar_desert_eagle_SE.png
[  42% ] _update_scan_actions | faction_saffar_desert_eagle_SW.png
[  42% ] _update_scan_actions | faction_saffar_five_seven_SE.png
[  42% ] _update_scan_actions | faction_saffar_five_seven_SW.png
[  43% ] _update_scan_actions | faction_saffar_g36c_SE.png
[  43% ] _update_scan_actions | faction_saffar_g36c_SW.png
[  43% ] _update_scan_actions | faction_saffar_glock_17_SE.png
[  43% ] _update_scan_actions | faction_saffar_glock_17_SW.png
[  43% ] _update_scan_actions | faction_saffar_m4a1_SE.png
[  43% ] _update_scan_actions | faction_saffar_m4a1_SW.png
[  43% ] _update_scan_actions | faction_saffar_m1911_SE.png
[  43% ] _update_scan_actions | faction_saffar_m1911_SW.png
[  43% ] _update_scan_actions | faction_saffar_mac10_SE.png
[  43% ] _update_scan_actions | faction_saffar_mac10_SW.png
[  43% ] _update_scan_actions | faction_saffar_mini14_SE.png
[  43% ] _update_scan_actions | faction_saffar_mini14_SW.png
[  43% ] _update_scan_actions | faction_saffar_moss500_SE.png
[  43% ] _update_scan_actions | faction_saffar_moss500_SW.png
[  43% ] _update_scan_actions | faction_saffar_mp5k_SE.png
[  43% ] _update_scan_actions | faction_saffar_mp5k_SW.png
[  43% ] _update_scan_actions | faction_saffar_mp5_SE.png
[  43% ] _update_scan_actions | faction_saffar_mp5_SW.png
[  43% ] _update_scan_actions | faction_saffar_p90_SE.png
[  43% ] _update_scan_actions | faction_saffar_p90_SW.png
[  43% ] _update_scan_actions | faction_saffar_psg1_SE.png
[  43% ] _update_scan_actions | faction_saffar_psg1_SW.png
[  43% ] _update_scan_actions | faction_saffar_rem700_SE.png
[  43% ] _update_scan_actions | faction_saffar_rem700_SW.png
[  43% ] _update_scan_actions | faction_saffar_rem870_SE.png
[  43% ] _update_scan_actions | faction_saffar_rem870_SW.png
[  43% ] _update_scan_actions | faction_saffar_saiga12_SE.png
[  43% ] _update_scan_actions | faction_saffar_saiga12_SW.png
[  43% ] _update_scan_actions | faction_saffar_scar_h_SE.png
[  43% ] _update_scan_actions | faction_saffar_scar_h_SW.png
[  43% ] _update_scan_actions | faction_saffar_sks_SE.png
[  43% ] _update_scan_actions | faction_saffar_sks_SW.png
[  43% ] _update_scan_actions | faction_saffar_spas12_SE.png
[  43% ] _update_scan_actions | faction_saffar_spas12_SW.png
[  43% ] _update_scan_actions | faction_saffar_ssg69_SE.png
[  44% ] _update_scan_actions | faction_saffar_ssg69_SW.png
[  44% ] _update_scan_actions | faction_saffar_svd_SE.png
[  44% ] _update_scan_actions | faction_saffar_svd_SW.png
[  44% ] _update_scan_actions | faction_saffar_usp_SE.png
[  44% ] _update_scan_actions | faction_saffar_usp_SW.png
[  44% ] _update_scan_actions | faction_saffar_uzi_SE.png
[  44% ] _update_scan_actions | faction_saffar_uzi_SW.png
[  44% ] _update_scan_actions | faction_saffar_vector_SE.png
[  44% ] _update_scan_actions | faction_saffar_vector_SW.png
[  44% ] _update_scan_actions | faction_sand_raiders_ak47_SE.png
[  44% ] _update_scan_actions | faction_sand_raiders_ak47_SW.png
[  44% ] _update_scan_actions | faction_sand_raiders_aug_SE.png
[  44% ] _update_scan_actions | faction_sand_raiders_aug_SW.png
[  44% ] _update_scan_actions | faction_sand_raiders_awm_SE.png
[  44% ] _update_scan_actions | faction_sand_raiders_awm_SW.png
[  44% ] _update_scan_actions | faction_sand_raiders_benelli_m2_SE.png
[  44% ] _update_scan_actions | faction_sand_raiders_benelli_m2_SW.png
[  44% ] _update_scan_actions | faction_sand_raiders_benelli_m4_SE.png
[  44% ] _update_scan_actions | faction_sand_raiders_benelli_m4_SW.png
[  44% ] _update_scan_actions | faction_sand_raiders_cz75_SE.png
[  44% ] _update_scan_actions | faction_sand_raiders_cz75_SW.png
[  44% ] _update_scan_actions | faction_sand_raiders_desert_eagle_SE.png
[  44% ] _update_scan_actions | faction_sand_raiders_desert_eagle_SW.png
[  44% ] _update_scan_actions | faction_sand_raiders_five_seven_SE.png
[  44% ] _update_scan_actions | faction_sand_raiders_five_seven_SW.png
[  44% ] _update_scan_actions | faction_sand_raiders_g36c_SE.png
[  44% ] _update_scan_actions | faction_sand_raiders_g36c_SW.png
[  44% ] _update_scan_actions | faction_sand_raiders_glock_17_SE.png
[  44% ] _update_scan_actions | faction_sand_raiders_glock_17_SW.png
[  44% ] _update_scan_actions | faction_sand_raiders_m4a1_SE.png
[  44% ] _update_scan_actions | faction_sand_raiders_m4a1_SW.png
[  44% ] _update_scan_actions | faction_sand_raiders_m1911_SE.png
[  44% ] _update_scan_actions | faction_sand_raiders_m1911_SW.png
[  44% ] _update_scan_actions | faction_sand_raiders_mac10_SE.png
[  44% ] _update_scan_actions | faction_sand_raiders_mac10_SW.png
[  45% ] _update_scan_actions | faction_sand_raiders_mini14_SE.png
[  45% ] _update_scan_actions | faction_sand_raiders_mini14_SW.png
[  45% ] _update_scan_actions | faction_sand_raiders_moss500_SE.png
[  45% ] _update_scan_actions | faction_sand_raiders_moss500_SW.png
[  45% ] _update_scan_actions | faction_sand_raiders_mp5k_SE.png
[  45% ] _update_scan_actions | faction_sand_raiders_mp5k_SW.png
[  45% ] _update_scan_actions | faction_sand_raiders_mp5_SE.png
[  45% ] _update_scan_actions | faction_sand_raiders_mp5_SW.png
[  45% ] _update_scan_actions | faction_sand_raiders_p90_SE.png
[  45% ] _update_scan_actions | faction_sand_raiders_p90_SW.png
[  45% ] _update_scan_actions | faction_sand_raiders_psg1_SE.png
[  45% ] _update_scan_actions | faction_sand_raiders_psg1_SW.png
[  45% ] _update_scan_actions | faction_sand_raiders_rem700_SE.png
[  45% ] _update_scan_actions | faction_sand_raiders_rem700_SW.png
[  45% ] _update_scan_actions | faction_sand_raiders_rem870_SE.png
[  45% ] _update_scan_actions | faction_sand_raiders_rem870_SW.png
[  45% ] _update_scan_actions | faction_sand_raiders_saiga12_SE.png
[  45% ] _update_scan_actions | faction_sand_raiders_saiga12_SW.png
[  45% ] _update_scan_actions | faction_sand_raiders_scar_h_SE.png
[  45% ] _update_scan_actions | faction_sand_raiders_scar_h_SW.png
[  45% ] _update_scan_actions | faction_sand_raiders_sks_SE.png
[  45% ] _update_scan_actions | faction_sand_raiders_sks_SW.png
[  45% ] _update_scan_actions | faction_sand_raiders_spas12_SE.png
[  45% ] _update_scan_actions | faction_sand_raiders_spas12_SW.png
[  45% ] _update_scan_actions | faction_sand_raiders_ssg69_SE.png
[  45% ] _update_scan_actions | faction_sand_raiders_ssg69_SW.png
[  45% ] _update_scan_actions | faction_sand_raiders_svd_SE.png
[  45% ] _update_scan_actions | faction_sand_raiders_svd_SW.png
[  45% ] _update_scan_actions | faction_sand_raiders_usp_SE.png
[  45% ] _update_scan_actions | faction_sand_raiders_usp_SW.png
[  45% ] _update_scan_actions | faction_sand_raiders_uzi_SE.png
[  45% ] _update_scan_actions | faction_sand_raiders_uzi_SW.png
[  45% ] _update_scan_actions | faction_sand_raiders_vector_SE.png
[  45% ] _update_scan_actions | faction_sand_raiders_vector_SW.png
[  45% ] _update_scan_actions | faction_sierra_roja_ak47_SE.png
[  46% ] _update_scan_actions | faction_sierra_roja_ak47_SW.png
[  46% ] _update_scan_actions | faction_sierra_roja_aug_SE.png
[  46% ] _update_scan_actions | faction_sierra_roja_aug_SW.png
[  46% ] _update_scan_actions | faction_sierra_roja_awm_SE.png
[  46% ] _update_scan_actions | faction_sierra_roja_awm_SW.png
[  46% ] _update_scan_actions | faction_sierra_roja_benelli_m2_SE.png
[  46% ] _update_scan_actions | faction_sierra_roja_benelli_m2_SW.png
[  46% ] _update_scan_actions | faction_sierra_roja_benelli_m4_SE.png
[  46% ] _update_scan_actions | faction_sierra_roja_benelli_m4_SW.png
[  46% ] _update_scan_actions | faction_sierra_roja_cz75_SE.png
[  46% ] _update_scan_actions | faction_sierra_roja_cz75_SW.png
[  46% ] _update_scan_actions | faction_sierra_roja_desert_eagle_SE.png
[  46% ] _update_scan_actions | faction_sierra_roja_desert_eagle_SW.png
[  46% ] _update_scan_actions | faction_sierra_roja_five_seven_SE.png
[  46% ] _update_scan_actions | faction_sierra_roja_five_seven_SW.png
[  46% ] _update_scan_actions | faction_sierra_roja_g36c_SE.png
[  46% ] _update_scan_actions | faction_sierra_roja_g36c_SW.png
[  46% ] _update_scan_actions | faction_sierra_roja_glock_17_SE.png
[  46% ] _update_scan_actions | faction_sierra_roja_glock_17_SW.png
[  46% ] _update_scan_actions | faction_sierra_roja_m4a1_SE.png
[  46% ] _update_scan_actions | faction_sierra_roja_m4a1_SW.png
[  46% ] _update_scan_actions | faction_sierra_roja_m1911_SE.png
[  46% ] _update_scan_actions | faction_sierra_roja_m1911_SW.png
[  46% ] _update_scan_actions | faction_sierra_roja_mac10_SE.png
[  46% ] _update_scan_actions | faction_sierra_roja_mac10_SW.png
[  46% ] _update_scan_actions | faction_sierra_roja_mini14_SE.png
[  46% ] _update_scan_actions | faction_sierra_roja_mini14_SW.png
[  46% ] _update_scan_actions | faction_sierra_roja_moss500_SE.png
[  46% ] _update_scan_actions | faction_sierra_roja_moss500_SW.png
[  46% ] _update_scan_actions | faction_sierra_roja_mp5k_SE.png
[  46% ] _update_scan_actions | faction_sierra_roja_mp5k_SW.png
[  46% ] _update_scan_actions | faction_sierra_roja_mp5_SE.png
[  46% ] _update_scan_actions | faction_sierra_roja_mp5_SW.png
[  46% ] _update_scan_actions | faction_sierra_roja_p90_SE.png
[  46% ] _update_scan_actions | faction_sierra_roja_p90_SW.png
[  47% ] _update_scan_actions | faction_sierra_roja_psg1_SE.png
[  47% ] _update_scan_actions | faction_sierra_roja_psg1_SW.png
[  47% ] _update_scan_actions | faction_sierra_roja_rem700_SE.png
[  47% ] _update_scan_actions | faction_sierra_roja_rem700_SW.png
[  47% ] _update_scan_actions | faction_sierra_roja_rem870_SE.png
[  47% ] _update_scan_actions | faction_sierra_roja_rem870_SW.png
[  47% ] _update_scan_actions | faction_sierra_roja_saiga12_SE.png
[  47% ] _update_scan_actions | faction_sierra_roja_saiga12_SW.png
[  47% ] _update_scan_actions | faction_sierra_roja_scar_h_SE.png
[  47% ] _update_scan_actions | faction_sierra_roja_scar_h_SW.png
[  47% ] _update_scan_actions | faction_sierra_roja_sks_SE.png
[  47% ] _update_scan_actions | faction_sierra_roja_sks_SW.png
[  47% ] _update_scan_actions | faction_sierra_roja_spas12_SE.png
[  47% ] _update_scan_actions | faction_sierra_roja_spas12_SW.png
[  47% ] _update_scan_actions | faction_sierra_roja_ssg69_SE.png
[  47% ] _update_scan_actions | faction_sierra_roja_ssg69_SW.png
[  47% ] _update_scan_actions | faction_sierra_roja_svd_SE.png
[  47% ] _update_scan_actions | faction_sierra_roja_svd_SW.png
[  47% ] _update_scan_actions | faction_sierra_roja_usp_SE.png
[  47% ] _update_scan_actions | faction_sierra_roja_usp_SW.png
[  47% ] _update_scan_actions | faction_sierra_roja_uzi_SE.png
[  47% ] _update_scan_actions | faction_sierra_roja_uzi_SW.png
[  47% ] _update_scan_actions | faction_sierra_roja_vector_SE.png
[  47% ] _update_scan_actions | faction_sierra_roja_vector_SW.png
[  47% ] _update_scan_actions | faction_stateline_ak47_SE.png
[  47% ] _update_scan_actions | faction_stateline_ak47_SW.png
[  47% ] _update_scan_actions | faction_stateline_aug_SE.png
[  47% ] _update_scan_actions | faction_stateline_aug_SW.png
[  47% ] _update_scan_actions | faction_stateline_awm_SE.png
[  47% ] _update_scan_actions | faction_stateline_awm_SW.png
[  47% ] _update_scan_actions | faction_stateline_benelli_m2_SE.png
[  47% ] _update_scan_actions | faction_stateline_benelli_m2_SW.png
[  47% ] _update_scan_actions | faction_stateline_benelli_m4_SE.png
[  47% ] _update_scan_actions | faction_stateline_benelli_m4_SW.png
[  47% ] _update_scan_actions | faction_stateline_cz75_SE.png
[  48% ] _update_scan_actions | faction_stateline_cz75_SW.png
[  48% ] _update_scan_actions | faction_stateline_desert_eagle_SE.png
[  48% ] _update_scan_actions | faction_stateline_desert_eagle_SW.png
[  48% ] _update_scan_actions | faction_stateline_five_seven_SE.png
[  48% ] _update_scan_actions | faction_stateline_five_seven_SW.png
[  48% ] _update_scan_actions | faction_stateline_g36c_SE.png
[  48% ] _update_scan_actions | faction_stateline_g36c_SW.png
[  48% ] _update_scan_actions | faction_stateline_glock_17_SE.png
[  48% ] _update_scan_actions | faction_stateline_glock_17_SW.png
[  48% ] _update_scan_actions | faction_stateline_m4a1_SE.png
[  48% ] _update_scan_actions | faction_stateline_m4a1_SW.png
[  48% ] _update_scan_actions | faction_stateline_m1911_SE.png
[  48% ] _update_scan_actions | faction_stateline_m1911_SW.png
[  48% ] _update_scan_actions | faction_stateline_mac10_SE.png
[  48% ] _update_scan_actions | faction_stateline_mac10_SW.png
[  48% ] _update_scan_actions | faction_stateline_mini14_SE.png
[  48% ] _update_scan_actions | faction_stateline_mini14_SW.png
[  48% ] _update_scan_actions | faction_stateline_moss500_SE.png
[  48% ] _update_scan_actions | faction_stateline_moss500_SW.png
[  48% ] _update_scan_actions | faction_stateline_mp5k_SE.png
[  48% ] _update_scan_actions | faction_stateline_mp5k_SW.png
[  48% ] _update_scan_actions | faction_stateline_mp5_SE.png
[  48% ] _update_scan_actions | faction_stateline_mp5_SW.png
[  48% ] _update_scan_actions | faction_stateline_p90_SE.png
[  48% ] _update_scan_actions | faction_stateline_p90_SW.png
[  48% ] _update_scan_actions | faction_stateline_psg1_SE.png
[  48% ] _update_scan_actions | faction_stateline_psg1_SW.png
[  48% ] _update_scan_actions | faction_stateline_rem700_SE.png
[  48% ] _update_scan_actions | faction_stateline_rem700_SW.png
[  48% ] _update_scan_actions | faction_stateline_rem870_SE.png
[  48% ] _update_scan_actions | faction_stateline_rem870_SW.png
[  48% ] _update_scan_actions | faction_stateline_saiga12_SE.png
[  48% ] _update_scan_actions | faction_stateline_saiga12_SW.png
[  48% ] _update_scan_actions | faction_stateline_scar_h_SE.png
[  48% ] _update_scan_actions | faction_stateline_scar_h_SW.png
[  49% ] _update_scan_actions | faction_stateline_sks_SE.png
[  49% ] _update_scan_actions | faction_stateline_sks_SW.png
[  49% ] _update_scan_actions | faction_stateline_spas12_SE.png
[  49% ] _update_scan_actions | faction_stateline_spas12_SW.png
[  49% ] _update_scan_actions | faction_stateline_ssg69_SE.png
[  49% ] _update_scan_actions | faction_stateline_ssg69_SW.png
[  49% ] _update_scan_actions | faction_stateline_svd_SE.png
[  49% ] _update_scan_actions | faction_stateline_svd_SW.png
[  49% ] _update_scan_actions | faction_stateline_usp_SE.png
[  49% ] _update_scan_actions | faction_stateline_usp_SW.png
[  49% ] _update_scan_actions | faction_stateline_uzi_SE.png
[  49% ] _update_scan_actions | faction_stateline_uzi_SW.png
[  49% ] _update_scan_actions | faction_stateline_vector_SE.png
[  49% ] _update_scan_actions | faction_stateline_vector_SW.png
[  49% ] _update_scan_actions | faction_trc_ak47_SE.png
[  49% ] _update_scan_actions | faction_trc_ak47_SW.png
[  49% ] _update_scan_actions | faction_trc_aug_SE.png
[  49% ] _update_scan_actions | faction_trc_aug_SW.png
[  49% ] _update_scan_actions | faction_trc_awm_SE.png
[  49% ] _update_scan_actions | faction_trc_awm_SW.png
[  49% ] _update_scan_actions | faction_trc_benelli_m2_SE.png
[  49% ] _update_scan_actions | faction_trc_benelli_m2_SW.png
[  49% ] _update_scan_actions | faction_trc_benelli_m4_SE.png
[  49% ] _update_scan_actions | faction_trc_benelli_m4_SW.png
[  49% ] _update_scan_actions | faction_trc_cz75_SE.png
[  49% ] _update_scan_actions | faction_trc_cz75_SW.png
[  49% ] _update_scan_actions | faction_trc_desert_eagle_SE.png
[  49% ] _update_scan_actions | faction_trc_desert_eagle_SW.png
[  49% ] _update_scan_actions | faction_trc_five_seven_SE.png
[  49% ] _update_scan_actions | faction_trc_five_seven_SW.png
[  49% ] _update_scan_actions | faction_trc_g36c_SE.png
[  49% ] _update_scan_actions | faction_trc_g36c_SW.png
[  49% ] _update_scan_actions | faction_trc_glock_17_SE.png
[  49% ] _update_scan_actions | faction_trc_glock_17_SW.png
[  49% ] _update_scan_actions | faction_trc_m4a1_SE.png
[  50% ] _update_scan_actions | faction_trc_m4a1_SW.png
[  50% ] _update_scan_actions | faction_trc_m1911_SE.png
[  50% ] _update_scan_actions | faction_trc_m1911_SW.png
[  50% ] _update_scan_actions | faction_trc_mac10_SE.png
[  50% ] _update_scan_actions | faction_trc_mac10_SW.png
[  50% ] _update_scan_actions | faction_trc_mini14_SE.png
[  50% ] _update_scan_actions | faction_trc_mini14_SW.png
[  50% ] _update_scan_actions | faction_trc_moss500_SE.png
[  50% ] _update_scan_actions | faction_trc_moss500_SW.png
[  50% ] _update_scan_actions | faction_trc_mp5k_SE.png
[  50% ] _update_scan_actions | faction_trc_mp5k_SW.png
[  50% ] _update_scan_actions | faction_trc_mp5_SE.png
[  50% ] _update_scan_actions | faction_trc_mp5_SW.png
[  50% ] _update_scan_actions | faction_trc_p90_SE.png
[  50% ] _update_scan_actions | faction_trc_p90_SW.png
[  50% ] _update_scan_actions | faction_trc_psg1_SE.png
[  50% ] _update_scan_actions | faction_trc_psg1_SW.png
[  50% ] _update_scan_actions | faction_trc_rem700_SE.png
[  50% ] _update_scan_actions | faction_trc_rem700_SW.png
[  50% ] _update_scan_actions | faction_trc_rem870_SE.png
[  50% ] _update_scan_actions | faction_trc_rem870_SW.png
[  50% ] _update_scan_actions | faction_trc_saiga12_SE.png
[  50% ] _update_scan_actions | faction_trc_saiga12_SW.png
[  50% ] _update_scan_actions | faction_trc_scar_h_SE.png
[  50% ] _update_scan_actions | faction_trc_scar_h_SW.png
[  50% ] _update_scan_actions | faction_trc_sks_SE.png
[  50% ] _update_scan_actions | faction_trc_sks_SW.png
[  50% ] _update_scan_actions | faction_trc_spas12_SE.png
[  50% ] _update_scan_actions | faction_trc_spas12_SW.png
[  50% ] _update_scan_actions | faction_trc_ssg69_SE.png
[  50% ] _update_scan_actions | faction_trc_ssg69_SW.png
[  50% ] _update_scan_actions | faction_trc_svd_SE.png
[  50% ] _update_scan_actions | faction_trc_svd_SW.png
[  50% ] _update_scan_actions | faction_trc_usp_SE.png
[  50% ] _update_scan_actions | faction_trc_usp_SW.png
[  51% ] _update_scan_actions | faction_trc_uzi_SE.png
[  51% ] _update_scan_actions | faction_trc_uzi_SW.png
[  51% ] _update_scan_actions | faction_trc_vector_SE.png
[  51% ] _update_scan_actions | faction_trc_vector_SW.png
[  51% ] _update_scan_actions | faction_union_sur_ak47_SE.png
[  51% ] _update_scan_actions | faction_union_sur_ak47_SW.png
[  51% ] _update_scan_actions | faction_union_sur_aug_SE.png
[  51% ] _update_scan_actions | faction_union_sur_aug_SW.png
[  51% ] _update_scan_actions | faction_union_sur_awm_SE.png
[  51% ] _update_scan_actions | faction_union_sur_awm_SW.png
[  51% ] _update_scan_actions | faction_union_sur_benelli_m2_SE.png
[  51% ] _update_scan_actions | faction_union_sur_benelli_m2_SW.png
[  51% ] _update_scan_actions | faction_union_sur_benelli_m4_SE.png
[  51% ] _update_scan_actions | faction_union_sur_benelli_m4_SW.png
[  51% ] _update_scan_actions | faction_union_sur_cz75_SE.png
[  51% ] _update_scan_actions | faction_union_sur_cz75_SW.png
[  51% ] _update_scan_actions | faction_union_sur_desert_eagle_SE.png
[  51% ] _update_scan_actions | faction_union_sur_desert_eagle_SW.png
[  51% ] _update_scan_actions | faction_union_sur_five_seven_SE.png
[  51% ] _update_scan_actions | faction_union_sur_five_seven_SW.png
[  51% ] _update_scan_actions | faction_union_sur_g36c_SE.png
[  51% ] _update_scan_actions | faction_union_sur_g36c_SW.png
[  51% ] _update_scan_actions | faction_union_sur_glock_17_SE.png
[  51% ] _update_scan_actions | faction_union_sur_glock_17_SW.png
[  51% ] _update_scan_actions | faction_union_sur_m4a1_SE.png
[  51% ] _update_scan_actions | faction_union_sur_m4a1_SW.png
[  51% ] _update_scan_actions | faction_union_sur_m1911_SE.png
[  51% ] _update_scan_actions | faction_union_sur_m1911_SW.png
[  51% ] _update_scan_actions | faction_union_sur_mac10_SE.png
[  51% ] _update_scan_actions | faction_union_sur_mac10_SW.png
[  51% ] _update_scan_actions | faction_union_sur_mini14_SE.png
[  51% ] _update_scan_actions | faction_union_sur_mini14_SW.png
[  51% ] _update_scan_actions | faction_union_sur_moss500_SE.png
[  51% ] _update_scan_actions | faction_union_sur_moss500_SW.png
[  51% ] _update_scan_actions | faction_union_sur_mp5k_SE.png
[  52% ] _update_scan_actions | faction_union_sur_mp5k_SW.png
[  52% ] _update_scan_actions | faction_union_sur_mp5_SE.png
[  52% ] _update_scan_actions | faction_union_sur_mp5_SW.png
[  52% ] _update_scan_actions | faction_union_sur_p90_SE.png
[  52% ] _update_scan_actions | faction_union_sur_p90_SW.png
[  52% ] _update_scan_actions | faction_union_sur_psg1_SE.png
[  52% ] _update_scan_actions | faction_union_sur_psg1_SW.png
[  52% ] _update_scan_actions | faction_union_sur_rem700_SE.png
[  52% ] _update_scan_actions | faction_union_sur_rem700_SW.png
[  52% ] _update_scan_actions | faction_union_sur_rem870_SE.png
[  52% ] _update_scan_actions | faction_union_sur_rem870_SW.png
[  52% ] _update_scan_actions | faction_union_sur_saiga12_SE.png
[  52% ] _update_scan_actions | faction_union_sur_saiga12_SW.png
[  52% ] _update_scan_actions | faction_union_sur_scar_h_SE.png
[  52% ] _update_scan_actions | faction_union_sur_scar_h_SW.png
[  52% ] _update_scan_actions | faction_union_sur_sks_SE.png
[  52% ] _update_scan_actions | faction_union_sur_sks_SW.png
[  52% ] _update_scan_actions | faction_union_sur_spas12_SE.png
[  52% ] _update_scan_actions | faction_union_sur_spas12_SW.png
[  52% ] _update_scan_actions | faction_union_sur_ssg69_SE.png
[  52% ] _update_scan_actions | faction_union_sur_ssg69_SW.png
[  52% ] _update_scan_actions | faction_union_sur_svd_SE.png
[  52% ] _update_scan_actions | faction_union_sur_svd_SW.png
[  52% ] _update_scan_actions | faction_union_sur_usp_SE.png
[  52% ] _update_scan_actions | faction_union_sur_usp_SW.png
[  52% ] _update_scan_actions | faction_union_sur_uzi_SE.png
[  52% ] _update_scan_actions | faction_union_sur_uzi_SW.png
[  52% ] _update_scan_actions | faction_union_sur_vector_SE.png
[  52% ] _update_scan_actions | faction_union_sur_vector_SW.png
[  52% ] _update_scan_actions | faction_ventresca_ak47_SE.png
[  52% ] _update_scan_actions | faction_ventresca_ak47_SW.png
[  52% ] _update_scan_actions | faction_ventresca_aug_SE.png
[  52% ] _update_scan_actions | faction_ventresca_aug_SW.png
[  52% ] _update_scan_actions | faction_ventresca_awm_SE.png
[  52% ] _update_scan_actions | faction_ventresca_awm_SW.png
[  53% ] _update_scan_actions | faction_ventresca_benelli_m2_SE.png
[  53% ] _update_scan_actions | faction_ventresca_benelli_m2_SW.png
[  53% ] _update_scan_actions | faction_ventresca_benelli_m4_SE.png
[  53% ] _update_scan_actions | faction_ventresca_benelli_m4_SW.png
[  53% ] _update_scan_actions | faction_ventresca_cz75_SE.png
[  53% ] _update_scan_actions | faction_ventresca_cz75_SW.png
[  53% ] _update_scan_actions | faction_ventresca_desert_eagle_SE.png
[  53% ] _update_scan_actions | faction_ventresca_desert_eagle_SW.png
[  53% ] _update_scan_actions | faction_ventresca_five_seven_SE.png
[  53% ] _update_scan_actions | faction_ventresca_five_seven_SW.png
[  53% ] _update_scan_actions | faction_ventresca_g36c_SE.png
[  53% ] _update_scan_actions | faction_ventresca_g36c_SW.png
[  53% ] _update_scan_actions | faction_ventresca_glock_17_SE.png
[  53% ] _update_scan_actions | faction_ventresca_glock_17_SW.png
[  53% ] _update_scan_actions | faction_ventresca_m4a1_SE.png
[  53% ] _update_scan_actions | faction_ventresca_m4a1_SW.png
[  53% ] _update_scan_actions | faction_ventresca_m1911_SE.png
[  53% ] _update_scan_actions | faction_ventresca_m1911_SW.png
[  53% ] _update_scan_actions | faction_ventresca_mac10_SE.png
[  53% ] _update_scan_actions | faction_ventresca_mac10_SW.png
[  53% ] _update_scan_actions | faction_ventresca_mini14_SE.png
[  53% ] _update_scan_actions | faction_ventresca_mini14_SW.png
[  53% ] _update_scan_actions | faction_ventresca_moss500_SE.png
[  53% ] _update_scan_actions | faction_ventresca_moss500_SW.png
[  53% ] _update_scan_actions | faction_ventresca_mp5k_SE.png
[  53% ] _update_scan_actions | faction_ventresca_mp5k_SW.png
[  53% ] _update_scan_actions | faction_ventresca_mp5_SE.png
[  53% ] _update_scan_actions | faction_ventresca_mp5_SW.png
[  53% ] _update_scan_actions | faction_ventresca_p90_SE.png
[  53% ] _update_scan_actions | faction_ventresca_p90_SW.png
[  53% ] _update_scan_actions | faction_ventresca_psg1_SE.png
[  53% ] _update_scan_actions | faction_ventresca_psg1_SW.png
[  53% ] _update_scan_actions | faction_ventresca_rem700_SE.png
[  53% ] _update_scan_actions | faction_ventresca_rem700_SW.png
[  53% ] _update_scan_actions | faction_ventresca_rem870_SE.png
[  54% ] _update_scan_actions | faction_ventresca_rem870_SW.png
[  54% ] _update_scan_actions | faction_ventresca_saiga12_SE.png
[  54% ] _update_scan_actions | faction_ventresca_saiga12_SW.png
[  54% ] _update_scan_actions | faction_ventresca_scar_h_SE.png
[  54% ] _update_scan_actions | faction_ventresca_scar_h_SW.png
[  54% ] _update_scan_actions | faction_ventresca_sks_SE.png
[  54% ] _update_scan_actions | faction_ventresca_sks_SW.png
[  54% ] _update_scan_actions | faction_ventresca_spas12_SE.png
[  54% ] _update_scan_actions | faction_ventresca_spas12_SW.png
[  54% ] _update_scan_actions | faction_ventresca_ssg69_SE.png
[  54% ] _update_scan_actions | faction_ventresca_ssg69_SW.png
[  54% ] _update_scan_actions | faction_ventresca_svd_SE.png
[  54% ] _update_scan_actions | faction_ventresca_svd_SW.png
[  54% ] _update_scan_actions | faction_ventresca_usp_SE.png
[  54% ] _update_scan_actions | faction_ventresca_usp_SW.png
[  54% ] _update_scan_actions | faction_ventresca_uzi_SE.png
[  54% ] _update_scan_actions | faction_ventresca_uzi_SW.png
[  54% ] _update_scan_actions | faction_ventresca_vector_SE.png
[  54% ] _update_scan_actions | faction_ventresca_vector_SW.png
[  54% ] _update_scan_actions | faction_whittaker_ak47_SE.png
[  54% ] _update_scan_actions | faction_whittaker_ak47_SW.png
[  54% ] _update_scan_actions | faction_whittaker_aug_SE.png
[  54% ] _update_scan_actions | faction_whittaker_aug_SW.png
[  54% ] _update_scan_actions | faction_whittaker_awm_SE.png
[  54% ] _update_scan_actions | faction_whittaker_awm_SW.png
[  54% ] _update_scan_actions | faction_whittaker_benelli_m2_SE.png
[  54% ] _update_scan_actions | faction_whittaker_benelli_m2_SW.png
[  54% ] _update_scan_actions | faction_whittaker_benelli_m4_SE.png
[  54% ] _update_scan_actions | faction_whittaker_benelli_m4_SW.png
[  54% ] _update_scan_actions | faction_whittaker_cz75_SE.png
[  54% ] _update_scan_actions | faction_whittaker_cz75_SW.png
[  54% ] _update_scan_actions | faction_whittaker_desert_eagle_SE.png
[  54% ] _update_scan_actions | faction_whittaker_desert_eagle_SW.png
[  54% ] _update_scan_actions | faction_whittaker_five_seven_SE.png
[  54% ] _update_scan_actions | faction_whittaker_five_seven_SW.png
[  55% ] _update_scan_actions | faction_whittaker_g36c_SE.png
[  55% ] _update_scan_actions | faction_whittaker_g36c_SW.png
[  55% ] _update_scan_actions | faction_whittaker_glock_17_SE.png
[  55% ] _update_scan_actions | faction_whittaker_glock_17_SW.png
[  55% ] _update_scan_actions | faction_whittaker_m4a1_SE.png
[  55% ] _update_scan_actions | faction_whittaker_m4a1_SW.png
[  55% ] _update_scan_actions | faction_whittaker_m1911_SE.png
[  55% ] _update_scan_actions | faction_whittaker_m1911_SW.png
[  55% ] _update_scan_actions | faction_whittaker_mac10_SE.png
[  55% ] _update_scan_actions | faction_whittaker_mac10_SW.png
[  55% ] _update_scan_actions | faction_whittaker_mini14_SE.png
[  55% ] _update_scan_actions | faction_whittaker_mini14_SW.png
[  55% ] _update_scan_actions | faction_whittaker_moss500_SE.png
[  55% ] _update_scan_actions | faction_whittaker_moss500_SW.png
[  55% ] _update_scan_actions | faction_whittaker_mp5k_SE.png
[  55% ] _update_scan_actions | faction_whittaker_mp5k_SW.png
[  55% ] _update_scan_actions | faction_whittaker_mp5_SE.png
[  55% ] _update_scan_actions | faction_whittaker_mp5_SW.png
[  55% ] _update_scan_actions | faction_whittaker_p90_SE.png
[  55% ] _update_scan_actions | faction_whittaker_p90_SW.png
[  55% ] _update_scan_actions | faction_whittaker_psg1_SE.png
[  55% ] _update_scan_actions | faction_whittaker_psg1_SW.png
[  55% ] _update_scan_actions | faction_whittaker_rem700_SE.png
[  55% ] _update_scan_actions | faction_whittaker_rem700_SW.png
[  55% ] _update_scan_actions | faction_whittaker_rem870_SE.png
[  55% ] _update_scan_actions | faction_whittaker_rem870_SW.png
[  55% ] _update_scan_actions | faction_whittaker_saiga12_SE.png
[  55% ] _update_scan_actions | faction_whittaker_saiga12_SW.png
[  55% ] _update_scan_actions | faction_whittaker_scar_h_SE.png
[  55% ] _update_scan_actions | faction_whittaker_scar_h_SW.png
[  55% ] _update_scan_actions | faction_whittaker_sks_SE.png
[  55% ] _update_scan_actions | faction_whittaker_sks_SW.png
[  55% ] _update_scan_actions | faction_whittaker_spas12_SE.png
[  55% ] _update_scan_actions | faction_whittaker_spas12_SW.png
[  55% ] _update_scan_actions | faction_whittaker_ssg69_SE.png
[  56% ] _update_scan_actions | faction_whittaker_ssg69_SW.png
[  56% ] _update_scan_actions | faction_whittaker_svd_SE.png
[  56% ] _update_scan_actions | faction_whittaker_svd_SW.png
[  56% ] _update_scan_actions | faction_whittaker_usp_SE.png
[  56% ] _update_scan_actions | faction_whittaker_usp_SW.png
[  56% ] _update_scan_actions | faction_whittaker_uzi_SE.png
[  56% ] _update_scan_actions | faction_whittaker_uzi_SW.png
[  56% ] _update_scan_actions | faction_whittaker_vector_SE.png
[  56% ] _update_scan_actions | faction_whittaker_vector_SW.png
[  56% ] _update_scan_actions | faction_wm_corp_ak47_SE.png
[  56% ] _update_scan_actions | faction_wm_corp_ak47_SW.png
[  56% ] _update_scan_actions | faction_wm_corp_aug_SE.png
[  56% ] _update_scan_actions | faction_wm_corp_aug_SW.png
[  56% ] _update_scan_actions | faction_wm_corp_awm_SE.png
[  56% ] _update_scan_actions | faction_wm_corp_awm_SW.png
[  56% ] _update_scan_actions | faction_wm_corp_benelli_m2_SE.png
[  56% ] _update_scan_actions | faction_wm_corp_benelli_m2_SW.png
[  56% ] _update_scan_actions | faction_wm_corp_benelli_m4_SE.png
[  56% ] _update_scan_actions | faction_wm_corp_benelli_m4_SW.png
[  56% ] _update_scan_actions | faction_wm_corp_cz75_SE.png
[  56% ] _update_scan_actions | faction_wm_corp_cz75_SW.png
[  56% ] _update_scan_actions | faction_wm_corp_desert_eagle_SE.png
[  56% ] _update_scan_actions | faction_wm_corp_desert_eagle_SW.png
[  56% ] _update_scan_actions | faction_wm_corp_five_seven_SE.png
[  56% ] _update_scan_actions | faction_wm_corp_five_seven_SW.png
[  56% ] _update_scan_actions | faction_wm_corp_g36c_SE.png
[  56% ] _update_scan_actions | faction_wm_corp_g36c_SW.png
[  56% ] _update_scan_actions | faction_wm_corp_glock_17_SE.png
[  56% ] _update_scan_actions | faction_wm_corp_glock_17_SW.png
[  56% ] _update_scan_actions | faction_wm_corp_m4a1_SE.png
[  56% ] _update_scan_actions | faction_wm_corp_m4a1_SW.png
[  56% ] _update_scan_actions | faction_wm_corp_m1911_SE.png
[  56% ] _update_scan_actions | faction_wm_corp_m1911_SW.png
[  56% ] _update_scan_actions | faction_wm_corp_mac10_SE.png
[  56% ] _update_scan_actions | faction_wm_corp_mac10_SW.png
[  57% ] _update_scan_actions | faction_wm_corp_mini14_SE.png
[  57% ] _update_scan_actions | faction_wm_corp_mini14_SW.png
[  57% ] _update_scan_actions | faction_wm_corp_moss500_SE.png
[  57% ] _update_scan_actions | faction_wm_corp_moss500_SW.png
[  57% ] _update_scan_actions | faction_wm_corp_mp5k_SE.png
[  57% ] _update_scan_actions | faction_wm_corp_mp5k_SW.png
[  57% ] _update_scan_actions | faction_wm_corp_mp5_SE.png
[  57% ] _update_scan_actions | faction_wm_corp_mp5_SW.png
[  57% ] _update_scan_actions | faction_wm_corp_p90_SE.png
[  57% ] _update_scan_actions | faction_wm_corp_p90_SW.png
[  57% ] _update_scan_actions | faction_wm_corp_psg1_SE.png
[  57% ] _update_scan_actions | faction_wm_corp_psg1_SW.png
[  57% ] _update_scan_actions | faction_wm_corp_rem700_SE.png
[  57% ] _update_scan_actions | faction_wm_corp_rem700_SW.png
[  57% ] _update_scan_actions | faction_wm_corp_rem870_SE.png
[  57% ] _update_scan_actions | faction_wm_corp_rem870_SW.png
[  57% ] _update_scan_actions | faction_wm_corp_saiga12_SE.png
[  57% ] _update_scan_actions | faction_wm_corp_saiga12_SW.png
[  57% ] _update_scan_actions | faction_wm_corp_scar_h_SE.png
[  57% ] _update_scan_actions | faction_wm_corp_scar_h_SW.png
[  57% ] _update_scan_actions | faction_wm_corp_sks_SE.png
[  57% ] _update_scan_actions | faction_wm_corp_sks_SW.png
[  57% ] _update_scan_actions | faction_wm_corp_spas12_SE.png
[  57% ] _update_scan_actions | faction_wm_corp_spas12_SW.png
[  57% ] _update_scan_actions | faction_wm_corp_ssg69_SE.png
[  57% ] _update_scan_actions | faction_wm_corp_ssg69_SW.png
[  57% ] _update_scan_actions | faction_wm_corp_svd_SE.png
[  57% ] _update_scan_actions | faction_wm_corp_svd_SW.png
[  57% ] _update_scan_actions | faction_wm_corp_usp_SE.png
[  57% ] _update_scan_actions | faction_wm_corp_usp_SW.png
[  57% ] _update_scan_actions | faction_wm_corp_uzi_SE.png
[  57% ] _update_scan_actions | faction_wm_corp_uzi_SW.png
[  57% ] _update_scan_actions | faction_wm_corp_vector_SE.png
[  57% ] _update_scan_actions | faction_wm_corp_vector_SW.png
[  57% ] _update_scan_actions | faction_zangyaku_ak47_SE.png
[  57% ] _update_scan_actions | faction_zangyaku_ak47_SW.png
[  58% ] _update_scan_actions | faction_zangyaku_aug_SE.png
[  58% ] _update_scan_actions | faction_zangyaku_aug_SW.png
[  58% ] _update_scan_actions | faction_zangyaku_awm_SE.png
[  58% ] _update_scan_actions | faction_zangyaku_awm_SW.png
[  58% ] _update_scan_actions | faction_zangyaku_benelli_m2_SE.png
[  58% ] _update_scan_actions | faction_zangyaku_benelli_m2_SW.png
[  58% ] _update_scan_actions | faction_zangyaku_benelli_m4_SE.png
[  58% ] _update_scan_actions | faction_zangyaku_benelli_m4_SW.png
[  58% ] _update_scan_actions | faction_zangyaku_cz75_SE.png
[  58% ] _update_scan_actions | faction_zangyaku_cz75_SW.png
[  58% ] _update_scan_actions | faction_zangyaku_desert_eagle_SE.png
[  58% ] _update_scan_actions | faction_zangyaku_desert_eagle_SW.png
[  58% ] _update_scan_actions | faction_zangyaku_five_seven_SE.png
[  58% ] _update_scan_actions | faction_zangyaku_five_seven_SW.png
[  58% ] _update_scan_actions | faction_zangyaku_g36c_SE.png
[  58% ] _update_scan_actions | faction_zangyaku_g36c_SW.png
[  58% ] _update_scan_actions | faction_zangyaku_glock_17_SE.png
[  58% ] _update_scan_actions | faction_zangyaku_glock_17_SW.png
[  58% ] _update_scan_actions | faction_zangyaku_m4a1_SE.png
[  58% ] _update_scan_actions | faction_zangyaku_m4a1_SW.png
[  58% ] _update_scan_actions | faction_zangyaku_m1911_SE.png
[  58% ] _update_scan_actions | faction_zangyaku_m1911_SW.png
[  58% ] _update_scan_actions | faction_zangyaku_mac10_SE.png
[  58% ] _update_scan_actions | faction_zangyaku_mac10_SW.png
[  58% ] _update_scan_actions | faction_zangyaku_mini14_SE.png
[  58% ] _update_scan_actions | faction_zangyaku_mini14_SW.png
[  58% ] _update_scan_actions | faction_zangyaku_moss500_SE.png
[  58% ] _update_scan_actions | faction_zangyaku_moss500_SW.png
[  58% ] _update_scan_actions | faction_zangyaku_mp5k_SE.png
[  58% ] _update_scan_actions | faction_zangyaku_mp5k_SW.png
[  58% ] _update_scan_actions | faction_zangyaku_mp5_SE.png
[  58% ] _update_scan_actions | faction_zangyaku_mp5_SW.png
[  58% ] _update_scan_actions | faction_zangyaku_p90_SE.png
[  58% ] _update_scan_actions | faction_zangyaku_p90_SW.png
[  58% ] _update_scan_actions | faction_zangyaku_psg1_SE.png
[  59% ] _update_scan_actions | faction_zangyaku_psg1_SW.png
[  59% ] _update_scan_actions | faction_zangyaku_rem700_SE.png
[  59% ] _update_scan_actions | faction_zangyaku_rem700_SW.png
[  59% ] _update_scan_actions | faction_zangyaku_rem870_SE.png
[  59% ] _update_scan_actions | faction_zangyaku_rem870_SW.png
[  59% ] _update_scan_actions | faction_zangyaku_saiga12_SE.png
[  59% ] _update_scan_actions | faction_zangyaku_saiga12_SW.png
[  59% ] _update_scan_actions | faction_zangyaku_scar_h_SE.png
[  59% ] _update_scan_actions | faction_zangyaku_scar_h_SW.png
[  59% ] _update_scan_actions | faction_zangyaku_sks_SE.png
[  59% ] _update_scan_actions | faction_zangyaku_sks_SW.png
[  59% ] _update_scan_actions | faction_zangyaku_spas12_SE.png
[  59% ] _update_scan_actions | faction_zangyaku_spas12_SW.png
[  59% ] _update_scan_actions | faction_zangyaku_ssg69_SE.png
[  59% ] _update_scan_actions | faction_zangyaku_ssg69_SW.png
[  59% ] _update_scan_actions | faction_zangyaku_svd_SE.png
[  59% ] _update_scan_actions | faction_zangyaku_svd_SW.png
[  59% ] _update_scan_actions | faction_zangyaku_usp_SE.png
[  59% ] _update_scan_actions | faction_zangyaku_usp_SW.png
[  59% ] _update_scan_actions | faction_zangyaku_uzi_SE.png
[  59% ] _update_scan_actions | faction_zangyaku_uzi_SW.png
[  59% ] _update_scan_actions | faction_zangyaku_vector_SE.png
[  59% ] _update_scan_actions | faction_zangyaku_vector_SW.png
[  59% ] _update_scan_actions | icon_aug.png
[  59% ] _update_scan_actions | icon_benelli_m2.png
[  59% ] _update_scan_actions | icon_benelli_m4.png
[  59% ] _update_scan_actions | icon_mini14.png
[  59% ] _update_scan_actions | icon_moss500.png
[  59% ] _update_scan_actions | icon_rem870.png
[  59% ] _update_scan_actions | icon_saiga12.png
[  59% ] _update_scan_actions | icon_spas12.png
[  59% ] _update_scan_actions | mercer_awm_SE.png
[  59% ] _update_scan_actions | mercer_awm_SW.png
[  59% ] _update_scan_actions | mercer_dual_glock_SE.png
[  59% ] _update_scan_actions | mercer_dual_glock_SW.png
[  60% ] _update_scan_actions | mercer_psg1_SE.png
[  60% ] _update_scan_actions | mercer_psg1_SW.png
[  60% ] _update_scan_actions | mercer_rem700_SE.png
[  60% ] _update_scan_actions | mercer_rem700_SW.png
[  60% ] _update_scan_actions | mercer_sks_SE.png
[  60% ] _update_scan_actions | mercer_sks_SW.png
[  60% ] _update_scan_actions | mercer_ssg69_SE.png
[  60% ] _update_scan_actions | mercer_ssg69_SW.png
[  60% ] _update_scan_actions | mercer_svd_SE.png
[  60% ] _update_scan_actions | mercer_svd_SW.png
[  60% ] _update_scan_actions | 0_ak_rifle_SE.png
[  60% ] _update_scan_actions | 0_ak_rifle_SW.png
[  60% ] _update_scan_actions | 0_pistol_SE.png
[  60% ] _update_scan_actions | 0_pistol_SW.png
[  60% ] _update_scan_actions | 0_pump_shotgun_SE.png
[  60% ] _update_scan_actions | 0_pump_shotgun_SW.png
[  60% ] _update_scan_actions | 0_uzi_smg_SE.png
[  60% ] _update_scan_actions | 0_uzi_smg_SW.png
[  60% ] _update_scan_actions | 1_ak_rifle_SE.png
[  60% ] _update_scan_actions | 1_ak_rifle_SW.png
[  60% ] _update_scan_actions | 1_pistol_SE.png
[  60% ] _update_scan_actions | 1_pistol_SW.png
[  60% ] _update_scan_actions | 1_pump_shotgun_SE.png
[  60% ] _update_scan_actions | 1_pump_shotgun_SW.png
[  60% ] _update_scan_actions | 1_uzi_smg_SE.png
[  60% ] _update_scan_actions | 1_uzi_smg_SW.png
[  60% ] _update_scan_actions | arsenal_0_aug_SE.png
[  60% ] _update_scan_actions | arsenal_0_aug_SW.png
[  60% ] _update_scan_actions | arsenal_0_benelli_m2_SE.png
[  60% ] _update_scan_actions | arsenal_0_benelli_m2_SW.png
[  60% ] _update_scan_actions | arsenal_0_benelli_m4_SE.png
[  60% ] _update_scan_actions | arsenal_0_benelli_m4_SW.png
[  60% ] _update_scan_actions | arsenal_0_cz75_SE.png
[  60% ] _update_scan_actions | arsenal_0_cz75_SW.png
[  60% ] _update_scan_actions | arsenal_0_desert_eagle_SE.png
[  61% ] _update_scan_actions | arsenal_0_desert_eagle_SW.png
[  61% ] _update_scan_actions | arsenal_0_five_seven_SE.png
[  61% ] _update_scan_actions | arsenal_0_five_seven_SW.png
[  61% ] _update_scan_actions | arsenal_0_g36c_SE.png
[  61% ] _update_scan_actions | arsenal_0_g36c_SW.png
[  61% ] _update_scan_actions | arsenal_0_m4a1_SE.png
[  61% ] _update_scan_actions | arsenal_0_m4a1_SW.png
[  61% ] _update_scan_actions | arsenal_0_m1911_SE.png
[  61% ] _update_scan_actions | arsenal_0_m1911_SW.png
[  61% ] _update_scan_actions | arsenal_0_mac10_SE.png
[  61% ] _update_scan_actions | arsenal_0_mac10_SW.png
[  61% ] _update_scan_actions | arsenal_0_mini14_SE.png
[  61% ] _update_scan_actions | arsenal_0_mini14_SW.png
[  61% ] _update_scan_actions | arsenal_0_moss500_SE.png
[  61% ] _update_scan_actions | arsenal_0_moss500_SW.png
[  61% ] _update_scan_actions | arsenal_0_mp5k_SE.png
[  61% ] _update_scan_actions | arsenal_0_mp5k_SW.png
[  61% ] _update_scan_actions | arsenal_0_mp5_SE.png
[  61% ] _update_scan_actions | arsenal_0_mp5_SW.png
[  61% ] _update_scan_actions | arsenal_0_p90_SE.png
[  61% ] _update_scan_actions | arsenal_0_p90_SW.png
[  61% ] _update_scan_actions | arsenal_0_saiga12_SE.png
[  61% ] _update_scan_actions | arsenal_0_saiga12_SW.png
[  61% ] _update_scan_actions | arsenal_0_scar_h_SE.png
[  61% ] _update_scan_actions | arsenal_0_scar_h_SW.png
[  61% ] _update_scan_actions | arsenal_0_spas12_SE.png
[  61% ] _update_scan_actions | arsenal_0_spas12_SW.png
[  61% ] _update_scan_actions | arsenal_0_usp_SE.png
[  61% ] _update_scan_actions | arsenal_0_usp_SW.png
[  61% ] _update_scan_actions | arsenal_0_vector_SE.png
[  61% ] _update_scan_actions | arsenal_0_vector_SW.png
[  61% ] _update_scan_actions | arsenal_1_aug_SE.png
[  61% ] _update_scan_actions | arsenal_1_aug_SW.png
[  61% ] _update_scan_actions | arsenal_1_benelli_m2_SE.png
[  61% ] _update_scan_actions | arsenal_1_benelli_m2_SW.png
[  62% ] _update_scan_actions | arsenal_1_benelli_m4_SE.png
[  62% ] _update_scan_actions | arsenal_1_benelli_m4_SW.png
[  62% ] _update_scan_actions | arsenal_1_cz75_SE.png
[  62% ] _update_scan_actions | arsenal_1_cz75_SW.png
[  62% ] _update_scan_actions | arsenal_1_desert_eagle_SE.png
[  62% ] _update_scan_actions | arsenal_1_desert_eagle_SW.png
[  62% ] _update_scan_actions | arsenal_1_five_seven_SE.png
[  62% ] _update_scan_actions | arsenal_1_five_seven_SW.png
[  62% ] _update_scan_actions | arsenal_1_g36c_SE.png
[  62% ] _update_scan_actions | arsenal_1_g36c_SW.png
[  62% ] _update_scan_actions | arsenal_1_m4a1_SE.png
[  62% ] _update_scan_actions | arsenal_1_m4a1_SW.png
[  62% ] _update_scan_actions | arsenal_1_m1911_SE.png
[  62% ] _update_scan_actions | arsenal_1_m1911_SW.png
[  62% ] _update_scan_actions | arsenal_1_mac10_SE.png
[  62% ] _update_scan_actions | arsenal_1_mac10_SW.png
[  62% ] _update_scan_actions | arsenal_1_mini14_SE.png
[  62% ] _update_scan_actions | arsenal_1_mini14_SW.png
[  62% ] _update_scan_actions | arsenal_1_moss500_SE.png
[  62% ] _update_scan_actions | arsenal_1_moss500_SW.png
[  62% ] _update_scan_actions | arsenal_1_mp5k_SE.png
[  62% ] _update_scan_actions | arsenal_1_mp5k_SW.png
[  62% ] _update_scan_actions | arsenal_1_mp5_SE.png
[  62% ] _update_scan_actions | arsenal_1_mp5_SW.png
[  62% ] _update_scan_actions | arsenal_1_p90_SE.png
[  62% ] _update_scan_actions | arsenal_1_p90_SW.png
[  62% ] _update_scan_actions | arsenal_1_saiga12_SE.png
[  62% ] _update_scan_actions | arsenal_1_saiga12_SW.png
[  62% ] _update_scan_actions | arsenal_1_scar_h_SE.png
[  62% ] _update_scan_actions | arsenal_1_scar_h_SW.png
[  62% ] _update_scan_actions | arsenal_1_spas12_SE.png
[  62% ] _update_scan_actions | arsenal_1_spas12_SW.png
[  62% ] _update_scan_actions | arsenal_1_usp_SE.png
[  62% ] _update_scan_actions | arsenal_1_usp_SW.png
[  62% ] _update_scan_actions | arsenal_1_vector_SE.png
[  63% ] _update_scan_actions | arsenal_1_vector_SW.png
[  63% ] _update_scan_actions | faction_ashford_crane_ak47_SE.png
[  63% ] _update_scan_actions | faction_ashford_crane_ak47_SW.png
[  63% ] _update_scan_actions | faction_ashford_crane_aug_SE.png
[  63% ] _update_scan_actions | faction_ashford_crane_aug_SW.png
[  63% ] _update_scan_actions | faction_ashford_crane_awm_SE.png
[  63% ] _update_scan_actions | faction_ashford_crane_awm_SW.png
[  63% ] _update_scan_actions | faction_ashford_crane_benelli_m2_SE.png
[  63% ] _update_scan_actions | faction_ashford_crane_benelli_m2_SW.png
[  63% ] _update_scan_actions | faction_ashford_crane_benelli_m4_SE.png
[  63% ] _update_scan_actions | faction_ashford_crane_benelli_m4_SW.png
[  63% ] _update_scan_actions | faction_ashford_crane_cz75_SE.png
[  63% ] _update_scan_actions | faction_ashford_crane_cz75_SW.png
[  63% ] _update_scan_actions | faction_ashford_crane_desert_eagle_SE.png
[  63% ] _update_scan_actions | faction_ashford_crane_desert_eagle_SW.png
[  63% ] _update_scan_actions | faction_ashford_crane_five_seven_SE.png
[  63% ] _update_scan_actions | faction_ashford_crane_five_seven_SW.png
[  63% ] _update_scan_actions | faction_ashford_crane_g36c_SE.png
[  63% ] _update_scan_actions | faction_ashford_crane_g36c_SW.png
[  63% ] _update_scan_actions | faction_ashford_crane_glock_17_SE.png
[  63% ] _update_scan_actions | faction_ashford_crane_glock_17_SW.png
[  63% ] _update_scan_actions | faction_ashford_crane_m4a1_SE.png
[  63% ] _update_scan_actions | faction_ashford_crane_m4a1_SW.png
[  63% ] _update_scan_actions | faction_ashford_crane_m1911_SE.png
[  63% ] _update_scan_actions | faction_ashford_crane_m1911_SW.png
[  63% ] _update_scan_actions | faction_ashford_crane_mac10_SE.png
[  63% ] _update_scan_actions | faction_ashford_crane_mac10_SW.png
[  63% ] _update_scan_actions | faction_ashford_crane_mini14_SE.png
[  63% ] _update_scan_actions | faction_ashford_crane_mini14_SW.png
[  63% ] _update_scan_actions | faction_ashford_crane_moss500_SE.png
[  63% ] _update_scan_actions | faction_ashford_crane_moss500_SW.png
[  63% ] _update_scan_actions | faction_ashford_crane_mp5k_SE.png
[  63% ] _update_scan_actions | faction_ashford_crane_mp5k_SW.png
[  63% ] _update_scan_actions | faction_ashford_crane_mp5_SE.png
[  63% ] _update_scan_actions | faction_ashford_crane_mp5_SW.png
[  64% ] _update_scan_actions | faction_ashford_crane_p90_SE.png
[  64% ] _update_scan_actions | faction_ashford_crane_p90_SW.png
[  64% ] _update_scan_actions | faction_ashford_crane_psg1_SE.png
[  64% ] _update_scan_actions | faction_ashford_crane_psg1_SW.png
[  64% ] _update_scan_actions | faction_ashford_crane_rem700_SE.png
[  64% ] _update_scan_actions | faction_ashford_crane_rem700_SW.png
[  64% ] _update_scan_actions | faction_ashford_crane_rem870_SE.png
[  64% ] _update_scan_actions | faction_ashford_crane_rem870_SW.png
[  64% ] _update_scan_actions | faction_ashford_crane_saiga12_SE.png
[  64% ] _update_scan_actions | faction_ashford_crane_saiga12_SW.png
[  64% ] _update_scan_actions | faction_ashford_crane_scar_h_SE.png
[  64% ] _update_scan_actions | faction_ashford_crane_scar_h_SW.png
[  64% ] _update_scan_actions | faction_ashford_crane_sks_SE.png
[  64% ] _update_scan_actions | faction_ashford_crane_sks_SW.png
[  64% ] _update_scan_actions | faction_ashford_crane_spas12_SE.png
[  64% ] _update_scan_actions | faction_ashford_crane_spas12_SW.png
[  64% ] _update_scan_actions | faction_ashford_crane_ssg69_SE.png
[  64% ] _update_scan_actions | faction_ashford_crane_ssg69_SW.png
[  64% ] _update_scan_actions | faction_ashford_crane_svd_SE.png
[  64% ] _update_scan_actions | faction_ashford_crane_svd_SW.png
[  64% ] _update_scan_actions | faction_ashford_crane_usp_SE.png
[  64% ] _update_scan_actions | faction_ashford_crane_usp_SW.png
[  64% ] _update_scan_actions | faction_ashford_crane_uzi_SE.png
[  64% ] _update_scan_actions | faction_ashford_crane_uzi_SW.png
[  64% ] _update_scan_actions | faction_ashford_crane_vector_SE.png
[  64% ] _update_scan_actions | faction_ashford_crane_vector_SW.png
[  64% ] _update_scan_actions | faction_bitian_ak47_SE.png
[  64% ] _update_scan_actions | faction_bitian_ak47_SW.png
[  64% ] _update_scan_actions | faction_bitian_aug_SE.png
[  64% ] _update_scan_actions | faction_bitian_aug_SW.png
[  64% ] _update_scan_actions | faction_bitian_awm_SE.png
[  64% ] _update_scan_actions | faction_bitian_awm_SW.png
[  64% ] _update_scan_actions | faction_bitian_benelli_m2_SE.png
[  64% ] _update_scan_actions | faction_bitian_benelli_m2_SW.png
[  64% ] _update_scan_actions | faction_bitian_benelli_m4_SE.png
[  65% ] _update_scan_actions | faction_bitian_benelli_m4_SW.png
[  65% ] _update_scan_actions | faction_bitian_cz75_SE.png
[  65% ] _update_scan_actions | faction_bitian_cz75_SW.png
[  65% ] _update_scan_actions | faction_bitian_desert_eagle_SE.png
[  65% ] _update_scan_actions | faction_bitian_desert_eagle_SW.png
[  65% ] _update_scan_actions | faction_bitian_five_seven_SE.png
[  65% ] _update_scan_actions | faction_bitian_five_seven_SW.png
[  65% ] _update_scan_actions | faction_bitian_g36c_SE.png
[  65% ] _update_scan_actions | faction_bitian_g36c_SW.png
[  65% ] _update_scan_actions | faction_bitian_glock_17_SE.png
[  65% ] _update_scan_actions | faction_bitian_glock_17_SW.png
[  65% ] _update_scan_actions | faction_bitian_m4a1_SE.png
[  65% ] _update_scan_actions | faction_bitian_m4a1_SW.png
[  65% ] _update_scan_actions | faction_bitian_m1911_SE.png
[  65% ] _update_scan_actions | faction_bitian_m1911_SW.png
[  65% ] _update_scan_actions | faction_bitian_mac10_SE.png
[  65% ] _update_scan_actions | faction_bitian_mac10_SW.png
[  65% ] _update_scan_actions | faction_bitian_mini14_SE.png
[  65% ] _update_scan_actions | faction_bitian_mini14_SW.png
[  65% ] _update_scan_actions | faction_bitian_moss500_SE.png
[  65% ] _update_scan_actions | faction_bitian_moss500_SW.png
[  65% ] _update_scan_actions | faction_bitian_mp5k_SE.png
[  65% ] _update_scan_actions | faction_bitian_mp5k_SW.png
[  65% ] _update_scan_actions | faction_bitian_mp5_SE.png
[  65% ] _update_scan_actions | faction_bitian_mp5_SW.png
[  65% ] _update_scan_actions | faction_bitian_p90_SE.png
[  65% ] _update_scan_actions | faction_bitian_p90_SW.png
[  65% ] _update_scan_actions | faction_bitian_psg1_SE.png
[  65% ] _update_scan_actions | faction_bitian_psg1_SW.png
[  65% ] _update_scan_actions | faction_bitian_rem700_SE.png
[  65% ] _update_scan_actions | faction_bitian_rem700_SW.png
[  65% ] _update_scan_actions | faction_bitian_rem870_SE.png
[  65% ] _update_scan_actions | faction_bitian_rem870_SW.png
[  65% ] _update_scan_actions | faction_bitian_saiga12_SE.png
[  65% ] _update_scan_actions | faction_bitian_saiga12_SW.png
[  66% ] _update_scan_actions | faction_bitian_scar_h_SE.png
[  66% ] _update_scan_actions | faction_bitian_scar_h_SW.png
[  66% ] _update_scan_actions | faction_bitian_sks_SE.png
[  66% ] _update_scan_actions | faction_bitian_sks_SW.png
[  66% ] _update_scan_actions | faction_bitian_spas12_SE.png
[  66% ] _update_scan_actions | faction_bitian_spas12_SW.png
[  66% ] _update_scan_actions | faction_bitian_ssg69_SE.png
[  66% ] _update_scan_actions | faction_bitian_ssg69_SW.png
[  66% ] _update_scan_actions | faction_bitian_svd_SE.png
[  66% ] _update_scan_actions | faction_bitian_svd_SW.png
[  66% ] _update_scan_actions | faction_bitian_usp_SE.png
[  66% ] _update_scan_actions | faction_bitian_usp_SW.png
[  66% ] _update_scan_actions | faction_bitian_uzi_SE.png
[  66% ] _update_scan_actions | faction_bitian_uzi_SW.png
[  66% ] _update_scan_actions | faction_bitian_vector_SE.png
[  66% ] _update_scan_actions | faction_bitian_vector_SW.png
[  66% ] _update_scan_actions | faction_blacktop_ak47_SE.png
[  66% ] _update_scan_actions | faction_blacktop_ak47_SW.png
[  66% ] _update_scan_actions | faction_blacktop_aug_SE.png
[  66% ] _update_scan_actions | faction_blacktop_aug_SW.png
[  66% ] _update_scan_actions | faction_blacktop_awm_SE.png
[  66% ] _update_scan_actions | faction_blacktop_awm_SW.png
[  66% ] _update_scan_actions | faction_blacktop_benelli_m2_SE.png
[  66% ] _update_scan_actions | faction_blacktop_benelli_m2_SW.png
[  66% ] _update_scan_actions | faction_blacktop_benelli_m4_SE.png
[  66% ] _update_scan_actions | faction_blacktop_benelli_m4_SW.png
[  66% ] _update_scan_actions | faction_blacktop_cz75_SE.png
[  66% ] _update_scan_actions | faction_blacktop_cz75_SW.png
[  66% ] _update_scan_actions | faction_blacktop_desert_eagle_SE.png
[  66% ] _update_scan_actions | faction_blacktop_desert_eagle_SW.png
[  66% ] _update_scan_actions | faction_blacktop_five_seven_SE.png
[  66% ] _update_scan_actions | faction_blacktop_five_seven_SW.png
[  66% ] _update_scan_actions | faction_blacktop_g36c_SE.png
[  66% ] _update_scan_actions | faction_blacktop_g36c_SW.png
[  66% ] _update_scan_actions | faction_blacktop_glock_17_SE.png
[  67% ] _update_scan_actions | faction_blacktop_glock_17_SW.png
[  67% ] _update_scan_actions | faction_blacktop_m4a1_SE.png
[  67% ] _update_scan_actions | faction_blacktop_m4a1_SW.png
[  67% ] _update_scan_actions | faction_blacktop_m1911_SE.png
[  67% ] _update_scan_actions | faction_blacktop_m1911_SW.png
[  67% ] _update_scan_actions | faction_blacktop_mac10_SE.png
[  67% ] _update_scan_actions | faction_blacktop_mac10_SW.png
[  67% ] _update_scan_actions | faction_blacktop_mini14_SE.png
[  67% ] _update_scan_actions | faction_blacktop_mini14_SW.png
[  67% ] _update_scan_actions | faction_blacktop_moss500_SE.png
[  67% ] _update_scan_actions | faction_blacktop_moss500_SW.png
[  67% ] _update_scan_actions | faction_blacktop_mp5k_SE.png
[  67% ] _update_scan_actions | faction_blacktop_mp5k_SW.png
[  67% ] _update_scan_actions | faction_blacktop_mp5_SE.png
[  67% ] _update_scan_actions | faction_blacktop_mp5_SW.png
[  67% ] _update_scan_actions | faction_blacktop_p90_SE.png
[  67% ] _update_scan_actions | faction_blacktop_p90_SW.png
[  67% ] _update_scan_actions | faction_blacktop_psg1_SE.png
[  67% ] _update_scan_actions | faction_blacktop_psg1_SW.png
[  67% ] _update_scan_actions | faction_blacktop_rem700_SE.png
[  67% ] _update_scan_actions | faction_blacktop_rem700_SW.png
[  67% ] _update_scan_actions | faction_blacktop_rem870_SE.png
[  67% ] _update_scan_actions | faction_blacktop_rem870_SW.png
[  67% ] _update_scan_actions | faction_blacktop_saiga12_SE.png
[  67% ] _update_scan_actions | faction_blacktop_saiga12_SW.png
[  67% ] _update_scan_actions | faction_blacktop_scar_h_SE.png
[  67% ] _update_scan_actions | faction_blacktop_scar_h_SW.png
[  67% ] _update_scan_actions | faction_blacktop_sks_SE.png
[  67% ] _update_scan_actions | faction_blacktop_sks_SW.png
[  67% ] _update_scan_actions | faction_blacktop_spas12_SE.png
[  67% ] _update_scan_actions | faction_blacktop_spas12_SW.png
[  67% ] _update_scan_actions | faction_blacktop_ssg69_SE.png
[  67% ] _update_scan_actions | faction_blacktop_ssg69_SW.png
[  67% ] _update_scan_actions | faction_blacktop_svd_SE.png
[  67% ] _update_scan_actions | faction_blacktop_svd_SW.png
[  68% ] _update_scan_actions | faction_blacktop_usp_SE.png
[  68% ] _update_scan_actions | faction_blacktop_usp_SW.png
[  68% ] _update_scan_actions | faction_blacktop_uzi_SE.png
[  68% ] _update_scan_actions | faction_blacktop_uzi_SW.png
[  68% ] _update_scan_actions | faction_blacktop_vector_SE.png
[  68% ] _update_scan_actions | faction_blacktop_vector_SW.png
[  68% ] _update_scan_actions | faction_calle_ocho_ak47_SE.png
[  68% ] _update_scan_actions | faction_calle_ocho_ak47_SW.png
[  68% ] _update_scan_actions | faction_calle_ocho_aug_SE.png
[  68% ] _update_scan_actions | faction_calle_ocho_aug_SW.png
[  68% ] _update_scan_actions | faction_calle_ocho_awm_SE.png
[  68% ] _update_scan_actions | faction_calle_ocho_awm_SW.png
[  68% ] _update_scan_actions | faction_calle_ocho_benelli_m2_SE.png
[  68% ] _update_scan_actions | faction_calle_ocho_benelli_m2_SW.png
[  68% ] _update_scan_actions | faction_calle_ocho_benelli_m4_SE.png
[  68% ] _update_scan_actions | faction_calle_ocho_benelli_m4_SW.png
[  68% ] _update_scan_actions | faction_calle_ocho_cz75_SE.png
[  68% ] _update_scan_actions | faction_calle_ocho_cz75_SW.png
[  68% ] _update_scan_actions | faction_calle_ocho_desert_eagle_SE.png
[  68% ] _update_scan_actions | faction_calle_ocho_desert_eagle_SW.png
[  68% ] _update_scan_actions | faction_calle_ocho_five_seven_SE.png
[  68% ] _update_scan_actions | faction_calle_ocho_five_seven_SW.png
[  68% ] _update_scan_actions | faction_calle_ocho_g36c_SE.png
[  68% ] _update_scan_actions | faction_calle_ocho_g36c_SW.png
[  68% ] _update_scan_actions | faction_calle_ocho_glock_17_SE.png
[  68% ] _update_scan_actions | faction_calle_ocho_glock_17_SW.png
[  68% ] _update_scan_actions | faction_calle_ocho_m4a1_SE.png
[  68% ] _update_scan_actions | faction_calle_ocho_m4a1_SW.png
[  68% ] _update_scan_actions | faction_calle_ocho_m1911_SE.png
[  68% ] _update_scan_actions | faction_calle_ocho_m1911_SW.png
[  68% ] _update_scan_actions | faction_calle_ocho_mac10_SE.png
[  68% ] _update_scan_actions | faction_calle_ocho_mac10_SW.png
[  68% ] _update_scan_actions | faction_calle_ocho_mini14_SE.png
[  68% ] _update_scan_actions | faction_calle_ocho_mini14_SW.png
[  68% ] _update_scan_actions | faction_calle_ocho_moss500_SE.png
[  69% ] _update_scan_actions | faction_calle_ocho_moss500_SW.png
[  69% ] _update_scan_actions | faction_calle_ocho_mp5k_SE.png
[  69% ] _update_scan_actions | faction_calle_ocho_mp5k_SW.png
[  69% ] _update_scan_actions | faction_calle_ocho_mp5_SE.png
[  69% ] _update_scan_actions | faction_calle_ocho_mp5_SW.png
[  69% ] _update_scan_actions | faction_calle_ocho_p90_SE.png
[  69% ] _update_scan_actions | faction_calle_ocho_p90_SW.png
[  69% ] _update_scan_actions | faction_calle_ocho_psg1_SE.png
[  69% ] _update_scan_actions | faction_calle_ocho_psg1_SW.png
[  69% ] _update_scan_actions | faction_calle_ocho_rem700_SE.png
[  69% ] _update_scan_actions | faction_calle_ocho_rem700_SW.png
[  69% ] _update_scan_actions | faction_calle_ocho_rem870_SE.png
[  69% ] _update_scan_actions | faction_calle_ocho_rem870_SW.png
[  69% ] _update_scan_actions | faction_calle_ocho_saiga12_SE.png
[  69% ] _update_scan_actions | faction_calle_ocho_saiga12_SW.png
[  69% ] _update_scan_actions | faction_calle_ocho_scar_h_SE.png
[  69% ] _update_scan_actions | faction_calle_ocho_scar_h_SW.png
[  69% ] _update_scan_actions | faction_calle_ocho_sks_SE.png
[  69% ] _update_scan_actions | faction_calle_ocho_sks_SW.png
[  69% ] _update_scan_actions | faction_calle_ocho_spas12_SE.png
[  69% ] _update_scan_actions | faction_calle_ocho_spas12_SW.png
[  69% ] _update_scan_actions | faction_calle_ocho_ssg69_SE.png
[  69% ] _update_scan_actions | faction_calle_ocho_ssg69_SW.png
[  69% ] _update_scan_actions | faction_calle_ocho_svd_SE.png
[  69% ] _update_scan_actions | faction_calle_ocho_svd_SW.png
[  69% ] _update_scan_actions | faction_calle_ocho_usp_SE.png
[  69% ] _update_scan_actions | faction_calle_ocho_usp_SW.png
[  69% ] _update_scan_actions | faction_calle_ocho_uzi_SE.png
[  69% ] _update_scan_actions | faction_calle_ocho_uzi_SW.png
[  69% ] _update_scan_actions | faction_calle_ocho_vector_SE.png
[  69% ] _update_scan_actions | faction_calle_ocho_vector_SW.png
[  69% ] _update_scan_actions | faction_eastex_ak47_SE.png
[  69% ] _update_scan_actions | faction_eastex_ak47_SW.png
[  69% ] _update_scan_actions | faction_eastex_aug_SE.png
[  69% ] _update_scan_actions | faction_eastex_aug_SW.png
[  70% ] _update_scan_actions | faction_eastex_awm_SE.png
[  70% ] _update_scan_actions | faction_eastex_awm_SW.png
[  70% ] _update_scan_actions | faction_eastex_benelli_m2_SE.png
[  70% ] _update_scan_actions | faction_eastex_benelli_m2_SW.png
[  70% ] _update_scan_actions | faction_eastex_benelli_m4_SE.png
[  70% ] _update_scan_actions | faction_eastex_benelli_m4_SW.png
[  70% ] _update_scan_actions | faction_eastex_cz75_SE.png
[  70% ] _update_scan_actions | faction_eastex_cz75_SW.png
[  70% ] _update_scan_actions | faction_eastex_desert_eagle_SE.png
[  70% ] _update_scan_actions | faction_eastex_desert_eagle_SW.png
[  70% ] _update_scan_actions | faction_eastex_five_seven_SE.png
[  70% ] _update_scan_actions | faction_eastex_five_seven_SW.png
[  70% ] _update_scan_actions | faction_eastex_g36c_SE.png
[  70% ] _update_scan_actions | faction_eastex_g36c_SW.png
[  70% ] _update_scan_actions | faction_eastex_glock_17_SE.png
[  70% ] _update_scan_actions | faction_eastex_glock_17_SW.png
[  70% ] _update_scan_actions | faction_eastex_m4a1_SE.png
[  70% ] _update_scan_actions | faction_eastex_m4a1_SW.png
[  70% ] _update_scan_actions | faction_eastex_m1911_SE.png
[  70% ] _update_scan_actions | faction_eastex_m1911_SW.png
[  70% ] _update_scan_actions | faction_eastex_mac10_SE.png
[  70% ] _update_scan_actions | faction_eastex_mac10_SW.png
[  70% ] _update_scan_actions | faction_eastex_mini14_SE.png
[  70% ] _update_scan_actions | faction_eastex_mini14_SW.png
[  70% ] _update_scan_actions | faction_eastex_moss500_SE.png
[  70% ] _update_scan_actions | faction_eastex_moss500_SW.png
[  70% ] _update_scan_actions | faction_eastex_mp5k_SE.png
[  70% ] _update_scan_actions | faction_eastex_mp5k_SW.png
[  70% ] _update_scan_actions | faction_eastex_mp5_SE.png
[  70% ] _update_scan_actions | faction_eastex_mp5_SW.png
[  70% ] _update_scan_actions | faction_eastex_p90_SE.png
[  70% ] _update_scan_actions | faction_eastex_p90_SW.png
[  70% ] _update_scan_actions | faction_eastex_psg1_SE.png
[  70% ] _update_scan_actions | faction_eastex_psg1_SW.png
[  70% ] _update_scan_actions | faction_eastex_rem700_SE.png
[  71% ] _update_scan_actions | faction_eastex_rem700_SW.png
[  71% ] _update_scan_actions | faction_eastex_rem870_SE.png
[  71% ] _update_scan_actions | faction_eastex_rem870_SW.png
[  71% ] _update_scan_actions | faction_eastex_saiga12_SE.png
[  71% ] _update_scan_actions | faction_eastex_saiga12_SW.png
[  71% ] _update_scan_actions | faction_eastex_scar_h_SE.png
[  71% ] _update_scan_actions | faction_eastex_scar_h_SW.png
[  71% ] _update_scan_actions | faction_eastex_sks_SE.png
[  71% ] _update_scan_actions | faction_eastex_sks_SW.png
[  71% ] _update_scan_actions | faction_eastex_spas12_SE.png
[  71% ] _update_scan_actions | faction_eastex_spas12_SW.png
[  71% ] _update_scan_actions | faction_eastex_ssg69_SE.png
[  71% ] _update_scan_actions | faction_eastex_ssg69_SW.png
[  71% ] _update_scan_actions | faction_eastex_svd_SE.png
[  71% ] _update_scan_actions | faction_eastex_svd_SW.png
[  71% ] _update_scan_actions | faction_eastex_usp_SE.png
[  71% ] _update_scan_actions | faction_eastex_usp_SW.png
[  71% ] _update_scan_actions | faction_eastex_uzi_SE.png
[  71% ] _update_scan_actions | faction_eastex_uzi_SW.png
[  71% ] _update_scan_actions | faction_eastex_vector_SE.png
[  71% ] _update_scan_actions | faction_eastex_vector_SW.png
[  71% ] _update_scan_actions | faction_kurgan_ak47_SE.png
[  71% ] _update_scan_actions | faction_kurgan_ak47_SW.png
[  71% ] _update_scan_actions | faction_kurgan_aug_SE.png
[  71% ] _update_scan_actions | faction_kurgan_aug_SW.png
[  71% ] _update_scan_actions | faction_kurgan_awm_SE.png
[  71% ] _update_scan_actions | faction_kurgan_awm_SW.png
[  71% ] _update_scan_actions | faction_kurgan_benelli_m2_SE.png
[  71% ] _update_scan_actions | faction_kurgan_benelli_m2_SW.png
[  71% ] _update_scan_actions | faction_kurgan_benelli_m4_SE.png
[  71% ] _update_scan_actions | faction_kurgan_benelli_m4_SW.png
[  71% ] _update_scan_actions | faction_kurgan_cz75_SE.png
[  71% ] _update_scan_actions | faction_kurgan_cz75_SW.png
[  71% ] _update_scan_actions | faction_kurgan_desert_eagle_SE.png
[  71% ] _update_scan_actions | faction_kurgan_desert_eagle_SW.png
[  71% ] _update_scan_actions | faction_kurgan_five_seven_SE.png
[  72% ] _update_scan_actions | faction_kurgan_five_seven_SW.png
[  72% ] _update_scan_actions | faction_kurgan_g36c_SE.png
[  72% ] _update_scan_actions | faction_kurgan_g36c_SW.png
[  72% ] _update_scan_actions | faction_kurgan_glock_17_SE.png
[  72% ] _update_scan_actions | faction_kurgan_glock_17_SW.png
[  72% ] _update_scan_actions | faction_kurgan_m4a1_SE.png
[  72% ] _update_scan_actions | faction_kurgan_m4a1_SW.png
[  72% ] _update_scan_actions | faction_kurgan_m1911_SE.png
[  72% ] _update_scan_actions | faction_kurgan_m1911_SW.png
[  72% ] _update_scan_actions | faction_kurgan_mac10_SE.png
[  72% ] _update_scan_actions | faction_kurgan_mac10_SW.png
[  72% ] _update_scan_actions | faction_kurgan_mini14_SE.png
[  72% ] _update_scan_actions | faction_kurgan_mini14_SW.png
[  72% ] _update_scan_actions | faction_kurgan_moss500_SE.png
[  72% ] _update_scan_actions | faction_kurgan_moss500_SW.png
[  72% ] _update_scan_actions | faction_kurgan_mp5k_SE.png
[  72% ] _update_scan_actions | faction_kurgan_mp5k_SW.png
[  72% ] _update_scan_actions | faction_kurgan_mp5_SE.png
[  72% ] _update_scan_actions | faction_kurgan_mp5_SW.png
[  72% ] _update_scan_actions | faction_kurgan_p90_SE.png
[  72% ] _update_scan_actions | faction_kurgan_p90_SW.png
[  72% ] _update_scan_actions | faction_kurgan_psg1_SE.png
[  72% ] _update_scan_actions | faction_kurgan_psg1_SW.png
[  72% ] _update_scan_actions | faction_kurgan_rem700_SE.png
[  72% ] _update_scan_actions | faction_kurgan_rem700_SW.png
[  72% ] _update_scan_actions | faction_kurgan_rem870_SE.png
[  72% ] _update_scan_actions | faction_kurgan_rem870_SW.png
[  72% ] _update_scan_actions | faction_kurgan_saiga12_SE.png
[  72% ] _update_scan_actions | faction_kurgan_saiga12_SW.png
[  72% ] _update_scan_actions | faction_kurgan_scar_h_SE.png
[  72% ] _update_scan_actions | faction_kurgan_scar_h_SW.png
[  72% ] _update_scan_actions | faction_kurgan_sks_SE.png
[  72% ] _update_scan_actions | faction_kurgan_sks_SW.png
[  72% ] _update_scan_actions | faction_kurgan_spas12_SE.png
[  72% ] _update_scan_actions | faction_kurgan_spas12_SW.png
[  73% ] _update_scan_actions | faction_kurgan_ssg69_SE.png
[  73% ] _update_scan_actions | faction_kurgan_ssg69_SW.png
[  73% ] _update_scan_actions | faction_kurgan_svd_SE.png
[  73% ] _update_scan_actions | faction_kurgan_svd_SW.png
[  73% ] _update_scan_actions | faction_kurgan_usp_SE.png
[  73% ] _update_scan_actions | faction_kurgan_usp_SW.png
[  73% ] _update_scan_actions | faction_kurgan_uzi_SE.png
[  73% ] _update_scan_actions | faction_kurgan_uzi_SW.png
[  73% ] _update_scan_actions | faction_kurgan_vector_SE.png
[  73% ] _update_scan_actions | faction_kurgan_vector_SW.png
[  73% ] _update_scan_actions | faction_lombardia_ak47_SE.png
[  73% ] _update_scan_actions | faction_lombardia_ak47_SW.png
[  73% ] _update_scan_actions | faction_lombardia_aug_SE.png
[  73% ] _update_scan_actions | faction_lombardia_aug_SW.png
[  73% ] _update_scan_actions | faction_lombardia_awm_SE.png
[  73% ] _update_scan_actions | faction_lombardia_awm_SW.png
[  73% ] _update_scan_actions | faction_lombardia_benelli_m2_SE.png
[  73% ] _update_scan_actions | faction_lombardia_benelli_m2_SW.png
[  73% ] _update_scan_actions | faction_lombardia_benelli_m4_SE.png
[  73% ] _update_scan_actions | faction_lombardia_benelli_m4_SW.png
[  73% ] _update_scan_actions | faction_lombardia_cz75_SE.png
[  73% ] _update_scan_actions | faction_lombardia_cz75_SW.png
[  73% ] _update_scan_actions | faction_lombardia_desert_eagle_SE.png
[  73% ] _update_scan_actions | faction_lombardia_desert_eagle_SW.png
[  73% ] _update_scan_actions | faction_lombardia_five_seven_SE.png
[  73% ] _update_scan_actions | faction_lombardia_five_seven_SW.png
[  73% ] _update_scan_actions | faction_lombardia_g36c_SE.png
[  73% ] _update_scan_actions | faction_lombardia_g36c_SW.png
[  73% ] _update_scan_actions | faction_lombardia_glock_17_SE.png
[  73% ] _update_scan_actions | faction_lombardia_glock_17_SW.png
[  73% ] _update_scan_actions | faction_lombardia_m4a1_SE.png
[  73% ] _update_scan_actions | faction_lombardia_m4a1_SW.png
[  73% ] _update_scan_actions | faction_lombardia_m1911_SE.png
[  73% ] _update_scan_actions | faction_lombardia_m1911_SW.png
[  73% ] _update_scan_actions | faction_lombardia_mac10_SE.png
[  74% ] _update_scan_actions | faction_lombardia_mac10_SW.png
[  74% ] _update_scan_actions | faction_lombardia_mini14_SE.png
[  74% ] _update_scan_actions | faction_lombardia_mini14_SW.png
[  74% ] _update_scan_actions | faction_lombardia_moss500_SE.png
[  74% ] _update_scan_actions | faction_lombardia_moss500_SW.png
[  74% ] _update_scan_actions | faction_lombardia_mp5k_SE.png
[  74% ] _update_scan_actions | faction_lombardia_mp5k_SW.png
[  74% ] _update_scan_actions | faction_lombardia_mp5_SE.png
[  74% ] _update_scan_actions | faction_lombardia_mp5_SW.png
[  74% ] _update_scan_actions | faction_lombardia_p90_SE.png
[  74% ] _update_scan_actions | faction_lombardia_p90_SW.png
[  74% ] _update_scan_actions | faction_lombardia_psg1_SE.png
[  74% ] _update_scan_actions | faction_lombardia_psg1_SW.png
[  74% ] _update_scan_actions | faction_lombardia_rem700_SE.png
[  74% ] _update_scan_actions | faction_lombardia_rem700_SW.png
[  74% ] _update_scan_actions | faction_lombardia_rem870_SE.png
[  74% ] _update_scan_actions | faction_lombardia_rem870_SW.png
[  74% ] _update_scan_actions | faction_lombardia_saiga12_SE.png
[  74% ] _update_scan_actions | faction_lombardia_saiga12_SW.png
[  74% ] _update_scan_actions | faction_lombardia_scar_h_SE.png
[  74% ] _update_scan_actions | faction_lombardia_scar_h_SW.png
[  74% ] _update_scan_actions | faction_lombardia_sks_SE.png
[  74% ] _update_scan_actions | faction_lombardia_sks_SW.png
[  74% ] _update_scan_actions | faction_lombardia_spas12_SE.png
[  74% ] _update_scan_actions | faction_lombardia_spas12_SW.png
[  74% ] _update_scan_actions | faction_lombardia_ssg69_SE.png
[  74% ] _update_scan_actions | faction_lombardia_ssg69_SW.png
[  74% ] _update_scan_actions | faction_lombardia_svd_SE.png
[  74% ] _update_scan_actions | faction_lombardia_svd_SW.png
[  74% ] _update_scan_actions | faction_lombardia_usp_SE.png
[  74% ] _update_scan_actions | faction_lombardia_usp_SW.png
[  74% ] _update_scan_actions | faction_lombardia_uzi_SE.png
[  74% ] _update_scan_actions | faction_lombardia_uzi_SW.png
[  74% ] _update_scan_actions | faction_lombardia_vector_SE.png
[  74% ] _update_scan_actions | faction_lombardia_vector_SW.png
[  75% ] _update_scan_actions | faction_mcallister_ak47_SE.png
[  75% ] _update_scan_actions | faction_mcallister_ak47_SW.png
[  75% ] _update_scan_actions | faction_mcallister_aug_SE.png
[  75% ] _update_scan_actions | faction_mcallister_aug_SW.png
[  75% ] _update_scan_actions | faction_mcallister_awm_SE.png
[  75% ] _update_scan_actions | faction_mcallister_awm_SW.png
[  75% ] _update_scan_actions | faction_mcallister_benelli_m2_SE.png
[  75% ] _update_scan_actions | faction_mcallister_benelli_m2_SW.png
[  75% ] _update_scan_actions | faction_mcallister_benelli_m4_SE.png
[  75% ] _update_scan_actions | faction_mcallister_benelli_m4_SW.png
[  75% ] _update_scan_actions | faction_mcallister_cz75_SE.png
[  75% ] _update_scan_actions | faction_mcallister_cz75_SW.png
[  75% ] _update_scan_actions | faction_mcallister_desert_eagle_SE.png
[  75% ] _update_scan_actions | faction_mcallister_desert_eagle_SW.png
[  75% ] _update_scan_actions | faction_mcallister_five_seven_SE.png
[  75% ] _update_scan_actions | faction_mcallister_five_seven_SW.png
[  75% ] _update_scan_actions | faction_mcallister_g36c_SE.png
[  75% ] _update_scan_actions | faction_mcallister_g36c_SW.png
[  75% ] _update_scan_actions | faction_mcallister_glock_17_SE.png
[  75% ] _update_scan_actions | faction_mcallister_glock_17_SW.png
[  75% ] _update_scan_actions | faction_mcallister_m4a1_SE.png
[  75% ] _update_scan_actions | faction_mcallister_m4a1_SW.png
[  75% ] _update_scan_actions | faction_mcallister_m1911_SE.png
[  75% ] _update_scan_actions | faction_mcallister_m1911_SW.png
[  75% ] _update_scan_actions | faction_mcallister_mac10_SE.png
[  75% ] _update_scan_actions | faction_mcallister_mac10_SW.png
[  75% ] _update_scan_actions | faction_mcallister_mini14_SE.png
[  75% ] _update_scan_actions | faction_mcallister_mini14_SW.png
[  75% ] _update_scan_actions | faction_mcallister_moss500_SE.png
[  75% ] _update_scan_actions | faction_mcallister_moss500_SW.png
[  75% ] _update_scan_actions | faction_mcallister_mp5k_SE.png
[  75% ] _update_scan_actions | faction_mcallister_mp5k_SW.png
[  75% ] _update_scan_actions | faction_mcallister_mp5_SE.png
[  75% ] _update_scan_actions | faction_mcallister_mp5_SW.png
[  75% ] _update_scan_actions | faction_mcallister_p90_SE.png
[  76% ] _update_scan_actions | faction_mcallister_p90_SW.png
[  76% ] _update_scan_actions | faction_mcallister_psg1_SE.png
[  76% ] _update_scan_actions | faction_mcallister_psg1_SW.png
[  76% ] _update_scan_actions | faction_mcallister_rem700_SE.png
[  76% ] _update_scan_actions | faction_mcallister_rem700_SW.png
[  76% ] _update_scan_actions | faction_mcallister_rem870_SE.png
[  76% ] _update_scan_actions | faction_mcallister_rem870_SW.png
[  76% ] _update_scan_actions | faction_mcallister_saiga12_SE.png
[  76% ] _update_scan_actions | faction_mcallister_saiga12_SW.png
[  76% ] _update_scan_actions | faction_mcallister_scar_h_SE.png
[  76% ] _update_scan_actions | faction_mcallister_scar_h_SW.png
[  76% ] _update_scan_actions | faction_mcallister_sks_SE.png
[  76% ] _update_scan_actions | faction_mcallister_sks_SW.png
[  76% ] _update_scan_actions | faction_mcallister_spas12_SE.png
[  76% ] _update_scan_actions | faction_mcallister_spas12_SW.png
[  76% ] _update_scan_actions | faction_mcallister_ssg69_SE.png
[  76% ] _update_scan_actions | faction_mcallister_ssg69_SW.png
[  76% ] _update_scan_actions | faction_mcallister_svd_SE.png
[  76% ] _update_scan_actions | faction_mcallister_svd_SW.png
[  76% ] _update_scan_actions | faction_mcallister_usp_SE.png
[  76% ] _update_scan_actions | faction_mcallister_usp_SW.png
[  76% ] _update_scan_actions | faction_mcallister_uzi_SE.png
[  76% ] _update_scan_actions | faction_mcallister_uzi_SW.png
[  76% ] _update_scan_actions | faction_mcallister_vector_SE.png
[  76% ] _update_scan_actions | faction_mcallister_vector_SW.png
[  76% ] _update_scan_actions | faction_mercer44_ak47_SE.png
[  76% ] _update_scan_actions | faction_mercer44_ak47_SW.png
[  76% ] _update_scan_actions | faction_mercer44_aug_SE.png
[  76% ] _update_scan_actions | faction_mercer44_aug_SW.png
[  76% ] _update_scan_actions | faction_mercer44_awm_SE.png
[  76% ] _update_scan_actions | faction_mercer44_awm_SW.png
[  76% ] _update_scan_actions | faction_mercer44_benelli_m2_SE.png
[  76% ] _update_scan_actions | faction_mercer44_benelli_m2_SW.png
[  76% ] _update_scan_actions | faction_mercer44_benelli_m4_SE.png
[  76% ] _update_scan_actions | faction_mercer44_benelli_m4_SW.png
[  77% ] _update_scan_actions | faction_mercer44_cz75_SE.png
[  77% ] _update_scan_actions | faction_mercer44_cz75_SW.png
[  77% ] _update_scan_actions | faction_mercer44_desert_eagle_SE.png
[  77% ] _update_scan_actions | faction_mercer44_desert_eagle_SW.png
[  77% ] _update_scan_actions | faction_mercer44_five_seven_SE.png
[  77% ] _update_scan_actions | faction_mercer44_five_seven_SW.png
[  77% ] _update_scan_actions | faction_mercer44_g36c_SE.png
[  77% ] _update_scan_actions | faction_mercer44_g36c_SW.png
[  77% ] _update_scan_actions | faction_mercer44_glock_17_SE.png
[  77% ] _update_scan_actions | faction_mercer44_glock_17_SW.png
[  77% ] _update_scan_actions | faction_mercer44_m4a1_SE.png
[  77% ] _update_scan_actions | faction_mercer44_m4a1_SW.png
[  77% ] _update_scan_actions | faction_mercer44_m1911_SE.png
[  77% ] _update_scan_actions | faction_mercer44_m1911_SW.png
[  77% ] _update_scan_actions | faction_mercer44_mac10_SE.png
[  77% ] _update_scan_actions | faction_mercer44_mac10_SW.png
[  77% ] _update_scan_actions | faction_mercer44_mini14_SE.png
[  77% ] _update_scan_actions | faction_mercer44_mini14_SW.png
[  77% ] _update_scan_actions | faction_mercer44_moss500_SE.png
[  77% ] _update_scan_actions | faction_mercer44_moss500_SW.png
[  77% ] _update_scan_actions | faction_mercer44_mp5k_SE.png
[  77% ] _update_scan_actions | faction_mercer44_mp5k_SW.png
[  77% ] _update_scan_actions | faction_mercer44_mp5_SE.png
[  77% ] _update_scan_actions | faction_mercer44_mp5_SW.png
[  77% ] _update_scan_actions | faction_mercer44_p90_SE.png
[  77% ] _update_scan_actions | faction_mercer44_p90_SW.png
[  77% ] _update_scan_actions | faction_mercer44_psg1_SE.png
[  77% ] _update_scan_actions | faction_mercer44_psg1_SW.png
[  77% ] _update_scan_actions | faction_mercer44_rem700_SE.png
[  77% ] _update_scan_actions | faction_mercer44_rem700_SW.png
[  77% ] _update_scan_actions | faction_mercer44_rem870_SE.png
[  77% ] _update_scan_actions | faction_mercer44_rem870_SW.png
[  77% ] _update_scan_actions | faction_mercer44_saiga12_SE.png
[  77% ] _update_scan_actions | faction_mercer44_saiga12_SW.png
[  77% ] _update_scan_actions | faction_mercer44_scar_h_SE.png
[  78% ] _update_scan_actions | faction_mercer44_scar_h_SW.png
[  78% ] _update_scan_actions | faction_mercer44_sks_SE.png
[  78% ] _update_scan_actions | faction_mercer44_sks_SW.png
[  78% ] _update_scan_actions | faction_mercer44_spas12_SE.png
[  78% ] _update_scan_actions | faction_mercer44_spas12_SW.png
[  78% ] _update_scan_actions | faction_mercer44_ssg69_SE.png
[  78% ] _update_scan_actions | faction_mercer44_ssg69_SW.png
[  78% ] _update_scan_actions | faction_mercer44_svd_SE.png
[  78% ] _update_scan_actions | faction_mercer44_svd_SW.png
[  78% ] _update_scan_actions | faction_mercer44_usp_SE.png
[  78% ] _update_scan_actions | faction_mercer44_usp_SW.png
[  78% ] _update_scan_actions | faction_mercer44_uzi_SE.png
[  78% ] _update_scan_actions | faction_mercer44_uzi_SW.png
[  78% ] _update_scan_actions | faction_mercer44_vector_SE.png
[  78% ] _update_scan_actions | faction_mercer44_vector_SW.png
[  78% ] _update_scan_actions | faction_nbpd_ak47_SE.png
[  78% ] _update_scan_actions | faction_nbpd_ak47_SW.png
[  78% ] _update_scan_actions | faction_nbpd_aug_SE.png
[  78% ] _update_scan_actions | faction_nbpd_aug_SW.png
[  78% ] _update_scan_actions | faction_nbpd_awm_SE.png
[  78% ] _update_scan_actions | faction_nbpd_awm_SW.png
[  78% ] _update_scan_actions | faction_nbpd_benelli_m2_SE.png
[  78% ] _update_scan_actions | faction_nbpd_benelli_m2_SW.png
[  78% ] _update_scan_actions | faction_nbpd_benelli_m4_SE.png
[  78% ] _update_scan_actions | faction_nbpd_benelli_m4_SW.png
[  78% ] _update_scan_actions | faction_nbpd_cz75_SE.png
[  78% ] _update_scan_actions | faction_nbpd_cz75_SW.png
[  78% ] _update_scan_actions | faction_nbpd_desert_eagle_SE.png
[  78% ] _update_scan_actions | faction_nbpd_desert_eagle_SW.png
[  78% ] _update_scan_actions | faction_nbpd_five_seven_SE.png
[  78% ] _update_scan_actions | faction_nbpd_five_seven_SW.png
[  78% ] _update_scan_actions | faction_nbpd_g36c_SE.png
[  78% ] _update_scan_actions | faction_nbpd_g36c_SW.png
[  78% ] _update_scan_actions | faction_nbpd_glock_17_SE.png
[  78% ] _update_scan_actions | faction_nbpd_glock_17_SW.png
[  79% ] _update_scan_actions | faction_nbpd_m4a1_SE.png
[  79% ] _update_scan_actions | faction_nbpd_m4a1_SW.png
[  79% ] _update_scan_actions | faction_nbpd_m1911_SE.png
[  79% ] _update_scan_actions | faction_nbpd_m1911_SW.png
[  79% ] _update_scan_actions | faction_nbpd_mac10_SE.png
[  79% ] _update_scan_actions | faction_nbpd_mac10_SW.png
[  79% ] _update_scan_actions | faction_nbpd_mini14_SE.png
[  79% ] _update_scan_actions | faction_nbpd_mini14_SW.png
[  79% ] _update_scan_actions | faction_nbpd_moss500_SE.png
[  79% ] _update_scan_actions | faction_nbpd_moss500_SW.png
[  79% ] _update_scan_actions | faction_nbpd_mp5k_SE.png
[  79% ] _update_scan_actions | faction_nbpd_mp5k_SW.png
[  79% ] _update_scan_actions | faction_nbpd_mp5_SE.png
[  79% ] _update_scan_actions | faction_nbpd_mp5_SW.png
[  79% ] _update_scan_actions | faction_nbpd_p90_SE.png
[  79% ] _update_scan_actions | faction_nbpd_p90_SW.png
[  79% ] _update_scan_actions | faction_nbpd_psg1_SE.png
[  79% ] _update_scan_actions | faction_nbpd_psg1_SW.png
[  79% ] _update_scan_actions | faction_nbpd_rem700_SE.png
[  79% ] _update_scan_actions | faction_nbpd_rem700_SW.png
[  79% ] _update_scan_actions | faction_nbpd_rem870_SE.png
[  79% ] _update_scan_actions | faction_nbpd_rem870_SW.png
[  79% ] _update_scan_actions | faction_nbpd_saiga12_SE.png
[  79% ] _update_scan_actions | faction_nbpd_saiga12_SW.png
[  79% ] _update_scan_actions | faction_nbpd_scar_h_SE.png
[  79% ] _update_scan_actions | faction_nbpd_scar_h_SW.png
[  79% ] _update_scan_actions | faction_nbpd_sks_SE.png
[  79% ] _update_scan_actions | faction_nbpd_sks_SW.png
[  79% ] _update_scan_actions | faction_nbpd_spas12_SE.png
[  79% ] _update_scan_actions | faction_nbpd_spas12_SW.png
[  79% ] _update_scan_actions | faction_nbpd_ssg69_SE.png
[  79% ] _update_scan_actions | faction_nbpd_ssg69_SW.png
[  79% ] _update_scan_actions | faction_nbpd_svd_SE.png
[  79% ] _update_scan_actions | faction_nbpd_svd_SW.png
[  79% ] _update_scan_actions | faction_nbpd_usp_SE.png
[  80% ] _update_scan_actions | faction_nbpd_usp_SW.png
[  80% ] _update_scan_actions | faction_nbpd_uzi_SE.png
[  80% ] _update_scan_actions | faction_nbpd_uzi_SW.png
[  80% ] _update_scan_actions | faction_nbpd_vector_SE.png
[  80% ] _update_scan_actions | faction_nbpd_vector_SW.png
[  80% ] _update_scan_actions | faction_orlov_sniper_awm_SE.png
[  80% ] _update_scan_actions | faction_orlov_sniper_awm_SW.png
[  80% ] _update_scan_actions | faction_orlov_sniper_psg1_SE.png
[  80% ] _update_scan_actions | faction_orlov_sniper_psg1_SW.png
[  80% ] _update_scan_actions | faction_orlov_sniper_rem700_SE.png
[  80% ] _update_scan_actions | faction_orlov_sniper_rem700_SW.png
[  80% ] _update_scan_actions | faction_orlov_sniper_sks_SE.png
[  80% ] _update_scan_actions | faction_orlov_sniper_sks_SW.png
[  80% ] _update_scan_actions | faction_orlov_sniper_ssg69_SE.png
[  80% ] _update_scan_actions | faction_orlov_sniper_ssg69_SW.png
[  80% ] _update_scan_actions | faction_orlov_sniper_svd_SE.png
[  80% ] _update_scan_actions | faction_orlov_sniper_svd_SW.png
[  80% ] _update_scan_actions | faction_ravicci_ak47_SE.png
[  80% ] _update_scan_actions | faction_ravicci_ak47_SW.png
[  80% ] _update_scan_actions | faction_ravicci_aug_SE.png
[  80% ] _update_scan_actions | faction_ravicci_aug_SW.png
[  80% ] _update_scan_actions | faction_ravicci_awm_SE.png
[  80% ] _update_scan_actions | faction_ravicci_awm_SW.png
[  80% ] _update_scan_actions | faction_ravicci_benelli_m2_SE.png
[  80% ] _update_scan_actions | faction_ravicci_benelli_m2_SW.png
[  80% ] _update_scan_actions | faction_ravicci_benelli_m4_SE.png
[  80% ] _update_scan_actions | faction_ravicci_benelli_m4_SW.png
[  80% ] _update_scan_actions | faction_ravicci_cz75_SE.png
[  80% ] _update_scan_actions | faction_ravicci_cz75_SW.png
[  80% ] _update_scan_actions | faction_ravicci_desert_eagle_SE.png
[  80% ] _update_scan_actions | faction_ravicci_desert_eagle_SW.png
[  80% ] _update_scan_actions | faction_ravicci_five_seven_SE.png
[  80% ] _update_scan_actions | faction_ravicci_five_seven_SW.png
[  80% ] _update_scan_actions | faction_ravicci_g36c_SE.png
[  80% ] _update_scan_actions | faction_ravicci_g36c_SW.png
[  81% ] _update_scan_actions | faction_ravicci_glock_17_SE.png
[  81% ] _update_scan_actions | faction_ravicci_glock_17_SW.png
[  81% ] _update_scan_actions | faction_ravicci_m4a1_SE.png
[  81% ] _update_scan_actions | faction_ravicci_m4a1_SW.png
[  81% ] _update_scan_actions | faction_ravicci_m1911_SE.png
[  81% ] _update_scan_actions | faction_ravicci_m1911_SW.png
[  81% ] _update_scan_actions | faction_ravicci_mac10_SE.png
[  81% ] _update_scan_actions | faction_ravicci_mac10_SW.png
[  81% ] _update_scan_actions | faction_ravicci_mini14_SE.png
[  81% ] _update_scan_actions | faction_ravicci_mini14_SW.png
[  81% ] _update_scan_actions | faction_ravicci_moss500_SE.png
[  81% ] _update_scan_actions | faction_ravicci_moss500_SW.png
[  81% ] _update_scan_actions | faction_ravicci_mp5k_SE.png
[  81% ] _update_scan_actions | faction_ravicci_mp5k_SW.png
[  81% ] _update_scan_actions | faction_ravicci_mp5_SE.png
[  81% ] _update_scan_actions | faction_ravicci_mp5_SW.png
[  81% ] _update_scan_actions | faction_ravicci_p90_SE.png
[  81% ] _update_scan_actions | faction_ravicci_p90_SW.png
[  81% ] _update_scan_actions | faction_ravicci_psg1_SE.png
[  81% ] _update_scan_actions | faction_ravicci_psg1_SW.png
[  81% ] _update_scan_actions | faction_ravicci_rem700_SE.png
[  81% ] _update_scan_actions | faction_ravicci_rem700_SW.png
[  81% ] _update_scan_actions | faction_ravicci_rem870_SE.png
[  81% ] _update_scan_actions | faction_ravicci_rem870_SW.png
[  81% ] _update_scan_actions | faction_ravicci_saiga12_SE.png
[  81% ] _update_scan_actions | faction_ravicci_saiga12_SW.png
[  81% ] _update_scan_actions | faction_ravicci_scar_h_SE.png
[  81% ] _update_scan_actions | faction_ravicci_scar_h_SW.png
[  81% ] _update_scan_actions | faction_ravicci_sks_SE.png
[  81% ] _update_scan_actions | faction_ravicci_sks_SW.png
[  81% ] _update_scan_actions | faction_ravicci_spas12_SE.png
[  81% ] _update_scan_actions | faction_ravicci_spas12_SW.png
[  81% ] _update_scan_actions | faction_ravicci_ssg69_SE.png
[  81% ] _update_scan_actions | faction_ravicci_ssg69_SW.png
[  81% ] _update_scan_actions | faction_ravicci_svd_SE.png
[  82% ] _update_scan_actions | faction_ravicci_svd_SW.png
[  82% ] _update_scan_actions | faction_ravicci_usp_SE.png
[  82% ] _update_scan_actions | faction_ravicci_usp_SW.png
[  82% ] _update_scan_actions | faction_ravicci_uzi_SE.png
[  82% ] _update_scan_actions | faction_ravicci_uzi_SW.png
[  82% ] _update_scan_actions | faction_ravicci_vector_SE.png
[  82% ] _update_scan_actions | faction_ravicci_vector_SW.png
[  82% ] _update_scan_actions | faction_saffar_ak47_SE.png
[  82% ] _update_scan_actions | faction_saffar_ak47_SW.png
[  82% ] _update_scan_actions | faction_saffar_aug_SE.png
[  82% ] _update_scan_actions | faction_saffar_aug_SW.png
[  82% ] _update_scan_actions | faction_saffar_awm_SE.png
[  82% ] _update_scan_actions | faction_saffar_awm_SW.png
[  82% ] _update_scan_actions | faction_saffar_benelli_m2_SE.png
[  82% ] _update_scan_actions | faction_saffar_benelli_m2_SW.png
[  82% ] _update_scan_actions | faction_saffar_benelli_m4_SE.png
[  82% ] _update_scan_actions | faction_saffar_benelli_m4_SW.png
[  82% ] _update_scan_actions | faction_saffar_cz75_SE.png
[  82% ] _update_scan_actions | faction_saffar_cz75_SW.png
[  82% ] _update_scan_actions | faction_saffar_desert_eagle_SE.png
[  82% ] _update_scan_actions | faction_saffar_desert_eagle_SW.png
[  82% ] _update_scan_actions | faction_saffar_five_seven_SE.png
[  82% ] _update_scan_actions | faction_saffar_five_seven_SW.png
[  82% ] _update_scan_actions | faction_saffar_g36c_SE.png
[  82% ] _update_scan_actions | faction_saffar_g36c_SW.png
[  82% ] _update_scan_actions | faction_saffar_glock_17_SE.png
[  82% ] _update_scan_actions | faction_saffar_glock_17_SW.png
[  82% ] _update_scan_actions | faction_saffar_m4a1_SE.png
[  82% ] _update_scan_actions | faction_saffar_m4a1_SW.png
[  82% ] _update_scan_actions | faction_saffar_m1911_SE.png
[  82% ] _update_scan_actions | faction_saffar_m1911_SW.png
[  82% ] _update_scan_actions | faction_saffar_mac10_SE.png
[  82% ] _update_scan_actions | faction_saffar_mac10_SW.png
[  82% ] _update_scan_actions | faction_saffar_mini14_SE.png
[  82% ] _update_scan_actions | faction_saffar_mini14_SW.png
[  83% ] _update_scan_actions | faction_saffar_moss500_SE.png
[  83% ] _update_scan_actions | faction_saffar_moss500_SW.png
[  83% ] _update_scan_actions | faction_saffar_mp5k_SE.png
[  83% ] _update_scan_actions | faction_saffar_mp5k_SW.png
[  83% ] _update_scan_actions | faction_saffar_mp5_SE.png
[  83% ] _update_scan_actions | faction_saffar_mp5_SW.png
[  83% ] _update_scan_actions | faction_saffar_p90_SE.png
[  83% ] _update_scan_actions | faction_saffar_p90_SW.png
[  83% ] _update_scan_actions | faction_saffar_psg1_SE.png
[  83% ] _update_scan_actions | faction_saffar_psg1_SW.png
[  83% ] _update_scan_actions | faction_saffar_rem700_SE.png
[  83% ] _update_scan_actions | faction_saffar_rem700_SW.png
[  83% ] _update_scan_actions | faction_saffar_rem870_SE.png
[  83% ] _update_scan_actions | faction_saffar_rem870_SW.png
[  83% ] _update_scan_actions | faction_saffar_saiga12_SE.png
[  83% ] _update_scan_actions | faction_saffar_saiga12_SW.png
[  83% ] _update_scan_actions | faction_saffar_scar_h_SE.png
[  83% ] _update_scan_actions | faction_saffar_scar_h_SW.png
[  83% ] _update_scan_actions | faction_saffar_sks_SE.png
[  83% ] _update_scan_actions | faction_saffar_sks_SW.png
[  83% ] _update_scan_actions | faction_saffar_spas12_SE.png
[  83% ] _update_scan_actions | faction_saffar_spas12_SW.png
[  83% ] _update_scan_actions | faction_saffar_ssg69_SE.png
[  83% ] _update_scan_actions | faction_saffar_ssg69_SW.png
[  83% ] _update_scan_actions | faction_saffar_svd_SE.png
[  83% ] _update_scan_actions | faction_saffar_svd_SW.png
[  83% ] _update_scan_actions | faction_saffar_usp_SE.png
[  83% ] _update_scan_actions | faction_saffar_usp_SW.png
[  83% ] _update_scan_actions | faction_saffar_uzi_SE.png
[  83% ] _update_scan_actions | faction_saffar_uzi_SW.png
[  83% ] _update_scan_actions | faction_saffar_vector_SE.png
[  83% ] _update_scan_actions | faction_saffar_vector_SW.png
[  83% ] _update_scan_actions | faction_sand_raiders_ak47_SE.png
[  83% ] _update_scan_actions | faction_sand_raiders_ak47_SW.png
[  83% ] _update_scan_actions | faction_sand_raiders_aug_SE.png
[  84% ] _update_scan_actions | faction_sand_raiders_aug_SW.png
[  84% ] _update_scan_actions | faction_sand_raiders_awm_SE.png
[  84% ] _update_scan_actions | faction_sand_raiders_awm_SW.png
[  84% ] _update_scan_actions | faction_sand_raiders_benelli_m2_SE.png
[  84% ] _update_scan_actions | faction_sand_raiders_benelli_m2_SW.png
[  84% ] _update_scan_actions | faction_sand_raiders_benelli_m4_SE.png
[  84% ] _update_scan_actions | faction_sand_raiders_benelli_m4_SW.png
[  84% ] _update_scan_actions | faction_sand_raiders_cz75_SE.png
[  84% ] _update_scan_actions | faction_sand_raiders_cz75_SW.png
[  84% ] _update_scan_actions | faction_sand_raiders_desert_eagle_SE.png
[  84% ] _update_scan_actions | faction_sand_raiders_desert_eagle_SW.png
[  84% ] _update_scan_actions | faction_sand_raiders_five_seven_SE.png
[  84% ] _update_scan_actions | faction_sand_raiders_five_seven_SW.png
[  84% ] _update_scan_actions | faction_sand_raiders_g36c_SE.png
[  84% ] _update_scan_actions | faction_sand_raiders_g36c_SW.png
[  84% ] _update_scan_actions | faction_sand_raiders_glock_17_SE.png
[  84% ] _update_scan_actions | faction_sand_raiders_glock_17_SW.png
[  84% ] _update_scan_actions | faction_sand_raiders_m4a1_SE.png
[  84% ] _update_scan_actions | faction_sand_raiders_m4a1_SW.png
[  84% ] _update_scan_actions | faction_sand_raiders_m1911_SE.png
[  84% ] _update_scan_actions | faction_sand_raiders_m1911_SW.png
[  84% ] _update_scan_actions | faction_sand_raiders_mac10_SE.png
[  84% ] _update_scan_actions | faction_sand_raiders_mac10_SW.png
[  84% ] _update_scan_actions | faction_sand_raiders_mini14_SE.png
[  84% ] _update_scan_actions | faction_sand_raiders_mini14_SW.png
[  84% ] _update_scan_actions | faction_sand_raiders_moss500_SE.png
[  84% ] _update_scan_actions | faction_sand_raiders_moss500_SW.png
[  84% ] _update_scan_actions | faction_sand_raiders_mp5k_SE.png
[  84% ] _update_scan_actions | faction_sand_raiders_mp5k_SW.png
[  84% ] _update_scan_actions | faction_sand_raiders_mp5_SE.png
[  84% ] _update_scan_actions | faction_sand_raiders_mp5_SW.png
[  84% ] _update_scan_actions | faction_sand_raiders_p90_SE.png
[  84% ] _update_scan_actions | faction_sand_raiders_p90_SW.png
[  84% ] _update_scan_actions | faction_sand_raiders_psg1_SE.png
[  84% ] _update_scan_actions | faction_sand_raiders_psg1_SW.png
[  85% ] _update_scan_actions | faction_sand_raiders_rem700_SE.png
[  85% ] _update_scan_actions | faction_sand_raiders_rem700_SW.png
[  85% ] _update_scan_actions | faction_sand_raiders_rem870_SE.png
[  85% ] _update_scan_actions | faction_sand_raiders_rem870_SW.png
[  85% ] _update_scan_actions | faction_sand_raiders_saiga12_SE.png
[  85% ] _update_scan_actions | faction_sand_raiders_saiga12_SW.png
[  85% ] _update_scan_actions | faction_sand_raiders_scar_h_SE.png
[  85% ] _update_scan_actions | faction_sand_raiders_scar_h_SW.png
[  85% ] _update_scan_actions | faction_sand_raiders_sks_SE.png
[  85% ] _update_scan_actions | faction_sand_raiders_sks_SW.png
[  85% ] _update_scan_actions | faction_sand_raiders_spas12_SE.png
[  85% ] _update_scan_actions | faction_sand_raiders_spas12_SW.png
[  85% ] _update_scan_actions | faction_sand_raiders_ssg69_SE.png
[  85% ] _update_scan_actions | faction_sand_raiders_ssg69_SW.png
[  85% ] _update_scan_actions | faction_sand_raiders_svd_SE.png
[  85% ] _update_scan_actions | faction_sand_raiders_svd_SW.png
[  85% ] _update_scan_actions | faction_sand_raiders_usp_SE.png
[  85% ] _update_scan_actions | faction_sand_raiders_usp_SW.png
[  85% ] _update_scan_actions | faction_sand_raiders_uzi_SE.png
[  85% ] _update_scan_actions | faction_sand_raiders_uzi_SW.png
[  85% ] _update_scan_actions | faction_sand_raiders_vector_SE.png
[  85% ] _update_scan_actions | faction_sand_raiders_vector_SW.png
[  85% ] _update_scan_actions | faction_sierra_roja_ak47_SE.png
[  85% ] _update_scan_actions | faction_sierra_roja_ak47_SW.png
[  85% ] _update_scan_actions | faction_sierra_roja_aug_SE.png
[  85% ] _update_scan_actions | faction_sierra_roja_aug_SW.png
[  85% ] _update_scan_actions | faction_sierra_roja_awm_SE.png
[  85% ] _update_scan_actions | faction_sierra_roja_awm_SW.png
[  85% ] _update_scan_actions | faction_sierra_roja_benelli_m2_SE.png
[  85% ] _update_scan_actions | faction_sierra_roja_benelli_m2_SW.png
[  85% ] _update_scan_actions | faction_sierra_roja_benelli_m4_SE.png
[  85% ] _update_scan_actions | faction_sierra_roja_benelli_m4_SW.png
[  85% ] _update_scan_actions | faction_sierra_roja_cz75_SE.png
[  85% ] _update_scan_actions | faction_sierra_roja_cz75_SW.png
[  85% ] _update_scan_actions | faction_sierra_roja_desert_eagle_SE.png
[  85% ] _update_scan_actions | faction_sierra_roja_desert_eagle_SW.png
[  86% ] _update_scan_actions | faction_sierra_roja_five_seven_SE.png
[  86% ] _update_scan_actions | faction_sierra_roja_five_seven_SW.png
[  86% ] _update_scan_actions | faction_sierra_roja_g36c_SE.png
[  86% ] _update_scan_actions | faction_sierra_roja_g36c_SW.png
[  86% ] _update_scan_actions | faction_sierra_roja_glock_17_SE.png
[  86% ] _update_scan_actions | faction_sierra_roja_glock_17_SW.png
[  86% ] _update_scan_actions | faction_sierra_roja_m4a1_SE.png
[  86% ] _update_scan_actions | faction_sierra_roja_m4a1_SW.png
[  86% ] _update_scan_actions | faction_sierra_roja_m1911_SE.png
[  86% ] _update_scan_actions | faction_sierra_roja_m1911_SW.png
[  86% ] _update_scan_actions | faction_sierra_roja_mac10_SE.png
[  86% ] _update_scan_actions | faction_sierra_roja_mac10_SW.png
[  86% ] _update_scan_actions | faction_sierra_roja_mini14_SE.png
[  86% ] _update_scan_actions | faction_sierra_roja_mini14_SW.png
[  86% ] _update_scan_actions | faction_sierra_roja_moss500_SE.png
[  86% ] _update_scan_actions | faction_sierra_roja_moss500_SW.png
[  86% ] _update_scan_actions | faction_sierra_roja_mp5k_SE.png
[  86% ] _update_scan_actions | faction_sierra_roja_mp5k_SW.png
[  86% ] _update_scan_actions | faction_sierra_roja_mp5_SE.png
[  86% ] _update_scan_actions | faction_sierra_roja_mp5_SW.png
[  86% ] _update_scan_actions | faction_sierra_roja_p90_SE.png
[  86% ] _update_scan_actions | faction_sierra_roja_p90_SW.png
[  86% ] _update_scan_actions | faction_sierra_roja_psg1_SE.png
[  86% ] _update_scan_actions | faction_sierra_roja_psg1_SW.png
[  86% ] _update_scan_actions | faction_sierra_roja_rem700_SE.png
[  86% ] _update_scan_actions | faction_sierra_roja_rem700_SW.png
[  86% ] _update_scan_actions | faction_sierra_roja_rem870_SE.png
[  86% ] _update_scan_actions | faction_sierra_roja_rem870_SW.png
[  86% ] _update_scan_actions | faction_sierra_roja_saiga12_SE.png
[  86% ] _update_scan_actions | faction_sierra_roja_saiga12_SW.png
[  86% ] _update_scan_actions | faction_sierra_roja_scar_h_SE.png
[  86% ] _update_scan_actions | faction_sierra_roja_scar_h_SW.png
[  86% ] _update_scan_actions | faction_sierra_roja_sks_SE.png
[  86% ] _update_scan_actions | faction_sierra_roja_sks_SW.png
[  86% ] _update_scan_actions | faction_sierra_roja_spas12_SE.png
[  87% ] _update_scan_actions | faction_sierra_roja_spas12_SW.png
[  87% ] _update_scan_actions | faction_sierra_roja_ssg69_SE.png
[  87% ] _update_scan_actions | faction_sierra_roja_ssg69_SW.png
[  87% ] _update_scan_actions | faction_sierra_roja_svd_SE.png
[  87% ] _update_scan_actions | faction_sierra_roja_svd_SW.png
[  87% ] _update_scan_actions | faction_sierra_roja_usp_SE.png
[  87% ] _update_scan_actions | faction_sierra_roja_usp_SW.png
[  87% ] _update_scan_actions | faction_sierra_roja_uzi_SE.png
[  87% ] _update_scan_actions | faction_sierra_roja_uzi_SW.png
[  87% ] _update_scan_actions | faction_sierra_roja_vector_SE.png
[  87% ] _update_scan_actions | faction_sierra_roja_vector_SW.png
[  87% ] _update_scan_actions | faction_stateline_ak47_SE.png
[  87% ] _update_scan_actions | faction_stateline_ak47_SW.png
[  87% ] _update_scan_actions | faction_stateline_aug_SE.png
[  87% ] _update_scan_actions | faction_stateline_aug_SW.png
[  87% ] _update_scan_actions | faction_stateline_awm_SE.png
[  87% ] _update_scan_actions | faction_stateline_awm_SW.png
[  87% ] _update_scan_actions | faction_stateline_benelli_m2_SE.png
[  87% ] _update_scan_actions | faction_stateline_benelli_m2_SW.png
[  87% ] _update_scan_actions | faction_stateline_benelli_m4_SE.png
[  87% ] _update_scan_actions | faction_stateline_benelli_m4_SW.png
[  87% ] _update_scan_actions | faction_stateline_cz75_SE.png
[  87% ] _update_scan_actions | faction_stateline_cz75_SW.png
[  87% ] _update_scan_actions | faction_stateline_desert_eagle_SE.png
[  87% ] _update_scan_actions | faction_stateline_desert_eagle_SW.png
[  87% ] _update_scan_actions | faction_stateline_five_seven_SE.png
[  87% ] _update_scan_actions | faction_stateline_five_seven_SW.png
[  87% ] _update_scan_actions | faction_stateline_g36c_SE.png
[  87% ] _update_scan_actions | faction_stateline_g36c_SW.png
[  87% ] _update_scan_actions | faction_stateline_glock_17_SE.png
[  87% ] _update_scan_actions | faction_stateline_glock_17_SW.png
[  87% ] _update_scan_actions | faction_stateline_m4a1_SE.png
[  87% ] _update_scan_actions | faction_stateline_m4a1_SW.png
[  87% ] _update_scan_actions | faction_stateline_m1911_SE.png
[  87% ] _update_scan_actions | faction_stateline_m1911_SW.png
[  88% ] _update_scan_actions | faction_stateline_mac10_SE.png
[  88% ] _update_scan_actions | faction_stateline_mac10_SW.png
[  88% ] _update_scan_actions | faction_stateline_mini14_SE.png
[  88% ] _update_scan_actions | faction_stateline_mini14_SW.png
[  88% ] _update_scan_actions | faction_stateline_moss500_SE.png
[  88% ] _update_scan_actions | faction_stateline_moss500_SW.png
[  88% ] _update_scan_actions | faction_stateline_mp5k_SE.png
[  88% ] _update_scan_actions | faction_stateline_mp5k_SW.png
[  88% ] _update_scan_actions | faction_stateline_mp5_SE.png
[  88% ] _update_scan_actions | faction_stateline_mp5_SW.png
[  88% ] _update_scan_actions | faction_stateline_p90_SE.png
[  88% ] _update_scan_actions | faction_stateline_p90_SW.png
[  88% ] _update_scan_actions | faction_stateline_psg1_SE.png
[  88% ] _update_scan_actions | faction_stateline_psg1_SW.png
[  88% ] _update_scan_actions | faction_stateline_rem700_SE.png
[  88% ] _update_scan_actions | faction_stateline_rem700_SW.png
[  88% ] _update_scan_actions | faction_stateline_rem870_SE.png
[  88% ] _update_scan_actions | faction_stateline_rem870_SW.png
[  88% ] _update_scan_actions | faction_stateline_saiga12_SE.png
[  88% ] _update_scan_actions | faction_stateline_saiga12_SW.png
[  88% ] _update_scan_actions | faction_stateline_scar_h_SE.png
[  88% ] _update_scan_actions | faction_stateline_scar_h_SW.png
[  88% ] _update_scan_actions | faction_stateline_sks_SE.png
[  88% ] _update_scan_actions | faction_stateline_sks_SW.png
[  88% ] _update_scan_actions | faction_stateline_spas12_SE.png
[  88% ] _update_scan_actions | faction_stateline_spas12_SW.png
[  88% ] _update_scan_actions | faction_stateline_ssg69_SE.png
[  88% ] _update_scan_actions | faction_stateline_ssg69_SW.png
[  88% ] _update_scan_actions | faction_stateline_svd_SE.png
[  88% ] _update_scan_actions | faction_stateline_svd_SW.png
[  88% ] _update_scan_actions | faction_stateline_usp_SE.png
[  88% ] _update_scan_actions | faction_stateline_usp_SW.png
[  88% ] _update_scan_actions | faction_stateline_uzi_SE.png
[  88% ] _update_scan_actions | faction_stateline_uzi_SW.png
[  88% ] _update_scan_actions | faction_stateline_vector_SE.png
[  89% ] _update_scan_actions | faction_stateline_vector_SW.png
[  89% ] _update_scan_actions | faction_trc_ak47_SE.png
[  89% ] _update_scan_actions | faction_trc_ak47_SW.png
[  89% ] _update_scan_actions | faction_trc_aug_SE.png
[  89% ] _update_scan_actions | faction_trc_aug_SW.png
[  89% ] _update_scan_actions | faction_trc_awm_SE.png
[  89% ] _update_scan_actions | faction_trc_awm_SW.png
[  89% ] _update_scan_actions | faction_trc_benelli_m2_SE.png
[  89% ] _update_scan_actions | faction_trc_benelli_m2_SW.png
[  89% ] _update_scan_actions | faction_trc_benelli_m4_SE.png
[  89% ] _update_scan_actions | faction_trc_benelli_m4_SW.png
[  89% ] _update_scan_actions | faction_trc_cz75_SE.png
[  89% ] _update_scan_actions | faction_trc_cz75_SW.png
[  89% ] _update_scan_actions | faction_trc_desert_eagle_SE.png
[  89% ] _update_scan_actions | faction_trc_desert_eagle_SW.png
[  89% ] _update_scan_actions | faction_trc_five_seven_SE.png
[  89% ] _update_scan_actions | faction_trc_five_seven_SW.png
[  89% ] _update_scan_actions | faction_trc_g36c_SE.png
[  89% ] _update_scan_actions | faction_trc_g36c_SW.png
[  89% ] _update_scan_actions | faction_trc_glock_17_SE.png
[  89% ] _update_scan_actions | faction_trc_glock_17_SW.png
[  89% ] _update_scan_actions | faction_trc_m4a1_SE.png
[  89% ] _update_scan_actions | faction_trc_m4a1_SW.png
[  89% ] _update_scan_actions | faction_trc_m1911_SE.png
[  89% ] _update_scan_actions | faction_trc_m1911_SW.png
[  89% ] _update_scan_actions | faction_trc_mac10_SE.png
[  89% ] _update_scan_actions | faction_trc_mac10_SW.png
[  89% ] _update_scan_actions | faction_trc_mini14_SE.png
[  89% ] _update_scan_actions | faction_trc_mini14_SW.png
[  89% ] _update_scan_actions | faction_trc_moss500_SE.png
[  89% ] _update_scan_actions | faction_trc_moss500_SW.png
[  89% ] _update_scan_actions | faction_trc_mp5k_SE.png
[  89% ] _update_scan_actions | faction_trc_mp5k_SW.png
[  89% ] _update_scan_actions | faction_trc_mp5_SE.png
[  89% ] _update_scan_actions | faction_trc_mp5_SW.png
[  90% ] _update_scan_actions | faction_trc_p90_SE.png
[  90% ] _update_scan_actions | faction_trc_p90_SW.png
[  90% ] _update_scan_actions | faction_trc_psg1_SE.png
[  90% ] _update_scan_actions | faction_trc_psg1_SW.png
[  90% ] _update_scan_actions | faction_trc_rem700_SE.png
[  90% ] _update_scan_actions | faction_trc_rem700_SW.png
[  90% ] _update_scan_actions | faction_trc_rem870_SE.png
[  90% ] _update_scan_actions | faction_trc_rem870_SW.png
[  90% ] _update_scan_actions | faction_trc_saiga12_SE.png
[  90% ] _update_scan_actions | faction_trc_saiga12_SW.png
[  90% ] _update_scan_actions | faction_trc_scar_h_SE.png
[  90% ] _update_scan_actions | faction_trc_scar_h_SW.png
[  90% ] _update_scan_actions | faction_trc_sks_SE.png
[  90% ] _update_scan_actions | faction_trc_sks_SW.png
[  90% ] _update_scan_actions | faction_trc_spas12_SE.png
[  90% ] _update_scan_actions | faction_trc_spas12_SW.png
[  90% ] _update_scan_actions | faction_trc_ssg69_SE.png
[  90% ] _update_scan_actions | faction_trc_ssg69_SW.png
[  90% ] _update_scan_actions | faction_trc_svd_SE.png
[  90% ] _update_scan_actions | faction_trc_svd_SW.png
[  90% ] _update_scan_actions | faction_trc_usp_SE.png
[  90% ] _update_scan_actions | faction_trc_usp_SW.png
[  90% ] _update_scan_actions | faction_trc_uzi_SE.png
[  90% ] _update_scan_actions | faction_trc_uzi_SW.png
[  90% ] _update_scan_actions | faction_trc_vector_SE.png
[  90% ] _update_scan_actions | faction_trc_vector_SW.png
[  90% ] _update_scan_actions | faction_union_sur_ak47_SE.png
[  90% ] _update_scan_actions | faction_union_sur_ak47_SW.png
[  90% ] _update_scan_actions | faction_union_sur_aug_SE.png
[  90% ] _update_scan_actions | faction_union_sur_aug_SW.png
[  90% ] _update_scan_actions | faction_union_sur_awm_SE.png
[  90% ] _update_scan_actions | faction_union_sur_awm_SW.png
[  90% ] _update_scan_actions | faction_union_sur_benelli_m2_SE.png
[  90% ] _update_scan_actions | faction_union_sur_benelli_m2_SW.png
[  90% ] _update_scan_actions | faction_union_sur_benelli_m4_SE.png
[  91% ] _update_scan_actions | faction_union_sur_benelli_m4_SW.png
[  91% ] _update_scan_actions | faction_union_sur_cz75_SE.png
[  91% ] _update_scan_actions | faction_union_sur_cz75_SW.png
[  91% ] _update_scan_actions | faction_union_sur_desert_eagle_SE.png
[  91% ] _update_scan_actions | faction_union_sur_desert_eagle_SW.png
[  91% ] _update_scan_actions | faction_union_sur_five_seven_SE.png
[  91% ] _update_scan_actions | faction_union_sur_five_seven_SW.png
[  91% ] _update_scan_actions | faction_union_sur_g36c_SE.png
[  91% ] _update_scan_actions | faction_union_sur_g36c_SW.png
[  91% ] _update_scan_actions | faction_union_sur_glock_17_SE.png
[  91% ] _update_scan_actions | faction_union_sur_glock_17_SW.png
[  91% ] _update_scan_actions | faction_union_sur_m4a1_SE.png
[  91% ] _update_scan_actions | faction_union_sur_m4a1_SW.png
[  91% ] _update_scan_actions | faction_union_sur_m1911_SE.png
[  91% ] _update_scan_actions | faction_union_sur_m1911_SW.png
[  91% ] _update_scan_actions | faction_union_sur_mac10_SE.png
[  91% ] _update_scan_actions | faction_union_sur_mac10_SW.png
[  91% ] _update_scan_actions | faction_union_sur_mini14_SE.png
[  91% ] _update_scan_actions | faction_union_sur_mini14_SW.png
[  91% ] _update_scan_actions | faction_union_sur_moss500_SE.png
[  91% ] _update_scan_actions | faction_union_sur_moss500_SW.png
[  91% ] _update_scan_actions | faction_union_sur_mp5k_SE.png
[  91% ] _update_scan_actions | faction_union_sur_mp5k_SW.png
[  91% ] _update_scan_actions | faction_union_sur_mp5_SE.png
[  91% ] _update_scan_actions | faction_union_sur_mp5_SW.png
[  91% ] _update_scan_actions | faction_union_sur_p90_SE.png
[  91% ] _update_scan_actions | faction_union_sur_p90_SW.png
[  91% ] _update_scan_actions | faction_union_sur_psg1_SE.png
[  91% ] _update_scan_actions | faction_union_sur_psg1_SW.png
[  91% ] _update_scan_actions | faction_union_sur_rem700_SE.png
[  91% ] _update_scan_actions | faction_union_sur_rem700_SW.png
[  91% ] _update_scan_actions | faction_union_sur_rem870_SE.png
[  91% ] _update_scan_actions | faction_union_sur_rem870_SW.png
[  91% ] _update_scan_actions | faction_union_sur_saiga12_SE.png
[  91% ] _update_scan_actions | faction_union_sur_saiga12_SW.png
[  92% ] _update_scan_actions | faction_union_sur_scar_h_SE.png
[  92% ] _update_scan_actions | faction_union_sur_scar_h_SW.png
[  92% ] _update_scan_actions | faction_union_sur_sks_SE.png
[  92% ] _update_scan_actions | faction_union_sur_sks_SW.png
[  92% ] _update_scan_actions | faction_union_sur_spas12_SE.png
[  92% ] _update_scan_actions | faction_union_sur_spas12_SW.png
[  92% ] _update_scan_actions | faction_union_sur_ssg69_SE.png
[  92% ] _update_scan_actions | faction_union_sur_ssg69_SW.png
[  92% ] _update_scan_actions | faction_union_sur_svd_SE.png
[  92% ] _update_scan_actions | faction_union_sur_svd_SW.png
[  92% ] _update_scan_actions | faction_union_sur_usp_SE.png
[  92% ] _update_scan_actions | faction_union_sur_usp_SW.png
[  92% ] _update_scan_actions | faction_union_sur_uzi_SE.png
[  92% ] _update_scan_actions | faction_union_sur_uzi_SW.png
[  92% ] _update_scan_actions | faction_union_sur_vector_SE.png
[  92% ] _update_scan_actions | faction_union_sur_vector_SW.png
[  92% ] _update_scan_actions | faction_ventresca_ak47_SE.png
[  92% ] _update_scan_actions | faction_ventresca_ak47_SW.png
[  92% ] _update_scan_actions | faction_ventresca_aug_SE.png
[  92% ] _update_scan_actions | faction_ventresca_aug_SW.png
[  92% ] _update_scan_actions | faction_ventresca_awm_SE.png
[  92% ] _update_scan_actions | faction_ventresca_awm_SW.png
[  92% ] _update_scan_actions | faction_ventresca_benelli_m2_SE.png
[  92% ] _update_scan_actions | faction_ventresca_benelli_m2_SW.png
[  92% ] _update_scan_actions | faction_ventresca_benelli_m4_SE.png
[  92% ] _update_scan_actions | faction_ventresca_benelli_m4_SW.png
[  92% ] _update_scan_actions | faction_ventresca_cz75_SE.png
[  92% ] _update_scan_actions | faction_ventresca_cz75_SW.png
[  92% ] _update_scan_actions | faction_ventresca_desert_eagle_SE.png
[  92% ] _update_scan_actions | faction_ventresca_desert_eagle_SW.png
[  92% ] _update_scan_actions | faction_ventresca_five_seven_SE.png
[  92% ] _update_scan_actions | faction_ventresca_five_seven_SW.png
[  92% ] _update_scan_actions | faction_ventresca_g36c_SE.png
[  92% ] _update_scan_actions | faction_ventresca_g36c_SW.png
[  92% ] _update_scan_actions | faction_ventresca_glock_17_SE.png
[  93% ] _update_scan_actions | faction_ventresca_glock_17_SW.png
[  93% ] _update_scan_actions | faction_ventresca_m4a1_SE.png
[  93% ] _update_scan_actions | faction_ventresca_m4a1_SW.png
[  93% ] _update_scan_actions | faction_ventresca_m1911_SE.png
[  93% ] _update_scan_actions | faction_ventresca_m1911_SW.png
[  93% ] _update_scan_actions | faction_ventresca_mac10_SE.png
[  93% ] _update_scan_actions | faction_ventresca_mac10_SW.png
[  93% ] _update_scan_actions | faction_ventresca_mini14_SE.png
[  93% ] _update_scan_actions | faction_ventresca_mini14_SW.png
[  93% ] _update_scan_actions | faction_ventresca_moss500_SE.png
[  93% ] _update_scan_actions | faction_ventresca_moss500_SW.png
[  93% ] _update_scan_actions | faction_ventresca_mp5k_SE.png
[  93% ] _update_scan_actions | faction_ventresca_mp5k_SW.png
[  93% ] _update_scan_actions | faction_ventresca_mp5_SE.png
[  93% ] _update_scan_actions | faction_ventresca_mp5_SW.png
[  93% ] _update_scan_actions | faction_ventresca_p90_SE.png
[  93% ] _update_scan_actions | faction_ventresca_p90_SW.png
[  93% ] _update_scan_actions | faction_ventresca_psg1_SE.png
[  93% ] _update_scan_actions | faction_ventresca_psg1_SW.png
[  93% ] _update_scan_actions | faction_ventresca_rem700_SE.png
[  93% ] _update_scan_actions | faction_ventresca_rem700_SW.png
[  93% ] _update_scan_actions | faction_ventresca_rem870_SE.png
[  93% ] _update_scan_actions | faction_ventresca_rem870_SW.png
[  93% ] _update_scan_actions | faction_ventresca_saiga12_SE.png
[  93% ] _update_scan_actions | faction_ventresca_saiga12_SW.png
[  93% ] _update_scan_actions | faction_ventresca_scar_h_SE.png
[  93% ] _update_scan_actions | faction_ventresca_scar_h_SW.png
[  93% ] _update_scan_actions | faction_ventresca_sks_SE.png
[  93% ] _update_scan_actions | faction_ventresca_sks_SW.png
[  93% ] _update_scan_actions | faction_ventresca_spas12_SE.png
[  93% ] _update_scan_actions | faction_ventresca_spas12_SW.png
[  93% ] _update_scan_actions | faction_ventresca_ssg69_SE.png
[  93% ] _update_scan_actions | faction_ventresca_ssg69_SW.png
[  93% ] _update_scan_actions | faction_ventresca_svd_SE.png
[  93% ] _update_scan_actions | faction_ventresca_svd_SW.png
[  94% ] _update_scan_actions | faction_ventresca_usp_SE.png
[  94% ] _update_scan_actions | faction_ventresca_usp_SW.png
[  94% ] _update_scan_actions | faction_ventresca_uzi_SE.png
[  94% ] _update_scan_actions | faction_ventresca_uzi_SW.png
[  94% ] _update_scan_actions | faction_ventresca_vector_SE.png
[  94% ] _update_scan_actions | faction_ventresca_vector_SW.png
[  94% ] _update_scan_actions | faction_whittaker_ak47_SE.png
[  94% ] _update_scan_actions | faction_whittaker_ak47_SW.png
[  94% ] _update_scan_actions | faction_whittaker_aug_SE.png
[  94% ] _update_scan_actions | faction_whittaker_aug_SW.png
[  94% ] _update_scan_actions | faction_whittaker_awm_SE.png
[  94% ] _update_scan_actions | faction_whittaker_awm_SW.png
[  94% ] _update_scan_actions | faction_whittaker_benelli_m2_SE.png
[  94% ] _update_scan_actions | faction_whittaker_benelli_m2_SW.png
[  94% ] _update_scan_actions | faction_whittaker_benelli_m4_SE.png
[  94% ] _update_scan_actions | faction_whittaker_benelli_m4_SW.png
[  94% ] _update_scan_actions | faction_whittaker_cz75_SE.png
[  94% ] _update_scan_actions | faction_whittaker_cz75_SW.png
[  94% ] _update_scan_actions | faction_whittaker_desert_eagle_SE.png
[  94% ] _update_scan_actions | faction_whittaker_desert_eagle_SW.png
[  94% ] _update_scan_actions | faction_whittaker_five_seven_SE.png
[  94% ] _update_scan_actions | faction_whittaker_five_seven_SW.png
[  94% ] _update_scan_actions | faction_whittaker_g36c_SE.png
[  94% ] _update_scan_actions | faction_whittaker_g36c_SW.png
[  94% ] _update_scan_actions | faction_whittaker_glock_17_SE.png
[  94% ] _update_scan_actions | faction_whittaker_glock_17_SW.png
[  94% ] _update_scan_actions | faction_whittaker_m4a1_SE.png
[  94% ] _update_scan_actions | faction_whittaker_m4a1_SW.png
[  94% ] _update_scan_actions | faction_whittaker_m1911_SE.png
[  94% ] _update_scan_actions | faction_whittaker_m1911_SW.png
[  94% ] _update_scan_actions | faction_whittaker_mac10_SE.png
[  94% ] _update_scan_actions | faction_whittaker_mac10_SW.png
[  94% ] _update_scan_actions | faction_whittaker_mini14_SE.png
[  94% ] _update_scan_actions | faction_whittaker_mini14_SW.png
[  94% ] _update_scan_actions | faction_whittaker_moss500_SE.png
[  95% ] _update_scan_actions | faction_whittaker_moss500_SW.png
[  95% ] _update_scan_actions | faction_whittaker_mp5k_SE.png
[  95% ] _update_scan_actions | faction_whittaker_mp5k_SW.png
[  95% ] _update_scan_actions | faction_whittaker_mp5_SE.png
[  95% ] _update_scan_actions | faction_whittaker_mp5_SW.png
[  95% ] _update_scan_actions | faction_whittaker_p90_SE.png
[  95% ] _update_scan_actions | faction_whittaker_p90_SW.png
[  95% ] _update_scan_actions | faction_whittaker_psg1_SE.png
[  95% ] _update_scan_actions | faction_whittaker_psg1_SW.png
[  95% ] _update_scan_actions | faction_whittaker_rem700_SE.png
[  95% ] _update_scan_actions | faction_whittaker_rem700_SW.png
[  95% ] _update_scan_actions | faction_whittaker_rem870_SE.png
[  95% ] _update_scan_actions | faction_whittaker_rem870_SW.png
[  95% ] _update_scan_actions | faction_whittaker_saiga12_SE.png
[  95% ] _update_scan_actions | faction_whittaker_saiga12_SW.png
[  95% ] _update_scan_actions | faction_whittaker_scar_h_SE.png
[  95% ] _update_scan_actions | faction_whittaker_scar_h_SW.png
[  95% ] _update_scan_actions | faction_whittaker_sks_SE.png
[  95% ] _update_scan_actions | faction_whittaker_sks_SW.png
[  95% ] _update_scan_actions | faction_whittaker_spas12_SE.png
[  95% ] _update_scan_actions | faction_whittaker_spas12_SW.png
[  95% ] _update_scan_actions | faction_whittaker_ssg69_SE.png
[  95% ] _update_scan_actions | faction_whittaker_ssg69_SW.png
[  95% ] _update_scan_actions | faction_whittaker_svd_SE.png
[  95% ] _update_scan_actions | faction_whittaker_svd_SW.png
[  95% ] _update_scan_actions | faction_whittaker_usp_SE.png
[  95% ] _update_scan_actions | faction_whittaker_usp_SW.png
[  95% ] _update_scan_actions | faction_whittaker_uzi_SE.png
[  95% ] _update_scan_actions | faction_whittaker_uzi_SW.png
[  95% ] _update_scan_actions | faction_whittaker_vector_SE.png
[  95% ] _update_scan_actions | faction_whittaker_vector_SW.png
[  95% ] _update_scan_actions | faction_wm_corp_ak47_SE.png
[  95% ] _update_scan_actions | faction_wm_corp_ak47_SW.png
[  95% ] _update_scan_actions | faction_wm_corp_aug_SE.png
[  95% ] _update_scan_actions | faction_wm_corp_aug_SW.png
[  96% ] _update_scan_actions | faction_wm_corp_awm_SE.png
[  96% ] _update_scan_actions | faction_wm_corp_awm_SW.png
[  96% ] _update_scan_actions | faction_wm_corp_benelli_m2_SE.png
[  96% ] _update_scan_actions | faction_wm_corp_benelli_m2_SW.png
[  96% ] _update_scan_actions | faction_wm_corp_benelli_m4_SE.png
[  96% ] _update_scan_actions | faction_wm_corp_benelli_m4_SW.png
[  96% ] _update_scan_actions | faction_wm_corp_cz75_SE.png
[  96% ] _update_scan_actions | faction_wm_corp_cz75_SW.png
[  96% ] _update_scan_actions | faction_wm_corp_desert_eagle_SE.png
[  96% ] _update_scan_actions | faction_wm_corp_desert_eagle_SW.png
[  96% ] _update_scan_actions | faction_wm_corp_five_seven_SE.png
[  96% ] _update_scan_actions | faction_wm_corp_five_seven_SW.png
[  96% ] _update_scan_actions | faction_wm_corp_g36c_SE.png
[  96% ] _update_scan_actions | faction_wm_corp_g36c_SW.png
[  96% ] _update_scan_actions | faction_wm_corp_glock_17_SE.png
[  96% ] _update_scan_actions | faction_wm_corp_glock_17_SW.png
[  96% ] _update_scan_actions | faction_wm_corp_m4a1_SE.png
[  96% ] _update_scan_actions | faction_wm_corp_m4a1_SW.png
[  96% ] _update_scan_actions | faction_wm_corp_m1911_SE.png
[  96% ] _update_scan_actions | faction_wm_corp_m1911_SW.png
[  96% ] _update_scan_actions | faction_wm_corp_mac10_SE.png
[  96% ] _update_scan_actions | faction_wm_corp_mac10_SW.png
[  96% ] _update_scan_actions | faction_wm_corp_mini14_SE.png
[  96% ] _update_scan_actions | faction_wm_corp_mini14_SW.png
[  96% ] _update_scan_actions | faction_wm_corp_moss500_SE.png
[  96% ] _update_scan_actions | faction_wm_corp_moss500_SW.png
[  96% ] _update_scan_actions | faction_wm_corp_mp5k_SE.png
[  96% ] _update_scan_actions | faction_wm_corp_mp5k_SW.png
[  96% ] _update_scan_actions | faction_wm_corp_mp5_SE.png
[  96% ] _update_scan_actions | faction_wm_corp_mp5_SW.png
[  96% ] _update_scan_actions | faction_wm_corp_p90_SE.png
[  96% ] _update_scan_actions | faction_wm_corp_p90_SW.png
[  96% ] _update_scan_actions | faction_wm_corp_psg1_SE.png
[  96% ] _update_scan_actions | faction_wm_corp_psg1_SW.png
[  96% ] _update_scan_actions | faction_wm_corp_rem700_SE.png
[  97% ] _update_scan_actions | faction_wm_corp_rem700_SW.png
[  97% ] _update_scan_actions | faction_wm_corp_rem870_SE.png
[  97% ] _update_scan_actions | faction_wm_corp_rem870_SW.png
[  97% ] _update_scan_actions | faction_wm_corp_saiga12_SE.png
[  97% ] _update_scan_actions | faction_wm_corp_saiga12_SW.png
[  97% ] _update_scan_actions | faction_wm_corp_scar_h_SE.png
[  97% ] _update_scan_actions | faction_wm_corp_scar_h_SW.png
[  97% ] _update_scan_actions | faction_wm_corp_sks_SE.png
[  97% ] _update_scan_actions | faction_wm_corp_sks_SW.png
[  97% ] _update_scan_actions | faction_wm_corp_spas12_SE.png
[  97% ] _update_scan_actions | faction_wm_corp_spas12_SW.png
[  97% ] _update_scan_actions | faction_wm_corp_ssg69_SE.png
[  97% ] _update_scan_actions | faction_wm_corp_ssg69_SW.png
[  97% ] _update_scan_actions | faction_wm_corp_svd_SE.png
[  97% ] _update_scan_actions | faction_wm_corp_svd_SW.png
[  97% ] _update_scan_actions | faction_wm_corp_usp_SE.png
[  97% ] _update_scan_actions | faction_wm_corp_usp_SW.png
[  97% ] _update_scan_actions | faction_wm_corp_uzi_SE.png
[  97% ] _update_scan_actions | faction_wm_corp_uzi_SW.png
[  97% ] _update_scan_actions | faction_wm_corp_vector_SE.png
[  97% ] _update_scan_actions | faction_wm_corp_vector_SW.png
[  97% ] _update_scan_actions | faction_zangyaku_ak47_SE.png
[  97% ] _update_scan_actions | faction_zangyaku_ak47_SW.png
[  97% ] _update_scan_actions | faction_zangyaku_aug_SE.png
[  97% ] _update_scan_actions | faction_zangyaku_aug_SW.png
[  97% ] _update_scan_actions | faction_zangyaku_awm_SE.png
[  97% ] _update_scan_actions | faction_zangyaku_awm_SW.png
[  97% ] _update_scan_actions | faction_zangyaku_benelli_m2_SE.png
[  97% ] _update_scan_actions | faction_zangyaku_benelli_m2_SW.png
[  97% ] _update_scan_actions | faction_zangyaku_benelli_m4_SE.png
[  97% ] _update_scan_actions | faction_zangyaku_benelli_m4_SW.png
[  97% ] _update_scan_actions | faction_zangyaku_cz75_SE.png
[  97% ] _update_scan_actions | faction_zangyaku_cz75_SW.png
[  97% ] _update_scan_actions | faction_zangyaku_desert_eagle_SE.png
[  97% ] _update_scan_actions | faction_zangyaku_desert_eagle_SW.png
[  98% ] _update_scan_actions | faction_zangyaku_five_seven_SE.png
[  98% ] _update_scan_actions | faction_zangyaku_five_seven_SW.png
[  98% ] _update_scan_actions | faction_zangyaku_g36c_SE.png
[  98% ] _update_scan_actions | faction_zangyaku_g36c_SW.png
[  98% ] _update_scan_actions | faction_zangyaku_glock_17_SE.png
[  98% ] _update_scan_actions | faction_zangyaku_glock_17_SW.png
[  98% ] _update_scan_actions | faction_zangyaku_m4a1_SE.png
[  98% ] _update_scan_actions | faction_zangyaku_m4a1_SW.png
[  98% ] _update_scan_actions | faction_zangyaku_m1911_SE.png
[  98% ] _update_scan_actions | faction_zangyaku_m1911_SW.png
[  98% ] _update_scan_actions | faction_zangyaku_mac10_SE.png
[  98% ] _update_scan_actions | faction_zangyaku_mac10_SW.png
[  98% ] _update_scan_actions | faction_zangyaku_mini14_SE.png
[  98% ] _update_scan_actions | faction_zangyaku_mini14_SW.png
[  98% ] _update_scan_actions | faction_zangyaku_moss500_SE.png
[  98% ] _update_scan_actions | faction_zangyaku_moss500_SW.png
[  98% ] _update_scan_actions | faction_zangyaku_mp5k_SE.png
[  98% ] _update_scan_actions | faction_zangyaku_mp5k_SW.png
[  98% ] _update_scan_actions | faction_zangyaku_mp5_SE.png
[  98% ] _update_scan_actions | faction_zangyaku_mp5_SW.png
[  98% ] _update_scan_actions | faction_zangyaku_p90_SE.png
[  98% ] _update_scan_actions | faction_zangyaku_p90_SW.png
[  98% ] _update_scan_actions | faction_zangyaku_psg1_SE.png
[  98% ] _update_scan_actions | faction_zangyaku_psg1_SW.png
[  98% ] _update_scan_actions | faction_zangyaku_rem700_SE.png
[  98% ] _update_scan_actions | faction_zangyaku_rem700_SW.png
[  98% ] _update_scan_actions | faction_zangyaku_rem870_SE.png
[  98% ] _update_scan_actions | faction_zangyaku_rem870_SW.png
[  98% ] _update_scan_actions | faction_zangyaku_saiga12_SE.png
[  98% ] _update_scan_actions | faction_zangyaku_saiga12_SW.png
[  98% ] _update_scan_actions | faction_zangyaku_scar_h_SE.png
[  98% ] _update_scan_actions | faction_zangyaku_scar_h_SW.png
[  98% ] _update_scan_actions | faction_zangyaku_sks_SE.png
[  98% ] _update_scan_actions | faction_zangyaku_sks_SW.png
[  98% ] _update_scan_actions | faction_zangyaku_spas12_SE.png
[  99% ] _update_scan_actions | faction_zangyaku_spas12_SW.png
[  99% ] _update_scan_actions | faction_zangyaku_ssg69_SE.png
[  99% ] _update_scan_actions | faction_zangyaku_ssg69_SW.png
[  99% ] _update_scan_actions | faction_zangyaku_svd_SE.png
[  99% ] _update_scan_actions | faction_zangyaku_svd_SW.png
[  99% ] _update_scan_actions | faction_zangyaku_usp_SE.png
[  99% ] _update_scan_actions | faction_zangyaku_usp_SW.png
[  99% ] _update_scan_actions | faction_zangyaku_uzi_SE.png
[  99% ] _update_scan_actions | faction_zangyaku_uzi_SW.png
[  99% ] _update_scan_actions | faction_zangyaku_vector_SE.png
[  99% ] _update_scan_actions | faction_zangyaku_vector_SW.png
[  99% ] _update_scan_actions | glossary_pistol.png
[  99% ] _update_scan_actions | glossary_rifle.png
[  99% ] _update_scan_actions | glossary_shotgun.png
[  99% ] _update_scan_actions | glossary_smg.png
[  99% ] _update_scan_actions | glossary_sniper.png
[  99% ] _update_scan_actions | mercer_awm_SE.png
[  99% ] _update_scan_actions | mercer_awm_SW.png
[  99% ] _update_scan_actions | mercer_dual_glock_SE.png
[  99% ] _update_scan_actions | mercer_dual_glock_SW.png
[  99% ] _update_scan_actions | mercer_models_0.png
[  99% ] _update_scan_actions | mercer_models_1.png
[  99% ] _update_scan_actions | mercer_models_2.png
[  99% ] _update_scan_actions | mercer_psg1_SE.png
[  99% ] _update_scan_actions | mercer_psg1_SW.png
[  99% ] _update_scan_actions | mercer_rem700_SE.png
[  99% ] _update_scan_actions | mercer_rem700_SW.png
[  99% ] _update_scan_actions | mercer_sks_SE.png
[  99% ] _update_scan_actions | mercer_sks_SW.png
[  99% ] _update_scan_actions | mercer_ssg69_SE.png
[  99% ] _update_scan_actions | mercer_ssg69_SW.png
[  99% ] _update_scan_actions | mercer_svd_SE.png
[  99% ] _update_scan_actions | mercer_svd_SW.png
[  99% ] _update_scan_actions | triggers.png
[ DONE ] _update_scan_actions

[   0% ] reimport | Started (Re)Importing Assets (3506 steps)
[   0% ] reimport | Preparing files to reimport...
[   0% ] reimport | Preparing files to reimport...
[   0% ] reimport | Preparing files to reimport...
[   0% ] reimport | Preparing files to reimport...
[   0% ] reimport | Preparing files to reimport...
[   0% ] reimport | Preparing files to reimport...
[   0% ] reimport | Preparing files to reimport...
[   0% ] reimport | Preparing files to reimport...
[   0% ] reimport | Preparing files to reimport...
[   0% ] reimport | Preparing files to reimport...
[   0% ] reimport | Preparing files to reimport...
[   0% ] reimport | Preparing files to reimport...
[   0% ] reimport | Preparing files to reimport...
[   0% ] reimport | Preparing files to reimport...
[   0% ] reimport | Preparing files to reimport...
[   0% ] reimport | Preparing files to reimport...
[   0% ] reimport | Preparing files to reimport...
[   0% ] reimport | Preparing files to reimport...
[   0% ] reimport | Preparing files to reimport...
[   0% ] reimport | Preparing files to reimport...
[   0% ] reimport | Preparing files to reimport...
[   0% ] reimport | Preparing files to reimport...
[   0% ] reimport | Preparing files to reimport...
[   0% ] reimport | Preparing files to reimport...
[   0% ] reimport | Preparing files to reimport...
[   0% ] reimport | Preparing files to reimport...
[   0% ] reimport | Preparing files to reimport...
[   0% ] reimport | Preparing files to reimport...
[   0% ] reimport | Preparing files to reimport...
[   0% ] reimport | Preparing files to reimport...
[   0% ] reimport | Preparing files to reimport...
[   0% ] reimport | Preparing files to reimport...
[   0% ] reimport | Preparing files to reimport...
[   0% ] reimport | Preparing files to reimport...
[   0% ] reimport | Preparing files to reimport...
[   0% ] reimport | Preparing files to reimport...
[   1% ] reimport | Preparing files to reimport...
[   1% ] reimport | Preparing files to reimport...
[   1% ] reimport | Preparing files to reimport...
[   1% ] reimport | Preparing files to reimport...
[   1% ] reimport | Preparing files to reimport...
[   1% ] reimport | Preparing files to reimport...
[   1% ] reimport | Preparing files to reimport...
[   1% ] reimport | Preparing files to reimport...
[   1% ] reimport | Preparing files to reimport...
[   1% ] reimport | Preparing files to reimport...
[   1% ] reimport | Preparing files to reimport...
[   1% ] reimport | Preparing files to reimport...
[   1% ] reimport | Preparing files to reimport...
[   1% ] reimport | Preparing files to reimport...
[   1% ] reimport | Preparing files to reimport...
[   1% ] reimport | Preparing files to reimport...
[   1% ] reimport | Preparing files to reimport...
[   1% ] reimport | Preparing files to reimport...
[   1% ] reimport | Preparing files to reimport...
[   1% ] reimport | Preparing files to reimport...
[   1% ] reimport | Preparing files to reimport...
[   1% ] reimport | Preparing files to reimport...
[   1% ] reimport | Preparing files to reimport...
[   1% ] reimport | Preparing files to reimport...
[   1% ] reimport | Preparing files to reimport...
[   1% ] reimport | Preparing files to reimport...
[   1% ] reimport | Preparing files to reimport...
[   1% ] reimport | Preparing files to reimport...
[   1% ] reimport | Preparing files to reimport...
[   1% ] reimport | Preparing files to reimport...
[   1% ] reimport | Preparing files to reimport...
[   1% ] reimport | Preparing files to reimport...
[   1% ] reimport | Preparing files to reimport...
[   1% ] reimport | Preparing files to reimport...
[   1% ] reimport | Preparing files to reimport...
[   2% ] reimport | Preparing files to reimport...
[   2% ] reimport | Preparing files to reimport...
[   2% ] reimport | Preparing files to reimport...
[   2% ] reimport | Preparing files to reimport...
[   2% ] reimport | Preparing files to reimport...
[   2% ] reimport | Preparing files to reimport...
[   2% ] reimport | Preparing files to reimport...
[   2% ] reimport | Preparing files to reimport...
[   2% ] reimport | Preparing files to reimport...
[   2% ] reimport | Preparing files to reimport...
[   2% ] reimport | Preparing files to reimport...
[   2% ] reimport | Preparing files to reimport...
[   2% ] reimport | Preparing files to reimport...
[   2% ] reimport | Preparing files to reimport...
[   2% ] reimport | Preparing files to reimport...
[   2% ] reimport | Preparing files to reimport...
[   2% ] reimport | Preparing files to reimport...
[   2% ] reimport | Preparing files to reimport...
[   2% ] reimport | Preparing files to reimport...
[   2% ] reimport | Preparing files to reimport...
[   2% ] reimport | Preparing files to reimport...
[   2% ] reimport | Preparing files to reimport...
[   2% ] reimport | Preparing files to reimport...
[   2% ] reimport | Preparing files to reimport...
[   2% ] reimport | Preparing files to reimport...
[   2% ] reimport | Preparing files to reimport...
[   2% ] reimport | Preparing files to reimport...
[   2% ] reimport | Preparing files to reimport...
[   2% ] reimport | Preparing files to reimport...
[   2% ] reimport | Preparing files to reimport...
[   2% ] reimport | Preparing files to reimport...
[   2% ] reimport | Preparing files to reimport...
[   2% ] reimport | Preparing files to reimport...
[   2% ] reimport | Preparing files to reimport...
[   2% ] reimport | Preparing files to reimport...
[   3% ] reimport | Preparing files to reimport...
[   3% ] reimport | Preparing files to reimport...
[   3% ] reimport | Preparing files to reimport...
[   3% ] reimport | Preparing files to reimport...
[   3% ] reimport | Preparing files to reimport...
[   3% ] reimport | Preparing files to reimport...
[   3% ] reimport | Preparing files to reimport...
[   3% ] reimport | Preparing files to reimport...
[   3% ] reimport | Preparing files to reimport...
[   3% ] reimport | Preparing files to reimport...
[   3% ] reimport | Preparing files to reimport...
[   3% ] reimport | Preparing files to reimport...
[   3% ] reimport | Preparing files to reimport...
[   3% ] reimport | Preparing files to reimport...
[   3% ] reimport | Preparing files to reimport...
[   3% ] reimport | Preparing files to reimport...
[   3% ] reimport | Preparing files to reimport...
[   3% ] reimport | Preparing files to reimport...
[   3% ] reimport | Preparing files to reimport...
[   3% ] reimport | Preparing files to reimport...
[   3% ] reimport | Preparing files to reimport...
[   3% ] reimport | Preparing files to reimport...
[   3% ] reimport | Preparing files to reimport...
[   3% ] reimport | Preparing files to reimport...
[   3% ] reimport | Preparing files to reimport...
[   3% ] reimport | Preparing files to reimport...
[   3% ] reimport | Preparing files to reimport...
[   3% ] reimport | Preparing files to reimport...
[   3% ] reimport | Preparing files to reimport...
[   3% ] reimport | Preparing files to reimport...
[   3% ] reimport | Preparing files to reimport...
[   3% ] reimport | Preparing files to reimport...
[   3% ] reimport | Preparing files to reimport...
[   3% ] reimport | Preparing files to reimport...
[   3% ] reimport | Preparing files to reimport...
[   4% ] reimport | Preparing files to reimport...
[   4% ] reimport | Preparing files to reimport...
[   4% ] reimport | Preparing files to reimport...
[   4% ] reimport | Preparing files to reimport...
[   4% ] reimport | Preparing files to reimport...
[   4% ] reimport | Preparing files to reimport...
[   4% ] reimport | Preparing files to reimport...
[   4% ] reimport | Preparing files to reimport...
[   4% ] reimport | Preparing files to reimport...
[   4% ] reimport | Preparing files to reimport...
[   4% ] reimport | Preparing files to reimport...
[   4% ] reimport | Preparing files to reimport...
[   4% ] reimport | Preparing files to reimport...
[   4% ] reimport | Preparing files to reimport...
[   4% ] reimport | Preparing files to reimport...
[   4% ] reimport | Preparing files to reimport...
[   4% ] reimport | Preparing files to reimport...
[   4% ] reimport | Preparing files to reimport...
[   4% ] reimport | Preparing files to reimport...
[   4% ] reimport | Preparing files to reimport...
[   4% ] reimport | Preparing files to reimport...
[   4% ] reimport | Preparing files to reimport...
[   4% ] reimport | Preparing files to reimport...
[   4% ] reimport | Preparing files to reimport...
[   4% ] reimport | Preparing files to reimport...
[   4% ] reimport | Preparing files to reimport...
[   4% ] reimport | Preparing files to reimport...
[   4% ] reimport | Preparing files to reimport...
[   4% ] reimport | Preparing files to reimport...
[   4% ] reimport | Preparing files to reimport...
[   4% ] reimport | Preparing files to reimport...
[   4% ] reimport | Preparing files to reimport...
[   4% ] reimport | Preparing files to reimport...
[   4% ] reimport | Preparing files to reimport...
[   4% ] reimport | Preparing files to reimport...
[   5% ] reimport | Preparing files to reimport...
[   5% ] reimport | Preparing files to reimport...
[   5% ] reimport | Preparing files to reimport...
[   5% ] reimport | Preparing files to reimport...
[   5% ] reimport | Preparing files to reimport...
[   5% ] reimport | Preparing files to reimport...
[   5% ] reimport | Preparing files to reimport...
[   5% ] reimport | Preparing files to reimport...
[   5% ] reimport | Preparing files to reimport...
[   5% ] reimport | Preparing files to reimport...
[   5% ] reimport | Preparing files to reimport...
[   5% ] reimport | Preparing files to reimport...
[   5% ] reimport | Preparing files to reimport...
[   5% ] reimport | Preparing files to reimport...
[   5% ] reimport | Preparing files to reimport...
[   5% ] reimport | Preparing files to reimport...
[   5% ] reimport | Preparing files to reimport...
[   5% ] reimport | Preparing files to reimport...
[   5% ] reimport | Preparing files to reimport...
[   5% ] reimport | Preparing files to reimport...
[   5% ] reimport | Preparing files to reimport...
[   5% ] reimport | Preparing files to reimport...
[   5% ] reimport | Preparing files to reimport...
[   5% ] reimport | Preparing files to reimport...
[   5% ] reimport | Preparing files to reimport...
[   5% ] reimport | Preparing files to reimport...
[   5% ] reimport | Preparing files to reimport...
[   5% ] reimport | Preparing files to reimport...
[   5% ] reimport | Preparing files to reimport...
[   5% ] reimport | Preparing files to reimport...
[   5% ] reimport | Preparing files to reimport...
[   5% ] reimport | Preparing files to reimport...
[   5% ] reimport | Preparing files to reimport...
[   5% ] reimport | Preparing files to reimport...
[   5% ] reimport | Preparing files to reimport...
[   6% ] reimport | Preparing files to reimport...
[   6% ] reimport | Preparing files to reimport...
[   6% ] reimport | Preparing files to reimport...
[   6% ] reimport | Preparing files to reimport...
[   6% ] reimport | Preparing files to reimport...
[   6% ] reimport | Preparing files to reimport...
[   6% ] reimport | Preparing files to reimport...
[   6% ] reimport | Preparing files to reimport...
[   6% ] reimport | Preparing files to reimport...
[   6% ] reimport | Preparing files to reimport...
[   6% ] reimport | Preparing files to reimport...
[   6% ] reimport | Preparing files to reimport...
[   6% ] reimport | Preparing files to reimport...
[   6% ] reimport | Preparing files to reimport...
[   6% ] reimport | Preparing files to reimport...
[   6% ] reimport | Preparing files to reimport...
[   6% ] reimport | Preparing files to reimport...
[   6% ] reimport | Preparing files to reimport...
[   6% ] reimport | Preparing files to reimport...
[   6% ] reimport | Preparing files to reimport...
[   6% ] reimport | Preparing files to reimport...
[   6% ] reimport | Preparing files to reimport...
[   6% ] reimport | Preparing files to reimport...
[   6% ] reimport | Preparing files to reimport...
[   6% ] reimport | Preparing files to reimport...
[   6% ] reimport | Preparing files to reimport...
[   6% ] reimport | Preparing files to reimport...
[   6% ] reimport | Preparing files to reimport...
[   6% ] reimport | Preparing files to reimport...
[   6% ] reimport | Preparing files to reimport...
[   6% ] reimport | Preparing files to reimport...
[   6% ] reimport | Preparing files to reimport...
[   6% ] reimport | Preparing files to reimport...
[   6% ] reimport | Preparing files to reimport...
[   6% ] reimport | Preparing files to reimport...
[   7% ] reimport | Preparing files to reimport...
[   7% ] reimport | Preparing files to reimport...
[   7% ] reimport | Preparing files to reimport...
[   7% ] reimport | Preparing files to reimport...
[   7% ] reimport | Preparing files to reimport...
[   7% ] reimport | Preparing files to reimport...
[   7% ] reimport | Preparing files to reimport...
[   7% ] reimport | Preparing files to reimport...
[   7% ] reimport | Preparing files to reimport...
[   7% ] reimport | Preparing files to reimport...
[   7% ] reimport | Preparing files to reimport...
[   7% ] reimport | Preparing files to reimport...
[   7% ] reimport | Preparing files to reimport...
[   7% ] reimport | Preparing files to reimport...
[   7% ] reimport | Preparing files to reimport...
[   7% ] reimport | Preparing files to reimport...
[   7% ] reimport | Preparing files to reimport...
[   7% ] reimport | Preparing files to reimport...
[   7% ] reimport | Preparing files to reimport...
[   7% ] reimport | Preparing files to reimport...
[   7% ] reimport | Preparing files to reimport...
[   7% ] reimport | Preparing files to reimport...
[   7% ] reimport | Preparing files to reimport...
[   7% ] reimport | Preparing files to reimport...
[   7% ] reimport | Preparing files to reimport...
[   7% ] reimport | Preparing files to reimport...
[   7% ] reimport | Preparing files to reimport...
[   7% ] reimport | Preparing files to reimport...
[   7% ] reimport | Preparing files to reimport...
[   7% ] reimport | Preparing files to reimport...
[   7% ] reimport | Preparing files to reimport...
[   7% ] reimport | Preparing files to reimport...
[   7% ] reimport | Preparing files to reimport...
[   7% ] reimport | Preparing files to reimport...
[   7% ] reimport | Preparing files to reimport...
[   8% ] reimport | Preparing files to reimport...
[   8% ] reimport | Preparing files to reimport...
[   8% ] reimport | Preparing files to reimport...
[   8% ] reimport | Preparing files to reimport...
[   8% ] reimport | Preparing files to reimport...
[   8% ] reimport | Preparing files to reimport...
[   8% ] reimport | Preparing files to reimport...
[   8% ] reimport | Preparing files to reimport...
[   8% ] reimport | Preparing files to reimport...
[   8% ] reimport | Preparing files to reimport...
[   8% ] reimport | Preparing files to reimport...
[   8% ] reimport | Preparing files to reimport...
[   8% ] reimport | Preparing files to reimport...
[   8% ] reimport | Preparing files to reimport...
[   8% ] reimport | Preparing files to reimport...
[   8% ] reimport | Preparing files to reimport...
[   8% ] reimport | Preparing files to reimport...
[   8% ] reimport | Preparing files to reimport...
[   8% ] reimport | Preparing files to reimport...
[   8% ] reimport | Preparing files to reimport...
[   8% ] reimport | Preparing files to reimport...
[   8% ] reimport | Preparing files to reimport...
[   8% ] reimport | Preparing files to reimport...
[   8% ] reimport | Preparing files to reimport...
[   8% ] reimport | Preparing files to reimport...
[   8% ] reimport | Preparing files to reimport...
[   8% ] reimport | Preparing files to reimport...
[   8% ] reimport | Preparing files to reimport...
[   8% ] reimport | Preparing files to reimport...
[   8% ] reimport | Preparing files to reimport...
[   8% ] reimport | Preparing files to reimport...
[   8% ] reimport | Preparing files to reimport...
[   8% ] reimport | Preparing files to reimport...
[   8% ] reimport | Preparing files to reimport...
[   8% ] reimport | Preparing files to reimport...
[   9% ] reimport | Preparing files to reimport...
[   9% ] reimport | Preparing files to reimport...
[   9% ] reimport | Preparing files to reimport...
[   9% ] reimport | Preparing files to reimport...
[   9% ] reimport | Preparing files to reimport...
[   9% ] reimport | Preparing files to reimport...
[   9% ] reimport | Preparing files to reimport...
[   9% ] reimport | Preparing files to reimport...
[   9% ] reimport | Preparing files to reimport...
[   9% ] reimport | Preparing files to reimport...
[   9% ] reimport | Preparing files to reimport...
[   9% ] reimport | Preparing files to reimport...
[   9% ] reimport | Preparing files to reimport...
[   9% ] reimport | Preparing files to reimport...
[   9% ] reimport | Preparing files to reimport...
[   9% ] reimport | Preparing files to reimport...
[   9% ] reimport | Preparing files to reimport...
[   9% ] reimport | Preparing files to reimport...
[   9% ] reimport | Preparing files to reimport...
[   9% ] reimport | Preparing files to reimport...
[   9% ] reimport | Preparing files to reimport...
[   9% ] reimport | Preparing files to reimport...
[   9% ] reimport | Preparing files to reimport...
[   9% ] reimport | Preparing files to reimport...
[   9% ] reimport | Preparing files to reimport...
[   9% ] reimport | Preparing files to reimport...
[   9% ] reimport | Preparing files to reimport...
[   9% ] reimport | Preparing files to reimport...
[   9% ] reimport | Preparing files to reimport...
[   9% ] reimport | Preparing files to reimport...
[   9% ] reimport | Preparing files to reimport...
[   9% ] reimport | Preparing files to reimport...
[   9% ] reimport | Preparing files to reimport...
[   9% ] reimport | Preparing files to reimport...
[   9% ] reimport | Preparing files to reimport...
[  10% ] reimport | Preparing files to reimport...
[  10% ] reimport | Preparing files to reimport...
[  10% ] reimport | Preparing files to reimport...
[  10% ] reimport | Preparing files to reimport...
[  10% ] reimport | Preparing files to reimport...
[  10% ] reimport | Preparing files to reimport...
[  10% ] reimport | Preparing files to reimport...
[  10% ] reimport | Preparing files to reimport...
[  10% ] reimport | Preparing files to reimport...
[  10% ] reimport | Preparing files to reimport...
[  10% ] reimport | Preparing files to reimport...
[  10% ] reimport | Preparing files to reimport...
[  10% ] reimport | Preparing files to reimport...
[  10% ] reimport | Preparing files to reimport...
[  10% ] reimport | Preparing files to reimport...
[  10% ] reimport | Preparing files to reimport...
[  10% ] reimport | Preparing files to reimport...
[  10% ] reimport | Preparing files to reimport...
[  10% ] reimport | Preparing files to reimport...
[  10% ] reimport | Preparing files to reimport...
[  10% ] reimport | Preparing files to reimport...
[  10% ] reimport | Preparing files to reimport...
[  10% ] reimport | Preparing files to reimport...
[  10% ] reimport | Preparing files to reimport...
[  10% ] reimport | Preparing files to reimport...
[  10% ] reimport | Preparing files to reimport...
[  10% ] reimport | Preparing files to reimport...
[  10% ] reimport | Preparing files to reimport...
[  10% ] reimport | Preparing files to reimport...
[  10% ] reimport | Preparing files to reimport...
[  10% ] reimport | Preparing files to reimport...
[  10% ] reimport | Preparing files to reimport...
[  10% ] reimport | Preparing files to reimport...
[  10% ] reimport | Preparing files to reimport...
[  10% ] reimport | Preparing files to reimport...
[  11% ] reimport | Preparing files to reimport...
[  11% ] reimport | Preparing files to reimport...
[  11% ] reimport | Preparing files to reimport...
[  11% ] reimport | Preparing files to reimport...
[  11% ] reimport | Preparing files to reimport...
[  11% ] reimport | Preparing files to reimport...
[  11% ] reimport | Preparing files to reimport...
[  11% ] reimport | Preparing files to reimport...
[  11% ] reimport | Preparing files to reimport...
[  11% ] reimport | Preparing files to reimport...
[  11% ] reimport | Preparing files to reimport...
[  11% ] reimport | Preparing files to reimport...
[  11% ] reimport | Preparing files to reimport...
[  11% ] reimport | Preparing files to reimport...
[  11% ] reimport | Preparing files to reimport...
[  11% ] reimport | Preparing files to reimport...
[  11% ] reimport | Preparing files to reimport...
[  11% ] reimport | Preparing files to reimport...
[  11% ] reimport | Preparing files to reimport...
[  11% ] reimport | Preparing files to reimport...
[  11% ] reimport | Preparing files to reimport...
[  11% ] reimport | Preparing files to reimport...
[  11% ] reimport | Preparing files to reimport...
[  11% ] reimport | Preparing files to reimport...
[  11% ] reimport | Preparing files to reimport...
[  11% ] reimport | Preparing files to reimport...
[  11% ] reimport | Preparing files to reimport...
[  11% ] reimport | Preparing files to reimport...
[  11% ] reimport | Preparing files to reimport...
[  11% ] reimport | Preparing files to reimport...
[  11% ] reimport | Preparing files to reimport...
[  11% ] reimport | Preparing files to reimport...
[  11% ] reimport | Preparing files to reimport...
[  11% ] reimport | Preparing files to reimport...
[  11% ] reimport | Preparing files to reimport...
[  12% ] reimport | Preparing files to reimport...
[  12% ] reimport | Preparing files to reimport...
[  12% ] reimport | Preparing files to reimport...
[  12% ] reimport | Preparing files to reimport...
[  12% ] reimport | Preparing files to reimport...
[  12% ] reimport | Preparing files to reimport...
[  12% ] reimport | Preparing files to reimport...
[  12% ] reimport | Preparing files to reimport...
[  12% ] reimport | Preparing files to reimport...
[  12% ] reimport | Preparing files to reimport...
[  12% ] reimport | Preparing files to reimport...
[  12% ] reimport | Preparing files to reimport...
[  12% ] reimport | Preparing files to reimport...
[  12% ] reimport | Preparing files to reimport...
[  12% ] reimport | Preparing files to reimport...
[  12% ] reimport | Preparing files to reimport...
[  12% ] reimport | Preparing files to reimport...
[  12% ] reimport | Preparing files to reimport...
[  12% ] reimport | Preparing files to reimport...
[  12% ] reimport | Preparing files to reimport...
[  12% ] reimport | Preparing files to reimport...
[  12% ] reimport | Preparing files to reimport...
[  12% ] reimport | Preparing files to reimport...
[  12% ] reimport | Preparing files to reimport...
[  12% ] reimport | Preparing files to reimport...
[  12% ] reimport | Preparing files to reimport...
[  12% ] reimport | Preparing files to reimport...
[  12% ] reimport | Preparing files to reimport...
[  12% ] reimport | Preparing files to reimport...
[  12% ] reimport | Preparing files to reimport...
[  12% ] reimport | Preparing files to reimport...
[  12% ] reimport | Preparing files to reimport...
[  12% ] reimport | Preparing files to reimport...
[  12% ] reimport | Preparing files to reimport...
[  12% ] reimport | Preparing files to reimport...
[  13% ] reimport | Preparing files to reimport...
[  13% ] reimport | Preparing files to reimport...
[  13% ] reimport | Preparing files to reimport...
[  13% ] reimport | Preparing files to reimport...
[  13% ] reimport | Preparing files to reimport...
[  13% ] reimport | Preparing files to reimport...
[  13% ] reimport | Preparing files to reimport...
[  13% ] reimport | Preparing files to reimport...
[  13% ] reimport | Preparing files to reimport...
[  13% ] reimport | Preparing files to reimport...
[  13% ] reimport | Preparing files to reimport...
[  13% ] reimport | Preparing files to reimport...
[  13% ] reimport | Preparing files to reimport...
[  13% ] reimport | Preparing files to reimport...
[  13% ] reimport | Preparing files to reimport...
[  13% ] reimport | Preparing files to reimport...
[  13% ] reimport | Preparing files to reimport...
[  13% ] reimport | Preparing files to reimport...
[  13% ] reimport | Preparing files to reimport...
[  13% ] reimport | Preparing files to reimport...
[  13% ] reimport | Preparing files to reimport...
[  13% ] reimport | Preparing files to reimport...
[  13% ] reimport | Preparing files to reimport...
[  13% ] reimport | Preparing files to reimport...
[  13% ] reimport | Preparing files to reimport...
[  13% ] reimport | Preparing files to reimport...
[  13% ] reimport | Preparing files to reimport...
[  13% ] reimport | Preparing files to reimport...
[  13% ] reimport | Preparing files to reimport...
[  13% ] reimport | Preparing files to reimport...
[  13% ] reimport | Preparing files to reimport...
[  13% ] reimport | Preparing files to reimport...
[  13% ] reimport | Preparing files to reimport...
[  13% ] reimport | Preparing files to reimport...
[  13% ] reimport | Preparing files to reimport...
[  14% ] reimport | Preparing files to reimport...
[  14% ] reimport | Preparing files to reimport...
[  14% ] reimport | Preparing files to reimport...
[  14% ] reimport | Preparing files to reimport...
[  14% ] reimport | Preparing files to reimport...
[  14% ] reimport | Preparing files to reimport...
[  14% ] reimport | Preparing files to reimport...
[  14% ] reimport | Preparing files to reimport...
[  14% ] reimport | Preparing files to reimport...
[  14% ] reimport | Preparing files to reimport...
[  14% ] reimport | Preparing files to reimport...
[  14% ] reimport | Preparing files to reimport...
[  14% ] reimport | Preparing files to reimport...
[  14% ] reimport | Preparing files to reimport...
[  14% ] reimport | Preparing files to reimport...
[  14% ] reimport | Preparing files to reimport...
[  14% ] reimport | Preparing files to reimport...
[  14% ] reimport | Preparing files to reimport...
[  14% ] reimport | Preparing files to reimport...
[  14% ] reimport | Preparing files to reimport...
[  14% ] reimport | Preparing files to reimport...
[  14% ] reimport | Preparing files to reimport...
[  14% ] reimport | Preparing files to reimport...
[  14% ] reimport | Preparing files to reimport...
[  14% ] reimport | Preparing files to reimport...
[  14% ] reimport | Preparing files to reimport...
[  14% ] reimport | Preparing files to reimport...
[  14% ] reimport | Preparing files to reimport...
[  14% ] reimport | Preparing files to reimport...
[  14% ] reimport | Preparing files to reimport...
[  14% ] reimport | Preparing files to reimport...
[  14% ] reimport | Preparing files to reimport...
[  14% ] reimport | Preparing files to reimport...
[  14% ] reimport | Preparing files to reimport...
[  14% ] reimport | Preparing files to reimport...
[  14% ] reimport | Preparing files to reimport...
[  15% ] reimport | Preparing files to reimport...
[  15% ] reimport | Preparing files to reimport...
[  15% ] reimport | Preparing files to reimport...
[  15% ] reimport | Preparing files to reimport...
[  15% ] reimport | Preparing files to reimport...
[  15% ] reimport | Preparing files to reimport...
[  15% ] reimport | Preparing files to reimport...
[  15% ] reimport | Preparing files to reimport...
[  15% ] reimport | Preparing files to reimport...
[  15% ] reimport | Preparing files to reimport...
[  15% ] reimport | Preparing files to reimport...
[  15% ] reimport | Preparing files to reimport...
[  15% ] reimport | Preparing files to reimport...
[  15% ] reimport | Preparing files to reimport...
[  15% ] reimport | Preparing files to reimport...
[  15% ] reimport | Preparing files to reimport...
[  15% ] reimport | Preparing files to reimport...
[  15% ] reimport | Preparing files to reimport...
[  15% ] reimport | Preparing files to reimport...
[  15% ] reimport | Preparing files to reimport...
[  15% ] reimport | Preparing files to reimport...
[  15% ] reimport | Preparing files to reimport...
[  15% ] reimport | Preparing files to reimport...
[  15% ] reimport | Preparing files to reimport...
[  15% ] reimport | Preparing files to reimport...
[  15% ] reimport | Preparing files to reimport...
[  15% ] reimport | Preparing files to reimport...
[  15% ] reimport | Preparing files to reimport...
[  15% ] reimport | Preparing files to reimport...
[  15% ] reimport | Preparing files to reimport...
[  15% ] reimport | Preparing files to reimport...
[  15% ] reimport | Preparing files to reimport...
[  15% ] reimport | Preparing files to reimport...
[  15% ] reimport | Preparing files to reimport...
[  15% ] reimport | Preparing files to reimport...
[  16% ] reimport | Preparing files to reimport...
[  16% ] reimport | Preparing files to reimport...
[  16% ] reimport | Preparing files to reimport...
[  16% ] reimport | Preparing files to reimport...
[  16% ] reimport | Preparing files to reimport...
[  16% ] reimport | Preparing files to reimport...
[  16% ] reimport | Preparing files to reimport...
[  16% ] reimport | Preparing files to reimport...
[  16% ] reimport | Preparing files to reimport...
[  16% ] reimport | Preparing files to reimport...
[  16% ] reimport | Preparing files to reimport...
[  16% ] reimport | Preparing files to reimport...
[  16% ] reimport | Preparing files to reimport...
[  16% ] reimport | Preparing files to reimport...
[  16% ] reimport | Preparing files to reimport...
[  16% ] reimport | Preparing files to reimport...
[  16% ] reimport | Preparing files to reimport...
[  16% ] reimport | Preparing files to reimport...
[  16% ] reimport | Preparing files to reimport...
[  16% ] reimport | Preparing files to reimport...
[  16% ] reimport | Preparing files to reimport...
[  16% ] reimport | Preparing files to reimport...
[  16% ] reimport | Preparing files to reimport...
[  16% ] reimport | Preparing files to reimport...
[  16% ] reimport | Preparing files to reimport...
[  16% ] reimport | Preparing files to reimport...
[  16% ] reimport | Preparing files to reimport...
[  16% ] reimport | Preparing files to reimport...
[  16% ] reimport | Preparing files to reimport...
[  16% ] reimport | Preparing files to reimport...
[  16% ] reimport | Preparing files to reimport...
[  16% ] reimport | Preparing files to reimport...
[  16% ] reimport | Preparing files to reimport...
[  16% ] reimport | Preparing files to reimport...
[  16% ] reimport | Preparing files to reimport...
[  17% ] reimport | Preparing files to reimport...
[  17% ] reimport | Preparing files to reimport...
[  17% ] reimport | Preparing files to reimport...
[  17% ] reimport | Preparing files to reimport...
[  17% ] reimport | Preparing files to reimport...
[  17% ] reimport | Preparing files to reimport...
[  17% ] reimport | Preparing files to reimport...
[  17% ] reimport | Preparing files to reimport...
[  17% ] reimport | Preparing files to reimport...
[  17% ] reimport | Preparing files to reimport...
[  17% ] reimport | Preparing files to reimport...
[  17% ] reimport | Preparing files to reimport...
[  17% ] reimport | Preparing files to reimport...
[  17% ] reimport | Preparing files to reimport...
[  17% ] reimport | Preparing files to reimport...
[  17% ] reimport | Preparing files to reimport...
[  17% ] reimport | Preparing files to reimport...
[  17% ] reimport | Preparing files to reimport...
[  17% ] reimport | Preparing files to reimport...
[  17% ] reimport | Preparing files to reimport...
[  17% ] reimport | Preparing files to reimport...
[  17% ] reimport | Preparing files to reimport...
[  17% ] reimport | Preparing files to reimport...
[  17% ] reimport | Preparing files to reimport...
[  17% ] reimport | Preparing files to reimport...
[  17% ] reimport | Preparing files to reimport...
[  17% ] reimport | Preparing files to reimport...
[  17% ] reimport | Preparing files to reimport...
[  17% ] reimport | Preparing files to reimport...
[  17% ] reimport | Preparing files to reimport...
[  17% ] reimport | Preparing files to reimport...
[  17% ] reimport | Preparing files to reimport...
[  17% ] reimport | Preparing files to reimport...
[  17% ] reimport | Preparing files to reimport...
[  17% ] reimport | Preparing files to reimport...
[  18% ] reimport | Preparing files to reimport...
[  18% ] reimport | Preparing files to reimport...
[  18% ] reimport | Preparing files to reimport...
[  18% ] reimport | Preparing files to reimport...
[  18% ] reimport | Preparing files to reimport...
[  18% ] reimport | Preparing files to reimport...
[  18% ] reimport | Preparing files to reimport...
[  18% ] reimport | Preparing files to reimport...
[  18% ] reimport | Preparing files to reimport...
[  18% ] reimport | Preparing files to reimport...
[  18% ] reimport | Preparing files to reimport...
[  18% ] reimport | Preparing files to reimport...
[  18% ] reimport | Preparing files to reimport...
[  18% ] reimport | Preparing files to reimport...
[  18% ] reimport | Preparing files to reimport...
[  18% ] reimport | Preparing files to reimport...
[  18% ] reimport | Preparing files to reimport...
[  18% ] reimport | Preparing files to reimport...
[  18% ] reimport | Preparing files to reimport...
[  18% ] reimport | Preparing files to reimport...
[  18% ] reimport | Preparing files to reimport...
[  18% ] reimport | Preparing files to reimport...
[  18% ] reimport | Preparing files to reimport...
[  18% ] reimport | Preparing files to reimport...
[  18% ] reimport | Preparing files to reimport...
[  18% ] reimport | Preparing files to reimport...
[  18% ] reimport | Preparing files to reimport...
[  18% ] reimport | Preparing files to reimport...
[  18% ] reimport | Preparing files to reimport...
[  18% ] reimport | Preparing files to reimport...
[  18% ] reimport | Preparing files to reimport...
[  18% ] reimport | Preparing files to reimport...
[  18% ] reimport | Preparing files to reimport...
[  18% ] reimport | Preparing files to reimport...
[  18% ] reimport | Preparing files to reimport...
[  19% ] reimport | Preparing files to reimport...
[  19% ] reimport | Preparing files to reimport...
[  19% ] reimport | Preparing files to reimport...
[  19% ] reimport | Preparing files to reimport...
[  19% ] reimport | Preparing files to reimport...
[  19% ] reimport | Preparing files to reimport...
[  19% ] reimport | Preparing files to reimport...
[  19% ] reimport | Preparing files to reimport...
[  19% ] reimport | Preparing files to reimport...
[  19% ] reimport | Preparing files to reimport...
[  19% ] reimport | Preparing files to reimport...
[  19% ] reimport | Preparing files to reimport...
[  19% ] reimport | Preparing files to reimport...
[  19% ] reimport | Preparing files to reimport...
[  19% ] reimport | Preparing files to reimport...
[  19% ] reimport | Preparing files to reimport...
[  19% ] reimport | Preparing files to reimport...
[  19% ] reimport | Preparing files to reimport...
[  19% ] reimport | Preparing files to reimport...
[  19% ] reimport | Preparing files to reimport...
[  19% ] reimport | Preparing files to reimport...
[  19% ] reimport | Preparing files to reimport...
[  19% ] reimport | Preparing files to reimport...
[  19% ] reimport | Preparing files to reimport...
[  19% ] reimport | Preparing files to reimport...
[  19% ] reimport | Preparing files to reimport...
[  19% ] reimport | Preparing files to reimport...
[  19% ] reimport | Preparing files to reimport...
[  19% ] reimport | Preparing files to reimport...
[  19% ] reimport | Preparing files to reimport...
[  19% ] reimport | Preparing files to reimport...
[  19% ] reimport | Preparing files to reimport...
[  19% ] reimport | Preparing files to reimport...
[  19% ] reimport | Preparing files to reimport...
[  19% ] reimport | Preparing files to reimport...
[  20% ] reimport | Preparing files to reimport...
[  20% ] reimport | Preparing files to reimport...
[  20% ] reimport | Preparing files to reimport...
[  20% ] reimport | Preparing files to reimport...
[  20% ] reimport | Preparing files to reimport...
[  20% ] reimport | Preparing files to reimport...
[  20% ] reimport | Preparing files to reimport...
[  20% ] reimport | Preparing files to reimport...
[  20% ] reimport | Preparing files to reimport...
[  20% ] reimport | Preparing files to reimport...
[  20% ] reimport | Preparing files to reimport...
[  20% ] reimport | Preparing files to reimport...
[  20% ] reimport | Preparing files to reimport...
[  20% ] reimport | Preparing files to reimport...
[  20% ] reimport | Preparing files to reimport...
[  20% ] reimport | Preparing files to reimport...
[  20% ] reimport | Preparing files to reimport...
[  20% ] reimport | Preparing files to reimport...
[  20% ] reimport | Preparing files to reimport...
[  20% ] reimport | Preparing files to reimport...
[  20% ] reimport | Preparing files to reimport...
[  20% ] reimport | Preparing files to reimport...
[  20% ] reimport | Preparing files to reimport...
[  20% ] reimport | Preparing files to reimport...
[  20% ] reimport | Preparing files to reimport...
[  20% ] reimport | Preparing files to reimport...
[  20% ] reimport | Preparing files to reimport...
[  20% ] reimport | Preparing files to reimport...
[  20% ] reimport | Preparing files to reimport...
[  20% ] reimport | Preparing files to reimport...
[  20% ] reimport | Preparing files to reimport...
[  20% ] reimport | Preparing files to reimport...
[  20% ] reimport | Preparing files to reimport...
[  20% ] reimport | Preparing files to reimport...
[  20% ] reimport | Preparing files to reimport...
[  21% ] reimport | Preparing files to reimport...
[  21% ] reimport | Preparing files to reimport...
[  21% ] reimport | Preparing files to reimport...
[  21% ] reimport | Preparing files to reimport...
[  21% ] reimport | Preparing files to reimport...
[  21% ] reimport | Preparing files to reimport...
[  21% ] reimport | Preparing files to reimport...
[  21% ] reimport | Preparing files to reimport...
[  21% ] reimport | Preparing files to reimport...
[  21% ] reimport | Preparing files to reimport...
[  21% ] reimport | Preparing files to reimport...
[  21% ] reimport | Preparing files to reimport...
[  21% ] reimport | Preparing files to reimport...
[  21% ] reimport | Preparing files to reimport...
[  21% ] reimport | Preparing files to reimport...
[  21% ] reimport | Preparing files to reimport...
[  21% ] reimport | Preparing files to reimport...
[  21% ] reimport | Preparing files to reimport...
[  21% ] reimport | Preparing files to reimport...
[  21% ] reimport | Preparing files to reimport...
[  21% ] reimport | Preparing files to reimport...
[  21% ] reimport | Preparing files to reimport...
[  21% ] reimport | Preparing files to reimport...
[  21% ] reimport | Preparing files to reimport...
[  21% ] reimport | Preparing files to reimport...
[  21% ] reimport | Preparing files to reimport...
[  21% ] reimport | Preparing files to reimport...
[  21% ] reimport | Preparing files to reimport...
[  21% ] reimport | Preparing files to reimport...
[  21% ] reimport | Preparing files to reimport...
[  21% ] reimport | Preparing files to reimport...
[  21% ] reimport | Preparing files to reimport...
[  21% ] reimport | Preparing files to reimport...
[  21% ] reimport | Preparing files to reimport...
[  21% ] reimport | Preparing files to reimport...
[  22% ] reimport | Preparing files to reimport...
[  22% ] reimport | Preparing files to reimport...
[  22% ] reimport | Preparing files to reimport...
[  22% ] reimport | Preparing files to reimport...
[  22% ] reimport | Preparing files to reimport...
[  22% ] reimport | Preparing files to reimport...
[  22% ] reimport | Preparing files to reimport...
[  22% ] reimport | Preparing files to reimport...
[  22% ] reimport | Preparing files to reimport...
[  22% ] reimport | Preparing files to reimport...
[  22% ] reimport | Preparing files to reimport...
[  22% ] reimport | Preparing files to reimport...
[  22% ] reimport | Preparing files to reimport...
[  22% ] reimport | Preparing files to reimport...
[  22% ] reimport | Preparing files to reimport...
[  22% ] reimport | Preparing files to reimport...
[  22% ] reimport | Preparing files to reimport...
[  22% ] reimport | Preparing files to reimport...
[  22% ] reimport | Preparing files to reimport...
[  22% ] reimport | Preparing files to reimport...
[  22% ] reimport | Preparing files to reimport...
[  22% ] reimport | Preparing files to reimport...
[  22% ] reimport | Preparing files to reimport...
[  22% ] reimport | Preparing files to reimport...
[  22% ] reimport | Preparing files to reimport...
[  22% ] reimport | Preparing files to reimport...
[  22% ] reimport | Preparing files to reimport...
[  22% ] reimport | Preparing files to reimport...
[  22% ] reimport | Preparing files to reimport...
[  22% ] reimport | Preparing files to reimport...
[  22% ] reimport | Preparing files to reimport...
[  22% ] reimport | Preparing files to reimport...
[  22% ] reimport | Preparing files to reimport...
[  22% ] reimport | Preparing files to reimport...
[  22% ] reimport | Preparing files to reimport...
[  23% ] reimport | Preparing files to reimport...
[  23% ] reimport | Preparing files to reimport...
[  23% ] reimport | Preparing files to reimport...
[  23% ] reimport | Preparing files to reimport...
[  23% ] reimport | Preparing files to reimport...
[  23% ] reimport | Preparing files to reimport...
[  23% ] reimport | Preparing files to reimport...
[  23% ] reimport | Preparing files to reimport...
[  23% ] reimport | Preparing files to reimport...
[  23% ] reimport | Preparing files to reimport...
[  23% ] reimport | Preparing files to reimport...
[  23% ] reimport | Preparing files to reimport...
[  23% ] reimport | Preparing files to reimport...
[  23% ] reimport | Preparing files to reimport...
[  23% ] reimport | Preparing files to reimport...
[  23% ] reimport | Preparing files to reimport...
[  23% ] reimport | Preparing files to reimport...
[  23% ] reimport | Preparing files to reimport...
[  23% ] reimport | Preparing files to reimport...
[  23% ] reimport | Preparing files to reimport...
[  23% ] reimport | Preparing files to reimport...
[  23% ] reimport | Preparing files to reimport...
[  23% ] reimport | Preparing files to reimport...
[  23% ] reimport | Preparing files to reimport...
[  23% ] reimport | Preparing files to reimport...
[  23% ] reimport | Preparing files to reimport...
[  23% ] reimport | Preparing files to reimport...
[  23% ] reimport | Preparing files to reimport...
[  23% ] reimport | Preparing files to reimport...
[  23% ] reimport | Preparing files to reimport...
[  23% ] reimport | Preparing files to reimport...
[  23% ] reimport | Preparing files to reimport...
[  23% ] reimport | Preparing files to reimport...
[  23% ] reimport | Preparing files to reimport...
[  23% ] reimport | Preparing files to reimport...
[  24% ] reimport | Preparing files to reimport...
[  24% ] reimport | Preparing files to reimport...
[  24% ] reimport | Preparing files to reimport...
[  24% ] reimport | Preparing files to reimport...
[  24% ] reimport | Preparing files to reimport...
[  24% ] reimport | Preparing files to reimport...
[  24% ] reimport | Preparing files to reimport...
[  24% ] reimport | Preparing files to reimport...
[  24% ] reimport | Preparing files to reimport...
[  24% ] reimport | Preparing files to reimport...
[  24% ] reimport | Preparing files to reimport...
[  24% ] reimport | Preparing files to reimport...
[  24% ] reimport | Preparing files to reimport...
[  24% ] reimport | Preparing files to reimport...
[  24% ] reimport | Preparing files to reimport...
[  24% ] reimport | Preparing files to reimport...
[  24% ] reimport | Preparing files to reimport...
[  24% ] reimport | Preparing files to reimport...
[  24% ] reimport | Preparing files to reimport...
[  24% ] reimport | Preparing files to reimport...
[  24% ] reimport | Preparing files to reimport...
[  24% ] reimport | Preparing files to reimport...
[  24% ] reimport | Preparing files to reimport...
[  24% ] reimport | Preparing files to reimport...
[  24% ] reimport | Preparing files to reimport...
[  24% ] reimport | Preparing files to reimport...
[  24% ] reimport | Preparing files to reimport...
[  24% ] reimport | Preparing files to reimport...
[  24% ] reimport | Preparing files to reimport...
[  24% ] reimport | Preparing files to reimport...
[  24% ] reimport | Preparing files to reimport...
[  24% ] reimport | Preparing files to reimport...
[  24% ] reimport | Preparing files to reimport...
[  24% ] reimport | Preparing files to reimport...
[  24% ] reimport | Preparing files to reimport...
[  25% ] reimport | Preparing files to reimport...
[  25% ] reimport | Preparing files to reimport...
[  25% ] reimport | Preparing files to reimport...
[  25% ] reimport | Preparing files to reimport...
[  25% ] reimport | Preparing files to reimport...
[  25% ] reimport | Preparing files to reimport...
[  25% ] reimport | Preparing files to reimport...
[  25% ] reimport | Preparing files to reimport...
[  25% ] reimport | Preparing files to reimport...
[  25% ] reimport | Preparing files to reimport...
[  25% ] reimport | Preparing files to reimport...
[  25% ] reimport | Preparing files to reimport...
[  25% ] reimport | Preparing files to reimport...
[  25% ] reimport | Preparing files to reimport...
[  25% ] reimport | Preparing files to reimport...
[  25% ] reimport | Preparing files to reimport...
[  25% ] reimport | Preparing files to reimport...
[  25% ] reimport | Preparing files to reimport...
[  25% ] reimport | Preparing files to reimport...
[  25% ] reimport | Preparing files to reimport...
[  25% ] reimport | Preparing files to reimport...
[  25% ] reimport | Preparing files to reimport...
[  25% ] reimport | Preparing files to reimport...
[  25% ] reimport | Preparing files to reimport...
[  25% ] reimport | Preparing files to reimport...
[  25% ] reimport | Preparing files to reimport...
[  25% ] reimport | Preparing files to reimport...
[  25% ] reimport | Preparing files to reimport...
[  25% ] reimport | Preparing files to reimport...
[  25% ] reimport | Preparing files to reimport...
[  25% ] reimport | Preparing files to reimport...
[  25% ] reimport | Preparing files to reimport...
[  25% ] reimport | Preparing files to reimport...
[  25% ] reimport | Preparing files to reimport...
[  25% ] reimport | Preparing files to reimport...
[  26% ] reimport | Preparing files to reimport...
[  26% ] reimport | Preparing files to reimport...
[  26% ] reimport | Preparing files to reimport...
[  26% ] reimport | Preparing files to reimport...
[  26% ] reimport | Preparing files to reimport...
[  26% ] reimport | Preparing files to reimport...
[  26% ] reimport | Preparing files to reimport...
[  26% ] reimport | Preparing files to reimport...
[  26% ] reimport | Preparing files to reimport...
[  26% ] reimport | Preparing files to reimport...
[  26% ] reimport | Preparing files to reimport...
[  26% ] reimport | Preparing files to reimport...
[  26% ] reimport | Preparing files to reimport...
[  26% ] reimport | Preparing files to reimport...
[  26% ] reimport | Preparing files to reimport...
[  26% ] reimport | Preparing files to reimport...
[  26% ] reimport | Preparing files to reimport...
[  26% ] reimport | Preparing files to reimport...
[  26% ] reimport | Preparing files to reimport...
[  26% ] reimport | Preparing files to reimport...
[  26% ] reimport | Preparing files to reimport...
[  26% ] reimport | Preparing files to reimport...
[  26% ] reimport | Preparing files to reimport...
[  26% ] reimport | Preparing files to reimport...
[  26% ] reimport | Preparing files to reimport...
[  26% ] reimport | Preparing files to reimport...
[  26% ] reimport | Preparing files to reimport...
[  26% ] reimport | Preparing files to reimport...
[  26% ] reimport | Preparing files to reimport...
[  26% ] reimport | Preparing files to reimport...
[  26% ] reimport | Preparing files to reimport...
[  26% ] reimport | Preparing files to reimport...
[  26% ] reimport | Preparing files to reimport...
[  26% ] reimport | Preparing files to reimport...
[  26% ] reimport | Preparing files to reimport...
[  27% ] reimport | Preparing files to reimport...
[  27% ] reimport | Preparing files to reimport...
[  27% ] reimport | Preparing files to reimport...
[  27% ] reimport | Preparing files to reimport...
[  27% ] reimport | Preparing files to reimport...
[  27% ] reimport | Preparing files to reimport...
[  27% ] reimport | Preparing files to reimport...
[  27% ] reimport | Preparing files to reimport...
[  27% ] reimport | Preparing files to reimport...
[  27% ] reimport | Preparing files to reimport...
[  27% ] reimport | Preparing files to reimport...
[  27% ] reimport | Preparing files to reimport...
[  27% ] reimport | Preparing files to reimport...
[  27% ] reimport | Preparing files to reimport...
[  27% ] reimport | Preparing files to reimport...
[  27% ] reimport | Preparing files to reimport...
[  27% ] reimport | Preparing files to reimport...
[  27% ] reimport | Preparing files to reimport...
[  27% ] reimport | Preparing files to reimport...
[  27% ] reimport | Preparing files to reimport...
[  27% ] reimport | Preparing files to reimport...
[  27% ] reimport | Preparing files to reimport...
[  27% ] reimport | Preparing files to reimport...
[  27% ] reimport | Preparing files to reimport...
[  27% ] reimport | Preparing files to reimport...
[  27% ] reimport | Preparing files to reimport...
[  27% ] reimport | Preparing files to reimport...
[  27% ] reimport | Preparing files to reimport...
[  27% ] reimport | Preparing files to reimport...
[  27% ] reimport | Preparing files to reimport...
[  27% ] reimport | Preparing files to reimport...
[  27% ] reimport | Preparing files to reimport...
[  27% ] reimport | Preparing files to reimport...
[  27% ] reimport | Preparing files to reimport...
[  27% ] reimport | Preparing files to reimport...
[  28% ] reimport | Preparing files to reimport...
[  28% ] reimport | Preparing files to reimport...
[  28% ] reimport | Preparing files to reimport...
[  28% ] reimport | Preparing files to reimport...
[  28% ] reimport | Preparing files to reimport...
[  28% ] reimport | Preparing files to reimport...
[  28% ] reimport | Preparing files to reimport...
[  28% ] reimport | Preparing files to reimport...
[  28% ] reimport | Preparing files to reimport...
[  28% ] reimport | Preparing files to reimport...
[  28% ] reimport | Preparing files to reimport...
[  28% ] reimport | Preparing files to reimport...
[  28% ] reimport | Preparing files to reimport...
[  28% ] reimport | Preparing files to reimport...
[  28% ] reimport | Preparing files to reimport...
[  28% ] reimport | Preparing files to reimport...
[  28% ] reimport | Preparing files to reimport...
[  28% ] reimport | Preparing files to reimport...
[  28% ] reimport | Preparing files to reimport...
[  28% ] reimport | Preparing files to reimport...
[  28% ] reimport | Preparing files to reimport...
[  28% ] reimport | Preparing files to reimport...
[  28% ] reimport | Preparing files to reimport...
[  28% ] reimport | Preparing files to reimport...
[  28% ] reimport | Preparing files to reimport...
[  28% ] reimport | Preparing files to reimport...
[  28% ] reimport | Preparing files to reimport...
[  28% ] reimport | Preparing files to reimport...
[  28% ] reimport | Preparing files to reimport...
[  28% ] reimport | Preparing files to reimport...
[  28% ] reimport | Preparing files to reimport...
[  28% ] reimport | Preparing files to reimport...
[  28% ] reimport | Preparing files to reimport...
[  28% ] reimport | Preparing files to reimport...
[  28% ] reimport | Preparing files to reimport...
[  28% ] reimport | Preparing files to reimport...
[  29% ] reimport | Preparing files to reimport...
[  29% ] reimport | Preparing files to reimport...
[  29% ] reimport | Preparing files to reimport...
[  29% ] reimport | Preparing files to reimport...
[  29% ] reimport | Preparing files to reimport...
[  29% ] reimport | Preparing files to reimport...
[  29% ] reimport | Preparing files to reimport...
[  29% ] reimport | Preparing files to reimport...
[  29% ] reimport | Preparing files to reimport...
[  29% ] reimport | Preparing files to reimport...
[  29% ] reimport | Preparing files to reimport...
[  29% ] reimport | Preparing files to reimport...
[  29% ] reimport | Preparing files to reimport...
[  29% ] reimport | Preparing files to reimport...
[  29% ] reimport | Preparing files to reimport...
[  29% ] reimport | Preparing files to reimport...
[  29% ] reimport | Preparing files to reimport...
[  29% ] reimport | Preparing files to reimport...
[  29% ] reimport | Preparing files to reimport...
[  29% ] reimport | Preparing files to reimport...
[  29% ] reimport | Preparing files to reimport...
[  29% ] reimport | Preparing files to reimport...
[  29% ] reimport | Preparing files to reimport...
[  29% ] reimport | Preparing files to reimport...
[  29% ] reimport | Preparing files to reimport...
[  29% ] reimport | Preparing files to reimport...
[  29% ] reimport | Preparing files to reimport...
[  29% ] reimport | Preparing files to reimport...
[  29% ] reimport | Preparing files to reimport...
[  29% ] reimport | Preparing files to reimport...
[  29% ] reimport | Preparing files to reimport...
[  29% ] reimport | Preparing files to reimport...
[  29% ] reimport | Preparing files to reimport...
[  29% ] reimport | Preparing files to reimport...
[  29% ] reimport | Preparing files to reimport...
[  30% ] reimport | Preparing files to reimport...
[  30% ] reimport | Preparing files to reimport...
[  30% ] reimport | Preparing files to reimport...
[  30% ] reimport | Preparing files to reimport...
[  30% ] reimport | Preparing files to reimport...
[  30% ] reimport | Preparing files to reimport...
[  30% ] reimport | Preparing files to reimport...
[  30% ] reimport | Preparing files to reimport...
[  30% ] reimport | Preparing files to reimport...
[  30% ] reimport | Preparing files to reimport...
[  30% ] reimport | Preparing files to reimport...
[  30% ] reimport | Preparing files to reimport...
[  30% ] reimport | Preparing files to reimport...
[  30% ] reimport | Preparing files to reimport...
[  30% ] reimport | Preparing files to reimport...
[  30% ] reimport | Preparing files to reimport...
[  30% ] reimport | Preparing files to reimport...
[  30% ] reimport | Preparing files to reimport...
[  30% ] reimport | Preparing files to reimport...
[  30% ] reimport | Preparing files to reimport...
[  30% ] reimport | Preparing files to reimport...
[  30% ] reimport | Preparing files to reimport...
[  30% ] reimport | Preparing files to reimport...
[  30% ] reimport | Preparing files to reimport...
[  30% ] reimport | Preparing files to reimport...
[  30% ] reimport | Preparing files to reimport...
[  30% ] reimport | Preparing files to reimport...
[  30% ] reimport | Preparing files to reimport...
[  30% ] reimport | Preparing files to reimport...
[  30% ] reimport | Preparing files to reimport...
[  30% ] reimport | Preparing files to reimport...
[  30% ] reimport | Preparing files to reimport...
[  30% ] reimport | Preparing files to reimport...
[  30% ] reimport | Preparing files to reimport...
[  30% ] reimport | Preparing files to reimport...
[  31% ] reimport | Preparing files to reimport...
[  31% ] reimport | Preparing files to reimport...
[  31% ] reimport | Preparing files to reimport...
[  31% ] reimport | Preparing files to reimport...
[  31% ] reimport | Preparing files to reimport...
[  31% ] reimport | Preparing files to reimport...
[  31% ] reimport | Preparing files to reimport...
[  31% ] reimport | Preparing files to reimport...
[  31% ] reimport | Preparing files to reimport...
[  31% ] reimport | Preparing files to reimport...
[  31% ] reimport | Preparing files to reimport...
[  31% ] reimport | Preparing files to reimport...
[  31% ] reimport | Preparing files to reimport...
[  31% ] reimport | Preparing files to reimport...
[  31% ] reimport | Preparing files to reimport...
[  31% ] reimport | Preparing files to reimport...
[  31% ] reimport | Preparing files to reimport...
[  31% ] reimport | Preparing files to reimport...
[  31% ] reimport | Preparing files to reimport...
[  31% ] reimport | Preparing files to reimport...
[  31% ] reimport | Preparing files to reimport...
[  31% ] reimport | Preparing files to reimport...
[  31% ] reimport | Preparing files to reimport...
[  31% ] reimport | Preparing files to reimport...
[  31% ] reimport | Preparing files to reimport...
[  31% ] reimport | Preparing files to reimport...
[  31% ] reimport | Preparing files to reimport...
[  31% ] reimport | Preparing files to reimport...
[  31% ] reimport | Preparing files to reimport...
[  31% ] reimport | Preparing files to reimport...
[  31% ] reimport | Preparing files to reimport...
[  31% ] reimport | Preparing files to reimport...
[  31% ] reimport | Preparing files to reimport...
[  31% ] reimport | Preparing files to reimport...
[  31% ] reimport | Preparing files to reimport...
[  32% ] reimport | Preparing files to reimport...
[  32% ] reimport | Preparing files to reimport...
[  32% ] reimport | Preparing files to reimport...
[  32% ] reimport | Preparing files to reimport...
[  32% ] reimport | Preparing files to reimport...
[  32% ] reimport | Preparing files to reimport...
[  32% ] reimport | Preparing files to reimport...
[  32% ] reimport | Preparing files to reimport...
[  32% ] reimport | Preparing files to reimport...
[  32% ] reimport | Preparing files to reimport...
[  32% ] reimport | Preparing files to reimport...
[  32% ] reimport | Preparing files to reimport...
[  32% ] reimport | Preparing files to reimport...
[  32% ] reimport | Preparing files to reimport...
[  32% ] reimport | Preparing files to reimport...
[  32% ] reimport | Preparing files to reimport...
[  32% ] reimport | Preparing files to reimport...
[  32% ] reimport | Preparing files to reimport...
[  32% ] reimport | Preparing files to reimport...
[  32% ] reimport | Preparing files to reimport...
[  32% ] reimport | Preparing files to reimport...
[  32% ] reimport | Preparing files to reimport...
[  32% ] reimport | Preparing files to reimport...
[  32% ] reimport | Preparing files to reimport...
[  32% ] reimport | Preparing files to reimport...
[  32% ] reimport | Preparing files to reimport...
[  32% ] reimport | Preparing files to reimport...
[  32% ] reimport | Preparing files to reimport...
[  32% ] reimport | Preparing files to reimport...
[  32% ] reimport | Preparing files to reimport...
[  32% ] reimport | Preparing files to reimport...
[  32% ] reimport | Preparing files to reimport...
[  32% ] reimport | Preparing files to reimport...
[  32% ] reimport | Preparing files to reimport...
[  32% ] reimport | Preparing files to reimport...
[  33% ] reimport | Preparing files to reimport...
[  33% ] reimport | Preparing files to reimport...
[  33% ] reimport | Preparing files to reimport...
[  33% ] reimport | Preparing files to reimport...
[  33% ] reimport | Preparing files to reimport...
[  33% ] reimport | Preparing files to reimport...
[  33% ] reimport | Preparing files to reimport...
[  33% ] reimport | Preparing files to reimport...
[  33% ] reimport | Preparing files to reimport...
[  33% ] reimport | Preparing files to reimport...
[  33% ] reimport | Preparing files to reimport...
[  33% ] reimport | Preparing files to reimport...
[  33% ] reimport | Preparing files to reimport...
[  33% ] reimport | Preparing files to reimport...
[  33% ] reimport | Preparing files to reimport...
[  33% ] reimport | Preparing files to reimport...
[  33% ] reimport | Preparing files to reimport...
[  33% ] reimport | Preparing files to reimport...
[  33% ] reimport | Preparing files to reimport...
[  33% ] reimport | Preparing files to reimport...
[  33% ] reimport | Preparing files to reimport...
[  33% ] reimport | Preparing files to reimport...
[  33% ] reimport | Preparing files to reimport...
[  33% ] reimport | Preparing files to reimport...
[  33% ] reimport | Preparing files to reimport...
[  33% ] reimport | Preparing files to reimport...
[  33% ] reimport | Preparing files to reimport...
[  33% ] reimport | Preparing files to reimport...
[  33% ] reimport | Preparing files to reimport...
[  33% ] reimport | Preparing files to reimport...
[  33% ] reimport | Preparing files to reimport...
[  33% ] reimport | Preparing files to reimport...
[  33% ] reimport | Preparing files to reimport...
[  33% ] reimport | Preparing files to reimport...
[  33% ] reimport | Preparing files to reimport...
[  34% ] reimport | Preparing files to reimport...
[  34% ] reimport | Preparing files to reimport...
[  34% ] reimport | Preparing files to reimport...
[  34% ] reimport | Preparing files to reimport...
[  34% ] reimport | Preparing files to reimport...
[  34% ] reimport | Preparing files to reimport...
[  34% ] reimport | Preparing files to reimport...
[  34% ] reimport | Preparing files to reimport...
[  34% ] reimport | Preparing files to reimport...
[  34% ] reimport | Preparing files to reimport...
[  34% ] reimport | Preparing files to reimport...
[  34% ] reimport | Preparing files to reimport...
[  34% ] reimport | Preparing files to reimport...
[  34% ] reimport | Preparing files to reimport...
[  34% ] reimport | Preparing files to reimport...
[  34% ] reimport | Preparing files to reimport...
[  34% ] reimport | Preparing files to reimport...
[  34% ] reimport | Preparing files to reimport...
[  34% ] reimport | Preparing files to reimport...
[  34% ] reimport | Preparing files to reimport...
[  34% ] reimport | Preparing files to reimport...
[  34% ] reimport | Preparing files to reimport...
[  34% ] reimport | Preparing files to reimport...
[  34% ] reimport | Preparing files to reimport...
[  34% ] reimport | Preparing files to reimport...
[  34% ] reimport | Preparing files to reimport...
[  34% ] reimport | Preparing files to reimport...
[  34% ] reimport | Preparing files to reimport...
[  34% ] reimport | Preparing files to reimport...
[  34% ] reimport | Preparing files to reimport...
[  34% ] reimport | Preparing files to reimport...
[  34% ] reimport | Preparing files to reimport...
[  34% ] reimport | Preparing files to reimport...
[  34% ] reimport | Preparing files to reimport...
[  34% ] reimport | Preparing files to reimport...
[  35% ] reimport | Preparing files to reimport...
[  35% ] reimport | Preparing files to reimport...
[  35% ] reimport | Preparing files to reimport...
[  35% ] reimport | Preparing files to reimport...
[  35% ] reimport | Preparing files to reimport...
[  35% ] reimport | Preparing files to reimport...
[  35% ] reimport | Preparing files to reimport...
[  35% ] reimport | Preparing files to reimport...
[  35% ] reimport | Preparing files to reimport...
[  35% ] reimport | Preparing files to reimport...
[  35% ] reimport | Preparing files to reimport...
[  35% ] reimport | Preparing files to reimport...
[  35% ] reimport | Preparing files to reimport...
[  35% ] reimport | Preparing files to reimport...
[  35% ] reimport | Preparing files to reimport...
[  35% ] reimport | Preparing files to reimport...
[  35% ] reimport | Preparing files to reimport...
[  35% ] reimport | Preparing files to reimport...
[  35% ] reimport | Preparing files to reimport...
[  35% ] reimport | Preparing files to reimport...
[  35% ] reimport | Preparing files to reimport...
[  35% ] reimport | Preparing files to reimport...
[  35% ] reimport | Preparing files to reimport...
[  35% ] reimport | Preparing files to reimport...
[  35% ] reimport | Preparing files to reimport...
[  35% ] reimport | Preparing files to reimport...
[  35% ] reimport | Preparing files to reimport...
[  35% ] reimport | Preparing files to reimport...
[  35% ] reimport | Preparing files to reimport...
[  35% ] reimport | Preparing files to reimport...
[  35% ] reimport | Preparing files to reimport...
[  35% ] reimport | Preparing files to reimport...
[  35% ] reimport | Preparing files to reimport...
[  35% ] reimport | Preparing files to reimport...
[  35% ] reimport | Preparing files to reimport...
[  36% ] reimport | Preparing files to reimport...
[  36% ] reimport | Preparing files to reimport...
[  36% ] reimport | Preparing files to reimport...
[  36% ] reimport | Preparing files to reimport...
[  36% ] reimport | Preparing files to reimport...
[  36% ] reimport | Preparing files to reimport...
[  36% ] reimport | Preparing files to reimport...
[  36% ] reimport | Preparing files to reimport...
[  36% ] reimport | Preparing files to reimport...
[  36% ] reimport | Preparing files to reimport...
[  36% ] reimport | Preparing files to reimport...
[  36% ] reimport | Preparing files to reimport...
[  36% ] reimport | Preparing files to reimport...
[  36% ] reimport | Preparing files to reimport...
[  36% ] reimport | Preparing files to reimport...
[  36% ] reimport | Preparing files to reimport...
[  36% ] reimport | Preparing files to reimport...
[  36% ] reimport | Preparing files to reimport...
[  36% ] reimport | Preparing files to reimport...
[  36% ] reimport | Preparing files to reimport...
[  36% ] reimport | Preparing files to reimport...
[  36% ] reimport | Preparing files to reimport...
[  36% ] reimport | Preparing files to reimport...
[  36% ] reimport | Preparing files to reimport...
[  36% ] reimport | Preparing files to reimport...
[  36% ] reimport | Preparing files to reimport...
[  36% ] reimport | Preparing files to reimport...
[  36% ] reimport | Preparing files to reimport...
[  36% ] reimport | Preparing files to reimport...
[  36% ] reimport | Preparing files to reimport...
[  36% ] reimport | Preparing files to reimport...
[  36% ] reimport | Preparing files to reimport...
[  36% ] reimport | Preparing files to reimport...
[  36% ] reimport | Preparing files to reimport...
[  36% ] reimport | Preparing files to reimport...
[  37% ] reimport | Preparing files to reimport...
[  37% ] reimport | Preparing files to reimport...
[  37% ] reimport | Preparing files to reimport...
[  37% ] reimport | Preparing files to reimport...
[  37% ] reimport | Preparing files to reimport...
[  37% ] reimport | Preparing files to reimport...
[  37% ] reimport | Preparing files to reimport...
[  37% ] reimport | Preparing files to reimport...
[  37% ] reimport | Preparing files to reimport...
[  37% ] reimport | Preparing files to reimport...
[  37% ] reimport | Preparing files to reimport...
[  37% ] reimport | Preparing files to reimport...
[  37% ] reimport | Preparing files to reimport...
[  37% ] reimport | Preparing files to reimport...
[  37% ] reimport | Preparing files to reimport...
[  37% ] reimport | Preparing files to reimport...
[  37% ] reimport | Preparing files to reimport...
[  37% ] reimport | Preparing files to reimport...
[  37% ] reimport | Preparing files to reimport...
[  37% ] reimport | Preparing files to reimport...
[  37% ] reimport | Preparing files to reimport...
[  37% ] reimport | Preparing files to reimport...
[  37% ] reimport | Preparing files to reimport...
[  37% ] reimport | Preparing files to reimport...
[  37% ] reimport | Preparing files to reimport...
[  37% ] reimport | Preparing files to reimport...
[  37% ] reimport | Preparing files to reimport...
[  37% ] reimport | Preparing files to reimport...
[  37% ] reimport | Preparing files to reimport...
[  37% ] reimport | Preparing files to reimport...
[  37% ] reimport | Preparing files to reimport...
[  37% ] reimport | Preparing files to reimport...
[  37% ] reimport | Preparing files to reimport...
[  37% ] reimport | Preparing files to reimport...
[  37% ] reimport | Preparing files to reimport...
[  38% ] reimport | Preparing files to reimport...
[  38% ] reimport | Preparing files to reimport...
[  38% ] reimport | Preparing files to reimport...
[  38% ] reimport | Preparing files to reimport...
[  38% ] reimport | Preparing files to reimport...
[  38% ] reimport | Preparing files to reimport...
[  38% ] reimport | Preparing files to reimport...
[  38% ] reimport | Preparing files to reimport...
[  38% ] reimport | Preparing files to reimport...
[  38% ] reimport | Preparing files to reimport...
[  38% ] reimport | Preparing files to reimport...
[  38% ] reimport | Preparing files to reimport...
[  38% ] reimport | Preparing files to reimport...
[  38% ] reimport | Preparing files to reimport...
[  38% ] reimport | Preparing files to reimport...
[  38% ] reimport | Preparing files to reimport...
[  38% ] reimport | Preparing files to reimport...
[  38% ] reimport | Preparing files to reimport...
[  38% ] reimport | Preparing files to reimport...
[  38% ] reimport | Preparing files to reimport...
[  38% ] reimport | Preparing files to reimport...
[  38% ] reimport | Preparing files to reimport...
[  38% ] reimport | Preparing files to reimport...
[  38% ] reimport | Preparing files to reimport...
[  38% ] reimport | Preparing files to reimport...
[  38% ] reimport | Preparing files to reimport...
[  38% ] reimport | Preparing files to reimport...
[  38% ] reimport | Preparing files to reimport...
[  38% ] reimport | Preparing files to reimport...
[  38% ] reimport | Preparing files to reimport...
[  38% ] reimport | Preparing files to reimport...
[  38% ] reimport | Preparing files to reimport...
[  38% ] reimport | Preparing files to reimport...
[  38% ] reimport | Preparing files to reimport...
[  38% ] reimport | Preparing files to reimport...
[  39% ] reimport | Preparing files to reimport...
[  39% ] reimport | Preparing files to reimport...
[  39% ] reimport | Preparing files to reimport...
[  39% ] reimport | Preparing files to reimport...
[  39% ] reimport | Preparing files to reimport...
[  39% ] reimport | Preparing files to reimport...
[  39% ] reimport | Preparing files to reimport...
[  39% ] reimport | Preparing files to reimport...
[  39% ] reimport | Preparing files to reimport...
[  39% ] reimport | Preparing files to reimport...
[  39% ] reimport | Preparing files to reimport...
[  39% ] reimport | Preparing files to reimport...
[  39% ] reimport | Preparing files to reimport...
[  39% ] reimport | Preparing files to reimport...
[  39% ] reimport | Preparing files to reimport...
[  39% ] reimport | Preparing files to reimport...
[  39% ] reimport | Preparing files to reimport...
[  39% ] reimport | Preparing files to reimport...
[  39% ] reimport | Preparing files to reimport...
[  39% ] reimport | Preparing files to reimport...
[  39% ] reimport | Preparing files to reimport...
[  39% ] reimport | Preparing files to reimport...
[  39% ] reimport | Preparing files to reimport...
[  39% ] reimport | Preparing files to reimport...
[  39% ] reimport | Preparing files to reimport...
[  39% ] reimport | Preparing files to reimport...
[  39% ] reimport | Preparing files to reimport...
[  39% ] reimport | Preparing files to reimport...
[  39% ] reimport | Preparing files to reimport...
[  39% ] reimport | Preparing files to reimport...
[  39% ] reimport | Preparing files to reimport...
[  39% ] reimport | Preparing files to reimport...
[  39% ] reimport | Preparing files to reimport...
[  39% ] reimport | Preparing files to reimport...
[  39% ] reimport | Preparing files to reimport...
[  40% ] reimport | Preparing files to reimport...
[  40% ] reimport | Preparing files to reimport...
[  40% ] reimport | Preparing files to reimport...
[  40% ] reimport | Preparing files to reimport...
[  40% ] reimport | Preparing files to reimport...
[  40% ] reimport | Preparing files to reimport...
[  40% ] reimport | Preparing files to reimport...
[  40% ] reimport | Preparing files to reimport...
[  40% ] reimport | Preparing files to reimport...
[  40% ] reimport | Preparing files to reimport...
[  40% ] reimport | Preparing files to reimport...
[  40% ] reimport | Preparing files to reimport...
[  40% ] reimport | Preparing files to reimport...
[  40% ] reimport | Preparing files to reimport...
[  40% ] reimport | Preparing files to reimport...
[  40% ] reimport | Preparing files to reimport...
[  40% ] reimport | Preparing files to reimport...
[  40% ] reimport | Preparing files to reimport...
[  40% ] reimport | Preparing files to reimport...
[  40% ] reimport | Preparing files to reimport...
[  40% ] reimport | Preparing files to reimport...
[  40% ] reimport | Preparing files to reimport...
[  40% ] reimport | Preparing files to reimport...
[  40% ] reimport | Preparing files to reimport...
[  40% ] reimport | Preparing files to reimport...
[  40% ] reimport | Preparing files to reimport...
[  40% ] reimport | Preparing files to reimport...
[  40% ] reimport | Preparing files to reimport...
[  40% ] reimport | Preparing files to reimport...
[  40% ] reimport | Preparing files to reimport...
[  40% ] reimport | Preparing files to reimport...
[  40% ] reimport | Preparing files to reimport...
[  40% ] reimport | Preparing files to reimport...
[  40% ] reimport | Preparing files to reimport...
[  40% ] reimport | Preparing files to reimport...
[  41% ] reimport | Preparing files to reimport...
[  41% ] reimport | Preparing files to reimport...
[  41% ] reimport | Preparing files to reimport...
[  41% ] reimport | Preparing files to reimport...
[  41% ] reimport | Preparing files to reimport...
[  41% ] reimport | Preparing files to reimport...
[  41% ] reimport | Preparing files to reimport...
[  41% ] reimport | Preparing files to reimport...
[  41% ] reimport | Preparing files to reimport...
[  41% ] reimport | Preparing files to reimport...
[  41% ] reimport | Preparing files to reimport...
[  41% ] reimport | Preparing files to reimport...
[  41% ] reimport | Preparing files to reimport...
[  41% ] reimport | Preparing files to reimport...
[  41% ] reimport | Preparing files to reimport...
[  41% ] reimport | Preparing files to reimport...
[  41% ] reimport | Preparing files to reimport...
[  41% ] reimport | Preparing files to reimport...
[  41% ] reimport | Preparing files to reimport...
[  41% ] reimport | Preparing files to reimport...
[  41% ] reimport | Preparing files to reimport...
[  41% ] reimport | Preparing files to reimport...
[  41% ] reimport | Preparing files to reimport...
[  41% ] reimport | Preparing files to reimport...
[  41% ] reimport | Preparing files to reimport...
[  41% ] reimport | Preparing files to reimport...
[  41% ] reimport | Preparing files to reimport...
[  41% ] reimport | Preparing files to reimport...
[  41% ] reimport | Preparing files to reimport...
[  41% ] reimport | Preparing files to reimport...
[  41% ] reimport | Preparing files to reimport...
[  41% ] reimport | Preparing files to reimport...
[  41% ] reimport | Preparing files to reimport...
[  41% ] reimport | Preparing files to reimport...
[  41% ] reimport | Preparing files to reimport...
[  42% ] reimport | Preparing files to reimport...
[  42% ] reimport | Preparing files to reimport...
[  42% ] reimport | Preparing files to reimport...
[  42% ] reimport | Preparing files to reimport...
[  42% ] reimport | Preparing files to reimport...
[  42% ] reimport | Preparing files to reimport...
[  42% ] reimport | Preparing files to reimport...
[  42% ] reimport | Preparing files to reimport...
[  42% ] reimport | Preparing files to reimport...
[  42% ] reimport | Preparing files to reimport...
[  42% ] reimport | Preparing files to reimport...
[  42% ] reimport | Preparing files to reimport...
[  42% ] reimport | Preparing files to reimport...
[  42% ] reimport | Preparing files to reimport...
[  42% ] reimport | Preparing files to reimport...
[  42% ] reimport | Preparing files to reimport...
[  42% ] reimport | Preparing files to reimport...
[  42% ] reimport | Preparing files to reimport...
[  42% ] reimport | Preparing files to reimport...
[  42% ] reimport | Preparing files to reimport...
[  42% ] reimport | Preparing files to reimport...
[  42% ] reimport | Preparing files to reimport...
[  42% ] reimport | Preparing files to reimport...
[  42% ] reimport | Preparing files to reimport...
[  42% ] reimport | Preparing files to reimport...
[  42% ] reimport | Preparing files to reimport...
[  42% ] reimport | Preparing files to reimport...
[  42% ] reimport | Preparing files to reimport...
[  42% ] reimport | Preparing files to reimport...
[  42% ] reimport | Preparing files to reimport...
[  42% ] reimport | Preparing files to reimport...
[  42% ] reimport | Preparing files to reimport...
[  42% ] reimport | Preparing files to reimport...
[  42% ] reimport | Preparing files to reimport...
[  42% ] reimport | Preparing files to reimport...
[  42% ] reimport | Preparing files to reimport...
[  43% ] reimport | Preparing files to reimport...
[  43% ] reimport | Preparing files to reimport...
[  43% ] reimport | Preparing files to reimport...
[  43% ] reimport | Preparing files to reimport...
[  43% ] reimport | Preparing files to reimport...
[  43% ] reimport | Preparing files to reimport...
[  43% ] reimport | Preparing files to reimport...
[  43% ] reimport | Preparing files to reimport...
[  43% ] reimport | Preparing files to reimport...
[  43% ] reimport | Preparing files to reimport...
[  43% ] reimport | Preparing files to reimport...
[  43% ] reimport | Preparing files to reimport...
[  43% ] reimport | Preparing files to reimport...
[  43% ] reimport | Preparing files to reimport...
[  43% ] reimport | Preparing files to reimport...
[  43% ] reimport | Preparing files to reimport...
[  43% ] reimport | Preparing files to reimport...
[  43% ] reimport | Preparing files to reimport...
[  43% ] reimport | Preparing files to reimport...
[  43% ] reimport | Preparing files to reimport...
[  43% ] reimport | Preparing files to reimport...
[  43% ] reimport | Preparing files to reimport...
[  43% ] reimport | Preparing files to reimport...
[  43% ] reimport | Preparing files to reimport...
[  43% ] reimport | Preparing files to reimport...
[  43% ] reimport | Preparing files to reimport...
[  43% ] reimport | Preparing files to reimport...
[  43% ] reimport | Preparing files to reimport...
[  43% ] reimport | Preparing files to reimport...
[  43% ] reimport | Preparing files to reimport...
[  43% ] reimport | Preparing files to reimport...
[  43% ] reimport | Preparing files to reimport...
[  43% ] reimport | Preparing files to reimport...
[  43% ] reimport | Preparing files to reimport...
[  43% ] reimport | Preparing files to reimport...
[  44% ] reimport | Preparing files to reimport...
[  44% ] reimport | Preparing files to reimport...
[  44% ] reimport | Preparing files to reimport...
[  44% ] reimport | Preparing files to reimport...
[  44% ] reimport | Preparing files to reimport...
[  44% ] reimport | Preparing files to reimport...
[  44% ] reimport | Preparing files to reimport...
[  44% ] reimport | Preparing files to reimport...
[  44% ] reimport | Preparing files to reimport...
[  44% ] reimport | Preparing files to reimport...
[  44% ] reimport | Preparing files to reimport...
[  44% ] reimport | Preparing files to reimport...
[  44% ] reimport | Preparing files to reimport...
[  44% ] reimport | Preparing files to reimport...
[  44% ] reimport | Preparing files to reimport...
[  44% ] reimport | Preparing files to reimport...
[  44% ] reimport | Preparing files to reimport...
[  44% ] reimport | Preparing files to reimport...
[  44% ] reimport | Preparing files to reimport...
[  44% ] reimport | Preparing files to reimport...
[  44% ] reimport | Preparing files to reimport...
[  44% ] reimport | Preparing files to reimport...
[  44% ] reimport | Preparing files to reimport...
[  44% ] reimport | Preparing files to reimport...
[  44% ] reimport | Preparing files to reimport...
[  44% ] reimport | Preparing files to reimport...
[  44% ] reimport | Preparing files to reimport...
[  44% ] reimport | Preparing files to reimport...
[  44% ] reimport | Preparing files to reimport...
[  44% ] reimport | Preparing files to reimport...
[  44% ] reimport | Preparing files to reimport...
[  44% ] reimport | Preparing files to reimport...
[  44% ] reimport | Preparing files to reimport...
[  44% ] reimport | Preparing files to reimport...
[  44% ] reimport | Preparing files to reimport...
[  45% ] reimport | Preparing files to reimport...
[  45% ] reimport | Preparing files to reimport...
[  45% ] reimport | Preparing files to reimport...
[  45% ] reimport | Preparing files to reimport...
[  45% ] reimport | Preparing files to reimport...
[  45% ] reimport | Preparing files to reimport...
[  45% ] reimport | Preparing files to reimport...
[  45% ] reimport | Preparing files to reimport...
[  45% ] reimport | Preparing files to reimport...
[  45% ] reimport | Preparing files to reimport...
[  45% ] reimport | Preparing files to reimport...
[  45% ] reimport | Preparing files to reimport...
[  45% ] reimport | Preparing files to reimport...
[  45% ] reimport | Preparing files to reimport...
[  45% ] reimport | Preparing files to reimport...
[  45% ] reimport | Preparing files to reimport...
[  45% ] reimport | Preparing files to reimport...
[  45% ] reimport | Preparing files to reimport...
[  45% ] reimport | Preparing files to reimport...
[  45% ] reimport | Preparing files to reimport...
[  45% ] reimport | Preparing files to reimport...
[  45% ] reimport | Preparing files to reimport...
[  45% ] reimport | Preparing files to reimport...
[  45% ] reimport | Preparing files to reimport...
[  45% ] reimport | Preparing files to reimport...
[  45% ] reimport | Preparing files to reimport...
[  45% ] reimport | Preparing files to reimport...
[  45% ] reimport | Preparing files to reimport...
[  45% ] reimport | Preparing files to reimport...
[  45% ] reimport | Preparing files to reimport...
[  45% ] reimport | Preparing files to reimport...
[  45% ] reimport | Preparing files to reimport...
[  45% ] reimport | Preparing files to reimport...
[  45% ] reimport | Preparing files to reimport...
[  45% ] reimport | Preparing files to reimport...
[  46% ] reimport | Preparing files to reimport...
[  46% ] reimport | Preparing files to reimport...
[  46% ] reimport | Preparing files to reimport...
[  46% ] reimport | Preparing files to reimport...
[  46% ] reimport | Preparing files to reimport...
[  46% ] reimport | Preparing files to reimport...
[  46% ] reimport | Preparing files to reimport...
[  46% ] reimport | Preparing files to reimport...
[  46% ] reimport | Preparing files to reimport...
[  46% ] reimport | Preparing files to reimport...
[  46% ] reimport | Preparing files to reimport...
[  46% ] reimport | Preparing files to reimport...
[  46% ] reimport | Preparing files to reimport...
[  46% ] reimport | Preparing files to reimport...
[  46% ] reimport | Preparing files to reimport...
[  46% ] reimport | Preparing files to reimport...
[  46% ] reimport | Preparing files to reimport...
[  46% ] reimport | Preparing files to reimport...
[  46% ] reimport | Preparing files to reimport...
[  46% ] reimport | Preparing files to reimport...
[  46% ] reimport | Preparing files to reimport...
[  46% ] reimport | Preparing files to reimport...
[  46% ] reimport | Preparing files to reimport...
[  46% ] reimport | Preparing files to reimport...
[  46% ] reimport | Preparing files to reimport...
[  46% ] reimport | Preparing files to reimport...
[  46% ] reimport | Preparing files to reimport...
[  46% ] reimport | Preparing files to reimport...
[  46% ] reimport | Preparing files to reimport...
[  46% ] reimport | Preparing files to reimport...
[  46% ] reimport | Preparing files to reimport...
[  46% ] reimport | Preparing files to reimport...
[  46% ] reimport | Preparing files to reimport...
[  46% ] reimport | Preparing files to reimport...
[  46% ] reimport | Preparing files to reimport...
[  47% ] reimport | Preparing files to reimport...
[  47% ] reimport | Preparing files to reimport...
[  47% ] reimport | Preparing files to reimport...
[  47% ] reimport | Preparing files to reimport...
[  47% ] reimport | Preparing files to reimport...
[  47% ] reimport | Preparing files to reimport...
[  47% ] reimport | Preparing files to reimport...
[  47% ] reimport | Preparing files to reimport...
[  47% ] reimport | Preparing files to reimport...
[  47% ] reimport | Preparing files to reimport...
[  47% ] reimport | Preparing files to reimport...
[  47% ] reimport | Preparing files to reimport...
[  47% ] reimport | Preparing files to reimport...
[  47% ] reimport | Preparing files to reimport...
[  47% ] reimport | Preparing files to reimport...
[  47% ] reimport | Preparing files to reimport...
[  47% ] reimport | Preparing files to reimport...
[  47% ] reimport | Preparing files to reimport...
[  47% ] reimport | Preparing files to reimport...
[  47% ] reimport | Preparing files to reimport...
[  47% ] reimport | Preparing files to reimport...
[  47% ] reimport | Preparing files to reimport...
[  47% ] reimport | Preparing files to reimport...
[  47% ] reimport | Preparing files to reimport...
[  47% ] reimport | Preparing files to reimport...
[  47% ] reimport | Preparing files to reimport...
[  47% ] reimport | Preparing files to reimport...
[  47% ] reimport | Preparing files to reimport...
[  47% ] reimport | Preparing files to reimport...
[  47% ] reimport | Preparing files to reimport...
[  47% ] reimport | Preparing files to reimport...
[  47% ] reimport | Preparing files to reimport...
[  47% ] reimport | Preparing files to reimport...
[  47% ] reimport | Preparing files to reimport...
[  47% ] reimport | Preparing files to reimport...
[  48% ] reimport | Preparing files to reimport...
[  48% ] reimport | Preparing files to reimport...
[  48% ] reimport | Preparing files to reimport...
[  48% ] reimport | Preparing files to reimport...
[  48% ] reimport | Preparing files to reimport...
[  48% ] reimport | Preparing files to reimport...
[  48% ] reimport | Preparing files to reimport...
[  48% ] reimport | Preparing files to reimport...
[  48% ] reimport | Preparing files to reimport...
[  48% ] reimport | Preparing files to reimport...
[  48% ] reimport | Preparing files to reimport...
[  48% ] reimport | Preparing files to reimport...
[  48% ] reimport | Preparing files to reimport...
[  48% ] reimport | Preparing files to reimport...
[  48% ] reimport | Preparing files to reimport...
[  48% ] reimport | Preparing files to reimport...
[  48% ] reimport | Preparing files to reimport...
[  48% ] reimport | Preparing files to reimport...
[  48% ] reimport | Preparing files to reimport...
[  48% ] reimport | Preparing files to reimport...
[  48% ] reimport | Preparing files to reimport...
[  48% ] reimport | Preparing files to reimport...
[  48% ] reimport | Preparing files to reimport...
[  48% ] reimport | Preparing files to reimport...
[  48% ] reimport | Preparing files to reimport...
[  48% ] reimport | Preparing files to reimport...
[  48% ] reimport | Preparing files to reimport...
[  48% ] reimport | Preparing files to reimport...
[  48% ] reimport | Preparing files to reimport...
[  48% ] reimport | Preparing files to reimport...
[  48% ] reimport | Preparing files to reimport...
[  48% ] reimport | Preparing files to reimport...
[  48% ] reimport | Preparing files to reimport...
[  48% ] reimport | Preparing files to reimport...
[  48% ] reimport | Preparing files to reimport...
[  49% ] reimport | Preparing files to reimport...
[  49% ] reimport | Preparing files to reimport...
[  49% ] reimport | Preparing files to reimport...
[  49% ] reimport | Preparing files to reimport...
[  49% ] reimport | Preparing files to reimport...
[  49% ] reimport | Preparing files to reimport...
[  49% ] reimport | Preparing files to reimport...
[  49% ] reimport | Preparing files to reimport...
[  49% ] reimport | Preparing files to reimport...
[  49% ] reimport | Preparing files to reimport...
[  49% ] reimport | Preparing files to reimport...
[  49% ] reimport | Preparing files to reimport...
[  49% ] reimport | Preparing files to reimport...
[  49% ] reimport | Preparing files to reimport...
[  49% ] reimport | Preparing files to reimport...
[  49% ] reimport | Preparing files to reimport...
[  49% ] reimport | Preparing files to reimport...
[  49% ] reimport | Preparing files to reimport...
[  49% ] reimport | Preparing files to reimport...
[  49% ] reimport | Preparing files to reimport...
[  49% ] reimport | Preparing files to reimport...
[  49% ] reimport | Preparing files to reimport...
[  49% ] reimport | Preparing files to reimport...
[  49% ] reimport | Preparing files to reimport...
[  49% ] reimport | Preparing files to reimport...
[  49% ] reimport | Preparing files to reimport...
[  49% ] reimport | Preparing files to reimport...
[  49% ] reimport | Preparing files to reimport...
[  49% ] reimport | Preparing files to reimport...
[  49% ] reimport | Preparing files to reimport...
[  49% ] reimport | Preparing files to reimport...
[  49% ] reimport | Preparing files to reimport...
[  49% ] reimport | Preparing files to reimport...
[  49% ] reimport | Preparing files to reimport...
[  49% ] reimport | Preparing files to reimport...
[  50% ] reimport | Preparing files to reimport...
[  50% ] reimport | Preparing files to reimport...
[  50% ] reimport | Preparing files to reimport...
[  50% ] reimport | Preparing files to reimport...
[  50% ] reimport | Preparing files to reimport...
[  50% ] reimport | Preparing files to reimport...
[  50% ] reimport | Preparing files to reimport...
[  50% ] reimport | Preparing files to reimport...
[  50% ] reimport | Preparing files to reimport...
[  50% ] reimport | Preparing files to reimport...
[  50% ] reimport | Preparing files to reimport...
[  50% ] reimport | Preparing files to reimport...
[  50% ] reimport | Preparing files to reimport...
[  50% ] reimport | Preparing files to reimport...
[  50% ] reimport | Preparing files to reimport...
[  50% ] reimport | Preparing files to reimport...
[  50% ] reimport | Preparing files to reimport...
[  50% ] reimport | Preparing files to reimport...
[  50% ] reimport | Preparing files to reimport...
[  50% ] reimport | Preparing files to reimport...
[  50% ] reimport | Preparing files to reimport...
[  50% ] reimport | Preparing files to reimport...
[  50% ] reimport | Preparing files to reimport...
[  50% ] reimport | Preparing files to reimport...
[  50% ] reimport | Preparing files to reimport...
[  50% ] reimport | Preparing files to reimport...
[  50% ] reimport | Preparing files to reimport...
[  50% ] reimport | Preparing files to reimport...
[  50% ] reimport | Preparing files to reimport...
[  50% ] reimport | Preparing files to reimport...
[  50% ] reimport | Preparing files to reimport...
[  50% ] reimport | Preparing files to reimport...
[  50% ] reimport | Preparing files to reimport...
[  50% ] reimport | Preparing files to reimport...
[  50% ] reimport | Preparing files to reimport...
[  51% ] reimport | Preparing files to reimport...
[  51% ] reimport | Preparing files to reimport...
[  51% ] reimport | Preparing files to reimport...
[  51% ] reimport | Preparing files to reimport...
[  51% ] reimport | Preparing files to reimport...
[  51% ] reimport | Preparing files to reimport...
[  51% ] reimport | Preparing files to reimport...
[  51% ] reimport | Preparing files to reimport...
[  51% ] reimport | Preparing files to reimport...
[  51% ] reimport | Preparing files to reimport...
[  51% ] reimport | Preparing files to reimport...
[  51% ] reimport | Preparing files to reimport...
[  51% ] reimport | Preparing files to reimport...
[  51% ] reimport | Preparing files to reimport...
[  51% ] reimport | Preparing files to reimport...
[  51% ] reimport | Preparing files to reimport...
[  51% ] reimport | Preparing files to reimport...
[  51% ] reimport | Preparing files to reimport...
[  51% ] reimport | Preparing files to reimport...
[  51% ] reimport | Preparing files to reimport...
[  51% ] reimport | Preparing files to reimport...
[  51% ] reimport | Preparing files to reimport...
[  51% ] reimport | Preparing files to reimport...
[  51% ] reimport | Preparing files to reimport...
[  51% ] reimport | Preparing files to reimport...
[  51% ] reimport | Preparing files to reimport...
[  51% ] reimport | Preparing files to reimport...
[  51% ] reimport | Preparing files to reimport...
[  51% ] reimport | Preparing files to reimport...
[  51% ] reimport | Preparing files to reimport...
[  51% ] reimport | Preparing files to reimport...
[  51% ] reimport | Preparing files to reimport...
[  51% ] reimport | Preparing files to reimport...
[  51% ] reimport | Preparing files to reimport...
[  51% ] reimport | Preparing files to reimport...
[  52% ] reimport | Preparing files to reimport...
[  52% ] reimport | Preparing files to reimport...
[  52% ] reimport | Preparing files to reimport...
[  52% ] reimport | Preparing files to reimport...
[  52% ] reimport | Preparing files to reimport...
[  52% ] reimport | Preparing files to reimport...
[  52% ] reimport | Preparing files to reimport...
[  52% ] reimport | Preparing files to reimport...
[  52% ] reimport | Preparing files to reimport...
[  52% ] reimport | Preparing files to reimport...
[  52% ] reimport | Preparing files to reimport...
[  52% ] reimport | Preparing files to reimport...
[  52% ] reimport | Preparing files to reimport...
[  52% ] reimport | Preparing files to reimport...
[  52% ] reimport | Preparing files to reimport...
[  52% ] reimport | Preparing files to reimport...
[  52% ] reimport | Preparing files to reimport...
[  52% ] reimport | Preparing files to reimport...
[  52% ] reimport | Preparing files to reimport...
[  52% ] reimport | Preparing files to reimport...
[  52% ] reimport | Preparing files to reimport...
[  52% ] reimport | Preparing files to reimport...
[  52% ] reimport | Preparing files to reimport...
[  52% ] reimport | Preparing files to reimport...
[  52% ] reimport | Preparing files to reimport...
[  52% ] reimport | Preparing files to reimport...
[  52% ] reimport | Preparing files to reimport...
[  52% ] reimport | Preparing files to reimport...
[  52% ] reimport | Preparing files to reimport...
[  52% ] reimport | Preparing files to reimport...
[  52% ] reimport | Preparing files to reimport...
[  52% ] reimport | Preparing files to reimport...
[  52% ] reimport | Preparing files to reimport...
[  52% ] reimport | Preparing files to reimport...
[  52% ] reimport | Preparing files to reimport...
[  53% ] reimport | Preparing files to reimport...
[  53% ] reimport | Preparing files to reimport...
[  53% ] reimport | Preparing files to reimport...
[  53% ] reimport | Preparing files to reimport...
[  53% ] reimport | Preparing files to reimport...
[  53% ] reimport | Preparing files to reimport...
[  53% ] reimport | Preparing files to reimport...
[  53% ] reimport | Preparing files to reimport...
[  53% ] reimport | Preparing files to reimport...
[  53% ] reimport | Preparing files to reimport...
[  53% ] reimport | Preparing files to reimport...
[  53% ] reimport | Preparing files to reimport...
[  53% ] reimport | Preparing files to reimport...
[  53% ] reimport | Preparing files to reimport...
[  53% ] reimport | Preparing files to reimport...
[  53% ] reimport | Preparing files to reimport...
[  53% ] reimport | Preparing files to reimport...
[  53% ] reimport | Preparing files to reimport...
[  53% ] reimport | Preparing files to reimport...
[  53% ] reimport | Preparing files to reimport...
[  53% ] reimport | Preparing files to reimport...
[  53% ] reimport | Preparing files to reimport...
[  53% ] reimport | Preparing files to reimport...
[  53% ] reimport | Preparing files to reimport...
[  53% ] reimport | Preparing files to reimport...
[  53% ] reimport | Preparing files to reimport...
[  53% ] reimport | Preparing files to reimport...
[  53% ] reimport | Preparing files to reimport...
[  53% ] reimport | Preparing files to reimport...
[  53% ] reimport | Preparing files to reimport...
[  53% ] reimport | Preparing files to reimport...
[  53% ] reimport | Preparing files to reimport...
[  53% ] reimport | Preparing files to reimport...
[  53% ] reimport | Preparing files to reimport...
[  53% ] reimport | Preparing files to reimport...
[  54% ] reimport | Preparing files to reimport...
[  54% ] reimport | Preparing files to reimport...
[  54% ] reimport | Preparing files to reimport...
[  54% ] reimport | Preparing files to reimport...
[  54% ] reimport | Preparing files to reimport...
[  54% ] reimport | Preparing files to reimport...
[  54% ] reimport | Preparing files to reimport...
[  54% ] reimport | Preparing files to reimport...
[  54% ] reimport | Preparing files to reimport...
[  54% ] reimport | Preparing files to reimport...
[  54% ] reimport | Preparing files to reimport...
[  54% ] reimport | Preparing files to reimport...
[  54% ] reimport | Preparing files to reimport...
[  54% ] reimport | Preparing files to reimport...
[  54% ] reimport | Preparing files to reimport...
[  54% ] reimport | Preparing files to reimport...
[  54% ] reimport | Preparing files to reimport...
[  54% ] reimport | Preparing files to reimport...
[  54% ] reimport | Preparing files to reimport...
[  54% ] reimport | Preparing files to reimport...
[  54% ] reimport | Preparing files to reimport...
[  54% ] reimport | Preparing files to reimport...
[  54% ] reimport | Preparing files to reimport...
[  54% ] reimport | Preparing files to reimport...
[  54% ] reimport | Preparing files to reimport...
[  54% ] reimport | Preparing files to reimport...
[  54% ] reimport | Preparing files to reimport...
[  54% ] reimport | Preparing files to reimport...
[  54% ] reimport | Preparing files to reimport...
[  54% ] reimport | Preparing files to reimport...
[  54% ] reimport | Preparing files to reimport...
[  54% ] reimport | Preparing files to reimport...
[  54% ] reimport | Preparing files to reimport...
[  54% ] reimport | Preparing files to reimport...
[  54% ] reimport | Preparing files to reimport...
[  55% ] reimport | Preparing files to reimport...
[  55% ] reimport | Preparing files to reimport...
[  55% ] reimport | Preparing files to reimport...
[  55% ] reimport | Preparing files to reimport...
[  55% ] reimport | Preparing files to reimport...
[  55% ] reimport | Preparing files to reimport...
[  55% ] reimport | Preparing files to reimport...
[  55% ] reimport | Preparing files to reimport...
[  55% ] reimport | Preparing files to reimport...
[  55% ] reimport | Preparing files to reimport...
[  55% ] reimport | Preparing files to reimport...
[  55% ] reimport | Preparing files to reimport...
[  55% ] reimport | Preparing files to reimport...
[  55% ] reimport | Preparing files to reimport...
[  55% ] reimport | Preparing files to reimport...
[  55% ] reimport | Preparing files to reimport...
[  55% ] reimport | Preparing files to reimport...
[  55% ] reimport | Preparing files to reimport...
[  55% ] reimport | Preparing files to reimport...
[  55% ] reimport | Preparing files to reimport...
[  55% ] reimport | Preparing files to reimport...
[  55% ] reimport | Preparing files to reimport...
[  55% ] reimport | Preparing files to reimport...
[  55% ] reimport | Preparing files to reimport...
[  55% ] reimport | Preparing files to reimport...
[  55% ] reimport | Preparing files to reimport...
[  55% ] reimport | Preparing files to reimport...
[  55% ] reimport | Preparing files to reimport...
[  55% ] reimport | Preparing files to reimport...
[  55% ] reimport | Preparing files to reimport...
[  55% ] reimport | Preparing files to reimport...
[  55% ] reimport | Preparing files to reimport...
[  55% ] reimport | Preparing files to reimport...
[  55% ] reimport | Preparing files to reimport...
[  55% ] reimport | Preparing files to reimport...
[  56% ] reimport | Preparing files to reimport...
[  56% ] reimport | Preparing files to reimport...
[  56% ] reimport | Preparing files to reimport...
[  56% ] reimport | Preparing files to reimport...
[  56% ] reimport | Preparing files to reimport...
[  56% ] reimport | Preparing files to reimport...
[  56% ] reimport | Preparing files to reimport...
[  56% ] reimport | Preparing files to reimport...
[  56% ] reimport | Preparing files to reimport...
[  56% ] reimport | Preparing files to reimport...
[  56% ] reimport | Preparing files to reimport...
[  56% ] reimport | Preparing files to reimport...
[  56% ] reimport | Preparing files to reimport...
[  56% ] reimport | Preparing files to reimport...
[  56% ] reimport | Preparing files to reimport...
[  56% ] reimport | Preparing files to reimport...
[  56% ] reimport | Preparing files to reimport...
[  56% ] reimport | Preparing files to reimport...
[  56% ] reimport | Preparing files to reimport...
[  56% ] reimport | Preparing files to reimport...
[  56% ] reimport | Preparing files to reimport...
[  56% ] reimport | Preparing files to reimport...
[  56% ] reimport | Preparing files to reimport...
[  56% ] reimport | Preparing files to reimport...
[  56% ] reimport | Preparing files to reimport...
[  56% ] reimport | Preparing files to reimport...
[  56% ] reimport | Preparing files to reimport...
[  56% ] reimport | Preparing files to reimport...
[  56% ] reimport | Preparing files to reimport...
[  56% ] reimport | Preparing files to reimport...
[  56% ] reimport | Preparing files to reimport...
[  56% ] reimport | Preparing files to reimport...
[  56% ] reimport | Preparing files to reimport...
[  56% ] reimport | Preparing files to reimport...
[  56% ] reimport | Preparing files to reimport...
[  57% ] reimport | Preparing files to reimport...
[  57% ] reimport | Preparing files to reimport...
[  57% ] reimport | Preparing files to reimport...
[  57% ] reimport | Preparing files to reimport...
[  57% ] reimport | Preparing files to reimport...
[  57% ] reimport | Preparing files to reimport...
[  57% ] reimport | Preparing files to reimport...
[  57% ] reimport | Preparing files to reimport...
[  57% ] reimport | Preparing files to reimport...
[  57% ] reimport | Preparing files to reimport...
[  57% ] reimport | Preparing files to reimport...
[  57% ] reimport | Preparing files to reimport...
[  57% ] reimport | Preparing files to reimport...
[  57% ] reimport | Preparing files to reimport...
[  57% ] reimport | Preparing files to reimport...
[  57% ] reimport | Preparing files to reimport...
[  57% ] reimport | Preparing files to reimport...
[  57% ] reimport | Preparing files to reimport...
[  57% ] reimport | Preparing files to reimport...
[  57% ] reimport | Preparing files to reimport...
[  57% ] reimport | Preparing files to reimport...
[  57% ] reimport | Preparing files to reimport...
[  57% ] reimport | Preparing files to reimport...
[  57% ] reimport | Preparing files to reimport...
[  57% ] reimport | Preparing files to reimport...
[  57% ] reimport | Preparing files to reimport...
[  57% ] reimport | Preparing files to reimport...
[  57% ] reimport | Preparing files to reimport...
[  57% ] reimport | Preparing files to reimport...
[  57% ] reimport | Preparing files to reimport...
[  57% ] reimport | Preparing files to reimport...
[  57% ] reimport | Preparing files to reimport...
[  57% ] reimport | Preparing files to reimport...
[  57% ] reimport | Preparing files to reimport...
[  57% ] reimport | Preparing files to reimport...
[  57% ] reimport | Preparing files to reimport...
[  58% ] reimport | Preparing files to reimport...
[  58% ] reimport | Preparing files to reimport...
[  58% ] reimport | Preparing files to reimport...
[  58% ] reimport | Preparing files to reimport...
[  58% ] reimport | Preparing files to reimport...
[  58% ] reimport | Preparing files to reimport...
[  58% ] reimport | Preparing files to reimport...
[  58% ] reimport | Preparing files to reimport...
[  58% ] reimport | Preparing files to reimport...
[  58% ] reimport | Preparing files to reimport...
[  58% ] reimport | Preparing files to reimport...
[  58% ] reimport | Preparing files to reimport...
[  58% ] reimport | Preparing files to reimport...
[  58% ] reimport | Preparing files to reimport...
[  58% ] reimport | Preparing files to reimport...
[  58% ] reimport | Preparing files to reimport...
[  58% ] reimport | Preparing files to reimport...
[  58% ] reimport | Preparing files to reimport...
[  58% ] reimport | Preparing files to reimport...
[  58% ] reimport | Preparing files to reimport...
[  58% ] reimport | Preparing files to reimport...
[  58% ] reimport | Preparing files to reimport...
[  58% ] reimport | Preparing files to reimport...
[  58% ] reimport | Preparing files to reimport...
[  58% ] reimport | Preparing files to reimport...
[  58% ] reimport | Preparing files to reimport...
[  58% ] reimport | Preparing files to reimport...
[  58% ] reimport | Preparing files to reimport...
[  58% ] reimport | Preparing files to reimport...
[  58% ] reimport | Preparing files to reimport...
[  58% ] reimport | Preparing files to reimport...
[  58% ] reimport | Preparing files to reimport...
[  58% ] reimport | Preparing files to reimport...
[  58% ] reimport | Preparing files to reimport...
[  58% ] reimport | Preparing files to reimport...
[  59% ] reimport | Preparing files to reimport...
[  59% ] reimport | Preparing files to reimport...
[  59% ] reimport | Preparing files to reimport...
[  59% ] reimport | Preparing files to reimport...
[  59% ] reimport | Preparing files to reimport...
[  59% ] reimport | Preparing files to reimport...
[  59% ] reimport | Preparing files to reimport...
[  59% ] reimport | Preparing files to reimport...
[  59% ] reimport | Preparing files to reimport...
[  59% ] reimport | Preparing files to reimport...
[  59% ] reimport | Preparing files to reimport...
[  59% ] reimport | Preparing files to reimport...
[  59% ] reimport | Preparing files to reimport...
[  59% ] reimport | Preparing files to reimport...
[  59% ] reimport | Preparing files to reimport...
[  59% ] reimport | Preparing files to reimport...
[  59% ] reimport | Preparing files to reimport...
[  59% ] reimport | Preparing files to reimport...
[  59% ] reimport | Preparing files to reimport...
[  59% ] reimport | Preparing files to reimport...
[  59% ] reimport | Preparing files to reimport...
[  59% ] reimport | Preparing files to reimport...
[  59% ] reimport | Preparing files to reimport...
[  59% ] reimport | Preparing files to reimport...
[  59% ] reimport | Preparing files to reimport...
[  59% ] reimport | Preparing files to reimport...
[  59% ] reimport | Preparing files to reimport...
[  59% ] reimport | Preparing files to reimport...
[  59% ] reimport | Preparing files to reimport...
[  59% ] reimport | Preparing files to reimport...
[  59% ] reimport | Preparing files to reimport...
[  59% ] reimport | Preparing files to reimport...
[  59% ] reimport | Preparing files to reimport...
[  59% ] reimport | Preparing files to reimport...
[  59% ] reimport | Preparing files to reimport...
[  60% ] reimport | Preparing files to reimport...
[  60% ] reimport | Preparing files to reimport...
[  60% ] reimport | Preparing files to reimport...
[  60% ] reimport | Preparing files to reimport...
[  60% ] reimport | Preparing files to reimport...
[  60% ] reimport | Preparing files to reimport...
[  60% ] reimport | Preparing files to reimport...
[  60% ] reimport | Preparing files to reimport...
[  60% ] reimport | Preparing files to reimport...
[  60% ] reimport | Preparing files to reimport...
[  60% ] reimport | Preparing files to reimport...
[  60% ] reimport | Preparing files to reimport...
[  60% ] reimport | Preparing files to reimport...
[  60% ] reimport | Preparing files to reimport...
[  60% ] reimport | Preparing files to reimport...
[  60% ] reimport | Preparing files to reimport...
[  60% ] reimport | Preparing files to reimport...
[  60% ] reimport | Preparing files to reimport...
[  60% ] reimport | Preparing files to reimport...
[  60% ] reimport | Preparing files to reimport...
[  60% ] reimport | Preparing files to reimport...
[  60% ] reimport | Preparing files to reimport...
[  60% ] reimport | Preparing files to reimport...
[  60% ] reimport | Preparing files to reimport...
[  60% ] reimport | Preparing files to reimport...
[  60% ] reimport | Preparing files to reimport...
[  60% ] reimport | Preparing files to reimport...
[  60% ] reimport | Preparing files to reimport...
[  60% ] reimport | Preparing files to reimport...
[  60% ] reimport | Preparing files to reimport...
[  60% ] reimport | Preparing files to reimport...
[  60% ] reimport | Preparing files to reimport...
[  60% ] reimport | Preparing files to reimport...
[  60% ] reimport | Preparing files to reimport...
[  60% ] reimport | Preparing files to reimport...
[  61% ] reimport | Preparing files to reimport...
[  61% ] reimport | Preparing files to reimport...
[  61% ] reimport | Preparing files to reimport...
[  61% ] reimport | Preparing files to reimport...
[  61% ] reimport | Preparing files to reimport...
[  61% ] reimport | Preparing files to reimport...
[  61% ] reimport | Preparing files to reimport...
[  61% ] reimport | Preparing files to reimport...
[  61% ] reimport | Preparing files to reimport...
[  61% ] reimport | Preparing files to reimport...
[  61% ] reimport | Preparing files to reimport...
[  61% ] reimport | Preparing files to reimport...
[  61% ] reimport | Preparing files to reimport...
[  61% ] reimport | Preparing files to reimport...
[  61% ] reimport | Preparing files to reimport...
[  61% ] reimport | Preparing files to reimport...
[  61% ] reimport | Preparing files to reimport...
[  61% ] reimport | Preparing files to reimport...
[  61% ] reimport | Preparing files to reimport...
[  61% ] reimport | Preparing files to reimport...
[  61% ] reimport | Preparing files to reimport...
[  61% ] reimport | Preparing files to reimport...
[  61% ] reimport | Preparing files to reimport...
[  61% ] reimport | Preparing files to reimport...
[  61% ] reimport | Preparing files to reimport...
[  61% ] reimport | Preparing files to reimport...
[  61% ] reimport | Preparing files to reimport...
[  61% ] reimport | Preparing files to reimport...
[  61% ] reimport | Preparing files to reimport...
[  61% ] reimport | Preparing files to reimport...
[  61% ] reimport | Preparing files to reimport...
[  61% ] reimport | Preparing files to reimport...
[  61% ] reimport | Preparing files to reimport...
[  61% ] reimport | Preparing files to reimport...
[  61% ] reimport | Preparing files to reimport...
[  62% ] reimport | Preparing files to reimport...
[  62% ] reimport | Preparing files to reimport...
[  62% ] reimport | Preparing files to reimport...
[  62% ] reimport | Preparing files to reimport...
[  62% ] reimport | Preparing files to reimport...
[  62% ] reimport | Preparing files to reimport...
[  62% ] reimport | Preparing files to reimport...
[  62% ] reimport | Preparing files to reimport...
[  62% ] reimport | Preparing files to reimport...
[  62% ] reimport | Preparing files to reimport...
[  62% ] reimport | Preparing files to reimport...
[  62% ] reimport | Preparing files to reimport...
[  62% ] reimport | Preparing files to reimport...
[  62% ] reimport | Preparing files to reimport...
[  62% ] reimport | Preparing files to reimport...
[  62% ] reimport | Preparing files to reimport...
[  62% ] reimport | Preparing files to reimport...
[  62% ] reimport | Preparing files to reimport...
[  62% ] reimport | Preparing files to reimport...
[  62% ] reimport | Preparing files to reimport...
[  62% ] reimport | Preparing files to reimport...
[  62% ] reimport | Preparing files to reimport...
[  62% ] reimport | Preparing files to reimport...
[  62% ] reimport | Preparing files to reimport...
[  62% ] reimport | Preparing files to reimport...
[  62% ] reimport | Preparing files to reimport...
[  62% ] reimport | Preparing files to reimport...
[  62% ] reimport | Preparing files to reimport...
[  62% ] reimport | Preparing files to reimport...
[  62% ] reimport | Preparing files to reimport...
[  62% ] reimport | Preparing files to reimport...
[  62% ] reimport | Preparing files to reimport...
[  62% ] reimport | Preparing files to reimport...
[  62% ] reimport | Preparing files to reimport...
[  62% ] reimport | Preparing files to reimport...
[  63% ] reimport | Preparing files to reimport...
[  63% ] reimport | Preparing files to reimport...
[  63% ] reimport | Preparing files to reimport...
[  63% ] reimport | Preparing files to reimport...
[  63% ] reimport | Preparing files to reimport...
[  63% ] reimport | Preparing files to reimport...
[  63% ] reimport | Preparing files to reimport...
[  63% ] reimport | Preparing files to reimport...
[  63% ] reimport | Preparing files to reimport...
[  63% ] reimport | Preparing files to reimport...
[  63% ] reimport | Preparing files to reimport...
[  63% ] reimport | Preparing files to reimport...
[  63% ] reimport | Preparing files to reimport...
[  63% ] reimport | Preparing files to reimport...
[  63% ] reimport | Preparing files to reimport...
[  63% ] reimport | Preparing files to reimport...
[  63% ] reimport | Preparing files to reimport...
[  63% ] reimport | Preparing files to reimport...
[  63% ] reimport | Preparing files to reimport...
[  63% ] reimport | Preparing files to reimport...
[  63% ] reimport | Preparing files to reimport...
[  63% ] reimport | Preparing files to reimport...
[  63% ] reimport | Preparing files to reimport...
[  63% ] reimport | Preparing files to reimport...
[  63% ] reimport | Preparing files to reimport...
[  63% ] reimport | Preparing files to reimport...
[  63% ] reimport | Preparing files to reimport...
[  63% ] reimport | Preparing files to reimport...
[  63% ] reimport | Preparing files to reimport...
[  63% ] reimport | Preparing files to reimport...
[  63% ] reimport | Preparing files to reimport...
[  63% ] reimport | Preparing files to reimport...
[  63% ] reimport | Preparing files to reimport...
[  63% ] reimport | Preparing files to reimport...
[  63% ] reimport | Preparing files to reimport...
[  64% ] reimport | Preparing files to reimport...
[  64% ] reimport | Preparing files to reimport...
[  64% ] reimport | Preparing files to reimport...
[  64% ] reimport | Preparing files to reimport...
[  64% ] reimport | Preparing files to reimport...
[  64% ] reimport | Preparing files to reimport...
[  64% ] reimport | Preparing files to reimport...
[  64% ] reimport | Preparing files to reimport...
[  64% ] reimport | Preparing files to reimport...
[  64% ] reimport | Preparing files to reimport...
[  64% ] reimport | Preparing files to reimport...
[  64% ] reimport | Preparing files to reimport...
[  64% ] reimport | Preparing files to reimport...
[  64% ] reimport | Preparing files to reimport...
[  64% ] reimport | Preparing files to reimport...
[  64% ] reimport | Preparing files to reimport...
[  64% ] reimport | Preparing files to reimport...
[  64% ] reimport | Preparing files to reimport...
[  64% ] reimport | Preparing files to reimport...
[  64% ] reimport | Preparing files to reimport...
[  64% ] reimport | Preparing files to reimport...
[  64% ] reimport | Preparing files to reimport...
[  64% ] reimport | Preparing files to reimport...
[  64% ] reimport | Preparing files to reimport...
[  64% ] reimport | Preparing files to reimport...
[  64% ] reimport | Preparing files to reimport...
[  64% ] reimport | Preparing files to reimport...
[  64% ] reimport | Preparing files to reimport...
[  64% ] reimport | Preparing files to reimport...
[  64% ] reimport | Preparing files to reimport...
[  64% ] reimport | Preparing files to reimport...
[  64% ] reimport | Preparing files to reimport...
[  64% ] reimport | Preparing files to reimport...
[  64% ] reimport | Preparing files to reimport...
[  64% ] reimport | Preparing files to reimport...
[  65% ] reimport | Preparing files to reimport...
[  65% ] reimport | Preparing files to reimport...
[  65% ] reimport | Preparing files to reimport...
[  65% ] reimport | Preparing files to reimport...
[  65% ] reimport | Preparing files to reimport...
[  65% ] reimport | Preparing files to reimport...
[  65% ] reimport | Preparing files to reimport...
[  65% ] reimport | Preparing files to reimport...
[  65% ] reimport | Preparing files to reimport...
[  65% ] reimport | Preparing files to reimport...
[  65% ] reimport | Preparing files to reimport...
[  65% ] reimport | Preparing files to reimport...
[  65% ] reimport | Preparing files to reimport...
[  65% ] reimport | Preparing files to reimport...
[  65% ] reimport | Preparing files to reimport...
[  65% ] reimport | Preparing files to reimport...
[  65% ] reimport | Preparing files to reimport...
[  65% ] reimport | Preparing files to reimport...
[  65% ] reimport | Preparing files to reimport...
[  65% ] reimport | Preparing files to reimport...
[  65% ] reimport | Preparing files to reimport...
[  65% ] reimport | Preparing files to reimport...
[  65% ] reimport | Preparing files to reimport...
[  65% ] reimport | Preparing files to reimport...
[  65% ] reimport | Preparing files to reimport...
[  65% ] reimport | Preparing files to reimport...
[  65% ] reimport | Preparing files to reimport...
[  65% ] reimport | Preparing files to reimport...
[  65% ] reimport | Preparing files to reimport...
[  65% ] reimport | Preparing files to reimport...
[  65% ] reimport | Preparing files to reimport...
[  65% ] reimport | Preparing files to reimport...
[  65% ] reimport | Preparing files to reimport...
[  65% ] reimport | Preparing files to reimport...
[  65% ] reimport | Preparing files to reimport...
[  66% ] reimport | Preparing files to reimport...
[  66% ] reimport | Preparing files to reimport...
[  66% ] reimport | Preparing files to reimport...
[  66% ] reimport | Preparing files to reimport...
[  66% ] reimport | Preparing files to reimport...
[  66% ] reimport | Preparing files to reimport...
[  66% ] reimport | Preparing files to reimport...
[  66% ] reimport | Preparing files to reimport...
[  66% ] reimport | Preparing files to reimport...
[  66% ] reimport | Preparing files to reimport...
[  66% ] reimport | Preparing files to reimport...
[  66% ] reimport | Preparing files to reimport...
[  66% ] reimport | Preparing files to reimport...
[  66% ] reimport | Preparing files to reimport...
[  66% ] reimport | Preparing files to reimport...
[  66% ] reimport | Preparing files to reimport...
[  66% ] reimport | Preparing files to reimport...
[  66% ] reimport | Preparing files to reimport...
[  66% ] reimport | Preparing files to reimport...
[  66% ] reimport | Preparing files to reimport...
[  66% ] reimport | Preparing files to reimport...
[  66% ] reimport | Preparing files to reimport...
[  66% ] reimport | Preparing files to reimport...
[  66% ] reimport | Preparing files to reimport...
[  66% ] reimport | Preparing files to reimport...
[  66% ] reimport | Preparing files to reimport...
[  66% ] reimport | Preparing files to reimport...
[  66% ] reimport | Preparing files to reimport...
[  66% ] reimport | Preparing files to reimport...
[  66% ] reimport | Preparing files to reimport...
[  66% ] reimport | Preparing files to reimport...
[  66% ] reimport | Preparing files to reimport...
[  66% ] reimport | Preparing files to reimport...
[  66% ] reimport | Preparing files to reimport...
[  66% ] reimport | Preparing files to reimport...
[  67% ] reimport | Preparing files to reimport...
[  67% ] reimport | Preparing files to reimport...
[  67% ] reimport | Preparing files to reimport...
[  67% ] reimport | Preparing files to reimport...
[  67% ] reimport | Preparing files to reimport...
[  67% ] reimport | Preparing files to reimport...
[  67% ] reimport | Preparing files to reimport...
[  67% ] reimport | Preparing files to reimport...
[  67% ] reimport | Preparing files to reimport...
[  67% ] reimport | Preparing files to reimport...
[  67% ] reimport | Preparing files to reimport...
[  67% ] reimport | Preparing files to reimport...
[  67% ] reimport | Preparing files to reimport...
[  67% ] reimport | Preparing files to reimport...
[  67% ] reimport | Preparing files to reimport...
[  67% ] reimport | Preparing files to reimport...
[  67% ] reimport | Preparing files to reimport...
[  67% ] reimport | Preparing files to reimport...
[  67% ] reimport | Preparing files to reimport...
[  67% ] reimport | Preparing files to reimport...
[  67% ] reimport | Preparing files to reimport...
[  67% ] reimport | Preparing files to reimport...
[  67% ] reimport | Preparing files to reimport...
[  67% ] reimport | Preparing files to reimport...
[  67% ] reimport | Preparing files to reimport...
[  67% ] reimport | Preparing files to reimport...
[  67% ] reimport | Preparing files to reimport...
[  67% ] reimport | Preparing files to reimport...
[  67% ] reimport | Preparing files to reimport...
[  67% ] reimport | Preparing files to reimport...
[  67% ] reimport | Preparing files to reimport...
[  67% ] reimport | Preparing files to reimport...
[  67% ] reimport | Preparing files to reimport...
[  67% ] reimport | Preparing files to reimport...
[  67% ] reimport | Preparing files to reimport...
[  68% ] reimport | Preparing files to reimport...
[  68% ] reimport | Preparing files to reimport...
[  68% ] reimport | Preparing files to reimport...
[  68% ] reimport | Preparing files to reimport...
[  68% ] reimport | Preparing files to reimport...
[  68% ] reimport | Preparing files to reimport...
[  68% ] reimport | Preparing files to reimport...
[  68% ] reimport | Preparing files to reimport...
[  68% ] reimport | Preparing files to reimport...
[  68% ] reimport | Preparing files to reimport...
[  68% ] reimport | Preparing files to reimport...
[  68% ] reimport | Preparing files to reimport...
[  68% ] reimport | Preparing files to reimport...
[  68% ] reimport | Preparing files to reimport...
[  68% ] reimport | Preparing files to reimport...
[  68% ] reimport | Preparing files to reimport...
[  68% ] reimport | Preparing files to reimport...
[  68% ] reimport | Preparing files to reimport...
[  68% ] reimport | Preparing files to reimport...
[  68% ] reimport | Preparing files to reimport...
[  68% ] reimport | Preparing files to reimport...
[  68% ] reimport | Preparing files to reimport...
[  68% ] reimport | Preparing files to reimport...
[  68% ] reimport | Preparing files to reimport...
[  68% ] reimport | Preparing files to reimport...
[  68% ] reimport | Preparing files to reimport...
[  68% ] reimport | Preparing files to reimport...
[  68% ] reimport | Preparing files to reimport...
[  68% ] reimport | Preparing files to reimport...
[  68% ] reimport | Preparing files to reimport...
[  68% ] reimport | Preparing files to reimport...
[  68% ] reimport | Preparing files to reimport...
[  68% ] reimport | Preparing files to reimport...
[  68% ] reimport | Preparing files to reimport...
[  68% ] reimport | Preparing files to reimport...
[  69% ] reimport | Preparing files to reimport...
[  69% ] reimport | Preparing files to reimport...
[  69% ] reimport | Preparing files to reimport...
[  69% ] reimport | Preparing files to reimport...
[  69% ] reimport | Preparing files to reimport...
[  69% ] reimport | Preparing files to reimport...
[  69% ] reimport | Preparing files to reimport...
[  69% ] reimport | Preparing files to reimport...
[  69% ] reimport | Preparing files to reimport...
[  69% ] reimport | Preparing files to reimport...
[  69% ] reimport | Preparing files to reimport...
[  69% ] reimport | Preparing files to reimport...
[  69% ] reimport | Preparing files to reimport...
[  69% ] reimport | Preparing files to reimport...
[  69% ] reimport | Preparing files to reimport...
[  69% ] reimport | Preparing files to reimport...
[  69% ] reimport | Preparing files to reimport...
[  69% ] reimport | Preparing files to reimport...
[  69% ] reimport | Preparing files to reimport...
[  69% ] reimport | Preparing files to reimport...
[  69% ] reimport | Preparing files to reimport...
[  69% ] reimport | Preparing files to reimport...
[  69% ] reimport | Preparing files to reimport...
[  69% ] reimport | Preparing files to reimport...
[  69% ] reimport | Preparing files to reimport...
[  69% ] reimport | Preparing files to reimport...
[  69% ] reimport | Preparing files to reimport...
[  69% ] reimport | Preparing files to reimport...
[  69% ] reimport | Preparing files to reimport...
[  69% ] reimport | Preparing files to reimport...
[  69% ] reimport | Preparing files to reimport...
[  69% ] reimport | Preparing files to reimport...
[  69% ] reimport | Preparing files to reimport...
[  69% ] reimport | Preparing files to reimport...
[  69% ] reimport | Preparing files to reimport...
[  70% ] reimport | Preparing files to reimport...
[  70% ] reimport | Preparing files to reimport...
[  70% ] reimport | Preparing files to reimport...
[  70% ] reimport | Preparing files to reimport...
[  70% ] reimport | Preparing files to reimport...
[  70% ] reimport | Preparing files to reimport...
[  70% ] reimport | Preparing files to reimport...
[  70% ] reimport | Preparing files to reimport...
[  70% ] reimport | Preparing files to reimport...
[  70% ] reimport | Preparing files to reimport...
[  70% ] reimport | Preparing files to reimport...
[  70% ] reimport | Preparing files to reimport...
[  70% ] reimport | Preparing files to reimport...
[  70% ] reimport | Preparing files to reimport...
[  70% ] reimport | Preparing files to reimport...
[  70% ] reimport | Preparing files to reimport...
[  70% ] reimport | Preparing files to reimport...
[  70% ] reimport | Preparing files to reimport...
[  70% ] reimport | Preparing files to reimport...
[  70% ] reimport | Preparing files to reimport...
[  70% ] reimport | Preparing files to reimport...
[  70% ] reimport | Preparing files to reimport...
[  70% ] reimport | Preparing files to reimport...
[  70% ] reimport | Preparing files to reimport...
[  70% ] reimport | Preparing files to reimport...
[  70% ] reimport | Preparing files to reimport...
[  70% ] reimport | Preparing files to reimport...
[  70% ] reimport | Preparing files to reimport...
[  70% ] reimport | Preparing files to reimport...
[  70% ] reimport | Preparing files to reimport...
[  70% ] reimport | Preparing files to reimport...
[  70% ] reimport | Preparing files to reimport...
[  70% ] reimport | Preparing files to reimport...
[  70% ] reimport | Preparing files to reimport...
[  70% ] reimport | Preparing files to reimport...
[  71% ] reimport | Preparing files to reimport...
[  71% ] reimport | Preparing files to reimport...
[  71% ] reimport | Preparing files to reimport...
[  71% ] reimport | Preparing files to reimport...
[  71% ] reimport | Preparing files to reimport...
[  71% ] reimport | Preparing files to reimport...
[  71% ] reimport | Preparing files to reimport...
[  71% ] reimport | Preparing files to reimport...
[  71% ] reimport | Preparing files to reimport...
[  71% ] reimport | Preparing files to reimport...
[  71% ] reimport | Preparing files to reimport...
[  71% ] reimport | Preparing files to reimport...
[  71% ] reimport | Preparing files to reimport...
[  71% ] reimport | Preparing files to reimport...
[  71% ] reimport | Preparing files to reimport...
[  71% ] reimport | Preparing files to reimport...
[  71% ] reimport | Preparing files to reimport...
[  71% ] reimport | Preparing files to reimport...
[  71% ] reimport | Preparing files to reimport...
[  71% ] reimport | Preparing files to reimport...
[  71% ] reimport | Preparing files to reimport...
[  71% ] reimport | Preparing files to reimport...
[  71% ] reimport | Preparing files to reimport...
[  71% ] reimport | Preparing files to reimport...
[  71% ] reimport | Preparing files to reimport...
[  71% ] reimport | Preparing files to reimport...
[  71% ] reimport | Preparing files to reimport...
[  71% ] reimport | Preparing files to reimport...
[  71% ] reimport | Preparing files to reimport...
[  71% ] reimport | Preparing files to reimport...
[  71% ] reimport | Preparing files to reimport...
[  71% ] reimport | Preparing files to reimport...
[  71% ] reimport | Preparing files to reimport...
[  71% ] reimport | Preparing files to reimport...
[  71% ] reimport | Preparing files to reimport...
[  71% ] reimport | Preparing files to reimport...
[  72% ] reimport | Preparing files to reimport...
[  72% ] reimport | Preparing files to reimport...
[  72% ] reimport | Preparing files to reimport...
[  72% ] reimport | Preparing files to reimport...
[  72% ] reimport | Preparing files to reimport...
[  72% ] reimport | Preparing files to reimport...
[  72% ] reimport | Preparing files to reimport...
[  72% ] reimport | Preparing files to reimport...
[  72% ] reimport | Preparing files to reimport...
[  72% ] reimport | Preparing files to reimport...
[  72% ] reimport | Preparing files to reimport...
[  72% ] reimport | Preparing files to reimport...
[  72% ] reimport | Preparing files to reimport...
[  72% ] reimport | Preparing files to reimport...
[  72% ] reimport | Preparing files to reimport...
[  72% ] reimport | Preparing files to reimport...
[  72% ] reimport | Preparing files to reimport...
[  72% ] reimport | Preparing files to reimport...
[  72% ] reimport | Preparing files to reimport...
[  72% ] reimport | Preparing files to reimport...
[  72% ] reimport | Preparing files to reimport...
[  72% ] reimport | Preparing files to reimport...
[  72% ] reimport | Preparing files to reimport...
[  72% ] reimport | Preparing files to reimport...
[  72% ] reimport | Preparing files to reimport...
[  72% ] reimport | Preparing files to reimport...
[  72% ] reimport | Preparing files to reimport...
[  72% ] reimport | Preparing files to reimport...
[  72% ] reimport | Preparing files to reimport...
[  72% ] reimport | Preparing files to reimport...
[  72% ] reimport | Preparing files to reimport...
[  72% ] reimport | Preparing files to reimport...
[  72% ] reimport | Preparing files to reimport...
[  72% ] reimport | Preparing files to reimport...
[  72% ] reimport | Preparing files to reimport...
[  73% ] reimport | Preparing files to reimport...
[  73% ] reimport | Preparing files to reimport...
[  73% ] reimport | Preparing files to reimport...
[  73% ] reimport | Preparing files to reimport...
[  73% ] reimport | Preparing files to reimport...
[  73% ] reimport | Preparing files to reimport...
[  73% ] reimport | Preparing files to reimport...
[  73% ] reimport | Preparing files to reimport...
[  73% ] reimport | Preparing files to reimport...
[  73% ] reimport | Preparing files to reimport...
[  73% ] reimport | Preparing files to reimport...
[  73% ] reimport | Preparing files to reimport...
[  73% ] reimport | Preparing files to reimport...
[  73% ] reimport | Preparing files to reimport...
[  73% ] reimport | Preparing files to reimport...
[  73% ] reimport | Preparing files to reimport...
[  73% ] reimport | Preparing files to reimport...
[  73% ] reimport | Preparing files to reimport...
[  73% ] reimport | Preparing files to reimport...
[  73% ] reimport | Preparing files to reimport...
[  73% ] reimport | Preparing files to reimport...
[  73% ] reimport | Preparing files to reimport...
[  73% ] reimport | Preparing files to reimport...
[  73% ] reimport | Preparing files to reimport...
[  73% ] reimport | Preparing files to reimport...
[  73% ] reimport | Preparing files to reimport...
[  73% ] reimport | Preparing files to reimport...
[  73% ] reimport | Preparing files to reimport...
[  73% ] reimport | Preparing files to reimport...
[  73% ] reimport | Preparing files to reimport...
[  73% ] reimport | Preparing files to reimport...
[  73% ] reimport | Preparing files to reimport...
[  73% ] reimport | Preparing files to reimport...
[  73% ] reimport | Preparing files to reimport...
[  73% ] reimport | Preparing files to reimport...
[  74% ] reimport | Preparing files to reimport...
[  74% ] reimport | Preparing files to reimport...
[  74% ] reimport | Preparing files to reimport...
[  74% ] reimport | Preparing files to reimport...
[  74% ] reimport | Preparing files to reimport...
[  74% ] reimport | Preparing files to reimport...
[  74% ] reimport | Preparing files to reimport...
[  74% ] reimport | Preparing files to reimport...
[  74% ] reimport | Preparing files to reimport...
[  74% ] reimport | Preparing files to reimport...
[  74% ] reimport | Preparing files to reimport...
[  74% ] reimport | Preparing files to reimport...
[  74% ] reimport | Preparing files to reimport...
[  74% ] reimport | Preparing files to reimport...
[  74% ] reimport | Preparing files to reimport...
[  74% ] reimport | Preparing files to reimport...
[  74% ] reimport | Preparing files to reimport...
[  74% ] reimport | Preparing files to reimport...
[  74% ] reimport | Preparing files to reimport...
[  74% ] reimport | Preparing files to reimport...
[  74% ] reimport | Preparing files to reimport...
[  74% ] reimport | Preparing files to reimport...
[  74% ] reimport | Preparing files to reimport...
[  74% ] reimport | Preparing files to reimport...
[  74% ] reimport | Preparing files to reimport...
[  74% ] reimport | Preparing files to reimport...
[  74% ] reimport | Preparing files to reimport...
[  74% ] reimport | Preparing files to reimport...
[  74% ] reimport | Preparing files to reimport...
[  74% ] reimport | Preparing files to reimport...
[  74% ] reimport | Preparing files to reimport...
[  74% ] reimport | Preparing files to reimport...
[  74% ] reimport | Preparing files to reimport...
[  74% ] reimport | Preparing files to reimport...
[  74% ] reimport | Preparing files to reimport...
[  75% ] reimport | Preparing files to reimport...
[  75% ] reimport | Preparing files to reimport...
[  75% ] reimport | Preparing files to reimport...
[  75% ] reimport | Preparing files to reimport...
[  75% ] reimport | Preparing files to reimport...
[  75% ] reimport | Preparing files to reimport...
[  75% ] reimport | Preparing files to reimport...
[  75% ] reimport | Preparing files to reimport...
[  75% ] reimport | Preparing files to reimport...
[  75% ] reimport | Preparing files to reimport...
[  75% ] reimport | Preparing files to reimport...
[  75% ] reimport | Preparing files to reimport...
[  75% ] reimport | Preparing files to reimport...
[  75% ] reimport | Preparing files to reimport...
[  75% ] reimport | Preparing files to reimport...
[  75% ] reimport | Preparing files to reimport...
[  75% ] reimport | Preparing files to reimport...
[  75% ] reimport | Preparing files to reimport...
[  75% ] reimport | Preparing files to reimport...
[  75% ] reimport | Preparing files to reimport...
[  75% ] reimport | Preparing files to reimport...
[  75% ] reimport | Preparing files to reimport...
[  75% ] reimport | Preparing files to reimport...
[  75% ] reimport | Preparing files to reimport...
[  75% ] reimport | Preparing files to reimport...
[  75% ] reimport | Preparing files to reimport...
[  75% ] reimport | Preparing files to reimport...
[  75% ] reimport | Preparing files to reimport...
[  75% ] reimport | Preparing files to reimport...
[  75% ] reimport | Preparing files to reimport...
[  75% ] reimport | Preparing files to reimport...
[  75% ] reimport | Preparing files to reimport...
[  75% ] reimport | Preparing files to reimport...
[  75% ] reimport | Preparing files to reimport...
[  75% ] reimport | Preparing files to reimport...
[  76% ] reimport | Preparing files to reimport...
[  76% ] reimport | Preparing files to reimport...
[  76% ] reimport | Preparing files to reimport...
[  76% ] reimport | Preparing files to reimport...
[  76% ] reimport | Preparing files to reimport...
[  76% ] reimport | Preparing files to reimport...
[  76% ] reimport | Preparing files to reimport...
[  76% ] reimport | Preparing files to reimport...
[  76% ] reimport | Preparing files to reimport...
[  76% ] reimport | Preparing files to reimport...
[  76% ] reimport | Preparing files to reimport...
[  76% ] reimport | Preparing files to reimport...
[  76% ] reimport | Preparing files to reimport...
[  76% ] reimport | Preparing files to reimport...
[  76% ] reimport | Preparing files to reimport...
[  76% ] reimport | Preparing files to reimport...
[  76% ] reimport | Preparing files to reimport...
[  76% ] reimport | Preparing files to reimport...
[  76% ] reimport | Preparing files to reimport...
[  76% ] reimport | Preparing files to reimport...
[  76% ] reimport | Preparing files to reimport...
[  76% ] reimport | Preparing files to reimport...
[  76% ] reimport | Preparing files to reimport...
[  76% ] reimport | Preparing files to reimport...
[  76% ] reimport | Preparing files to reimport...
[  76% ] reimport | Preparing files to reimport...
[  76% ] reimport | Preparing files to reimport...
[  76% ] reimport | Preparing files to reimport...
[  76% ] reimport | Preparing files to reimport...
[  76% ] reimport | Preparing files to reimport...
[  76% ] reimport | Preparing files to reimport...
[  76% ] reimport | Preparing files to reimport...
[  76% ] reimport | Preparing files to reimport...
[  76% ] reimport | Preparing files to reimport...
[  76% ] reimport | Preparing files to reimport...
[  77% ] reimport | Preparing files to reimport...
[  77% ] reimport | Preparing files to reimport...
[  77% ] reimport | Preparing files to reimport...
[  77% ] reimport | Preparing files to reimport...
[  77% ] reimport | Preparing files to reimport...
[  77% ] reimport | Preparing files to reimport...
[  77% ] reimport | Preparing files to reimport...
[  77% ] reimport | Preparing files to reimport...
[  77% ] reimport | Preparing files to reimport...
[  77% ] reimport | Preparing files to reimport...
[  77% ] reimport | Preparing files to reimport...
[  77% ] reimport | Preparing files to reimport...
[  77% ] reimport | Preparing files to reimport...
[  77% ] reimport | Preparing files to reimport...
[  77% ] reimport | Preparing files to reimport...
[  77% ] reimport | Preparing files to reimport...
[  77% ] reimport | Preparing files to reimport...
[  77% ] reimport | Preparing files to reimport...
[  77% ] reimport | Preparing files to reimport...
[  77% ] reimport | Preparing files to reimport...
[  77% ] reimport | Preparing files to reimport...
[  77% ] reimport | Preparing files to reimport...
[  77% ] reimport | Preparing files to reimport...
[  77% ] reimport | Preparing files to reimport...
[  77% ] reimport | Preparing files to reimport...
[  77% ] reimport | Preparing files to reimport...
[  77% ] reimport | Preparing files to reimport...
[  77% ] reimport | Preparing files to reimport...
[  77% ] reimport | Preparing files to reimport...
[  77% ] reimport | Preparing files to reimport...
[  77% ] reimport | Preparing files to reimport...
[  77% ] reimport | Preparing files to reimport...
[  77% ] reimport | Preparing files to reimport...
[  77% ] reimport | Preparing files to reimport...
[  77% ] reimport | Preparing files to reimport...
[  78% ] reimport | Preparing files to reimport...
[  78% ] reimport | Preparing files to reimport...
[  78% ] reimport | Preparing files to reimport...
[  78% ] reimport | Preparing files to reimport...
[  78% ] reimport | Preparing files to reimport...
[  78% ] reimport | Preparing files to reimport...
[  78% ] reimport | Preparing files to reimport...
[  78% ] reimport | Preparing files to reimport...
[  78% ] reimport | Preparing files to reimport...
[  78% ] reimport | Preparing files to reimport...
[  78% ] reimport | Preparing files to reimport...
[  78% ] reimport | Preparing files to reimport...
[  78% ] reimport | Preparing files to reimport...
[  78% ] reimport | Preparing files to reimport...
[  78% ] reimport | Preparing files to reimport...
[  78% ] reimport | Preparing files to reimport...
[  78% ] reimport | Preparing files to reimport...
[  78% ] reimport | Preparing files to reimport...
[  78% ] reimport | Preparing files to reimport...
[  78% ] reimport | Preparing files to reimport...
[  78% ] reimport | Preparing files to reimport...
[  78% ] reimport | Preparing files to reimport...
[  78% ] reimport | Preparing files to reimport...
[  78% ] reimport | Preparing files to reimport...
[  78% ] reimport | Preparing files to reimport...
[  78% ] reimport | Preparing files to reimport...
[  78% ] reimport | Preparing files to reimport...
[  78% ] reimport | Preparing files to reimport...
[  78% ] reimport | Preparing files to reimport...
[  78% ] reimport | Preparing files to reimport...
[  78% ] reimport | Preparing files to reimport...
[  78% ] reimport | Preparing files to reimport...
[  78% ] reimport | Preparing files to reimport...
[  78% ] reimport | Preparing files to reimport...
[  78% ] reimport | Preparing files to reimport...
[  79% ] reimport | Preparing files to reimport...
[  79% ] reimport | Preparing files to reimport...
[  79% ] reimport | Preparing files to reimport...
[  79% ] reimport | Preparing files to reimport...
[  79% ] reimport | Preparing files to reimport...
[  79% ] reimport | Preparing files to reimport...
[  79% ] reimport | Preparing files to reimport...
[  79% ] reimport | Preparing files to reimport...
[  79% ] reimport | Preparing files to reimport...
[  79% ] reimport | Preparing files to reimport...
[  79% ] reimport | Preparing files to reimport...
[  79% ] reimport | Preparing files to reimport...
[  79% ] reimport | Preparing files to reimport...
[  79% ] reimport | Preparing files to reimport...
[  79% ] reimport | Preparing files to reimport...
[  79% ] reimport | Preparing files to reimport...
[  79% ] reimport | Preparing files to reimport...
[  79% ] reimport | Preparing files to reimport...
[  79% ] reimport | Preparing files to reimport...
[  79% ] reimport | Preparing files to reimport...
[  79% ] reimport | Preparing files to reimport...
[  79% ] reimport | Preparing files to reimport...
[  79% ] reimport | Preparing files to reimport...
[  79% ] reimport | Preparing files to reimport...
[  79% ] reimport | Preparing files to reimport...
[  79% ] reimport | Preparing files to reimport...
[  79% ] reimport | Preparing files to reimport...
[  79% ] reimport | Preparing files to reimport...
[  79% ] reimport | Preparing files to reimport...
[  79% ] reimport | Preparing files to reimport...
[  79% ] reimport | Preparing files to reimport...
[  79% ] reimport | Preparing files to reimport...
[  79% ] reimport | Preparing files to reimport...
[  79% ] reimport | Preparing files to reimport...
[  79% ] reimport | Preparing files to reimport...
[  80% ] reimport | Preparing files to reimport...
[  80% ] reimport | Preparing files to reimport...
[  80% ] reimport | Preparing files to reimport...
[  80% ] reimport | Preparing files to reimport...
[  80% ] reimport | Preparing files to reimport...
[  80% ] reimport | Preparing files to reimport...
[  80% ] reimport | Preparing files to reimport...
[  80% ] reimport | Preparing files to reimport...
[  80% ] reimport | Preparing files to reimport...
[  80% ] reimport | Preparing files to reimport...
[  80% ] reimport | Preparing files to reimport...
[  80% ] reimport | Preparing files to reimport...
[  80% ] reimport | Preparing files to reimport...
[  80% ] reimport | Preparing files to reimport...
[  80% ] reimport | Preparing files to reimport...
[  80% ] reimport | Preparing files to reimport...
[  80% ] reimport | Preparing files to reimport...
[  80% ] reimport | Preparing files to reimport...
[  80% ] reimport | Preparing files to reimport...
[  80% ] reimport | Preparing files to reimport...
[  80% ] reimport | Preparing files to reimport...
[  80% ] reimport | Preparing files to reimport...
[  80% ] reimport | Preparing files to reimport...
[  80% ] reimport | Preparing files to reimport...
[  80% ] reimport | Preparing files to reimport...
[  80% ] reimport | Preparing files to reimport...
[  80% ] reimport | Preparing files to reimport...
[  80% ] reimport | Preparing files to reimport...
[  80% ] reimport | Preparing files to reimport...
[  80% ] reimport | Preparing files to reimport...
[  80% ] reimport | Preparing files to reimport...
[  80% ] reimport | Preparing files to reimport...
[  80% ] reimport | Preparing files to reimport...
[  80% ] reimport | Preparing files to reimport...
[  80% ] reimport | Preparing files to reimport...
[  81% ] reimport | Preparing files to reimport...
[  81% ] reimport | Preparing files to reimport...
[  81% ] reimport | Preparing files to reimport...
[  81% ] reimport | Preparing files to reimport...
[  81% ] reimport | Preparing files to reimport...
[  81% ] reimport | Preparing files to reimport...
[  81% ] reimport | Preparing files to reimport...
[  81% ] reimport | Preparing files to reimport...
[  81% ] reimport | Preparing files to reimport...
[  81% ] reimport | Preparing files to reimport...
[  81% ] reimport | Preparing files to reimport...
[  81% ] reimport | Preparing files to reimport...
[  81% ] reimport | Preparing files to reimport...
[  81% ] reimport | Preparing files to reimport...
[  81% ] reimport | Preparing files to reimport...
[  81% ] reimport | Preparing files to reimport...
[  81% ] reimport | Preparing files to reimport...
[  81% ] reimport | Preparing files to reimport...
[  81% ] reimport | Preparing files to reimport...
[  81% ] reimport | Preparing files to reimport...
[  81% ] reimport | Preparing files to reimport...
[  81% ] reimport | Preparing files to reimport...
[  81% ] reimport | Preparing files to reimport...
[  81% ] reimport | Preparing files to reimport...
[  81% ] reimport | Preparing files to reimport...
[  81% ] reimport | Preparing files to reimport...
[  81% ] reimport | Preparing files to reimport...
[  81% ] reimport | Preparing files to reimport...
[  81% ] reimport | Preparing files to reimport...
[  81% ] reimport | Preparing files to reimport...
[  81% ] reimport | Preparing files to reimport...
[  81% ] reimport | Preparing files to reimport...
[  81% ] reimport | Preparing files to reimport...
[  81% ] reimport | Preparing files to reimport...
[  81% ] reimport | Preparing files to reimport...
[  82% ] reimport | Preparing files to reimport...
[  82% ] reimport | Preparing files to reimport...
[  82% ] reimport | Preparing files to reimport...
[  82% ] reimport | Preparing files to reimport...
[  82% ] reimport | Preparing files to reimport...
[  82% ] reimport | Preparing files to reimport...
[  82% ] reimport | Preparing files to reimport...
[  82% ] reimport | Preparing files to reimport...
[  82% ] reimport | Preparing files to reimport...
[  82% ] reimport | Preparing files to reimport...
[  82% ] reimport | Preparing files to reimport...
[  82% ] reimport | Preparing files to reimport...
[  82% ] reimport | Preparing files to reimport...
[  82% ] reimport | Preparing files to reimport...
[  82% ] reimport | Preparing files to reimport...
[  82% ] reimport | Preparing files to reimport...
[  82% ] reimport | Preparing files to reimport...
[  82% ] reimport | Preparing files to reimport...
[  82% ] reimport | Preparing files to reimport...
[  82% ] reimport | Preparing files to reimport...
[  82% ] reimport | Preparing files to reimport...
[  82% ] reimport | Preparing files to reimport...
[  82% ] reimport | Preparing files to reimport...
[  82% ] reimport | Preparing files to reimport...
[  82% ] reimport | Preparing files to reimport...
[  82% ] reimport | Preparing files to reimport...
[  82% ] reimport | Preparing files to reimport...
[  82% ] reimport | Preparing files to reimport...
[  82% ] reimport | Preparing files to reimport...
[  82% ] reimport | Preparing files to reimport...
[  82% ] reimport | Preparing files to reimport...
[  82% ] reimport | Preparing files to reimport...
[  82% ] reimport | Preparing files to reimport...
[  82% ] reimport | Preparing files to reimport...
[  82% ] reimport | Preparing files to reimport...
[  83% ] reimport | Preparing files to reimport...
[  83% ] reimport | Preparing files to reimport...
[  83% ] reimport | Preparing files to reimport...
[  83% ] reimport | Preparing files to reimport...
[  83% ] reimport | Preparing files to reimport...
[  83% ] reimport | Preparing files to reimport...
[  83% ] reimport | Preparing files to reimport...
[  83% ] reimport | Preparing files to reimport...
[  83% ] reimport | Preparing files to reimport...
[  83% ] reimport | Preparing files to reimport...
[  83% ] reimport | Preparing files to reimport...
[  83% ] reimport | Preparing files to reimport...
[  83% ] reimport | Preparing files to reimport...
[  83% ] reimport | Preparing files to reimport...
[  83% ] reimport | Preparing files to reimport...
[  83% ] reimport | Preparing files to reimport...
[  83% ] reimport | Preparing files to reimport...
[  83% ] reimport | Preparing files to reimport...
[  83% ] reimport | Preparing files to reimport...
[  83% ] reimport | Preparing files to reimport...
[  83% ] reimport | Preparing files to reimport...
[  83% ] reimport | Preparing files to reimport...
[  83% ] reimport | Preparing files to reimport...
[  83% ] reimport | Preparing files to reimport...
[  83% ] reimport | Preparing files to reimport...
[  83% ] reimport | Preparing files to reimport...
[  83% ] reimport | Preparing files to reimport...
[  83% ] reimport | Preparing files to reimport...
[  83% ] reimport | Preparing files to reimport...
[  83% ] reimport | Preparing files to reimport...
[  83% ] reimport | Preparing files to reimport...
[  83% ] reimport | Preparing files to reimport...
[  83% ] reimport | Preparing files to reimport...
[  83% ] reimport | Preparing files to reimport...
[  83% ] reimport | Preparing files to reimport...
[  84% ] reimport | Preparing files to reimport...
[  84% ] reimport | Preparing files to reimport...
[  84% ] reimport | Preparing files to reimport...
[  84% ] reimport | Preparing files to reimport...
[  84% ] reimport | Preparing files to reimport...
[  84% ] reimport | Preparing files to reimport...
[  84% ] reimport | Preparing files to reimport...
[  84% ] reimport | Preparing files to reimport...
[  84% ] reimport | Preparing files to reimport...
[  84% ] reimport | Preparing files to reimport...
[  84% ] reimport | Preparing files to reimport...
[  84% ] reimport | Preparing files to reimport...
[  84% ] reimport | Preparing files to reimport...
[  84% ] reimport | Preparing files to reimport...
[  84% ] reimport | Preparing files to reimport...
[  84% ] reimport | Preparing files to reimport...
[  84% ] reimport | Preparing files to reimport...
[  84% ] reimport | Preparing files to reimport...
[  84% ] reimport | Preparing files to reimport...
[  84% ] reimport | Preparing files to reimport...
[  84% ] reimport | Preparing files to reimport...
[  84% ] reimport | Preparing files to reimport...
[  84% ] reimport | Preparing files to reimport...
[  84% ] reimport | Preparing files to reimport...
[  84% ] reimport | Preparing files to reimport...
[  84% ] reimport | Preparing files to reimport...
[  84% ] reimport | Preparing files to reimport...
[  84% ] reimport | Preparing files to reimport...
[  84% ] reimport | Preparing files to reimport...
[  84% ] reimport | Preparing files to reimport...
[  84% ] reimport | Preparing files to reimport...
[  84% ] reimport | Preparing files to reimport...
[  84% ] reimport | Preparing files to reimport...
[  84% ] reimport | Preparing files to reimport...
[  84% ] reimport | Preparing files to reimport...
[  85% ] reimport | Preparing files to reimport...
[  85% ] reimport | Preparing files to reimport...
[  85% ] reimport | Preparing files to reimport...
[  85% ] reimport | Preparing files to reimport...
[  85% ] reimport | Preparing files to reimport...
[  85% ] reimport | Preparing files to reimport...
[  85% ] reimport | Preparing files to reimport...
[  85% ] reimport | Preparing files to reimport...
[  85% ] reimport | Preparing files to reimport...
[  85% ] reimport | Preparing files to reimport...
[  85% ] reimport | Preparing files to reimport...
[  85% ] reimport | Preparing files to reimport...
[  85% ] reimport | Preparing files to reimport...
[  85% ] reimport | Preparing files to reimport...
[  85% ] reimport | Preparing files to reimport...
[  85% ] reimport | Preparing files to reimport...
[  85% ] reimport | Preparing files to reimport...
[  85% ] reimport | Preparing files to reimport...
[  85% ] reimport | Preparing files to reimport...
[  85% ] reimport | Preparing files to reimport...
[  85% ] reimport | Preparing files to reimport...
[  85% ] reimport | Preparing files to reimport...
[  85% ] reimport | Preparing files to reimport...
[  85% ] reimport | Preparing files to reimport...
[  85% ] reimport | Preparing files to reimport...
[  85% ] reimport | Preparing files to reimport...
[  85% ] reimport | Preparing files to reimport...
[  85% ] reimport | Preparing files to reimport...
[  85% ] reimport | Preparing files to reimport...
[  85% ] reimport | Preparing files to reimport...
[  85% ] reimport | Preparing files to reimport...
[  85% ] reimport | Preparing files to reimport...
[  85% ] reimport | Preparing files to reimport...
[  85% ] reimport | Preparing files to reimport...
[  85% ] reimport | Preparing files to reimport...
[  85% ] reimport | Preparing files to reimport...
[  86% ] reimport | Preparing files to reimport...
[  86% ] reimport | Preparing files to reimport...
[  86% ] reimport | Preparing files to reimport...
[  86% ] reimport | Preparing files to reimport...
[  86% ] reimport | Preparing files to reimport...
[  86% ] reimport | Preparing files to reimport...
[  86% ] reimport | Preparing files to reimport...
[  86% ] reimport | Preparing files to reimport...
[  86% ] reimport | Preparing files to reimport...
[  86% ] reimport | Preparing files to reimport...
[  86% ] reimport | Preparing files to reimport...
[  86% ] reimport | Preparing files to reimport...
[  86% ] reimport | Preparing files to reimport...
[  86% ] reimport | Preparing files to reimport...
[  86% ] reimport | Preparing files to reimport...
[  86% ] reimport | Preparing files to reimport...
[  86% ] reimport | Preparing files to reimport...
[  86% ] reimport | Preparing files to reimport...
[  86% ] reimport | Preparing files to reimport...
[  86% ] reimport | Preparing files to reimport...
[  86% ] reimport | Preparing files to reimport...
[  86% ] reimport | Preparing files to reimport...
[  86% ] reimport | Preparing files to reimport...
[  86% ] reimport | Preparing files to reimport...
[  86% ] reimport | Preparing files to reimport...
[  86% ] reimport | Preparing files to reimport...
[  86% ] reimport | Preparing files to reimport...
[  86% ] reimport | Preparing files to reimport...
[  86% ] reimport | Preparing files to reimport...
[  86% ] reimport | Preparing files to reimport...
[  86% ] reimport | Preparing files to reimport...
[  86% ] reimport | Preparing files to reimport...
[  86% ] reimport | Preparing files to reimport...
[  86% ] reimport | Preparing files to reimport...
[  86% ] reimport | Preparing files to reimport...
[  87% ] reimport | Preparing files to reimport...
[  87% ] reimport | Preparing files to reimport...
[  87% ] reimport | Preparing files to reimport...
[  87% ] reimport | Preparing files to reimport...
[  87% ] reimport | Preparing files to reimport...
[  87% ] reimport | Preparing files to reimport...
[  87% ] reimport | Preparing files to reimport...
[  87% ] reimport | Preparing files to reimport...
[  87% ] reimport | Preparing files to reimport...
[  87% ] reimport | Preparing files to reimport...
[  87% ] reimport | Preparing files to reimport...
[  87% ] reimport | Preparing files to reimport...
[  87% ] reimport | Preparing files to reimport...
[  87% ] reimport | Preparing files to reimport...
[  87% ] reimport | Preparing files to reimport...
[  87% ] reimport | Preparing files to reimport...
[  87% ] reimport | Preparing files to reimport...
[  87% ] reimport | Preparing files to reimport...
[  87% ] reimport | Preparing files to reimport...
[  87% ] reimport | Preparing files to reimport...
[  87% ] reimport | Preparing files to reimport...
[  87% ] reimport | Preparing files to reimport...
[  87% ] reimport | Preparing files to reimport...
[  87% ] reimport | Preparing files to reimport...
[  87% ] reimport | Preparing files to reimport...
[  87% ] reimport | Preparing files to reimport...
[  87% ] reimport | Preparing files to reimport...
[  87% ] reimport | Preparing files to reimport...
[  87% ] reimport | Preparing files to reimport...
[  87% ] reimport | Preparing files to reimport...
[  87% ] reimport | Preparing files to reimport...
[  87% ] reimport | Preparing files to reimport...
[  87% ] reimport | Preparing files to reimport...
[  87% ] reimport | Preparing files to reimport...
[  87% ] reimport | Preparing files to reimport...
[  88% ] reimport | Preparing files to reimport...
[  88% ] reimport | Preparing files to reimport...
[  88% ] reimport | Preparing files to reimport...
[  88% ] reimport | Preparing files to reimport...
[  88% ] reimport | Preparing files to reimport...
[  88% ] reimport | Preparing files to reimport...
[  88% ] reimport | Preparing files to reimport...
[  88% ] reimport | Preparing files to reimport...
[  88% ] reimport | Preparing files to reimport...
[  88% ] reimport | Preparing files to reimport...
[  88% ] reimport | Preparing files to reimport...
[  88% ] reimport | Preparing files to reimport...
[  88% ] reimport | Preparing files to reimport...
[  88% ] reimport | Preparing files to reimport...
[  88% ] reimport | Preparing files to reimport...
[  88% ] reimport | Preparing files to reimport...
[  88% ] reimport | Preparing files to reimport...
[  88% ] reimport | Preparing files to reimport...
[  88% ] reimport | Preparing files to reimport...
[  88% ] reimport | Preparing files to reimport...
[  88% ] reimport | Preparing files to reimport...
[  88% ] reimport | Preparing files to reimport...
[  88% ] reimport | Preparing files to reimport...
[  88% ] reimport | Preparing files to reimport...
[  88% ] reimport | Preparing files to reimport...
[  88% ] reimport | Preparing files to reimport...
[  88% ] reimport | Preparing files to reimport...
[  88% ] reimport | Preparing files to reimport...
[  88% ] reimport | Preparing files to reimport...
[  88% ] reimport | Preparing files to reimport...
[  88% ] reimport | Preparing files to reimport...
[  88% ] reimport | Preparing files to reimport...
[  88% ] reimport | Preparing files to reimport...
[  88% ] reimport | Preparing files to reimport...
[  88% ] reimport | Preparing files to reimport...
[  89% ] reimport | Preparing files to reimport...
[  89% ] reimport | Preparing files to reimport...
[  89% ] reimport | Preparing files to reimport...
[  89% ] reimport | Preparing files to reimport...
[  89% ] reimport | Preparing files to reimport...
[  89% ] reimport | Preparing files to reimport...
[  89% ] reimport | Preparing files to reimport...
[  89% ] reimport | Preparing files to reimport...
[  89% ] reimport | Preparing files to reimport...
[  89% ] reimport | Preparing files to reimport...
[  89% ] reimport | Preparing files to reimport...
[  89% ] reimport | Preparing files to reimport...
[  89% ] reimport | Preparing files to reimport...
[  89% ] reimport | Preparing files to reimport...
[  89% ] reimport | Preparing files to reimport...
[  89% ] reimport | Preparing files to reimport...
[  89% ] reimport | Preparing files to reimport...
[  89% ] reimport | Preparing files to reimport...
[  89% ] reimport | Preparing files to reimport...
[  89% ] reimport | Preparing files to reimport...
[  89% ] reimport | Preparing files to reimport...
[  89% ] reimport | Preparing files to reimport...
[  89% ] reimport | Preparing files to reimport...
[  89% ] reimport | Preparing files to reimport...
[  89% ] reimport | Preparing files to reimport...
[  89% ] reimport | Preparing files to reimport...
[  89% ] reimport | Preparing files to reimport...
[  89% ] reimport | Preparing files to reimport...
[  89% ] reimport | Preparing files to reimport...
[  89% ] reimport | Preparing files to reimport...
[  89% ] reimport | Preparing files to reimport...
[  89% ] reimport | Preparing files to reimport...
[  89% ] reimport | Preparing files to reimport...
[  89% ] reimport | Preparing files to reimport...
[  89% ] reimport | Preparing files to reimport...
[  90% ] reimport | Preparing files to reimport...
[  90% ] reimport | Preparing files to reimport...
[  90% ] reimport | Preparing files to reimport...
[  90% ] reimport | Preparing files to reimport...
[  90% ] reimport | Preparing files to reimport...
[  90% ] reimport | Preparing files to reimport...
[  90% ] reimport | Preparing files to reimport...
[  90% ] reimport | Preparing files to reimport...
[  90% ] reimport | Preparing files to reimport...
[  90% ] reimport | Preparing files to reimport...
[  90% ] reimport | Preparing files to reimport...
[  90% ] reimport | Preparing files to reimport...
[  90% ] reimport | Preparing files to reimport...
[  90% ] reimport | Preparing files to reimport...
[  90% ] reimport | Preparing files to reimport...
[  90% ] reimport | Preparing files to reimport...
[  90% ] reimport | Preparing files to reimport...
[  90% ] reimport | Preparing files to reimport...
[  90% ] reimport | Preparing files to reimport...
[  90% ] reimport | Preparing files to reimport...
[  90% ] reimport | Preparing files to reimport...
[  90% ] reimport | Preparing files to reimport...
[  90% ] reimport | Preparing files to reimport...
[  90% ] reimport | Preparing files to reimport...
[  90% ] reimport | Preparing files to reimport...
[  90% ] reimport | Preparing files to reimport...
[  90% ] reimport | Preparing files to reimport...
[  90% ] reimport | Preparing files to reimport...
[  90% ] reimport | Preparing files to reimport...
[  90% ] reimport | Preparing files to reimport...
[  90% ] reimport | Preparing files to reimport...
[  90% ] reimport | Preparing files to reimport...
[  90% ] reimport | Preparing files to reimport...
[  90% ] reimport | Preparing files to reimport...
[  90% ] reimport | Preparing files to reimport...
[  91% ] reimport | Preparing files to reimport...
[  91% ] reimport | Preparing files to reimport...
[  91% ] reimport | Preparing files to reimport...
[  91% ] reimport | Preparing files to reimport...
[  91% ] reimport | Preparing files to reimport...
[  91% ] reimport | Preparing files to reimport...
[  91% ] reimport | Preparing files to reimport...
[  91% ] reimport | Preparing files to reimport...
[  91% ] reimport | Preparing files to reimport...
[  91% ] reimport | Preparing files to reimport...
[  91% ] reimport | Preparing files to reimport...
[  91% ] reimport | Preparing files to reimport...
[  91% ] reimport | Preparing files to reimport...
[  91% ] reimport | Preparing files to reimport...
[  91% ] reimport | Preparing files to reimport...
[  91% ] reimport | Preparing files to reimport...
[  91% ] reimport | Preparing files to reimport...
[  91% ] reimport | Preparing files to reimport...
[  91% ] reimport | Preparing files to reimport...
[  91% ] reimport | Preparing files to reimport...
[  91% ] reimport | Preparing files to reimport...
[  91% ] reimport | Preparing files to reimport...
[  91% ] reimport | Preparing files to reimport...
[  91% ] reimport | Preparing files to reimport...
[  91% ] reimport | Preparing files to reimport...
[  91% ] reimport | Preparing files to reimport...
[  91% ] reimport | Preparing files to reimport...
[  91% ] reimport | Preparing files to reimport...
[  91% ] reimport | Preparing files to reimport...
[  91% ] reimport | Preparing files to reimport...
[  91% ] reimport | Preparing files to reimport...
[  91% ] reimport | Preparing files to reimport...
[  91% ] reimport | Preparing files to reimport...
[  91% ] reimport | Preparing files to reimport...
[  91% ] reimport | Preparing files to reimport...
[  92% ] reimport | Preparing files to reimport...
[  92% ] reimport | Preparing files to reimport...
[  92% ] reimport | Preparing files to reimport...
[  92% ] reimport | Preparing files to reimport...
[  92% ] reimport | Preparing files to reimport...
[  92% ] reimport | Preparing files to reimport...
[  92% ] reimport | Preparing files to reimport...
[  92% ] reimport | Preparing files to reimport...
[  92% ] reimport | Preparing files to reimport...
[  92% ] reimport | Preparing files to reimport...
[  92% ] reimport | Preparing files to reimport...
[  92% ] reimport | Preparing files to reimport...
[  92% ] reimport | Preparing files to reimport...
[  92% ] reimport | Preparing files to reimport...
[  92% ] reimport | Preparing files to reimport...
[  92% ] reimport | Preparing files to reimport...
[  92% ] reimport | Preparing files to reimport...
[  92% ] reimport | Preparing files to reimport...
[  92% ] reimport | Preparing files to reimport...
[  92% ] reimport | Preparing files to reimport...
[  92% ] reimport | Preparing files to reimport...
[  92% ] reimport | Preparing files to reimport...
[  92% ] reimport | Preparing files to reimport...
[  92% ] reimport | Preparing files to reimport...
[  92% ] reimport | Preparing files to reimport...
[  92% ] reimport | Preparing files to reimport...
[  92% ] reimport | Preparing files to reimport...
[  92% ] reimport | Preparing files to reimport...
[  92% ] reimport | Preparing files to reimport...
[  92% ] reimport | Preparing files to reimport...
[  92% ] reimport | Preparing files to reimport...
[  92% ] reimport | Preparing files to reimport...
[  92% ] reimport | Preparing files to reimport...
[  92% ] reimport | Preparing files to reimport...
[  92% ] reimport | Preparing files to reimport...
[  93% ] reimport | Preparing files to reimport...
[  93% ] reimport | Preparing files to reimport...
[  93% ] reimport | Preparing files to reimport...
[  93% ] reimport | Preparing files to reimport...
[  93% ] reimport | Preparing files to reimport...
[  93% ] reimport | Preparing files to reimport...
[  93% ] reimport | Preparing files to reimport...
[  93% ] reimport | Preparing files to reimport...
[  93% ] reimport | Preparing files to reimport...
[  93% ] reimport | Preparing files to reimport...
[  93% ] reimport | Preparing files to reimport...
[  93% ] reimport | Preparing files to reimport...
[  93% ] reimport | Preparing files to reimport...
[  93% ] reimport | Preparing files to reimport...
[  93% ] reimport | Preparing files to reimport...
[  93% ] reimport | Preparing files to reimport...
[  93% ] reimport | Preparing files to reimport...
[  93% ] reimport | Preparing files to reimport...
[  93% ] reimport | Preparing files to reimport...
[  93% ] reimport | Preparing files to reimport...
[  93% ] reimport | Preparing files to reimport...
[  93% ] reimport | Preparing files to reimport...
[  93% ] reimport | Preparing files to reimport...
[  93% ] reimport | Preparing files to reimport...
[  93% ] reimport | Preparing files to reimport...
[  93% ] reimport | Preparing files to reimport...
[  93% ] reimport | Preparing files to reimport...
[  93% ] reimport | Preparing files to reimport...
[  93% ] reimport | Preparing files to reimport...
[  93% ] reimport | Preparing files to reimport...
[  93% ] reimport | Preparing files to reimport...
[  93% ] reimport | Preparing files to reimport...
[  93% ] reimport | Preparing files to reimport...
[  93% ] reimport | Preparing files to reimport...
[  93% ] reimport | Preparing files to reimport...
[  94% ] reimport | Preparing files to reimport...
[  94% ] reimport | Preparing files to reimport...
[  94% ] reimport | Preparing files to reimport...
[  94% ] reimport | Preparing files to reimport...
[  94% ] reimport | Preparing files to reimport...
[  94% ] reimport | Preparing files to reimport...
[  94% ] reimport | Preparing files to reimport...
[  94% ] reimport | Preparing files to reimport...
[  94% ] reimport | Preparing files to reimport...
[  94% ] reimport | Preparing files to reimport...
[  94% ] reimport | Preparing files to reimport...
[  94% ] reimport | Preparing files to reimport...
[  94% ] reimport | Preparing files to reimport...
[  94% ] reimport | Preparing files to reimport...
[  94% ] reimport | Preparing files to reimport...
[  94% ] reimport | Preparing files to reimport...
[  94% ] reimport | Preparing files to reimport...
[  94% ] reimport | Preparing files to reimport...
[  94% ] reimport | Preparing files to reimport...
[  94% ] reimport | Preparing files to reimport...
[  94% ] reimport | Preparing files to reimport...
[  94% ] reimport | Preparing files to reimport...
[  94% ] reimport | Preparing files to reimport...
[  94% ] reimport | Preparing files to reimport...
[  94% ] reimport | Preparing files to reimport...
[  94% ] reimport | Preparing files to reimport...
[  94% ] reimport | Preparing files to reimport...
[  94% ] reimport | Preparing files to reimport...
[  94% ] reimport | Preparing files to reimport...
[  94% ] reimport | Preparing files to reimport...
[  94% ] reimport | Preparing files to reimport...
[  94% ] reimport | Preparing files to reimport...
[  94% ] reimport | Preparing files to reimport...
[  94% ] reimport | Preparing files to reimport...
[  94% ] reimport | Preparing files to reimport...
[  95% ] reimport | Preparing files to reimport...
[  95% ] reimport | Preparing files to reimport...
[  95% ] reimport | Preparing files to reimport...
[  95% ] reimport | Preparing files to reimport...
[  95% ] reimport | Preparing files to reimport...
[  95% ] reimport | Preparing files to reimport...
[  95% ] reimport | Preparing files to reimport...
[  95% ] reimport | Preparing files to reimport...
[  95% ] reimport | Preparing files to reimport...
[  95% ] reimport | Preparing files to reimport...
[  95% ] reimport | Preparing files to reimport...
[  95% ] reimport | Preparing files to reimport...
[  95% ] reimport | Preparing files to reimport...
[  95% ] reimport | Preparing files to reimport...
[  95% ] reimport | Preparing files to reimport...
[  95% ] reimport | Preparing files to reimport...
[  95% ] reimport | Preparing files to reimport...
[  95% ] reimport | Preparing files to reimport...
[  95% ] reimport | Preparing files to reimport...
[  95% ] reimport | Preparing files to reimport...
[  95% ] reimport | Preparing files to reimport...
[  95% ] reimport | Preparing files to reimport...
[  95% ] reimport | Preparing files to reimport...
[  95% ] reimport | Preparing files to reimport...
[  95% ] reimport | Preparing files to reimport...
[  95% ] reimport | Preparing files to reimport...
[  95% ] reimport | Preparing files to reimport...
[  95% ] reimport | Preparing files to reimport...
[  95% ] reimport | Preparing files to reimport...
[  95% ] reimport | Preparing files to reimport...
[  95% ] reimport | Preparing files to reimport...
[  95% ] reimport | Preparing files to reimport...
[  95% ] reimport | Preparing files to reimport...
[  95% ] reimport | Preparing files to reimport...
[  95% ] reimport | Preparing files to reimport...
[  96% ] reimport | Preparing files to reimport...
[  96% ] reimport | Preparing files to reimport...
[  96% ] reimport | Preparing files to reimport...
[  96% ] reimport | Preparing files to reimport...
[  96% ] reimport | Preparing files to reimport...
[  96% ] reimport | Preparing files to reimport...
[  96% ] reimport | Preparing files to reimport...
[  96% ] reimport | Preparing files to reimport...
[  96% ] reimport | Preparing files to reimport...
[  96% ] reimport | Preparing files to reimport...
[  96% ] reimport | Preparing files to reimport...
[  96% ] reimport | Preparing files to reimport...
[  96% ] reimport | Preparing files to reimport...
[  96% ] reimport | Preparing files to reimport...
[  96% ] reimport | Preparing files to reimport...
[  96% ] reimport | Preparing files to reimport...
[  96% ] reimport | Preparing files to reimport...
[  96% ] reimport | Preparing files to reimport...
[  96% ] reimport | Preparing files to reimport...
[  96% ] reimport | Preparing files to reimport...
[  96% ] reimport | Preparing files to reimport...
[  96% ] reimport | Preparing files to reimport...
[  96% ] reimport | Preparing files to reimport...
[  96% ] reimport | Preparing files to reimport...
[  96% ] reimport | Preparing files to reimport...
[  96% ] reimport | Preparing files to reimport...
[  96% ] reimport | Preparing files to reimport...
[  96% ] reimport | Preparing files to reimport...
[  96% ] reimport | Preparing files to reimport...
[  96% ] reimport | Preparing files to reimport...
[  96% ] reimport | Preparing files to reimport...
[  96% ] reimport | Preparing files to reimport...
[  96% ] reimport | Preparing files to reimport...
[  96% ] reimport | Preparing files to reimport...
[  96% ] reimport | Preparing files to reimport...
[  97% ] reimport | Preparing files to reimport...
[  97% ] reimport | Preparing files to reimport...
[  97% ] reimport | Preparing files to reimport...
[  97% ] reimport | Preparing files to reimport...
[  97% ] reimport | Preparing files to reimport...
[  97% ] reimport | Preparing files to reimport...
[  97% ] reimport | Preparing files to reimport...
[  97% ] reimport | Preparing files to reimport...
[  97% ] reimport | Preparing files to reimport...
[  97% ] reimport | Preparing files to reimport...
[  97% ] reimport | Preparing files to reimport...
[  97% ] reimport | Preparing files to reimport...
[  97% ] reimport | Preparing files to reimport...
[  97% ] reimport | Preparing files to reimport...
[  97% ] reimport | Preparing files to reimport...
[  97% ] reimport | Preparing files to reimport...
[  97% ] reimport | Preparing files to reimport...
[  97% ] reimport | Preparing files to reimport...
[  97% ] reimport | Preparing files to reimport...
[  97% ] reimport | Preparing files to reimport...
[  97% ] reimport | Preparing files to reimport...
[  97% ] reimport | Preparing files to reimport...
[  97% ] reimport | Preparing files to reimport...
[  97% ] reimport | Preparing files to reimport...
[  97% ] reimport | Preparing files to reimport...
[  97% ] reimport | Preparing files to reimport...
[  97% ] reimport | Preparing files to reimport...
[  97% ] reimport | Preparing files to reimport...
[  97% ] reimport | Preparing files to reimport...
[  97% ] reimport | Preparing files to reimport...
[  97% ] reimport | Preparing files to reimport...
[  97% ] reimport | Preparing files to reimport...
[  97% ] reimport | Preparing files to reimport...
[  97% ] reimport | Preparing files to reimport...
[  97% ] reimport | Preparing files to reimport...
[  98% ] reimport | Preparing files to reimport...
[  98% ] reimport | Preparing files to reimport...
[  98% ] reimport | Preparing files to reimport...
[  98% ] reimport | Preparing files to reimport...
[  98% ] reimport | Preparing files to reimport...
[  98% ] reimport | Preparing files to reimport...
[  98% ] reimport | Preparing files to reimport...
[  98% ] reimport | Preparing files to reimport...
[  98% ] reimport | Preparing files to reimport...
[  98% ] reimport | Preparing files to reimport...
[  98% ] reimport | Preparing files to reimport...
[  98% ] reimport | Preparing files to reimport...
[  98% ] reimport | Preparing files to reimport...
[  98% ] reimport | Preparing files to reimport...
[  98% ] reimport | Preparing files to reimport...
[  98% ] reimport | Preparing files to reimport...
[  98% ] reimport | Preparing files to reimport...
[  98% ] reimport | Preparing files to reimport...
[  98% ] reimport | Preparing files to reimport...
[  98% ] reimport | Preparing files to reimport...
[  98% ] reimport | Preparing files to reimport...
[  98% ] reimport | Preparing files to reimport...
[  98% ] reimport | Preparing files to reimport...
[  98% ] reimport | Preparing files to reimport...
[  98% ] reimport | Preparing files to reimport...
[  98% ] reimport | Preparing files to reimport...
[  98% ] reimport | Preparing files to reimport...
[  98% ] reimport | Preparing files to reimport...
[  98% ] reimport | Preparing files to reimport...
[  98% ] reimport | Preparing files to reimport...
[  98% ] reimport | Preparing files to reimport...
[  98% ] reimport | Preparing files to reimport...
[  98% ] reimport | Preparing files to reimport...
[  98% ] reimport | Preparing files to reimport...
[  98% ] reimport | Preparing files to reimport...
[  99% ] reimport | Preparing files to reimport...
[  99% ] reimport | Preparing files to reimport...
[  99% ] reimport | Preparing files to reimport...
[  99% ] reimport | Preparing files to reimport...
[  99% ] reimport | Preparing files to reimport...
[  99% ] reimport | Preparing files to reimport...
[  99% ] reimport | Preparing files to reimport...
[  99% ] reimport | Preparing files to reimport...
[  99% ] reimport | Preparing files to reimport...
[  99% ] reimport | Preparing files to reimport...
[  99% ] reimport | Preparing files to reimport...
[  99% ] reimport | Preparing files to reimport...
[  99% ] reimport | Preparing files to reimport...
[  99% ] reimport | Preparing files to reimport...
[  99% ] reimport | Preparing files to reimport...
[  99% ] reimport | Preparing files to reimport...
[  99% ] reimport | Preparing files to reimport...
[  99% ] reimport | Preparing files to reimport...
[  99% ] reimport | Preparing files to reimport...
[  99% ] reimport | Preparing files to reimport...
[  99% ] reimport | Preparing files to reimport...
[  99% ] reimport | Preparing files to reimport...
[  99% ] reimport | Preparing files to reimport...
[  99% ] reimport | Preparing files to reimport...
[  99% ] reimport | Preparing files to reimport...
[  99% ] reimport | Preparing files to reimport...
[  99% ] reimport | Preparing files to reimport...
[  99% ] reimport | Preparing files to reimport...
[  99% ] reimport | Preparing files to reimport...
[  99% ] reimport | Preparing files to reimport...
[  99% ] reimport | Preparing files to reimport...
[  99% ] reimport | Preparing files to reimport...
[  99% ] reimport | Preparing files to reimport...
[  99% ] reimport | Preparing files to reimport...
[   0% ] reimport | Executing pre-reimport operations...
[   0% ] reimport | faction_bitian_uzi_SW.png
[   0% ] reimport | faction_bitian_vector_SE.png
[   0% ] reimport | faction_bitian_vector_SW.png
[   0% ] reimport | faction_blacktop_ak47_SE.png
[   0% ] reimport | faction_blacktop_ak47_SW.png
[   0% ] reimport | faction_blacktop_aug_SE.png
[   0% ] reimport | faction_blacktop_aug_SW.png
[   0% ] reimport | faction_blacktop_awm_SE.png
[   0% ] reimport | faction_blacktop_awm_SW.png
[   0% ] reimport | faction_blacktop_benelli_m2_SE.png
[   0% ] reimport | faction_blacktop_benelli_m2_SW.png
[   0% ] reimport | faction_blacktop_benelli_m4_SE.png
[   0% ] reimport | faction_blacktop_benelli_m4_SW.png
[   0% ] reimport | faction_blacktop_cz75_SE.png
[   0% ] reimport | faction_blacktop_cz75_SW.png
[   0% ] reimport | faction_blacktop_desert_eagle_SE.png
[   0% ] reimport | faction_blacktop_desert_eagle_SW.png
[   0% ] reimport | faction_blacktop_five_seven_SE.png
[   0% ] reimport | faction_blacktop_five_seven_SW.png
[   0% ] reimport | faction_blacktop_g36c_SE.png
[   0% ] reimport | faction_blacktop_g36c_SW.png
[   0% ] reimport | faction_blacktop_glock_17_SE.png
[   0% ] reimport | faction_blacktop_glock_17_SW.png
[   0% ] reimport | faction_blacktop_m4a1_SE.png
[   0% ] reimport | faction_blacktop_m4a1_SW.png
[   0% ] reimport | faction_blacktop_m1911_SE.png
[   0% ] reimport | faction_blacktop_m1911_SW.png
[   0% ] reimport | faction_bitian_mp5k_SE.png
[   0% ] reimport | faction_bitian_mp5k_SW.png
[   0% ] reimport | faction_bitian_mp5_SE.png
[   0% ] reimport | faction_bitian_mp5_SW.png
[   0% ] reimport | faction_bitian_p90_SE.png
[   0% ] reimport | faction_bitian_p90_SW.png
[   0% ] reimport | faction_bitian_psg1_SE.png
[   0% ] reimport | faction_bitian_psg1_SW.png
[   0% ] reimport | faction_bitian_rem700_SE.png
[   1% ] reimport | faction_bitian_rem700_SW.png
[   1% ] reimport | faction_bitian_rem870_SE.png
[   1% ] reimport | faction_bitian_rem870_SW.png
[   1% ] reimport | faction_bitian_saiga12_SE.png
[   1% ] reimport | faction_bitian_saiga12_SW.png
[   1% ] reimport | faction_bitian_scar_h_SE.png
[   1% ] reimport | faction_bitian_scar_h_SW.png
[   1% ] reimport | faction_bitian_sks_SE.png
[   1% ] reimport | faction_bitian_sks_SW.png
[   1% ] reimport | faction_bitian_spas12_SE.png
[   1% ] reimport | faction_bitian_spas12_SW.png
[   1% ] reimport | faction_bitian_ssg69_SE.png
[   1% ] reimport | faction_bitian_ssg69_SW.png
[   1% ] reimport | faction_bitian_svd_SE.png
[   1% ] reimport | faction_bitian_svd_SW.png
[   1% ] reimport | faction_bitian_usp_SE.png
[   1% ] reimport | faction_bitian_usp_SW.png
[   1% ] reimport | faction_bitian_uzi_SE.png
[   1% ] reimport | faction_blacktop_svd_SE.png
[   1% ] reimport | faction_blacktop_svd_SW.png
[   1% ] reimport | faction_blacktop_usp_SE.png
[   1% ] reimport | faction_blacktop_usp_SW.png
[   1% ] reimport | faction_blacktop_uzi_SE.png
[   1% ] reimport | faction_blacktop_uzi_SW.png
[   1% ] reimport | faction_blacktop_vector_SE.png
[   1% ] reimport | faction_blacktop_vector_SW.png
[   1% ] reimport | faction_calle_ocho_ak47_SE.png
[   1% ] reimport | faction_calle_ocho_ak47_SW.png
[   1% ] reimport | faction_calle_ocho_aug_SE.png
[   1% ] reimport | faction_calle_ocho_aug_SW.png
[   1% ] reimport | faction_calle_ocho_awm_SE.png
[   1% ] reimport | faction_calle_ocho_awm_SW.png
[   1% ] reimport | faction_calle_ocho_benelli_m2_SE.png
[   1% ] reimport | faction_calle_ocho_benelli_m2_SW.png
[   1% ] reimport | faction_calle_ocho_benelli_m4_SE.png
[   2% ] reimport | faction_calle_ocho_benelli_m4_SW.png
[   2% ] reimport | faction_calle_ocho_cz75_SE.png
[   2% ] reimport | faction_calle_ocho_cz75_SW.png
[   2% ] reimport | faction_calle_ocho_desert_eagle_SE.png
[   2% ] reimport | faction_calle_ocho_desert_eagle_SW.png
[   2% ] reimport | faction_calle_ocho_five_seven_SE.png
[   2% ] reimport | faction_calle_ocho_five_seven_SW.png
[   2% ] reimport | faction_calle_ocho_g36c_SE.png
[   2% ] reimport | faction_calle_ocho_g36c_SW.png
[   2% ] reimport | faction_calle_ocho_glock_17_SE.png
[   2% ] reimport | faction_blacktop_mac10_SE.png
[   2% ] reimport | faction_blacktop_mac10_SW.png
[   2% ] reimport | faction_blacktop_mini14_SE.png
[   2% ] reimport | faction_blacktop_mini14_SW.png
[   2% ] reimport | faction_blacktop_moss500_SE.png
[   2% ] reimport | faction_blacktop_moss500_SW.png
[   2% ] reimport | faction_blacktop_mp5k_SE.png
[   2% ] reimport | faction_blacktop_mp5k_SW.png
[   2% ] reimport | faction_blacktop_mp5_SE.png
[   2% ] reimport | faction_blacktop_mp5_SW.png
[   2% ] reimport | faction_blacktop_p90_SE.png
[   2% ] reimport | faction_blacktop_p90_SW.png
[   2% ] reimport | faction_blacktop_psg1_SE.png
[   2% ] reimport | faction_blacktop_psg1_SW.png
[   2% ] reimport | faction_blacktop_rem700_SE.png
[   2% ] reimport | faction_blacktop_rem700_SW.png
[   2% ] reimport | faction_blacktop_rem870_SE.png
[   2% ] reimport | faction_blacktop_rem870_SW.png
[   2% ] reimport | faction_blacktop_saiga12_SE.png
[   2% ] reimport | faction_blacktop_saiga12_SW.png
[   2% ] reimport | faction_blacktop_scar_h_SE.png
[   2% ] reimport | faction_blacktop_scar_h_SW.png
[   2% ] reimport | faction_blacktop_sks_SE.png
[   2% ] reimport | faction_blacktop_sks_SW.png
[   2% ] reimport | faction_blacktop_spas12_SE.png
[   3% ] reimport | faction_blacktop_spas12_SW.png
[   3% ] reimport | faction_blacktop_ssg69_SE.png
[   3% ] reimport | faction_blacktop_ssg69_SW.png
[   3% ] reimport | faction_ashford_crane_benelli_m4_SE.png
[   3% ] reimport | faction_ashford_crane_benelli_m4_SW.png
[   3% ] reimport | faction_ashford_crane_cz75_SE.png
[   3% ] reimport | faction_ashford_crane_cz75_SW.png
[   3% ] reimport | faction_ashford_crane_desert_eagle_SE.png
[   3% ] reimport | faction_ashford_crane_desert_eagle_SW.png
[   3% ] reimport | faction_ashford_crane_five_seven_SE.png
[   3% ] reimport | faction_ashford_crane_five_seven_SW.png
[   3% ] reimport | faction_ashford_crane_g36c_SE.png
[   3% ] reimport | faction_ashford_crane_g36c_SW.png
[   3% ] reimport | faction_ashford_crane_glock_17_SE.png
[   3% ] reimport | faction_ashford_crane_glock_17_SW.png
[   3% ] reimport | faction_ashford_crane_m4a1_SE.png
[   3% ] reimport | faction_ashford_crane_m4a1_SW.png
[   3% ] reimport | faction_ashford_crane_m1911_SE.png
[   3% ] reimport | faction_ashford_crane_m1911_SW.png
[   3% ] reimport | faction_ashford_crane_mac10_SE.png
[   3% ] reimport | faction_ashford_crane_mac10_SW.png
[   3% ] reimport | faction_ashford_crane_mini14_SE.png
[   3% ] reimport | faction_ashford_crane_mini14_SW.png
[   3% ] reimport | faction_ashford_crane_moss500_SE.png
[   3% ] reimport | faction_ashford_crane_moss500_SW.png
[   3% ] reimport | faction_ashford_crane_mp5k_SE.png
[   3% ] reimport | faction_ashford_crane_mp5k_SW.png
[   3% ] reimport | faction_ashford_crane_mp5_SE.png
[   3% ] reimport | faction_ashford_crane_mp5_SW.png
[   3% ] reimport | faction_ashford_crane_p90_SE.png
[   3% ] reimport | arsenal_1_mini14_SE.png
[   3% ] reimport | arsenal_1_mini14_SW.png
[   3% ] reimport | arsenal_1_moss500_SE.png
[   3% ] reimport | arsenal_1_moss500_SW.png
[   3% ] reimport | arsenal_1_mp5k_SE.png
[   4% ] reimport | arsenal_1_mp5k_SW.png
[   4% ] reimport | arsenal_1_mp5_SE.png
[   4% ] reimport | arsenal_1_mp5_SW.png
[   4% ] reimport | arsenal_1_p90_SE.png
[   4% ] reimport | arsenal_1_p90_SW.png
[   4% ] reimport | arsenal_1_saiga12_SE.png
[   4% ] reimport | arsenal_1_saiga12_SW.png
[   4% ] reimport | arsenal_1_scar_h_SE.png
[   4% ] reimport | arsenal_1_scar_h_SW.png
[   4% ] reimport | arsenal_1_spas12_SE.png
[   4% ] reimport | arsenal_1_spas12_SW.png
[   4% ] reimport | arsenal_1_usp_SE.png
[   4% ] reimport | arsenal_1_usp_SW.png
[   4% ] reimport | arsenal_1_vector_SE.png
[   4% ] reimport | arsenal_1_vector_SW.png
[   4% ] reimport | faction_ashford_crane_ak47_SE.png
[   4% ] reimport | faction_ashford_crane_ak47_SW.png
[   4% ] reimport | faction_ashford_crane_aug_SE.png
[   4% ] reimport | faction_ashford_crane_aug_SW.png
[   4% ] reimport | faction_ashford_crane_awm_SE.png
[   4% ] reimport | faction_ashford_crane_awm_SW.png
[   4% ] reimport | faction_ashford_crane_benelli_m2_SE.png
[   4% ] reimport | faction_ashford_crane_benelli_m2_SW.png
[   4% ] reimport | faction_bitian_aug_SW.png
[   4% ] reimport | faction_bitian_awm_SE.png
[   4% ] reimport | faction_bitian_awm_SW.png
[   4% ] reimport | faction_bitian_benelli_m2_SE.png
[   4% ] reimport | faction_bitian_benelli_m2_SW.png
[   4% ] reimport | faction_bitian_benelli_m4_SE.png
[   4% ] reimport | faction_bitian_benelli_m4_SW.png
[   4% ] reimport | faction_bitian_cz75_SE.png
[   4% ] reimport | faction_bitian_cz75_SW.png
[   4% ] reimport | faction_bitian_desert_eagle_SE.png
[   4% ] reimport | faction_bitian_desert_eagle_SW.png
[   4% ] reimport | faction_bitian_five_seven_SE.png
[   5% ] reimport | faction_bitian_five_seven_SW.png
[   5% ] reimport | faction_bitian_g36c_SE.png
[   5% ] reimport | faction_bitian_g36c_SW.png
[   5% ] reimport | faction_bitian_glock_17_SE.png
[   5% ] reimport | faction_bitian_glock_17_SW.png
[   5% ] reimport | faction_bitian_m4a1_SE.png
[   5% ] reimport | faction_bitian_m4a1_SW.png
[   5% ] reimport | faction_bitian_m1911_SE.png
[   5% ] reimport | faction_bitian_m1911_SW.png
[   5% ] reimport | faction_bitian_mac10_SE.png
[   5% ] reimport | faction_bitian_mac10_SW.png
[   5% ] reimport | faction_bitian_mini14_SE.png
[   5% ] reimport | faction_bitian_mini14_SW.png
[   5% ] reimport | faction_bitian_moss500_SE.png
[   5% ] reimport | faction_bitian_moss500_SW.png
[   5% ] reimport | faction_ashford_crane_p90_SW.png
[   5% ] reimport | faction_ashford_crane_psg1_SE.png
[   5% ] reimport | faction_ashford_crane_psg1_SW.png
[   5% ] reimport | faction_ashford_crane_rem700_SE.png
[   5% ] reimport | faction_ashford_crane_rem700_SW.png
[   5% ] reimport | faction_ashford_crane_rem870_SE.png
[   5% ] reimport | faction_ashford_crane_rem870_SW.png
[   5% ] reimport | faction_ashford_crane_saiga12_SE.png
[   5% ] reimport | faction_ashford_crane_saiga12_SW.png
[   5% ] reimport | faction_ashford_crane_scar_h_SE.png
[   5% ] reimport | faction_ashford_crane_scar_h_SW.png
[   5% ] reimport | faction_ashford_crane_sks_SE.png
[   5% ] reimport | faction_ashford_crane_sks_SW.png
[   5% ] reimport | faction_ashford_crane_spas12_SE.png
[   5% ] reimport | faction_ashford_crane_spas12_SW.png
[   5% ] reimport | faction_ashford_crane_ssg69_SE.png
[   5% ] reimport | faction_ashford_crane_ssg69_SW.png
[   5% ] reimport | faction_ashford_crane_svd_SE.png
[   5% ] reimport | faction_ashford_crane_svd_SW.png
[   5% ] reimport | faction_ashford_crane_usp_SE.png
[   6% ] reimport | faction_ashford_crane_usp_SW.png
[   6% ] reimport | faction_ashford_crane_uzi_SE.png
[   6% ] reimport | faction_ashford_crane_uzi_SW.png
[   6% ] reimport | faction_ashford_crane_vector_SE.png
[   6% ] reimport | faction_ashford_crane_vector_SW.png
[   6% ] reimport | faction_bitian_ak47_SE.png
[   6% ] reimport | faction_bitian_ak47_SW.png
[   6% ] reimport | faction_bitian_aug_SE.png
[   6% ] reimport | faction_kurgan_psg1_SE.png
[   6% ] reimport | faction_kurgan_psg1_SW.png
[   6% ] reimport | faction_kurgan_rem700_SE.png
[   6% ] reimport | faction_kurgan_rem700_SW.png
[   6% ] reimport | faction_kurgan_rem870_SE.png
[   6% ] reimport | faction_kurgan_rem870_SW.png
[   6% ] reimport | faction_kurgan_saiga12_SE.png
[   6% ] reimport | faction_kurgan_saiga12_SW.png
[   6% ] reimport | faction_kurgan_scar_h_SE.png
[   6% ] reimport | faction_kurgan_scar_h_SW.png
[   6% ] reimport | faction_kurgan_sks_SE.png
[   6% ] reimport | faction_kurgan_sks_SW.png
[   6% ] reimport | faction_kurgan_spas12_SE.png
[   6% ] reimport | faction_kurgan_spas12_SW.png
[   6% ] reimport | faction_kurgan_ssg69_SE.png
[   6% ] reimport | faction_kurgan_ssg69_SW.png
[   6% ] reimport | faction_kurgan_svd_SE.png
[   6% ] reimport | faction_kurgan_svd_SW.png
[   6% ] reimport | faction_kurgan_usp_SE.png
[   6% ] reimport | faction_kurgan_usp_SW.png
[   6% ] reimport | faction_kurgan_uzi_SE.png
[   6% ] reimport | faction_kurgan_uzi_SW.png
[   6% ] reimport | faction_kurgan_vector_SE.png
[   6% ] reimport | faction_kurgan_vector_SW.png
[   6% ] reimport | faction_lombardia_ak47_SE.png
[   6% ] reimport | faction_lombardia_ak47_SW.png
[   6% ] reimport | faction_lombardia_aug_SE.png
[   7% ] reimport | faction_kurgan_benelli_m4_SW.png
[   7% ] reimport | faction_kurgan_cz75_SE.png
[   7% ] reimport | faction_kurgan_cz75_SW.png
[   7% ] reimport | faction_kurgan_desert_eagle_SE.png
[   7% ] reimport | faction_kurgan_desert_eagle_SW.png
[   7% ] reimport | faction_kurgan_five_seven_SE.png
[   7% ] reimport | faction_kurgan_five_seven_SW.png
[   7% ] reimport | faction_kurgan_g36c_SE.png
[   7% ] reimport | faction_kurgan_g36c_SW.png
[   7% ] reimport | faction_kurgan_glock_17_SE.png
[   7% ] reimport | faction_kurgan_glock_17_SW.png
[   7% ] reimport | faction_kurgan_m4a1_SE.png
[   7% ] reimport | faction_kurgan_m4a1_SW.png
[   7% ] reimport | faction_kurgan_m1911_SE.png
[   7% ] reimport | faction_kurgan_m1911_SW.png
[   7% ] reimport | faction_kurgan_mac10_SE.png
[   7% ] reimport | faction_kurgan_mac10_SW.png
[   7% ] reimport | faction_kurgan_mini14_SE.png
[   7% ] reimport | faction_kurgan_mini14_SW.png
[   7% ] reimport | faction_kurgan_moss500_SE.png
[   7% ] reimport | faction_kurgan_moss500_SW.png
[   7% ] reimport | faction_kurgan_mp5k_SE.png
[   7% ] reimport | faction_kurgan_mp5k_SW.png
[   7% ] reimport | faction_kurgan_mp5_SE.png
[   7% ] reimport | faction_kurgan_mp5_SW.png
[   7% ] reimport | faction_kurgan_p90_SE.png
[   7% ] reimport | faction_kurgan_p90_SW.png
[   7% ] reimport | faction_lombardia_mp5k_SW.png
[   7% ] reimport | faction_lombardia_mp5_SE.png
[   7% ] reimport | faction_lombardia_mp5_SW.png
[   7% ] reimport | faction_lombardia_p90_SE.png
[   7% ] reimport | faction_lombardia_p90_SW.png
[   7% ] reimport | faction_lombardia_psg1_SE.png
[   7% ] reimport | faction_lombardia_psg1_SW.png
[   7% ] reimport | faction_lombardia_rem700_SE.png
[   8% ] reimport | faction_lombardia_rem700_SW.png
[   8% ] reimport | faction_lombardia_rem870_SE.png
[   8% ] reimport | faction_lombardia_rem870_SW.png
[   8% ] reimport | faction_lombardia_saiga12_SE.png
[   8% ] reimport | faction_lombardia_saiga12_SW.png
[   8% ] reimport | faction_lombardia_scar_h_SE.png
[   8% ] reimport | faction_lombardia_scar_h_SW.png
[   8% ] reimport | faction_lombardia_sks_SE.png
[   8% ] reimport | faction_lombardia_sks_SW.png
[   8% ] reimport | faction_lombardia_spas12_SE.png
[   8% ] reimport | faction_lombardia_spas12_SW.png
[   8% ] reimport | faction_lombardia_ssg69_SE.png
[   8% ] reimport | faction_lombardia_ssg69_SW.png
[   8% ] reimport | faction_lombardia_svd_SE.png
[   8% ] reimport | faction_lombardia_svd_SW.png
[   8% ] reimport | faction_lombardia_usp_SE.png
[   8% ] reimport | faction_lombardia_usp_SW.png
[   8% ] reimport | faction_lombardia_uzi_SE.png
[   8% ] reimport | faction_lombardia_uzi_SW.png
[   8% ] reimport | faction_lombardia_aug_SW.png
[   8% ] reimport | faction_lombardia_awm_SE.png
[   8% ] reimport | faction_lombardia_awm_SW.png
[   8% ] reimport | faction_lombardia_benelli_m2_SE.png
[   8% ] reimport | faction_lombardia_benelli_m2_SW.png
[   8% ] reimport | faction_lombardia_benelli_m4_SE.png
[   8% ] reimport | faction_lombardia_benelli_m4_SW.png
[   8% ] reimport | faction_lombardia_cz75_SE.png
[   8% ] reimport | faction_lombardia_cz75_SW.png
[   8% ] reimport | faction_lombardia_desert_eagle_SE.png
[   8% ] reimport | faction_lombardia_desert_eagle_SW.png
[   8% ] reimport | faction_lombardia_five_seven_SE.png
[   8% ] reimport | faction_lombardia_five_seven_SW.png
[   8% ] reimport | faction_lombardia_g36c_SE.png
[   8% ] reimport | faction_lombardia_g36c_SW.png
[   8% ] reimport | faction_lombardia_glock_17_SE.png
[   9% ] reimport | faction_lombardia_glock_17_SW.png
[   9% ] reimport | faction_lombardia_m4a1_SE.png
[   9% ] reimport | faction_lombardia_m4a1_SW.png
[   9% ] reimport | faction_lombardia_m1911_SE.png
[   9% ] reimport | faction_lombardia_m1911_SW.png
[   9% ] reimport | faction_lombardia_mac10_SE.png
[   9% ] reimport | faction_lombardia_mac10_SW.png
[   9% ] reimport | faction_lombardia_mini14_SE.png
[   9% ] reimport | faction_lombardia_mini14_SW.png
[   9% ] reimport | faction_lombardia_moss500_SE.png
[   9% ] reimport | faction_lombardia_moss500_SW.png
[   9% ] reimport | faction_lombardia_mp5k_SE.png
[   9% ] reimport | faction_calle_ocho_sks_SW.png
[   9% ] reimport | faction_calle_ocho_spas12_SE.png
[   9% ] reimport | faction_calle_ocho_spas12_SW.png
[   9% ] reimport | faction_calle_ocho_ssg69_SE.png
[   9% ] reimport | faction_calle_ocho_ssg69_SW.png
[   9% ] reimport | faction_calle_ocho_svd_SE.png
[   9% ] reimport | faction_calle_ocho_svd_SW.png
[   9% ] reimport | faction_calle_ocho_usp_SE.png
[   9% ] reimport | faction_calle_ocho_usp_SW.png
[   9% ] reimport | faction_calle_ocho_uzi_SE.png
[   9% ] reimport | faction_calle_ocho_uzi_SW.png
[   9% ] reimport | faction_calle_ocho_vector_SE.png
[   9% ] reimport | faction_calle_ocho_vector_SW.png
[   9% ] reimport | faction_eastex_ak47_SE.png
[   9% ] reimport | faction_eastex_ak47_SW.png
[   9% ] reimport | faction_eastex_aug_SE.png
[   9% ] reimport | faction_eastex_aug_SW.png
[   9% ] reimport | faction_eastex_awm_SE.png
[   9% ] reimport | faction_eastex_awm_SW.png
[   9% ] reimport | faction_eastex_benelli_m2_SE.png
[   9% ] reimport | faction_eastex_benelli_m2_SW.png
[   9% ] reimport | faction_eastex_benelli_m4_SE.png
[   9% ] reimport | faction_eastex_benelli_m4_SW.png
[  10% ] reimport | faction_eastex_cz75_SE.png
[  10% ] reimport | faction_eastex_cz75_SW.png
[  10% ] reimport | faction_eastex_desert_eagle_SE.png
[  10% ] reimport | faction_eastex_desert_eagle_SW.png
[  10% ] reimport | faction_calle_ocho_glock_17_SW.png
[  10% ] reimport | faction_calle_ocho_m4a1_SE.png
[  10% ] reimport | faction_calle_ocho_m4a1_SW.png
[  10% ] reimport | faction_calle_ocho_m1911_SE.png
[  10% ] reimport | faction_calle_ocho_m1911_SW.png
[  10% ] reimport | faction_calle_ocho_mac10_SE.png
[  10% ] reimport | faction_calle_ocho_mac10_SW.png
[  10% ] reimport | faction_calle_ocho_mini14_SE.png
[  10% ] reimport | faction_calle_ocho_mini14_SW.png
[  10% ] reimport | faction_calle_ocho_moss500_SE.png
[  10% ] reimport | faction_calle_ocho_moss500_SW.png
[  10% ] reimport | faction_calle_ocho_mp5k_SE.png
[  10% ] reimport | faction_calle_ocho_mp5k_SW.png
[  10% ] reimport | faction_calle_ocho_mp5_SE.png
[  10% ] reimport | faction_calle_ocho_mp5_SW.png
[  10% ] reimport | faction_calle_ocho_p90_SE.png
[  10% ] reimport | faction_calle_ocho_p90_SW.png
[  10% ] reimport | faction_calle_ocho_psg1_SE.png
[  10% ] reimport | faction_calle_ocho_psg1_SW.png
[  10% ] reimport | faction_calle_ocho_rem700_SE.png
[  10% ] reimport | faction_calle_ocho_rem700_SW.png
[  10% ] reimport | faction_calle_ocho_rem870_SE.png
[  10% ] reimport | faction_calle_ocho_rem870_SW.png
[  10% ] reimport | faction_calle_ocho_saiga12_SE.png
[  10% ] reimport | faction_calle_ocho_saiga12_SW.png
[  10% ] reimport | faction_calle_ocho_scar_h_SE.png
[  10% ] reimport | faction_calle_ocho_scar_h_SW.png
[  10% ] reimport | faction_calle_ocho_sks_SE.png
[  10% ] reimport | faction_eastex_saiga12_SE.png
[  10% ] reimport | faction_eastex_saiga12_SW.png
[  10% ] reimport | faction_eastex_scar_h_SE.png
[  11% ] reimport | faction_eastex_scar_h_SW.png
[  11% ] reimport | faction_eastex_sks_SE.png
[  11% ] reimport | faction_eastex_sks_SW.png
[  11% ] reimport | faction_eastex_spas12_SE.png
[  11% ] reimport | faction_eastex_spas12_SW.png
[  11% ] reimport | faction_eastex_ssg69_SE.png
[  11% ] reimport | faction_eastex_ssg69_SW.png
[  11% ] reimport | faction_eastex_svd_SE.png
[  11% ] reimport | faction_eastex_svd_SW.png
[  11% ] reimport | faction_eastex_usp_SE.png
[  11% ] reimport | faction_eastex_usp_SW.png
[  11% ] reimport | faction_eastex_uzi_SE.png
[  11% ] reimport | faction_eastex_uzi_SW.png
[  11% ] reimport | faction_eastex_vector_SE.png
[  11% ] reimport | faction_eastex_vector_SW.png
[  11% ] reimport | faction_kurgan_ak47_SE.png
[  11% ] reimport | faction_kurgan_ak47_SW.png
[  11% ] reimport | faction_kurgan_aug_SE.png
[  11% ] reimport | faction_kurgan_aug_SW.png
[  11% ] reimport | faction_kurgan_awm_SE.png
[  11% ] reimport | faction_kurgan_awm_SW.png
[  11% ] reimport | faction_kurgan_benelli_m2_SE.png
[  11% ] reimport | faction_kurgan_benelli_m2_SW.png
[  11% ] reimport | faction_kurgan_benelli_m4_SE.png
[  11% ] reimport | faction_eastex_five_seven_SE.png
[  11% ] reimport | faction_eastex_five_seven_SW.png
[  11% ] reimport | faction_eastex_g36c_SE.png
[  11% ] reimport | faction_eastex_g36c_SW.png
[  11% ] reimport | faction_eastex_glock_17_SE.png
[  11% ] reimport | faction_eastex_glock_17_SW.png
[  11% ] reimport | faction_eastex_m4a1_SE.png
[  11% ] reimport | faction_eastex_m4a1_SW.png
[  11% ] reimport | faction_eastex_m1911_SE.png
[  11% ] reimport | faction_eastex_m1911_SW.png
[  11% ] reimport | faction_eastex_mac10_SE.png
[  12% ] reimport | faction_eastex_mac10_SW.png
[  12% ] reimport | faction_eastex_mini14_SE.png
[  12% ] reimport | faction_eastex_mini14_SW.png
[  12% ] reimport | faction_eastex_moss500_SE.png
[  12% ] reimport | faction_eastex_moss500_SW.png
[  12% ] reimport | faction_eastex_mp5k_SE.png
[  12% ] reimport | faction_eastex_mp5k_SW.png
[  12% ] reimport | faction_eastex_mp5_SE.png
[  12% ] reimport | faction_eastex_mp5_SW.png
[  12% ] reimport | faction_eastex_p90_SE.png
[  12% ] reimport | faction_eastex_p90_SW.png
[  12% ] reimport | faction_eastex_psg1_SE.png
[  12% ] reimport | faction_eastex_psg1_SW.png
[  12% ] reimport | faction_eastex_rem700_SE.png
[  12% ] reimport | faction_eastex_rem700_SW.png
[  12% ] reimport | faction_eastex_rem870_SE.png
[  12% ] reimport | faction_eastex_rem870_SW.png
[  12% ] reimport | faction_ventresca_psg1_SW.png
[  12% ] reimport | faction_ventresca_rem700_SE.png
[  12% ] reimport | faction_ventresca_rem700_SW.png
[  12% ] reimport | faction_ventresca_rem870_SE.png
[  12% ] reimport | faction_ventresca_rem870_SW.png
[  12% ] reimport | faction_ventresca_saiga12_SE.png
[  12% ] reimport | faction_ventresca_saiga12_SW.png
[  12% ] reimport | faction_ventresca_scar_h_SE.png
[  12% ] reimport | faction_ventresca_scar_h_SW.png
[  12% ] reimport | faction_ventresca_sks_SE.png
[  12% ] reimport | faction_ventresca_sks_SW.png
[  12% ] reimport | faction_ventresca_spas12_SE.png
[  12% ] reimport | faction_ventresca_spas12_SW.png
[  12% ] reimport | faction_ventresca_ssg69_SE.png
[  12% ] reimport | faction_ventresca_ssg69_SW.png
[  12% ] reimport | faction_ventresca_svd_SE.png
[  12% ] reimport | faction_ventresca_svd_SW.png
[  12% ] reimport | faction_ventresca_usp_SE.png
[  13% ] reimport | faction_ventresca_usp_SW.png
[  13% ] reimport | faction_ventresca_uzi_SE.png
[  13% ] reimport | faction_ventresca_uzi_SW.png
[  13% ] reimport | faction_ventresca_vector_SE.png
[  13% ] reimport | faction_ventresca_vector_SW.png
[  13% ] reimport | faction_whittaker_ak47_SE.png
[  13% ] reimport | faction_whittaker_ak47_SW.png
[  13% ] reimport | faction_whittaker_aug_SE.png
[  13% ] reimport | faction_whittaker_aug_SW.png
[  13% ] reimport | faction_ventresca_cz75_SE.png
[  13% ] reimport | faction_ventresca_cz75_SW.png
[  13% ] reimport | faction_ventresca_desert_eagle_SE.png
[  13% ] reimport | faction_ventresca_desert_eagle_SW.png
[  13% ] reimport | faction_ventresca_five_seven_SE.png
[  13% ] reimport | faction_ventresca_five_seven_SW.png
[  13% ] reimport | faction_ventresca_g36c_SE.png
[  13% ] reimport | faction_ventresca_g36c_SW.png
[  13% ] reimport | faction_ventresca_glock_17_SE.png
[  13% ] reimport | faction_ventresca_glock_17_SW.png
[  13% ] reimport | faction_ventresca_m4a1_SE.png
[  13% ] reimport | faction_ventresca_m4a1_SW.png
[  13% ] reimport | faction_ventresca_m1911_SE.png
[  13% ] reimport | faction_ventresca_m1911_SW.png
[  13% ] reimport | faction_ventresca_mac10_SE.png
[  13% ] reimport | faction_ventresca_mac10_SW.png
[  13% ] reimport | faction_ventresca_mini14_SE.png
[  13% ] reimport | faction_ventresca_mini14_SW.png
[  13% ] reimport | faction_ventresca_moss500_SE.png
[  13% ] reimport | faction_ventresca_moss500_SW.png
[  13% ] reimport | faction_ventresca_mp5k_SE.png
[  13% ] reimport | faction_ventresca_mp5k_SW.png
[  13% ] reimport | faction_ventresca_mp5_SE.png
[  13% ] reimport | faction_ventresca_mp5_SW.png
[  13% ] reimport | faction_ventresca_p90_SE.png
[  13% ] reimport | faction_ventresca_p90_SW.png
[  14% ] reimport | faction_ventresca_psg1_SE.png
[  14% ] reimport | faction_whittaker_mp5_SE.png
[  14% ] reimport | faction_whittaker_mp5_SW.png
[  14% ] reimport | faction_whittaker_p90_SE.png
[  14% ] reimport | faction_whittaker_p90_SW.png
[  14% ] reimport | faction_whittaker_psg1_SE.png
[  14% ] reimport | faction_whittaker_psg1_SW.png
[  14% ] reimport | faction_whittaker_rem700_SE.png
[  14% ] reimport | faction_whittaker_rem700_SW.png
[  14% ] reimport | faction_whittaker_rem870_SE.png
[  14% ] reimport | faction_whittaker_rem870_SW.png
[  14% ] reimport | faction_whittaker_saiga12_SE.png
[  14% ] reimport | faction_whittaker_saiga12_SW.png
[  14% ] reimport | faction_whittaker_scar_h_SE.png
[  14% ] reimport | faction_whittaker_scar_h_SW.png
[  14% ] reimport | faction_whittaker_sks_SE.png
[  14% ] reimport | faction_whittaker_sks_SW.png
[  14% ] reimport | faction_whittaker_spas12_SE.png
[  14% ] reimport | faction_whittaker_spas12_SW.png
[  14% ] reimport | faction_whittaker_ssg69_SE.png
[  14% ] reimport | faction_whittaker_ssg69_SW.png
[  14% ] reimport | faction_whittaker_svd_SE.png
[  14% ] reimport | faction_whittaker_svd_SW.png
[  14% ] reimport | faction_whittaker_usp_SE.png
[  14% ] reimport | faction_whittaker_usp_SW.png
[  14% ] reimport | faction_whittaker_uzi_SE.png
[  14% ] reimport | faction_whittaker_uzi_SW.png
[  14% ] reimport | faction_whittaker_vector_SE.png
[  14% ] reimport | faction_whittaker_awm_SE.png
[  14% ] reimport | faction_whittaker_awm_SW.png
[  14% ] reimport | faction_whittaker_benelli_m2_SE.png
[  14% ] reimport | faction_whittaker_benelli_m2_SW.png
[  14% ] reimport | faction_whittaker_benelli_m4_SE.png
[  14% ] reimport | faction_whittaker_benelli_m4_SW.png
[  14% ] reimport | faction_whittaker_cz75_SE.png
[  14% ] reimport | faction_whittaker_cz75_SW.png
[  15% ] reimport | faction_whittaker_desert_eagle_SE.png
[  15% ] reimport | faction_whittaker_desert_eagle_SW.png
[  15% ] reimport | faction_whittaker_five_seven_SE.png
[  15% ] reimport | faction_whittaker_five_seven_SW.png
[  15% ] reimport | faction_whittaker_g36c_SE.png
[  15% ] reimport | faction_whittaker_g36c_SW.png
[  15% ] reimport | faction_whittaker_glock_17_SE.png
[  15% ] reimport | faction_whittaker_glock_17_SW.png
[  15% ] reimport | faction_whittaker_m4a1_SE.png
[  15% ] reimport | faction_whittaker_m4a1_SW.png
[  15% ] reimport | faction_whittaker_m1911_SE.png
[  15% ] reimport | faction_whittaker_m1911_SW.png
[  15% ] reimport | faction_whittaker_mac10_SE.png
[  15% ] reimport | faction_whittaker_mac10_SW.png
[  15% ] reimport | faction_whittaker_mini14_SE.png
[  15% ] reimport | faction_whittaker_mini14_SW.png
[  15% ] reimport | faction_whittaker_moss500_SE.png
[  15% ] reimport | faction_whittaker_moss500_SW.png
[  15% ] reimport | faction_whittaker_mp5k_SE.png
[  15% ] reimport | faction_whittaker_mp5k_SW.png
[  15% ] reimport | faction_trc_spas12_SE.png
[  15% ] reimport | faction_trc_spas12_SW.png
[  15% ] reimport | faction_trc_ssg69_SE.png
[  15% ] reimport | faction_trc_ssg69_SW.png
[  15% ] reimport | faction_trc_svd_SE.png
[  15% ] reimport | faction_trc_svd_SW.png
[  15% ] reimport | faction_trc_usp_SE.png
[  15% ] reimport | faction_trc_usp_SW.png
[  15% ] reimport | faction_trc_uzi_SE.png
[  15% ] reimport | faction_trc_uzi_SW.png
[  15% ] reimport | faction_trc_vector_SE.png
[  15% ] reimport | faction_trc_vector_SW.png
[  15% ] reimport | faction_union_sur_ak47_SE.png
[  15% ] reimport | faction_union_sur_ak47_SW.png
[  15% ] reimport | faction_union_sur_aug_SE.png
[  16% ] reimport | faction_union_sur_aug_SW.png
[  16% ] reimport | faction_union_sur_awm_SE.png
[  16% ] reimport | faction_union_sur_awm_SW.png
[  16% ] reimport | faction_union_sur_benelli_m2_SE.png
[  16% ] reimport | faction_union_sur_benelli_m2_SW.png
[  16% ] reimport | faction_union_sur_benelli_m4_SE.png
[  16% ] reimport | faction_union_sur_benelli_m4_SW.png
[  16% ] reimport | faction_union_sur_cz75_SE.png
[  16% ] reimport | faction_union_sur_cz75_SW.png
[  16% ] reimport | faction_union_sur_desert_eagle_SE.png
[  16% ] reimport | faction_union_sur_desert_eagle_SW.png
[  16% ] reimport | faction_union_sur_five_seven_SE.png
[  16% ] reimport | faction_trc_m4a1_SE.png
[  16% ] reimport | faction_trc_m4a1_SW.png
[  16% ] reimport | faction_trc_m1911_SE.png
[  16% ] reimport | faction_trc_m1911_SW.png
[  16% ] reimport | faction_trc_mac10_SE.png
[  16% ] reimport | faction_trc_mac10_SW.png
[  16% ] reimport | faction_trc_mini14_SE.png
[  16% ] reimport | faction_trc_mini14_SW.png
[  16% ] reimport | faction_trc_moss500_SE.png
[  16% ] reimport | faction_trc_moss500_SW.png
[  16% ] reimport | faction_trc_mp5k_SE.png
[  16% ] reimport | faction_trc_mp5k_SW.png
[  16% ] reimport | faction_trc_mp5_SE.png
[  16% ] reimport | faction_trc_mp5_SW.png
[  16% ] reimport | faction_trc_p90_SE.png
[  16% ] reimport | faction_trc_p90_SW.png
[  16% ] reimport | faction_trc_psg1_SE.png
[  16% ] reimport | faction_trc_psg1_SW.png
[  16% ] reimport | faction_trc_rem700_SE.png
[  16% ] reimport | faction_trc_rem700_SW.png
[  16% ] reimport | faction_trc_rem870_SE.png
[  16% ] reimport | faction_trc_rem870_SW.png
[  16% ] reimport | faction_trc_saiga12_SE.png
[  17% ] reimport | faction_trc_saiga12_SW.png
[  17% ] reimport | faction_trc_scar_h_SE.png
[  17% ] reimport | faction_trc_scar_h_SW.png
[  17% ] reimport | faction_trc_sks_SE.png
[  17% ] reimport | faction_trc_sks_SW.png
[  17% ] reimport | faction_union_sur_saiga12_SW.png
[  17% ] reimport | faction_union_sur_scar_h_SE.png
[  17% ] reimport | faction_union_sur_scar_h_SW.png
[  17% ] reimport | faction_union_sur_sks_SE.png
[  17% ] reimport | faction_union_sur_sks_SW.png
[  17% ] reimport | faction_union_sur_spas12_SE.png
[  17% ] reimport | faction_union_sur_spas12_SW.png
[  17% ] reimport | faction_union_sur_ssg69_SE.png
[  17% ] reimport | faction_union_sur_ssg69_SW.png
[  17% ] reimport | faction_union_sur_svd_SE.png
[  17% ] reimport | faction_union_sur_svd_SW.png
[  17% ] reimport | faction_union_sur_usp_SE.png
[  17% ] reimport | faction_union_sur_usp_SW.png
[  17% ] reimport | faction_union_sur_uzi_SE.png
[  17% ] reimport | faction_union_sur_uzi_SW.png
[  17% ] reimport | faction_union_sur_vector_SE.png
[  17% ] reimport | faction_union_sur_vector_SW.png
[  17% ] reimport | faction_ventresca_ak47_SE.png
[  17% ] reimport | faction_ventresca_ak47_SW.png
[  17% ] reimport | faction_ventresca_aug_SE.png
[  17% ] reimport | faction_ventresca_aug_SW.png
[  17% ] reimport | faction_ventresca_awm_SE.png
[  17% ] reimport | faction_ventresca_awm_SW.png
[  17% ] reimport | faction_ventresca_benelli_m2_SE.png
[  17% ] reimport | faction_ventresca_benelli_m2_SW.png
[  17% ] reimport | faction_ventresca_benelli_m4_SE.png
[  17% ] reimport | faction_ventresca_benelli_m4_SW.png
[  17% ] reimport | faction_union_sur_five_seven_SW.png
[  17% ] reimport | faction_union_sur_g36c_SE.png
[  17% ] reimport | faction_union_sur_g36c_SW.png
[  18% ] reimport | faction_union_sur_glock_17_SE.png
[  18% ] reimport | faction_union_sur_glock_17_SW.png
[  18% ] reimport | faction_union_sur_m4a1_SE.png
[  18% ] reimport | faction_union_sur_m4a1_SW.png
[  18% ] reimport | faction_union_sur_m1911_SE.png
[  18% ] reimport | faction_union_sur_m1911_SW.png
[  18% ] reimport | faction_union_sur_mac10_SE.png
[  18% ] reimport | faction_union_sur_mac10_SW.png
[  18% ] reimport | faction_union_sur_mini14_SE.png
[  18% ] reimport | faction_union_sur_mini14_SW.png
[  18% ] reimport | faction_union_sur_moss500_SE.png
[  18% ] reimport | faction_union_sur_moss500_SW.png
[  18% ] reimport | faction_union_sur_mp5k_SE.png
[  18% ] reimport | faction_union_sur_mp5k_SW.png
[  18% ] reimport | faction_union_sur_mp5_SE.png
[  18% ] reimport | faction_union_sur_mp5_SW.png
[  18% ] reimport | faction_union_sur_p90_SE.png
[  18% ] reimport | faction_union_sur_p90_SW.png
[  18% ] reimport | faction_union_sur_psg1_SE.png
[  18% ] reimport | faction_union_sur_psg1_SW.png
[  18% ] reimport | faction_union_sur_rem700_SE.png
[  18% ] reimport | faction_union_sur_rem700_SW.png
[  18% ] reimport | faction_union_sur_rem870_SE.png
[  18% ] reimport | faction_union_sur_rem870_SW.png
[  18% ] reimport | faction_union_sur_saiga12_SE.png
[  18% ] reimport | mercer_sks_SE.png
[  18% ] reimport | mercer_sks_SW.png
[  18% ] reimport | mercer_ssg69_SE.png
[  18% ] reimport | mercer_ssg69_SW.png
[  18% ] reimport | mercer_svd_SE.png
[  18% ] reimport | mercer_svd_SW.png
[  18% ] reimport | 0_ak_rifle_SE.png
[  18% ] reimport | 0_ak_rifle_SW.png
[  18% ] reimport | 0_pistol_SE.png
[  18% ] reimport | 0_pistol_SW.png
[  19% ] reimport | 0_pump_shotgun_SE.png
[  19% ] reimport | 0_pump_shotgun_SW.png
[  19% ] reimport | 0_uzi_smg_SE.png
[  19% ] reimport | 0_uzi_smg_SW.png
[  19% ] reimport | 1_ak_rifle_SE.png
[  19% ] reimport | 1_ak_rifle_SW.png
[  19% ] reimport | 1_pistol_SE.png
[  19% ] reimport | 1_pistol_SW.png
[  19% ] reimport | 1_pump_shotgun_SE.png
[  19% ] reimport | 1_pump_shotgun_SW.png
[  19% ] reimport | 1_uzi_smg_SE.png
[  19% ] reimport | 1_uzi_smg_SW.png
[  19% ] reimport | arsenal_0_aug_SE.png
[  19% ] reimport | arsenal_0_aug_SW.png
[  19% ] reimport | arsenal_0_benelli_m2_SE.png
[  19% ] reimport | arsenal_0_benelli_m2_SW.png
[  19% ] reimport | arsenal_0_benelli_m4_SE.png
[  19% ] reimport | faction_zangyaku_spas12_SW.png
[  19% ] reimport | faction_zangyaku_ssg69_SE.png
[  19% ] reimport | faction_zangyaku_ssg69_SW.png
[  19% ] reimport | faction_zangyaku_svd_SE.png
[  19% ] reimport | faction_zangyaku_svd_SW.png
[  19% ] reimport | faction_zangyaku_usp_SE.png
[  19% ] reimport | faction_zangyaku_usp_SW.png
[  19% ] reimport | faction_zangyaku_uzi_SE.png
[  19% ] reimport | faction_zangyaku_uzi_SW.png
[  19% ] reimport | faction_zangyaku_vector_SE.png
[  19% ] reimport | faction_zangyaku_vector_SW.png
[  19% ] reimport | icon_aug.png
[  19% ] reimport | icon_benelli_m2.png
[  19% ] reimport | icon_benelli_m4.png
[  19% ] reimport | icon_mini14.png
[  19% ] reimport | icon_moss500.png
[  19% ] reimport | icon_rem870.png
[  19% ] reimport | icon_saiga12.png
[  20% ] reimport | icon_spas12.png
[  20% ] reimport | mercer_awm_SE.png
[  20% ] reimport | mercer_awm_SW.png
[  20% ] reimport | mercer_dual_glock_SE.png
[  20% ] reimport | mercer_dual_glock_SW.png
[  20% ] reimport | mercer_psg1_SE.png
[  20% ] reimport | mercer_psg1_SW.png
[  20% ] reimport | mercer_rem700_SE.png
[  20% ] reimport | mercer_rem700_SW.png
[  20% ] reimport | arsenal_0_scar_h_SW.png
[  20% ] reimport | arsenal_0_spas12_SE.png
[  20% ] reimport | arsenal_0_spas12_SW.png
[  20% ] reimport | arsenal_0_usp_SE.png
[  20% ] reimport | arsenal_0_usp_SW.png
[  20% ] reimport | arsenal_0_vector_SE.png
[  20% ] reimport | arsenal_0_vector_SW.png
[  20% ] reimport | arsenal_1_aug_SE.png
[  20% ] reimport | arsenal_1_aug_SW.png
[  20% ] reimport | arsenal_1_benelli_m2_SE.png
[  20% ] reimport | arsenal_1_benelli_m2_SW.png
[  20% ] reimport | arsenal_1_benelli_m4_SE.png
[  20% ] reimport | arsenal_1_benelli_m4_SW.png
[  20% ] reimport | arsenal_1_cz75_SE.png
[  20% ] reimport | arsenal_1_cz75_SW.png
[  20% ] reimport | arsenal_1_desert_eagle_SE.png
[  20% ] reimport | arsenal_1_desert_eagle_SW.png
[  20% ] reimport | arsenal_1_five_seven_SE.png
[  20% ] reimport | arsenal_1_five_seven_SW.png
[  20% ] reimport | arsenal_1_g36c_SE.png
[  20% ] reimport | arsenal_1_g36c_SW.png
[  20% ] reimport | arsenal_1_m4a1_SE.png
[  20% ] reimport | arsenal_1_m4a1_SW.png
[  20% ] reimport | arsenal_1_m1911_SE.png
[  20% ] reimport | arsenal_1_m1911_SW.png
[  20% ] reimport | arsenal_1_mac10_SE.png
[  21% ] reimport | arsenal_1_mac10_SW.png
[  21% ] reimport | arsenal_0_benelli_m4_SW.png
[  21% ] reimport | arsenal_0_cz75_SE.png
[  21% ] reimport | arsenal_0_cz75_SW.png
[  21% ] reimport | arsenal_0_desert_eagle_SE.png
[  21% ] reimport | arsenal_0_desert_eagle_SW.png
[  21% ] reimport | arsenal_0_five_seven_SE.png
[  21% ] reimport | arsenal_0_five_seven_SW.png
[  21% ] reimport | arsenal_0_g36c_SE.png
[  21% ] reimport | arsenal_0_g36c_SW.png
[  21% ] reimport | arsenal_0_m4a1_SE.png
[  21% ] reimport | arsenal_0_m4a1_SW.png
[  21% ] reimport | arsenal_0_m1911_SE.png
[  21% ] reimport | arsenal_0_m1911_SW.png
[  21% ] reimport | arsenal_0_mac10_SE.png
[  21% ] reimport | arsenal_0_mac10_SW.png
[  21% ] reimport | arsenal_0_mini14_SE.png
[  21% ] reimport | arsenal_0_mini14_SW.png
[  21% ] reimport | arsenal_0_moss500_SE.png
[  21% ] reimport | arsenal_0_moss500_SW.png
[  21% ] reimport | arsenal_0_mp5k_SE.png
[  21% ] reimport | arsenal_0_mp5k_SW.png
[  21% ] reimport | arsenal_0_mp5_SE.png
[  21% ] reimport | arsenal_0_mp5_SW.png
[  21% ] reimport | arsenal_0_p90_SE.png
[  21% ] reimport | arsenal_0_p90_SW.png
[  21% ] reimport | arsenal_0_saiga12_SE.png
[  21% ] reimport | arsenal_0_saiga12_SW.png
[  21% ] reimport | arsenal_0_scar_h_SE.png
[  21% ] reimport | faction_wm_corp_mini14_SW.png
[  21% ] reimport | faction_wm_corp_moss500_SE.png
[  21% ] reimport | faction_wm_corp_moss500_SW.png
[  21% ] reimport | faction_wm_corp_mp5k_SE.png
[  21% ] reimport | faction_wm_corp_mp5k_SW.png
[  21% ] reimport | faction_wm_corp_mp5_SE.png
[  22% ] reimport | faction_wm_corp_mp5_SW.png
[  22% ] reimport | faction_wm_corp_p90_SE.png
[  22% ] reimport | faction_wm_corp_p90_SW.png
[  22% ] reimport | faction_wm_corp_psg1_SE.png
[  22% ] reimport | faction_wm_corp_psg1_SW.png
[  22% ] reimport | faction_wm_corp_rem700_SE.png
[  22% ] reimport | faction_wm_corp_rem700_SW.png
[  22% ] reimport | faction_wm_corp_rem870_SE.png
[  22% ] reimport | faction_wm_corp_rem870_SW.png
[  22% ] reimport | faction_wm_corp_saiga12_SE.png
[  22% ] reimport | faction_wm_corp_saiga12_SW.png
[  22% ] reimport | faction_wm_corp_scar_h_SE.png
[  22% ] reimport | faction_wm_corp_scar_h_SW.png
[  22% ] reimport | faction_wm_corp_sks_SE.png
[  22% ] reimport | faction_wm_corp_sks_SW.png
[  22% ] reimport | faction_wm_corp_spas12_SE.png
[  22% ] reimport | faction_wm_corp_spas12_SW.png
[  22% ] reimport | faction_wm_corp_ssg69_SE.png
[  22% ] reimport | faction_wm_corp_ssg69_SW.png
[  22% ] reimport | faction_wm_corp_svd_SE.png
[  22% ] reimport | faction_wm_corp_svd_SW.png
[  22% ] reimport | faction_whittaker_vector_SW.png
[  22% ] reimport | faction_wm_corp_ak47_SE.png
[  22% ] reimport | faction_wm_corp_ak47_SW.png
[  22% ] reimport | faction_wm_corp_aug_SE.png
[  22% ] reimport | faction_wm_corp_aug_SW.png
[  22% ] reimport | faction_wm_corp_awm_SE.png
[  22% ] reimport | faction_wm_corp_awm_SW.png
[  22% ] reimport | faction_wm_corp_benelli_m2_SE.png
[  22% ] reimport | faction_wm_corp_benelli_m2_SW.png
[  22% ] reimport | faction_wm_corp_benelli_m4_SE.png
[  22% ] reimport | faction_wm_corp_benelli_m4_SW.png
[  22% ] reimport | faction_wm_corp_cz75_SE.png
[  22% ] reimport | faction_wm_corp_cz75_SW.png
[  22% ] reimport | faction_wm_corp_desert_eagle_SE.png
[  23% ] reimport | faction_wm_corp_desert_eagle_SW.png
[  23% ] reimport | faction_wm_corp_five_seven_SE.png
[  23% ] reimport | faction_wm_corp_five_seven_SW.png
[  23% ] reimport | faction_wm_corp_g36c_SE.png
[  23% ] reimport | faction_wm_corp_g36c_SW.png
[  23% ] reimport | faction_wm_corp_glock_17_SE.png
[  23% ] reimport | faction_wm_corp_glock_17_SW.png
[  23% ] reimport | faction_wm_corp_m4a1_SE.png
[  23% ] reimport | faction_wm_corp_m4a1_SW.png
[  23% ] reimport | faction_wm_corp_m1911_SE.png
[  23% ] reimport | faction_wm_corp_m1911_SW.png
[  23% ] reimport | faction_wm_corp_mac10_SE.png
[  23% ] reimport | faction_wm_corp_mac10_SW.png
[  23% ] reimport | faction_wm_corp_mini14_SE.png
[  23% ] reimport | faction_zangyaku_m1911_SE.png
[  23% ] reimport | faction_zangyaku_m1911_SW.png
[  23% ] reimport | faction_zangyaku_mac10_SE.png
[  23% ] reimport | faction_zangyaku_mac10_SW.png
[  23% ] reimport | faction_zangyaku_mini14_SE.png
[  23% ] reimport | faction_zangyaku_mini14_SW.png
[  23% ] reimport | faction_zangyaku_moss500_SE.png
[  23% ] reimport | faction_zangyaku_moss500_SW.png
[  23% ] reimport | faction_zangyaku_mp5k_SE.png
[  23% ] reimport | faction_zangyaku_mp5k_SW.png
[  23% ] reimport | faction_zangyaku_mp5_SE.png
[  23% ] reimport | faction_zangyaku_mp5_SW.png
[  23% ] reimport | faction_zangyaku_p90_SE.png
[  23% ] reimport | faction_zangyaku_p90_SW.png
[  23% ] reimport | faction_zangyaku_psg1_SE.png
[  23% ] reimport | faction_zangyaku_psg1_SW.png
[  23% ] reimport | faction_zangyaku_rem700_SE.png
[  23% ] reimport | faction_zangyaku_rem700_SW.png
[  23% ] reimport | faction_zangyaku_rem870_SE.png
[  23% ] reimport | faction_zangyaku_rem870_SW.png
[  23% ] reimport | faction_zangyaku_saiga12_SE.png
[  24% ] reimport | faction_zangyaku_saiga12_SW.png
[  24% ] reimport | faction_zangyaku_scar_h_SE.png
[  24% ] reimport | faction_zangyaku_scar_h_SW.png
[  24% ] reimport | faction_zangyaku_sks_SE.png
[  24% ] reimport | faction_zangyaku_sks_SW.png
[  24% ] reimport | faction_zangyaku_spas12_SE.png
[  24% ] reimport | faction_wm_corp_usp_SE.png
[  24% ] reimport | faction_wm_corp_usp_SW.png
[  24% ] reimport | faction_wm_corp_uzi_SE.png
[  24% ] reimport | faction_wm_corp_uzi_SW.png
[  24% ] reimport | faction_wm_corp_vector_SE.png
[  24% ] reimport | faction_wm_corp_vector_SW.png
[  24% ] reimport | faction_zangyaku_ak47_SE.png
[  24% ] reimport | faction_zangyaku_ak47_SW.png
[  24% ] reimport | faction_zangyaku_aug_SE.png
[  24% ] reimport | faction_zangyaku_aug_SW.png
[  24% ] reimport | faction_zangyaku_awm_SE.png
[  24% ] reimport | faction_zangyaku_awm_SW.png
[  24% ] reimport | faction_zangyaku_benelli_m2_SE.png
[  24% ] reimport | faction_zangyaku_benelli_m2_SW.png
[  24% ] reimport | faction_zangyaku_benelli_m4_SE.png
[  24% ] reimport | faction_zangyaku_benelli_m4_SW.png
[  24% ] reimport | faction_zangyaku_cz75_SE.png
[  24% ] reimport | faction_zangyaku_cz75_SW.png
[  24% ] reimport | faction_zangyaku_desert_eagle_SE.png
[  24% ] reimport | faction_zangyaku_desert_eagle_SW.png
[  24% ] reimport | faction_zangyaku_five_seven_SE.png
[  24% ] reimport | faction_zangyaku_five_seven_SW.png
[  24% ] reimport | faction_zangyaku_g36c_SE.png
[  24% ] reimport | faction_zangyaku_g36c_SW.png
[  24% ] reimport | faction_zangyaku_glock_17_SE.png
[  24% ] reimport | faction_zangyaku_glock_17_SW.png
[  24% ] reimport | faction_zangyaku_m4a1_SE.png
[  24% ] reimport | faction_zangyaku_m4a1_SW.png
[  24% ] reimport | faction_union_sur_m1911_SE.png
[  25% ] reimport | faction_union_sur_m1911_SW.png
[  25% ] reimport | faction_union_sur_mac10_SE.png
[  25% ] reimport | faction_union_sur_mac10_SW.png
[  25% ] reimport | faction_union_sur_mini14_SE.png
[  25% ] reimport | faction_union_sur_mini14_SW.png
[  25% ] reimport | faction_union_sur_moss500_SE.png
[  25% ] reimport | faction_union_sur_moss500_SW.png
[  25% ] reimport | faction_union_sur_mp5k_SE.png
[  25% ] reimport | faction_union_sur_mp5k_SW.png
[  25% ] reimport | faction_union_sur_mp5_SE.png
[  25% ] reimport | faction_union_sur_mp5_SW.png
[  25% ] reimport | faction_union_sur_p90_SE.png
[  25% ] reimport | faction_union_sur_p90_SW.png
[  25% ] reimport | faction_union_sur_psg1_SE.png
[  25% ] reimport | faction_union_sur_psg1_SW.png
[  25% ] reimport | faction_union_sur_rem700_SE.png
[  25% ] reimport | faction_union_sur_rem700_SW.png
[  25% ] reimport | faction_union_sur_rem870_SE.png
[  25% ] reimport | faction_union_sur_rem870_SW.png
[  25% ] reimport | faction_union_sur_saiga12_SE.png
[  25% ] reimport | faction_union_sur_saiga12_SW.png
[  25% ] reimport | faction_union_sur_scar_h_SE.png
[  25% ] reimport | faction_union_sur_scar_h_SW.png
[  25% ] reimport | faction_union_sur_sks_SE.png
[  25% ] reimport | faction_union_sur_sks_SW.png
[  25% ] reimport | faction_union_sur_spas12_SE.png
[  25% ] reimport | faction_trc_usp_SW.png
[  25% ] reimport | faction_trc_uzi_SE.png
[  25% ] reimport | faction_trc_uzi_SW.png
[  25% ] reimport | faction_trc_vector_SE.png
[  25% ] reimport | faction_trc_vector_SW.png
[  25% ] reimport | faction_union_sur_ak47_SE.png
[  25% ] reimport | faction_union_sur_ak47_SW.png
[  25% ] reimport | faction_union_sur_aug_SE.png
[  25% ] reimport | faction_union_sur_aug_SW.png
[  26% ] reimport | faction_union_sur_awm_SE.png
[  26% ] reimport | faction_union_sur_awm_SW.png
[  26% ] reimport | faction_union_sur_benelli_m2_SE.png
[  26% ] reimport | faction_union_sur_benelli_m2_SW.png
[  26% ] reimport | faction_union_sur_benelli_m4_SE.png
[  26% ] reimport | faction_union_sur_benelli_m4_SW.png
[  26% ] reimport | faction_union_sur_cz75_SE.png
[  26% ] reimport | faction_union_sur_cz75_SW.png
[  26% ] reimport | faction_union_sur_desert_eagle_SE.png
[  26% ] reimport | faction_union_sur_desert_eagle_SW.png
[  26% ] reimport | faction_union_sur_five_seven_SE.png
[  26% ] reimport | faction_union_sur_five_seven_SW.png
[  26% ] reimport | faction_union_sur_g36c_SE.png
[  26% ] reimport | faction_union_sur_g36c_SW.png
[  26% ] reimport | faction_union_sur_glock_17_SE.png
[  26% ] reimport | faction_union_sur_glock_17_SW.png
[  26% ] reimport | faction_union_sur_m4a1_SE.png
[  26% ] reimport | faction_union_sur_m4a1_SW.png
[  26% ] reimport | faction_ventresca_g36c_SW.png
[  26% ] reimport | faction_ventresca_glock_17_SE.png
[  26% ] reimport | faction_ventresca_glock_17_SW.png
[  26% ] reimport | faction_ventresca_m4a1_SE.png
[  26% ] reimport | faction_ventresca_m4a1_SW.png
[  26% ] reimport | faction_ventresca_m1911_SE.png
[  26% ] reimport | faction_ventresca_m1911_SW.png
[  26% ] reimport | faction_ventresca_mac10_SE.png
[  26% ] reimport | faction_ventresca_mac10_SW.png
[  26% ] reimport | faction_ventresca_mini14_SE.png
[  26% ] reimport | faction_ventresca_mini14_SW.png
[  26% ] reimport | faction_ventresca_moss500_SE.png
[  26% ] reimport | faction_ventresca_moss500_SW.png
[  26% ] reimport | faction_ventresca_mp5k_SE.png
[  26% ] reimport | faction_ventresca_mp5k_SW.png
[  26% ] reimport | faction_ventresca_mp5_SE.png
[  26% ] reimport | faction_ventresca_mp5_SW.png
[  27% ] reimport | faction_ventresca_p90_SE.png
[  27% ] reimport | faction_ventresca_p90_SW.png
[  27% ] reimport | faction_ventresca_psg1_SE.png
[  27% ] reimport | faction_ventresca_psg1_SW.png
[  27% ] reimport | faction_ventresca_rem700_SE.png
[  27% ] reimport | faction_ventresca_rem700_SW.png
[  27% ] reimport | faction_ventresca_rem870_SE.png
[  27% ] reimport | faction_ventresca_rem870_SW.png
[  27% ] reimport | faction_ventresca_saiga12_SE.png
[  27% ] reimport | faction_ventresca_saiga12_SW.png
[  27% ] reimport | faction_union_sur_spas12_SW.png
[  27% ] reimport | faction_union_sur_ssg69_SE.png
[  27% ] reimport | faction_union_sur_ssg69_SW.png
[  27% ] reimport | faction_union_sur_svd_SE.png
[  27% ] reimport | faction_union_sur_svd_SW.png
[  27% ] reimport | faction_union_sur_usp_SE.png
[  27% ] reimport | faction_union_sur_usp_SW.png
[  27% ] reimport | faction_union_sur_uzi_SE.png
[  27% ] reimport | faction_union_sur_uzi_SW.png
[  27% ] reimport | faction_union_sur_vector_SE.png
[  27% ] reimport | faction_union_sur_vector_SW.png
[  27% ] reimport | faction_ventresca_ak47_SE.png
[  27% ] reimport | faction_ventresca_ak47_SW.png
[  27% ] reimport | faction_ventresca_aug_SE.png
[  27% ] reimport | faction_ventresca_aug_SW.png
[  27% ] reimport | faction_ventresca_awm_SE.png
[  27% ] reimport | faction_ventresca_awm_SW.png
[  27% ] reimport | faction_ventresca_benelli_m2_SE.png
[  27% ] reimport | faction_ventresca_benelli_m2_SW.png
[  27% ] reimport | faction_ventresca_benelli_m4_SE.png
[  27% ] reimport | faction_ventresca_benelli_m4_SW.png
[  27% ] reimport | faction_ventresca_cz75_SE.png
[  27% ] reimport | faction_ventresca_cz75_SW.png
[  27% ] reimport | faction_ventresca_desert_eagle_SE.png
[  27% ] reimport | faction_ventresca_desert_eagle_SW.png
[  28% ] reimport | faction_ventresca_five_seven_SE.png
[  28% ] reimport | faction_ventresca_five_seven_SW.png
[  28% ] reimport | faction_ventresca_g36c_SE.png
[  28% ] reimport | faction_stateline_mp5_SW.png
[  28% ] reimport | faction_stateline_p90_SE.png
[  28% ] reimport | faction_stateline_p90_SW.png
[  28% ] reimport | faction_stateline_psg1_SE.png
[  28% ] reimport | faction_stateline_psg1_SW.png
[  28% ] reimport | faction_stateline_rem700_SE.png
[  28% ] reimport | faction_stateline_rem700_SW.png
[  28% ] reimport | faction_stateline_rem870_SE.png
[  28% ] reimport | faction_stateline_rem870_SW.png
[  28% ] reimport | faction_stateline_saiga12_SE.png
[  28% ] reimport | faction_stateline_saiga12_SW.png
[  28% ] reimport | faction_stateline_scar_h_SE.png
[  28% ] reimport | faction_stateline_scar_h_SW.png
[  28% ] reimport | faction_stateline_sks_SE.png
[  28% ] reimport | faction_stateline_sks_SW.png
[  28% ] reimport | faction_stateline_spas12_SE.png
[  28% ] reimport | faction_stateline_spas12_SW.png
[  28% ] reimport | faction_stateline_ssg69_SE.png
[  28% ] reimport | faction_stateline_ssg69_SW.png
[  28% ] reimport | faction_stateline_svd_SE.png
[  28% ] reimport | faction_stateline_svd_SW.png
[  28% ] reimport | faction_stateline_usp_SE.png
[  28% ] reimport | faction_stateline_usp_SW.png
[  28% ] reimport | faction_stateline_uzi_SE.png
[  28% ] reimport | faction_stateline_uzi_SW.png
[  28% ] reimport | faction_stateline_vector_SE.png
[  28% ] reimport | faction_stateline_vector_SW.png
[  28% ] reimport | faction_stateline_awm_SW.png
[  28% ] reimport | faction_stateline_benelli_m2_SE.png
[  28% ] reimport | faction_stateline_benelli_m2_SW.png
[  28% ] reimport | faction_stateline_benelli_m4_SE.png
[  28% ] reimport | faction_stateline_benelli_m4_SW.png
[  28% ] reimport | faction_stateline_cz75_SE.png
[  29% ] reimport | faction_stateline_cz75_SW.png
[  29% ] reimport | faction_stateline_desert_eagle_SE.png
[  29% ] reimport | faction_stateline_desert_eagle_SW.png
[  29% ] reimport | faction_stateline_five_seven_SE.png
[  29% ] reimport | faction_stateline_five_seven_SW.png
[  29% ] reimport | faction_stateline_g36c_SE.png
[  29% ] reimport | faction_stateline_g36c_SW.png
[  29% ] reimport | faction_stateline_glock_17_SE.png
[  29% ] reimport | faction_stateline_glock_17_SW.png
[  29% ] reimport | faction_stateline_m4a1_SE.png
[  29% ] reimport | faction_stateline_m4a1_SW.png
[  29% ] reimport | faction_stateline_m1911_SE.png
[  29% ] reimport | faction_stateline_m1911_SW.png
[  29% ] reimport | faction_stateline_mac10_SE.png
[  29% ] reimport | faction_stateline_mac10_SW.png
[  29% ] reimport | faction_stateline_mini14_SE.png
[  29% ] reimport | faction_stateline_mini14_SW.png
[  29% ] reimport | faction_stateline_moss500_SE.png
[  29% ] reimport | faction_stateline_moss500_SW.png
[  29% ] reimport | faction_stateline_mp5k_SE.png
[  29% ] reimport | faction_stateline_mp5k_SW.png
[  29% ] reimport | faction_stateline_mp5_SE.png
[  29% ] reimport | faction_trc_moss500_SE.png
[  29% ] reimport | faction_trc_moss500_SW.png
[  29% ] reimport | faction_trc_mp5k_SE.png
[  29% ] reimport | faction_trc_mp5k_SW.png
[  29% ] reimport | faction_trc_mp5_SE.png
[  29% ] reimport | faction_trc_mp5_SW.png
[  29% ] reimport | faction_trc_p90_SE.png
[  29% ] reimport | faction_trc_p90_SW.png
[  29% ] reimport | faction_trc_psg1_SE.png
[  29% ] reimport | faction_trc_psg1_SW.png
[  29% ] reimport | faction_trc_rem700_SE.png
[  29% ] reimport | faction_trc_rem700_SW.png
[  29% ] reimport | faction_trc_rem870_SE.png
[  30% ] reimport | faction_trc_rem870_SW.png
[  30% ] reimport | faction_trc_saiga12_SE.png
[  30% ] reimport | faction_trc_saiga12_SW.png
[  30% ] reimport | faction_trc_scar_h_SE.png
[  30% ] reimport | faction_trc_scar_h_SW.png
[  30% ] reimport | faction_trc_sks_SE.png
[  30% ] reimport | faction_trc_sks_SW.png
[  30% ] reimport | faction_trc_spas12_SE.png
[  30% ] reimport | faction_trc_spas12_SW.png
[  30% ] reimport | faction_trc_ssg69_SE.png
[  30% ] reimport | faction_trc_ssg69_SW.png
[  30% ] reimport | faction_trc_svd_SE.png
[  30% ] reimport | faction_trc_svd_SW.png
[  30% ] reimport | faction_trc_usp_SE.png
[  30% ] reimport | faction_trc_ak47_SE.png
[  30% ] reimport | faction_trc_ak47_SW.png
[  30% ] reimport | faction_trc_aug_SE.png
[  30% ] reimport | faction_trc_aug_SW.png
[  30% ] reimport | faction_trc_awm_SE.png
[  30% ] reimport | faction_trc_awm_SW.png
[  30% ] reimport | faction_trc_benelli_m2_SE.png
[  30% ] reimport | faction_trc_benelli_m2_SW.png
[  30% ] reimport | faction_trc_benelli_m4_SE.png
[  30% ] reimport | faction_trc_benelli_m4_SW.png
[  30% ] reimport | faction_trc_cz75_SE.png
[  30% ] reimport | faction_trc_cz75_SW.png
[  30% ] reimport | faction_trc_desert_eagle_SE.png
[  30% ] reimport | faction_trc_desert_eagle_SW.png
[  30% ] reimport | faction_trc_five_seven_SE.png
[  30% ] reimport | faction_trc_five_seven_SW.png
[  30% ] reimport | faction_trc_g36c_SE.png
[  30% ] reimport | faction_trc_g36c_SW.png
[  30% ] reimport | faction_trc_glock_17_SE.png
[  30% ] reimport | faction_trc_glock_17_SW.png
[  30% ] reimport | faction_trc_m4a1_SE.png
[  31% ] reimport | faction_trc_m4a1_SW.png
[  31% ] reimport | faction_trc_m1911_SE.png
[  31% ] reimport | faction_trc_m1911_SW.png
[  31% ] reimport | faction_trc_mac10_SE.png
[  31% ] reimport | faction_trc_mac10_SW.png
[  31% ] reimport | faction_trc_mini14_SE.png
[  31% ] reimport | faction_trc_mini14_SW.png
[  31% ] reimport | faction_zangyaku_ak47_SW.png
[  31% ] reimport | faction_zangyaku_aug_SE.png
[  31% ] reimport | faction_zangyaku_aug_SW.png
[  31% ] reimport | faction_zangyaku_awm_SE.png
[  31% ] reimport | faction_zangyaku_awm_SW.png
[  31% ] reimport | faction_zangyaku_benelli_m2_SE.png
[  31% ] reimport | faction_zangyaku_benelli_m2_SW.png
[  31% ] reimport | faction_zangyaku_benelli_m4_SE.png
[  31% ] reimport | faction_zangyaku_benelli_m4_SW.png
[  31% ] reimport | faction_zangyaku_cz75_SE.png
[  31% ] reimport | faction_zangyaku_cz75_SW.png
[  31% ] reimport | faction_zangyaku_desert_eagle_SE.png
[  31% ] reimport | faction_zangyaku_desert_eagle_SW.png
[  31% ] reimport | faction_zangyaku_five_seven_SE.png
[  31% ] reimport | faction_zangyaku_five_seven_SW.png
[  31% ] reimport | faction_zangyaku_g36c_SE.png
[  31% ] reimport | faction_zangyaku_g36c_SW.png
[  31% ] reimport | faction_zangyaku_glock_17_SE.png
[  31% ] reimport | faction_zangyaku_glock_17_SW.png
[  31% ] reimport | faction_zangyaku_m4a1_SE.png
[  31% ] reimport | faction_zangyaku_m4a1_SW.png
[  31% ] reimport | faction_zangyaku_m1911_SE.png
[  31% ] reimport | faction_zangyaku_m1911_SW.png
[  31% ] reimport | faction_zangyaku_mac10_SE.png
[  31% ] reimport | faction_zangyaku_mac10_SW.png
[  31% ] reimport | faction_zangyaku_mini14_SE.png
[  31% ] reimport | faction_zangyaku_mini14_SW.png
[  31% ] reimport | faction_wm_corp_p90_SE.png
[  32% ] reimport | faction_wm_corp_p90_SW.png
[  32% ] reimport | faction_wm_corp_psg1_SE.png
[  32% ] reimport | faction_wm_corp_psg1_SW.png
[  32% ] reimport | faction_wm_corp_rem700_SE.png
[  32% ] reimport | faction_wm_corp_rem700_SW.png
[  32% ] reimport | faction_wm_corp_rem870_SE.png
[  32% ] reimport | faction_wm_corp_rem870_SW.png
[  32% ] reimport | faction_wm_corp_saiga12_SE.png
[  32% ] reimport | faction_wm_corp_saiga12_SW.png
[  32% ] reimport | faction_wm_corp_scar_h_SE.png
[  32% ] reimport | faction_wm_corp_scar_h_SW.png
[  32% ] reimport | faction_wm_corp_sks_SE.png
[  32% ] reimport | faction_wm_corp_sks_SW.png
[  32% ] reimport | faction_wm_corp_spas12_SE.png
[  32% ] reimport | faction_wm_corp_spas12_SW.png
[  32% ] reimport | faction_wm_corp_ssg69_SE.png
[  32% ] reimport | faction_wm_corp_ssg69_SW.png
[  32% ] reimport | faction_wm_corp_svd_SE.png
[  32% ] reimport | faction_wm_corp_svd_SW.png
[  32% ] reimport | faction_wm_corp_usp_SE.png
[  32% ] reimport | faction_wm_corp_usp_SW.png
[  32% ] reimport | faction_wm_corp_uzi_SE.png
[  32% ] reimport | faction_wm_corp_uzi_SW.png
[  32% ] reimport | faction_wm_corp_vector_SE.png
[  32% ] reimport | faction_wm_corp_vector_SW.png
[  32% ] reimport | faction_zangyaku_ak47_SE.png
[  32% ] reimport | faction_zangyaku_uzi_SE.png
[  32% ] reimport | faction_zangyaku_uzi_SW.png
[  32% ] reimport | faction_zangyaku_vector_SE.png
[  32% ] reimport | faction_zangyaku_vector_SW.png
[  32% ] reimport | glossary_pistol.png
[  32% ] reimport | glossary_rifle.png
[  32% ] reimport | glossary_shotgun.png
[  32% ] reimport | glossary_smg.png
[  32% ] reimport | glossary_sniper.png
[  33% ] reimport | mercer_awm_SE.png
[  33% ] reimport | mercer_awm_SW.png
[  33% ] reimport | mercer_dual_glock_SE.png
[  33% ] reimport | mercer_dual_glock_SW.png
[  33% ] reimport | mercer_models_0.png
[  33% ] reimport | mercer_models_1.png
[  33% ] reimport | mercer_models_2.png
[  33% ] reimport | mercer_psg1_SE.png
[  33% ] reimport | mercer_psg1_SW.png
[  33% ] reimport | mercer_rem700_SE.png
[  33% ] reimport | mercer_rem700_SW.png
[  33% ] reimport | mercer_sks_SE.png
[  33% ] reimport | mercer_sks_SW.png
[  33% ] reimport | mercer_ssg69_SE.png
[  33% ] reimport | mercer_ssg69_SW.png
[  33% ] reimport | mercer_svd_SE.png
[  33% ] reimport | mercer_svd_SW.png
[  33% ] reimport | triggers.png
[  33% ] reimport | faction_zangyaku_moss500_SE.png
[  33% ] reimport | faction_zangyaku_moss500_SW.png
[  33% ] reimport | faction_zangyaku_mp5k_SE.png
[  33% ] reimport | faction_zangyaku_mp5k_SW.png
[  33% ] reimport | faction_zangyaku_mp5_SE.png
[  33% ] reimport | faction_zangyaku_mp5_SW.png
[  33% ] reimport | faction_zangyaku_p90_SE.png
[  33% ] reimport | faction_zangyaku_p90_SW.png
[  33% ] reimport | faction_zangyaku_psg1_SE.png
[  33% ] reimport | faction_zangyaku_psg1_SW.png
[  33% ] reimport | faction_zangyaku_rem700_SE.png
[  33% ] reimport | faction_zangyaku_rem700_SW.png
[  33% ] reimport | faction_zangyaku_rem870_SE.png
[  33% ] reimport | faction_zangyaku_rem870_SW.png
[  33% ] reimport | faction_zangyaku_saiga12_SE.png
[  33% ] reimport | faction_zangyaku_saiga12_SW.png
[  33% ] reimport | faction_zangyaku_scar_h_SE.png
[  34% ] reimport | faction_zangyaku_scar_h_SW.png
[  34% ] reimport | faction_zangyaku_sks_SE.png
[  34% ] reimport | faction_zangyaku_sks_SW.png
[  34% ] reimport | faction_zangyaku_spas12_SE.png
[  34% ] reimport | faction_zangyaku_spas12_SW.png
[  34% ] reimport | faction_zangyaku_ssg69_SE.png
[  34% ] reimport | faction_zangyaku_ssg69_SW.png
[  34% ] reimport | faction_zangyaku_svd_SE.png
[  34% ] reimport | faction_zangyaku_svd_SW.png
[  34% ] reimport | faction_zangyaku_usp_SE.png
[  34% ] reimport | faction_zangyaku_usp_SW.png
[  34% ] reimport | faction_whittaker_desert_eagle_SE.png
[  34% ] reimport | faction_whittaker_desert_eagle_SW.png
[  34% ] reimport | faction_whittaker_five_seven_SE.png
[  34% ] reimport | faction_whittaker_five_seven_SW.png
[  34% ] reimport | faction_whittaker_g36c_SE.png
[  34% ] reimport | faction_whittaker_g36c_SW.png
[  34% ] reimport | faction_whittaker_glock_17_SE.png
[  34% ] reimport | faction_whittaker_glock_17_SW.png
[  34% ] reimport | faction_whittaker_m4a1_SE.png
[  34% ] reimport | faction_whittaker_m4a1_SW.png
[  34% ] reimport | faction_whittaker_m1911_SE.png
[  34% ] reimport | faction_whittaker_m1911_SW.png
[  34% ] reimport | faction_whittaker_mac10_SE.png
[  34% ] reimport | faction_whittaker_mac10_SW.png
[  34% ] reimport | faction_whittaker_mini14_SE.png
[  34% ] reimport | faction_whittaker_mini14_SW.png
[  34% ] reimport | faction_whittaker_moss500_SE.png
[  34% ] reimport | faction_whittaker_moss500_SW.png
[  34% ] reimport | faction_whittaker_mp5k_SE.png
[  34% ] reimport | faction_whittaker_mp5k_SW.png
[  34% ] reimport | faction_whittaker_mp5_SE.png
[  34% ] reimport | faction_whittaker_mp5_SW.png
[  34% ] reimport | faction_whittaker_p90_SE.png
[  34% ] reimport | faction_whittaker_p90_SW.png
[  35% ] reimport | faction_whittaker_psg1_SE.png
[  35% ] reimport | faction_whittaker_psg1_SW.png
[  35% ] reimport | faction_whittaker_rem700_SE.png
[  35% ] reimport | faction_ventresca_scar_h_SE.png
[  35% ] reimport | faction_ventresca_scar_h_SW.png
[  35% ] reimport | faction_ventresca_sks_SE.png
[  35% ] reimport | faction_ventresca_sks_SW.png
[  35% ] reimport | faction_ventresca_spas12_SE.png
[  35% ] reimport | faction_ventresca_spas12_SW.png
[  35% ] reimport | faction_ventresca_ssg69_SE.png
[  35% ] reimport | faction_ventresca_ssg69_SW.png
[  35% ] reimport | faction_ventresca_svd_SE.png
[  35% ] reimport | faction_ventresca_svd_SW.png
[  35% ] reimport | faction_ventresca_usp_SE.png
[  35% ] reimport | faction_ventresca_usp_SW.png
[  35% ] reimport | faction_ventresca_uzi_SE.png
[  35% ] reimport | faction_ventresca_uzi_SW.png
[  35% ] reimport | faction_ventresca_vector_SE.png
[  35% ] reimport | faction_ventresca_vector_SW.png
[  35% ] reimport | faction_whittaker_ak47_SE.png
[  35% ] reimport | faction_whittaker_ak47_SW.png
[  35% ] reimport | faction_whittaker_aug_SE.png
[  35% ] reimport | faction_whittaker_aug_SW.png
[  35% ] reimport | faction_whittaker_awm_SE.png
[  35% ] reimport | faction_whittaker_awm_SW.png
[  35% ] reimport | faction_whittaker_benelli_m2_SE.png
[  35% ] reimport | faction_whittaker_benelli_m2_SW.png
[  35% ] reimport | faction_whittaker_benelli_m4_SE.png
[  35% ] reimport | faction_whittaker_benelli_m4_SW.png
[  35% ] reimport | faction_whittaker_cz75_SE.png
[  35% ] reimport | faction_whittaker_cz75_SW.png
[  35% ] reimport | faction_wm_corp_benelli_m2_SW.png
[  35% ] reimport | faction_wm_corp_benelli_m4_SE.png
[  35% ] reimport | faction_wm_corp_benelli_m4_SW.png
[  35% ] reimport | faction_wm_corp_cz75_SE.png
[  36% ] reimport | faction_wm_corp_cz75_SW.png
[  36% ] reimport | faction_wm_corp_desert_eagle_SE.png
[  36% ] reimport | faction_wm_corp_desert_eagle_SW.png
[  36% ] reimport | faction_wm_corp_five_seven_SE.png
[  36% ] reimport | faction_wm_corp_five_seven_SW.png
[  36% ] reimport | faction_wm_corp_g36c_SE.png
[  36% ] reimport | faction_wm_corp_g36c_SW.png
[  36% ] reimport | faction_wm_corp_glock_17_SE.png
[  36% ] reimport | faction_wm_corp_glock_17_SW.png
[  36% ] reimport | faction_wm_corp_m4a1_SE.png
[  36% ] reimport | faction_wm_corp_m4a1_SW.png
[  36% ] reimport | faction_wm_corp_m1911_SE.png
[  36% ] reimport | faction_wm_corp_m1911_SW.png
[  36% ] reimport | faction_wm_corp_mac10_SE.png
[  36% ] reimport | faction_wm_corp_mac10_SW.png
[  36% ] reimport | faction_wm_corp_mini14_SE.png
[  36% ] reimport | faction_wm_corp_mini14_SW.png
[  36% ] reimport | faction_wm_corp_moss500_SE.png
[  36% ] reimport | faction_wm_corp_moss500_SW.png
[  36% ] reimport | faction_wm_corp_mp5k_SE.png
[  36% ] reimport | faction_wm_corp_mp5k_SW.png
[  36% ] reimport | faction_wm_corp_mp5_SE.png
[  36% ] reimport | faction_wm_corp_mp5_SW.png
[  36% ] reimport | faction_whittaker_rem700_SW.png
[  36% ] reimport | faction_whittaker_rem870_SE.png
[  36% ] reimport | faction_whittaker_rem870_SW.png
[  36% ] reimport | faction_whittaker_saiga12_SE.png
[  36% ] reimport | faction_whittaker_saiga12_SW.png
[  36% ] reimport | faction_whittaker_scar_h_SE.png
[  36% ] reimport | faction_whittaker_scar_h_SW.png
[  36% ] reimport | faction_whittaker_sks_SE.png
[  36% ] reimport | faction_whittaker_sks_SW.png
[  36% ] reimport | faction_whittaker_spas12_SE.png
[  36% ] reimport | faction_whittaker_spas12_SW.png
[  36% ] reimport | faction_whittaker_ssg69_SE.png
[  37% ] reimport | faction_whittaker_ssg69_SW.png
[  37% ] reimport | faction_whittaker_svd_SE.png
[  37% ] reimport | faction_whittaker_svd_SW.png
[  37% ] reimport | faction_whittaker_usp_SE.png
[  37% ] reimport | faction_whittaker_usp_SW.png
[  37% ] reimport | faction_whittaker_uzi_SE.png
[  37% ] reimport | faction_whittaker_uzi_SW.png
[  37% ] reimport | faction_whittaker_vector_SE.png
[  37% ] reimport | faction_whittaker_vector_SW.png
[  37% ] reimport | faction_wm_corp_ak47_SE.png
[  37% ] reimport | faction_wm_corp_ak47_SW.png
[  37% ] reimport | faction_wm_corp_aug_SE.png
[  37% ] reimport | faction_wm_corp_aug_SW.png
[  37% ] reimport | faction_wm_corp_awm_SE.png
[  37% ] reimport | faction_wm_corp_awm_SW.png
[  37% ] reimport | faction_wm_corp_benelli_m2_SE.png
[  37% ] reimport | faction_nbpd_five_seven_SW.png
[  37% ] reimport | faction_nbpd_g36c_SE.png
[  37% ] reimport | faction_nbpd_g36c_SW.png
[  37% ] reimport | faction_nbpd_glock_17_SE.png
[  37% ] reimport | faction_nbpd_glock_17_SW.png
[  37% ] reimport | faction_nbpd_m4a1_SE.png
[  37% ] reimport | faction_nbpd_m4a1_SW.png
[  37% ] reimport | faction_nbpd_m1911_SE.png
[  37% ] reimport | faction_nbpd_m1911_SW.png
[  37% ] reimport | faction_nbpd_mac10_SE.png
[  37% ] reimport | faction_nbpd_mac10_SW.png
[  37% ] reimport | faction_nbpd_mini14_SE.png
[  37% ] reimport | faction_nbpd_mini14_SW.png
[  37% ] reimport | faction_nbpd_moss500_SE.png
[  37% ] reimport | faction_nbpd_moss500_SW.png
[  37% ] reimport | faction_nbpd_mp5k_SE.png
[  37% ] reimport | faction_nbpd_mp5k_SW.png
[  37% ] reimport | faction_nbpd_mp5_SE.png
[  37% ] reimport | faction_nbpd_mp5_SW.png
[  38% ] reimport | faction_nbpd_p90_SE.png
[  38% ] reimport | faction_nbpd_p90_SW.png
[  38% ] reimport | faction_nbpd_psg1_SE.png
[  38% ] reimport | faction_nbpd_psg1_SW.png
[  38% ] reimport | faction_nbpd_rem700_SE.png
[  38% ] reimport | faction_nbpd_rem700_SW.png
[  38% ] reimport | faction_nbpd_rem870_SE.png
[  38% ] reimport | faction_nbpd_rem870_SW.png
[  38% ] reimport | faction_mercer44_spas12_SE.png
[  38% ] reimport | faction_mercer44_spas12_SW.png
[  38% ] reimport | faction_mercer44_ssg69_SE.png
[  38% ] reimport | faction_mercer44_ssg69_SW.png
[  38% ] reimport | faction_mercer44_svd_SE.png
[  38% ] reimport | faction_mercer44_svd_SW.png
[  38% ] reimport | faction_mercer44_usp_SE.png
[  38% ] reimport | faction_mercer44_usp_SW.png
[  38% ] reimport | faction_mercer44_uzi_SE.png
[  38% ] reimport | faction_mercer44_uzi_SW.png
[  38% ] reimport | faction_mercer44_vector_SE.png
[  38% ] reimport | faction_mercer44_vector_SW.png
[  38% ] reimport | faction_nbpd_ak47_SE.png
[  38% ] reimport | faction_nbpd_ak47_SW.png
[  38% ] reimport | faction_nbpd_aug_SE.png
[  38% ] reimport | faction_nbpd_aug_SW.png
[  38% ] reimport | faction_nbpd_awm_SE.png
[  38% ] reimport | faction_nbpd_awm_SW.png
[  38% ] reimport | faction_nbpd_benelli_m2_SE.png
[  38% ] reimport | faction_nbpd_benelli_m2_SW.png
[  38% ] reimport | faction_nbpd_benelli_m4_SE.png
[  38% ] reimport | faction_nbpd_benelli_m4_SW.png
[  38% ] reimport | faction_nbpd_cz75_SE.png
[  38% ] reimport | faction_nbpd_cz75_SW.png
[  38% ] reimport | faction_nbpd_desert_eagle_SE.png
[  38% ] reimport | faction_nbpd_desert_eagle_SW.png
[  38% ] reimport | faction_nbpd_five_seven_SE.png
[  39% ] reimport | faction_orlov_sniper_svd_SE.png
[  39% ] reimport | faction_orlov_sniper_svd_SW.png
[  39% ] reimport | faction_ravicci_ak47_SE.png
[  39% ] reimport | faction_ravicci_ak47_SW.png
[  39% ] reimport | faction_ravicci_aug_SE.png
[  39% ] reimport | faction_ravicci_aug_SW.png
[  39% ] reimport | faction_ravicci_awm_SE.png
[  39% ] reimport | faction_ravicci_awm_SW.png
[  39% ] reimport | faction_ravicci_benelli_m2_SE.png
[  39% ] reimport | faction_ravicci_benelli_m2_SW.png
[  39% ] reimport | faction_ravicci_benelli_m4_SE.png
[  39% ] reimport | faction_ravicci_benelli_m4_SW.png
[  39% ] reimport | faction_ravicci_cz75_SE.png
[  39% ] reimport | faction_ravicci_cz75_SW.png
[  39% ] reimport | faction_ravicci_desert_eagle_SE.png
[  39% ] reimport | faction_ravicci_desert_eagle_SW.png
[  39% ] reimport | faction_ravicci_five_seven_SE.png
[  39% ] reimport | faction_ravicci_five_seven_SW.png
[  39% ] reimport | faction_ravicci_g36c_SE.png
[  39% ] reimport | faction_ravicci_g36c_SW.png
[  39% ] reimport | faction_ravicci_glock_17_SE.png
[  39% ] reimport | faction_ravicci_glock_17_SW.png
[  39% ] reimport | faction_ravicci_m4a1_SE.png
[  39% ] reimport | faction_ravicci_m4a1_SW.png
[  39% ] reimport | faction_ravicci_m1911_SE.png
[  39% ] reimport | faction_ravicci_m1911_SW.png
[  39% ] reimport | faction_ravicci_mac10_SE.png
[  39% ] reimport | faction_nbpd_saiga12_SE.png
[  39% ] reimport | faction_nbpd_saiga12_SW.png
[  39% ] reimport | faction_nbpd_scar_h_SE.png
[  39% ] reimport | faction_nbpd_scar_h_SW.png
[  39% ] reimport | faction_nbpd_sks_SE.png
[  39% ] reimport | faction_nbpd_sks_SW.png
[  39% ] reimport | faction_nbpd_spas12_SE.png
[  39% ] reimport | faction_nbpd_spas12_SW.png
[  40% ] reimport | faction_nbpd_ssg69_SE.png
[  40% ] reimport | faction_nbpd_ssg69_SW.png
[  40% ] reimport | faction_nbpd_svd_SE.png
[  40% ] reimport | faction_nbpd_svd_SW.png
[  40% ] reimport | faction_nbpd_usp_SE.png
[  40% ] reimport | faction_nbpd_usp_SW.png
[  40% ] reimport | faction_nbpd_uzi_SE.png
[  40% ] reimport | faction_nbpd_uzi_SW.png
[  40% ] reimport | faction_nbpd_vector_SE.png
[  40% ] reimport | faction_nbpd_vector_SW.png
[  40% ] reimport | faction_orlov_sniper_awm_SE.png
[  40% ] reimport | faction_orlov_sniper_awm_SW.png
[  40% ] reimport | faction_orlov_sniper_psg1_SE.png
[  40% ] reimport | faction_orlov_sniper_psg1_SW.png
[  40% ] reimport | faction_orlov_sniper_rem700_SE.png
[  40% ] reimport | faction_orlov_sniper_rem700_SW.png
[  40% ] reimport | faction_orlov_sniper_sks_SE.png
[  40% ] reimport | faction_orlov_sniper_sks_SW.png
[  40% ] reimport | faction_orlov_sniper_ssg69_SE.png
[  40% ] reimport | faction_orlov_sniper_ssg69_SW.png
[  40% ] reimport | faction_mcallister_mini14_SE.png
[  40% ] reimport | faction_mcallister_mini14_SW.png
[  40% ] reimport | faction_mcallister_moss500_SE.png
[  40% ] reimport | faction_mcallister_moss500_SW.png
[  40% ] reimport | faction_mcallister_mp5k_SE.png
[  40% ] reimport | faction_mcallister_mp5k_SW.png
[  40% ] reimport | faction_mcallister_mp5_SE.png
[  40% ] reimport | faction_mcallister_mp5_SW.png
[  40% ] reimport | faction_mcallister_p90_SE.png
[  40% ] reimport | faction_mcallister_p90_SW.png
[  40% ] reimport | faction_mcallister_psg1_SE.png
[  40% ] reimport | faction_mcallister_psg1_SW.png
[  40% ] reimport | faction_mcallister_rem700_SE.png
[  40% ] reimport | faction_mcallister_rem700_SW.png
[  40% ] reimport | faction_mcallister_rem870_SE.png
[  41% ] reimport | faction_mcallister_rem870_SW.png
[  41% ] reimport | faction_mcallister_saiga12_SE.png
[  41% ] reimport | faction_mcallister_saiga12_SW.png
[  41% ] reimport | faction_mcallister_scar_h_SE.png
[  41% ] reimport | faction_mcallister_scar_h_SW.png
[  41% ] reimport | faction_mcallister_sks_SE.png
[  41% ] reimport | faction_mcallister_sks_SW.png
[  41% ] reimport | faction_mcallister_spas12_SE.png
[  41% ] reimport | faction_mcallister_spas12_SW.png
[  41% ] reimport | faction_mcallister_ssg69_SE.png
[  41% ] reimport | faction_mcallister_ssg69_SW.png
[  41% ] reimport | faction_mcallister_svd_SE.png
[  41% ] reimport | faction_lombardia_vector_SE.png
[  41% ] reimport | faction_lombardia_vector_SW.png
[  41% ] reimport | faction_mcallister_ak47_SE.png
[  41% ] reimport | faction_mcallister_ak47_SW.png
[  41% ] reimport | faction_mcallister_aug_SE.png
[  41% ] reimport | faction_mcallister_aug_SW.png
[  41% ] reimport | faction_mcallister_awm_SE.png
[  41% ] reimport | faction_mcallister_awm_SW.png
[  41% ] reimport | faction_mcallister_benelli_m2_SE.png
[  41% ] reimport | faction_mcallister_benelli_m2_SW.png
[  41% ] reimport | faction_mcallister_benelli_m4_SE.png
[  41% ] reimport | faction_mcallister_benelli_m4_SW.png
[  41% ] reimport | faction_mcallister_cz75_SE.png
[  41% ] reimport | faction_mcallister_cz75_SW.png
[  41% ] reimport | faction_mcallister_desert_eagle_SE.png
[  41% ] reimport | faction_mcallister_desert_eagle_SW.png
[  41% ] reimport | faction_mcallister_five_seven_SE.png
[  41% ] reimport | faction_mcallister_five_seven_SW.png
[  41% ] reimport | faction_mcallister_g36c_SE.png
[  41% ] reimport | faction_mcallister_g36c_SW.png
[  41% ] reimport | faction_mcallister_glock_17_SE.png
[  41% ] reimport | faction_mcallister_glock_17_SW.png
[  41% ] reimport | faction_mcallister_m4a1_SE.png
[  42% ] reimport | faction_mcallister_m4a1_SW.png
[  42% ] reimport | faction_mcallister_m1911_SE.png
[  42% ] reimport | faction_mcallister_m1911_SW.png
[  42% ] reimport | faction_mcallister_mac10_SE.png
[  42% ] reimport | faction_mcallister_mac10_SW.png
[  42% ] reimport | faction_mercer44_m4a1_SW.png
[  42% ] reimport | faction_mercer44_m1911_SE.png
[  42% ] reimport | faction_mercer44_m1911_SW.png
[  42% ] reimport | faction_mercer44_mac10_SE.png
[  42% ] reimport | faction_mercer44_mac10_SW.png
[  42% ] reimport | faction_mercer44_mini14_SE.png
[  42% ] reimport | faction_mercer44_mini14_SW.png
[  42% ] reimport | faction_mercer44_moss500_SE.png
[  42% ] reimport | faction_mercer44_moss500_SW.png
[  42% ] reimport | faction_mercer44_mp5k_SE.png
[  42% ] reimport | faction_mercer44_mp5k_SW.png
[  42% ] reimport | faction_mercer44_mp5_SE.png
[  42% ] reimport | faction_mercer44_mp5_SW.png
[  42% ] reimport | faction_mercer44_p90_SE.png
[  42% ] reimport | faction_mercer44_p90_SW.png
[  42% ] reimport | faction_mercer44_psg1_SE.png
[  42% ] reimport | faction_mercer44_psg1_SW.png
[  42% ] reimport | faction_mercer44_rem700_SE.png
[  42% ] reimport | faction_mercer44_rem700_SW.png
[  42% ] reimport | faction_mercer44_rem870_SE.png
[  42% ] reimport | faction_mercer44_rem870_SW.png
[  42% ] reimport | faction_mercer44_saiga12_SE.png
[  42% ] reimport | faction_mercer44_saiga12_SW.png
[  42% ] reimport | faction_mercer44_scar_h_SE.png
[  42% ] reimport | faction_mercer44_scar_h_SW.png
[  42% ] reimport | faction_mercer44_sks_SE.png
[  42% ] reimport | faction_mercer44_sks_SW.png
[  42% ] reimport | faction_mcallister_svd_SW.png
[  42% ] reimport | faction_mcallister_usp_SE.png
[  42% ] reimport | faction_mcallister_usp_SW.png
[  42% ] reimport | faction_mcallister_uzi_SE.png
[  43% ] reimport | faction_mcallister_uzi_SW.png
[  43% ] reimport | faction_mcallister_vector_SE.png
[  43% ] reimport | faction_mcallister_vector_SW.png
[  43% ] reimport | faction_mercer44_ak47_SE.png
[  43% ] reimport | faction_mercer44_ak47_SW.png
[  43% ] reimport | faction_mercer44_aug_SE.png
[  43% ] reimport | faction_mercer44_aug_SW.png
[  43% ] reimport | faction_mercer44_awm_SE.png
[  43% ] reimport | faction_mercer44_awm_SW.png
[  43% ] reimport | faction_mercer44_benelli_m2_SE.png
[  43% ] reimport | faction_mercer44_benelli_m2_SW.png
[  43% ] reimport | faction_mercer44_benelli_m4_SE.png
[  43% ] reimport | faction_mercer44_benelli_m4_SW.png
[  43% ] reimport | faction_mercer44_cz75_SE.png
[  43% ] reimport | faction_mercer44_cz75_SW.png
[  43% ] reimport | faction_mercer44_desert_eagle_SE.png
[  43% ] reimport | faction_mercer44_desert_eagle_SW.png
[  43% ] reimport | faction_mercer44_five_seven_SE.png
[  43% ] reimport | faction_mercer44_five_seven_SW.png
[  43% ] reimport | faction_mercer44_g36c_SE.png
[  43% ] reimport | faction_mercer44_g36c_SW.png
[  43% ] reimport | faction_mercer44_glock_17_SE.png
[  43% ] reimport | faction_mercer44_glock_17_SW.png
[  43% ] reimport | faction_mercer44_m4a1_SE.png
[  43% ] reimport | faction_sand_raiders_saiga12_SW.png
[  43% ] reimport | faction_sand_raiders_scar_h_SE.png
[  43% ] reimport | faction_sand_raiders_scar_h_SW.png
[  43% ] reimport | faction_sand_raiders_sks_SE.png
[  43% ] reimport | faction_sand_raiders_sks_SW.png
[  43% ] reimport | faction_sand_raiders_spas12_SE.png
[  43% ] reimport | faction_sand_raiders_spas12_SW.png
[  43% ] reimport | faction_sand_raiders_ssg69_SE.png
[  43% ] reimport | faction_sand_raiders_ssg69_SW.png
[  43% ] reimport | faction_sand_raiders_svd_SE.png
[  43% ] reimport | faction_sand_raiders_svd_SW.png
[  44% ] reimport | faction_sand_raiders_usp_SE.png
[  44% ] reimport | faction_sand_raiders_usp_SW.png
[  44% ] reimport | faction_sand_raiders_uzi_SE.png
[  44% ] reimport | faction_sand_raiders_uzi_SW.png
[  44% ] reimport | faction_sand_raiders_vector_SE.png
[  44% ] reimport | faction_sand_raiders_vector_SW.png
[  44% ] reimport | faction_sierra_roja_ak47_SE.png
[  44% ] reimport | faction_sierra_roja_ak47_SW.png
[  44% ] reimport | faction_sierra_roja_aug_SE.png
[  44% ] reimport | faction_sierra_roja_aug_SW.png
[  44% ] reimport | faction_sierra_roja_awm_SE.png
[  44% ] reimport | faction_sierra_roja_awm_SW.png
[  44% ] reimport | faction_sierra_roja_benelli_m2_SE.png
[  44% ] reimport | faction_sierra_roja_benelli_m2_SW.png
[  44% ] reimport | faction_sierra_roja_benelli_m4_SE.png
[  44% ] reimport | faction_sierra_roja_benelli_m4_SW.png
[  44% ] reimport | faction_sand_raiders_five_seven_SW.png
[  44% ] reimport | faction_sand_raiders_g36c_SE.png
[  44% ] reimport | faction_sand_raiders_g36c_SW.png
[  44% ] reimport | faction_sand_raiders_glock_17_SE.png
[  44% ] reimport | faction_sand_raiders_glock_17_SW.png
[  44% ] reimport | faction_sand_raiders_m4a1_SE.png
[  44% ] reimport | faction_sand_raiders_m4a1_SW.png
[  44% ] reimport | faction_sand_raiders_m1911_SE.png
[  44% ] reimport | faction_sand_raiders_m1911_SW.png
[  44% ] reimport | faction_sand_raiders_mac10_SE.png
[  44% ] reimport | faction_sand_raiders_mac10_SW.png
[  44% ] reimport | faction_sand_raiders_mini14_SE.png
[  44% ] reimport | faction_sand_raiders_mini14_SW.png
[  44% ] reimport | faction_sand_raiders_moss500_SE.png
[  44% ] reimport | faction_sand_raiders_moss500_SW.png
[  44% ] reimport | faction_sand_raiders_mp5k_SE.png
[  44% ] reimport | faction_sand_raiders_mp5k_SW.png
[  44% ] reimport | faction_sand_raiders_mp5_SE.png
[  44% ] reimport | faction_sand_raiders_mp5_SW.png
[  45% ] reimport | faction_sand_raiders_p90_SE.png
[  45% ] reimport | faction_sand_raiders_p90_SW.png
[  45% ] reimport | faction_sand_raiders_psg1_SE.png
[  45% ] reimport | faction_sand_raiders_psg1_SW.png
[  45% ] reimport | faction_sand_raiders_rem700_SE.png
[  45% ] reimport | faction_sand_raiders_rem700_SW.png
[  45% ] reimport | faction_sand_raiders_rem870_SE.png
[  45% ] reimport | faction_sand_raiders_rem870_SW.png
[  45% ] reimport | faction_sand_raiders_saiga12_SE.png
[  45% ] reimport | faction_sierra_roja_rem700_SE.png
[  45% ] reimport | faction_sierra_roja_rem700_SW.png
[  45% ] reimport | faction_sierra_roja_rem870_SE.png
[  45% ] reimport | faction_sierra_roja_rem870_SW.png
[  45% ] reimport | faction_sierra_roja_saiga12_SE.png
[  45% ] reimport | faction_sierra_roja_saiga12_SW.png
[  45% ] reimport | faction_sierra_roja_scar_h_SE.png
[  45% ] reimport | faction_sierra_roja_scar_h_SW.png
[  45% ] reimport | faction_sierra_roja_sks_SE.png
[  45% ] reimport | faction_sierra_roja_sks_SW.png
[  45% ] reimport | faction_sierra_roja_spas12_SE.png
[  45% ] reimport | faction_sierra_roja_spas12_SW.png
[  45% ] reimport | faction_sierra_roja_ssg69_SE.png
[  45% ] reimport | faction_sierra_roja_ssg69_SW.png
[  45% ] reimport | faction_sierra_roja_svd_SE.png
[  45% ] reimport | faction_sierra_roja_svd_SW.png
[  45% ] reimport | faction_sierra_roja_usp_SE.png
[  45% ] reimport | faction_sierra_roja_usp_SW.png
[  45% ] reimport | faction_sierra_roja_uzi_SE.png
[  45% ] reimport | faction_sierra_roja_uzi_SW.png
[  45% ] reimport | faction_sierra_roja_vector_SE.png
[  45% ] reimport | faction_sierra_roja_vector_SW.png
[  45% ] reimport | faction_stateline_ak47_SE.png
[  45% ] reimport | faction_stateline_ak47_SW.png
[  45% ] reimport | faction_stateline_aug_SE.png
[  45% ] reimport | faction_stateline_aug_SW.png
[  46% ] reimport | faction_stateline_awm_SE.png
[  46% ] reimport | faction_sierra_roja_cz75_SE.png
[  46% ] reimport | faction_sierra_roja_cz75_SW.png
[  46% ] reimport | faction_sierra_roja_desert_eagle_SE.png
[  46% ] reimport | faction_sierra_roja_desert_eagle_SW.png
[  46% ] reimport | faction_sierra_roja_five_seven_SE.png
[  46% ] reimport | faction_sierra_roja_five_seven_SW.png
[  46% ] reimport | faction_sierra_roja_g36c_SE.png
[  46% ] reimport | faction_sierra_roja_g36c_SW.png
[  46% ] reimport | faction_sierra_roja_glock_17_SE.png
[  46% ] reimport | faction_sierra_roja_glock_17_SW.png
[  46% ] reimport | faction_sierra_roja_m4a1_SE.png
[  46% ] reimport | faction_sierra_roja_m4a1_SW.png
[  46% ] reimport | faction_sierra_roja_m1911_SE.png
[  46% ] reimport | faction_sierra_roja_m1911_SW.png
[  46% ] reimport | faction_sierra_roja_mac10_SE.png
[  46% ] reimport | faction_sierra_roja_mac10_SW.png
[  46% ] reimport | faction_sierra_roja_mini14_SE.png
[  46% ] reimport | faction_sierra_roja_mini14_SW.png
[  46% ] reimport | faction_sierra_roja_moss500_SE.png
[  46% ] reimport | faction_sierra_roja_moss500_SW.png
[  46% ] reimport | faction_sierra_roja_mp5k_SE.png
[  46% ] reimport | faction_sierra_roja_mp5k_SW.png
[  46% ] reimport | faction_sierra_roja_mp5_SE.png
[  46% ] reimport | faction_sierra_roja_mp5_SW.png
[  46% ] reimport | faction_sierra_roja_p90_SE.png
[  46% ] reimport | faction_sierra_roja_p90_SW.png
[  46% ] reimport | faction_sierra_roja_psg1_SE.png
[  46% ] reimport | faction_sierra_roja_psg1_SW.png
[  46% ] reimport | faction_ravicci_svd_SW.png
[  46% ] reimport | faction_ravicci_usp_SE.png
[  46% ] reimport | faction_ravicci_usp_SW.png
[  46% ] reimport | faction_ravicci_uzi_SE.png
[  46% ] reimport | faction_ravicci_uzi_SW.png
[  46% ] reimport | faction_ravicci_vector_SE.png
[  47% ] reimport | faction_ravicci_vector_SW.png
[  47% ] reimport | faction_saffar_ak47_SE.png
[  47% ] reimport | faction_saffar_ak47_SW.png
[  47% ] reimport | faction_saffar_aug_SE.png
[  47% ] reimport | faction_saffar_aug_SW.png
[  47% ] reimport | faction_saffar_awm_SE.png
[  47% ] reimport | faction_saffar_awm_SW.png
[  47% ] reimport | faction_saffar_benelli_m2_SE.png
[  47% ] reimport | faction_saffar_benelli_m2_SW.png
[  47% ] reimport | faction_saffar_benelli_m4_SE.png
[  47% ] reimport | faction_saffar_benelli_m4_SW.png
[  47% ] reimport | faction_saffar_cz75_SE.png
[  47% ] reimport | faction_saffar_cz75_SW.png
[  47% ] reimport | faction_saffar_desert_eagle_SE.png
[  47% ] reimport | faction_saffar_desert_eagle_SW.png
[  47% ] reimport | faction_saffar_five_seven_SE.png
[  47% ] reimport | faction_saffar_five_seven_SW.png
[  47% ] reimport | faction_saffar_g36c_SE.png
[  47% ] reimport | faction_saffar_g36c_SW.png
[  47% ] reimport | faction_saffar_glock_17_SE.png
[  47% ] reimport | faction_saffar_glock_17_SW.png
[  47% ] reimport | faction_ravicci_mac10_SW.png
[  47% ] reimport | faction_ravicci_mini14_SE.png
[  47% ] reimport | faction_ravicci_mini14_SW.png
[  47% ] reimport | faction_ravicci_moss500_SE.png
[  47% ] reimport | faction_ravicci_moss500_SW.png
[  47% ] reimport | faction_ravicci_mp5k_SE.png
[  47% ] reimport | faction_ravicci_mp5k_SW.png
[  47% ] reimport | faction_ravicci_mp5_SE.png
[  47% ] reimport | faction_ravicci_mp5_SW.png
[  47% ] reimport | faction_ravicci_p90_SE.png
[  47% ] reimport | faction_ravicci_p90_SW.png
[  47% ] reimport | faction_ravicci_psg1_SE.png
[  47% ] reimport | faction_ravicci_psg1_SW.png
[  47% ] reimport | faction_ravicci_rem700_SE.png
[  48% ] reimport | faction_ravicci_rem700_SW.png
[  48% ] reimport | faction_ravicci_rem870_SE.png
[  48% ] reimport | faction_ravicci_rem870_SW.png
[  48% ] reimport | faction_ravicci_saiga12_SE.png
[  48% ] reimport | faction_ravicci_saiga12_SW.png
[  48% ] reimport | faction_ravicci_scar_h_SE.png
[  48% ] reimport | faction_ravicci_scar_h_SW.png
[  48% ] reimport | faction_ravicci_sks_SE.png
[  48% ] reimport | faction_ravicci_sks_SW.png
[  48% ] reimport | faction_ravicci_spas12_SE.png
[  48% ] reimport | faction_ravicci_spas12_SW.png
[  48% ] reimport | faction_ravicci_ssg69_SE.png
[  48% ] reimport | faction_ravicci_ssg69_SW.png
[  48% ] reimport | faction_ravicci_svd_SE.png
[  48% ] reimport | faction_saffar_spas12_SE.png
[  48% ] reimport | faction_saffar_spas12_SW.png
[  48% ] reimport | faction_saffar_ssg69_SE.png
[  48% ] reimport | faction_saffar_ssg69_SW.png
[  48% ] reimport | faction_saffar_svd_SE.png
[  48% ] reimport | faction_saffar_svd_SW.png
[  48% ] reimport | faction_saffar_usp_SE.png
[  48% ] reimport | faction_saffar_usp_SW.png
[  48% ] reimport | faction_saffar_uzi_SE.png
[  48% ] reimport | faction_saffar_uzi_SW.png
[  48% ] reimport | faction_saffar_vector_SE.png
[  48% ] reimport | faction_saffar_vector_SW.png
[  48% ] reimport | faction_sand_raiders_ak47_SE.png
[  48% ] reimport | faction_sand_raiders_ak47_SW.png
[  48% ] reimport | faction_sand_raiders_aug_SE.png
[  48% ] reimport | faction_sand_raiders_aug_SW.png
[  48% ] reimport | faction_sand_raiders_awm_SE.png
[  48% ] reimport | faction_sand_raiders_awm_SW.png
[  48% ] reimport | faction_sand_raiders_benelli_m2_SE.png
[  48% ] reimport | faction_sand_raiders_benelli_m2_SW.png
[  48% ] reimport | faction_sand_raiders_benelli_m4_SE.png
[  49% ] reimport | faction_sand_raiders_benelli_m4_SW.png
[  49% ] reimport | faction_sand_raiders_cz75_SE.png
[  49% ] reimport | faction_sand_raiders_cz75_SW.png
[  49% ] reimport | faction_sand_raiders_desert_eagle_SE.png
[  49% ] reimport | faction_sand_raiders_desert_eagle_SW.png
[  49% ] reimport | faction_sand_raiders_five_seven_SE.png
[  49% ] reimport | faction_saffar_m4a1_SE.png
[  49% ] reimport | faction_saffar_m4a1_SW.png
[  49% ] reimport | faction_saffar_m1911_SE.png
[  49% ] reimport | faction_saffar_m1911_SW.png
[  49% ] reimport | faction_saffar_mac10_SE.png
[  49% ] reimport | faction_saffar_mac10_SW.png
[  49% ] reimport | faction_saffar_mini14_SE.png
[  49% ] reimport | faction_saffar_mini14_SW.png
[  49% ] reimport | faction_saffar_moss500_SE.png
[  49% ] reimport | faction_saffar_moss500_SW.png
[  49% ] reimport | faction_saffar_mp5k_SE.png
[  49% ] reimport | faction_saffar_mp5k_SW.png
[  49% ] reimport | faction_saffar_mp5_SE.png
[  49% ] reimport | faction_saffar_mp5_SW.png
[  49% ] reimport | faction_saffar_p90_SE.png
[  49% ] reimport | faction_saffar_p90_SW.png
[  49% ] reimport | faction_saffar_psg1_SE.png
[  49% ] reimport | faction_saffar_psg1_SW.png
[  49% ] reimport | faction_saffar_rem700_SE.png
[  49% ] reimport | faction_saffar_rem700_SW.png
[  49% ] reimport | faction_saffar_rem870_SE.png
[  49% ] reimport | faction_saffar_rem870_SW.png
[  49% ] reimport | faction_saffar_saiga12_SE.png
[  49% ] reimport | faction_saffar_saiga12_SW.png
[  49% ] reimport | faction_saffar_scar_h_SE.png
[  49% ] reimport | faction_saffar_scar_h_SW.png
[  49% ] reimport | faction_saffar_sks_SE.png
[  49% ] reimport | faction_saffar_sks_SW.png
[  49% ] reimport | faction_union_sur_five_seven.png
[  50% ] reimport | faction_union_sur_g36c.png
[  50% ] reimport | faction_union_sur_glock_17.png
[  50% ] reimport | faction_union_sur_m4a1.png
[  50% ] reimport | faction_union_sur_m1911.png
[  50% ] reimport | faction_union_sur_mac10.png
[  50% ] reimport | faction_union_sur_mini14.png
[  50% ] reimport | faction_union_sur_moss500.png
[  50% ] reimport | faction_union_sur_mp5.png
[  50% ] reimport | faction_union_sur_mp5k.png
[  50% ] reimport | faction_union_sur_p90.png
[  50% ] reimport | faction_union_sur_psg1.png
[  50% ] reimport | faction_union_sur_rem700.png
[  50% ] reimport | faction_union_sur_rem870.png
[  50% ] reimport | faction_union_sur_saiga12.png
[  50% ] reimport | faction_union_sur_scar_h.png
[  50% ] reimport | faction_union_sur_sks.png
[  50% ] reimport | faction_union_sur_spas12.png
[  50% ] reimport | faction_union_sur_ssg69.png
[  50% ] reimport | faction_union_sur_svd.png
[  50% ] reimport | faction_union_sur_usp.png
[  50% ] reimport | faction_union_sur_uzi.png
[  50% ] reimport | faction_union_sur_vector.png
[  50% ] reimport | faction_ventresca_ak47.png
[  50% ] reimport | faction_ventresca_aug.png
[  50% ] reimport | faction_ventresca_awm.png
[  50% ] reimport | faction_ventresca_benelli_m2.png
[  50% ] reimport | faction_trc_m4a1.png
[  50% ] reimport | faction_trc_m1911.png
[  50% ] reimport | faction_trc_mac10.png
[  50% ] reimport | faction_trc_mini14.png
[  50% ] reimport | faction_trc_moss500.png
[  50% ] reimport | faction_trc_mp5.png
[  50% ] reimport | faction_trc_mp5k.png
[  50% ] reimport | faction_trc_p90.png
[  50% ] reimport | faction_trc_psg1.png
[  51% ] reimport | faction_trc_rem700.png
[  51% ] reimport | faction_trc_rem870.png
[  51% ] reimport | faction_trc_saiga12.png
[  51% ] reimport | faction_trc_scar_h.png
[  51% ] reimport | faction_trc_sks.png
[  51% ] reimport | faction_trc_spas12.png
[  51% ] reimport | faction_trc_ssg69.png
[  51% ] reimport | faction_trc_svd.png
[  51% ] reimport | faction_trc_usp.png
[  51% ] reimport | faction_trc_uzi.png
[  51% ] reimport | faction_trc_vector.png
[  51% ] reimport | faction_union_sur_ak47.png
[  51% ] reimport | faction_union_sur_aug.png
[  51% ] reimport | faction_union_sur_awm.png
[  51% ] reimport | faction_union_sur_benelli_m2.png
[  51% ] reimport | faction_union_sur_benelli_m4.png
[  51% ] reimport | faction_union_sur_cz75.png
[  51% ] reimport | faction_union_sur_desert_eagle.png
[  51% ] reimport | faction_whittaker_awm.png
[  51% ] reimport | faction_whittaker_benelli_m2.png
[  51% ] reimport | faction_whittaker_benelli_m4.png
[  51% ] reimport | faction_whittaker_cz75.png
[  51% ] reimport | faction_whittaker_desert_eagle.png
[  51% ] reimport | faction_whittaker_five_seven.png
[  51% ] reimport | faction_whittaker_g36c.png
[  51% ] reimport | faction_whittaker_glock_17.png
[  51% ] reimport | faction_whittaker_m4a1.png
[  51% ] reimport | faction_whittaker_m1911.png
[  51% ] reimport | faction_whittaker_mac10.png
[  51% ] reimport | faction_whittaker_mini14.png
[  51% ] reimport | faction_whittaker_moss500.png
[  51% ] reimport | faction_whittaker_mp5.png
[  51% ] reimport | faction_whittaker_mp5k.png
[  51% ] reimport | faction_whittaker_p90.png
[  51% ] reimport | faction_whittaker_psg1.png
[  52% ] reimport | faction_whittaker_rem700.png
[  52% ] reimport | faction_whittaker_rem870.png
[  52% ] reimport | faction_whittaker_saiga12.png
[  52% ] reimport | faction_whittaker_scar_h.png
[  52% ] reimport | faction_whittaker_sks.png
[  52% ] reimport | faction_whittaker_spas12.png
[  52% ] reimport | faction_whittaker_ssg69.png
[  52% ] reimport | faction_whittaker_svd.png
[  52% ] reimport | faction_whittaker_usp.png
[  52% ] reimport | faction_whittaker_uzi.png
[  52% ] reimport | faction_ventresca_benelli_m4.png
[  52% ] reimport | faction_ventresca_cz75.png
[  52% ] reimport | faction_ventresca_desert_eagle.png
[  52% ] reimport | faction_ventresca_five_seven.png
[  52% ] reimport | faction_ventresca_g36c.png
[  52% ] reimport | faction_ventresca_glock_17.png
[  52% ] reimport | faction_ventresca_m4a1.png
[  52% ] reimport | faction_ventresca_m1911.png
[  52% ] reimport | faction_ventresca_mac10.png
[  52% ] reimport | faction_ventresca_mini14.png
[  52% ] reimport | faction_ventresca_moss500.png
[  52% ] reimport | faction_ventresca_mp5.png
[  52% ] reimport | faction_ventresca_mp5k.png
[  52% ] reimport | faction_ventresca_p90.png
[  52% ] reimport | faction_ventresca_psg1.png
[  52% ] reimport | faction_ventresca_rem700.png
[  52% ] reimport | faction_ventresca_rem870.png
[  52% ] reimport | faction_ventresca_saiga12.png
[  52% ] reimport | faction_ventresca_scar_h.png
[  52% ] reimport | faction_ventresca_sks.png
[  52% ] reimport | faction_ventresca_spas12.png
[  52% ] reimport | faction_ventresca_ssg69.png
[  52% ] reimport | faction_ventresca_svd.png
[  52% ] reimport | faction_ventresca_usp.png
[  52% ] reimport | faction_ventresca_uzi.png
[  53% ] reimport | faction_ventresca_vector.png
[  53% ] reimport | faction_whittaker_ak47.png
[  53% ] reimport | faction_whittaker_aug.png
[  53% ] reimport | faction_sand_raiders_psg1.png
[  53% ] reimport | faction_sand_raiders_rem700.png
[  53% ] reimport | faction_sand_raiders_rem870.png
[  53% ] reimport | faction_sand_raiders_saiga12.png
[  53% ] reimport | faction_sand_raiders_scar_h.png
[  53% ] reimport | faction_sand_raiders_sks.png
[  53% ] reimport | faction_sand_raiders_spas12.png
[  53% ] reimport | faction_sand_raiders_ssg69.png
[  53% ] reimport | faction_sand_raiders_svd.png
[  53% ] reimport | faction_sand_raiders_usp.png
[  53% ] reimport | faction_sand_raiders_uzi.png
[  53% ] reimport | faction_sand_raiders_vector.png
[  53% ] reimport | faction_sierra_roja_ak47.png
[  53% ] reimport | faction_sierra_roja_aug.png
[  53% ] reimport | faction_sierra_roja_awm.png
[  53% ] reimport | faction_sierra_roja_benelli_m2.png
[  53% ] reimport | faction_sierra_roja_benelli_m4.png
[  53% ] reimport | faction_sierra_roja_cz75.png
[  53% ] reimport | faction_sierra_roja_desert_eagle.png
[  53% ] reimport | faction_sierra_roja_five_seven.png
[  53% ] reimport | faction_sierra_roja_g36c.png
[  53% ] reimport | faction_sierra_roja_glock_17.png
[  53% ] reimport | faction_sierra_roja_m4a1.png
[  53% ] reimport | faction_sierra_roja_m1911.png
[  53% ] reimport | faction_sierra_roja_mac10.png
[  53% ] reimport | faction_sierra_roja_mini14.png
[  53% ] reimport | faction_sierra_roja_moss500.png
[  53% ] reimport | faction_saffar_rem870.png
[  53% ] reimport | faction_saffar_saiga12.png
[  53% ] reimport | faction_saffar_scar_h.png
[  53% ] reimport | faction_saffar_sks.png
[  53% ] reimport | faction_saffar_spas12.png
[  54% ] reimport | faction_saffar_ssg69.png
[  54% ] reimport | faction_saffar_svd.png
[  54% ] reimport | faction_saffar_usp.png
[  54% ] reimport | faction_saffar_uzi.png
[  54% ] reimport | faction_saffar_vector.png
[  54% ] reimport | faction_sand_raiders_ak47.png
[  54% ] reimport | faction_sand_raiders_aug.png
[  54% ] reimport | faction_sand_raiders_awm.png
[  54% ] reimport | faction_sand_raiders_benelli_m2.png
[  54% ] reimport | faction_sand_raiders_benelli_m4.png
[  54% ] reimport | faction_sand_raiders_cz75.png
[  54% ] reimport | faction_sand_raiders_desert_eagle.png
[  54% ] reimport | faction_sand_raiders_five_seven.png
[  54% ] reimport | faction_sand_raiders_g36c.png
[  54% ] reimport | faction_sand_raiders_glock_17.png
[  54% ] reimport | faction_sand_raiders_m4a1.png
[  54% ] reimport | faction_sand_raiders_m1911.png
[  54% ] reimport | faction_sand_raiders_mac10.png
[  54% ] reimport | faction_sand_raiders_mini14.png
[  54% ] reimport | faction_sand_raiders_moss500.png
[  54% ] reimport | faction_sand_raiders_mp5.png
[  54% ] reimport | faction_sand_raiders_mp5k.png
[  54% ] reimport | faction_sand_raiders_p90.png
[  54% ] reimport | faction_stateline_mini14.png
[  54% ] reimport | faction_stateline_moss500.png
[  54% ] reimport | faction_stateline_mp5.png
[  54% ] reimport | faction_stateline_mp5k.png
[  54% ] reimport | faction_stateline_p90.png
[  54% ] reimport | faction_stateline_psg1.png
[  54% ] reimport | faction_stateline_rem700.png
[  54% ] reimport | faction_stateline_rem870.png
[  54% ] reimport | faction_stateline_saiga12.png
[  54% ] reimport | faction_stateline_scar_h.png
[  54% ] reimport | faction_stateline_sks.png
[  54% ] reimport | faction_stateline_spas12.png
[  55% ] reimport | faction_stateline_ssg69.png
[  55% ] reimport | faction_stateline_svd.png
[  55% ] reimport | faction_stateline_usp.png
[  55% ] reimport | faction_stateline_uzi.png
[  55% ] reimport | faction_stateline_vector.png
[  55% ] reimport | faction_trc_ak47.png
[  55% ] reimport | faction_trc_aug.png
[  55% ] reimport | faction_trc_awm.png
[  55% ] reimport | faction_trc_benelli_m2.png
[  55% ] reimport | faction_trc_benelli_m4.png
[  55% ] reimport | faction_trc_cz75.png
[  55% ] reimport | faction_trc_desert_eagle.png
[  55% ] reimport | faction_trc_five_seven.png
[  55% ] reimport | faction_trc_g36c.png
[  55% ] reimport | faction_trc_glock_17.png
[  55% ] reimport | faction_sierra_roja_mp5.png
[  55% ] reimport | faction_sierra_roja_mp5k.png
[  55% ] reimport | faction_sierra_roja_p90.png
[  55% ] reimport | faction_sierra_roja_psg1.png
[  55% ] reimport | faction_sierra_roja_rem700.png
[  55% ] reimport | faction_sierra_roja_rem870.png
[  55% ] reimport | faction_sierra_roja_saiga12.png
[  55% ] reimport | faction_sierra_roja_scar_h.png
[  55% ] reimport | faction_sierra_roja_sks.png
[  55% ] reimport | faction_sierra_roja_spas12.png
[  55% ] reimport | faction_sierra_roja_ssg69.png
[  55% ] reimport | faction_sierra_roja_svd.png
[  55% ] reimport | faction_sierra_roja_usp.png
[  55% ] reimport | faction_sierra_roja_uzi.png
[  55% ] reimport | faction_sierra_roja_vector.png
[  55% ] reimport | faction_stateline_ak47.png
[  55% ] reimport | faction_stateline_aug.png
[  55% ] reimport | faction_stateline_awm.png
[  55% ] reimport | faction_stateline_benelli_m2.png
[  55% ] reimport | faction_stateline_benelli_m4.png
[  56% ] reimport | faction_stateline_cz75.png
[  56% ] reimport | faction_stateline_desert_eagle.png
[  56% ] reimport | faction_stateline_five_seven.png
[  56% ] reimport | faction_stateline_g36c.png
[  56% ] reimport | faction_stateline_glock_17.png
[  56% ] reimport | faction_stateline_m4a1.png
[  56% ] reimport | faction_stateline_m1911.png
[  56% ] reimport | faction_stateline_mac10.png
[  56% ] reimport | arsenal_1_g36c_SW.png
[  56% ] reimport | arsenal_1_m4a1_SE.png
[  56% ] reimport | arsenal_1_m4a1_SW.png
[  56% ] reimport | arsenal_1_m1911_SE.png
[  56% ] reimport | arsenal_1_m1911_SW.png
[  56% ] reimport | arsenal_1_mac10_SE.png
[  56% ] reimport | arsenal_1_mac10_SW.png
[  56% ] reimport | arsenal_1_mini14_SE.png
[  56% ] reimport | arsenal_1_mini14_SW.png
[  56% ] reimport | arsenal_1_moss500_SE.png
[  56% ] reimport | arsenal_1_moss500_SW.png
[  56% ] reimport | arsenal_1_mp5k_SE.png
[  56% ] reimport | arsenal_1_mp5k_SW.png
[  56% ] reimport | arsenal_1_mp5_SE.png
[  56% ] reimport | arsenal_1_mp5_SW.png
[  56% ] reimport | arsenal_1_p90_SE.png
[  56% ] reimport | arsenal_1_p90_SW.png
[  56% ] reimport | arsenal_1_saiga12_SE.png
[  56% ] reimport | arsenal_1_saiga12_SW.png
[  56% ] reimport | arsenal_1_scar_h_SE.png
[  56% ] reimport | arsenal_1_scar_h_SW.png
[  56% ] reimport | arsenal_1_spas12_SE.png
[  56% ] reimport | arsenal_1_spas12_SW.png
[  56% ] reimport | arsenal_1_usp_SE.png
[  56% ] reimport | arsenal_1_usp_SW.png
[  56% ] reimport | arsenal_1_vector_SE.png
[  56% ] reimport | arsenal_1_vector_SW.png
[  57% ] reimport | arsenal_0_mp5_SE.png
[  57% ] reimport | arsenal_0_mp5_SW.png
[  57% ] reimport | arsenal_0_p90_SE.png
[  57% ] reimport | arsenal_0_p90_SW.png
[  57% ] reimport | arsenal_0_saiga12_SE.png
[  57% ] reimport | arsenal_0_saiga12_SW.png
[  57% ] reimport | arsenal_0_scar_h_SE.png
[  57% ] reimport | arsenal_0_scar_h_SW.png
[  57% ] reimport | arsenal_0_spas12_SE.png
[  57% ] reimport | arsenal_0_spas12_SW.png
[  57% ] reimport | arsenal_0_usp_SE.png
[  57% ] reimport | arsenal_0_usp_SW.png
[  57% ] reimport | arsenal_0_vector_SE.png
[  57% ] reimport | arsenal_0_vector_SW.png
[  57% ] reimport | arsenal_1_aug_SE.png
[  57% ] reimport | arsenal_1_aug_SW.png
[  57% ] reimport | arsenal_1_benelli_m2_SE.png
[  57% ] reimport | arsenal_1_benelli_m2_SW.png
[  57% ] reimport | arsenal_1_benelli_m4_SE.png
[  57% ] reimport | arsenal_1_benelli_m4_SW.png
[  57% ] reimport | arsenal_1_cz75_SE.png
[  57% ] reimport | arsenal_1_cz75_SW.png
[  57% ] reimport | arsenal_1_desert_eagle_SE.png
[  57% ] reimport | arsenal_1_desert_eagle_SW.png
[  57% ] reimport | arsenal_1_five_seven_SE.png
[  57% ] reimport | arsenal_1_five_seven_SW.png
[  57% ] reimport | arsenal_1_g36c_SE.png
[  57% ] reimport | faction_ashford_crane_moss500_SE.png
[  57% ] reimport | faction_ashford_crane_moss500_SW.png
[  57% ] reimport | faction_ashford_crane_mp5k_SE.png
[  57% ] reimport | faction_ashford_crane_mp5k_SW.png
[  57% ] reimport | faction_ashford_crane_mp5_SE.png
[  57% ] reimport | faction_ashford_crane_mp5_SW.png
[  57% ] reimport | faction_ashford_crane_p90_SE.png
[  57% ] reimport | faction_ashford_crane_p90_SW.png
[  57% ] reimport | faction_ashford_crane_psg1_SE.png
[  58% ] reimport | faction_ashford_crane_psg1_SW.png
[  58% ] reimport | faction_ashford_crane_rem700_SE.png
[  58% ] reimport | faction_ashford_crane_rem700_SW.png
[  58% ] reimport | faction_ashford_crane_rem870_SE.png
[  58% ] reimport | faction_ashford_crane_rem870_SW.png
[  58% ] reimport | faction_ashford_crane_saiga12_SE.png
[  58% ] reimport | faction_ashford_crane_saiga12_SW.png
[  58% ] reimport | faction_ashford_crane_scar_h_SE.png
[  58% ] reimport | faction_ashford_crane_scar_h_SW.png
[  58% ] reimport | faction_ashford_crane_sks_SE.png
[  58% ] reimport | faction_ashford_crane_sks_SW.png
[  58% ] reimport | faction_ashford_crane_spas12_SE.png
[  58% ] reimport | faction_ashford_crane_spas12_SW.png
[  58% ] reimport | faction_ashford_crane_ssg69_SE.png
[  58% ] reimport | faction_ashford_crane_ssg69_SW.png
[  58% ] reimport | faction_ashford_crane_svd_SE.png
[  58% ] reimport | faction_ashford_crane_svd_SW.png
[  58% ] reimport | faction_ashford_crane_usp_SE.png
[  58% ] reimport | faction_ashford_crane_ak47_SE.png
[  58% ] reimport | faction_ashford_crane_ak47_SW.png
[  58% ] reimport | faction_ashford_crane_aug_SE.png
[  58% ] reimport | faction_ashford_crane_aug_SW.png
[  58% ] reimport | faction_ashford_crane_awm_SE.png
[  58% ] reimport | faction_ashford_crane_awm_SW.png
[  58% ] reimport | faction_ashford_crane_benelli_m2_SE.png
[  58% ] reimport | faction_ashford_crane_benelli_m2_SW.png
[  58% ] reimport | faction_ashford_crane_benelli_m4_SE.png
[  58% ] reimport | faction_ashford_crane_benelli_m4_SW.png
[  58% ] reimport | faction_ashford_crane_cz75_SE.png
[  58% ] reimport | faction_ashford_crane_cz75_SW.png
[  58% ] reimport | faction_ashford_crane_desert_eagle_SE.png
[  58% ] reimport | faction_ashford_crane_desert_eagle_SW.png
[  58% ] reimport | faction_ashford_crane_five_seven_SE.png
[  58% ] reimport | faction_ashford_crane_five_seven_SW.png
[  58% ] reimport | faction_ashford_crane_g36c_SE.png
[  59% ] reimport | faction_ashford_crane_g36c_SW.png
[  59% ] reimport | faction_ashford_crane_glock_17_SE.png
[  59% ] reimport | faction_ashford_crane_glock_17_SW.png
[  59% ] reimport | faction_ashford_crane_m4a1_SE.png
[  59% ] reimport | faction_ashford_crane_m4a1_SW.png
[  59% ] reimport | faction_ashford_crane_m1911_SE.png
[  59% ] reimport | faction_ashford_crane_m1911_SW.png
[  59% ] reimport | faction_ashford_crane_mac10_SE.png
[  59% ] reimport | faction_ashford_crane_mac10_SW.png
[  59% ] reimport | faction_ashford_crane_mini14_SE.png
[  59% ] reimport | faction_ashford_crane_mini14_SW.png
[  59% ] reimport | faction_wm_corp_usp.png
[  59% ] reimport | faction_wm_corp_uzi.png
[  59% ] reimport | faction_wm_corp_vector.png
[  59% ] reimport | faction_zangyaku_ak47.png
[  59% ] reimport | faction_zangyaku_aug.png
[  59% ] reimport | faction_zangyaku_awm.png
[  59% ] reimport | faction_zangyaku_benelli_m2.png
[  59% ] reimport | faction_zangyaku_benelli_m4.png
[  59% ] reimport | faction_zangyaku_cz75.png
[  59% ] reimport | faction_zangyaku_desert_eagle.png
[  59% ] reimport | faction_zangyaku_five_seven.png
[  59% ] reimport | faction_zangyaku_g36c.png
[  59% ] reimport | faction_zangyaku_glock_17.png
[  59% ] reimport | faction_zangyaku_m4a1.png
[  59% ] reimport | faction_zangyaku_m1911.png
[  59% ] reimport | faction_zangyaku_mac10.png
[  59% ] reimport | faction_zangyaku_mini14.png
[  59% ] reimport | faction_zangyaku_moss500.png
[  59% ] reimport | faction_zangyaku_mp5.png
[  59% ] reimport | faction_zangyaku_mp5k.png
[  59% ] reimport | faction_zangyaku_p90.png
[  59% ] reimport | faction_zangyaku_psg1.png
[  59% ] reimport | faction_zangyaku_rem700.png
[  59% ] reimport | faction_zangyaku_rem870.png
[  60% ] reimport | faction_zangyaku_saiga12.png
[  60% ] reimport | faction_zangyaku_scar_h.png
[  60% ] reimport | faction_zangyaku_sks.png
[  60% ] reimport | faction_whittaker_vector.png
[  60% ] reimport | faction_wm_corp_ak47.png
[  60% ] reimport | faction_wm_corp_aug.png
[  60% ] reimport | faction_wm_corp_awm.png
[  60% ] reimport | faction_wm_corp_benelli_m2.png
[  60% ] reimport | faction_wm_corp_benelli_m4.png
[  60% ] reimport | faction_wm_corp_cz75.png
[  60% ] reimport | faction_wm_corp_desert_eagle.png
[  60% ] reimport | faction_wm_corp_five_seven.png
[  60% ] reimport | faction_wm_corp_g36c.png
[  60% ] reimport | faction_wm_corp_glock_17.png
[  60% ] reimport | faction_wm_corp_m4a1.png
[  60% ] reimport | faction_wm_corp_m1911.png
[  60% ] reimport | faction_wm_corp_mac10.png
[  60% ] reimport | faction_wm_corp_mini14.png
[  60% ] reimport | faction_wm_corp_moss500.png
[  60% ] reimport | faction_wm_corp_mp5.png
[  60% ] reimport | faction_wm_corp_mp5k.png
[  60% ] reimport | faction_wm_corp_p90.png
[  60% ] reimport | faction_wm_corp_psg1.png
[  60% ] reimport | faction_wm_corp_rem700.png
[  60% ] reimport | faction_wm_corp_rem870.png
[  60% ] reimport | faction_wm_corp_saiga12.png
[  60% ] reimport | faction_wm_corp_scar_h.png
[  60% ] reimport | faction_wm_corp_sks.png
[  60% ] reimport | faction_wm_corp_spas12.png
[  60% ] reimport | faction_wm_corp_ssg69.png
[  60% ] reimport | faction_wm_corp_svd.png
[  60% ] reimport | 1_uzi_smg_SW.png
[  60% ] reimport | arsenal_0_aug_SE.png
[  60% ] reimport | arsenal_0_aug_SW.png
[  60% ] reimport | arsenal_0_benelli_m2_SE.png
[  61% ] reimport | arsenal_0_benelli_m2_SW.png
[  61% ] reimport | arsenal_0_benelli_m4_SE.png
[  61% ] reimport | arsenal_0_benelli_m4_SW.png
[  61% ] reimport | arsenal_0_cz75_SE.png
[  61% ] reimport | arsenal_0_cz75_SW.png
[  61% ] reimport | arsenal_0_desert_eagle_SE.png
[  61% ] reimport | arsenal_0_desert_eagle_SW.png
[  61% ] reimport | arsenal_0_five_seven_SE.png
[  61% ] reimport | arsenal_0_five_seven_SW.png
[  61% ] reimport | arsenal_0_g36c_SE.png
[  61% ] reimport | arsenal_0_g36c_SW.png
[  61% ] reimport | arsenal_0_m4a1_SE.png
[  61% ] reimport | arsenal_0_m4a1_SW.png
[  61% ] reimport | arsenal_0_m1911_SE.png
[  61% ] reimport | arsenal_0_m1911_SW.png
[  61% ] reimport | arsenal_0_mac10_SE.png
[  61% ] reimport | arsenal_0_mac10_SW.png
[  61% ] reimport | arsenal_0_mini14_SE.png
[  61% ] reimport | arsenal_0_mini14_SW.png
[  61% ] reimport | arsenal_0_moss500_SE.png
[  61% ] reimport | arsenal_0_moss500_SW.png
[  61% ] reimport | arsenal_0_mp5k_SE.png
[  61% ] reimport | arsenal_0_mp5k_SW.png
[  61% ] reimport | faction_zangyaku_spas12.png
[  61% ] reimport | faction_zangyaku_ssg69.png
[  61% ] reimport | faction_zangyaku_svd.png
[  61% ] reimport | faction_zangyaku_usp.png
[  61% ] reimport | faction_zangyaku_uzi.png
[  61% ] reimport | faction_zangyaku_vector.png
[  61% ] reimport | mercer_awm.png
[  61% ] reimport | mercer_dual_glock.png
[  61% ] reimport | mercer_psg1.png
[  61% ] reimport | mercer_rem700.png
[  61% ] reimport | mercer_sks.png
[  61% ] reimport | mercer_ssg69.png
[  62% ] reimport | mercer_svd.png
[  62% ] reimport | 0_ak_rifle_SE.png
[  62% ] reimport | 0_ak_rifle_SW.png
[  62% ] reimport | 0_pistol_SE.png
[  62% ] reimport | 0_pistol_SW.png
[  62% ] reimport | 0_pump_shotgun_SE.png
[  62% ] reimport | 0_pump_shotgun_SW.png
[  62% ] reimport | 0_uzi_smg_SE.png
[  62% ] reimport | 0_uzi_smg_SW.png
[  62% ] reimport | 1_ak_rifle_SE.png
[  62% ] reimport | 1_ak_rifle_SW.png
[  62% ] reimport | 1_pistol_SE.png
[  62% ] reimport | 1_pistol_SW.png
[  62% ] reimport | 1_pump_shotgun_SE.png
[  62% ] reimport | 1_pump_shotgun_SW.png
[  62% ] reimport | 1_uzi_smg_SE.png
[  62% ] reimport | faction_bitian_ssg69.png
[  62% ] reimport | faction_bitian_svd.png
[  62% ] reimport | faction_bitian_usp.png
[  62% ] reimport | faction_bitian_uzi.png
[  62% ] reimport | faction_bitian_vector.png
[  62% ] reimport | faction_blacktop_ak47.png
[  62% ] reimport | faction_blacktop_aug.png
[  62% ] reimport | faction_blacktop_awm.png
[  62% ] reimport | faction_blacktop_benelli_m2.png
[  62% ] reimport | faction_blacktop_benelli_m4.png
[  62% ] reimport | faction_blacktop_cz75.png
[  62% ] reimport | faction_blacktop_desert_eagle.png
[  62% ] reimport | faction_blacktop_five_seven.png
[  62% ] reimport | faction_blacktop_g36c.png
[  62% ] reimport | faction_blacktop_glock_17.png
[  62% ] reimport | faction_blacktop_m4a1.png
[  62% ] reimport | faction_blacktop_m1911.png
[  62% ] reimport | faction_blacktop_mac10.png
[  62% ] reimport | faction_blacktop_mini14.png
[  63% ] reimport | faction_blacktop_moss500.png
[  63% ] reimport | faction_blacktop_mp5.png
[  63% ] reimport | faction_blacktop_mp5k.png
[  63% ] reimport | faction_blacktop_p90.png
[  63% ] reimport | faction_blacktop_psg1.png
[  63% ] reimport | faction_blacktop_rem700.png
[  63% ] reimport | faction_blacktop_rem870.png
[  63% ] reimport | faction_blacktop_saiga12.png
[  63% ] reimport | faction_ashford_crane_uzi.png
[  63% ] reimport | faction_ashford_crane_vector.png
[  63% ] reimport | faction_bitian_ak47.png
[  63% ] reimport | faction_bitian_aug.png
[  63% ] reimport | faction_bitian_awm.png
[  63% ] reimport | faction_bitian_benelli_m2.png
[  63% ] reimport | faction_bitian_benelli_m4.png
[  63% ] reimport | faction_bitian_cz75.png
[  63% ] reimport | faction_bitian_desert_eagle.png
[  63% ] reimport | faction_bitian_five_seven.png
[  63% ] reimport | faction_bitian_g36c.png
[  63% ] reimport | faction_bitian_glock_17.png
[  63% ] reimport | faction_bitian_m4a1.png
[  63% ] reimport | faction_bitian_m1911.png
[  63% ] reimport | faction_bitian_mac10.png
[  63% ] reimport | faction_bitian_mini14.png
[  63% ] reimport | faction_bitian_moss500.png
[  63% ] reimport | faction_bitian_mp5.png
[  63% ] reimport | faction_bitian_mp5k.png
[  63% ] reimport | faction_bitian_p90.png
[  63% ] reimport | faction_bitian_psg1.png
[  63% ] reimport | faction_bitian_rem700.png
[  63% ] reimport | faction_bitian_rem870.png
[  63% ] reimport | faction_bitian_saiga12.png
[  63% ] reimport | faction_bitian_scar_h.png
[  63% ] reimport | faction_bitian_sks.png
[  63% ] reimport | faction_bitian_spas12.png
[  64% ] reimport | faction_calle_ocho_rem870.png
[  64% ] reimport | faction_calle_ocho_saiga12.png
[  64% ] reimport | faction_calle_ocho_scar_h.png
[  64% ] reimport | faction_calle_ocho_sks.png
[  64% ] reimport | faction_calle_ocho_spas12.png
[  64% ] reimport | faction_calle_ocho_ssg69.png
[  64% ] reimport | faction_calle_ocho_svd.png
[  64% ] reimport | faction_calle_ocho_usp.png
[  64% ] reimport | faction_calle_ocho_uzi.png
[  64% ] reimport | faction_calle_ocho_vector.png
[  64% ] reimport | faction_eastex_ak47.png
[  64% ] reimport | faction_eastex_aug.png
[  64% ] reimport | faction_eastex_awm.png
[  64% ] reimport | faction_eastex_benelli_m2.png
[  64% ] reimport | faction_eastex_benelli_m4.png
[  64% ] reimport | faction_eastex_cz75.png
[  64% ] reimport | faction_eastex_desert_eagle.png
[  64% ] reimport | faction_eastex_five_seven.png
[  64% ] reimport | faction_eastex_g36c.png
[  64% ] reimport | faction_eastex_glock_17.png
[  64% ] reimport | faction_eastex_m4a1.png
[  64% ] reimport | faction_eastex_m1911.png
[  64% ] reimport | faction_eastex_mac10.png
[  64% ] reimport | faction_eastex_mini14.png
[  64% ] reimport | faction_eastex_moss500.png
[  64% ] reimport | faction_eastex_mp5.png
[  64% ] reimport | faction_eastex_mp5k.png
[  64% ] reimport | faction_blacktop_scar_h.png
[  64% ] reimport | faction_blacktop_sks.png
[  64% ] reimport | faction_blacktop_spas12.png
[  64% ] reimport | faction_blacktop_ssg69.png
[  64% ] reimport | faction_blacktop_svd.png
[  64% ] reimport | faction_blacktop_usp.png
[  64% ] reimport | faction_blacktop_uzi.png
[  64% ] reimport | faction_blacktop_vector.png
[  65% ] reimport | faction_calle_ocho_ak47.png
[  65% ] reimport | faction_calle_ocho_aug.png
[  65% ] reimport | faction_calle_ocho_awm.png
[  65% ] reimport | faction_calle_ocho_benelli_m2.png
[  65% ] reimport | faction_calle_ocho_benelli_m4.png
[  65% ] reimport | faction_calle_ocho_cz75.png
[  65% ] reimport | faction_calle_ocho_desert_eagle.png
[  65% ] reimport | faction_calle_ocho_five_seven.png
[  65% ] reimport | faction_calle_ocho_g36c.png
[  65% ] reimport | faction_calle_ocho_glock_17.png
[  65% ] reimport | faction_calle_ocho_m4a1.png
[  65% ] reimport | faction_calle_ocho_m1911.png
[  65% ] reimport | faction_calle_ocho_mac10.png
[  65% ] reimport | faction_calle_ocho_mini14.png
[  65% ] reimport | faction_calle_ocho_moss500.png
[  65% ] reimport | faction_calle_ocho_mp5.png
[  65% ] reimport | faction_calle_ocho_mp5k.png
[  65% ] reimport | faction_calle_ocho_p90.png
[  65% ] reimport | faction_calle_ocho_psg1.png
[  65% ] reimport | faction_calle_ocho_rem700.png
[  65% ] reimport | rem870.png
[  65% ] reimport | rem870.svg
[  65% ] reimport | saiga12.png
[  65% ] reimport | saiga12.svg
[  65% ] reimport | spas12.png
[  65% ] reimport | spas12.svg
[  65% ] reimport | 0_ak_rifle.png
[  65% ] reimport | 0_pistol.png
[  65% ] reimport | 0_pump_shotgun.png
[  65% ] reimport | 0_uzi_smg.png
[  65% ] reimport | 1_ak_rifle.png
[  65% ] reimport | 1_pistol.png
[  65% ] reimport | 1_pump_shotgun.png
[  65% ] reimport | 1_uzi_smg.png
[  65% ] reimport | arsenal_0_aug.png
[  66% ] reimport | arsenal_0_benelli_m2.png
[  66% ] reimport | arsenal_0_benelli_m4.png
[  66% ] reimport | arsenal_0_cz75.png
[  66% ] reimport | arsenal_0_desert_eagle.png
[  66% ] reimport | arsenal_0_five_seven.png
[  66% ] reimport | arsenal_0_g36c.png
[  66% ] reimport | arsenal_0_m4a1.png
[  66% ] reimport | arsenal_0_m1911.png
[  66% ] reimport | arsenal_0_mac10.png
[  66% ] reimport | arsenal_0_mini14.png
[  66% ] reimport | arsenal_0_moss500.png
[  66% ] reimport | arsenal_0_mp5.png
[  66% ] reimport | ground.png
[  66% ] reimport | aug.svg
[  66% ] reimport | benelli_m2.svg
[  66% ] reimport | benelli_m4.svg
[  66% ] reimport | mini14.svg
[  66% ] reimport | moss500.svg
[  66% ] reimport | rem870.svg
[  66% ] reimport | saiga12.svg
[  66% ] reimport | spas12.svg
[  66% ] reimport | comparison_720p.png
[  66% ] reimport | guns_cross_class.png
[  66% ] reimport | guns_same_class.png
[  66% ] reimport | guns_scrolled.png
[  66% ] reimport | smg_picker.png
[  66% ] reimport | vehicles_cross_class.png
[  66% ] reimport | vehicles_same_class.png
[  66% ] reimport | vehicle_special_role.png
[  66% ] reimport | DEAD_STREET_Harold_HQ_Upgrade.png
[  66% ] reimport | aug.png
[  66% ] reimport | aug.svg
[  66% ] reimport | benelli_m2.png
[  66% ] reimport | benelli_m2.svg
[  66% ] reimport | benelli_m4.png
[  67% ] reimport | benelli_m4.svg
[  67% ] reimport | mini14.png
[  67% ] reimport | mini14.svg
[  67% ] reimport | moss500.png
[  67% ] reimport | moss500.svg
[  67% ] reimport | faction_ashford_crane_aug.png
[  67% ] reimport | faction_ashford_crane_awm.png
[  67% ] reimport | faction_ashford_crane_benelli_m2.png
[  67% ] reimport | faction_ashford_crane_benelli_m4.png
[  67% ] reimport | faction_ashford_crane_cz75.png
[  67% ] reimport | faction_ashford_crane_desert_eagle.png
[  67% ] reimport | faction_ashford_crane_five_seven.png
[  67% ] reimport | faction_ashford_crane_g36c.png
[  67% ] reimport | faction_ashford_crane_glock_17.png
[  67% ] reimport | faction_ashford_crane_m4a1.png
[  67% ] reimport | faction_ashford_crane_m1911.png
[  67% ] reimport | faction_ashford_crane_mac10.png
[  67% ] reimport | faction_ashford_crane_mini14.png
[  67% ] reimport | faction_ashford_crane_moss500.png
[  67% ] reimport | faction_ashford_crane_mp5.png
[  67% ] reimport | faction_ashford_crane_mp5k.png
[  67% ] reimport | faction_ashford_crane_p90.png
[  67% ] reimport | faction_ashford_crane_psg1.png
[  67% ] reimport | faction_ashford_crane_rem700.png
[  67% ] reimport | faction_ashford_crane_rem870.png
[  67% ] reimport | faction_ashford_crane_saiga12.png
[  67% ] reimport | faction_ashford_crane_scar_h.png
[  67% ] reimport | faction_ashford_crane_sks.png
[  67% ] reimport | faction_ashford_crane_spas12.png
[  67% ] reimport | faction_ashford_crane_ssg69.png
[  67% ] reimport | faction_ashford_crane_svd.png
[  67% ] reimport | faction_ashford_crane_usp.png
[  67% ] reimport | arsenal_0_mp5k.png
[  67% ] reimport | arsenal_0_p90.png
[  67% ] reimport | arsenal_0_saiga12.png
[  68% ] reimport | arsenal_0_scar_h.png
[  68% ] reimport | arsenal_0_spas12.png
[  68% ] reimport | arsenal_0_usp.png
[  68% ] reimport | arsenal_0_vector.png
[  68% ] reimport | arsenal_1_aug.png
[  68% ] reimport | arsenal_1_benelli_m2.png
[  68% ] reimport | arsenal_1_benelli_m4.png
[  68% ] reimport | arsenal_1_cz75.png
[  68% ] reimport | arsenal_1_desert_eagle.png
[  68% ] reimport | arsenal_1_five_seven.png
[  68% ] reimport | arsenal_1_g36c.png
[  68% ] reimport | arsenal_1_m4a1.png
[  68% ] reimport | arsenal_1_m1911.png
[  68% ] reimport | arsenal_1_mac10.png
[  68% ] reimport | arsenal_1_mini14.png
[  68% ] reimport | arsenal_1_moss500.png
[  68% ] reimport | arsenal_1_mp5.png
[  68% ] reimport | arsenal_1_mp5k.png
[  68% ] reimport | arsenal_1_p90.png
[  68% ] reimport | arsenal_1_saiga12.png
[  68% ] reimport | arsenal_1_scar_h.png
[  68% ] reimport | arsenal_1_spas12.png
[  68% ] reimport | arsenal_1_usp.png
[  68% ] reimport | arsenal_1_vector.png
[  68% ] reimport | faction_ashford_crane_ak47.png
[  68% ] reimport | faction_nbpd_benelli_m4.png
[  68% ] reimport | faction_nbpd_cz75.png
[  68% ] reimport | faction_nbpd_desert_eagle.png
[  68% ] reimport | faction_nbpd_five_seven.png
[  68% ] reimport | faction_nbpd_g36c.png
[  68% ] reimport | faction_nbpd_glock_17.png
[  68% ] reimport | faction_nbpd_m4a1.png
[  68% ] reimport | faction_nbpd_m1911.png
[  68% ] reimport | faction_nbpd_mac10.png
[  68% ] reimport | faction_nbpd_mini14.png
[  69% ] reimport | faction_nbpd_moss500.png
[  69% ] reimport | faction_nbpd_mp5.png
[  69% ] reimport | faction_nbpd_mp5k.png
[  69% ] reimport | faction_nbpd_p90.png
[  69% ] reimport | faction_nbpd_psg1.png
[  69% ] reimport | faction_nbpd_rem700.png
[  69% ] reimport | faction_nbpd_rem870.png
[  69% ] reimport | faction_nbpd_saiga12.png
[  69% ] reimport | faction_nbpd_scar_h.png
[  69% ] reimport | faction_nbpd_sks.png
[  69% ] reimport | faction_nbpd_spas12.png
[  69% ] reimport | faction_nbpd_ssg69.png
[  69% ] reimport | faction_nbpd_svd.png
[  69% ] reimport | faction_nbpd_usp.png
[  69% ] reimport | faction_nbpd_uzi.png
[  69% ] reimport | faction_nbpd_vector.png
[  69% ] reimport | faction_orlov_sniper_awm.png
[  69% ] reimport | faction_mercer44_five_seven.png
[  69% ] reimport | faction_mercer44_g36c.png
[  69% ] reimport | faction_mercer44_glock_17.png
[  69% ] reimport | faction_mercer44_m4a1.png
[  69% ] reimport | faction_mercer44_m1911.png
[  69% ] reimport | faction_mercer44_mac10.png
[  69% ] reimport | faction_mercer44_mini14.png
[  69% ] reimport | faction_mercer44_moss500.png
[  69% ] reimport | faction_mercer44_mp5.png
[  69% ] reimport | faction_mercer44_mp5k.png
[  69% ] reimport | faction_mercer44_p90.png
[  69% ] reimport | faction_mercer44_psg1.png
[  69% ] reimport | faction_mercer44_rem700.png
[  69% ] reimport | faction_mercer44_rem870.png
[  69% ] reimport | faction_mercer44_saiga12.png
[  69% ] reimport | faction_mercer44_scar_h.png
[  69% ] reimport | faction_mercer44_sks.png
[  69% ] reimport | faction_mercer44_spas12.png
[  70% ] reimport | faction_mercer44_ssg69.png
[  70% ] reimport | faction_mercer44_svd.png
[  70% ] reimport | faction_mercer44_usp.png
[  70% ] reimport | faction_mercer44_uzi.png
[  70% ] reimport | faction_mercer44_vector.png
[  70% ] reimport | faction_nbpd_ak47.png
[  70% ] reimport | faction_nbpd_aug.png
[  70% ] reimport | faction_nbpd_awm.png
[  70% ] reimport | faction_nbpd_benelli_m2.png
[  70% ] reimport | faction_ravicci_sks.png
[  70% ] reimport | faction_ravicci_spas12.png
[  70% ] reimport | faction_ravicci_ssg69.png
[  70% ] reimport | faction_ravicci_svd.png
[  70% ] reimport | faction_ravicci_usp.png
[  70% ] reimport | faction_ravicci_uzi.png
[  70% ] reimport | faction_ravicci_vector.png
[  70% ] reimport | faction_saffar_ak47.png
[  70% ] reimport | faction_saffar_aug.png
[  70% ] reimport | faction_saffar_awm.png
[  70% ] reimport | faction_saffar_benelli_m2.png
[  70% ] reimport | faction_saffar_benelli_m4.png
[  70% ] reimport | faction_saffar_cz75.png
[  70% ] reimport | faction_saffar_desert_eagle.png
[  70% ] reimport | faction_saffar_five_seven.png
[  70% ] reimport | faction_saffar_g36c.png
[  70% ] reimport | faction_saffar_glock_17.png
[  70% ] reimport | faction_saffar_m4a1.png
[  70% ] reimport | faction_saffar_m1911.png
[  70% ] reimport | faction_saffar_mac10.png
[  70% ] reimport | faction_saffar_mini14.png
[  70% ] reimport | faction_saffar_moss500.png
[  70% ] reimport | faction_saffar_mp5.png
[  70% ] reimport | faction_saffar_mp5k.png
[  70% ] reimport | faction_saffar_p90.png
[  70% ] reimport | faction_saffar_psg1.png
[  71% ] reimport | faction_saffar_rem700.png
[  71% ] reimport | faction_orlov_sniper_psg1.png
[  71% ] reimport | faction_orlov_sniper_rem700.png
[  71% ] reimport | faction_orlov_sniper_sks.png
[  71% ] reimport | faction_orlov_sniper_ssg69.png
[  71% ] reimport | faction_orlov_sniper_svd.png
[  71% ] reimport | faction_ravicci_ak47.png
[  71% ] reimport | faction_ravicci_aug.png
[  71% ] reimport | faction_ravicci_awm.png
[  71% ] reimport | faction_ravicci_benelli_m2.png
[  71% ] reimport | faction_ravicci_benelli_m4.png
[  71% ] reimport | faction_ravicci_cz75.png
[  71% ] reimport | faction_ravicci_desert_eagle.png
[  71% ] reimport | faction_ravicci_five_seven.png
[  71% ] reimport | faction_ravicci_g36c.png
[  71% ] reimport | faction_ravicci_glock_17.png
[  71% ] reimport | faction_ravicci_m4a1.png
[  71% ] reimport | faction_ravicci_m1911.png
[  71% ] reimport | faction_ravicci_mac10.png
[  71% ] reimport | faction_ravicci_mini14.png
[  71% ] reimport | faction_ravicci_moss500.png
[  71% ] reimport | faction_ravicci_mp5.png
[  71% ] reimport | faction_ravicci_mp5k.png
[  71% ] reimport | faction_ravicci_p90.png
[  71% ] reimport | faction_ravicci_psg1.png
[  71% ] reimport | faction_ravicci_rem700.png
[  71% ] reimport | faction_ravicci_rem870.png
[  71% ] reimport | faction_ravicci_saiga12.png
[  71% ] reimport | faction_ravicci_scar_h.png
[  71% ] reimport | faction_kurgan_mp5.png
[  71% ] reimport | faction_kurgan_mp5k.png
[  71% ] reimport | faction_kurgan_p90.png
[  71% ] reimport | faction_kurgan_psg1.png
[  71% ] reimport | faction_kurgan_rem700.png
[  71% ] reimport | faction_kurgan_rem870.png
[  71% ] reimport | faction_kurgan_saiga12.png
[  72% ] reimport | faction_kurgan_scar_h.png
[  72% ] reimport | faction_kurgan_sks.png
[  72% ] reimport | faction_kurgan_spas12.png
[  72% ] reimport | faction_kurgan_ssg69.png
[  72% ] reimport | faction_kurgan_svd.png
[  72% ] reimport | faction_kurgan_usp.png
[  72% ] reimport | faction_kurgan_uzi.png
[  72% ] reimport | faction_kurgan_vector.png
[  72% ] reimport | faction_lombardia_ak47.png
[  72% ] reimport | faction_lombardia_aug.png
[  72% ] reimport | faction_lombardia_awm.png
[  72% ] reimport | faction_lombardia_benelli_m2.png
[  72% ] reimport | faction_lombardia_benelli_m4.png
[  72% ] reimport | faction_lombardia_cz75.png
[  72% ] reimport | faction_lombardia_desert_eagle.png
[  72% ] reimport | faction_lombardia_five_seven.png
[  72% ] reimport | faction_lombardia_g36c.png
[  72% ] reimport | faction_lombardia_glock_17.png
[  72% ] reimport | faction_lombardia_m4a1.png
[  72% ] reimport | faction_lombardia_m1911.png
[  72% ] reimport | faction_eastex_p90.png
[  72% ] reimport | faction_eastex_psg1.png
[  72% ] reimport | faction_eastex_rem700.png
[  72% ] reimport | faction_eastex_rem870.png
[  72% ] reimport | faction_eastex_saiga12.png
[  72% ] reimport | faction_eastex_scar_h.png
[  72% ] reimport | faction_eastex_sks.png
[  72% ] reimport | faction_eastex_spas12.png
[  72% ] reimport | faction_eastex_ssg69.png
[  72% ] reimport | faction_eastex_svd.png
[  72% ] reimport | faction_eastex_usp.png
[  72% ] reimport | faction_eastex_uzi.png
[  72% ] reimport | faction_eastex_vector.png
[  72% ] reimport | faction_kurgan_ak47.png
[  72% ] reimport | faction_kurgan_aug.png
[  73% ] reimport | faction_kurgan_awm.png
[  73% ] reimport | faction_kurgan_benelli_m2.png
[  73% ] reimport | faction_kurgan_benelli_m4.png
[  73% ] reimport | faction_kurgan_cz75.png
[  73% ] reimport | faction_kurgan_desert_eagle.png
[  73% ] reimport | faction_kurgan_five_seven.png
[  73% ] reimport | faction_kurgan_g36c.png
[  73% ] reimport | faction_kurgan_glock_17.png
[  73% ] reimport | faction_kurgan_m4a1.png
[  73% ] reimport | faction_kurgan_m1911.png
[  73% ] reimport | faction_kurgan_mac10.png
[  73% ] reimport | faction_kurgan_mini14.png
[  73% ] reimport | faction_kurgan_moss500.png
[  73% ] reimport | faction_mcallister_m4a1.png
[  73% ] reimport | faction_mcallister_m1911.png
[  73% ] reimport | faction_mcallister_mac10.png
[  73% ] reimport | faction_mcallister_mini14.png
[  73% ] reimport | faction_mcallister_moss500.png
[  73% ] reimport | faction_mcallister_mp5.png
[  73% ] reimport | faction_mcallister_mp5k.png
[  73% ] reimport | faction_mcallister_p90.png
[  73% ] reimport | faction_mcallister_psg1.png
[  73% ] reimport | faction_mcallister_rem700.png
[  73% ] reimport | faction_mcallister_rem870.png
[  73% ] reimport | faction_mcallister_saiga12.png
[  73% ] reimport | faction_mcallister_scar_h.png
[  73% ] reimport | faction_mcallister_sks.png
[  73% ] reimport | faction_mcallister_spas12.png
[  73% ] reimport | faction_mcallister_ssg69.png
[  73% ] reimport | faction_mcallister_svd.png
[  73% ] reimport | faction_mcallister_usp.png
[  73% ] reimport | faction_mcallister_uzi.png
[  73% ] reimport | faction_mcallister_vector.png
[  73% ] reimport | faction_mercer44_ak47.png
[  73% ] reimport | faction_mercer44_aug.png
[  74% ] reimport | faction_mercer44_awm.png
[  74% ] reimport | faction_mercer44_benelli_m2.png
[  74% ] reimport | faction_mercer44_benelli_m4.png
[  74% ] reimport | faction_mercer44_cz75.png
[  74% ] reimport | faction_mercer44_desert_eagle.png
[  74% ] reimport | faction_lombardia_mac10.png
[  74% ] reimport | faction_lombardia_mini14.png
[  74% ] reimport | faction_lombardia_moss500.png
[  74% ] reimport | faction_lombardia_mp5.png
[  74% ] reimport | faction_lombardia_mp5k.png
[  74% ] reimport | faction_lombardia_p90.png
[  74% ] reimport | faction_lombardia_psg1.png
[  74% ] reimport | faction_lombardia_rem700.png
[  74% ] reimport | faction_lombardia_rem870.png
[  74% ] reimport | faction_lombardia_saiga12.png
[  74% ] reimport | faction_lombardia_scar_h.png
[  74% ] reimport | faction_lombardia_sks.png
[  74% ] reimport | faction_lombardia_spas12.png
[  74% ] reimport | faction_lombardia_ssg69.png
[  74% ] reimport | faction_lombardia_svd.png
[  74% ] reimport | faction_lombardia_usp.png
[  74% ] reimport | faction_lombardia_uzi.png
[  74% ] reimport | faction_lombardia_vector.png
[  74% ] reimport | faction_mcallister_ak47.png
[  74% ] reimport | faction_mcallister_aug.png
[  74% ] reimport | faction_mcallister_awm.png
[  74% ] reimport | faction_mcallister_benelli_m2.png
[  74% ] reimport | faction_mcallister_benelli_m4.png
[  74% ] reimport | faction_mcallister_cz75.png
[  74% ] reimport | faction_mcallister_desert_eagle.png
[  74% ] reimport | faction_mcallister_five_seven.png
[  74% ] reimport | faction_mcallister_g36c.png
[  74% ] reimport | faction_mcallister_glock_17.png
[  74% ] reimport | faction_ravicci_glock_17_SW.png
[  74% ] reimport | faction_ravicci_m4a1_SE.png
[  75% ] reimport | faction_ravicci_m4a1_SW.png
[  75% ] reimport | faction_ravicci_m1911_SE.png
[  75% ] reimport | faction_ravicci_m1911_SW.png
[  75% ] reimport | faction_ravicci_mac10_SE.png
[  75% ] reimport | faction_ravicci_mac10_SW.png
[  75% ] reimport | faction_ravicci_mini14_SE.png
[  75% ] reimport | faction_ravicci_mini14_SW.png
[  75% ] reimport | faction_ravicci_moss500_SE.png
[  75% ] reimport | faction_ravicci_moss500_SW.png
[  75% ] reimport | faction_ravicci_mp5k_SE.png
[  75% ] reimport | faction_ravicci_mp5k_SW.png
[  75% ] reimport | faction_ravicci_mp5_SE.png
[  75% ] reimport | faction_ravicci_mp5_SW.png
[  75% ] reimport | faction_ravicci_p90_SE.png
[  75% ] reimport | faction_ravicci_p90_SW.png
[  75% ] reimport | faction_ravicci_psg1_SE.png
[  75% ] reimport | faction_ravicci_psg1_SW.png
[  75% ] reimport | faction_ravicci_rem700_SE.png
[  75% ] reimport | faction_ravicci_rem700_SW.png
[  75% ] reimport | faction_ravicci_rem870_SE.png
[  75% ] reimport | faction_ravicci_rem870_SW.png
[  75% ] reimport | faction_ravicci_saiga12_SE.png
[  75% ] reimport | faction_ravicci_saiga12_SW.png
[  75% ] reimport | faction_ravicci_scar_h_SE.png
[  75% ] reimport | faction_ravicci_scar_h_SW.png
[  75% ] reimport | faction_orlov_sniper_rem700_SE.png
[  75% ] reimport | faction_orlov_sniper_rem700_SW.png
[  75% ] reimport | faction_orlov_sniper_sks_SE.png
[  75% ] reimport | faction_orlov_sniper_sks_SW.png
[  75% ] reimport | faction_orlov_sniper_ssg69_SE.png
[  75% ] reimport | faction_orlov_sniper_ssg69_SW.png
[  75% ] reimport | faction_orlov_sniper_svd_SE.png
[  75% ] reimport | faction_orlov_sniper_svd_SW.png
[  75% ] reimport | faction_ravicci_ak47_SE.png
[  75% ] reimport | faction_ravicci_ak47_SW.png
[  76% ] reimport | faction_ravicci_aug_SE.png
[  76% ] reimport | faction_ravicci_aug_SW.png
[  76% ] reimport | faction_ravicci_awm_SE.png
[  76% ] reimport | faction_ravicci_awm_SW.png
[  76% ] reimport | faction_ravicci_benelli_m2_SE.png
[  76% ] reimport | faction_ravicci_benelli_m2_SW.png
[  76% ] reimport | faction_ravicci_benelli_m4_SE.png
[  76% ] reimport | faction_ravicci_benelli_m4_SW.png
[  76% ] reimport | faction_ravicci_cz75_SE.png
[  76% ] reimport | faction_ravicci_cz75_SW.png
[  76% ] reimport | faction_ravicci_desert_eagle_SE.png
[  76% ] reimport | faction_ravicci_desert_eagle_SW.png
[  76% ] reimport | faction_ravicci_five_seven_SE.png
[  76% ] reimport | faction_ravicci_five_seven_SW.png
[  76% ] reimport | faction_ravicci_g36c_SE.png
[  76% ] reimport | faction_ravicci_g36c_SW.png
[  76% ] reimport | faction_ravicci_glock_17_SE.png
[  76% ] reimport | faction_saffar_five_seven_SE.png
[  76% ] reimport | faction_saffar_five_seven_SW.png
[  76% ] reimport | faction_saffar_g36c_SE.png
[  76% ] reimport | faction_saffar_g36c_SW.png
[  76% ] reimport | faction_saffar_glock_17_SE.png
[  76% ] reimport | faction_saffar_glock_17_SW.png
[  76% ] reimport | faction_saffar_m4a1_SE.png
[  76% ] reimport | faction_saffar_m4a1_SW.png
[  76% ] reimport | faction_saffar_m1911_SE.png
[  76% ] reimport | faction_saffar_m1911_SW.png
[  76% ] reimport | faction_saffar_mac10_SE.png
[  76% ] reimport | faction_saffar_mac10_SW.png
[  76% ] reimport | faction_saffar_mini14_SE.png
[  76% ] reimport | faction_saffar_mini14_SW.png
[  76% ] reimport | faction_saffar_moss500_SE.png
[  76% ] reimport | faction_saffar_moss500_SW.png
[  76% ] reimport | faction_saffar_mp5k_SE.png
[  76% ] reimport | faction_saffar_mp5k_SW.png
[  77% ] reimport | faction_saffar_mp5_SE.png
[  77% ] reimport | faction_saffar_mp5_SW.png
[  77% ] reimport | faction_saffar_p90_SE.png
[  77% ] reimport | faction_saffar_p90_SW.png
[  77% ] reimport | faction_saffar_psg1_SE.png
[  77% ] reimport | faction_saffar_psg1_SW.png
[  77% ] reimport | faction_saffar_rem700_SE.png
[  77% ] reimport | faction_saffar_rem700_SW.png
[  77% ] reimport | faction_saffar_rem870_SE.png
[  77% ] reimport | faction_ravicci_sks_SE.png
[  77% ] reimport | faction_ravicci_sks_SW.png
[  77% ] reimport | faction_ravicci_spas12_SE.png
[  77% ] reimport | faction_ravicci_spas12_SW.png
[  77% ] reimport | faction_ravicci_ssg69_SE.png
[  77% ] reimport | faction_ravicci_ssg69_SW.png
[  77% ] reimport | faction_ravicci_svd_SE.png
[  77% ] reimport | faction_ravicci_svd_SW.png
[  77% ] reimport | faction_ravicci_usp_SE.png
[  77% ] reimport | faction_ravicci_usp_SW.png
[  77% ] reimport | faction_ravicci_uzi_SE.png
[  77% ] reimport | faction_ravicci_uzi_SW.png
[  77% ] reimport | faction_ravicci_vector_SE.png
[  77% ] reimport | faction_ravicci_vector_SW.png
[  77% ] reimport | faction_saffar_ak47_SE.png
[  77% ] reimport | faction_saffar_ak47_SW.png
[  77% ] reimport | faction_saffar_aug_SE.png
[  77% ] reimport | faction_saffar_aug_SW.png
[  77% ] reimport | faction_saffar_awm_SE.png
[  77% ] reimport | faction_saffar_awm_SW.png
[  77% ] reimport | faction_saffar_benelli_m2_SE.png
[  77% ] reimport | faction_saffar_benelli_m2_SW.png
[  77% ] reimport | faction_saffar_benelli_m4_SE.png
[  77% ] reimport | faction_saffar_benelli_m4_SW.png
[  77% ] reimport | faction_saffar_cz75_SE.png
[  77% ] reimport | faction_saffar_cz75_SW.png
[  78% ] reimport | faction_saffar_desert_eagle_SE.png
[  78% ] reimport | faction_saffar_desert_eagle_SW.png
[  78% ] reimport | faction_mercer44_saiga12_SE.png
[  78% ] reimport | faction_mercer44_saiga12_SW.png
[  78% ] reimport | faction_mercer44_scar_h_SE.png
[  78% ] reimport | faction_mercer44_scar_h_SW.png
[  78% ] reimport | faction_mercer44_sks_SE.png
[  78% ] reimport | faction_mercer44_sks_SW.png
[  78% ] reimport | faction_mercer44_spas12_SE.png
[  78% ] reimport | faction_mercer44_spas12_SW.png
[  78% ] reimport | faction_mercer44_ssg69_SE.png
[  78% ] reimport | faction_mercer44_ssg69_SW.png
[  78% ] reimport | faction_mercer44_svd_SE.png
[  78% ] reimport | faction_mercer44_svd_SW.png
[  78% ] reimport | faction_mercer44_usp_SE.png
[  78% ] reimport | faction_mercer44_usp_SW.png
[  78% ] reimport | faction_mercer44_uzi_SE.png
[  78% ] reimport | faction_mercer44_uzi_SW.png
[  78% ] reimport | faction_mercer44_vector_SE.png
[  78% ] reimport | faction_mercer44_vector_SW.png
[  78% ] reimport | faction_nbpd_ak47_SE.png
[  78% ] reimport | faction_nbpd_ak47_SW.png
[  78% ] reimport | faction_nbpd_aug_SE.png
[  78% ] reimport | faction_nbpd_aug_SW.png
[  78% ] reimport | faction_nbpd_awm_SE.png
[  78% ] reimport | faction_nbpd_awm_SW.png
[  78% ] reimport | faction_nbpd_benelli_m2_SE.png
[  78% ] reimport | faction_nbpd_benelli_m2_SW.png
[  78% ] reimport | faction_nbpd_benelli_m4_SE.png
[  78% ] reimport | faction_mercer44_five_seven_SE.png
[  78% ] reimport | faction_mercer44_five_seven_SW.png
[  78% ] reimport | faction_mercer44_g36c_SE.png
[  78% ] reimport | faction_mercer44_g36c_SW.png
[  78% ] reimport | faction_mercer44_glock_17_SE.png
[  78% ] reimport | faction_mercer44_glock_17_SW.png
[  79% ] reimport | faction_mercer44_m4a1_SE.png
[  79% ] reimport | faction_mercer44_m4a1_SW.png
[  79% ] reimport | faction_mercer44_m1911_SE.png
[  79% ] reimport | faction_mercer44_m1911_SW.png
[  79% ] reimport | faction_mercer44_mac10_SE.png
[  79% ] reimport | faction_mercer44_mac10_SW.png
[  79% ] reimport | faction_mercer44_mini14_SE.png
[  79% ] reimport | faction_mercer44_mini14_SW.png
[  79% ] reimport | faction_mercer44_moss500_SE.png
[  79% ] reimport | faction_mercer44_moss500_SW.png
[  79% ] reimport | faction_mercer44_mp5k_SE.png
[  79% ] reimport | faction_mercer44_mp5k_SW.png
[  79% ] reimport | faction_mercer44_mp5_SE.png
[  79% ] reimport | faction_mercer44_mp5_SW.png
[  79% ] reimport | faction_mercer44_p90_SE.png
[  79% ] reimport | faction_mercer44_p90_SW.png
[  79% ] reimport | faction_mercer44_psg1_SE.png
[  79% ] reimport | faction_mercer44_psg1_SW.png
[  79% ] reimport | faction_mercer44_rem700_SE.png
[  79% ] reimport | faction_mercer44_rem700_SW.png
[  79% ] reimport | faction_mercer44_rem870_SE.png
[  79% ] reimport | faction_mercer44_rem870_SW.png
[  79% ] reimport | faction_nbpd_psg1_SW.png
[  79% ] reimport | faction_nbpd_rem700_SE.png
[  79% ] reimport | faction_nbpd_rem700_SW.png
[  79% ] reimport | faction_nbpd_rem870_SE.png
[  79% ] reimport | faction_nbpd_rem870_SW.png
[  79% ] reimport | faction_nbpd_saiga12_SE.png
[  79% ] reimport | faction_nbpd_saiga12_SW.png
[  79% ] reimport | faction_nbpd_scar_h_SE.png
[  79% ] reimport | faction_nbpd_scar_h_SW.png
[  79% ] reimport | faction_nbpd_sks_SE.png
[  79% ] reimport | faction_nbpd_sks_SW.png
[  79% ] reimport | faction_nbpd_spas12_SE.png
[  79% ] reimport | faction_nbpd_spas12_SW.png
[  80% ] reimport | faction_nbpd_ssg69_SE.png
[  80% ] reimport | faction_nbpd_ssg69_SW.png
[  80% ] reimport | faction_nbpd_svd_SE.png
[  80% ] reimport | faction_nbpd_svd_SW.png
[  80% ] reimport | faction_nbpd_usp_SE.png
[  80% ] reimport | faction_nbpd_usp_SW.png
[  80% ] reimport | faction_nbpd_uzi_SE.png
[  80% ] reimport | faction_nbpd_uzi_SW.png
[  80% ] reimport | faction_nbpd_vector_SE.png
[  80% ] reimport | faction_nbpd_vector_SW.png
[  80% ] reimport | faction_orlov_sniper_awm_SE.png
[  80% ] reimport | faction_orlov_sniper_awm_SW.png
[  80% ] reimport | faction_orlov_sniper_psg1_SE.png
[  80% ] reimport | faction_orlov_sniper_psg1_SW.png
[  80% ] reimport | faction_nbpd_benelli_m4_SW.png
[  80% ] reimport | faction_nbpd_cz75_SE.png
[  80% ] reimport | faction_nbpd_cz75_SW.png
[  80% ] reimport | faction_nbpd_desert_eagle_SE.png
[  80% ] reimport | faction_nbpd_desert_eagle_SW.png
[  80% ] reimport | faction_nbpd_five_seven_SE.png
[  80% ] reimport | faction_nbpd_five_seven_SW.png
[  80% ] reimport | faction_nbpd_g36c_SE.png
[  80% ] reimport | faction_nbpd_g36c_SW.png
[  80% ] reimport | faction_nbpd_glock_17_SE.png
[  80% ] reimport | faction_nbpd_glock_17_SW.png
[  80% ] reimport | faction_nbpd_m4a1_SE.png
[  80% ] reimport | faction_nbpd_m4a1_SW.png
[  80% ] reimport | faction_nbpd_m1911_SE.png
[  80% ] reimport | faction_nbpd_m1911_SW.png
[  80% ] reimport | faction_nbpd_mac10_SE.png
[  80% ] reimport | faction_nbpd_mac10_SW.png
[  80% ] reimport | faction_nbpd_mini14_SE.png
[  80% ] reimport | faction_nbpd_mini14_SW.png
[  80% ] reimport | faction_nbpd_moss500_SE.png
[  80% ] reimport | faction_nbpd_moss500_SW.png
[  81% ] reimport | faction_nbpd_mp5k_SE.png
[  81% ] reimport | faction_nbpd_mp5k_SW.png
[  81% ] reimport | faction_nbpd_mp5_SE.png
[  81% ] reimport | faction_nbpd_mp5_SW.png
[  81% ] reimport | faction_nbpd_p90_SE.png
[  81% ] reimport | faction_nbpd_p90_SW.png
[  81% ] reimport | faction_nbpd_psg1_SE.png
[  81% ] reimport | faction_sierra_roja_vector_SE.png
[  81% ] reimport | faction_sierra_roja_vector_SW.png
[  81% ] reimport | faction_stateline_ak47_SE.png
[  81% ] reimport | faction_stateline_ak47_SW.png
[  81% ] reimport | faction_stateline_aug_SE.png
[  81% ] reimport | faction_stateline_aug_SW.png
[  81% ] reimport | faction_stateline_awm_SE.png
[  81% ] reimport | faction_stateline_awm_SW.png
[  81% ] reimport | faction_stateline_benelli_m2_SE.png
[  81% ] reimport | faction_stateline_benelli_m2_SW.png
[  81% ] reimport | faction_stateline_benelli_m4_SE.png
[  81% ] reimport | faction_stateline_benelli_m4_SW.png
[  81% ] reimport | faction_stateline_cz75_SE.png
[  81% ] reimport | faction_stateline_cz75_SW.png
[  81% ] reimport | faction_stateline_desert_eagle_SE.png
[  81% ] reimport | faction_stateline_desert_eagle_SW.png
[  81% ] reimport | faction_stateline_five_seven_SE.png
[  81% ] reimport | faction_stateline_five_seven_SW.png
[  81% ] reimport | faction_stateline_g36c_SE.png
[  81% ] reimport | faction_stateline_g36c_SW.png
[  81% ] reimport | faction_stateline_glock_17_SE.png
[  81% ] reimport | faction_stateline_glock_17_SW.png
[  81% ] reimport | faction_stateline_m4a1_SE.png
[  81% ] reimport | faction_stateline_m4a1_SW.png
[  81% ] reimport | faction_stateline_m1911_SE.png
[  81% ] reimport | faction_stateline_m1911_SW.png
[  81% ] reimport | faction_stateline_mac10_SE.png
[  81% ] reimport | faction_sierra_roja_mp5k_SW.png
[  82% ] reimport | faction_sierra_roja_mp5_SE.png
[  82% ] reimport | faction_sierra_roja_mp5_SW.png
[  82% ] reimport | faction_sierra_roja_p90_SE.png
[  82% ] reimport | faction_sierra_roja_p90_SW.png
[  82% ] reimport | faction_sierra_roja_psg1_SE.png
[  82% ] reimport | faction_sierra_roja_psg1_SW.png
[  82% ] reimport | faction_sierra_roja_rem700_SE.png
[  82% ] reimport | faction_sierra_roja_rem700_SW.png
[  82% ] reimport | faction_sierra_roja_rem870_SE.png
[  82% ] reimport | faction_sierra_roja_rem870_SW.png
[  82% ] reimport | faction_sierra_roja_saiga12_SE.png
[  82% ] reimport | faction_sierra_roja_saiga12_SW.png
[  82% ] reimport | faction_sierra_roja_scar_h_SE.png
[  82% ] reimport | faction_sierra_roja_scar_h_SW.png
[  82% ] reimport | faction_sierra_roja_sks_SE.png
[  82% ] reimport | faction_sierra_roja_sks_SW.png
[  82% ] reimport | faction_sierra_roja_spas12_SE.png
[  82% ] reimport | faction_sierra_roja_spas12_SW.png
[  82% ] reimport | faction_sierra_roja_ssg69_SE.png
[  82% ] reimport | faction_sierra_roja_ssg69_SW.png
[  82% ] reimport | faction_sierra_roja_svd_SE.png
[  82% ] reimport | faction_sierra_roja_svd_SW.png
[  82% ] reimport | faction_sierra_roja_usp_SE.png
[  82% ] reimport | faction_sierra_roja_usp_SW.png
[  82% ] reimport | faction_sierra_roja_uzi_SE.png
[  82% ] reimport | faction_sierra_roja_uzi_SW.png
[  82% ] reimport | faction_stateline_svd_SW.png
[  82% ] reimport | faction_stateline_usp_SE.png
[  82% ] reimport | faction_stateline_usp_SW.png
[  82% ] reimport | faction_stateline_uzi_SE.png
[  82% ] reimport | faction_stateline_uzi_SW.png
[  82% ] reimport | faction_stateline_vector_SE.png
[  82% ] reimport | faction_stateline_vector_SW.png
[  82% ] reimport | faction_trc_ak47_SE.png
[  82% ] reimport | faction_trc_ak47_SW.png
[  83% ] reimport | faction_trc_aug_SE.png
[  83% ] reimport | faction_trc_aug_SW.png
[  83% ] reimport | faction_trc_awm_SE.png
[  83% ] reimport | faction_trc_awm_SW.png
[  83% ] reimport | faction_trc_benelli_m2_SE.png
[  83% ] reimport | faction_trc_benelli_m2_SW.png
[  83% ] reimport | faction_trc_benelli_m4_SE.png
[  83% ] reimport | faction_trc_benelli_m4_SW.png
[  83% ] reimport | faction_trc_cz75_SE.png
[  83% ] reimport | faction_trc_cz75_SW.png
[  83% ] reimport | faction_trc_desert_eagle_SE.png
[  83% ] reimport | faction_trc_desert_eagle_SW.png
[  83% ] reimport | faction_trc_five_seven_SE.png
[  83% ] reimport | faction_trc_five_seven_SW.png
[  83% ] reimport | faction_trc_g36c_SE.png
[  83% ] reimport | faction_trc_g36c_SW.png
[  83% ] reimport | faction_trc_glock_17_SE.png
[  83% ] reimport | faction_trc_glock_17_SW.png
[  83% ] reimport | faction_stateline_mac10_SW.png
[  83% ] reimport | faction_stateline_mini14_SE.png
[  83% ] reimport | faction_stateline_mini14_SW.png
[  83% ] reimport | faction_stateline_moss500_SE.png
[  83% ] reimport | faction_stateline_moss500_SW.png
[  83% ] reimport | faction_stateline_mp5k_SE.png
[  83% ] reimport | faction_stateline_mp5k_SW.png
[  83% ] reimport | faction_stateline_mp5_SE.png
[  83% ] reimport | faction_stateline_mp5_SW.png
[  83% ] reimport | faction_stateline_p90_SE.png
[  83% ] reimport | faction_stateline_p90_SW.png
[  83% ] reimport | faction_stateline_psg1_SE.png
[  83% ] reimport | faction_stateline_psg1_SW.png
[  83% ] reimport | faction_stateline_rem700_SE.png
[  83% ] reimport | faction_stateline_rem700_SW.png
[  83% ] reimport | faction_stateline_rem870_SE.png
[  83% ] reimport | faction_stateline_rem870_SW.png
[  84% ] reimport | faction_stateline_saiga12_SE.png
[  84% ] reimport | faction_stateline_saiga12_SW.png
[  84% ] reimport | faction_stateline_scar_h_SE.png
[  84% ] reimport | faction_stateline_scar_h_SW.png
[  84% ] reimport | faction_stateline_sks_SE.png
[  84% ] reimport | faction_stateline_sks_SW.png
[  84% ] reimport | faction_stateline_spas12_SE.png
[  84% ] reimport | faction_stateline_spas12_SW.png
[  84% ] reimport | faction_stateline_ssg69_SE.png
[  84% ] reimport | faction_stateline_ssg69_SW.png
[  84% ] reimport | faction_stateline_svd_SE.png
[  84% ] reimport | faction_sand_raiders_benelli_m4_SW.png
[  84% ] reimport | faction_sand_raiders_cz75_SE.png
[  84% ] reimport | faction_sand_raiders_cz75_SW.png
[  84% ] reimport | faction_sand_raiders_desert_eagle_SE.png
[  84% ] reimport | faction_sand_raiders_desert_eagle_SW.png
[  84% ] reimport | faction_sand_raiders_five_seven_SE.png
[  84% ] reimport | faction_sand_raiders_five_seven_SW.png
[  84% ] reimport | faction_sand_raiders_g36c_SE.png
[  84% ] reimport | faction_sand_raiders_g36c_SW.png
[  84% ] reimport | faction_sand_raiders_glock_17_SE.png
[  84% ] reimport | faction_sand_raiders_glock_17_SW.png
[  84% ] reimport | faction_sand_raiders_m4a1_SE.png
[  84% ] reimport | faction_sand_raiders_m4a1_SW.png
[  84% ] reimport | faction_sand_raiders_m1911_SE.png
[  84% ] reimport | faction_sand_raiders_m1911_SW.png
[  84% ] reimport | faction_sand_raiders_mac10_SE.png
[  84% ] reimport | faction_sand_raiders_mac10_SW.png
[  84% ] reimport | faction_sand_raiders_mini14_SE.png
[  84% ] reimport | faction_sand_raiders_mini14_SW.png
[  84% ] reimport | faction_sand_raiders_moss500_SE.png
[  84% ] reimport | faction_sand_raiders_moss500_SW.png
[  84% ] reimport | faction_sand_raiders_mp5k_SE.png
[  84% ] reimport | faction_sand_raiders_mp5k_SW.png
[  84% ] reimport | faction_sand_raiders_mp5_SE.png
[  85% ] reimport | faction_sand_raiders_mp5_SW.png
[  85% ] reimport | faction_sand_raiders_p90_SE.png
[  85% ] reimport | faction_sand_raiders_p90_SW.png
[  85% ] reimport | faction_saffar_rem870_SW.png
[  85% ] reimport | faction_saffar_saiga12_SE.png
[  85% ] reimport | faction_saffar_saiga12_SW.png
[  85% ] reimport | faction_saffar_scar_h_SE.png
[  85% ] reimport | faction_saffar_scar_h_SW.png
[  85% ] reimport | faction_saffar_sks_SE.png
[  85% ] reimport | faction_saffar_sks_SW.png
[  85% ] reimport | faction_saffar_spas12_SE.png
[  85% ] reimport | faction_saffar_spas12_SW.png
[  85% ] reimport | faction_saffar_ssg69_SE.png
[  85% ] reimport | faction_saffar_ssg69_SW.png
[  85% ] reimport | faction_saffar_svd_SE.png
[  85% ] reimport | faction_saffar_svd_SW.png
[  85% ] reimport | faction_saffar_usp_SE.png
[  85% ] reimport | faction_saffar_usp_SW.png
[  85% ] reimport | faction_saffar_uzi_SE.png
[  85% ] reimport | faction_saffar_uzi_SW.png
[  85% ] reimport | faction_saffar_vector_SE.png
[  85% ] reimport | faction_saffar_vector_SW.png
[  85% ] reimport | faction_sand_raiders_ak47_SE.png
[  85% ] reimport | faction_sand_raiders_ak47_SW.png
[  85% ] reimport | faction_sand_raiders_aug_SE.png
[  85% ] reimport | faction_sand_raiders_aug_SW.png
[  85% ] reimport | faction_sand_raiders_awm_SE.png
[  85% ] reimport | faction_sand_raiders_awm_SW.png
[  85% ] reimport | faction_sand_raiders_benelli_m2_SE.png
[  85% ] reimport | faction_sand_raiders_benelli_m2_SW.png
[  85% ] reimport | faction_sand_raiders_benelli_m4_SE.png
[  85% ] reimport | faction_sierra_roja_awm_SE.png
[  85% ] reimport | faction_sierra_roja_awm_SW.png
[  85% ] reimport | faction_sierra_roja_benelli_m2_SE.png
[  85% ] reimport | faction_sierra_roja_benelli_m2_SW.png
[  85% ] reimport | faction_sierra_roja_benelli_m4_SE.png
[  86% ] reimport | faction_sierra_roja_benelli_m4_SW.png
[  86% ] reimport | faction_sierra_roja_cz75_SE.png
[  86% ] reimport | faction_sierra_roja_cz75_SW.png
[  86% ] reimport | faction_sierra_roja_desert_eagle_SE.png
[  86% ] reimport | faction_sierra_roja_desert_eagle_SW.png
[  86% ] reimport | faction_sierra_roja_five_seven_SE.png
[  86% ] reimport | faction_sierra_roja_five_seven_SW.png
[  86% ] reimport | faction_sierra_roja_g36c_SE.png
[  86% ] reimport | faction_sierra_roja_g36c_SW.png
[  86% ] reimport | faction_sierra_roja_glock_17_SE.png
[  86% ] reimport | faction_sierra_roja_glock_17_SW.png
[  86% ] reimport | faction_sierra_roja_m4a1_SE.png
[  86% ] reimport | faction_sierra_roja_m4a1_SW.png
[  86% ] reimport | faction_sierra_roja_m1911_SE.png
[  86% ] reimport | faction_sierra_roja_m1911_SW.png
[  86% ] reimport | faction_sierra_roja_mac10_SE.png
[  86% ] reimport | faction_sierra_roja_mac10_SW.png
[  86% ] reimport | faction_sierra_roja_mini14_SE.png
[  86% ] reimport | faction_sierra_roja_mini14_SW.png
[  86% ] reimport | faction_sierra_roja_moss500_SE.png
[  86% ] reimport | faction_sierra_roja_moss500_SW.png
[  86% ] reimport | faction_sierra_roja_mp5k_SE.png
[  86% ] reimport | faction_sand_raiders_psg1_SE.png
[  86% ] reimport | faction_sand_raiders_psg1_SW.png
[  86% ] reimport | faction_sand_raiders_rem700_SE.png
[  86% ] reimport | faction_sand_raiders_rem700_SW.png
[  86% ] reimport | faction_sand_raiders_rem870_SE.png
[  86% ] reimport | faction_sand_raiders_rem870_SW.png
[  86% ] reimport | faction_sand_raiders_saiga12_SE.png
[  86% ] reimport | faction_sand_raiders_saiga12_SW.png
[  86% ] reimport | faction_sand_raiders_scar_h_SE.png
[  86% ] reimport | faction_sand_raiders_scar_h_SW.png
[  86% ] reimport | faction_sand_raiders_sks_SE.png
[  86% ] reimport | faction_sand_raiders_sks_SW.png
[  86% ] reimport | faction_sand_raiders_spas12_SE.png
[  87% ] reimport | faction_sand_raiders_spas12_SW.png
[  87% ] reimport | faction_sand_raiders_ssg69_SE.png
[  87% ] reimport | faction_sand_raiders_ssg69_SW.png
[  87% ] reimport | faction_sand_raiders_svd_SE.png
[  87% ] reimport | faction_sand_raiders_svd_SW.png
[  87% ] reimport | faction_sand_raiders_usp_SE.png
[  87% ] reimport | faction_sand_raiders_usp_SW.png
[  87% ] reimport | faction_sand_raiders_uzi_SE.png
[  87% ] reimport | faction_sand_raiders_uzi_SW.png
[  87% ] reimport | faction_sand_raiders_vector_SE.png
[  87% ] reimport | faction_sand_raiders_vector_SW.png
[  87% ] reimport | faction_sierra_roja_ak47_SE.png
[  87% ] reimport | faction_sierra_roja_ak47_SW.png
[  87% ] reimport | faction_sierra_roja_aug_SE.png
[  87% ] reimport | faction_sierra_roja_aug_SW.png
[  87% ] reimport | faction_calle_ocho_desert_eagle_SE.png
[  87% ] reimport | faction_calle_ocho_desert_eagle_SW.png
[  87% ] reimport | faction_calle_ocho_five_seven_SE.png
[  87% ] reimport | faction_calle_ocho_five_seven_SW.png
[  87% ] reimport | faction_calle_ocho_g36c_SE.png
[  87% ] reimport | faction_calle_ocho_g36c_SW.png
[  87% ] reimport | faction_calle_ocho_glock_17_SE.png
[  87% ] reimport | faction_calle_ocho_glock_17_SW.png
[  87% ] reimport | faction_calle_ocho_m4a1_SE.png
[  87% ] reimport | faction_calle_ocho_m4a1_SW.png
[  87% ] reimport | faction_calle_ocho_m1911_SE.png
[  87% ] reimport | faction_calle_ocho_m1911_SW.png
[  87% ] reimport | faction_calle_ocho_mac10_SE.png
[  87% ] reimport | faction_calle_ocho_mac10_SW.png
[  87% ] reimport | faction_calle_ocho_mini14_SE.png
[  87% ] reimport | faction_calle_ocho_mini14_SW.png
[  87% ] reimport | faction_calle_ocho_moss500_SE.png
[  87% ] reimport | faction_calle_ocho_moss500_SW.png
[  87% ] reimport | faction_calle_ocho_mp5k_SE.png
[  87% ] reimport | faction_calle_ocho_mp5k_SW.png
[  88% ] reimport | faction_calle_ocho_mp5_SE.png
[  88% ] reimport | faction_calle_ocho_mp5_SW.png
[  88% ] reimport | faction_calle_ocho_p90_SE.png
[  88% ] reimport | faction_calle_ocho_p90_SW.png
[  88% ] reimport | faction_calle_ocho_psg1_SE.png
[  88% ] reimport | faction_calle_ocho_psg1_SW.png
[  88% ] reimport | faction_calle_ocho_rem700_SE.png
[  88% ] reimport | faction_blacktop_scar_h_SW.png
[  88% ] reimport | faction_blacktop_sks_SE.png
[  88% ] reimport | faction_blacktop_sks_SW.png
[  88% ] reimport | faction_blacktop_spas12_SE.png
[  88% ] reimport | faction_blacktop_spas12_SW.png
[  88% ] reimport | faction_blacktop_ssg69_SE.png
[  88% ] reimport | faction_blacktop_ssg69_SW.png
[  88% ] reimport | faction_blacktop_svd_SE.png
[  88% ] reimport | faction_blacktop_svd_SW.png
[  88% ] reimport | faction_blacktop_usp_SE.png
[  88% ] reimport | faction_blacktop_usp_SW.png
[  88% ] reimport | faction_blacktop_uzi_SE.png
[  88% ] reimport | faction_blacktop_uzi_SW.png
[  88% ] reimport | faction_blacktop_vector_SE.png
[  88% ] reimport | faction_blacktop_vector_SW.png
[  88% ] reimport | faction_calle_ocho_ak47_SE.png
[  88% ] reimport | faction_calle_ocho_ak47_SW.png
[  88% ] reimport | faction_calle_ocho_aug_SE.png
[  88% ] reimport | faction_calle_ocho_aug_SW.png
[  88% ] reimport | faction_calle_ocho_awm_SE.png
[  88% ] reimport | faction_calle_ocho_awm_SW.png
[  88% ] reimport | faction_calle_ocho_benelli_m2_SE.png
[  88% ] reimport | faction_calle_ocho_benelli_m2_SW.png
[  88% ] reimport | faction_calle_ocho_benelli_m4_SE.png
[  88% ] reimport | faction_calle_ocho_benelli_m4_SW.png
[  88% ] reimport | faction_calle_ocho_cz75_SE.png
[  88% ] reimport | faction_calle_ocho_cz75_SW.png
[  88% ] reimport | faction_eastex_benelli_m2_SW.png
[  89% ] reimport | faction_eastex_benelli_m4_SE.png
[  89% ] reimport | faction_eastex_benelli_m4_SW.png
[  89% ] reimport | faction_eastex_cz75_SE.png
[  89% ] reimport | faction_eastex_cz75_SW.png
[  89% ] reimport | faction_eastex_desert_eagle_SE.png
[  89% ] reimport | faction_eastex_desert_eagle_SW.png
[  89% ] reimport | faction_eastex_five_seven_SE.png
[  89% ] reimport | faction_eastex_five_seven_SW.png
[  89% ] reimport | faction_eastex_g36c_SE.png
[  89% ] reimport | faction_eastex_g36c_SW.png
[  89% ] reimport | faction_eastex_glock_17_SE.png
[  89% ] reimport | faction_eastex_glock_17_SW.png
[  89% ] reimport | faction_eastex_m4a1_SE.png
[  89% ] reimport | faction_eastex_m4a1_SW.png
[  89% ] reimport | faction_eastex_m1911_SE.png
[  89% ] reimport | faction_eastex_m1911_SW.png
[  89% ] reimport | faction_eastex_mac10_SE.png
[  89% ] reimport | faction_eastex_mac10_SW.png
[  89% ] reimport | faction_eastex_mini14_SE.png
[  89% ] reimport | faction_eastex_mini14_SW.png
[  89% ] reimport | faction_eastex_moss500_SE.png
[  89% ] reimport | faction_eastex_moss500_SW.png
[  89% ] reimport | faction_eastex_mp5k_SE.png
[  89% ] reimport | faction_eastex_mp5k_SW.png
[  89% ] reimport | faction_eastex_mp5_SE.png
[  89% ] reimport | faction_eastex_mp5_SW.png
[  89% ] reimport | faction_calle_ocho_rem700_SW.png
[  89% ] reimport | faction_calle_ocho_rem870_SE.png
[  89% ] reimport | faction_calle_ocho_rem870_SW.png
[  89% ] reimport | faction_calle_ocho_saiga12_SE.png
[  89% ] reimport | faction_calle_ocho_saiga12_SW.png
[  89% ] reimport | faction_calle_ocho_scar_h_SE.png
[  89% ] reimport | faction_calle_ocho_scar_h_SW.png
[  89% ] reimport | faction_calle_ocho_sks_SE.png
[  89% ] reimport | faction_calle_ocho_sks_SW.png
[  90% ] reimport | faction_calle_ocho_spas12_SE.png
[  90% ] reimport | faction_calle_ocho_spas12_SW.png
[  90% ] reimport | faction_calle_ocho_ssg69_SE.png
[  90% ] reimport | faction_calle_ocho_ssg69_SW.png
[  90% ] reimport | faction_calle_ocho_svd_SE.png
[  90% ] reimport | faction_calle_ocho_svd_SW.png
[  90% ] reimport | faction_calle_ocho_usp_SE.png
[  90% ] reimport | faction_calle_ocho_usp_SW.png
[  90% ] reimport | faction_calle_ocho_uzi_SE.png
[  90% ] reimport | faction_calle_ocho_uzi_SW.png
[  90% ] reimport | faction_calle_ocho_vector_SE.png
[  90% ] reimport | faction_calle_ocho_vector_SW.png
[  90% ] reimport | faction_eastex_ak47_SE.png
[  90% ] reimport | faction_eastex_ak47_SW.png
[  90% ] reimport | faction_eastex_aug_SE.png
[  90% ] reimport | faction_eastex_aug_SW.png
[  90% ] reimport | faction_eastex_awm_SE.png
[  90% ] reimport | faction_eastex_awm_SW.png
[  90% ] reimport | faction_eastex_benelli_m2_SE.png
[  90% ] reimport | faction_bitian_m1911_SW.png
[  90% ] reimport | faction_bitian_mac10_SE.png
[  90% ] reimport | faction_bitian_mac10_SW.png
[  90% ] reimport | faction_bitian_mini14_SE.png
[  90% ] reimport | faction_bitian_mini14_SW.png
[  90% ] reimport | faction_bitian_moss500_SE.png
[  90% ] reimport | faction_bitian_moss500_SW.png
[  90% ] reimport | faction_bitian_mp5k_SE.png
[  90% ] reimport | faction_bitian_mp5k_SW.png
[  90% ] reimport | faction_bitian_mp5_SE.png
[  90% ] reimport | faction_bitian_mp5_SW.png
[  90% ] reimport | faction_bitian_p90_SE.png
[  90% ] reimport | faction_bitian_p90_SW.png
[  90% ] reimport | faction_bitian_psg1_SE.png
[  90% ] reimport | faction_bitian_psg1_SW.png
[  90% ] reimport | faction_bitian_rem700_SE.png
[  91% ] reimport | faction_bitian_rem700_SW.png
[  91% ] reimport | faction_bitian_rem870_SE.png
[  91% ] reimport | faction_bitian_rem870_SW.png
[  91% ] reimport | faction_bitian_saiga12_SE.png
[  91% ] reimport | faction_bitian_saiga12_SW.png
[  91% ] reimport | faction_bitian_scar_h_SE.png
[  91% ] reimport | faction_bitian_scar_h_SW.png
[  91% ] reimport | faction_bitian_sks_SE.png
[  91% ] reimport | faction_bitian_sks_SW.png
[  91% ] reimport | faction_bitian_spas12_SE.png
[  91% ] reimport | faction_bitian_spas12_SW.png
[  91% ] reimport | faction_ashford_crane_usp_SW.png
[  91% ] reimport | faction_ashford_crane_uzi_SE.png
[  91% ] reimport | faction_ashford_crane_uzi_SW.png
[  91% ] reimport | faction_ashford_crane_vector_SE.png
[  91% ] reimport | faction_ashford_crane_vector_SW.png
[  91% ] reimport | faction_bitian_ak47_SE.png
[  91% ] reimport | faction_bitian_ak47_SW.png
[  91% ] reimport | faction_bitian_aug_SE.png
[  91% ] reimport | faction_bitian_aug_SW.png
[  91% ] reimport | faction_bitian_awm_SE.png
[  91% ] reimport | faction_bitian_awm_SW.png
[  91% ] reimport | faction_bitian_benelli_m2_SE.png
[  91% ] reimport | faction_bitian_benelli_m2_SW.png
[  91% ] reimport | faction_bitian_benelli_m4_SE.png
[  91% ] reimport | faction_bitian_benelli_m4_SW.png
[  91% ] reimport | faction_bitian_cz75_SE.png
[  91% ] reimport | faction_bitian_cz75_SW.png
[  91% ] reimport | faction_bitian_desert_eagle_SE.png
[  91% ] reimport | faction_bitian_desert_eagle_SW.png
[  91% ] reimport | faction_bitian_five_seven_SE.png
[  91% ] reimport | faction_bitian_five_seven_SW.png
[  91% ] reimport | faction_bitian_g36c_SE.png
[  91% ] reimport | faction_bitian_g36c_SW.png
[  91% ] reimport | faction_bitian_glock_17_SE.png
[  92% ] reimport | faction_bitian_glock_17_SW.png
[  92% ] reimport | faction_bitian_m4a1_SE.png
[  92% ] reimport | faction_bitian_m4a1_SW.png
[  92% ] reimport | faction_bitian_m1911_SE.png
[  92% ] reimport | faction_blacktop_glock_17_SE.png
[  92% ] reimport | faction_blacktop_glock_17_SW.png
[  92% ] reimport | faction_blacktop_m4a1_SE.png
[  92% ] reimport | faction_blacktop_m4a1_SW.png
[  92% ] reimport | faction_blacktop_m1911_SE.png
[  92% ] reimport | faction_blacktop_m1911_SW.png
[  92% ] reimport | faction_blacktop_mac10_SE.png
[  92% ] reimport | faction_blacktop_mac10_SW.png
[  92% ] reimport | faction_blacktop_mini14_SE.png
[  92% ] reimport | faction_blacktop_mini14_SW.png
[  92% ] reimport | faction_blacktop_moss500_SE.png
[  92% ] reimport | faction_blacktop_moss500_SW.png
[  92% ] reimport | faction_blacktop_mp5k_SE.png
[  92% ] reimport | faction_blacktop_mp5k_SW.png
[  92% ] reimport | faction_blacktop_mp5_SE.png
[  92% ] reimport | faction_blacktop_mp5_SW.png
[  92% ] reimport | faction_blacktop_p90_SE.png
[  92% ] reimport | faction_blacktop_p90_SW.png
[  92% ] reimport | faction_blacktop_psg1_SE.png
[  92% ] reimport | faction_blacktop_psg1_SW.png
[  92% ] reimport | faction_blacktop_rem700_SE.png
[  92% ] reimport | faction_blacktop_rem700_SW.png
[  92% ] reimport | faction_blacktop_rem870_SE.png
[  92% ] reimport | faction_blacktop_rem870_SW.png
[  92% ] reimport | faction_blacktop_saiga12_SE.png
[  92% ] reimport | faction_blacktop_saiga12_SW.png
[  92% ] reimport | faction_blacktop_scar_h_SE.png
[  92% ] reimport | faction_bitian_ssg69_SE.png
[  92% ] reimport | faction_bitian_ssg69_SW.png
[  92% ] reimport | faction_bitian_svd_SE.png
[  92% ] reimport | faction_bitian_svd_SW.png
[  93% ] reimport | faction_bitian_usp_SE.png
[  93% ] reimport | faction_bitian_usp_SW.png
[  93% ] reimport | faction_bitian_uzi_SE.png
[  93% ] reimport | faction_bitian_uzi_SW.png
[  93% ] reimport | faction_bitian_vector_SE.png
[  93% ] reimport | faction_bitian_vector_SW.png
[  93% ] reimport | faction_blacktop_ak47_SE.png
[  93% ] reimport | faction_blacktop_ak47_SW.png
[  93% ] reimport | faction_blacktop_aug_SE.png
[  93% ] reimport | faction_blacktop_aug_SW.png
[  93% ] reimport | faction_blacktop_awm_SE.png
[  93% ] reimport | faction_blacktop_awm_SW.png
[  93% ] reimport | faction_blacktop_benelli_m2_SE.png
[  93% ] reimport | faction_blacktop_benelli_m2_SW.png
[  93% ] reimport | faction_blacktop_benelli_m4_SE.png
[  93% ] reimport | faction_blacktop_benelli_m4_SW.png
[  93% ] reimport | faction_blacktop_cz75_SE.png
[  93% ] reimport | faction_blacktop_cz75_SW.png
[  93% ] reimport | faction_blacktop_desert_eagle_SE.png
[  93% ] reimport | faction_blacktop_desert_eagle_SW.png
[  93% ] reimport | faction_blacktop_five_seven_SE.png
[  93% ] reimport | faction_blacktop_five_seven_SW.png
[  93% ] reimport | faction_blacktop_g36c_SE.png
[  93% ] reimport | faction_blacktop_g36c_SW.png
[  93% ] reimport | faction_lombardia_svd_SE.png
[  93% ] reimport | faction_lombardia_svd_SW.png
[  93% ] reimport | faction_lombardia_usp_SE.png
[  93% ] reimport | faction_lombardia_usp_SW.png
[  93% ] reimport | faction_lombardia_uzi_SE.png
[  93% ] reimport | faction_lombardia_uzi_SW.png
[  93% ] reimport | faction_lombardia_vector_SE.png
[  93% ] reimport | faction_lombardia_vector_SW.png
[  93% ] reimport | faction_mcallister_ak47_SE.png
[  93% ] reimport | faction_mcallister_ak47_SW.png
[  93% ] reimport | faction_mcallister_aug_SE.png
[  94% ] reimport | faction_mcallister_aug_SW.png
[  94% ] reimport | faction_mcallister_awm_SE.png
[  94% ] reimport | faction_mcallister_awm_SW.png
[  94% ] reimport | faction_mcallister_benelli_m2_SE.png
[  94% ] reimport | faction_mcallister_benelli_m2_SW.png
[  94% ] reimport | faction_mcallister_benelli_m4_SE.png
[  94% ] reimport | faction_mcallister_benelli_m4_SW.png
[  94% ] reimport | faction_mcallister_cz75_SE.png
[  94% ] reimport | faction_mcallister_cz75_SW.png
[  94% ] reimport | faction_mcallister_desert_eagle_SE.png
[  94% ] reimport | faction_mcallister_desert_eagle_SW.png
[  94% ] reimport | faction_mcallister_five_seven_SE.png
[  94% ] reimport | faction_mcallister_five_seven_SW.png
[  94% ] reimport | faction_mcallister_g36c_SE.png
[  94% ] reimport | faction_mcallister_g36c_SW.png
[  94% ] reimport | faction_mcallister_glock_17_SE.png
[  94% ] reimport | faction_lombardia_mac10_SE.png
[  94% ] reimport | faction_lombardia_mac10_SW.png
[  94% ] reimport | faction_lombardia_mini14_SE.png
[  94% ] reimport | faction_lombardia_mini14_SW.png
[  94% ] reimport | faction_lombardia_moss500_SE.png
[  94% ] reimport | faction_lombardia_moss500_SW.png
[  94% ] reimport | faction_lombardia_mp5k_SE.png
[  94% ] reimport | faction_lombardia_mp5k_SW.png
[  94% ] reimport | faction_lombardia_mp5_SE.png
[  94% ] reimport | faction_lombardia_mp5_SW.png
[  94% ] reimport | faction_lombardia_p90_SE.png
[  94% ] reimport | faction_lombardia_p90_SW.png
[  94% ] reimport | faction_lombardia_psg1_SE.png
[  94% ] reimport | faction_lombardia_psg1_SW.png
[  94% ] reimport | faction_lombardia_rem700_SE.png
[  94% ] reimport | faction_lombardia_rem700_SW.png
[  94% ] reimport | faction_lombardia_rem870_SE.png
[  94% ] reimport | faction_lombardia_rem870_SW.png
[  94% ] reimport | faction_lombardia_saiga12_SE.png
[  95% ] reimport | faction_lombardia_saiga12_SW.png
[  95% ] reimport | faction_lombardia_scar_h_SE.png
[  95% ] reimport | faction_lombardia_scar_h_SW.png
[  95% ] reimport | faction_lombardia_sks_SE.png
[  95% ] reimport | faction_lombardia_sks_SW.png
[  95% ] reimport | faction_lombardia_spas12_SE.png
[  95% ] reimport | faction_lombardia_spas12_SW.png
[  95% ] reimport | faction_lombardia_ssg69_SE.png
[  95% ] reimport | faction_lombardia_ssg69_SW.png
[  95% ] reimport | faction_mcallister_sks_SW.png
[  95% ] reimport | faction_mcallister_spas12_SE.png
[  95% ] reimport | faction_mcallister_spas12_SW.png
[  95% ] reimport | faction_mcallister_ssg69_SE.png
[  95% ] reimport | faction_mcallister_ssg69_SW.png
[  95% ] reimport | faction_mcallister_svd_SE.png
[  95% ] reimport | faction_mcallister_svd_SW.png
[  95% ] reimport | faction_mcallister_usp_SE.png
[  95% ] reimport | faction_mcallister_usp_SW.png
[  95% ] reimport | faction_mcallister_uzi_SE.png
[  95% ] reimport | faction_mcallister_uzi_SW.png
[  95% ] reimport | faction_mcallister_vector_SE.png
[  95% ] reimport | faction_mcallister_vector_SW.png
[  95% ] reimport | faction_mercer44_ak47_SE.png
[  95% ] reimport | faction_mercer44_ak47_SW.png
[  95% ] reimport | faction_mercer44_aug_SE.png
[  95% ] reimport | faction_mercer44_aug_SW.png
[  95% ] reimport | faction_mercer44_awm_SE.png
[  95% ] reimport | faction_mercer44_awm_SW.png
[  95% ] reimport | faction_mercer44_benelli_m2_SE.png
[  95% ] reimport | faction_mercer44_benelli_m2_SW.png
[  95% ] reimport | faction_mercer44_benelli_m4_SE.png
[  95% ] reimport | faction_mercer44_benelli_m4_SW.png
[  95% ] reimport | faction_mercer44_cz75_SE.png
[  95% ] reimport | faction_mercer44_cz75_SW.png
[  95% ] reimport | faction_mercer44_desert_eagle_SE.png
[  96% ] reimport | faction_mercer44_desert_eagle_SW.png
[  96% ] reimport | faction_mcallister_glock_17_SW.png
[  96% ] reimport | faction_mcallister_m4a1_SE.png
[  96% ] reimport | faction_mcallister_m4a1_SW.png
[  96% ] reimport | faction_mcallister_m1911_SE.png
[  96% ] reimport | faction_mcallister_m1911_SW.png
[  96% ] reimport | faction_mcallister_mac10_SE.png
[  96% ] reimport | faction_mcallister_mac10_SW.png
[  96% ] reimport | faction_mcallister_mini14_SE.png
[  96% ] reimport | faction_mcallister_mini14_SW.png
[  96% ] reimport | faction_mcallister_moss500_SE.png
[  96% ] reimport | faction_mcallister_moss500_SW.png
[  96% ] reimport | faction_mcallister_mp5k_SE.png
[  96% ] reimport | faction_mcallister_mp5k_SW.png
[  96% ] reimport | faction_mcallister_mp5_SE.png
[  96% ] reimport | faction_mcallister_mp5_SW.png
[  96% ] reimport | faction_mcallister_p90_SE.png
[  96% ] reimport | faction_mcallister_p90_SW.png
[  96% ] reimport | faction_mcallister_psg1_SE.png
[  96% ] reimport | faction_mcallister_psg1_SW.png
[  96% ] reimport | faction_mcallister_rem700_SE.png
[  96% ] reimport | faction_mcallister_rem700_SW.png
[  96% ] reimport | faction_mcallister_rem870_SE.png
[  96% ] reimport | faction_mcallister_rem870_SW.png
[  96% ] reimport | faction_mcallister_saiga12_SE.png
[  96% ] reimport | faction_mcallister_saiga12_SW.png
[  96% ] reimport | faction_mcallister_scar_h_SE.png
[  96% ] reimport | faction_mcallister_scar_h_SW.png
[  96% ] reimport | faction_mcallister_sks_SE.png
[  96% ] reimport | faction_kurgan_aug_SE.png
[  96% ] reimport | faction_kurgan_aug_SW.png
[  96% ] reimport | faction_kurgan_awm_SE.png
[  96% ] reimport | faction_kurgan_awm_SW.png
[  96% ] reimport | faction_kurgan_benelli_m2_SE.png
[  96% ] reimport | faction_kurgan_benelli_m2_SW.png
[  97% ] reimport | faction_kurgan_benelli_m4_SE.png
[  97% ] reimport | faction_kurgan_benelli_m4_SW.png
[  97% ] reimport | faction_kurgan_cz75_SE.png
[  97% ] reimport | faction_kurgan_cz75_SW.png
[  97% ] reimport | faction_kurgan_desert_eagle_SE.png
[  97% ] reimport | faction_kurgan_desert_eagle_SW.png
[  97% ] reimport | faction_kurgan_five_seven_SE.png
[  97% ] reimport | faction_kurgan_five_seven_SW.png
[  97% ] reimport | faction_kurgan_g36c_SE.png
[  97% ] reimport | faction_kurgan_g36c_SW.png
[  97% ] reimport | faction_kurgan_glock_17_SE.png
[  97% ] reimport | faction_kurgan_glock_17_SW.png
[  97% ] reimport | faction_kurgan_m4a1_SE.png
[  97% ] reimport | faction_kurgan_m4a1_SW.png
[  97% ] reimport | faction_kurgan_m1911_SE.png
[  97% ] reimport | faction_kurgan_m1911_SW.png
[  97% ] reimport | faction_kurgan_mac10_SE.png
[  97% ] reimport | faction_kurgan_mac10_SW.png
[  97% ] reimport | faction_kurgan_mini14_SE.png
[  97% ] reimport | faction_kurgan_mini14_SW.png
[  97% ] reimport | faction_kurgan_moss500_SE.png
[  97% ] reimport | faction_eastex_p90_SE.png
[  97% ] reimport | faction_eastex_p90_SW.png
[  97% ] reimport | faction_eastex_psg1_SE.png
[  97% ] reimport | faction_eastex_psg1_SW.png
[  97% ] reimport | faction_eastex_rem700_SE.png
[  97% ] reimport | faction_eastex_rem700_SW.png
[  97% ] reimport | faction_eastex_rem870_SE.png
[  97% ] reimport | faction_eastex_rem870_SW.png
[  97% ] reimport | faction_eastex_saiga12_SE.png
[  97% ] reimport | faction_eastex_saiga12_SW.png
[  97% ] reimport | faction_eastex_scar_h_SE.png
[  97% ] reimport | faction_eastex_scar_h_SW.png
[  97% ] reimport | faction_eastex_sks_SE.png
[  97% ] reimport | faction_eastex_sks_SW.png
[  98% ] reimport | faction_eastex_spas12_SE.png
[  98% ] reimport | faction_eastex_spas12_SW.png
[  98% ] reimport | faction_eastex_ssg69_SE.png
[  98% ] reimport | faction_eastex_ssg69_SW.png
[  98% ] reimport | faction_eastex_svd_SE.png
[  98% ] reimport | faction_eastex_svd_SW.png
[  98% ] reimport | faction_eastex_usp_SE.png
[  98% ] reimport | faction_eastex_usp_SW.png
[  98% ] reimport | faction_eastex_uzi_SE.png
[  98% ] reimport | faction_eastex_uzi_SW.png
[  98% ] reimport | faction_eastex_vector_SE.png
[  98% ] reimport | faction_eastex_vector_SW.png
[  98% ] reimport | faction_kurgan_ak47_SE.png
[  98% ] reimport | faction_kurgan_ak47_SW.png
[  98% ] reimport | faction_kurgan_uzi_SW.png
[  98% ] reimport | faction_kurgan_vector_SE.png
[  98% ] reimport | faction_kurgan_vector_SW.png
[  98% ] reimport | faction_lombardia_ak47_SE.png
[  98% ] reimport | faction_lombardia_ak47_SW.png
[  98% ] reimport | faction_lombardia_aug_SE.png
[  98% ] reimport | faction_lombardia_aug_SW.png
[  98% ] reimport | faction_lombardia_awm_SE.png
[  98% ] reimport | faction_lombardia_awm_SW.png
[  98% ] reimport | faction_lombardia_benelli_m2_SE.png
[  98% ] reimport | faction_lombardia_benelli_m2_SW.png
[  98% ] reimport | faction_lombardia_benelli_m4_SE.png
[  98% ] reimport | faction_lombardia_benelli_m4_SW.png
[  98% ] reimport | faction_lombardia_cz75_SE.png
[  98% ] reimport | faction_lombardia_cz75_SW.png
[  98% ] reimport | faction_lombardia_desert_eagle_SE.png
[  98% ] reimport | faction_lombardia_desert_eagle_SW.png
[  98% ] reimport | faction_lombardia_five_seven_SE.png
[  98% ] reimport | faction_lombardia_five_seven_SW.png
[  98% ] reimport | faction_lombardia_g36c_SE.png
[  98% ] reimport | faction_lombardia_g36c_SW.png
[  99% ] reimport | faction_lombardia_glock_17_SE.png
[  99% ] reimport | faction_lombardia_glock_17_SW.png
[  99% ] reimport | faction_lombardia_m4a1_SE.png
[  99% ] reimport | faction_lombardia_m4a1_SW.png
[  99% ] reimport | faction_lombardia_m1911_SE.png
[  99% ] reimport | faction_lombardia_m1911_SW.png
[  99% ] reimport | faction_kurgan_moss500_SW.png
[  99% ] reimport | faction_kurgan_mp5k_SE.png
[  99% ] reimport | faction_kurgan_mp5k_SW.png
[  99% ] reimport | faction_kurgan_mp5_SE.png
[  99% ] reimport | faction_kurgan_mp5_SW.png
[  99% ] reimport | faction_kurgan_p90_SE.png
[  99% ] reimport | faction_kurgan_p90_SW.png
[  99% ] reimport | faction_kurgan_psg1_SE.png
[  99% ] reimport | faction_kurgan_psg1_SW.png
[  99% ] reimport | faction_kurgan_rem700_SE.png
[  99% ] reimport | faction_kurgan_rem700_SW.png
[  99% ] reimport | faction_kurgan_rem870_SE.png
[  99% ] reimport | faction_kurgan_rem870_SW.png
[  99% ] reimport | faction_kurgan_saiga12_SE.png
[  99% ] reimport | faction_kurgan_saiga12_SW.png
[  99% ] reimport | faction_kurgan_scar_h_SE.png
[  99% ] reimport | faction_kurgan_scar_h_SW.png
[  99% ] reimport | faction_kurgan_sks_SE.png
[  99% ] reimport | faction_kurgan_sks_SW.png
[  99% ] reimport | faction_kurgan_spas12_SE.png
[  99% ] reimport | faction_kurgan_spas12_SW.png
[  99% ] reimport | faction_kurgan_ssg69_SE.png
[  99% ] reimport | faction_kurgan_ssg69_SW.png
[  99% ] reimport | faction_kurgan_svd_SE.png
[  99% ] reimport | faction_kurgan_svd_SW.png
[  99% ] reimport | faction_kurgan_usp_SE.png
[  99% ] reimport | faction_kurgan_usp_SW.png
[  99% ] reimport | faction_kurgan_uzi_SE.png
[  99% ] reimport | Finalizing Asset Import...
[ DONE ] reimport

[   0% ] reimport | Started (Re)Importing Assets (3506 steps)
[   0% ] reimport | Executing post-reimport operations...
[ DONE ] reimport

[   0% ] loading_editor_layout | Started Loading editor (5 steps)
[   0% ] loading_editor_layout | Loading editor layout...
[  16% ] loading_editor_layout | Loading docks...
[  33% ] loading_editor_layout | Reopening scenes...
[  50% ] loading_editor_layout | Loading central editor layout...
[  66% ] loading_editor_layout | Loading plugin window layout...
[  83% ] loading_editor_layout | Editor layout ready.
[ DONE ] loading_editor_layout

