#options: 1280x720 fps=30/1 timebase=1/30 bitdepth=8 cabac=1 ref=1 deblock=1:0:0 analyse=0x1:0 me=dia subme=2 psy=1 psy_rd=1.00:0.00 mixed_ref=0 me_range=16 chroma_me=1 trellis=0 8x8dct=0 cqm=0 deadzone=21,11 fast_pskip=1 chroma_qp_offset=0 threads=12 lookahead_threads=4 sliced_threads=0 nr=0 decimate=1 interlaced=0 bluray_compat=0 constrained_intra=0 bframes=3 b_pyramid=2 b_adapt=1 b_bias=0 direct=1 weightb=1 open_gop=0 weightp=2 keyint=60 keyint_min=6 scenecut=40 intra_refresh=0 rc_lookahead=40 rc=abr mbtree=1 bitrate=1015 ratetol=1.0 qcomp=0.60 qpmin=0 qpmax=69 qpstep=4 ip_ratio=1.40 aq=1:1.00
in:0 out:0 type:I dur:2 cpbdur:2 q:35.84 aq:21.00 tex:338 mv:913 misc:6021 imb:3600 pmb:0 smb:0 d:- ref:;
in:1 out:1 type:i dur:2 cpbdur:2 q:35.78 aq:19.93 tex:49810 mv:16880 misc:134 imb:3600 pmb:0 smb:0 d:- ref:;
in:4 out:2 type:P dur:2 cpbdur:2 q:36.07 aq:21.43 tex:67753 mv:11480 misc:1015 imb:2353 pmb:957 smb:290 d:- ref:0 w:5,127,-48,0,2,-128,2,-128 ;
in:2 out:3 type:B dur:2 cpbdur:2 q:36.07 aq:20.38 tex:2309 mv:571 misc:1632 imb:20 pmb:766 smb:2814 d:- ref:0 ;
in:3 out:4 type:b dur:2 cpbdur:2 q:36.07 aq:21.89 tex:254 mv:124 misc:334 imb:5 pmb:27 smb:3568 d:- ref:0 ;
in:8 out:5 type:P dur:2 cpbdur:2 q:36.06 aq:22.27 tex:76633 mv:11623 misc:1320 imb:1668 pmb:1485 smb:447 d:- ref:0 w:0,2,-16,4,32,-128,31,-119 ;
in:6 out:6 type:B dur:2 cpbdur:2 q:36.07 aq:20.18 tex:2074 mv:872 misc:1094 imb:81 pmb:576 smb:2943 d:- ref:0 ;
in:5 out:7 type:b dur:2 cpbdur:2 q:36.07 aq:21.84 tex:275 mv:81 misc:396 imb:1 pmb:53 smb:3546 d:- ref:0 ;
in:7 out:8 type:b dur:2 cpbdur:2 q:36.06 aq:21.42 tex:591 mv:157 misc:524 imb:2 pmb:73 smb:3525 d:- ref:0 ;
in:12 out:9 type:P dur:2 cpbdur:2 q:35.87 aq:24.38 tex:16496 mv:1399 misc:1745 imb:50 pmb:349 smb:3201 d:- ref:0 ;
in:10 out:10 type:B dur:2 cpbdur:2 q:35.96 aq:20.00 tex:9 mv:53 misc:322 imb:0 pmb:19 smb:3581 d:- ref:0 ;
in:9 out:11 type:b dur:2 cpbdur:2 q:36.01 aq:21.00 tex:6 mv:49 misc:305 imb:0 pmb:17 smb:3583 d:- ref:0 ;
in:11 out:12 type:b dur:2 cpbdur:2 q:35.91 aq:21.00 tex:0 mv:0 misc:224 imb:0 pmb:0 smb:3600 d:- ref:0 ;
in:16 out:13 type:P dur:2 cpbdur:2 q:35.67 aq:23.64 tex:5643 mv:520 misc:1229 imb:18 pmb:168 smb:3414 d:- ref:0 ;
in:14 out:14 type:B dur:2 cpbdur:2 q:35.77 aq:20.00 tex:0 mv:0 misc:240 imb:0 pmb:0 smb:3600 d:- ref:0 ;
in:13 out:15 type:b dur:2 cpbdur:2 q:35.82 aq:21.00 tex:0 mv:0 misc:224 imb:0 pmb:0 smb:3600 d:- ref:0 ;
in:15 out:16 type:b dur:2 cpbdur:2 q:35.72 aq:21.00 tex:0 mv:0 misc:224 imb:0 pmb:0 smb:3600 d:- ref:0 ;
in:20 out:17 type:P dur:2 cpbdur:2 q:36.39 aq:23.18 tex:487 mv:90 misc:399 imb:5 pmb:13 smb:3582 d:- ref:0 ;
in:18 out:18 type:B dur:2 cpbdur:2 q:36.03 aq:20.00 tex:0 mv:0 misc:240 imb:0 pmb:0 smb:3600 d:- ref:0 ;
in:17 out:19 type:b dur:2 cpbdur:2 q:35.85 aq:21.00 tex:0 mv:0 misc:224 imb:0 pmb:0 smb:3600 d:- ref:0 ;
in:19 out:20 type:b dur:2 cpbdur:2 q:36.21 aq:21.00 tex:0 mv:0 misc:224 imb:0 pmb:0 smb:3600 d:- ref:0 ;
in:24 out:21 type:P dur:2 cpbdur:2 q:32.47 aq:20.21 tex:96890 mv:5978 misc:2668 imb:386 pmb:1339 smb:1875 d:- ref:0 ;
in:22 out:22 type:B dur:2 cpbdur:2 q:34.43 aq:18.00 tex:0 mv:0 misc:248 imb:0 pmb:0 smb:3600 d:- ref:0 ;
in:21 out:23 type:b dur:2 cpbdur:2 q:35.41 aq:20.00 tex:0 mv:0 misc:224 imb:0 pmb:0 smb:3600 d:- ref:0 ;
in:23 out:24 type:b dur:2 cpbdur:2 q:33.45 aq:18.00 tex:0 mv:0 misc:232 imb:0 pmb:0 smb:3600 d:- ref:0 ;
in:28 out:25 type:P dur:2 cpbdur:2 q:29.35 aq:16.62 tex:141928 mv:8157 misc:2443 imb:615 pmb:1632 smb:1353 d:- ref:0 ;
in:26 out:26 type:B dur:2 cpbdur:2 q:30.91 aq:19.55 tex:92 mv:41 misc:315 imb:0 pmb:9 smb:3591 d:- ref:0 ;
in:25 out:27 type:b dur:2 cpbdur:2 q:31.69 aq:17.00 tex:2 mv:14 misc:240 imb:0 pmb:1 smb:3599 d:- ref:0 ;
in:27 out:28 type:b dur:2 cpbdur:2 q:30.13 aq:18.31 tex:39 mv:7 misc:258 imb:0 pmb:3 smb:3597 d:- ref:0 ;
in:32 out:29 type:P dur:2 cpbdur:2 q:26.61 aq:13.49 tex:152799 mv:7125 misc:2452 imb:613 pmb:1709 smb:1278 d:- ref:0 ;
in:30 out:30 type:B dur:2 cpbdur:2 q:27.98 aq:18.20 tex:159 mv:54 misc:371 imb:0 pmb:17 smb:3583 d:- ref:0 ;
in:29 out:31 type:b dur:2 cpbdur:2 q:28.67 aq:18.70 tex:58 mv:7 misc:271 imb:0 pmb:4 smb:3596 d:- ref:0 ;
in:31 out:32 type:b dur:2 cpbdur:2 q:27.30 aq:19.19 tex:70 mv:11 misc:271 imb:0 pmb:5 smb:3595 d:- ref:0 ;
in:36 out:33 type:P dur:2 cpbdur:2 q:26.74 aq:14.00 tex:14274 mv:959 misc:2087 imb:43 pmb:416 smb:3141 d:- ref:0 ;
in:34 out:34 type:B dur:2 cpbdur:2 q:26.67 aq:18.44 tex:71 mv:28 misc:301 imb:1 pmb:5 smb:3594 d:- ref:0 ;
in:33 out:35 type:b dur:2 cpbdur:2 q:26.64 aq:18.00 tex:63 mv:21 misc:276 imb:1 pmb:4 smb:3595 d:- ref:0 ;
in:35 out:36 type:b dur:2 cpbdur:2 q:26.71 aq:18.55 tex:63 mv:20 misc:277 imb:1 pmb:4 smb:3595 d:- ref:0 ;
in:40 out:37 type:P dur:2 cpbdur:2 q:27.62 aq:12.92 tex:2627 mv:331 misc:1122 imb:15 pmb:144 smb:3441 d:- ref:0 ;
in:38 out:38 type:B dur:2 cpbdur:2 q:27.18 aq:19.71 tex:113 mv:25 misc:326 imb:1 pmb:9 smb:3590 d:- ref:0 ;
in:37 out:39 type:b dur:2 cpbdur:2 q:26.96 aq:18.69 tex:64 mv:20 misc:276 imb:1 pmb:4 smb:3595 d:- ref:0 ;
in:39 out:40 type:b dur:2 cpbdur:2 q:27.40 aq:19.44 tex:72 mv:22 misc:282 imb:1 pmb:5 smb:3594 d:- ref:0 ;
in:44 out:41 type:P dur:2 cpbdur:2 q:28.26 aq:13.80 tex:1322 mv:204 misc:786 imb:9 pmb:84 smb:3507 d:- ref:0 ;
in:42 out:42 type:B dur:2 cpbdur:2 q:27.94 aq:18.55 tex:71 mv:23 misc:306 imb:0 pmb:7 smb:3593 d:- ref:0 ;
in:41 out:43 type:b dur:2 cpbdur:2 q:27.78 aq:19.69 tex:54 mv:14 misc:276 imb:0 pmb:5 smb:3595 d:- ref:0 ;
in:43 out:44 type:b dur:2 cpbdur:2 q:28.10 aq:19.54 tex:44 mv:7 misc:261 imb:0 pmb:3 smb:3597 d:- ref:0 ;
in:48 out:45 type:P dur:2 cpbdur:2 q:26.99 aq:12.25 tex:3377 mv:269 misc:1042 imb:14 pmb:123 smb:3463 d:- ref:0 ;
in:46 out:46 type:B dur:2 cpbdur:2 q:27.63 aq:18.69 tex:72 mv:9 misc:295 imb:0 pmb:5 smb:3595 d:- ref:0 ;
in:45 out:47 type:b dur:2 cpbdur:2 q:27.95 aq:18.85 tex:42 mv:7 misc:255 imb:0 pmb:3 smb:3597 d:- ref:0 ;
in:47 out:48 type:b dur:2 cpbdur:2 q:27.31 aq:16.46 tex:45 mv:8 misc:259 imb:0 pmb:3 smb:3597 d:- ref:0 ;
in:52 out:49 type:P dur:2 cpbdur:2 q:25.36 aq:13.39 tex:35920 mv:1896 misc:2824 imb:139 pmb:747 smb:2714 d:- ref:0 ;
in:50 out:50 type:B dur:2 cpbdur:2 q:26.18 aq:10.00 tex:6 mv:12 misc:262 imb:0 pmb:2 smb:3598 d:- ref:0 ;
in:49 out:51 type:b dur:2 cpbdur:2 q:26.59 aq:15.56 tex:43 mv:8 misc:261 imb:0 pmb:3 smb:3597 d:- ref:0 ;
in:51 out:52 type:b dur:2 cpbdur:2 q:25.77 aq:15.46 tex:46 mv:14 misc:268 imb:0 pmb:4 smb:3596 d:- ref:0 ;
in:56 out:53 type:P dur:2 cpbdur:2 q:23.71 aq:11.75 tex:93456 mv:3199 misc:3177 imb:290 pmb:1360 smb:1950 d:- ref:0 ;
in:54 out:54 type:B dur:2 cpbdur:2 q:24.54 aq:13.01 tex:314 mv:71 misc:431 imb:0 pmb:30 smb:3570 d:- ref:0 ;
in:53 out:55 type:b dur:2 cpbdur:2 q:24.95 aq:10.84 tex:24 mv:7 misc:241 imb:0 pmb:1 smb:3599 d:- ref:0 ;
in:55 out:56 type:b dur:2 cpbdur:2 q:24.12 aq:10.73 tex:35 mv:4 misc:249 imb:0 pmb:2 smb:3598 d:- ref:0 ;
in:59 out:57 type:P dur:2 cpbdur:2 q:22.30 aq:11.77 tex:276 mv:90 misc:386 imb:3 pmb:16 smb:3581 d:- ref:0 ;
in:57 out:58 type:B dur:2 cpbdur:2 q:23.24 aq:12.53 tex:195 mv:29 misc:344 imb:0 pmb:17 smb:3583 d:- ref:0 ;
in:58 out:59 type:b dur:2 cpbdur:2 q:22.77 aq:10.68 tex:156 mv:17 misc:307 imb:0 pmb:13 smb:3587 d:- ref:0 ;
in:60 out:60 type:I dur:2 cpbdur:2 q:24.27 aq:11.49 tex:494441 mv:51429 misc:546 imb:3600 pmb:0 smb:0 d:- ref:;
in:64 out:61 type:P dur:2 cpbdur:2 q:24.05 aq:12.84 tex:5568 mv:756 misc:1548 imb:46 pmb:223 smb:3331 d:- ref:0 ;
in:62 out:62 type:B dur:2 cpbdur:2 q:24.05 aq:15.63 tex:252 mv:64 misc:364 imb:0 pmb:19 smb:3581 d:- ref:0 ;
in:61 out:63 type:b dur:2 cpbdur:2 q:24.05 aq:11.97 tex:62 mv:9 misc:265 imb:0 pmb:4 smb:3596 d:- ref:0 ;
in:63 out:64 type:b dur:2 cpbdur:2 q:24.05 aq:11.97 tex:50 mv:7 misc:255 imb:0 pmb:3 smb:3597 d:- ref:0 ;
in:68 out:65 type:P dur:2 cpbdur:2 q:23.71 aq:11.86 tex:2076 mv:382 misc:790 imb:28 pmb:60 smb:3512 d:- ref:0 ;
in:66 out:66 type:B dur:2 cpbdur:2 q:23.88 aq:15.82 tex:226 mv:37 misc:353 imb:0 pmb:15 smb:3585 d:- ref:0 ;
in:65 out:67 type:b dur:2 cpbdur:2 q:23.96 aq:11.97 tex:50 mv:7 misc:255 imb:0 pmb:3 smb:3597 d:- ref:0 ;
in:67 out:68 type:b dur:2 cpbdur:2 q:23.79 aq:11.97 tex:50 mv:7 misc:255 imb:0 pmb:3 smb:3597 d:- ref:0 ;
in:72 out:69 type:P dur:2 cpbdur:2 q:22.86 aq:12.46 tex:2143 mv:353 misc:720 imb:30 pmb:54 smb:3516 d:- ref:0 ;
in:70 out:70 type:B dur:2 cpbdur:2 q:23.28 aq:16.69 tex:173 mv:38 misc:341 imb:0 pmb:12 smb:3588 d:- ref:0 ;
in:69 out:71 type:b dur:2 cpbdur:2 q:23.50 aq:10.97 tex:38 mv:4 misc:246 imb:0 pmb:2 smb:3598 d:- ref:0 ;
in:71 out:72 type:b dur:2 cpbdur:2 q:23.07 aq:10.97 tex:59 mv:16 misc:261 imb:0 pmb:4 smb:3596 d:- ref:0 ;
in:76 out:73 type:P dur:2 cpbdur:2 q:23.60 aq:14.08 tex:968 mv:145 misc:439 imb:8 pmb:17 smb:3575 d:- ref:0 ;
in:74 out:74 type:B dur:2 cpbdur:2 q:23.23 aq:17.78 tex:85 mv:15 misc:292 imb:0 pmb:5 smb:3595 d:- ref:0 ;
in:73 out:75 type:b dur:2 cpbdur:2 q:23.04 aq:10.97 tex:61 mv:15 misc:260 imb:0 pmb:4 smb:3596 d:- ref:0 ;
in:75 out:76 type:b dur:2 cpbdur:2 q:23.41 aq:10.97 tex:38 mv:4 misc:246 imb:0 pmb:2 smb:3598 d:- ref:0 ;
in:80 out:77 type:P dur:2 cpbdur:2 q:22.51 aq:14.38 tex:294810 mv:18818 misc:1188 imb:1981 pmb:1115 smb:504 d:- ref:0 ;
in:78 out:78 type:B dur:2 cpbdur:2 q:23.06 aq:17.13 tex:85493 mv:11611 misc:2512 imb:266 pmb:1457 smb:1877 d:- ref:0 ;
in:77 out:79 type:b dur:2 cpbdur:2 q:23.33 aq:13.60 tex:973 mv:590 misc:1813 imb:3 pmb:515 smb:3082 d:- ref:0 ;
in:79 out:80 type:b dur:2 cpbdur:2 q:22.78 aq:18.18 tex:95718 mv:15339 misc:2431 imb:396 pmb:1669 smb:1535 d:- ref:0 ;
in:84 out:81 type:P dur:2 cpbdur:2 q:22.30 aq:15.06 tex:257098 mv:19453 misc:1073 imb:2058 pmb:1113 smb:429 d:- ref:0 ;
in:82 out:82 type:B dur:2 cpbdur:2 q:22.41 aq:16.49 tex:189743 mv:24115 misc:1870 imb:929 pmb:1660 smb:1011 d:- ref:0 ;
in:81 out:83 type:b dur:2 cpbdur:2 q:22.46 aq:18.09 tex:107936 mv:18916 misc:2188 imb:608 pmb:1615 smb:1377 d:- ref:0 ;
in:83 out:84 type:b dur:2 cpbdur:2 q:22.36 aq:17.21 tex:131353 mv:21498 misc:1821 imb:696 pmb:1974 smb:930 d:- ref:0 ;
in:86 out:85 type:P dur:2 cpbdur:2 q:22.12 aq:15.57 tex:245050 mv:18584 misc:1022 imb:2006 pmb:1197 smb:397 d:- ref:0 ;
in:85 out:86 type:b dur:2 cpbdur:2 q:22.21 aq:17.56 tex:155373 mv:22037 misc:1686 imb:902 pmb:1936 smb:762 d:- ref:0 ;
in:89 out:87 type:P dur:2 cpbdur:2 q:22.17 aq:15.87 tex:262165 mv:19584 misc:723 imb:2518 pmb:929 smb:153 d:- ref:0 ;
in:87 out:88 type:B dur:2 cpbdur:2 q:22.14 aq:16.48 tex:170607 mv:23888 misc:1921 imb:1065 pmb:1575 smb:960 d:- ref:0 ;
in:88 out:89 type:b dur:2 cpbdur:2 q:22.15 aq:17.42 tex:148965 mv:21701 misc:2166 imb:774 pmb:1741 smb:1085 d:- ref:0 ;
in:90 out:90 type:P dur:2 cpbdur:2 q:24.07 aq:17.03 tex:201385 mv:18240 misc:1439 imb:2042 pmb:1098 smb:460 d:- ref:0 ;
in:93 out:91 type:P dur:2 cpbdur:2 q:24.36 aq:17.67 tex:194299 mv:19250 misc:619 imb:2571 pmb:939 smb:90 d:- ref:0 ;
in:91 out:92 type:B dur:2 cpbdur:2 q:24.17 aq:18.77 tex:124642 mv:21705 misc:1957 imb:984 pmb:1816 smb:800 d:- ref:0 ;
in:92 out:93 type:b dur:2 cpbdur:2 q:24.27 aq:19.87 tex:111707 mv:21527 misc:1982 imb:883 pmb:1809 smb:908 d:- ref:0 ;
in:94 out:94 type:P dur:2 cpbdur:2 q:26.76 aq:19.97 tex:115126 mv:14401 misc:1937 imb:1708 pmb:1089 smb:803 d:- ref:0 ;
in:96 out:95 type:P dur:2 cpbdur:2 q:27.42 aq:20.43 tex:138667 mv:17196 misc:1377 imb:2139 pmb:937 smb:524 d:- ref:0 w:0,1,1 ;
in:95 out:96 type:b dur:2 cpbdur:2 q:27.09 aq:22.58 tex:55425 mv:16688 misc:2599 imb:660 pmb:1603 smb:1337 d:- ref:0 ;
in:99 out:97 type:P dur:2 cpbdur:2 q:28.81 aq:22.15 tex:148687 mv:16675 misc:1094 imb:2540 pmb:573 smb:487 d:- ref:0 w:0,1,1 ;
in:97 out:98 type:B dur:2 cpbdur:2 q:27.89 aq:21.94 tex:67947 mv:16643 misc:2634 imb:608 pmb:1516 smb:1476 d:- ref:0 ;
in:98 out:99 type:b dur:2 cpbdur:2 q:28.35 aq:24.17 tex:38457 mv:14397 misc:2746 imb:453 pmb:1475 smb:1672 d:- ref:0 ;
in:100 out:100 type:P dur:2 cpbdur:2 q:30.67 aq:23.47 tex:59568 mv:12142 misc:2314 imb:1409 pmb:878 smb:1313 d:- ref:0 ;
in:101 out:101 type:P dur:2 cpbdur:2 q:31.11 aq:24.36 tex:44238 mv:9015 misc:2499 imb:767 pmb:811 smb:2022 d:- ref:0 ;
in:103 out:102 type:P dur:2 cpbdur:2 q:31.56 aq:24.94 tex:57379 mv:11155 misc:2282 imb:1133 pmb:1021 smb:1446 d:- ref:0 w:0,1,1 ;
in:102 out:103 type:b dur:2 cpbdur:2 q:31.34 aq:27.09 tex:12726 mv:7895 misc:2491 imb:214 pmb:895 smb:2491 d:- ref:0 ;
in:105 out:104 type:P dur:2 cpbdur:2 q:32.32 aq:25.12 tex:55721 mv:11505 misc:2358 imb:1126 pmb:775 smb:1699 d:- ref:0 w:0,1,1 ;
in:104 out:105 type:b dur:2 cpbdur:2 q:31.94 aq:25.44 tex:13453 mv:9015 misc:2644 imb:232 pmb:994 smb:2374 d:- ref:0 ;
in:106 out:106 type:P dur:2 cpbdur:2 q:32.85 aq:25.99 tex:47148 mv:10510 misc:2430 imb:964 pmb:854 smb:1782 d:- ref:0 ;
in:109 out:107 type:P dur:2 cpbdur:2 q:33.16 aq:25.98 tex:129486 mv:15618 misc:1200 imb:2455 pmb:566 smb:579 d:- ref:0 w:0,1,1 ;
in:107 out:108 type:B dur:2 cpbdur:2 q:32.95 aq:26.30 tex:18114 mv:10544 misc:2574 imb:458 pmb:976 smb:2166 d:- ref:0 ;
in:108 out:109 type:b dur:2 cpbdur:2 q:33.06 aq:27.69 tex:8746 mv:7598 misc:2440 imb:259 pmb:976 smb:2365 d:- ref:0 ;
in:112 out:110 type:P dur:2 cpbdur:2 q:33.76 aq:24.93 tex:60707 mv:12466 misc:2083 imb:1515 pmb:1025 smb:1060 d:- ref:0 w:7,127,2,6,61,5,64,0 ;
in:110 out:111 type:B dur:2 cpbdur:2 q:33.36 aq:28.54 tex:11099 mv:8936 misc:2293 imb:329 pmb:878 smb:2393 d:- ref:0 ;
in:111 out:112 type:b dur:2 cpbdur:2 q:33.56 aq:29.33 tex:11659 mv:6656 misc:2197 imb:155 pmb:900 smb:2545 d:- ref:0 ;
in:116 out:113 type:P dur:2 cpbdur:2 q:33.96 aq:26.89 tex:45494 mv:6602 misc:1904 imb:607 pmb:517 smb:2476 d:- ref:0 w:0,1,1 ;
in:114 out:114 type:B dur:2 cpbdur:2 q:33.86 aq:25.32 tex:7665 mv:4752 misc:1583 imb:134 pmb:521 smb:2945 d:- ref:0 ;
in:113 out:115 type:b dur:2 cpbdur:2 q:33.81 aq:24.34 tex:5512 mv:3480 misc:1200 imb:117 pmb:564 smb:2919 d:- ref:0 ;
in:115 out:116 type:b dur:2 cpbdur:2 q:33.91 aq:29.37 tex:4316 mv:3311 misc:1101 imb:102 pmb:267 smb:3231 d:- ref:0 ;
in:119 out:117 type:P dur:2 cpbdur:2 q:33.94 aq:30.00 tex:25028 mv:7270 misc:1950 imb:705 pmb:489 smb:2406 d:- ref:0 w:0,1,1 ;
in:117 out:118 type:B dur:2 cpbdur:2 q:33.95 aq:29.60 tex:9384 mv:5839 misc:2105 imb:220 pmb:900 smb:2480 d:- ref:0 ;
in:118 out:119 type:b dur:2 cpbdur:2 q:33.95 aq:31.09 tex:7458 mv:5259 misc:1843 imb:147 pmb:794 smb:2659 d:- ref:0 ;
in:120 out:120 type:I dur:2 cpbdur:2 q:27.34 aq:20.12 tex:236766 mv:38648 misc:514 imb:3600 pmb:0 smb:0 d:- ref:;
in:124 out:121 type:P dur:2 cpbdur:2 q:34.62 aq:28.53 tex:58257 mv:10517 misc:2146 imb:899 pmb:853 smb:1848 d:- ref:0 w:7,127,1 ;
in:122 out:122 type:B dur:2 cpbdur:2 q:34.62 aq:29.86 tex:14071 mv:7706 misc:2207 imb:200 pmb:821 smb:2579 d:- ref:0 ;
in:121 out:123 type:b dur:2 cpbdur:2 q:34.62 aq:34.57 tex:6253 mv:4153 misc:1642 imb:95 pmb:506 smb:2999 d:- ref:0 ;
in:123 out:124 type:b dur:2 cpbdur:2 q:34.62 aq:31.97 tex:9277 mv:5197 misc:1966 imb:124 pmb:658 smb:2818 d:- ref:0 ;
in:128 out:125 type:P dur:2 cpbdur:2 q:34.73 aq:27.22 tex:59884 mv:11643 misc:2369 imb:1116 pmb:865 smb:1619 d:- ref:0 w:0,1,1 ;
in:126 out:126 type:B dur:2 cpbdur:2 q:34.68 aq:30.86 tex:15094 mv:8409 misc:2345 imb:207 pmb:881 smb:2512 d:- ref:0 ;
in:125 out:127 type:b dur:2 cpbdur:2 q:34.65 aq:33.48 tex:6991 mv:5351 misc:1938 imb:142 pmb:564 smb:2894 d:- ref:0 ;
in:127 out:128 type:b dur:2 cpbdur:2 q:34.71 aq:32.70 tex:8091 mv:5156 misc:1921 imb:127 pmb:563 smb:2910 d:- ref:0 ;
in:132 out:129 type:P dur:2 cpbdur:2 q:34.50 aq:28.79 tex:54685 mv:10599 misc:2316 imb:891 pmb:795 smb:1914 d:- ref:0 ;
in:130 out:130 type:B dur:2 cpbdur:2 q:34.61 aq:32.60 tex:16247 mv:8445 misc:2308 imb:262 pmb:761 smb:2577 d:- ref:0 ;
in:129 out:131 type:b dur:2 cpbdur:2 q:34.67 aq:32.37 tex:7351 mv:6243 misc:2150 imb:244 pmb:578 smb:2778 d:- ref:0 ;
in:131 out:132 type:b dur:2 cpbdur:2 q:34.55 aq:33.81 tex:8133 mv:4869 misc:1958 imb:160 pmb:520 smb:2920 d:- ref:0 ;
in:136 out:133 type:P dur:2 cpbdur:2 q:34.83 aq:28.83 tex:38055 mv:10357 misc:2276 imb:981 pmb:716 smb:1903 d:- ref:0 ;
in:134 out:134 type:B dur:2 cpbdur:2 q:34.66 aq:31.14 tex:15580 mv:9053 misc:2327 imb:247 pmb:789 smb:2564 d:- ref:0 ;
in:133 out:135 type:b dur:2 cpbdur:2 q:34.58 aq:33.70 tex:9174 mv:6248 misc:1874 imb:205 pmb:538 smb:2857 d:- ref:0 ;
in:135 out:136 type:b dur:2 cpbdur:2 q:34.75 aq:34.53 tex:7838 mv:5481 misc:2033 imb:159 pmb:603 smb:2838 d:- ref:0 ;
in:140 out:137 type:P dur:2 cpbdur:2 q:34.85 aq:29.73 tex:42580 mv:11144 misc:2380 imb:1025 pmb:770 smb:1805 d:- ref:0 ;
in:138 out:138 type:B dur:2 cpbdur:2 q:34.84 aq:31.33 tex:11481 mv:8333 misc:2314 imb:180 pmb:779 smb:2641 d:- ref:0 ;
in:137 out:139 type:b dur:2 cpbdur:2 q:34.84 aq:31.89 tex:8942 mv:6099 misc:2023 imb:214 pmb:585 smb:2801 d:- ref:0 ;
in:139 out:140 type:b dur:2 cpbdur:2 q:34.84 aq:33.13 tex:7507 mv:6232 misc:2013 imb:207 pmb:592 smb:2801 d:- ref:0 ;
in:144 out:141 type:P dur:2 cpbdur:2 q:34.89 aq:29.63 tex:43183 mv:11877 misc:2292 imb:1121 pmb:751 smb:1728 d:- ref:0 ;
in:142 out:142 type:B dur:2 cpbdur:2 q:34.87 aq:32.69 tex:11877 mv:9154 misc:2233 imb:212 pmb:761 smb:2627 d:- ref:0 ;
in:141 out:143 type:b dur:2 cpbdur:2 q:34.86 aq:31.36 tex:8318 mv:6347 misc:2087 imb:184 pmb:606 smb:2810 d:- ref:0 ;
in:143 out:144 type:b dur:2 cpbdur:2 q:34.88 aq:34.33 tex:5203 mv:6200 misc:1997 imb:199 pmb:547 smb:2854 d:- ref:0 ;
in:148 out:145 type:P dur:2 cpbdur:2 q:34.86 aq:29.20 tex:42133 mv:10839 misc:2396 imb:1012 pmb:747 smb:1841 d:- ref:0 ;
in:146 out:146 type:B dur:2 cpbdur:2 q:34.87 aq:32.29 tex:13848 mv:9759 misc:2497 imb:310 pmb:765 smb:2525 d:- ref:0 ;
in:145 out:147 type:b dur:2 cpbdur:2 q:34.88 aq:33.61 tex:7055 mv:6732 misc:2021 imb:204 pmb:590 smb:2806 d:- ref:0 ;
in:147 out:148 type:b dur:2 cpbdur:2 q:34.87 aq:33.70 tex:6127 mv:6867 misc:2142 imb:226 pmb:645 smb:2729 d:- ref:0 ;
in:152 out:149 type:P dur:2 cpbdur:2 q:34.84 aq:29.78 tex:43743 mv:11287 misc:2314 imb:1077 pmb:700 smb:1823 d:- ref:0 ;
in:150 out:150 type:B dur:2 cpbdur:2 q:34.85 aq:32.37 tex:12675 mv:9706 misc:2427 imb:285 pmb:912 smb:2403 d:- ref:0 ;
in:149 out:151 type:b dur:2 cpbdur:2 q:34.86 aq:33.73 tex:8102 mv:7508 misc:2182 imb:292 pmb:626 smb:2682 d:- ref:0 ;
in:151 out:152 type:b dur:2 cpbdur:2 q:34.84 aq:34.30 tex:7457 mv:7086 misc:2177 imb:241 pmb:627 smb:2732 d:- ref:0 ;
in:156 out:153 type:P dur:2 cpbdur:2 q:34.84 aq:29.72 tex:42630 mv:12137 misc:2497 imb:1084 pmb:771 smb:1745 d:- ref:0 ;
in:154 out:154 type:B dur:2 cpbdur:2 q:34.84 aq:32.22 tex:15702 mv:10399 misc:2587 imb:365 pmb:819 smb:2416 d:- ref:0 ;
in:153 out:155 type:b dur:2 cpbdur:2 q:34.84 aq:35.40 tex:7566 mv:6626 misc:2168 imb:229 pmb:597 smb:2774 d:- ref:0 ;
in:155 out:156 type:b dur:2 cpbdur:2 q:34.84 aq:34.86 tex:9104 mv:7275 misc:2165 imb:257 pmb:613 smb:2730 d:- ref:0 ;
in:160 out:157 type:P dur:2 cpbdur:2 q:34.84 aq:29.64 tex:42442 mv:11237 misc:2505 imb:1030 pmb:725 smb:1845 d:- ref:0 ;
in:158 out:158 type:B dur:2 cpbdur:2 q:34.84 aq:33.11 tex:14555 mv:9946 misc:2459 imb:362 pmb:740 smb:2498 d:- ref:0 ;
in:157 out:159 type:b dur:2 cpbdur:2 q:34.84 aq:35.03 tex:6543 mv:6795 misc:2166 imb:259 pmb:587 smb:2754 d:- ref:0 ;
in:159 out:160 type:b dur:2 cpbdur:2 q:34.84 aq:34.84 tex:8601 mv:7614 misc:2121 imb:204 pmb:694 smb:2702 d:- ref:0 ;
in:164 out:161 type:P dur:2 cpbdur:2 q:34.83 aq:29.32 tex:43757 mv:11225 misc:2402 imb:1000 pmb:739 smb:1861 d:- ref:0 ;
in:162 out:162 type:B dur:2 cpbdur:2 q:34.84 aq:32.94 tex:16385 mv:9688 misc:2471 imb:303 pmb:761 smb:2536 d:- ref:0 ;
in:161 out:163 type:b dur:2 cpbdur:2 q:34.84 aq:35.20 tex:7674 mv:6460 misc:2162 imb:230 pmb:585 smb:2785 d:- ref:0 ;
in:163 out:164 type:b dur:2 cpbdur:2 q:34.84 aq:34.86 tex:9589 mv:6878 misc:2245 imb:233 pmb:619 smb:2748 d:- ref:0 ;
in:168 out:165 type:P dur:2 cpbdur:2 q:34.81 aq:29.70 tex:49007 mv:12235 misc:2414 imb:1122 pmb:791 smb:1687 d:- ref:0 ;
in:166 out:166 type:B dur:2 cpbdur:2 q:34.82 aq:33.78 tex:13536 mv:10174 misc:2570 imb:306 pmb:840 smb:2454 d:- ref:0 ;
in:165 out:167 type:b dur:2 cpbdur:2 q:34.83 aq:34.64 tex:7810 mv:6424 misc:2166 imb:148 pmb:643 smb:2809 d:- ref:0 ;
in:167 out:168 type:b dur:2 cpbdur:2 q:34.82 aq:34.07 tex:10242 mv:7112 misc:2294 imb:172 pmb:671 smb:2757 d:- ref:0 ;
in:172 out:169 type:P dur:2 cpbdur:2 q:34.83 aq:29.31 tex:44859 mv:12035 misc:2426 imb:1178 pmb:781 smb:1641 d:- ref:0 ;
in:170 out:170 type:B dur:2 cpbdur:2 q:34.82 aq:33.89 tex:18781 mv:10840 misc:2491 imb:327 pmb:867 smb:2406 d:- ref:0 ;
in:169 out:171 type:b dur:2 cpbdur:2 q:34.81 aq:34.97 tex:9085 mv:6431 misc:2140 imb:182 pmb:605 smb:2813 d:- ref:0 ;
in:171 out:172 type:b dur:2 cpbdur:2 q:34.82 aq:34.76 tex:8363 mv:7634 misc:2275 imb:275 pmb:650 smb:2675 d:- ref:0 ;
in:176 out:173 type:P dur:2 cpbdur:2 q:34.85 aq:30.32 tex:46244 mv:11257 misc:2427 imb:931 pmb:768 smb:1901 d:- ref:0 ;
in:174 out:174 type:B dur:2 cpbdur:2 q:34.84 aq:34.81 tex:16709 mv:10189 misc:2414 imb:352 pmb:759 smb:2489 d:- ref:0 ;
in:173 out:175 type:b dur:2 cpbdur:2 q:34.83 aq:32.44 tex:9651 mv:7406 misc:2287 imb:238 pmb:655 smb:2707 d:- ref:0 ;
in:175 out:176 type:b dur:2 cpbdur:2 q:34.85 aq:33.76 tex:9761 mv:7680 misc:2327 imb:315 pmb:592 smb:2693 d:- ref:0 ;
in:179 out:177 type:P dur:2 cpbdur:2 q:34.89 aq:32.30 tex:17207 mv:8260 misc:2373 imb:742 pmb:593 smb:2265 d:- ref:0 ;
in:177 out:178 type:B dur:2 cpbdur:2 q:34.87 aq:33.67 tex:9811 mv:7002 misc:2171 imb:162 pmb:638 smb:2800 d:- ref:0 ;
in:178 out:179 type:b dur:2 cpbdur:2 q:34.88 aq:35.46 tex:11603 mv:7326 misc:2159 imb:300 pmb:571 smb:2729 d:- ref:0 ;
in:180 out:180 type:I dur:2 cpbdur:2 q:31.70 aq:26.34 tex:167527 mv:34390 misc:523 imb:3600 pmb:0 smb:0 d:- ref:;
in:184 out:181 type:P dur:2 cpbdur:2 q:35.10 aq:31.09 tex:42033 mv:10543 misc:2272 imb:852 pmb:763 smb:1985 d:- ref:0 ;
in:182 out:182 type:B dur:2 cpbdur:2 q:35.10 aq:34.15 tex:17181 mv:10115 misc:2392 imb:377 pmb:716 smb:2507 d:- ref:0 ;
in:181 out:183 type:b dur:2 cpbdur:2 q:35.10 aq:35.99 tex:9401 mv:7480 misc:2151 imb:227 pmb:666 smb:2707 d:- ref:0 ;
in:183 out:184 type:b dur:2 cpbdur:2 q:35.10 aq:34.72 tex:8057 mv:7214 misc:2153 imb:251 pmb:713 smb:2636 d:- ref:0 ;
in:188 out:185 type:P dur:2 cpbdur:2 q:35.13 aq:31.23 tex:44455 mv:11256 misc:2257 imb:1018 pmb:734 smb:1848 d:- ref:0 ;
in:186 out:186 type:B dur:2 cpbdur:2 q:35.11 aq:33.93 tex:15056 mv:9726 misc:2386 imb:280 pmb:755 smb:2565 d:- ref:0 ;
in:185 out:187 type:b dur:2 cpbdur:2 q:35.11 aq:35.90 tex:10309 mv:7432 misc:2051 imb:307 pmb:561 smb:2732 d:- ref:0 ;
in:187 out:188 type:b dur:2 cpbdur:2 q:35.12 aq:35.73 tex:10596 mv:7417 misc:2195 imb:262 pmb:593 smb:2745 d:- ref:0 ;
in:192 out:189 type:P dur:2 cpbdur:2 q:35.08 aq:30.82 tex:44847 mv:12033 misc:2384 imb:1122 pmb:790 smb:1688 d:- ref:0 ;
in:190 out:190 type:B dur:2 cpbdur:2 q:35.10 aq:33.94 tex:13360 mv:10492 misc:2572 imb:398 pmb:844 smb:2358 d:- ref:0 ;
in:189 out:191 type:b dur:2 cpbdur:2 q:35.11 aq:35.62 tex:10493 mv:7512 misc:2035 imb:271 pmb:613 smb:2716 d:- ref:0 ;
in:191 out:192 type:b dur:2 cpbdur:2 q:35.09 aq:36.10 tex:10337 mv:6991 misc:2144 imb:248 pmb:560 smb:2792 d:- ref:0 ;
in:196 out:193 type:P dur:2 cpbdur:2 q:35.28 aq:30.40 tex:46651 mv:11953 misc:2252 imb:1084 pmb:759 smb:1757 d:- ref:0 ;
in:194 out:194 type:B dur:2 cpbdur:2 q:35.18 aq:32.95 tex:14036 mv:10177 misc:2539 imb:363 pmb:773 smb:2464 d:- ref:0 ;
in:193 out:195 type:b dur:2 cpbdur:2 q:35.13 aq:35.27 tex:8690 mv:6935 misc:2247 imb:229 pmb:681 smb:2690 d:- ref:0 ;
in:195 out:196 type:b dur:2 cpbdur:2 q:35.23 aq:33.77 tex:7689 mv:6796 misc:2131 imb:223 pmb:648 smb:2729 d:- ref:0 ;
in:200 out:197 type:P dur:2 cpbdur:2 q:35.29 aq:30.57 tex:43253 mv:11576 misc:2291 imb:1110 pmb:742 smb:1748 d:- ref:0 ;
in:198 out:198 type:B dur:2 cpbdur:2 q:35.28 aq:34.06 tex:15039 mv:9738 misc:2447 imb:408 pmb:685 smb:2507 d:- ref:0 ;
in:197 out:199 type:b dur:2 cpbdur:2 q:35.28 aq:35.74 tex:8434 mv:6642 misc:2084 imb:222 pmb:585 smb:2793 d:- ref:0 ;
in:199 out:200 type:b dur:2 cpbdur:2 q:35.29 aq:33.79 tex:9573 mv:6658 misc:2025 imb:234 pmb:586 smb:2780 d:- ref:0 ;
in:204 out:201 type:P dur:2 cpbdur:2 q:35.32 aq:29.98 tex:48687 mv:11202 misc:2287 imb:1066 pmb:765 smb:1769 d:- ref:0 ;
in:202 out:202 type:B dur:2 cpbdur:2 q:35.30 aq:33.56 tex:14437 mv:9397 misc:2454 imb:347 pmb:728 smb:2525 d:- ref:0 ;
in:201 out:203 type:b dur:2 cpbdur:2 q:35.30 aq:33.71 tex:7937 mv:7299 misc:2188 imb:254 pmb:657 smb:2689 d:- ref:0 ;
in:203 out:204 type:b dur:2 cpbdur:2 q:35.31 aq:34.92 tex:9356 mv:6277 misc:1991 imb:205 pmb:603 smb:2792 d:- ref:0 ;
in:208 out:205 type:P dur:2 cpbdur:2 q:35.36 aq:31.04 tex:41114 mv:11774 misc:2272 imb:1050 pmb:839 smb:1711 d:- ref:0 ;
in:206 out:206 type:B dur:2 cpbdur:2 q:35.34 aq:34.80 tex:12360 mv:9663 misc:2377 imb:357 pmb:770 smb:2473 d:- ref:0 ;
in:205 out:207 type:b dur:2 cpbdur:2 q:35.33 aq:34.22 tex:8118 mv:6012 misc:2198 imb:146 pmb:686 smb:2768 d:- ref:0 ;
in:207 out:208 type:b dur:2 cpbdur:2 q:35.35 aq:36.82 tex:5712 mv:6348 misc:2116 imb:210 pmb:661 smb:2729 d:- ref:0 ;
in:212 out:209 type:P dur:2 cpbdur:2 q:35.33 aq:31.01 tex:47246 mv:11162 misc:2464 imb:1043 pmb:794 smb:1763 d:- ref:0 ;
in:210 out:210 type:B dur:2 cpbdur:2 q:35.34 aq:35.18 tex:16056 mv:10637 misc:2467 imb:361 pmb:861 smb:2378 d:- ref:0 ;
in:209 out:211 type:b dur:2 cpbdur:2 q:35.35 aq:34.40 tex:6348 mv:5862 misc:1934 imb:123 pmb:640 smb:2837 d:- ref:0 ;
in:211 out:212 type:b dur:2 cpbdur:2 q:35.34 aq:35.70 tex:7991 mv:6218 misc:2207 imb:167 pmb:720 smb:2713 d:- ref:0 ;
in:216 out:213 type:P dur:2 cpbdur:2 q:35.34 aq:32.26 tex:45342 mv:10483 misc:2287 imb:852 pmb:779 smb:1969 d:- ref:0 ;
in:214 out:214 type:B dur:2 cpbdur:2 q:35.33 aq:34.87 tex:12301 mv:8565 misc:2406 imb:271 pmb:733 smb:2596 d:- ref:0 ;
in:213 out:215 type:b dur:2 cpbdur:2 q:35.33 aq:36.54 tex:7536 mv:5797 misc:2051 imb:227 pmb:565 smb:2808 d:- ref:0 ;
in:215 out:216 type:b dur:2 cpbdur:2 q:35.34 aq:35.66 tex:7108 mv:4775 misc:1773 imb:180 pmb:416 smb:3004 d:- ref:0 ;
in:220 out:217 type:P dur:2 cpbdur:2 q:35.33 aq:30.04 tex:49253 mv:11286 misc:2253 imb:987 pmb:793 smb:1820 d:- ref:0 ;
in:218 out:218 type:B dur:2 cpbdur:2 q:35.34 aq:34.65 tex:11676 mv:7713 misc:2275 imb:243 pmb:686 smb:2671 d:- ref:0 ;
in:217 out:219 type:b dur:2 cpbdur:2 q:35.34 aq:35.08 tex:7996 mv:5027 misc:1897 imb:171 pmb:461 smb:2968 d:- ref:0 ;
in:219 out:220 type:b dur:2 cpbdur:2 q:35.33 aq:35.87 tex:7299 mv:4305 misc:1732 imb:124 pmb:400 smb:3076 d:- ref:0 ;
in:224 out:221 type:P dur:2 cpbdur:2 q:35.33 aq:30.52 tex:50241 mv:10750 misc:2329 imb:933 pmb:848 smb:1819 d:- ref:0 ;
in:222 out:222 type:B dur:2 cpbdur:2 q:35.33 aq:33.08 tex:14082 mv:7746 misc:2220 imb:274 pmb:668 smb:2658 d:- ref:0 ;
in:221 out:223 type:b dur:2 cpbdur:2 q:35.33 aq:35.71 tex:6456 mv:4913 misc:1919 imb:128 pmb:551 smb:2921 d:- ref:0 ;
in:223 out:224 type:b dur:2 cpbdur:2 q:35.33 aq:35.54 tex:6202 mv:4653 misc:1825 imb:165 pmb:514 smb:2921 d:- ref:0 ;
in:228 out:225 type:P dur:2 cpbdur:2 q:35.30 aq:30.04 tex:51698 mv:10708 misc:2178 imb:1113 pmb:812 smb:1675 d:- ref:0 ;
in:226 out:226 type:B dur:2 cpbdur:2 q:35.31 aq:33.73 tex:10418 mv:6597 misc:2065 imb:169 pmb:710 smb:2721 d:- ref:0 ;
in:225 out:227 type:b dur:2 cpbdur:2 q:35.32 aq:35.13 tex:5054 mv:3711 misc:1699 imb:80 pmb:471 smb:3049 d:- ref:0 ;
in:227 out:228 type:b dur:2 cpbdur:2 q:35.31 aq:34.68 tex:7669 mv:4379 misc:1656 imb:180 pmb:474 smb:2946 d:- ref:0 ;
in:232 out:229 type:P dur:2 cpbdur:2 q:35.28 aq:29.10 tex:68242 mv:10507 misc:2451 imb:854 pmb:931 smb:1815 d:- ref:0 ;
in:230 out:230 type:B dur:2 cpbdur:2 q:35.29 aq:33.63 tex:10730 mv:5825 misc:2165 imb:195 pmb:718 smb:2687 d:- ref:0 ;
in:229 out:231 type:b dur:2 cpbdur:2 q:35.29 aq:34.46 tex:4950 mv:3810 misc:1792 imb:157 pmb:464 smb:2979 d:- ref:0 ;
in:231 out:232 type:b dur:2 cpbdur:2 q:35.29 aq:35.45 tex:4404 mv:2966 misc:1622 imb:137 pmb:384 smb:3079 d:- ref:0 ;
in:236 out:233 type:P dur:2 cpbdur:2 q:35.27 aq:27.04 tex:92572 mv:12245 misc:2551 imb:1024 pmb:1037 smb:1539 d:- ref:0 ;
in:234 out:234 type:B dur:2 cpbdur:2 q:35.28 aq:34.91 tex:7974 mv:5610 misc:1992 imb:185 pmb:636 smb:2779 d:- ref:0 ;
in:233 out:235 type:b dur:2 cpbdur:2 q:35.28 aq:36.77 tex:5995 mv:3325 misc:1480 imb:207 pmb:331 smb:3062 d:- ref:0 ;
in:235 out:236 type:b dur:2 cpbdur:2 q:35.28 aq:35.36 tex:2856 mv:1785 misc:1199 imb:33 pmb:319 smb:3248 d:- ref:0 ;
in:237 out:237 type:P dur:2 cpbdur:2 q:35.31 aq:26.02 tex:59901 mv:6662 misc:3157 imb:567 pmb:860 smb:2173 d:- ref:0 ;
in:239 out:238 type:P dur:2 cpbdur:2 q:35.31 aq:23.72 tex:100469 mv:10326 misc:2973 imb:893 pmb:1279 smb:1428 d:- ref:0 ;
in:238 out:239 type:b dur:2 cpbdur:2 q:35.31 aq:37.21 tex:1013 mv:561 misc:546 imb:3 pmb:88 smb:3509 d:- ref:0 ;
in:240 out:240 type:I dur:2 cpbdur:2 q:32.35 aq:20.84 tex:395226 mv:57562 misc:516 imb:3600 pmb:0 smb:0 d:- ref:;
in:244 out:241 type:P dur:2 cpbdur:2 q:35.81 aq:24.17 tex:3590 mv:904 misc:466 imb:34 pmb:58 smb:3508 d:- ref:0 ;
in:242 out:242 type:B dur:2 cpbdur:2 q:35.81 aq:22.84 tex:1198 mv:653 misc:421 imb:5 pmb:70 smb:3525 d:- ref:0 ;
in:241 out:243 type:b dur:2 cpbdur:2 q:35.81 aq:35.82 tex:472 mv:402 misc:334 imb:2 pmb:40 smb:3558 d:- ref:0 ;
in:243 out:244 type:b dur:2 cpbdur:2 q:35.81 aq:35.61 tex:466 mv:457 misc:325 imb:3 pmb:48 smb:3549 d:- ref:0 ;
in:246 out:245 type:P dur:2 cpbdur:2 q:35.75 aq:24.18 tex:2745 mv:724 misc:459 imb:29 pmb:48 smb:3523 d:- ref:0 ;
in:245 out:246 type:b dur:2 cpbdur:2 q:35.78 aq:32.64 tex:471 mv:430 misc:315 imb:6 pmb:39 smb:3555 d:- ref:0 ;
in:250 out:247 type:P dur:2 cpbdur:2 q:35.63 aq:22.69 tex:4709 mv:801 misc:394 imb:39 pmb:40 smb:3521 d:- ref:0 ;
in:248 out:248 type:B dur:2 cpbdur:2 q:35.69 aq:32.46 tex:411 mv:567 misc:358 imb:3 pmb:54 smb:3543 d:- ref:0 ;
in:247 out:249 type:b dur:2 cpbdur:2 q:35.72 aq:34.34 tex:464 mv:442 misc:334 imb:1 pmb:44 smb:3555 d:- ref:0 ;
in:249 out:250 type:b dur:2 cpbdur:2 q:35.66 aq:34.80 tex:583 mv:443 misc:334 imb:4 pmb:43 smb:3553 d:- ref:0 ;
in:254 out:251 type:P dur:2 cpbdur:2 q:35.63 aq:24.23 tex:6708 mv:665 misc:395 imb:33 pmb:42 smb:3525 d:- ref:0 ;
in:252 out:252 type:B dur:2 cpbdur:2 q:35.63 aq:34.20 tex:273 mv:226 misc:365 imb:0 pmb:46 smb:3554 d:- ref:0 ;
in:251 out:253 type:b dur:2 cpbdur:2 q:35.63 aq:31.83 tex:278 mv:190 misc:316 imb:1 pmb:33 smb:3566 d:- ref:0 ;
in:253 out:254 type:b dur:2 cpbdur:2 q:35.63 aq:31.54 tex:59 mv:198 misc:303 imb:1 pmb:24 smb:3575 d:- ref:0 ;
in:258 out:255 type:P dur:2 cpbdur:2 q:35.83 aq:23.49 tex:2121 mv:395 misc:356 imb:14 pmb:31 smb:3555 d:- ref:0 ;
in:256 out:256 type:B dur:2 cpbdur:2 q:35.73 aq:34.00 tex:427 mv:259 misc:306 imb:0 pmb:33 smb:3567 d:- ref:0 ;
in:255 out:257 type:b dur:2 cpbdur:2 q:35.68 aq:31.21 tex:203 mv:167 misc:286 imb:1 pmb:18 smb:3581 d:- ref:0 ;
in:257 out:258 type:b dur:2 cpbdur:2 q:35.78 aq:31.19 tex:30 mv:158 misc:284 imb:0 pmb:19 smb:3581 d:- ref:0 ;
in:262 out:259 type:P dur:2 cpbdur:2 q:35.55 aq:22.94 tex:2847 mv:420 misc:421 imb:24 pmb:40 smb:3536 d:- ref:0 ;
in:260 out:260 type:B dur:2 cpbdur:2 q:35.69 aq:31.52 tex:210 mv:233 misc:341 imb:1 pmb:37 smb:3562 d:- ref:0 ;
in:259 out:261 type:b dur:2 cpbdur:2 q:35.76 aq:31.68 tex:109 mv:187 misc:296 imb:1 pmb:25 smb:3574 d:- ref:0 ;
in:261 out:262 type:b dur:2 cpbdur:2 q:35.62 aq:31.01 tex:119 mv:159 misc:274 imb:1 pmb:17 smb:3582 d:- ref:0 ;
in:266 out:263 type:P dur:2 cpbdur:2 q:35.27 aq:22.70 tex:4564 mv:609 misc:459 imb:27 pmb:49 smb:3524 d:- ref:0 ;
in:264 out:264 type:B dur:2 cpbdur:2 q:35.41 aq:34.38 tex:359 mv:254 misc:331 imb:1 pmb:36 smb:3563 d:- ref:0 ;
in:263 out:265 type:b dur:2 cpbdur:2 q:35.48 aq:33.14 tex:242 mv:192 misc:294 imb:1 pmb:23 smb:3576 d:- ref:0 ;
in:265 out:266 type:b dur:2 cpbdur:2 q:35.34 aq:35.47 tex:281 mv:226 misc:317 imb:1 pmb:27 smb:3572 d:- ref:0 ;
in:270 out:267 type:P dur:2 cpbdur:2 q:34.96 aq:22.55 tex:3258 mv:486 misc:448 imb:17 pmb:49 smb:3534 d:- ref:0 ;
in:268 out:268 type:B dur:2 cpbdur:2 q:35.11 aq:32.36 tex:648 mv:312 misc:312 imb:1 pmb:33 smb:3566 d:- ref:0 ;
in:267 out:269 type:b dur:2 cpbdur:2 q:35.19 aq:34.34 tex:216 mv:176 misc:296 imb:1 pmb:23 smb:3576 d:- ref:0 ;
in:269 out:270 type:b dur:2 cpbdur:2 q:35.04 aq:34.59 tex:625 mv:253 misc:306 imb:1 pmb:29 smb:3570 d:- ref:0 ;
in:274 out:271 type:P dur:2 cpbdur:2 q:34.69 aq:23.26 tex:3740 mv:664 misc:524 imb:26 pmb:66 smb:3508 d:- ref:0 ;
in:272 out:272 type:B dur:2 cpbdur:2 q:34.83 aq:33.36 tex:482 mv:325 misc:345 imb:1 pmb:35 smb:3564 d:- ref:0 ;
in:271 out:273 type:b dur:2 cpbdur:2 q:34.89 aq:34.00 tex:371 mv:180 misc:289 imb:2 pmb:21 smb:3577 d:- ref:0 ;
in:273 out:274 type:b dur:2 cpbdur:2 q:34.76 aq:34.76 tex:531 mv:345 misc:308 imb:3 pmb:28 smb:3569 d:- ref:0 ;
in:278 out:275 type:P dur:2 cpbdur:2 q:34.41 aq:24.28 tex:4921 mv:759 misc:552 imb:28 pmb:69 smb:3503 d:- ref:0 ;
in:276 out:276 type:B dur:2 cpbdur:2 q:34.55 aq:32.30 tex:1207 mv:455 misc:322 imb:2 pmb:36 smb:3562 d:- ref:0 ;
in:275 out:277 type:b dur:2 cpbdur:2 q:34.62 aq:33.94 tex:853 mv:364 misc:303 imb:4 pmb:32 smb:3564 d:- ref:0 ;
in:277 out:278 type:b dur:2 cpbdur:2 q:34.48 aq:34.54 tex:653 mv:451 misc:296 imb:5 pmb:35 smb:3560 d:- ref:0 ;
in:282 out:279 type:P dur:2 cpbdur:2 q:34.14 aq:23.97 tex:7507 mv:796 misc:609 imb:43 pmb:71 smb:3486 d:- ref:0 ;
in:280 out:280 type:B dur:2 cpbdur:2 q:34.27 aq:32.07 tex:2039 mv:654 misc:347 imb:12 pmb:44 smb:3544 d:- ref:0 ;
in:279 out:281 type:b dur:2 cpbdur:2 q:34.34 aq:33.88 tex:857 mv:439 misc:312 imb:2 pmb:37 smb:3561 d:- ref:0 ;
in:281 out:282 type:b dur:2 cpbdur:2 q:34.20 aq:33.28 tex:808 mv:388 misc:308 imb:1 pmb:37 smb:3562 d:- ref:0 ;
in:286 out:283 type:P dur:2 cpbdur:2 q:33.85 aq:22.09 tex:7281 mv:910 misc:657 imb:20 pmb:97 smb:3483 d:- ref:0 ;
in:284 out:284 type:B dur:2 cpbdur:2 q:33.99 aq:32.13 tex:2339 mv:622 misc:351 imb:1 pmb:53 smb:3546 d:- ref:0 ;
in:283 out:285 type:b dur:2 cpbdur:2 q:34.06 aq:33.71 tex:1023 mv:538 misc:319 imb:1 pmb:41 smb:3558 d:- ref:0 ;
in:285 out:286 type:b dur:2 cpbdur:2 q:33.92 aq:32.78 tex:641 mv:429 misc:330 imb:0 pmb:41 smb:3559 d:- ref:0 ;
in:290 out:287 type:P dur:2 cpbdur:2 q:33.60 aq:22.32 tex:6906 mv:974 misc:680 imb:30 pmb:92 smb:3478 d:- ref:0 ;
in:288 out:288 type:B dur:2 cpbdur:2 q:33.72 aq:29.74 tex:1970 mv:620 misc:370 imb:3 pmb:48 smb:3549 d:- ref:0 ;
in:287 out:289 type:b dur:2 cpbdur:2 q:33.79 aq:32.12 tex:923 mv:403 misc:322 imb:0 pmb:38 smb:3562 d:- ref:0 ;
in:289 out:290 type:b dur:2 cpbdur:2 q:33.66 aq:33.59 tex:925 mv:449 misc:322 imb:0 pmb:35 smb:3565 d:- ref:0 ;
in:294 out:291 type:P dur:2 cpbdur:2 q:33.34 aq:22.22 tex:6810 mv:892 misc:698 imb:25 pmb:98 smb:3477 d:- ref:0 ;
in:292 out:292 type:B dur:2 cpbdur:2 q:33.47 aq:32.56 tex:2044 mv:671 misc:341 imb:0 pmb:49 smb:3551 d:- ref:0 ;
in:291 out:293 type:b dur:2 cpbdur:2 q:33.53 aq:33.31 tex:1131 mv:451 misc:322 imb:0 pmb:34 smb:3566 d:- ref:0 ;
in:293 out:294 type:b dur:2 cpbdur:2 q:33.40 aq:32.92 tex:1258 mv:461 misc:321 imb:0 pmb:40 smb:3560 d:- ref:0 ;
in:298 out:295 type:P dur:2 cpbdur:2 q:33.10 aq:22.05 tex:9379 mv:1155 misc:842 imb:35 pmb:123 smb:3442 d:- ref:0 ;
in:296 out:296 type:B dur:2 cpbdur:2 q:33.22 aq:30.62 tex:2525 mv:562 misc:361 imb:1 pmb:52 smb:3547 d:- ref:0 ;
in:295 out:297 type:b dur:2 cpbdur:2 q:33.28 aq:32.90 tex:1184 mv:466 misc:342 imb:0 pmb:38 smb:3562 d:- ref:0 ;
in:297 out:298 type:b dur:2 cpbdur:2 q:33.16 aq:33.17 tex:1150 mv:435 misc:319 imb:1 pmb:40 smb:3559 d:- ref:0 ;
in:299 out:299 type:P dur:2 cpbdur:2 q:32.83 aq:29.57 tex:2585 mv:439 misc:368 imb:5 pmb:51 smb:3544 d:- ref:0 ;
in:300 out:300 type:I dur:2 cpbdur:2 q:31.18 aq:19.65 tex:462969 mv:65197 misc:530 imb:3600 pmb:0 smb:0 d:- ref:;
in:304 out:301 type:P dur:2 cpbdur:2 q:33.28 aq:21.60 tex:16236 mv:924 misc:624 imb:45 pmb:85 smb:3470 d:- ref:0 ;
in:302 out:302 type:B dur:2 cpbdur:2 q:33.28 aq:30.12 tex:3008 mv:542 misc:330 imb:1 pmb:54 smb:3545 d:- ref:0 ;
in:301 out:303 type:b dur:2 cpbdur:2 q:33.28 aq:31.45 tex:1524 mv:722 misc:314 imb:7 pmb:58 smb:3535 d:- ref:0 ;
in:303 out:304 type:b dur:2 cpbdur:2 q:33.28 aq:32.68 tex:1366 mv:315 misc:287 imb:0 pmb:37 smb:3563 d:- ref:0 ;
in:308 out:305 type:P dur:2 cpbdur:2 q:33.06 aq:21.95 tex:8306 mv:634 misc:516 imb:9 pmb:70 smb:3521 d:- ref:0 ;
in:306 out:306 type:B dur:2 cpbdur:2 q:33.17 aq:32.49 tex:3058 mv:589 misc:305 imb:0 pmb:44 smb:3556 d:- ref:0 ;
in:305 out:307 type:b dur:2 cpbdur:2 q:33.23 aq:32.22 tex:1135 mv:458 misc:303 imb:0 pmb:34 smb:3566 d:- ref:0 ;
in:307 out:308 type:b dur:2 cpbdur:2 q:33.12 aq:33.69 tex:1217 mv:273 misc:302 imb:0 pmb:28 smb:3572 d:- ref:0 ;
in:312 out:309 type:P dur:2 cpbdur:2 q:32.82 aq:22.04 tex:10050 mv:786 misc:548 imb:18 pmb:81 smb:3501 d:- ref:0 ;
in:310 out:310 type:B dur:2 cpbdur:2 q:32.94 aq:31.11 tex:3106 mv:689 misc:341 imb:1 pmb:54 smb:3545 d:- ref:0 ;
in:309 out:311 type:b dur:2 cpbdur:2 q:33.00 aq:33.02 tex:847 mv:453 misc:316 imb:1 pmb:38 smb:3561 d:- ref:0 ;
in:311 out:312 type:b dur:2 cpbdur:2 q:32.88 aq:33.39 tex:1697 mv:427 misc:292 imb:1 pmb:38 smb:3561 d:- ref:0 ;
in:316 out:313 type:P dur:2 cpbdur:2 q:33.04 aq:25.10 tex:11693 mv:751 misc:452 imb:13 pmb:70 smb:3517 d:- ref:0 ;
in:314 out:314 type:B dur:2 cpbdur:2 q:32.93 aq:32.30 tex:2992 mv:719 misc:353 imb:0 pmb:56 smb:3544 d:- ref:0 ;
in:313 out:315 type:b dur:2 cpbdur:2 q:32.88 aq:33.12 tex:1360 mv:373 misc:307 imb:0 pmb:38 smb:3562 d:- ref:0 ;
in:315 out:316 type:b dur:2 cpbdur:2 q:32.99 aq:33.90 tex:1420 mv:454 misc:342 imb:0 pmb:44 smb:3556 d:- ref:0 ;
in:320 out:317 type:P dur:2 cpbdur:2 q:32.77 aq:22.92 tex:8942 mv:769 misc:457 imb:12 pmb:68 smb:3520 d:- ref:0 ;
in:318 out:318 type:B dur:2 cpbdur:2 q:32.91 aq:31.39 tex:4058 mv:704 misc:318 imb:0 pmb:58 smb:3542 d:- ref:0 ;
in:317 out:319 type:b dur:2 cpbdur:2 q:32.97 aq:33.14 tex:1334 mv:448 misc:314 imb:0 pmb:40 smb:3560 d:- ref:0 ;
in:319 out:320 type:b dur:2 cpbdur:2 q:32.84 aq:32.57 tex:1181 mv:522 misc:329 imb:1 pmb:45 smb:3554 d:- ref:0 ;
in:324 out:321 type:P dur:2 cpbdur:2 q:32.55 aq:23.98 tex:9618 mv:858 misc:548 imb:14 pmb:84 smb:3502 d:- ref:0 ;
in:322 out:322 type:B dur:2 cpbdur:2 q:32.66 aq:31.53 tex:4052 mv:784 misc:324 imb:1 pmb:52 smb:3547 d:- ref:0 ;
in:321 out:323 type:b dur:2 cpbdur:2 q:32.71 aq:33.12 tex:1494 mv:490 misc:328 imb:0 pmb:42 smb:3558 d:- ref:0 ;
in:323 out:324 type:b dur:2 cpbdur:2 q:32.61 aq:33.61 tex:1360 mv:464 misc:320 imb:0 pmb:43 smb:3557 d:- ref:0 ;
in:328 out:325 type:P dur:2 cpbdur:2 q:32.32 aq:22.76 tex:11004 mv:805 misc:631 imb:23 pmb:86 smb:3491 d:- ref:0 ;
in:326 out:326 type:B dur:2 cpbdur:2 q:32.44 aq:31.13 tex:3802 mv:824 misc:334 imb:0 pmb:57 smb:3543 d:- ref:0 ;
in:325 out:327 type:b dur:2 cpbdur:2 q:32.50 aq:32.14 tex:1634 mv:430 misc:320 imb:1 pmb:42 smb:3557 d:- ref:0 ;
in:327 out:328 type:b dur:2 cpbdur:2 q:32.38 aq:32.55 tex:1513 mv:470 misc:337 imb:1 pmb:40 smb:3559 d:- ref:0 ;
in:332 out:329 type:P dur:2 cpbdur:2 q:32.11 aq:22.38 tex:13870 mv:870 misc:564 imb:22 pmb:88 smb:3490 d:- ref:0 ;
in:330 out:330 type:B dur:2 cpbdur:2 q:32.21 aq:29.60 tex:4748 mv:716 misc:328 imb:0 pmb:57 smb:3543 d:- ref:0 ;
in:329 out:331 type:b dur:2 cpbdur:2 q:32.27 aq:32.24 tex:2110 mv:538 misc:320 imb:0 pmb:47 smb:3553 d:- ref:0 ;
in:331 out:332 type:b dur:2 cpbdur:2 q:32.16 aq:32.14 tex:1918 mv:514 misc:320 imb:0 pmb:51 smb:3549 d:- ref:0 ;
in:336 out:333 type:P dur:2 cpbdur:2 q:31.84 aq:21.86 tex:12874 mv:771 misc:651 imb:25 pmb:89 smb:3486 d:- ref:0 ;
in:334 out:334 type:B dur:2 cpbdur:2 q:31.97 aq:30.39 tex:3416 mv:602 misc:334 imb:1 pmb:53 smb:3546 d:- ref:0 ;
in:333 out:335 type:b dur:2 cpbdur:2 q:32.04 aq:31.64 tex:1338 mv:439 misc:303 imb:0 pmb:41 smb:3559 d:- ref:0 ;
in:335 out:336 type:b dur:2 cpbdur:2 q:31.90 aq:31.84 tex:1582 mv:388 misc:310 imb:1 pmb:37 smb:3562 d:- ref:0 ;
in:340 out:337 type:P dur:2 cpbdur:2 q:31.64 aq:21.29 tex:9275 mv:703 misc:750 imb:25 pmb:88 smb:3487 d:- ref:0 ;
in:338 out:338 type:B dur:2 cpbdur:2 q:31.74 aq:29.59 tex:3587 mv:608 misc:301 imb:1 pmb:32 smb:3567 d:- ref:0 ;
in:337 out:339 type:b dur:2 cpbdur:2 q:31.79 aq:31.78 tex:1469 mv:437 misc:294 imb:0 pmb:28 smb:3572 d:- ref:0 ;
in:339 out:340 type:b dur:2 cpbdur:2 q:31.69 aq:31.33 tex:1524 mv:379 misc:281 imb:0 pmb:32 smb:3568 d:- ref:0 ;
in:344 out:341 type:P dur:2 cpbdur:2 q:31.41 aq:20.25 tex:9616 mv:717 misc:795 imb:18 pmb:107 smb:3475 d:- ref:0 ;
in:342 out:342 type:B dur:2 cpbdur:2 q:31.53 aq:29.33 tex:3453 mv:577 misc:306 imb:0 pmb:41 smb:3559 d:- ref:0 ;
in:341 out:343 type:b dur:2 cpbdur:2 q:31.58 aq:30.44 tex:1405 mv:460 misc:295 imb:0 pmb:32 smb:3568 d:- ref:0 ;
in:343 out:344 type:b dur:2 cpbdur:2 q:31.47 aq:30.60 tex:1770 mv:503 misc:287 imb:0 pmb:35 smb:3565 d:- ref:0 ;
in:348 out:345 type:P dur:2 cpbdur:2 q:31.21 aq:20.29 tex:11890 mv:758 misc:768 imb:21 pmb:105 smb:3474 d:- ref:0 ;
in:346 out:346 type:B dur:2 cpbdur:2 q:31.31 aq:29.02 tex:4203 mv:632 misc:325 imb:0 pmb:43 smb:3557 d:- ref:0 ;
in:345 out:347 type:b dur:2 cpbdur:2 q:31.36 aq:30.93 tex:1801 mv:502 misc:289 imb:0 pmb:37 smb:3563 d:- ref:0 ;
in:347 out:348 type:b dur:2 cpbdur:2 q:31.26 aq:30.12 tex:1902 mv:388 misc:286 imb:0 pmb:35 smb:3565 d:- ref:0 ;
in:352 out:349 type:P dur:2 cpbdur:2 q:30.94 aq:20.94 tex:13812 mv:1023 misc:1029 imb:31 pmb:178 smb:3391 d:- ref:0 ;
in:350 out:350 type:B dur:2 cpbdur:2 q:31.07 aq:28.41 tex:4911 mv:626 misc:319 imb:0 pmb:46 smb:3554 d:- ref:0 ;
in:349 out:351 type:b dur:2 cpbdur:2 q:31.14 aq:30.15 tex:2567 mv:500 misc:301 imb:0 pmb:36 smb:3564 d:- ref:0 ;
in:351 out:352 type:b dur:2 cpbdur:2 q:31.00 aq:30.95 tex:1662 mv:456 misc:290 imb:0 pmb:34 smb:3566 d:- ref:0 ;
in:356 out:353 type:P dur:2 cpbdur:2 q:30.74 aq:20.81 tex:15043 mv:901 misc:1104 imb:20 pmb:174 smb:3406 d:- ref:0 ;
in:354 out:354 type:B dur:2 cpbdur:2 q:30.84 aq:29.55 tex:5282 mv:747 misc:331 imb:0 pmb:51 smb:3549 d:- ref:0 ;
in:353 out:355 type:b dur:2 cpbdur:2 q:30.89 aq:30.01 tex:2406 mv:542 misc:300 imb:0 pmb:40 smb:3560 d:- ref:0 ;
in:355 out:356 type:b dur:2 cpbdur:2 q:30.79 aq:29.93 tex:2683 mv:495 misc:302 imb:0 pmb:46 smb:3554 d:- ref:0 ;
in:359 out:357 type:P dur:2 cpbdur:2 q:30.52 aq:29.86 tex:6162 mv:533 misc:337 imb:8 pmb:43 smb:3549 d:- ref:0 ;
in:357 out:358 type:B dur:2 cpbdur:2 q:30.66 aq:29.82 tex:3271 mv:598 misc:339 imb:0 pmb:44 smb:3556 d:- ref:0 ;
in:358 out:359 type:b dur:2 cpbdur:2 q:30.59 aq:30.09 tex:2692 mv:554 misc:298 imb:1 pmb:40 smb:3559 d:- ref:0 ;
in:360 out:360 type:I dur:2 cpbdur:2 q:28.66 aq:17.11 tex:624931 mv:86972 misc:545 imb:3600 pmb:0 smb:0 d:- ref:;
in:364 out:361 type:P dur:2 cpbdur:2 q:31.18 aq:18.67 tex:14268 mv:783 misc:685 imb:16 pmb:101 smb:3483 d:- ref:0 ;
in:362 out:362 type:B dur:2 cpbdur:2 q:31.18 aq:29.02 tex:4201 mv:693 misc:298 imb:0 pmb:51 smb:3549 d:- ref:0 ;
in:361 out:363 type:b dur:2 cpbdur:2 q:31.18 aq:30.53 tex:1796 mv:574 misc:310 imb:0 pmb:39 smb:3561 d:- ref:0 ;
in:363 out:364 type:b dur:2 cpbdur:2 q:31.18 aq:29.52 tex:1586 mv:405 misc:313 imb:0 pmb:39 smb:3561 d:- ref:0 ;
in:368 out:365 type:P dur:2 cpbdur:2 q:30.93 aq:18.93 tex:12206 mv:630 misc:532 imb:15 pmb:76 smb:3509 d:- ref:0 ;
in:366 out:366 type:B dur:2 cpbdur:2 q:31.06 aq:27.61 tex:3716 mv:542 misc:318 imb:2 pmb:43 smb:3555 d:- ref:0 ;
in:365 out:367 type:b dur:2 cpbdur:2 q:31.12 aq:30.13 tex:1511 mv:437 misc:300 imb:0 pmb:36 smb:3564 d:- ref:0 ;
in:367 out:368 type:b dur:2 cpbdur:2 q:30.99 aq:30.30 tex:1612 mv:375 misc:293 imb:0 pmb:29 smb:3571 d:- ref:0 ;
in:372 out:369 type:P dur:2 cpbdur:2 q:30.75 aq:18.96 tex:9245 mv:560 misc:499 imb:10 pmb:63 smb:3527 d:- ref:0 ;
in:370 out:370 type:B dur:2 cpbdur:2 q:30.84 aq:27.73 tex:3669 mv:577 misc:306 imb:2 pmb:40 smb:3558 d:- ref:0 ;
in:369 out:371 type:b dur:2 cpbdur:2 q:30.88 aq:29.14 tex:1852 mv:445 misc:295 imb:0 pmb:32 smb:3568 d:- ref:0 ;
in:371 out:372 type:b dur:2 cpbdur:2 q:30.79 aq:28.96 tex:1721 mv:367 misc:288 imb:0 pmb:29 smb:3571 d:- ref:0 ;
in:376 out:373 type:P dur:2 cpbdur:2 q:30.95 aq:18.83 tex:11005 mv:478 misc:389 imb:15 pmb:40 smb:3545 d:- ref:0 ;
in:374 out:374 type:B dur:2 cpbdur:2 q:30.85 aq:28.37 tex:4058 mv:556 misc:298 imb:1 pmb:37 smb:3562 d:- ref:0 ;
in:373 out:375 type:b dur:2 cpbdur:2 q:30.80 aq:28.60 tex:1962 mv:437 misc:289 imb:0 pmb:32 smb:3568 d:- ref:0 ;
in:375 out:376 type:b dur:2 cpbdur:2 q:30.90 aq:29.94 tex:2538 mv:446 misc:280 imb:1 pmb:34 smb:3565 d:- ref:0 ;
in:380 out:377 type:P dur:2 cpbdur:2 q:30.74 aq:19.39 tex:6021 mv:403 misc:400 imb:9 pmb:39 smb:3552 d:- ref:0 ;
in:378 out:378 type:B dur:2 cpbdur:2 q:30.84 aq:28.54 tex:2640 mv:428 misc:292 imb:1 pmb:25 smb:3574 d:- ref:0 ;
in:377 out:379 type:b dur:2 cpbdur:2 q:30.90 aq:30.12 tex:1261 mv:346 misc:273 imb:0 pmb:24 smb:3576 d:- ref:0 ;
in:379 out:380 type:b dur:2 cpbdur:2 q:30.79 aq:30.44 tex:1401 mv:278 misc:265 imb:0 pmb:21 smb:3579 d:- ref:0 ;
in:384 out:381 type:P dur:2 cpbdur:2 q:30.46 aq:21.86 tex:7739 mv:403 misc:514 imb:18 pmb:49 smb:3533 d:- ref:0 ;
in:382 out:382 type:B dur:2 cpbdur:2 q:30.60 aq:28.20 tex:2825 mv:423 misc:296 imb:0 pmb:30 smb:3570 d:- ref:0 ;
in:381 out:383 type:b dur:2 cpbdur:2 q:30.67 aq:29.18 tex:1405 mv:349 misc:262 imb:1 pmb:21 smb:3578 d:- ref:0 ;
in:383 out:384 type:b dur:2 cpbdur:2 q:30.53 aq:30.23 tex:1394 mv:349 misc:281 imb:0 pmb:23 smb:3577 d:- ref:0 ;
in:388 out:385 type:P dur:2 cpbdur:2 q:30.26 aq:17.72 tex:9370 mv:418 misc:588 imb:8 pmb:70 smb:3522 d:- ref:0 ;
in:386 out:386 type:B dur:2 cpbdur:2 q:30.36 aq:27.67 tex:1480 mv:211 misc:293 imb:1 pmb:21 smb:3578 d:- ref:0 ;
in:385 out:387 type:b dur:2 cpbdur:2 q:30.41 aq:29.69 tex:1925 mv:311 misc:276 imb:0 pmb:25 smb:3575 d:- ref:0 ;
in:387 out:388 type:b dur:2 cpbdur:2 q:30.31 aq:29.29 tex:723 mv:123 misc:242 imb:0 pmb:11 smb:3589 d:- ref:0 ;
in:392 out:389 type:P dur:2 cpbdur:2 q:30.05 aq:18.58 tex:4542 mv:357 misc:613 imb:9 pmb:61 smb:3530 d:- ref:0 ;
in:390 out:390 type:B dur:2 cpbdur:2 q:30.16 aq:26.67 tex:1588 mv:214 misc:262 imb:0 pmb:11 smb:3589 d:- ref:0 ;
in:389 out:391 type:b dur:2 cpbdur:2 q:30.21 aq:28.29 tex:985 mv:99 misc:244 imb:0 pmb:11 smb:3589 d:- ref:0 ;
in:391 out:392 type:b dur:2 cpbdur:2 q:30.11 aq:28.29 tex:804 mv:175 misc:237 imb:0 pmb:11 smb:3589 d:- ref:0 ;
in:396 out:393 type:P dur:2 cpbdur:2 q:29.82 aq:17.82 tex:5353 mv:337 misc:582 imb:7 pmb:59 smb:3534 d:- ref:0 ;
in:394 out:394 type:B dur:2 cpbdur:2 q:29.94 aq:26.80 tex:1513 mv:200 misc:263 imb:0 pmb:15 smb:3585 d:- ref:0 ;
in:393 out:395 type:b dur:2 cpbdur:2 q:30.00 aq:28.29 tex:795 mv:166 misc:247 imb:0 pmb:11 smb:3589 d:- ref:0 ;
in:395 out:396 type:b dur:2 cpbdur:2 q:29.88 aq:27.90 tex:873 mv:188 misc:259 imb:0 pmb:12 smb:3588 d:- ref:0 ;
in:400 out:397 type:P dur:2 cpbdur:2 q:29.52 aq:17.22 tex:9276 mv:381 misc:775 imb:12 pmb:91 smb:3497 d:- ref:0 ;
in:398 out:398 type:B dur:2 cpbdur:2 q:29.67 aq:20.97 tex:773 mv:139 misc:264 imb:0 pmb:15 smb:3585 d:- ref:0 ;
in:397 out:399 type:b dur:2 cpbdur:2 q:29.74 aq:26.02 tex:690 mv:179 misc:251 imb:0 pmb:14 smb:3586 d:- ref:0 ;
in:399 out:400 type:b dur:2 cpbdur:2 q:29.60 aq:24.00 tex:5 mv:17 misc:234 imb:0 pmb:6 smb:3594 d:- ref:0 ;
in:404 out:401 type:P dur:2 cpbdur:2 q:29.32 aq:17.04 tex:1981 mv:251 misc:768 imb:11 pmb:71 smb:3518 d:- ref:0 ;
in:402 out:402 type:B dur:2 cpbdur:2 q:29.42 aq:22.00 tex:0 mv:0 misc:232 imb:0 pmb:0 smb:3600 d:- ref:0 ;
in:401 out:403 type:b dur:2 cpbdur:2 q:29.47 aq:24.00 tex:0 mv:0 misc:216 imb:0 pmb:0 smb:3600 d:- ref:0 ;
in:403 out:404 type:b dur:2 cpbdur:2 q:29.37 aq:24.00 tex:0 mv:0 misc:216 imb:0 pmb:0 smb:3600 d:- ref:0 ;
in:408 out:405 type:P dur:2 cpbdur:2 q:29.10 aq:15.62 tex:3458 mv:281 misc:933 imb:15 pmb:98 smb:3487 d:- ref:0 ;
in:406 out:406 type:B dur:2 cpbdur:2 q:29.21 aq:21.00 tex:0 mv:0 misc:240 imb:0 pmb:0 smb:3600 d:- ref:0 ;
in:405 out:407 type:b dur:2 cpbdur:2 q:29.27 aq:23.00 tex:0 mv:0 misc:216 imb:0 pmb:0 smb:3600 d:- ref:0 ;
in:407 out:408 type:b dur:2 cpbdur:2 q:29.16 aq:23.00 tex:0 mv:0 misc:216 imb:0 pmb:0 smb:3600 d:- ref:0 ;
in:412 out:409 type:P dur:2 cpbdur:2 q:28.86 aq:14.36 tex:1424 mv:219 misc:637 imb:12 pmb:45 smb:3543 d:- ref:0 ;
in:410 out:410 type:B dur:2 cpbdur:2 q:28.98 aq:21.00 tex:0 mv:0 misc:240 imb:0 pmb:0 smb:3600 d:- ref:0 ;
in:409 out:411 type:b dur:2 cpbdur:2 q:29.04 aq:23.00 tex:0 mv:0 misc:216 imb:0 pmb:0 smb:3600 d:- ref:0 ;
in:411 out:412 type:b dur:2 cpbdur:2 q:28.92 aq:23.00 tex:0 mv:0 misc:216 imb:0 pmb:0 smb:3600 d:- ref:0 ;
in:416 out:413 type:P dur:2 cpbdur:2 q:28.54 aq:14.46 tex:1301 mv:193 misc:610 imb:11 pmb:41 smb:3548 d:- ref:0 ;
in:414 out:414 type:B dur:2 cpbdur:2 q:28.70 aq:21.00 tex:0 mv:0 misc:240 imb:0 pmb:0 smb:3600 d:- ref:0 ;
in:413 out:415 type:b dur:2 cpbdur:2 q:28.78 aq:23.00 tex:0 mv:0 misc:216 imb:0 pmb:0 smb:3600 d:- ref:0 ;
in:415 out:416 type:b dur:2 cpbdur:2 q:28.62 aq:23.00 tex:0 mv:0 misc:216 imb:0 pmb:0 smb:3600 d:- ref:0 ;
in:419 out:417 type:P dur:2 cpbdur:2 q:28.33 aq:23.61 tex:5055 mv:424 misc:297 imb:54 pmb:10 smb:3536 d:- ref:0 ;
in:417 out:418 type:B dur:2 cpbdur:2 q:28.47 aq:23.71 tex:40 mv:51 misc:285 imb:0 pmb:22 smb:3578 d:- ref:0 ;
in:418 out:419 type:b dur:2 cpbdur:2 q:28.40 aq:23.00 tex:0 mv:0 misc:216 imb:0 pmb:0 smb:3600 d:- ref:0 ;
in:420 out:420 type:I dur:2 cpbdur:2 q:26.53 aq:15.95 tex:721350 mv:90441 misc:537 imb:3600 pmb:0 smb:0 d:- ref:;
in:424 out:421 type:P dur:2 cpbdur:2 q:29.21 aq:17.78 tex:804 mv:167 misc:613 imb:2 pmb:60 smb:3538 d:- ref:0 ;
in:422 out:422 type:B dur:2 cpbdur:2 q:29.21 aq:21.00 tex:0 mv:0 misc:232 imb:0 pmb:0 smb:3600 d:- ref:0 ;
in:421 out:423 type:b dur:2 cpbdur:2 q:29.21 aq:23.00 tex:0 mv:0 misc:216 imb:0 pmb:0 smb:3600 d:- ref:0 ;
in:423 out:424 type:b dur:2 cpbdur:2 q:29.21 aq:23.00 tex:0 mv:0 misc:216 imb:0 pmb:0 smb:3600 d:- ref:0 ;
in:428 out:425 type:P dur:2 cpbdur:2 q:28.96 aq:15.66 tex:162 mv:63 misc:375 imb:0 pmb:14 smb:3586 d:- ref:0 ;
in:426 out:426 type:B dur:2 cpbdur:2 q:29.08 aq:21.00 tex:0 mv:0 misc:240 imb:0 pmb:0 smb:3600 d:- ref:0 ;
in:425 out:427 type:b dur:2 cpbdur:2 q:29.15 aq:23.00 tex:0 mv:0 misc:216 imb:0 pmb:0 smb:3600 d:- ref:0 ;
in:427 out:428 type:b dur:2 cpbdur:2 q:29.02 aq:23.00 tex:0 mv:0 misc:216 imb:0 pmb:0 smb:3600 d:- ref:0 ;
in:432 out:429 type:P dur:2 cpbdur:2 q:28.65 aq:15.00 tex:0 mv:0 misc:256 imb:0 pmb:0 smb:3600 d:- ref:0 ;
in:430 out:430 type:B dur:2 cpbdur:2 q:28.80 aq:21.00 tex:0 mv:0 misc:240 imb:0 pmb:0 smb:3600 d:- ref:0 ;
in:429 out:431 type:b dur:2 cpbdur:2 q:28.88 aq:23.00 tex:0 mv:0 misc:216 imb:0 pmb:0 smb:3600 d:- ref:0 ;
in:431 out:432 type:b dur:2 cpbdur:2 q:28.73 aq:23.00 tex:0 mv:0 misc:216 imb:0 pmb:0 smb:3600 d:- ref:0 ;
in:436 out:433 type:P dur:2 cpbdur:2 q:28.75 aq:16.00 tex:0 mv:0 misc:256 imb:0 pmb:0 smb:3600 d:- ref:0 ;
in:434 out:434 type:B dur:2 cpbdur:2 q:28.70 aq:21.00 tex:0 mv:0 misc:240 imb:0 pmb:0 smb:3600 d:- ref:0 ;
in:433 out:435 type:b dur:2 cpbdur:2 q:28.67 aq:23.00 tex:0 mv:0 misc:216 imb:0 pmb:0 smb:3600 d:- ref:0 ;
in:435 out:436 type:b dur:2 cpbdur:2 q:28.72 aq:23.00 tex:0 mv:0 misc:216 imb:0 pmb:0 smb:3600 d:- ref:0 ;
in:440 out:437 type:P dur:2 cpbdur:2 q:28.49 aq:18.00 tex:0 mv:0 misc:256 imb:0 pmb:0 smb:3600 d:- ref:0 ;
in:438 out:438 type:B dur:2 cpbdur:2 q:28.62 aq:21.00 tex:0 mv:0 misc:240 imb:0 pmb:0 smb:3600 d:- ref:0 ;
in:437 out:439 type:b dur:2 cpbdur:2 q:28.69 aq:23.00 tex:0 mv:0 misc:216 imb:0 pmb:0 smb:3600 d:- ref:0 ;
in:439 out:440 type:b dur:2 cpbdur:2 q:28.56 aq:23.00 tex:0 mv:0 misc:216 imb:0 pmb:0 smb:3600 d:- ref:0 ;
in:444 out:441 type:P dur:2 cpbdur:2 q:28.24 aq:19.95 tex:93 mv:4 misc:263 imb:0 pmb:1 smb:3599 d:- ref:0 ;
in:442 out:442 type:B dur:2 cpbdur:2 q:28.36 aq:21.00 tex:0 mv:0 misc:240 imb:0 pmb:0 smb:3600 d:- ref:0 ;
in:441 out:443 type:b dur:2 cpbdur:2 q:28.43 aq:23.00 tex:0 mv:0 misc:216 imb:0 pmb:0 smb:3600 d:- ref:0 ;
in:443 out:444 type:b dur:2 cpbdur:2 q:28.30 aq:22.00 tex:0 mv:0 misc:216 imb:0 pmb:0 smb:3600 d:- ref:0 ;
in:446 out:445 type:P dur:2 cpbdur:2 q:27.91 aq:21.97 tex:476282 mv:20691 misc:531 imb:3248 pmb:283 smb:69 d:- ref:0 ;
in:445 out:446 type:b dur:2 cpbdur:2 q:28.07 aq:22.00 tex:6 mv:4 misc:230 imb:0 pmb:1 smb:3599 d:- ref:0 ;
in:450 out:447 type:P dur:2 cpbdur:2 q:28.20 aq:23.21 tex:196369 mv:16240 misc:1607 imb:1349 pmb:1114 smb:1137 d:- ref:0 ;
in:448 out:448 type:B dur:2 cpbdur:2 q:28.05 aq:23.44 tex:87438 mv:16736 misc:2418 imb:518 pmb:1323 smb:1759 d:- ref:0 ;
in:447 out:449 type:b dur:2 cpbdur:2 q:27.98 aq:25.37 tex:62040 mv:14646 misc:2426 imb:471 pmb:1211 smb:1918 d:- ref:0 ;
in:449 out:450 type:b dur:2 cpbdur:2 q:28.13 aq:27.29 tex:55117 mv:12569 misc:2466 imb:443 pmb:1095 smb:2062 d:- ref:0 ;
in:454 out:451 type:P dur:2 cpbdur:2 q:28.19 aq:22.96 tex:157976 mv:14099 misc:1821 imb:1115 pmb:1158 smb:1327 d:- ref:0 ;
in:452 out:452 type:B dur:2 cpbdur:2 q:28.20 aq:26.65 tex:56943 mv:11670 misc:2467 imb:357 pmb:1161 smb:2082 d:- ref:0 ;
in:451 out:453 type:b dur:2 cpbdur:2 q:28.20 aq:27.14 tex:50834 mv:11387 misc:2331 imb:396 pmb:1123 smb:2081 d:- ref:0 ;
in:453 out:454 type:b dur:2 cpbdur:2 q:28.19 aq:26.66 tex:46544 mv:10416 misc:2296 imb:341 pmb:1066 smb:2193 d:- ref:0 ;
in:458 out:455 type:P dur:2 cpbdur:2 q:28.17 aq:23.31 tex:172349 mv:14184 misc:1723 imb:1083 pmb:1149 smb:1368 d:- ref:0 ;
in:456 out:456 type:B dur:2 cpbdur:2 q:28.18 aq:24.82 tex:60552 mv:12144 misc:2536 imb:343 pmb:1242 smb:2015 d:- ref:0 ;
in:455 out:457 type:b dur:2 cpbdur:2 q:28.19 aq:26.62 tex:50096 mv:10867 misc:2333 imb:406 pmb:1025 smb:2169 d:- ref:0 ;
in:457 out:458 type:b dur:2 cpbdur:2 q:28.18 aq:26.01 tex:49182 mv:10500 misc:2366 imb:324 pmb:1093 smb:2183 d:- ref:0 ;
in:462 out:459 type:P dur:2 cpbdur:2 q:28.89 aq:23.90 tex:142607 mv:12985 misc:1984 imb:978 pmb:1068 smb:1554 d:- ref:0 ;
in:460 out:460 type:B dur:2 cpbdur:2 q:28.53 aq:27.07 tex:51342 mv:11183 misc:2419 imb:309 pmb:1195 smb:2096 d:- ref:0 ;
in:459 out:461 type:b dur:2 cpbdur:2 q:28.35 aq:28.08 tex:48157 mv:10938 misc:2185 imb:355 pmb:1147 smb:2098 d:- ref:0 ;
in:461 out:462 type:b dur:2 cpbdur:2 q:28.71 aq:28.80 tex:45319 mv:9933 misc:2268 imb:333 pmb:999 smb:2268 d:- ref:0 ;
in:466 out:463 type:P dur:2 cpbdur:2 q:29.47 aq:24.61 tex:125429 mv:12061 misc:2078 imb:945 pmb:985 smb:1670 d:- ref:0 ;
in:464 out:464 type:B dur:2 cpbdur:2 q:29.18 aq:28.10 tex:46176 mv:9690 misc:2454 imb:270 pmb:979 smb:2351 d:- ref:0 ;
in:463 out:465 type:b dur:2 cpbdur:2 q:29.04 aq:29.00 tex:44477 mv:9621 misc:2230 imb:334 pmb:933 smb:2333 d:- ref:0 ;
in:465 out:466 type:b dur:2 cpbdur:2 q:29.33 aq:29.75 tex:39388 mv:9811 misc:2097 imb:344 pmb:940 smb:2316 d:- ref:0 ;
in:470 out:467 type:P dur:2 cpbdur:2 q:29.99 aq:24.89 tex:120197 mv:12112 misc:1923 imb:1007 pmb:978 smb:1615 d:- ref:0 ;
in:468 out:468 type:B dur:2 cpbdur:2 q:29.73 aq:28.79 tex:40062 mv:9492 misc:2398 imb:251 pmb:931 smb:2418 d:- ref:0 ;
in:467 out:469 type:b dur:2 cpbdur:2 q:29.60 aq:29.86 tex:37620 mv:9483 misc:2201 imb:336 pmb:886 smb:2378 d:- ref:0 ;
in:469 out:470 type:b dur:2 cpbdur:2 q:29.86 aq:30.44 tex:36818 mv:8764 misc:2170 imb:325 pmb:852 smb:2423 d:- ref:0 ;
in:474 out:471 type:P dur:2 cpbdur:2 q:30.35 aq:25.40 tex:104616 mv:11527 misc:2041 imb:825 pmb:971 smb:1804 d:- ref:0 ;
in:472 out:472 type:B dur:2 cpbdur:2 q:30.17 aq:29.53 tex:34195 mv:9172 misc:2345 imb:215 pmb:927 smb:2458 d:- ref:0 ;
in:471 out:473 type:b dur:2 cpbdur:2 q:30.08 aq:30.93 tex:32104 mv:8943 misc:2225 imb:313 pmb:844 smb:2443 d:- ref:0 ;
in:473 out:474 type:b dur:2 cpbdur:2 q:30.26 aq:30.78 tex:31114 mv:8588 misc:2210 imb:297 pmb:846 smb:2457 d:- ref:0 ;
in:478 out:475 type:P dur:2 cpbdur:2 q:30.66 aq:25.63 tex:108172 mv:11591 misc:1965 imb:868 pmb:972 smb:1760 d:- ref:0 ;
in:476 out:476 type:B dur:2 cpbdur:2 q:30.50 aq:30.28 tex:31840 mv:9346 misc:2286 imb:269 pmb:900 smb:2431 d:- ref:0 ;
in:475 out:477 type:b dur:2 cpbdur:2 q:30.43 aq:30.95 tex:25054 mv:7851 misc:2143 imb:255 pmb:788 smb:2557 d:- ref:0 ;
in:477 out:478 type:b dur:2 cpbdur:2 q:30.58 aq:31.41 tex:19843 mv:6166 misc:1903 imb:181 pmb:658 smb:2761 d:- ref:0 ;
in:479 out:479 type:P dur:2 cpbdur:2 q:30.85 aq:31.61 tex:22127 mv:4900 misc:1965 imb:378 pmb:596 smb:2626 d:- ref:0 ;
in:480 out:480 type:I dur:2 cpbdur:2 q:26.55 aq:20.67 tex:513739 mv:60126 misc:519 imb:3600 pmb:0 smb:0 d:- ref:;
in:482 out:481 type:P dur:2 cpbdur:2 q:31.54 aq:26.18 tex:46347 mv:4694 misc:2023 imb:246 pmb:613 smb:2741 d:- ref:0 ;
in:481 out:482 type:b dur:2 cpbdur:2 q:31.54 aq:32.83 tex:18672 mv:5583 misc:1609 imb:219 pmb:569 smb:2812 d:- ref:0 ;
in:486 out:483 type:P dur:2 cpbdur:2 q:31.63 aq:27.45 tex:80786 mv:8688 misc:1934 imb:606 pmb:854 smb:2140 d:- ref:0 ;
in:484 out:484 type:B dur:2 cpbdur:2 q:31.58 aq:30.80 tex:33511 mv:8967 misc:2002 imb:272 pmb:735 smb:2593 d:- ref:0 ;
in:483 out:485 type:b dur:2 cpbdur:2 q:31.56 aq:33.49 tex:12308 mv:5099 misc:1705 imb:117 pmb:555 smb:2928 d:- ref:0 ;
in:485 out:486 type:b dur:2 cpbdur:2 q:31.61 aq:33.10 tex:15026 mv:6077 misc:1745 imb:157 pmb:629 smb:2814 d:- ref:0 ;
in:490 out:487 type:P dur:2 cpbdur:2 q:31.76 aq:26.14 tex:80328 mv:8900 misc:1916 imb:627 pmb:889 smb:2084 d:- ref:0 ;
in:488 out:488 type:B dur:2 cpbdur:2 q:31.69 aq:30.81 tex:28408 mv:7999 misc:1953 imb:226 pmb:722 smb:2652 d:- ref:0 ;
in:487 out:489 type:b dur:2 cpbdur:2 q:31.66 aq:32.15 tex:11417 mv:5084 misc:1827 imb:136 pmb:590 smb:2874 d:- ref:0 ;
in:489 out:490 type:b dur:2 cpbdur:2 q:31.73 aq:32.77 tex:13933 mv:5576 misc:1731 imb:167 pmb:601 smb:2832 d:- ref:0 ;
in:494 out:491 type:P dur:2 cpbdur:2 q:31.75 aq:27.12 tex:73602 mv:8070 misc:1984 imb:531 pmb:809 smb:2260 d:- ref:0 ;
in:492 out:492 type:B dur:2 cpbdur:2 q:31.76 aq:30.98 tex:27322 mv:8073 misc:1893 imb:258 pmb:675 smb:2667 d:- ref:0 ;
in:491 out:493 type:b dur:2 cpbdur:2 q:31.76 aq:34.05 tex:13926 mv:5407 misc:1635 imb:179 pmb:554 smb:2867 d:- ref:0 ;
in:493 out:494 type:b dur:2 cpbdur:2 q:31.75 aq:33.05 tex:11127 mv:4951 misc:1690 imb:139 pmb:511 smb:2950 d:- ref:0 ;
in:498 out:495 type:P dur:2 cpbdur:2 q:31.83 aq:27.94 tex:86620 mv:8901 misc:1807 imb:630 pmb:836 smb:2134 d:- ref:0 ;
in:496 out:496 type:B dur:2 cpbdur:2 q:31.79 aq:32.39 tex:26343 mv:7793 misc:1872 imb:248 pmb:653 smb:2699 d:- ref:0 ;
in:495 out:497 type:b dur:2 cpbdur:2 q:31.77 aq:33.16 tex:14560 mv:5540 misc:1748 imb:212 pmb:513 smb:2875 d:- ref:0 ;
in:497 out:498 type:b dur:2 cpbdur:2 q:31.81 aq:33.15 tex:14542 mv:4989 misc:1709 imb:127 pmb:554 smb:2919 d:- ref:0 ;
in:502 out:499 type:P dur:2 cpbdur:2 q:31.91 aq:26.52 tex:84486 mv:8855 misc:1891 imb:649 pmb:904 smb:2047 d:- ref:0 ;
in:500 out:500 type:B dur:2 cpbdur:2 q:31.87 aq:31.21 tex:30028 mv:8395 misc:1897 imb:252 pmb:753 smb:2595 d:- ref:0 ;
in:499 out:501 type:b dur:2 cpbdur:2 q:31.85 aq:31.88 tex:12541 mv:5138 misc:1641 imb:121 pmb:585 smb:2894 d:- ref:0 ;
in:501 out:502 type:b dur:2 cpbdur:2 q:31.89 aq:32.82 tex:13356 mv:5146 misc:1626 imb:169 pmb:519 smb:2912 d:- ref:0 ;
in:506 out:503 type:P dur:2 cpbdur:2 q:31.95 aq:25.52 tex:88929 mv:8887 misc:2096 imb:617 pmb:891 smb:2092 d:- ref:0 ;
in:504 out:504 type:B dur:2 cpbdur:2 q:31.93 aq:32.44 tex:26948 mv:7533 misc:1839 imb:213 pmb:703 smb:2684 d:- ref:0 ;
in:503 out:505 type:b dur:2 cpbdur:2 q:31.92 aq:33.18 tex:10593 mv:5405 misc:1642 imb:185 pmb:563 smb:2852 d:- ref:0 ;
in:505 out:506 type:b dur:2 cpbdur:2 q:31.94 aq:32.95 tex:9912 mv:4616 misc:1648 imb:127 pmb:502 smb:2971 d:- ref:0 ;
in:510 out:507 type:P dur:2 cpbdur:2 q:32.02 aq:25.13 tex:78084 mv:9038 misc:2206 imb:634 pmb:990 smb:1976 d:- ref:0 ;
in:508 out:508 type:B dur:2 cpbdur:2 q:31.98 aq:32.76 tex:19795 mv:5671 misc:1782 imb:169 pmb:632 smb:2799 d:- ref:0 ;
in:507 out:509 type:b dur:2 cpbdur:2 q:31.97 aq:33.27 tex:15493 mv:5933 misc:1598 imb:214 pmb:535 smb:2851 d:- ref:0 ;
in:509 out:510 type:b dur:2 cpbdur:2 q:32.00 aq:32.27 tex:2885 mv:1248 misc:979 imb:7 pmb:251 smb:3342 d:- ref:0 ;
in:514 out:511 type:P dur:2 cpbdur:2 q:31.98 aq:26.68 tex:58451 mv:5097 misc:1756 imb:252 pmb:684 smb:2664 d:- ref:0 ;
in:512 out:512 type:B dur:2 cpbdur:2 q:32.00 aq:31.81 tex:6455 mv:1789 misc:1388 imb:14 pmb:387 smb:3199 d:- ref:0 ;
in:511 out:513 type:b dur:2 cpbdur:2 q:32.01 aq:32.16 tex:2658 mv:728 misc:406 imb:2 pmb:59 smb:3539 d:- ref:0 ;
in:513 out:514 type:b dur:2 cpbdur:2 q:31.99 aq:33.15 tex:2718 mv:1171 misc:1015 imb:8 pmb:245 smb:3347 d:- ref:0 ;
in:518 out:515 type:P dur:2 cpbdur:2 q:32.08 aq:25.60 tex:91499 mv:8476 misc:1825 imb:548 pmb:913 smb:2139 d:- ref:0 ;
in:516 out:516 type:B dur:2 cpbdur:2 q:32.03 aq:31.77 tex:13822 mv:6398 misc:1780 imb:166 pmb:596 smb:2838 d:- ref:0 ;
in:515 out:517 type:b dur:2 cpbdur:2 q:32.01 aq:32.87 tex:4419 mv:2521 misc:1404 imb:41 pmb:404 smb:3155 d:- ref:0 ;
in:517 out:518 type:b dur:2 cpbdur:2 q:32.06 aq:33.17 tex:4910 mv:2591 misc:1371 imb:32 pmb:392 smb:3176 d:- ref:0 ;
in:522 out:519 type:P dur:2 cpbdur:2 q:32.14 aq:24.39 tex:105274 mv:10673 misc:1741 imb:757 pmb:1141 smb:1702 d:- ref:0 ;
in:520 out:520 type:B dur:2 cpbdur:2 q:32.11 aq:31.83 tex:24372 mv:7229 misc:1775 imb:260 pmb:635 smb:2705 d:- ref:0 ;
in:519 out:521 type:b dur:2 cpbdur:2 q:32.09 aq:33.43 tex:8261 mv:3584 misc:1499 imb:64 pmb:481 smb:3055 d:- ref:0 ;
in:521 out:522 type:b dur:2 cpbdur:2 q:32.12 aq:33.13 tex:6635 mv:3812 misc:1561 imb:100 pmb:449 smb:3051 d:- ref:0 ;
in:526 out:523 type:P dur:2 cpbdur:2 q:32.16 aq:26.47 tex:17786 mv:1160 misc:542 imb:69 pmb:75 smb:3456 d:- ref:0 ;
in:524 out:524 type:B dur:2 cpbdur:2 q:32.15 aq:32.07 tex:5446 mv:853 misc:469 imb:3 pmb:85 smb:3512 d:- ref:0 ;
in:523 out:525 type:b dur:2 cpbdur:2 q:32.14 aq:34.50 tex:2398 mv:617 misc:401 imb:0 pmb:67 smb:3533 d:- ref:0 ;
in:525 out:526 type:b dur:2 cpbdur:2 q:32.16 aq:33.54 tex:2481 mv:587 misc:356 imb:1 pmb:48 smb:3551 d:- ref:0 ;
in:530 out:527 type:P dur:2 cpbdur:2 q:31.98 aq:28.42 tex:58970 mv:6253 misc:1721 imb:358 pmb:831 smb:2411 d:- ref:0 ;
in:528 out:528 type:B dur:2 cpbdur:2 q:32.07 aq:30.04 tex:10939 mv:2902 misc:1415 imb:84 pmb:501 smb:3015 d:- ref:0 ;
in:527 out:529 type:b dur:2 cpbdur:2 q:32.12 aq:32.81 tex:3110 mv:921 misc:641 imb:2 pmb:146 smb:3452 d:- ref:0 ;
in:529 out:530 type:b dur:2 cpbdur:2 q:32.02 aq:32.23 tex:5451 mv:2089 misc:1196 imb:73 pmb:360 smb:3167 d:- ref:0 ;
in:531 out:531 type:P dur:2 cpbdur:2 q:32.03 aq:28.30 tex:33978 mv:3350 misc:1712 imb:166 pmb:571 smb:2863 d:- ref:0 ;
in:535 out:532 type:P dur:2 cpbdur:2 q:32.06 aq:28.29 tex:61987 mv:6608 misc:1805 imb:431 pmb:819 smb:2350 d:- ref:0 ;
in:533 out:533 type:B dur:2 cpbdur:2 q:32.05 aq:31.20 tex:13832 mv:3580 misc:1636 imb:120 pmb:559 smb:2921 d:- ref:0 ;
in:532 out:534 type:b dur:2 cpbdur:2 q:32.04 aq:33.08 tex:2963 mv:1125 misc:976 imb:9 pmb:231 smb:3360 d:- ref:0 ;
in:534 out:535 type:b dur:2 cpbdur:2 q:32.05 aq:34.66 tex:4253 mv:1778 misc:1121 imb:56 pmb:325 smb:3219 d:- ref:0 ;
in:539 out:536 type:P dur:2 cpbdur:2 q:31.99 aq:27.30 tex:57153 mv:6479 misc:1776 imb:306 pmb:865 smb:2429 d:- ref:0 ;
in:537 out:537 type:B dur:2 cpbdur:2 q:32.02 aq:30.99 tex:15610 mv:4135 misc:1655 imb:110 pmb:598 smb:2892 d:- ref:0 ;
in:536 out:538 type:b dur:2 cpbdur:2 q:32.04 aq:33.72 tex:5119 mv:1816 misc:1129 imb:44 pmb:351 smb:3205 d:- ref:0 ;
in:538 out:539 type:b dur:2 cpbdur:2 q:32.01 aq:33.16 tex:3354 mv:1446 misc:1024 imb:29 pmb:259 smb:3312 d:- ref:0 ;
in:540 out:540 type:I dur:2 cpbdur:2 q:28.98 aq:23.31 tex:397300 mv:55209 misc:507 imb:3600 pmb:0 smb:0 d:- ref:;
in:544 out:541 type:P dur:2 cpbdur:2 q:32.23 aq:27.32 tex:77861 mv:8421 misc:1926 imb:607 pmb:892 smb:2101 d:- ref:0 ;
in:542 out:542 type:B dur:2 cpbdur:2 q:32.23 aq:35.17 tex:9598 mv:3694 misc:1620 imb:107 pmb:455 smb:3038 d:- ref:0 ;
in:541 out:543 type:b dur:2 cpbdur:2 q:32.23 aq:34.50 tex:15309 mv:5323 misc:1664 imb:185 pmb:603 smb:2812 d:- ref:0 ;
in:543 out:544 type:b dur:2 cpbdur:2 q:32.23 aq:32.05 tex:15158 mv:5289 misc:1729 imb:154 pmb:610 smb:2836 d:- ref:0 ;
in:548 out:545 type:P dur:2 cpbdur:2 q:32.21 aq:27.59 tex:89814 mv:10010 misc:1768 imb:681 pmb:931 smb:1988 d:- ref:0 ;
in:546 out:546 type:B dur:2 cpbdur:2 q:32.22 aq:32.82 tex:20947 mv:7360 misc:1997 imb:173 pmb:748 smb:2679 d:- ref:0 ;
in:545 out:547 type:b dur:2 cpbdur:2 q:32.23 aq:33.86 tex:17458 mv:6694 misc:1776 imb:257 pmb:612 smb:2731 d:- ref:0 ;
in:547 out:548 type:b dur:2 cpbdur:2 q:32.21 aq:31.76 tex:14352 mv:4913 misc:1647 imb:195 pmb:517 smb:2888 d:- ref:0 ;
in:552 out:549 type:P dur:2 cpbdur:2 q:32.17 aq:25.98 tex:88929 mv:10069 misc:1826 imb:666 pmb:981 smb:1953 d:- ref:0 ;
in:550 out:550 type:B dur:2 cpbdur:2 q:32.19 aq:32.02 tex:22155 mv:7552 misc:2213 imb:206 pmb:790 smb:2604 d:- ref:0 ;
in:549 out:551 type:b dur:2 cpbdur:2 q:32.20 aq:33.57 tex:12638 mv:4995 misc:1743 imb:146 pmb:556 smb:2898 d:- ref:0 ;
in:551 out:552 type:b dur:2 cpbdur:2 q:32.18 aq:32.74 tex:14266 mv:5952 misc:1926 imb:193 pmb:675 smb:2732 d:- ref:0 ;
in:556 out:553 type:P dur:2 cpbdur:2 q:32.31 aq:26.97 tex:45102 mv:5113 misc:2249 imb:250 pmb:752 smb:2598 d:- ref:0 ;
in:554 out:554 type:B dur:2 cpbdur:2 q:32.24 aq:33.04 tex:17038 mv:5318 misc:1804 imb:160 pmb:593 smb:2847 d:- ref:0 ;
in:553 out:555 type:b dur:2 cpbdur:2 q:32.20 aq:32.07 tex:14299 mv:5314 misc:1579 imb:181 pmb:592 smb:2827 d:- ref:0 ;
in:555 out:556 type:b dur:2 cpbdur:2 q:32.27 aq:33.94 tex:10754 mv:3451 misc:1363 imb:159 pmb:443 smb:2998 d:- ref:0 ;
in:560 out:557 type:P dur:2 cpbdur:2 q:32.31 aq:27.59 tex:65661 mv:6884 misc:1959 imb:407 pmb:817 smb:2376 d:- ref:0 ;
in:558 out:558 type:B dur:2 cpbdur:2 q:32.31 aq:32.10 tex:15664 mv:4288 misc:1784 imb:120 pmb:580 smb:2900 d:- ref:0 ;
in:557 out:559 type:b dur:2 cpbdur:2 q:32.31 aq:34.44 tex:3836 mv:1667 misc:1065 imb:35 pmb:254 smb:3311 d:- ref:0 ;
in:559 out:560 type:b dur:2 cpbdur:2 q:32.31 aq:33.30 tex:4027 mv:1473 misc:1004 imb:31 pmb:227 smb:3342 d:- ref:0 ;
in:564 out:561 type:P dur:2 cpbdur:2 q:32.41 aq:27.18 tex:67772 mv:8352 misc:1996 imb:545 pmb:879 smb:2176 d:- ref:0 ;
in:562 out:562 type:B dur:2 cpbdur:2 q:32.36 aq:31.92 tex:25228 mv:8032 misc:1996 imb:274 pmb:786 smb:2540 d:- ref:0 ;
in:561 out:563 type:b dur:2 cpbdur:2 q:32.34 aq:31.04 tex:4905 mv:2704 misc:1335 imb:88 pmb:375 smb:3137 d:- ref:0 ;
in:563 out:564 type:b dur:2 cpbdur:2 q:32.39 aq:33.15 tex:10458 mv:4104 misc:1886 imb:139 pmb:589 smb:2872 d:- ref:0 ;
in:568 out:565 type:P dur:2 cpbdur:2 q:32.41 aq:28.10 tex:77993 mv:9288 misc:1943 imb:661 pmb:893 smb:2046 d:- ref:0 ;
in:566 out:566 type:B dur:2 cpbdur:2 q:32.41 aq:32.06 tex:29412 mv:8839 misc:2109 imb:301 pmb:836 smb:2463 d:- ref:0 ;
in:565 out:567 type:b dur:2 cpbdur:2 q:32.41 aq:33.68 tex:8448 mv:3570 misc:1654 imb:134 pmb:498 smb:2968 d:- ref:0 ;
in:567 out:568 type:b dur:2 cpbdur:2 q:32.41 aq:33.69 tex:11353 mv:5313 misc:1830 imb:184 pmb:608 smb:2808 d:- ref:0 ;
in:572 out:569 type:P dur:2 cpbdur:2 q:32.41 aq:28.09 tex:71130 mv:8815 misc:2055 imb:598 pmb:911 smb:2091 d:- ref:0 ;
in:570 out:570 type:B dur:2 cpbdur:2 q:32.41 aq:31.62 tex:31850 mv:8553 misc:2093 imb:285 pmb:759 smb:2556 d:- ref:0 ;
in:569 out:571 type:b dur:2 cpbdur:2 q:32.41 aq:33.70 tex:11868 mv:4476 misc:1816 imb:171 pmb:542 smb:2887 d:- ref:0 ;
in:571 out:572 type:b dur:2 cpbdur:2 q:32.41 aq:33.57 tex:11647 mv:3985 misc:1768 imb:140 pmb:524 smb:2936 d:- ref:0 ;
in:576 out:573 type:P dur:2 cpbdur:2 q:32.36 aq:28.37 tex:74948 mv:9393 misc:1843 imb:672 pmb:919 smb:2009 d:- ref:0 ;
in:574 out:574 type:B dur:2 cpbdur:2 q:32.39 aq:31.95 tex:29014 mv:8716 misc:2054 imb:354 pmb:819 smb:2427 d:- ref:0 ;
in:573 out:575 type:b dur:2 cpbdur:2 q:32.40 aq:33.41 tex:10127 mv:4130 misc:1727 imb:132 pmb:553 smb:2915 d:- ref:0 ;
in:575 out:576 type:b dur:2 cpbdur:2 q:32.37 aq:32.68 tex:8878 mv:3812 misc:1702 imb:139 pmb:496 smb:2965 d:- ref:0 ;
in:580 out:577 type:P dur:2 cpbdur:2 q:32.42 aq:27.82 tex:69214 mv:9069 misc:1853 imb:719 pmb:862 smb:2019 d:- ref:0 ;
in:578 out:578 type:B dur:2 cpbdur:2 q:32.39 aq:32.66 tex:32037 mv:8647 misc:1964 imb:295 pmb:814 smb:2491 d:- ref:0 ;
in:577 out:579 type:b dur:2 cpbdur:2 q:32.38 aq:34.28 tex:8664 mv:3893 misc:1515 imb:107 pmb:520 smb:2973 d:- ref:0 ;
in:579 out:580 type:b dur:2 cpbdur:2 q:32.40 aq:33.74 tex:11361 mv:4359 misc:1744 imb:125 pmb:583 smb:2892 d:- ref:0 ;
in:584 out:581 type:P dur:2 cpbdur:2 q:32.45 aq:28.62 tex:75040 mv:9469 misc:1803 imb:784 pmb:880 smb:1936 d:- ref:0 ;
in:582 out:582 type:B dur:2 cpbdur:2 q:32.43 aq:32.86 tex:28295 mv:8234 misc:2023 imb:285 pmb:757 smb:2558 d:- ref:0 ;
in:581 out:583 type:b dur:2 cpbdur:2 q:32.43 aq:33.21 tex:10167 mv:3978 misc:1759 imb:106 pmb:539 smb:2955 d:- ref:0 ;
in:583 out:584 type:b dur:2 cpbdur:2 q:32.44 aq:34.23 tex:9694 mv:3833 misc:1529 imb:149 pmb:402 smb:3049 d:- ref:0 ;
in:588 out:585 type:P dur:2 cpbdur:2 q:32.48 aq:29.43 tex:71291 mv:9176 misc:1949 imb:683 pmb:883 smb:2034 d:- ref:0 ;
in:586 out:586 type:B dur:2 cpbdur:2 q:32.46 aq:33.30 tex:31297 mv:9242 misc:2045 imb:362 pmb:783 smb:2455 d:- ref:0 ;
in:585 out:587 type:b dur:2 cpbdur:2 q:32.45 aq:34.23 tex:9615 mv:4178 misc:1775 imb:127 pmb:608 smb:2865 d:- ref:0 ;
in:587 out:588 type:b dur:2 cpbdur:2 q:32.47 aq:33.84 tex:10004 mv:4184 misc:1732 imb:120 pmb:497 smb:2983 d:- ref:0 ;
in:592 out:589 type:P dur:2 cpbdur:2 q:32.50 aq:28.14 tex:73388 mv:8975 misc:1893 imb:677 pmb:861 smb:2062 d:- ref:0 ;
in:590 out:590 type:B dur:2 cpbdur:2 q:32.49 aq:33.17 tex:30679 mv:8515 misc:2190 imb:257 pmb:817 smb:2526 d:- ref:0 ;
in:589 out:591 type:b dur:2 cpbdur:2 q:32.48 aq:34.66 tex:10481 mv:4417 misc:1662 imb:161 pmb:468 smb:2971 d:- ref:0 ;
in:591 out:592 type:b dur:2 cpbdur:2 q:32.49 aq:34.68 tex:10199 mv:4564 misc:1805 imb:147 pmb:609 smb:2844 d:- ref:0 ;
in:596 out:593 type:P dur:2 cpbdur:2 q:32.58 aq:29.38 tex:73766 mv:9192 misc:1850 imb:704 pmb:898 smb:1998 d:- ref:0 ;
in:594 out:594 type:B dur:2 cpbdur:2 q:32.54 aq:31.67 tex:26651 mv:7810 misc:2155 imb:259 pmb:791 smb:2550 d:- ref:0 ;
in:593 out:595 type:b dur:2 cpbdur:2 q:32.52 aq:34.03 tex:8821 mv:3937 misc:1762 imb:136 pmb:483 smb:2981 d:- ref:0 ;
in:595 out:596 type:b dur:2 cpbdur:2 q:32.56 aq:34.19 tex:10468 mv:3504 misc:1644 imb:111 pmb:471 smb:3018 d:- ref:0 ;
in:599 out:597 type:P dur:2 cpbdur:2 q:32.61 aq:34.49 tex:23689 mv:5842 misc:1885 imb:430 pmb:646 smb:2524 d:- ref:0 ;
in:597 out:598 type:B dur:2 cpbdur:2 q:32.59 aq:34.33 tex:16550 mv:5737 misc:1961 imb:220 pmb:693 smb:2687 d:- ref:0 ;
in:598 out:599 type:b dur:2 cpbdur:2 q:32.60 aq:34.47 tex:14430 mv:4873 misc:1801 imb:200 pmb:572 smb:2828 d:- ref:0 ;
in:600 out:600 type:I dur:2 cpbdur:2 q:29.52 aq:23.68 tex:391417 mv:55345 misc:502 imb:3600 pmb:0 smb:0 d:- ref:;
in:604 out:601 type:P dur:2 cpbdur:2 q:32.94 aq:27.33 tex:78780 mv:9633 misc:1787 imb:735 pmb:881 smb:1984 d:- ref:0 ;
in:602 out:602 type:B dur:2 cpbdur:2 q:32.94 aq:33.76 tex:21843 mv:8293 misc:2144 imb:282 pmb:780 smb:2538 d:- ref:0 ;
in:601 out:603 type:b dur:2 cpbdur:2 q:32.94 aq:35.66 tex:9522 mv:3761 misc:1613 imb:137 pmb:465 smb:2998 d:- ref:0 ;
in:603 out:604 type:b dur:2 cpbdur:2 q:32.94 aq:34.61 tex:10544 mv:6654 misc:1930 imb:190 pmb:652 smb:2758 d:- ref:0 ;
in:608 out:605 type:P dur:2 cpbdur:2 q:32.96 aq:27.12 tex:108610 mv:11266 misc:1772 imb:871 pmb:976 smb:1753 d:- ref:0 ;
in:606 out:606 type:B dur:2 cpbdur:2 q:32.95 aq:33.09 tex:19752 mv:8312 misc:2208 imb:194 pmb:733 smb:2673 d:- ref:0 ;
in:605 out:607 type:b dur:2 cpbdur:2 q:32.95 aq:34.92 tex:11974 mv:6637 misc:1941 imb:237 pmb:587 smb:2776 d:- ref:0 ;
in:607 out:608 type:b dur:2 cpbdur:2 q:32.96 aq:34.57 tex:11995 mv:5995 misc:1810 imb:216 pmb:558 smb:2826 d:- ref:0 ;
in:612 out:609 type:P dur:2 cpbdur:2 q:32.98 aq:26.77 tex:128009 mv:12498 misc:1757 imb:1055 pmb:996 smb:1549 d:- ref:0 ;
in:610 out:610 type:B dur:2 cpbdur:2 q:32.97 aq:33.05 tex:17873 mv:8064 misc:2207 imb:195 pmb:815 smb:2590 d:- ref:0 ;
in:609 out:611 type:b dur:2 cpbdur:2 q:32.97 aq:34.10 tex:12040 mv:6095 misc:1993 imb:172 pmb:704 smb:2724 d:- ref:0 ;
in:611 out:612 type:b dur:2 cpbdur:2 q:32.98 aq:34.60 tex:12722 mv:5801 misc:1997 imb:194 pmb:701 smb:2705 d:- ref:0 ;
in:615 out:613 type:P dur:2 cpbdur:2 q:33.17 aq:24.85 tex:70907 mv:5937 misc:2356 imb:313 pmb:977 smb:2310 d:- ref:0 ;
in:613 out:614 type:B dur:2 cpbdur:2 q:33.05 aq:33.88 tex:11808 mv:3235 misc:1509 imb:136 pmb:440 smb:3024 d:- ref:0 ;
in:614 out:615 type:b dur:2 cpbdur:2 q:33.11 aq:33.73 tex:8704 mv:3795 misc:1301 imb:178 pmb:411 smb:3011 d:- ref:0 ;
in:619 out:616 type:P dur:2 cpbdur:2 q:33.17 aq:22.79 tex:205642 mv:12569 misc:1173 imb:891 pmb:1260 smb:1449 d:- ref:0 ;
in:617 out:617 type:B dur:2 cpbdur:2 q:33.17 aq:30.88 tex:2463 mv:1023 misc:1282 imb:3 pmb:385 smb:3212 d:- ref:0 ;
in:616 out:618 type:b dur:2 cpbdur:2 q:33.17 aq:33.85 tex:3070 mv:3843 misc:1471 imb:75 pmb:571 smb:2954 d:- ref:0 ;
in:618 out:619 type:b dur:2 cpbdur:2 q:33.17 aq:33.20 tex:1134 mv:376 misc:346 imb:0 pmb:39 smb:3561 d:- ref:0 ;
in:623 out:620 type:P dur:2 cpbdur:2 q:33.29 aq:23.15 tex:17207 mv:1470 misc:1707 imb:28 pmb:366 smb:3206 d:- ref:0 ;
in:621 out:621 type:B dur:2 cpbdur:2 q:33.23 aq:31.25 tex:2487 mv:581 misc:372 imb:1 pmb:50 smb:3549 d:- ref:0 ;
in:620 out:622 type:b dur:2 cpbdur:2 q:33.20 aq:31.67 tex:299 mv:259 misc:338 imb:0 pmb:31 smb:3569 d:- ref:0 ;
in:622 out:623 type:b dur:2 cpbdur:2 q:33.26 aq:31.26 tex:498 mv:254 misc:368 imb:0 pmb:37 smb:3563 d:- ref:0 ;
in:627 out:624 type:P dur:2 cpbdur:2 q:33.36 aq:24.00 tex:13426 mv:924 misc:882 imb:16 pmb:145 smb:3439 d:- ref:0 ;
in:625 out:625 type:B dur:2 cpbdur:2 q:33.33 aq:31.67 tex:1322 mv:531 misc:419 imb:0 pmb:54 smb:3546 d:- ref:0 ;
in:624 out:626 type:b dur:2 cpbdur:2 q:33.31 aq:32.71 tex:247 mv:216 misc:361 imb:0 pmb:39 smb:3561 d:- ref:0 ;
in:626 out:627 type:b dur:2 cpbdur:2 q:33.34 aq:31.48 tex:500 mv:174 misc:302 imb:0 pmb:23 smb:3577 d:- ref:0 ;
in:631 out:628 type:P dur:2 cpbdur:2 q:33.46 aq:24.61 tex:44627 mv:1932 misc:1009 imb:123 pmb:195 smb:3282 d:- ref:0 ;
in:629 out:629 type:B dur:2 cpbdur:2 q:33.41 aq:29.35 tex:826 mv:449 misc:669 imb:1 pmb:146 smb:3453 d:- ref:0 ;
in:628 out:630 type:b dur:2 cpbdur:2 q:33.39 aq:31.90 tex:853 mv:278 misc:597 imb:0 pmb:123 smb:3477 d:- ref:0 ;
in:630 out:631 type:b dur:2 cpbdur:2 q:33.43 aq:31.48 tex:124 mv:101 misc:311 imb:0 pmb:20 smb:3580 d:- ref:0 ;
in:635 out:632 type:P dur:2 cpbdur:2 q:33.31 aq:22.32 tex:7101 mv:549 misc:870 imb:10 pmb:119 smb:3471 d:- ref:0 ;
in:633 out:633 type:B dur:2 cpbdur:2 q:33.38 aq:30.85 tex:786 mv:218 misc:340 imb:0 pmb:29 smb:3571 d:- ref:0 ;
in:632 out:634 type:b dur:2 cpbdur:2 q:33.42 aq:31.90 tex:462 mv:106 misc:312 imb:0 pmb:19 smb:3581 d:- ref:0 ;
in:634 out:635 type:b dur:2 cpbdur:2 q:33.35 aq:31.23 tex:199 mv:112 misc:289 imb:0 pmb:14 smb:3586 d:- ref:0 ;
in:639 out:636 type:P dur:2 cpbdur:2 q:33.12 aq:22.57 tex:10024 mv:625 misc:1143 imb:13 pmb:185 smb:3402 d:- ref:0 ;
in:637 out:637 type:B dur:2 cpbdur:2 q:33.22 aq:30.61 tex:1346 mv:312 misc:334 imb:0 pmb:29 smb:3571 d:- ref:0 ;
in:636 out:638 type:b dur:2 cpbdur:2 q:33.26 aq:32.12 tex:219 mv:118 misc:311 imb:0 pmb:19 smb:3581 d:- ref:0 ;
in:638 out:639 type:b dur:2 cpbdur:2 q:33.17 aq:30.96 tex:238 mv:134 misc:308 imb:0 pmb:21 smb:3579 d:- ref:0 ;
in:643 out:640 type:P dur:2 cpbdur:2 q:33.03 aq:23.45 tex:11360 mv:719 misc:969 imb:7 pmb:169 smb:3424 d:- ref:0 ;
in:641 out:641 type:B dur:2 cpbdur:2 q:33.08 aq:31.96 tex:1481 mv:400 misc:343 imb:0 pmb:33 smb:3567 d:- ref:0 ;
in:640 out:642 type:b dur:2 cpbdur:2 q:33.10 aq:32.17 tex:129 mv:101 misc:306 imb:0 pmb:19 smb:3581 d:- ref:0 ;
in:642 out:643 type:b dur:2 cpbdur:2 q:33.05 aq:31.45 tex:180 mv:125 misc:295 imb:0 pmb:20 smb:3580 d:- ref:0 ;
in:647 out:644 type:P dur:2 cpbdur:2 q:32.87 aq:23.80 tex:11951 mv:863 misc:1050 imb:22 pmb:171 smb:3407 d:- ref:0 ;
in:645 out:645 type:B dur:2 cpbdur:2 q:32.95 aq:30.97 tex:2417 mv:675 misc:388 imb:0 pmb:49 smb:3551 d:- ref:0 ;
in:644 out:646 type:b dur:2 cpbdur:2 q:32.99 aq:32.65 tex:770 mv:225 misc:373 imb:1 pmb:40 smb:3559 d:- ref:0 ;
in:646 out:647 type:b dur:2 cpbdur:2 q:32.91 aq:32.37 tex:107 mv:185 misc:340 imb:1 pmb:33 smb:3566 d:- ref:0 ;
in:651 out:648 type:P dur:2 cpbdur:2 q:32.72 aq:22.92 tex:16399 mv:1035 misc:1126 imb:24 pmb:193 smb:3383 d:- ref:0 ;
in:649 out:649 type:B dur:2 cpbdur:2 q:32.80 aq:31.49 tex:2982 mv:611 misc:383 imb:0 pmb:55 smb:3545 d:- ref:0 ;
in:648 out:650 type:b dur:2 cpbdur:2 q:32.83 aq:32.80 tex:379 mv:213 misc:368 imb:0 pmb:38 smb:3562 d:- ref:0 ;
in:650 out:651 type:b dur:2 cpbdur:2 q:32.76 aq:31.88 tex:773 mv:218 misc:337 imb:0 pmb:30 smb:3570 d:- ref:0 ;
in:655 out:652 type:P dur:2 cpbdur:2 q:32.54 aq:20.35 tex:21798 mv:1019 misc:1327 imb:29 pmb:239 smb:3332 d:- ref:0 ;
in:653 out:653 type:B dur:2 cpbdur:2 q:32.63 aq:30.83 tex:2347 mv:512 misc:373 imb:0 pmb:50 smb:3550 d:- ref:0 ;
in:652 out:654 type:b dur:2 cpbdur:2 q:32.68 aq:31.88 tex:271 mv:160 misc:313 imb:0 pmb:29 smb:3571 d:- ref:0 ;
in:654 out:655 type:b dur:2 cpbdur:2 q:32.58 aq:31.80 tex:747 mv:233 misc:380 imb:1 pmb:40 smb:3559 d:- ref:0 ;
in:659 out:656 type:P dur:2 cpbdur:2 q:32.45 aq:20.84 tex:9760 mv:495 misc:1041 imb:10 pmb:162 smb:3428 d:- ref:0 ;
in:657 out:657 type:B dur:2 cpbdur:2 q:32.49 aq:26.13 tex:745 mv:168 misc:303 imb:0 pmb:20 smb:3580 d:- ref:0 ;
in:656 out:658 type:b dur:2 cpbdur:2 q:32.51 aq:31.47 tex:434 mv:113 misc:277 imb:0 pmb:14 smb:3586 d:- ref:0 ;
in:658 out:659 type:b dur:2 cpbdur:2 q:32.47 aq:30.70 tex:178 mv:104 misc:254 imb:0 pmb:10 smb:3590 d:- ref:0 ;
in:660 out:660 type:I dur:2 cpbdur:2 q:29.95 aq:19.59 tex:560341 mv:77711 misc:532 imb:3600 pmb:0 smb:0 d:- ref:;
in:664 out:661 type:P dur:2 cpbdur:2 q:32.74 aq:21.98 tex:15338 mv:796 misc:682 imb:27 pmb:103 smb:3470 d:- ref:0 ;
in:662 out:662 type:B dur:2 cpbdur:2 q:32.74 aq:33.21 tex:1142 mv:373 misc:397 imb:0 pmb:62 smb:3538 d:- ref:0 ;
in:661 out:663 type:b dur:2 cpbdur:2 q:32.74 aq:32.40 tex:404 mv:109 misc:319 imb:0 pmb:25 smb:3575 d:- ref:0 ;
in:663 out:664 type:b dur:2 cpbdur:2 q:32.74 aq:30.08 tex:969 mv:262 misc:393 imb:0 pmb:56 smb:3544 d:- ref:0 ;
in:668 out:665 type:P dur:2 cpbdur:2 q:32.60 aq:22.74 tex:15802 mv:739 misc:539 imb:23 pmb:76 smb:3501 d:- ref:0 ;
in:666 out:666 type:B dur:2 cpbdur:2 q:32.67 aq:27.91 tex:1566 mv:387 misc:399 imb:0 pmb:55 smb:3545 d:- ref:0 ;
in:665 out:667 type:b dur:2 cpbdur:2 q:32.70 aq:33.76 tex:617 mv:143 misc:312 imb:0 pmb:25 smb:3575 d:- ref:0 ;
in:667 out:668 type:b dur:2 cpbdur:2 q:32.63 aq:32.03 tex:346 mv:237 misc:345 imb:0 pmb:39 smb:3561 d:- ref:0 ;
in:672 out:669 type:P dur:2 cpbdur:2 q:32.42 aq:22.57 tex:57922 mv:2515 misc:883 imb:163 pmb:201 smb:3236 d:- ref:0 ;
in:670 out:670 type:B dur:2 cpbdur:2 q:32.51 aq:29.01 tex:1564 mv:671 misc:749 imb:12 pmb:174 smb:3414 d:- ref:0 ;
in:669 out:671 type:b dur:2 cpbdur:2 q:32.55 aq:31.14 tex:537 mv:340 misc:579 imb:1 pmb:124 smb:3475 d:- ref:0 ;
in:671 out:672 type:b dur:2 cpbdur:2 q:32.46 aq:29.50 tex:296 mv:166 misc:418 imb:1 pmb:64 smb:3535 d:- ref:0 ;
in:676 out:673 type:P dur:2 cpbdur:2 q:32.58 aq:24.12 tex:14933 mv:1050 misc:665 imb:16 pmb:129 smb:3455 d:- ref:0 ;
in:674 out:674 type:B dur:2 cpbdur:2 q:32.50 aq:31.20 tex:4875 mv:941 misc:432 imb:0 pmb:75 smb:3525 d:- ref:0 ;
in:673 out:675 type:b dur:2 cpbdur:2 q:32.46 aq:33.05 tex:1377 mv:619 misc:396 imb:0 pmb:52 smb:3548 d:- ref:0 ;
in:675 out:676 type:b dur:2 cpbdur:2 q:32.54 aq:33.30 tex:1253 mv:537 misc:386 imb:0 pmb:50 smb:3550 d:- ref:0 ;
in:680 out:677 type:P dur:2 cpbdur:2 q:32.45 aq:23.27 tex:18526 mv:1034 misc:568 imb:26 pmb:109 smb:3465 d:- ref:0 ;
in:678 out:678 type:B dur:2 cpbdur:2 q:32.51 aq:31.29 tex:4148 mv:923 misc:449 imb:0 pmb:83 smb:3517 d:- ref:0 ;
in:677 out:679 type:b dur:2 cpbdur:2 q:32.55 aq:33.60 tex:1455 mv:686 misc:427 imb:1 pmb:54 smb:3545 d:- ref:0 ;
in:679 out:680 type:b dur:2 cpbdur:2 q:32.48 aq:32.35 tex:1621 mv:536 misc:347 imb:1 pmb:45 smb:3554 d:- ref:0 ;
in:684 out:681 type:P dur:2 cpbdur:2 q:32.32 aq:22.29 tex:14024 mv:984 misc:688 imb:16 pmb:124 smb:3460 d:- ref:0 ;
in:682 out:682 type:B dur:2 cpbdur:2 q:32.38 aq:30.46 tex:4390 mv:967 misc:403 imb:0 pmb:72 smb:3528 d:- ref:0 ;
in:681 out:683 type:b dur:2 cpbdur:2 q:32.41 aq:32.22 tex:927 mv:545 misc:368 imb:0 pmb:46 smb:3554 d:- ref:0 ;
in:683 out:684 type:b dur:2 cpbdur:2 q:32.35 aq:32.52 tex:1398 mv:562 misc:392 imb:0 pmb:49 smb:3551 d:- ref:0 ;
in:688 out:685 type:P dur:2 cpbdur:2 q:32.16 aq:22.44 tex:19078 mv:1080 misc:666 imb:24 pmb:120 smb:3456 d:- ref:0 ;
in:686 out:686 type:B dur:2 cpbdur:2 q:32.24 aq:31.45 tex:4461 mv:1050 misc:409 imb:1 pmb:78 smb:3521 d:- ref:0 ;
in:685 out:687 type:b dur:2 cpbdur:2 q:32.28 aq:33.76 tex:1455 mv:620 misc:365 imb:1 pmb:48 smb:3551 d:- ref:0 ;
in:687 out:688 type:b dur:2 cpbdur:2 q:32.20 aq:32.65 tex:1730 mv:612 misc:378 imb:0 pmb:60 smb:3540 d:- ref:0 ;
in:692 out:689 type:P dur:2 cpbdur:2 q:32.07 aq:22.20 tex:14191 mv:899 misc:622 imb:15 pmb:110 smb:3475 d:- ref:0 ;
in:690 out:690 type:B dur:2 cpbdur:2 q:32.11 aq:31.59 tex:4128 mv:816 misc:392 imb:1 pmb:56 smb:3543 d:- ref:0 ;
in:689 out:691 type:b dur:2 cpbdur:2 q:32.14 aq:32.34 tex:1420 mv:493 misc:351 imb:0 pmb:44 smb:3556 d:- ref:0 ;
in:691 out:692 type:b dur:2 cpbdur:2 q:32.09 aq:33.16 tex:1511 mv:517 misc:348 imb:0 pmb:37 smb:3563 d:- ref:0 ;
in:696 out:693 type:P dur:2 cpbdur:2 q:31.94 aq:20.52 tex:15330 mv:817 misc:621 imb:19 pmb:112 smb:3469 d:- ref:0 ;
in:694 out:694 type:B dur:2 cpbdur:2 q:32.00 aq:31.18 tex:3764 mv:751 misc:381 imb:0 pmb:58 smb:3542 d:- ref:0 ;
in:693 out:695 type:b dur:2 cpbdur:2 q:32.03 aq:33.00 tex:1458 mv:502 misc:376 imb:0 pmb:43 smb:3557 d:- ref:0 ;
in:695 out:696 type:b dur:2 cpbdur:2 q:31.97 aq:32.33 tex:1590 mv:466 misc:352 imb:1 pmb:44 smb:3555 d:- ref:0 ;
in:700 out:697 type:P dur:2 cpbdur:2 q:31.79 aq:21.13 tex:15298 mv:827 misc:643 imb:14 pmb:115 smb:3471 d:- ref:0 ;
in:698 out:698 type:B dur:2 cpbdur:2 q:31.86 aq:30.36 tex:3456 mv:723 misc:397 imb:0 pmb:57 smb:3543 d:- ref:0 ;
in:697 out:699 type:b dur:2 cpbdur:2 q:31.90 aq:32.61 tex:1486 mv:478 misc:356 imb:0 pmb:41 smb:3559 d:- ref:0 ;
in:699 out:700 type:b dur:2 cpbdur:2 q:31.83 aq:32.43 tex:1512 mv:489 misc:343 imb:0 pmb:41 smb:3559 d:- ref:0 ;
in:704 out:701 type:P dur:2 cpbdur:2 q:31.65 aq:20.18 tex:14088 mv:745 misc:687 imb:17 pmb:104 smb:3479 d:- ref:0 ;
in:702 out:702 type:B dur:2 cpbdur:2 q:31.72 aq:29.55 tex:3705 mv:671 misc:352 imb:0 pmb:52 smb:3548 d:- ref:0 ;
in:701 out:703 type:b dur:2 cpbdur:2 q:31.76 aq:32.79 tex:1154 mv:446 misc:328 imb:0 pmb:35 smb:3565 d:- ref:0 ;
in:703 out:704 type:b dur:2 cpbdur:2 q:31.68 aq:32.52 tex:1217 mv:496 misc:335 imb:0 pmb:37 smb:3563 d:- ref:0 ;
in:708 out:705 type:P dur:2 cpbdur:2 q:31.55 aq:23.22 tex:14255 mv:850 misc:575 imb:16 pmb:94 smb:3490 d:- ref:0 ;
in:706 out:706 type:B dur:2 cpbdur:2 q:31.60 aq:30.50 tex:4154 mv:825 misc:389 imb:0 pmb:62 smb:3538 d:- ref:0 ;
in:705 out:707 type:b dur:2 cpbdur:2 q:31.62 aq:33.04 tex:1473 mv:536 misc:351 imb:0 pmb:45 smb:3555 d:- ref:0 ;
in:707 out:708 type:b dur:2 cpbdur:2 q:31.57 aq:31.89 tex:1550 mv:492 misc:334 imb:0 pmb:47 smb:3553 d:- ref:0 ;
in:712 out:709 type:P dur:2 cpbdur:2 q:31.42 aq:22.23 tex:16266 mv:929 misc:717 imb:17 pmb:122 smb:3461 d:- ref:0 ;
in:710 out:710 type:B dur:2 cpbdur:2 q:31.48 aq:29.91 tex:4861 mv:857 misc:418 imb:0 pmb:74 smb:3526 d:- ref:0 ;
in:709 out:711 type:b dur:2 cpbdur:2 q:31.51 aq:31.82 tex:1872 mv:532 misc:380 imb:0 pmb:55 smb:3545 d:- ref:0 ;
in:711 out:712 type:b dur:2 cpbdur:2 q:31.45 aq:32.73 tex:1891 mv:512 misc:405 imb:1 pmb:56 smb:3543 d:- ref:0 ;
in:716 out:713 type:P dur:2 cpbdur:2 q:31.27 aq:22.44 tex:15286 mv:969 misc:769 imb:21 pmb:133 smb:3446 d:- ref:0 ;
in:714 out:714 type:B dur:2 cpbdur:2 q:31.34 aq:29.51 tex:4958 mv:770 misc:408 imb:1 pmb:65 smb:3534 d:- ref:0 ;
in:713 out:715 type:b dur:2 cpbdur:2 q:31.38 aq:30.77 tex:2222 mv:572 misc:398 imb:0 pmb:58 smb:3542 d:- ref:0 ;
in:715 out:716 type:b dur:2 cpbdur:2 q:31.31 aq:32.01 tex:2040 mv:528 misc:344 imb:0 pmb:44 smb:3556 d:- ref:0 ;
in:719 out:717 type:P dur:2 cpbdur:2 q:31.12 aq:32.18 tex:5364 mv:581 misc:423 imb:5 pmb:58 smb:3537 d:- ref:0 ;
in:717 out:718 type:B dur:2 cpbdur:2 q:31.22 aq:31.70 tex:2551 mv:553 misc:392 imb:0 pmb:53 smb:3547 d:- ref:0 ;
in:718 out:719 type:b dur:2 cpbdur:2 q:31.17 aq:31.49 tex:1812 mv:410 misc:346 imb:0 pmb:42 smb:3558 d:- ref:0 ;
in:720 out:720 type:I dur:2 cpbdur:2 q:28.83 aq:18.44 tex:636269 mv:81313 misc:506 imb:3600 pmb:0 smb:0 d:- ref:;
in:724 out:721 type:P dur:2 cpbdur:2 q:31.57 aq:22.18 tex:15696 mv:938 misc:694 imb:24 pmb:106 smb:3470 d:- ref:0 ;
in:722 out:722 type:B dur:2 cpbdur:2 q:31.57 aq:30.96 tex:4330 mv:909 misc:417 imb:0 pmb:77 smb:3523 d:- ref:0 ;
in:721 out:723 type:b dur:2 cpbdur:2 q:31.57 aq:31.68 tex:1298 mv:525 misc:385 imb:0 pmb:48 smb:3552 d:- ref:0 ;
in:723 out:724 type:b dur:2 cpbdur:2 q:31.57 aq:32.54 tex:1594 mv:504 misc:398 imb:1 pmb:48 smb:3551 d:- ref:0 ;
in:728 out:725 type:P dur:2 cpbdur:2 q:31.45 aq:21.77 tex:14436 mv:861 misc:535 imb:22 pmb:81 smb:3497 d:- ref:0 ;
in:726 out:726 type:B dur:2 cpbdur:2 q:31.51 aq:29.71 tex:4357 mv:811 misc:400 imb:0 pmb:64 smb:3536 d:- ref:0 ;
in:725 out:727 type:b dur:2 cpbdur:2 q:31.54 aq:32.67 tex:1580 mv:544 misc:380 imb:0 pmb:49 smb:3551 d:- ref:0 ;
in:727 out:728 type:b dur:2 cpbdur:2 q:31.48 aq:32.62 tex:1777 mv:564 misc:363 imb:0 pmb:49 smb:3551 d:- ref:0 ;
in:732 out:729 type:P dur:2 cpbdur:2 q:31.30 aq:22.20 tex:11050 mv:782 misc:552 imb:12 pmb:89 smb:3499 d:- ref:0 ;
in:730 out:730 type:B dur:2 cpbdur:2 q:31.37 aq:29.93 tex:4160 mv:801 misc:367 imb:0 pmb:54 smb:3546 d:- ref:0 ;
in:729 out:731 type:b dur:2 cpbdur:2 q:31.41 aq:32.36 tex:1563 mv:511 misc:334 imb:0 pmb:42 smb:3558 d:- ref:0 ;
in:731 out:732 type:b dur:2 cpbdur:2 q:31.34 aq:32.04 tex:1549 mv:462 misc:349 imb:0 pmb:42 smb:3558 d:- ref:0 ;
in:736 out:733 type:P dur:2 cpbdur:2 q:31.39 aq:22.38 tex:10811 mv:709 misc:472 imb:16 pmb:71 smb:3513 d:- ref:0 ;
in:734 out:734 type:B dur:2 cpbdur:2 q:31.35 aq:30.42 tex:4128 mv:716 misc:372 imb:0 pmb:54 smb:3546 d:- ref:0 ;
in:733 out:735 type:b dur:2 cpbdur:2 q:31.32 aq:31.73 tex:1942 mv:477 misc:349 imb:0 pmb:43 smb:3557 d:- ref:0 ;
in:735 out:736 type:b dur:2 cpbdur:2 q:31.37 aq:31.98 tex:1667 mv:507 misc:362 imb:0 pmb:41 smb:3559 d:- ref:0 ;
in:740 out:737 type:P dur:2 cpbdur:2 q:31.26 aq:22.87 tex:11120 mv:728 misc:560 imb:17 pmb:87 smb:3496 d:- ref:0 ;
in:738 out:738 type:B dur:2 cpbdur:2 q:31.33 aq:30.61 tex:4248 mv:750 misc:354 imb:1 pmb:52 smb:3547 d:- ref:0 ;
in:737 out:739 type:b dur:2 cpbdur:2 q:31.36 aq:32.38 tex:1705 mv:543 misc:328 imb:0 pmb:40 smb:3560 d:- ref:0 ;
in:739 out:740 type:b dur:2 cpbdur:2 q:31.29 aq:30.79 tex:1689 mv:503 misc:328 imb:0 pmb:41 smb:3559 d:- ref:0 ;
in:744 out:741 type:P dur:2 cpbdur:2 q:31.13 aq:20.43 tex:16107 mv:1003 misc:562 imb:58 pmb:71 smb:3471 d:- ref:0 ;
in:742 out:742 type:B dur:2 cpbdur:2 q:31.20 aq:29.86 tex:4970 mv:747 misc:419 imb:2 pmb:72 smb:3526 d:- ref:0 ;
in:741 out:743 type:b dur:2 cpbdur:2 q:31.23 aq:31.94 tex:1901 mv:472 misc:339 imb:1 pmb:42 smb:3557 d:- ref:0 ;
in:743 out:744 type:b dur:2 cpbdur:2 q:31.16 aq:32.32 tex:2362 mv:530 misc:388 imb:0 pmb:59 smb:3541 d:- ref:0 ;
in:748 out:745 type:P dur:2 cpbdur:2 q:30.98 aq:20.41 tex:16763 mv:776 misc:621 imb:21 pmb:89 smb:3490 d:- ref:0 ;
in:746 out:746 type:B dur:2 cpbdur:2 q:31.05 aq:29.19 tex:4901 mv:672 misc:411 imb:1 pmb:67 smb:3532 d:- ref:0 ;
in:745 out:747 type:b dur:2 cpbdur:2 q:31.09 aq:32.13 tex:1840 mv:415 misc:353 imb:0 pmb:51 smb:3549 d:- ref:0 ;
in:747 out:748 type:b dur:2 cpbdur:2 q:31.01 aq:31.55 tex:1847 mv:300 misc:357 imb:1 pmb:46 smb:3553 d:- ref:0 ;
in:752 out:749 type:P dur:2 cpbdur:2 q:30.86 aq:20.47 tex:224984 mv:11500 misc:1412 imb:730 pmb:1489 smb:1381 d:- ref:0 ;
in:750 out:750 type:B dur:2 cpbdur:2 q:30.92 aq:24.67 tex:5167 mv:1150 misc:1291 imb:3 pmb:367 smb:3230 d:- ref:0 ;
in:749 out:751 type:b dur:2 cpbdur:2 q:30.95 aq:29.60 tex:1773 mv:655 misc:1220 imb:0 pmb:439 smb:3161 d:- ref:0 ;
in:751 out:752 type:b dur:2 cpbdur:2 q:30.89 aq:31.42 tex:1650 mv:304 misc:390 imb:0 pmb:52 smb:3548 d:- ref:0 ;
in:756 out:753 type:P dur:2 cpbdur:2 q:30.89 aq:20.69 tex:25800 mv:1324 misc:1660 imb:34 pmb:351 smb:3215 d:- ref:0 ;
in:754 out:754 type:B dur:2 cpbdur:2 q:30.88 aq:30.39 tex:3315 mv:543 misc:422 imb:0 pmb:58 smb:3542 d:- ref:0 ;
in:753 out:755 type:b dur:2 cpbdur:2 q:30.87 aq:30.28 tex:1141 mv:237 misc:398 imb:0 pmb:52 smb:3548 d:- ref:0 ;
in:755 out:756 type:b dur:2 cpbdur:2 q:30.88 aq:29.29 tex:1009 mv:194 misc:309 imb:0 pmb:28 smb:3572 d:- ref:0 ;
in:760 out:757 type:P dur:2 cpbdur:2 q:30.77 aq:20.31 tex:20362 mv:1050 misc:1316 imb:22 pmb:257 smb:3321 d:- ref:0 ;
in:758 out:758 type:B dur:2 cpbdur:2 q:30.83 aq:31.17 tex:3003 mv:411 misc:402 imb:0 pmb:50 smb:3550 d:- ref:0 ;
in:757 out:759 type:b dur:2 cpbdur:2 q:30.86 aq:29.83 tex:1684 mv:288 misc:388 imb:0 pmb:45 smb:3555 d:- ref:0 ;
in:759 out:760 type:b dur:2 cpbdur:2 q:30.80 aq:29.12 tex:1513 mv:223 misc:360 imb:0 pmb:33 smb:3567 d:- ref:0 ;
in:764 out:761 type:P dur:2 cpbdur:2 q:30.80 aq:20.32 tex:18011 mv:864 misc:797 imb:36 pmb:117 smb:3447 d:- ref:0 ;
in:762 out:762 type:B dur:2 cpbdur:2 q:30.79 aq:30.40 tex:3139 mv:492 misc:393 imb:0 pmb:48 smb:3552 d:- ref:0 ;
in:761 out:763 type:b dur:2 cpbdur:2 q:30.78 aq:28.73 tex:1254 mv:202 misc:344 imb:0 pmb:42 smb:3558 d:- ref:0 ;
in:763 out:764 type:b dur:2 cpbdur:2 q:30.79 aq:29.46 tex:1468 mv:173 misc:351 imb:0 pmb:32 smb:3568 d:- ref:0 ;
in:768 out:765 type:P dur:2 cpbdur:2 q:30.65 aq:21.10 tex:19797 mv:966 misc:1069 imb:43 pmb:191 smb:3366 d:- ref:0 ;
in:766 out:766 type:B dur:2 cpbdur:2 q:30.73 aq:28.69 tex:3894 mv:564 misc:430 imb:3 pmb:59 smb:3538 d:- ref:0 ;
in:765 out:767 type:b dur:2 cpbdur:2 q:30.76 aq:31.23 tex:1592 mv:361 misc:327 imb:0 pmb:29 smb:3571 d:- ref:0 ;
in:767 out:768 type:b dur:2 cpbdur:2 q:30.69 aq:31.06 tex:1259 mv:263 misc:334 imb:0 pmb:35 smb:3565 d:- ref:0 ;
in:772 out:769 type:P dur:2 cpbdur:2 q:30.54 aq:21.17 tex:22515 mv:1041 misc:1052 imb:48 pmb:194 smb:3358 d:- ref:0 ;
in:770 out:770 type:B dur:2 cpbdur:2 q:30.59 aq:29.56 tex:3872 mv:581 misc:347 imb:0 pmb:43 smb:3557 d:- ref:0 ;
in:769 out:771 type:b dur:2 cpbdur:2 q:30.62 aq:30.98 tex:1227 mv:180 misc:329 imb:0 pmb:32 smb:3568 d:- ref:0 ;
in:771 out:772 type:b dur:2 cpbdur:2 q:30.56 aq:30.04 tex:1320 mv:230 misc:322 imb:0 pmb:36 smb:3564 d:- ref:0 ;
in:776 out:773 type:P dur:2 cpbdur:2 q:30.41 aq:20.40 tex:17321 mv:696 misc:1031 imb:15 pmb:171 smb:3414 d:- ref:0 ;
in:774 out:774 type:B dur:2 cpbdur:2 q:30.47 aq:30.20 tex:2442 mv:272 misc:358 imb:0 pmb:43 smb:3557 d:- ref:0 ;
in:773 out:775 type:b dur:2 cpbdur:2 q:30.50 aq:30.53 tex:1279 mv:245 misc:324 imb:0 pmb:31 smb:3569 d:- ref:0 ;
in:775 out:776 type:b dur:2 cpbdur:2 q:30.44 aq:30.14 tex:981 mv:125 misc:286 imb:0 pmb:19 smb:3581 d:- ref:0 ;
in:779 out:777 type:P dur:2 cpbdur:2 q:30.25 aq:31.15 tex:3938 mv:301 misc:353 imb:3 pmb:35 smb:3562 d:- ref:0 ;
in:777 out:778 type:B dur:2 cpbdur:2 q:30.36 aq:30.70 tex:1610 mv:299 misc:315 imb:0 pmb:30 smb:3570 d:- ref:0 ;
in:778 out:779 type:b dur:2 cpbdur:2 q:30.31 aq:30.02 tex:1135 mv:171 misc:302 imb:0 pmb:26 smb:3574 d:- ref:0 ;
in:780 out:780 type:I dur:2 cpbdur:2 q:27.85 aq:17.08 tex:712225 mv:87589 misc:530 imb:3600 pmb:0 smb:0 d:- ref:;
in:784 out:781 type:P dur:2 cpbdur:2 q:30.82 aq:21.43 tex:11487 mv:529 misc:552 imb:9 pmb:79 smb:3512 d:- ref:0 ;
in:782 out:782 type:B dur:2 cpbdur:2 q:30.82 aq:29.46 tex:2964 mv:376 misc:332 imb:0 pmb:40 smb:3560 d:- ref:0 ;
in:781 out:783 type:b dur:2 cpbdur:2 q:30.82 aq:30.72 tex:1282 mv:190 misc:304 imb:0 pmb:28 smb:3572 d:- ref:0 ;
in:783 out:784 type:b dur:2 cpbdur:2 q:30.82 aq:30.29 tex:1031 mv:237 misc:308 imb:0 pmb:27 smb:3573 d:- ref:0 ;
in:788 out:785 type:P dur:2 cpbdur:2 q:30.69 aq:19.96 tex:27094 mv:1256 misc:562 imb:59 pmb:99 smb:3442 d:- ref:0 ;
in:786 out:786 type:B dur:2 cpbdur:2 q:30.76 aq:30.21 tex:5534 mv:861 misc:429 imb:1 pmb:94 smb:3505 d:- ref:0 ;
in:785 out:787 type:b dur:2 cpbdur:2 q:30.79 aq:31.23 tex:1372 mv:270 misc:374 imb:0 pmb:55 smb:3545 d:- ref:0 ;
in:787 out:788 type:b dur:2 cpbdur:2 q:30.73 aq:32.59 tex:2376 mv:587 misc:397 imb:0 pmb:72 smb:3528 d:- ref:0 ;
in:792 out:789 type:P dur:2 cpbdur:2 q:30.56 aq:21.07 tex:13097 mv:670 misc:505 imb:15 pmb:76 smb:3509 d:- ref:0 ;
in:790 out:790 type:B dur:2 cpbdur:2 q:30.63 aq:30.56 tex:5353 mv:757 misc:378 imb:1 pmb:55 smb:3544 d:- ref:0 ;
in:789 out:791 type:b dur:2 cpbdur:2 q:30.66 aq:32.52 tex:2715 mv:495 misc:342 imb:0 pmb:45 smb:3555 d:- ref:0 ;
in:791 out:792 type:b dur:2 cpbdur:2 q:30.60 aq:32.24 tex:2166 mv:507 misc:351 imb:0 pmb:47 smb:3553 d:- ref:0 ;
in:796 out:793 type:P dur:2 cpbdur:2 q:30.59 aq:23.37 tex:12192 mv:631 misc:473 imb:10 pmb:72 smb:3518 d:- ref:0 ;
in:794 out:794 type:B dur:2 cpbdur:2 q:30.58 aq:30.37 tex:4031 mv:672 misc:345 imb:0 pmb:53 smb:3547 d:- ref:0 ;
in:793 out:795 type:b dur:2 cpbdur:2 q:30.57 aq:32.41 tex:1724 mv:453 misc:319 imb:0 pmb:42 smb:3558 d:- ref:0 ;
in:795 out:796 type:b dur:2 cpbdur:2 q:30.58 aq:32.44 tex:2140 mv:482 misc:314 imb:0 pmb:39 smb:3561 d:- ref:0 ;
in:800 out:797 type:P dur:2 cpbdur:2 q:30.47 aq:22.58 tex:11062 mv:637 misc:493 imb:10 pmb:74 smb:3516 d:- ref:0 ;
in:798 out:798 type:B dur:2 cpbdur:2 q:30.53 aq:30.59 tex:4403 mv:661 misc:336 imb:0 pmb:53 smb:3547 d:- ref:0 ;
in:797 out:799 type:b dur:2 cpbdur:2 q:30.56 aq:32.42 tex:1718 mv:426 misc:304 imb:0 pmb:38 smb:3562 d:- ref:0 ;
in:799 out:800 type:b dur:2 cpbdur:2 q:30.50 aq:32.31 tex:1584 mv:516 misc:340 imb:0 pmb:43 smb:3557 d:- ref:0 ;
in:804 out:801 type:P dur:2 cpbdur:2 q:30.33 aq:20.50 tex:13127 mv:711 misc:522 imb:13 pmb:82 smb:3505 d:- ref:0 ;
in:802 out:802 type:B dur:2 cpbdur:2 q:30.40 aq:30.28 tex:4782 mv:756 misc:374 imb:0 pmb:58 smb:3542 d:- ref:0 ;
in:801 out:803 type:b dur:2 cpbdur:2 q:30.43 aq:31.96 tex:1850 mv:495 misc:367 imb:0 pmb:45 smb:3555 d:- ref:0 ;
in:803 out:804 type:b dur:2 cpbdur:2 q:30.37 aq:32.14 tex:2452 mv:504 misc:380 imb:0 pmb:50 smb:3550 d:- ref:0 ;
in:808 out:805 type:P dur:2 cpbdur:2 q:30.21 aq:20.88 tex:15218 mv:791 misc:559 imb:13 pmb:96 smb:3491 d:- ref:0 ;
in:806 out:806 type:B dur:2 cpbdur:2 q:30.27 aq:30.34 tex:5105 mv:765 misc:386 imb:1 pmb:62 smb:3537 d:- ref:0 ;
in:805 out:807 type:b dur:2 cpbdur:2 q:30.30 aq:32.11 tex:1876 mv:529 misc:355 imb:0 pmb:43 smb:3557 d:- ref:0 ;
in:807 out:808 type:b dur:2 cpbdur:2 q:30.24 aq:31.58 tex:1890 mv:499 misc:371 imb:0 pmb:50 smb:3550 d:- ref:0 ;
in:812 out:809 type:P dur:2 cpbdur:2 q:30.08 aq:19.94 tex:15518 mv:957 misc:589 imb:12 pmb:106 smb:3482 d:- ref:0 ;
in:810 out:810 type:B dur:2 cpbdur:2 q:30.14 aq:29.94 tex:5239 mv:761 misc:408 imb:0 pmb:71 smb:3529 d:- ref:0 ;
in:809 out:811 type:b dur:2 cpbdur:2 q:30.18 aq:30.73 tex:2912 mv:602 misc:382 imb:0 pmb:59 smb:3541 d:- ref:0 ;
in:811 out:812 type:b dur:2 cpbdur:2 q:30.11 aq:30.84 tex:2207 mv:437 misc:348 imb:0 pmb:45 smb:3555 d:- ref:0 ;
in:816 out:813 type:P dur:2 cpbdur:2 q:29.95 aq:21.69 tex:67525 mv:2319 misc:860 imb:151 pmb:193 smb:3256 d:- ref:0 ;
in:814 out:814 type:B dur:2 cpbdur:2 q:30.01 aq:25.99 tex:6556 mv:953 misc:731 imb:0 pmb:178 smb:3422 d:- ref:0 ;
in:813 out:815 type:b dur:2 cpbdur:2 q:30.04 aq:30.92 tex:2467 mv:432 misc:357 imb:0 pmb:51 smb:3549 d:- ref:0 ;
in:815 out:816 type:b dur:2 cpbdur:2 q:29.98 aq:28.53 tex:2744 mv:669 misc:723 imb:1 pmb:171 smb:3428 d:- ref:0 ;
in:820 out:817 type:P dur:2 cpbdur:2 q:29.86 aq:20.07 tex:16304 mv:799 misc:689 imb:14 pmb:110 smb:3476 d:- ref:0 ;
in:818 out:818 type:B dur:2 cpbdur:2 q:29.91 aq:29.68 tex:4221 mv:672 misc:403 imb:0 pmb:59 smb:3541 d:- ref:0 ;
in:817 out:819 type:b dur:2 cpbdur:2 q:29.93 aq:31.18 tex:1823 mv:526 misc:363 imb:0 pmb:48 smb:3552 d:- ref:0 ;
in:819 out:820 type:b dur:2 cpbdur:2 q:29.88 aq:30.67 tex:1957 mv:407 misc:340 imb:1 pmb:39 smb:3560 d:- ref:0 ;
in:824 out:821 type:P dur:2 cpbdur:2 q:29.74 aq:22.45 tex:13635 mv:680 misc:597 imb:13 pmb:94 smb:3493 d:- ref:0 ;
in:822 out:822 type:B dur:2 cpbdur:2 q:29.80 aq:29.49 tex:5214 mv:701 misc:365 imb:0 pmb:53 smb:3547 d:- ref:0 ;
in:821 out:823 type:b dur:2 cpbdur:2 q:29.83 aq:31.71 tex:2485 mv:533 misc:342 imb:0 pmb:43 smb:3557 d:- ref:0 ;
in:823 out:824 type:b dur:2 cpbdur:2 q:29.77 aq:31.15 tex:2522 mv:525 misc:321 imb:0 pmb:42 smb:3558 d:- ref:0 ;
in:828 out:825 type:P dur:2 cpbdur:2 q:29.66 aq:19.98 tex:13768 mv:798 misc:610 imb:14 pmb:103 smb:3483 d:- ref:0 ;
in:826 out:826 type:B dur:2 cpbdur:2 q:29.70 aq:29.36 tex:5137 mv:666 misc:349 imb:0 pmb:50 smb:3550 d:- ref:0 ;
in:825 out:827 type:b dur:2 cpbdur:2 q:29.72 aq:31.58 tex:1962 mv:431 misc:319 imb:0 pmb:40 smb:3560 d:- ref:0 ;
in:827 out:828 type:b dur:2 cpbdur:2 q:29.68 aq:31.46 tex:2666 mv:597 misc:329 imb:0 pmb:43 smb:3557 d:- ref:0 ;
in:832 out:829 type:P dur:2 cpbdur:2 q:29.51 aq:21.20 tex:15654 mv:733 misc:709 imb:28 pmb:97 smb:3475 d:- ref:0 ;
in:830 out:830 type:B dur:2 cpbdur:2 q:29.58 aq:29.28 tex:5487 mv:760 misc:361 imb:0 pmb:55 smb:3545 d:- ref:0 ;
in:829 out:831 type:b dur:2 cpbdur:2 q:29.62 aq:30.41 tex:2671 mv:491 misc:342 imb:0 pmb:47 smb:3553 d:- ref:0 ;
in:831 out:832 type:b dur:2 cpbdur:2 q:29.55 aq:31.38 tex:3408 mv:534 misc:338 imb:0 pmb:46 smb:3554 d:- ref:0 ;
in:836 out:833 type:P dur:2 cpbdur:2 q:29.38 aq:21.25 tex:16712 mv:830 misc:682 imb:14 pmb:108 smb:3478 d:- ref:0 ;
in:834 out:834 type:B dur:2 cpbdur:2 q:29.45 aq:28.72 tex:7054 mv:863 misc:395 imb:1 pmb:64 smb:3535 d:- ref:0 ;
in:833 out:835 type:b dur:2 cpbdur:2 q:29.48 aq:29.80 tex:3709 mv:589 misc:358 imb:0 pmb:51 smb:3549 d:- ref:0 ;
in:835 out:836 type:b dur:2 cpbdur:2 q:29.42 aq:31.13 tex:3040 mv:490 misc:390 imb:0 pmb:56 smb:3544 d:- ref:0 ;
in:839 out:837 type:P dur:2 cpbdur:2 q:29.26 aq:30.43 tex:9887 mv:871 misc:482 imb:25 pmb:73 smb:3502 d:- ref:0 ;
in:837 out:838 type:B dur:2 cpbdur:2 q:29.34 aq:30.85 tex:4208 mv:712 misc:408 imb:0 pmb:64 smb:3536 d:- ref:0 ;
in:838 out:839 type:b dur:2 cpbdur:2 q:29.30 aq:31.02 tex:4906 mv:764 misc:418 imb:2 pmb:66 smb:3532 d:- ref:0 ;
in:840 out:840 type:I dur:2 cpbdur:2 q:26.90 aq:16.15 tex:773644 mv:88927 misc:525 imb:3600 pmb:0 smb:0 d:- ref:;
in:844 out:841 type:P dur:2 cpbdur:2 q:29.93 aq:20.95 tex:25535 mv:1152 misc:673 imb:46 pmb:127 smb:3427 d:- ref:0 ;
in:842 out:842 type:B dur:2 cpbdur:2 q:29.93 aq:25.81 tex:5865 mv:798 misc:401 imb:0 pmb:62 smb:3538 d:- ref:0 ;
in:841 out:843 type:b dur:2 cpbdur:2 q:29.93 aq:28.09 tex:2549 mv:445 misc:358 imb:0 pmb:47 smb:3553 d:- ref:0 ;
in:843 out:844 type:b dur:2 cpbdur:2 q:29.93 aq:31.28 tex:2578 mv:468 misc:370 imb:0 pmb:48 smb:3552 d:- ref:0 ;
in:848 out:845 type:P dur:2 cpbdur:2 q:29.81 aq:22.17 tex:17426 mv:743 misc:551 imb:20 pmb:89 smb:3491 d:- ref:0 ;
in:846 out:846 type:B dur:2 cpbdur:2 q:29.87 aq:29.12 tex:5245 mv:642 misc:401 imb:0 pmb:55 smb:3545 d:- ref:0 ;
in:845 out:847 type:b dur:2 cpbdur:2 q:29.90 aq:32.02 tex:3055 mv:513 misc:368 imb:0 pmb:50 smb:3550 d:- ref:0 ;
in:847 out:848 type:b dur:2 cpbdur:2 q:29.84 aq:31.38 tex:2323 mv:421 misc:328 imb:0 pmb:37 smb:3563 d:- ref:0 ;
in:852 out:849 type:P dur:2 cpbdur:2 q:29.69 aq:19.18 tex:12502 mv:615 misc:547 imb:11 pmb:82 smb:3507 d:- ref:0 ;
in:850 out:850 type:B dur:2 cpbdur:2 q:29.75 aq:30.22 tex:4637 mv:566 misc:357 imb:1 pmb:46 smb:3553 d:- ref:0 ;
in:849 out:851 type:b dur:2 cpbdur:2 q:29.78 aq:26.61 tex:2388 mv:457 misc:331 imb:0 pmb:41 smb:3559 d:- ref:0 ;
in:851 out:852 type:b dur:2 cpbdur:2 q:29.72 aq:31.24 tex:2478 mv:341 misc:317 imb:0 pmb:32 smb:3568 d:- ref:0 ;
in:856 out:853 type:P dur:2 cpbdur:2 q:29.72 aq:22.14 tex:11988 mv:615 misc:453 imb:12 pmb:63 smb:3525 d:- ref:0 ;
in:854 out:854 type:B dur:2 cpbdur:2 q:29.71 aq:27.82 tex:4479 mv:614 misc:339 imb:0 pmb:42 smb:3558 d:- ref:0 ;
in:853 out:855 type:b dur:2 cpbdur:2 q:29.70 aq:28.94 tex:2466 mv:425 misc:325 imb:0 pmb:38 smb:3562 d:- ref:0 ;
in:855 out:856 type:b dur:2 cpbdur:2 q:29.71 aq:27.65 tex:2633 mv:443 misc:316 imb:1 pmb:35 smb:3564 d:- ref:0 ;
in:860 out:857 type:P dur:2 cpbdur:2 q:29.60 aq:22.48 tex:13376 mv:630 misc:498 imb:15 pmb:68 smb:3517 d:- ref:0 ;
in:858 out:858 type:B dur:2 cpbdur:2 q:29.66 aq:29.50 tex:5236 mv:589 misc:367 imb:0 pmb:49 smb:3551 d:- ref:0 ;
in:857 out:859 type:b dur:2 cpbdur:2 q:29.69 aq:30.80 tex:3042 mv:534 misc:336 imb:0 pmb:43 smb:3557 d:- ref:0 ;
in:859 out:860 type:b dur:2 cpbdur:2 q:29.63 aq:31.25 tex:3025 mv:430 misc:337 imb:0 pmb:42 smb:3558 d:- ref:0 ;
in:864 out:861 type:P dur:2 cpbdur:2 q:29.47 aq:23.47 tex:18321 mv:649 misc:518 imb:16 pmb:83 smb:3501 d:- ref:0 ;
in:862 out:862 type:B dur:2 cpbdur:2 q:29.54 aq:29.82 tex:3863 mv:584 misc:385 imb:1 pmb:51 smb:3548 d:- ref:0 ;
in:861 out:863 type:b dur:2 cpbdur:2 q:29.57 aq:31.17 tex:3324 mv:452 misc:344 imb:0 pmb:44 smb:3556 d:- ref:0 ;
in:863 out:864 type:b dur:2 cpbdur:2 q:29.51 aq:31.57 tex:2028 mv:315 misc:305 imb:0 pmb:30 smb:3570 d:- ref:0 ;
in:868 out:865 type:P dur:2 cpbdur:2 q:29.35 aq:22.22 tex:14048 mv:532 misc:532 imb:14 pmb:69 smb:3517 d:- ref:0 ;
in:866 out:866 type:B dur:2 cpbdur:2 q:29.41 aq:28.92 tex:5220 mv:560 misc:356 imb:1 pmb:47 smb:3552 d:- ref:0 ;
in:865 out:867 type:b dur:2 cpbdur:2 q:29.44 aq:31.72 tex:2053 mv:346 misc:321 imb:0 pmb:34 smb:3566 d:- ref:0 ;
in:867 out:868 type:b dur:2 cpbdur:2 q:29.38 aq:31.43 tex:2827 mv:412 misc:337 imb:0 pmb:38 smb:3562 d:- ref:0 ;
in:872 out:869 type:P dur:2 cpbdur:2 q:29.22 aq:21.13 tex:12824 mv:565 misc:515 imb:12 pmb:71 smb:3517 d:- ref:0 ;
in:870 out:870 type:B dur:2 cpbdur:2 q:29.28 aq:26.18 tex:4760 mv:615 misc:353 imb:0 pmb:45 smb:3555 d:- ref:0 ;
in:869 out:871 type:b dur:2 cpbdur:2 q:29.31 aq:31.76 tex:1865 mv:382 misc:321 imb:0 pmb:36 smb:3564 d:- ref:0 ;
in:871 out:872 type:b dur:2 cpbdur:2 q:29.25 aq:31.26 tex:2070 mv:344 misc:322 imb:0 pmb:36 smb:3564 d:- ref:0 ;
in:876 out:873 type:P dur:2 cpbdur:2 q:29.09 aq:21.55 tex:16844 mv:662 misc:534 imb:16 pmb:76 smb:3508 d:- ref:0 ;
in:874 out:874 type:B dur:2 cpbdur:2 q:29.15 aq:28.36 tex:5123 mv:597 misc:392 imb:3 pmb:51 smb:3546 d:- ref:0 ;
in:873 out:875 type:b dur:2 cpbdur:2 q:29.18 aq:31.46 tex:2745 mv:500 misc:379 imb:0 pmb:50 smb:3550 d:- ref:0 ;
in:875 out:876 type:b dur:2 cpbdur:2 q:29.12 aq:30.67 tex:2759 mv:369 misc:328 imb:0 pmb:34 smb:3566 d:- ref:0 ;
in:880 out:877 type:P dur:2 cpbdur:2 q:28.97 aq:20.81 tex:12759 mv:574 misc:587 imb:11 pmb:90 smb:3499 d:- ref:0 ;
in:878 out:878 type:B dur:2 cpbdur:2 q:29.03 aq:28.90 tex:3917 mv:462 misc:341 imb:0 pmb:41 smb:3559 d:- ref:0 ;
in:877 out:879 type:b dur:2 cpbdur:2 q:29.06 aq:31.15 tex:2310 mv:309 misc:317 imb:0 pmb:31 smb:3569 d:- ref:0 ;
in:879 out:880 type:b dur:2 cpbdur:2 q:29.00 aq:30.11 tex:2153 mv:367 misc:320 imb:0 pmb:32 smb:3568 d:- ref:0 ;
in:884 out:881 type:P dur:2 cpbdur:2 q:28.84 aq:19.84 tex:13732 mv:401 misc:539 imb:11 pmb:64 smb:3525 d:- ref:0 ;
in:882 out:882 type:B dur:2 cpbdur:2 q:28.90 aq:28.66 tex:4057 mv:341 misc:306 imb:0 pmb:33 smb:3567 d:- ref:0 ;
in:881 out:883 type:b dur:2 cpbdur:2 q:28.93 aq:30.21 tex:2176 mv:265 misc:279 imb:0 pmb:26 smb:3574 d:- ref:0 ;
in:883 out:884 type:b dur:2 cpbdur:2 q:28.87 aq:27.45 tex:1321 mv:147 misc:276 imb:0 pmb:24 smb:3576 d:- ref:0 ;
in:888 out:885 type:P dur:2 cpbdur:2 q:28.71 aq:16.49 tex:9608 mv:344 misc:520 imb:7 pmb:57 smb:3536 d:- ref:0 ;
in:886 out:886 type:B dur:2 cpbdur:2 q:28.77 aq:22.16 tex:2167 mv:229 misc:300 imb:0 pmb:24 smb:3576 d:- ref:0 ;
in:885 out:887 type:b dur:2 cpbdur:2 q:28.80 aq:27.38 tex:1477 mv:190 misc:277 imb:0 pmb:19 smb:3581 d:- ref:0 ;
in:887 out:888 type:b dur:2 cpbdur:2 q:28.74 aq:27.38 tex:1234 mv:178 misc:252 imb:0 pmb:16 smb:3584 d:- ref:0 ;
in:892 out:889 type:P dur:2 cpbdur:2 q:28.57 aq:19.60 tex:8658 mv:315 misc:531 imb:6 pmb:65 smb:3529 d:- ref:0 ;
in:890 out:890 type:B dur:2 cpbdur:2 q:28.64 aq:25.10 tex:2151 mv:233 misc:328 imb:0 pmb:25 smb:3575 d:- ref:0 ;
in:889 out:891 type:b dur:2 cpbdur:2 q:28.67 aq:25.26 tex:1194 mv:203 misc:291 imb:0 pmb:21 smb:3579 d:- ref:0 ;
in:891 out:892 type:b dur:2 cpbdur:2 q:28.61 aq:27.75 tex:1075 mv:155 misc:274 imb:0 pmb:17 smb:3583 d:- ref:0 ;
in:896 out:893 type:P dur:2 cpbdur:2 q:28.44 aq:20.31 tex:8458 mv:400 misc:518 imb:8 pmb:55 smb:3537 d:- ref:0 ;
in:894 out:894 type:B dur:2 cpbdur:2 q:28.51 aq:26.94 tex:2904 mv:266 misc:318 imb:0 pmb:27 smb:3573 d:- ref:0 ;
in:893 out:895 type:b dur:2 cpbdur:2 q:28.54 aq:27.47 tex:1231 mv:167 misc:266 imb:0 pmb:18 smb:3582 d:- ref:0 ;
in:895 out:896 type:b dur:2 cpbdur:2 q:28.47 aq:28.40 tex:1585 mv:278 misc:289 imb:0 pmb:24 smb:3576 d:- ref:0 ;
in:899 out:897 type:P dur:2 cpbdur:2 q:28.29 aq:27.92 tex:2864 mv:216 misc:320 imb:3 pmb:20 smb:3577 d:- ref:0 ;
in:897 out:898 type:B dur:2 cpbdur:2 q:28.39 aq:28.38 tex:2042 mv:224 misc:286 imb:2 pmb:17 smb:3581 d:- ref:0 ;
in:898 out:899 type:b dur:2 cpbdur:2 q:28.34 aq:28.37 tex:1826 mv:162 misc:260 imb:0 pmb:19 smb:3581 d:- ref:0 ;
in:900 out:900 type:I dur:2 cpbdur:2 q:25.98 aq:15.35 tex:846726 mv:91148 misc:566 imb:3600 pmb:0 smb:0 d:- ref:;
in:904 out:901 type:P dur:2 cpbdur:2 q:29.04 aq:19.36 tex:20749 mv:894 misc:709 imb:49 pmb:100 smb:3451 d:- ref:0 ;
in:902 out:902 type:B dur:2 cpbdur:2 q:29.04 aq:28.01 tex:4240 mv:494 misc:370 imb:2 pmb:61 smb:3537 d:- ref:0 ;
in:901 out:903 type:b dur:2 cpbdur:2 q:29.04 aq:29.92 tex:2133 mv:373 misc:350 imb:1 pmb:51 smb:3548 d:- ref:0 ;
in:903 out:904 type:b dur:2 cpbdur:2 q:29.04 aq:29.11 tex:2564 mv:369 misc:307 imb:0 pmb:36 smb:3564 d:- ref:0 ;
in:908 out:905 type:P dur:2 cpbdur:2 q:28.91 aq:18.63 tex:9640 mv:485 misc:515 imb:8 pmb:65 smb:3527 d:- ref:0 ;
in:906 out:906 type:B dur:2 cpbdur:2 q:28.98 aq:28.59 tex:3327 mv:435 misc:310 imb:0 pmb:32 smb:3568 d:- ref:0 ;
in:905 out:907 type:b dur:2 cpbdur:2 q:29.01 aq:30.35 tex:1586 mv:312 misc:294 imb:0 pmb:27 smb:3573 d:- ref:0 ;
in:907 out:908 type:b dur:2 cpbdur:2 q:28.94 aq:29.50 tex:1562 mv:315 misc:283 imb:0 pmb:28 smb:3572 d:- ref:0 ;
in:912 out:909 type:P dur:2 cpbdur:2 q:28.77 aq:19.17 tex:9571 mv:393 misc:476 imb:9 pmb:55 smb:3536 d:- ref:0 ;
in:910 out:910 type:B dur:2 cpbdur:2 q:28.84 aq:27.42 tex:3740 mv:442 misc:298 imb:1 pmb:33 smb:3566 d:- ref:0 ;
in:909 out:911 type:b dur:2 cpbdur:2 q:28.88 aq:29.34 tex:2156 mv:295 misc:269 imb:0 pmb:23 smb:3577 d:- ref:0 ;
in:911 out:912 type:b dur:2 cpbdur:2 q:28.81 aq:29.35 tex:1932 mv:299 misc:289 imb:1 pmb:28 smb:3571 d:- ref:0 ;
in:916 out:913 type:P dur:2 cpbdur:2 q:28.77 aq:17.44 tex:9564 mv:436 misc:400 imb:9 pmb:53 smb:3538 d:- ref:0 ;
in:914 out:914 type:B dur:2 cpbdur:2 q:28.77 aq:27.80 tex:3845 mv:423 misc:324 imb:1 pmb:34 smb:3565 d:- ref:0 ;
in:913 out:915 type:b dur:2 cpbdur:2 q:28.77 aq:29.34 tex:2034 mv:365 misc:289 imb:0 pmb:29 smb:3571 d:- ref:0 ;
in:915 out:916 type:b dur:2 cpbdur:2 q:28.77 aq:29.65 tex:2036 mv:294 misc:278 imb:1 pmb:26 smb:3573 d:- ref:0 ;
in:920 out:917 type:P dur:2 cpbdur:2 q:28.64 aq:20.28 tex:10169 mv:491 misc:484 imb:10 pmb:65 smb:3525 d:- ref:0 ;
in:918 out:918 type:B dur:2 cpbdur:2 q:28.70 aq:28.73 tex:3956 mv:371 misc:337 imb:0 pmb:38 smb:3562 d:- ref:0 ;
in:917 out:919 type:b dur:2 cpbdur:2 q:28.74 aq:28.99 tex:2407 mv:281 misc:288 imb:0 pmb:30 smb:3570 d:- ref:0 ;
in:919 out:920 type:b dur:2 cpbdur:2 q:28.67 aq:29.37 tex:2391 mv:286 misc:323 imb:0 pmb:34 smb:3566 d:- ref:0 ;
in:924 out:921 type:P dur:2 cpbdur:2 q:28.51 aq:18.96 tex:9871 mv:477 misc:468 imb:5 pmb:68 smb:3527 d:- ref:0 ;
in:922 out:922 type:B dur:2 cpbdur:2 q:28.57 aq:26.28 tex:4111 mv:442 misc:335 imb:0 pmb:40 smb:3560 d:- ref:0 ;
in:921 out:923 type:b dur:2 cpbdur:2 q:28.60 aq:28.60 tex:2151 mv:279 misc:306 imb:0 pmb:31 smb:3569 d:- ref:0 ;
in:923 out:924 type:b dur:2 cpbdur:2 q:28.54 aq:29.51 tex:1757 mv:285 misc:310 imb:0 pmb:30 smb:3570 d:- ref:0 ;
in:928 out:925 type:P dur:2 cpbdur:2 q:28.37 aq:17.48 tex:22391 mv:862 misc:595 imb:26 pmb:112 smb:3462 d:- ref:0 ;
in:926 out:926 type:B dur:2 cpbdur:2 q:28.44 aq:27.43 tex:4776 mv:556 misc:436 imb:0 pmb:72 smb:3528 d:- ref:0 ;
in:925 out:927 type:b dur:2 cpbdur:2 q:28.47 aq:29.57 tex:2134 mv:361 misc:297 imb:0 pmb:32 smb:3568 d:- ref:0 ;
in:927 out:928 type:b dur:2 cpbdur:2 q:28.40 aq:28.66 tex:6391 mv:784 misc:441 imb:2 pmb:79 smb:3519 d:- ref:0 ;
in:932 out:929 type:P dur:2 cpbdur:2 q:28.24 aq:16.43 tex:21262 mv:945 misc:625 imb:25 pmb:102 smb:3473 d:- ref:0 ;
in:930 out:930 type:B dur:2 cpbdur:2 q:28.31 aq:26.21 tex:9394 mv:1028 misc:418 imb:0 pmb:81 smb:3519 d:- ref:0 ;
in:929 out:931 type:b dur:2 cpbdur:2 q:28.34 aq:29.70 tex:4992 mv:795 misc:405 imb:1 pmb:66 smb:3533 d:- ref:0 ;
in:931 out:932 type:b dur:2 cpbdur:2 q:28.27 aq:29.21 tex:5590 mv:814 misc:364 imb:0 pmb:63 smb:3537 d:- ref:0 ;
in:936 out:933 type:P dur:2 cpbdur:2 q:28.11 aq:18.27 tex:20365 mv:930 misc:585 imb:15 pmb:105 smb:3480 d:- ref:0 ;
in:934 out:934 type:B dur:2 cpbdur:2 q:28.18 aq:27.68 tex:9204 mv:966 misc:422 imb:1 pmb:70 smb:3529 d:- ref:0 ;
in:933 out:935 type:b dur:2 cpbdur:2 q:28.21 aq:28.54 tex:5061 mv:731 misc:384 imb:0 pmb:63 smb:3537 d:- ref:0 ;
in:935 out:936 type:b dur:2 cpbdur:2 q:28.15 aq:29.43 tex:5425 mv:759 misc:376 imb:1 pmb:60 smb:3539 d:- ref:0 ;
in:940 out:937 type:P dur:2 cpbdur:2 q:27.99 aq:18.34 tex:29185 mv:1140 misc:651 imb:33 pmb:126 smb:3441 d:- ref:0 ;
in:938 out:938 type:B dur:2 cpbdur:2 q:28.05 aq:25.07 tex:11991 mv:1212 misc:469 imb:0 pmb:110 smb:3490 d:- ref:0 ;
in:937 out:939 type:b dur:2 cpbdur:2 q:28.08 aq:29.13 tex:5474 mv:919 misc:415 imb:0 pmb:81 smb:3519 d:- ref:0 ;
in:939 out:940 type:b dur:2 cpbdur:2 q:28.02 aq:29.43 tex:7007 mv:893 misc:396 imb:0 pmb:83 smb:3517 d:- ref:0 ;
in:944 out:941 type:P dur:2 cpbdur:2 q:27.89 aq:17.48 tex:26033 mv:1202 misc:661 imb:19 pmb:136 smb:3445 d:- ref:0 ;
in:942 out:942 type:B dur:2 cpbdur:2 q:27.94 aq:28.23 tex:11193 mv:1320 misc:431 imb:0 pmb:88 smb:3512 d:- ref:0 ;
in:941 out:943 type:b dur:2 cpbdur:2 q:27.97 aq:29.50 tex:4160 mv:719 misc:409 imb:1 pmb:72 smb:3527 d:- ref:0 ;
in:943 out:944 type:b dur:2 cpbdur:2 q:27.91 aq:29.53 tex:6491 mv:917 misc:400 imb:0 pmb:76 smb:3524 d:- ref:0 ;
in:948 out:945 type:P dur:2 cpbdur:2 q:27.79 aq:16.17 tex:28169 mv:1257 misc:630 imb:20 pmb:139 smb:3441 d:- ref:0 ;
in:946 out:946 type:B dur:2 cpbdur:2 q:27.84 aq:24.26 tex:11595 mv:1377 misc:420 imb:1 pmb:89 smb:3510 d:- ref:0 ;
in:945 out:947 type:b dur:2 cpbdur:2 q:27.86 aq:29.33 tex:6512 mv:1014 misc:418 imb:0 pmb:82 smb:3518 d:- ref:0 ;
in:947 out:948 type:b dur:2 cpbdur:2 q:27.81 aq:29.59 tex:7215 mv:984 misc:417 imb:1 pmb:81 smb:3518 d:- ref:0 ;
in:952 out:949 type:P dur:2 cpbdur:2 q:27.70 aq:18.57 tex:36139 mv:1573 misc:744 imb:51 pmb:171 smb:3378 d:- ref:0 ;
in:950 out:950 type:B dur:2 cpbdur:2 q:27.74 aq:27.72 tex:13433 mv:1609 misc:478 imb:15 pmb:111 smb:3474 d:- ref:0 ;
in:949 out:951 type:b dur:2 cpbdur:2 q:27.77 aq:29.13 tex:7692 mv:1063 misc:461 imb:0 pmb:100 smb:3500 d:- ref:0 ;
in:951 out:952 type:b dur:2 cpbdur:2 q:27.72 aq:29.25 tex:7852 mv:946 misc:418 imb:0 pmb:81 smb:3519 d:- ref:0 ;
in:956 out:953 type:P dur:2 cpbdur:2 q:27.62 aq:18.84 tex:37939 mv:1631 misc:742 imb:44 pmb:192 smb:3364 d:- ref:0 ;
in:954 out:954 type:B dur:2 cpbdur:2 q:27.66 aq:24.93 tex:12888 mv:1615 misc:489 imb:15 pmb:115 smb:3470 d:- ref:0 ;
in:953 out:955 type:b dur:2 cpbdur:2 q:27.68 aq:29.60 tex:7080 mv:1055 misc:425 imb:0 pmb:87 smb:3513 d:- ref:0 ;
in:955 out:956 type:b dur:2 cpbdur:2 q:27.64 aq:27.05 tex:7377 mv:1015 misc:424 imb:0 pmb:85 smb:3515 d:- ref:0 ;
in:959 out:957 type:P dur:2 cpbdur:2 q:27.54 aq:28.18 tex:14481 mv:912 misc:447 imb:14 pmb:83 smb:3503 d:- ref:0 ;
in:957 out:958 type:B dur:2 cpbdur:2 q:27.60 aq:27.79 tex:9252 mv:1152 misc:444 imb:0 pmb:95 smb:3505 d:- ref:0 ;
in:958 out:959 type:b dur:2 cpbdur:2 q:27.57 aq:27.92 tex:8377 mv:1080 misc:407 imb:0 pmb:91 smb:3509 d:- ref:0 ;
in:960 out:960 type:I dur:2 cpbdur:2 q:25.09 aq:14.48 tex:904624 mv:92751 misc:561 imb:3600 pmb:0 smb:0 d:- ref:;
in:964 out:961 type:P dur:2 cpbdur:2 q:28.41 aq:18.50 tex:27866 mv:1224 misc:830 imb:24 pmb:161 smb:3415 d:- ref:0 ;
in:962 out:962 type:B dur:2 cpbdur:2 q:28.41 aq:25.28 tex:8952 mv:1214 misc:418 imb:0 pmb:82 smb:3518 d:- ref:0 ;
in:961 out:963 type:b dur:2 cpbdur:2 q:28.41 aq:30.40 tex:6393 mv:851 misc:396 imb:0 pmb:76 smb:3524 d:- ref:0 ;
in:963 out:964 type:b dur:2 cpbdur:2 q:28.41 aq:28.07 tex:5037 mv:731 misc:368 imb:0 pmb:62 smb:3538 d:- ref:0 ;
in:968 out:965 type:P dur:2 cpbdur:2 q:28.33 aq:19.27 tex:26937 mv:1210 misc:661 imb:22 pmb:133 smb:3445 d:- ref:0 ;
in:966 out:966 type:B dur:2 cpbdur:2 q:28.37 aq:26.47 tex:10733 mv:1215 misc:452 imb:1 pmb:95 smb:3504 d:- ref:0 ;
in:965 out:967 type:b dur:2 cpbdur:2 q:28.39 aq:27.90 tex:5937 mv:1001 misc:414 imb:1 pmb:78 smb:3521 d:- ref:0 ;
in:967 out:968 type:b dur:2 cpbdur:2 q:28.35 aq:29.29 tex:5392 mv:851 misc:397 imb:0 pmb:69 smb:3531 d:- ref:0 ;
in:972 out:969 type:P dur:2 cpbdur:2 q:28.24 aq:16.78 tex:26996 mv:1062 misc:614 imb:30 pmb:117 smb:3453 d:- ref:0 ;
in:970 out:970 type:B dur:2 cpbdur:2 q:28.29 aq:27.76 tex:10364 mv:1119 misc:421 imb:1 pmb:86 smb:3513 d:- ref:0 ;
in:969 out:971 type:b dur:2 cpbdur:2 q:28.31 aq:29.51 tex:5035 mv:874 misc:371 imb:0 pmb:66 smb:3534 d:- ref:0 ;
in:971 out:972 type:b dur:2 cpbdur:2 q:28.26 aq:26.65 tex:6574 mv:845 misc:413 imb:0 pmb:77 smb:3523 d:- ref:0 ;
in:976 out:973 type:P dur:2 cpbdur:2 q:28.27 aq:15.59 tex:19149 mv:840 misc:619 imb:15 pmb:110 smb:3475 d:- ref:0 ;
in:974 out:974 type:B dur:2 cpbdur:2 q:28.25 aq:26.13 tex:7499 mv:909 misc:384 imb:1 pmb:65 smb:3534 d:- ref:0 ;
in:973 out:975 type:b dur:2 cpbdur:2 q:28.25 aq:27.65 tex:4193 mv:757 misc:378 imb:0 pmb:63 smb:3537 d:- ref:0 ;
in:975 out:976 type:b dur:2 cpbdur:2 q:28.26 aq:26.97 tex:3944 mv:637 misc:339 imb:1 pmb:51 smb:3548 d:- ref:0 ;
in:980 out:977 type:P dur:2 cpbdur:2 q:28.17 aq:15.88 tex:21845 mv:937 misc:602 imb:13 pmb:115 smb:3472 d:- ref:0 ;
in:978 out:978 type:B dur:2 cpbdur:2 q:28.22 aq:26.97 tex:9634 mv:1005 misc:417 imb:0 pmb:73 smb:3527 d:- ref:0 ;
in:977 out:979 type:b dur:2 cpbdur:2 q:28.24 aq:27.53 tex:4619 mv:629 misc:360 imb:0 pmb:60 smb:3540 d:- ref:0 ;
in:979 out:980 type:b dur:2 cpbdur:2 q:28.20 aq:27.95 tex:4271 mv:672 misc:377 imb:0 pmb:62 smb:3538 d:- ref:0 ;
in:984 out:981 type:P dur:2 cpbdur:2 q:28.08 aq:15.71 tex:29036 mv:986 misc:578 imb:23 pmb:110 smb:3467 d:- ref:0 ;
in:982 out:982 type:B dur:2 cpbdur:2 q:28.13 aq:25.57 tex:6230 mv:805 misc:437 imb:0 pmb:80 smb:3520 d:- ref:0 ;
in:981 out:983 type:b dur:2 cpbdur:2 q:28.15 aq:27.42 tex:4042 mv:696 misc:382 imb:0 pmb:66 smb:3534 d:- ref:0 ;
in:983 out:984 type:b dur:2 cpbdur:2 q:28.10 aq:27.36 tex:3542 mv:571 misc:351 imb:1 pmb:48 smb:3551 d:- ref:0 ;
in:988 out:985 type:P dur:2 cpbdur:2 q:27.98 aq:17.24 tex:19849 mv:743 misc:632 imb:13 pmb:113 smb:3474 d:- ref:0 ;
in:986 out:986 type:B dur:2 cpbdur:2 q:28.03 aq:26.46 tex:7025 mv:732 misc:387 imb:0 pmb:60 smb:3540 d:- ref:0 ;
in:985 out:987 type:b dur:2 cpbdur:2 q:28.05 aq:27.31 tex:3293 mv:515 misc:344 imb:0 pmb:45 smb:3555 d:- ref:0 ;
in:987 out:988 type:b dur:2 cpbdur:2 q:28.01 aq:27.38 tex:3214 mv:475 misc:351 imb:0 pmb:52 smb:3548 d:- ref:0 ;
in:992 out:989 type:P dur:2 cpbdur:2 q:27.86 aq:15.76 tex:18569 mv:808 misc:599 imb:20 pmb:101 smb:3479 d:- ref:0 ;
in:990 out:990 type:B dur:2 cpbdur:2 q:27.92 aq:25.80 tex:7752 mv:824 misc:384 imb:0 pmb:66 smb:3534 d:- ref:0 ;
in:989 out:991 type:b dur:2 cpbdur:2 q:27.95 aq:28.15 tex:4945 mv:702 misc:369 imb:0 pmb:62 smb:3538 d:- ref:0 ;
in:991 out:992 type:b dur:2 cpbdur:2 q:27.89 aq:27.69 tex:3404 mv:511 misc:349 imb:0 pmb:47 smb:3553 d:- ref:0 ;
in:996 out:993 type:P dur:2 cpbdur:2 q:27.76 aq:16.33 tex:14715 mv:682 misc:619 imb:6 pmb:105 smb:3489 d:- ref:0 ;
in:994 out:994 type:B dur:2 cpbdur:2 q:27.81 aq:26.17 tex:6964 mv:662 misc:366 imb:0 pmb:49 smb:3551 d:- ref:0 ;
in:993 out:995 type:b dur:2 cpbdur:2 q:27.84 aq:27.56 tex:3921 mv:511 misc:328 imb:0 pmb:41 smb:3559 d:- ref:0 ;
in:995 out:996 type:b dur:2 cpbdur:2 q:27.79 aq:27.39 tex:3646 mv:531 misc:351 imb:0 pmb:42 smb:3558 d:- ref:0 ;
in:1000 out:997 type:P dur:2 cpbdur:2 q:27.63 aq:17.31 tex:20979 mv:890 misc:763 imb:13 pmb:139 smb:3448 d:- ref:0 ;
in:998 out:998 type:B dur:2 cpbdur:2 q:27.70 aq:25.23 tex:7266 mv:882 misc:404 imb:1 pmb:67 smb:3532 d:- ref:0 ;
in:997 out:999 type:b dur:2 cpbdur:2 q:27.73 aq:24.28 tex:3360 mv:534 misc:338 imb:0 pmb:46 smb:3554 d:- ref:0 ;
in:999 out:1000 type:b dur:2 cpbdur:2 q:27.66 aq:26.37 tex:3453 mv:541 misc:398 imb:0 pmb:57 smb:3543 d:- ref:0 ;
in:1004 out:1001 type:P dur:2 cpbdur:2 q:27.51 aq:16.21 tex:26907 mv:994 misc:723 imb:23 pmb:126 smb:3451 d:- ref:0 ;
in:1002 out:1002 type:B dur:2 cpbdur:2 q:27.57 aq:26.52 tex:9597 mv:1012 misc:431 imb:0 pmb:81 smb:3519 d:- ref:0 ;
in:1001 out:1003 type:b dur:2 cpbdur:2 q:27.60 aq:26.97 tex:3738 mv:584 misc:390 imb:1 pmb:63 smb:3536 d:- ref:0 ;
in:1003 out:1004 type:b dur:2 cpbdur:2 q:27.54 aq:28.73 tex:5746 mv:748 misc:394 imb:0 pmb:68 smb:3532 d:- ref:0 ;
in:1008 out:1005 type:P dur:2 cpbdur:2 q:27.40 aq:18.11 tex:21735 mv:942 misc:755 imb:13 pmb:136 smb:3451 d:- ref:0 ;
in:1006 out:1006 type:B dur:2 cpbdur:2 q:27.46 aq:23.76 tex:9440 mv:1047 misc:401 imb:1 pmb:70 smb:3529 d:- ref:0 ;
in:1005 out:1007 type:b dur:2 cpbdur:2 q:27.48 aq:28.13 tex:3972 mv:571 misc:361 imb:0 pmb:56 smb:3544 d:- ref:0 ;
in:1007 out:1008 type:b dur:2 cpbdur:2 q:27.43 aq:26.57 tex:3759 mv:569 misc:368 imb:0 pmb:56 smb:3544 d:- ref:0 ;
in:1012 out:1009 type:P dur:2 cpbdur:2 q:27.29 aq:18.60 tex:33240 mv:1150 misc:794 imb:32 pmb:148 smb:3420 d:- ref:0 ;
in:1010 out:1010 type:B dur:2 cpbdur:2 q:27.35 aq:26.30 tex:10668 mv:1080 misc:460 imb:0 pmb:91 smb:3509 d:- ref:0 ;
in:1009 out:1011 type:b dur:2 cpbdur:2 q:27.37 aq:28.30 tex:4560 mv:740 misc:404 imb:0 pmb:71 smb:3529 d:- ref:0 ;
in:1011 out:1012 type:b dur:2 cpbdur:2 q:27.32 aq:27.08 tex:5283 mv:693 misc:416 imb:1 pmb:73 smb:3526 d:- ref:0 ;
in:1016 out:1013 type:P dur:2 cpbdur:2 q:27.20 aq:18.69 tex:30674 mv:849 misc:685 imb:20 pmb:136 smb:3444 d:- ref:0 ;
in:1014 out:1014 type:B dur:2 cpbdur:2 q:27.24 aq:26.34 tex:11201 mv:828 misc:427 imb:0 pmb:79 smb:3521 d:- ref:0 ;
in:1013 out:1015 type:b dur:2 cpbdur:2 q:27.27 aq:28.35 tex:5639 mv:618 misc:391 imb:1 pmb:65 smb:3534 d:- ref:0 ;
in:1015 out:1016 type:b dur:2 cpbdur:2 q:27.22 aq:28.44 tex:5108 mv:594 misc:362 imb:0 pmb:63 smb:3537 d:- ref:0 ;
in:1019 out:1017 type:P dur:2 cpbdur:2 q:27.10 aq:28.31 tex:10549 mv:570 misc:409 imb:8 pmb:61 smb:3531 d:- ref:0 ;
in:1017 out:1018 type:B dur:2 cpbdur:2 q:27.16 aq:28.42 tex:5882 mv:727 misc:391 imb:0 pmb:60 smb:3540 d:- ref:0 ;
in:1018 out:1019 type:b dur:2 cpbdur:2 q:27.13 aq:28.56 tex:5339 mv:604 misc:361 imb:0 pmb:56 smb:3544 d:- ref:0 ;
in:1020 out:1020 type:I dur:2 cpbdur:2 q:24.65 aq:13.94 tex:943055 mv:93472 misc:553 imb:3600 pmb:0 smb:0 d:- ref:;
in:1024 out:1021 type:P dur:2 cpbdur:2 q:27.98 aq:17.07 tex:18323 mv:777 misc:772 imb:16 pmb:127 smb:3457 d:- ref:0 ;
in:1022 out:1022 type:B dur:2 cpbdur:2 q:27.98 aq:23.79 tex:8381 mv:745 misc:346 imb:1 pmb:55 smb:3544 d:- ref:0 ;
in:1021 out:1023 type:b dur:2 cpbdur:2 q:27.98 aq:29.70 tex:4378 mv:584 misc:342 imb:0 pmb:47 smb:3553 d:- ref:0 ;
in:1023 out:1024 type:b dur:2 cpbdur:2 q:27.98 aq:29.69 tex:4712 mv:544 misc:320 imb:0 pmb:46 smb:3554 d:- ref:0 ;
in:1028 out:1025 type:P dur:2 cpbdur:2 q:27.88 aq:17.88 tex:22781 mv:924 misc:575 imb:19 pmb:98 smb:3483 d:- ref:0 ;
in:1026 out:1026 type:B dur:2 cpbdur:2 q:27.93 aq:27.54 tex:8728 mv:729 misc:399 imb:2 pmb:69 smb:3529 d:- ref:0 ;
in:1025 out:1027 type:b dur:2 cpbdur:2 q:27.96 aq:29.67 tex:4439 mv:657 misc:360 imb:0 pmb:61 smb:3539 d:- ref:0 ;
in:1027 out:1028 type:b dur:2 cpbdur:2 q:27.91 aq:28.53 tex:3577 mv:426 misc:357 imb:0 pmb:48 smb:3552 d:- ref:0 ;
in:1032 out:1029 type:P dur:2 cpbdur:2 q:27.77 aq:17.23 tex:21954 mv:874 misc:572 imb:18 pmb:102 smb:3480 d:- ref:0 ;
in:1030 out:1030 type:B dur:2 cpbdur:2 q:27.83 aq:28.03 tex:8127 mv:796 misc:381 imb:0 pmb:62 smb:3538 d:- ref:0 ;
in:1029 out:1031 type:b dur:2 cpbdur:2 q:27.85 aq:29.12 tex:3775 mv:512 misc:337 imb:0 pmb:47 smb:3553 d:- ref:0 ;
in:1031 out:1032 type:b dur:2 cpbdur:2 q:27.80 aq:29.72 tex:3492 mv:477 misc:351 imb:0 pmb:57 smb:3543 d:- ref:0 ;
in:1036 out:1033 type:P dur:2 cpbdur:2 q:27.78 aq:16.82 tex:24614 mv:918 misc:572 imb:17 pmb:103 smb:3480 d:- ref:0 ;
in:1034 out:1034 type:B dur:2 cpbdur:2 q:27.78 aq:27.79 tex:6139 mv:594 misc:395 imb:0 pmb:62 smb:3538 d:- ref:0 ;
in:1033 out:1035 type:b dur:2 cpbdur:2 q:27.77 aq:29.21 tex:4274 mv:476 misc:386 imb:0 pmb:63 smb:3537 d:- ref:0 ;
in:1035 out:1036 type:b dur:2 cpbdur:2 q:27.78 aq:29.62 tex:2870 mv:383 misc:331 imb:0 pmb:41 smb:3559 d:- ref:0 ;
in:1040 out:1037 type:P dur:2 cpbdur:2 q:27.68 aq:16.64 tex:19339 mv:650 misc:603 imb:7 pmb:106 smb:3487 d:- ref:0 ;
in:1038 out:1038 type:B dur:2 cpbdur:2 q:27.73 aq:28.32 tex:7043 mv:684 misc:361 imb:0 pmb:53 smb:3547 d:- ref:0 ;
in:1037 out:1039 type:b dur:2 cpbdur:2 q:27.75 aq:29.79 tex:2558 mv:340 misc:326 imb:0 pmb:39 smb:3561 d:- ref:0 ;
in:1039 out:1040 type:b dur:2 cpbdur:2 q:27.71 aq:25.94 tex:3753 mv:466 misc:341 imb:1 pmb:42 smb:3557 d:- ref:0 ;
in:1044 out:1041 type:P dur:2 cpbdur:2 q:27.59 aq:17.89 tex:20911 mv:777 misc:584 imb:11 pmb:108 smb:3481 d:- ref:0 ;
in:1042 out:1042 type:B dur:2 cpbdur:2 q:27.63 aq:26.83 tex:8458 mv:776 misc:390 imb:0 pmb:62 smb:3538 d:- ref:0 ;
in:1041 out:1043 type:b dur:2 cpbdur:2 q:27.66 aq:27.61 tex:4070 mv:488 misc:362 imb:0 pmb:54 smb:3546 d:- ref:0 ;
in:1043 out:1044 type:b dur:2 cpbdur:2 q:27.61 aq:29.38 tex:4485 mv:603 misc:352 imb:0 pmb:53 smb:3547 d:- ref:0 ;
in:1048 out:1045 type:P dur:2 cpbdur:2 q:27.48 aq:16.70 tex:21263 mv:763 misc:638 imb:18 pmb:98 smb:3484 d:- ref:0 ;
in:1046 out:1046 type:B dur:2 cpbdur:2 q:27.53 aq:27.35 tex:8571 mv:768 misc:389 imb:1 pmb:60 smb:3539 d:- ref:0 ;
in:1045 out:1047 type:b dur:2 cpbdur:2 q:27.56 aq:29.20 tex:4011 mv:603 misc:378 imb:0 pmb:53 smb:3547 d:- ref:0 ;
in:1047 out:1048 type:b dur:2 cpbdur:2 q:27.50 aq:26.14 tex:4341 mv:496 misc:371 imb:1 pmb:49 smb:3550 d:- ref:0 ;
in:1052 out:1049 type:P dur:2 cpbdur:2 q:27.36 aq:17.92 tex:17469 mv:648 misc:651 imb:14 pmb:109 smb:3477 d:- ref:0 ;
in:1050 out:1050 type:B dur:2 cpbdur:2 q:27.42 aq:25.22 tex:6526 mv:659 misc:375 imb:1 pmb:51 smb:3548 d:- ref:0 ;
in:1049 out:1051 type:b dur:2 cpbdur:2 q:27.45 aq:26.29 tex:3940 mv:583 misc:325 imb:0 pmb:43 smb:3557 d:- ref:0 ;
in:1051 out:1052 type:b dur:2 cpbdur:2 q:27.39 aq:27.81 tex:4084 mv:437 misc:367 imb:0 pmb:48 smb:3552 d:- ref:0 ;
in:1056 out:1053 type:P dur:2 cpbdur:2 q:27.24 aq:17.19 tex:17693 mv:713 misc:610 imb:15 pmb:99 smb:3486 d:- ref:0 ;
in:1054 out:1054 type:B dur:2 cpbdur:2 q:27.30 aq:19.54 tex:7010 mv:701 misc:369 imb:2 pmb:50 smb:3548 d:- ref:0 ;
in:1053 out:1055 type:b dur:2 cpbdur:2 q:27.33 aq:29.03 tex:3989 mv:535 misc:348 imb:0 pmb:43 smb:3557 d:- ref:0 ;
in:1055 out:1056 type:b dur:2 cpbdur:2 q:27.27 aq:28.38 tex:4424 mv:456 misc:320 imb:0 pmb:44 smb:3556 d:- ref:0 ;
in:1060 out:1057 type:P dur:2 cpbdur:2 q:27.13 aq:16.94 tex:20449 mv:670 misc:617 imb:15 pmb:102 smb:3483 d:- ref:0 ;
in:1058 out:1058 type:B dur:2 cpbdur:2 q:27.18 aq:22.18 tex:5244 mv:531 misc:369 imb:0 pmb:51 smb:3549 d:- ref:0 ;
in:1057 out:1059 type:b dur:2 cpbdur:2 q:27.21 aq:26.57 tex:2795 mv:440 misc:333 imb:0 pmb:43 smb:3557 d:- ref:0 ;
in:1059 out:1060 type:b dur:2 cpbdur:2 q:27.16 aq:26.55 tex:2849 mv:415 misc:328 imb:0 pmb:40 smb:3560 d:- ref:0 ;
in:1064 out:1061 type:P dur:2 cpbdur:2 q:27.02 aq:17.59 tex:17921 mv:598 misc:633 imb:14 pmb:101 smb:3485 d:- ref:0 ;
in:1062 out:1062 type:B dur:2 cpbdur:2 q:27.08 aq:24.77 tex:6033 mv:553 misc:366 imb:0 pmb:53 smb:3547 d:- ref:0 ;
in:1061 out:1063 type:b dur:2 cpbdur:2 q:27.10 aq:26.25 tex:3511 mv:392 misc:305 imb:0 pmb:34 smb:3566 d:- ref:0 ;
in:1063 out:1064 type:b dur:2 cpbdur:2 q:27.05 aq:26.31 tex:3022 mv:400 misc:322 imb:0 pmb:39 smb:3561 d:- ref:0 ;
in:1068 out:1065 type:P dur:2 cpbdur:2 q:26.90 aq:17.70 tex:17351 mv:631 misc:666 imb:11 pmb:101 smb:3488 d:- ref:0 ;
in:1066 out:1066 type:B dur:2 cpbdur:2 q:26.96 aq:25.43 tex:7468 mv:730 misc:346 imb:0 pmb:53 smb:3547 d:- ref:0 ;
in:1065 out:1067 type:b dur:2 cpbdur:2 q:26.99 aq:26.36 tex:3275 mv:435 misc:322 imb:0 pmb:42 smb:3558 d:- ref:0 ;
in:1067 out:1068 type:b dur:2 cpbdur:2 q:26.93 aq:23.48 tex:2782 mv:452 misc:310 imb:0 pmb:39 smb:3561 d:- ref:0 ;
in:1072 out:1069 type:P dur:2 cpbdur:2 q:26.79 aq:18.66 tex:17190 mv:737 misc:713 imb:14 pmb:112 smb:3474 d:- ref:0 ;
in:1070 out:1070 type:B dur:2 cpbdur:2 q:26.84 aq:25.95 tex:5979 mv:547 misc:370 imb:0 pmb:50 smb:3550 d:- ref:0 ;
in:1069 out:1071 type:b dur:2 cpbdur:2 q:26.87 aq:26.48 tex:3448 mv:388 misc:308 imb:0 pmb:36 smb:3564 d:- ref:0 ;
in:1071 out:1072 type:b dur:2 cpbdur:2 q:26.82 aq:25.93 tex:4009 mv:439 misc:360 imb:0 pmb:43 smb:3557 d:- ref:0 ;
in:1076 out:1073 type:P dur:2 cpbdur:2 q:26.67 aq:16.22 tex:26459 mv:812 misc:769 imb:21 pmb:135 smb:3444 d:- ref:0 ;
in:1074 out:1074 type:B dur:2 cpbdur:2 q:26.73 aq:20.81 tex:8199 mv:726 misc:419 imb:0 pmb:71 smb:3529 d:- ref:0 ;
in:1073 out:1075 type:b dur:2 cpbdur:2 q:26.76 aq:26.23 tex:3143 mv:409 misc:344 imb:0 pmb:44 smb:3556 d:- ref:0 ;
in:1075 out:1076 type:b dur:2 cpbdur:2 q:26.70 aq:27.41 tex:5710 mv:656 misc:426 imb:2 pmb:76 smb:3522 d:- ref:0 ;
in:1079 out:1077 type:P dur:2 cpbdur:2 q:26.56 aq:26.11 tex:6251 mv:416 misc:373 imb:9 pmb:36 smb:3555 d:- ref:0 ;
in:1077 out:1078 type:B dur:2 cpbdur:2 q:26.64 aq:25.32 tex:3437 mv:432 misc:347 imb:0 pmb:42 smb:3558 d:- ref:0 ;
in:1078 out:1079 type:b dur:2 cpbdur:2 q:26.60 aq:26.14 tex:3143 mv:370 misc:319 imb:2 pmb:36 smb:3562 d:- ref:0 ;
in:1080 out:1080 type:I dur:2 cpbdur:2 q:24.15 aq:13.54 tex:976056 mv:93934 misc:530 imb:3600 pmb:0 smb:0 d:- ref:;
in:1084 out:1081 type:P dur:2 cpbdur:2 q:27.45 aq:16.50 tex:48653 mv:1538 misc:921 imb:120 pmb:168 smb:3312 d:- ref:0 ;
in:1082 out:1082 type:B dur:2 cpbdur:2 q:27.45 aq:19.58 tex:5858 mv:679 misc:527 imb:3 pmb:116 smb:3481 d:- ref:0 ;
in:1081 out:1083 type:b dur:2 cpbdur:2 q:27.45 aq:26.73 tex:2316 mv:403 misc:313 imb:0 pmb:31 smb:3569 d:- ref:0 ;
in:1083 out:1084 type:b dur:2 cpbdur:2 q:27.45 aq:25.37 tex:3815 mv:687 misc:474 imb:7 pmb:96 smb:3497 d:- ref:0 ;
in:1088 out:1085 type:P dur:2 cpbdur:2 q:27.37 aq:15.59 tex:13860 mv:605 misc:687 imb:8 pmb:108 smb:3484 d:- ref:0 ;
in:1086 out:1086 type:B dur:2 cpbdur:2 q:27.41 aq:25.07 tex:6738 mv:655 misc:343 imb:0 pmb:49 smb:3551 d:- ref:0 ;
in:1085 out:1087 type:b dur:2 cpbdur:2 q:27.43 aq:26.98 tex:2877 mv:414 misc:325 imb:0 pmb:39 smb:3561 d:- ref:0 ;
in:1087 out:1088 type:b dur:2 cpbdur:2 q:27.39 aq:26.81 tex:2782 mv:356 misc:326 imb:0 pmb:36 smb:3564 d:- ref:0 ;
in:1092 out:1089 type:P dur:2 cpbdur:2 q:27.26 aq:15.78 tex:16755 mv:672 misc:581 imb:17 pmb:74 smb:3509 d:- ref:0 ;
in:1090 out:1090 type:B dur:2 cpbdur:2 q:27.32 aq:24.75 tex:6424 mv:614 misc:338 imb:0 pmb:55 smb:3545 d:- ref:0 ;
in:1089 out:1091 type:b dur:2 cpbdur:2 q:27.35 aq:27.02 tex:3370 mv:361 misc:325 imb:1 pmb:37 smb:3562 d:- ref:0 ;
in:1091 out:1092 type:b dur:2 cpbdur:2 q:27.29 aq:26.18 tex:2772 mv:418 misc:346 imb:0 pmb:41 smb:3559 d:- ref:0 ;
in:1096 out:1093 type:P dur:2 cpbdur:2 q:27.27 aq:16.99 tex:17425 mv:678 misc:577 imb:13 pmb:94 smb:3493 d:- ref:0 ;
in:1094 out:1094 type:B dur:2 cpbdur:2 q:27.27 aq:26.16 tex:7953 mv:841 misc:374 imb:0 pmb:60 smb:3540 d:- ref:0 ;
in:1093 out:1095 type:b dur:2 cpbdur:2 q:27.26 aq:25.25 tex:2440 mv:464 misc:352 imb:0 pmb:51 smb:3549 d:- ref:0 ;
in:1095 out:1096 type:b dur:2 cpbdur:2 q:27.27 aq:22.55 tex:2557 mv:439 misc:348 imb:0 pmb:47 smb:3553 d:- ref:0 ;
in:1100 out:1097 type:P dur:2 cpbdur:2 q:27.15 aq:15.26 tex:19499 mv:799 misc:614 imb:20 pmb:90 smb:3490 d:- ref:0 ;
in:1098 out:1098 type:B dur:2 cpbdur:2 q:27.21 aq:25.23 tex:8678 mv:793 misc:377 imb:2 pmb:57 smb:3541 d:- ref:0 ;
in:1097 out:1099 type:b dur:2 cpbdur:2 q:27.24 aq:27.54 tex:4363 mv:515 misc:346 imb:0 pmb:48 smb:3552 d:- ref:0 ;
in:1099 out:1100 type:b dur:2 cpbdur:2 q:27.18 aq:23.22 tex:3366 mv:482 misc:352 imb:0 pmb:49 smb:3551 d:- ref:0 ;
in:1104 out:1101 type:P dur:2 cpbdur:2 q:27.04 aq:15.92 tex:20617 mv:663 misc:600 imb:15 pmb:93 smb:3492 d:- ref:0 ;
in:1102 out:1102 type:B dur:2 cpbdur:2 q:27.09 aq:19.66 tex:8508 mv:761 misc:395 imb:2 pmb:64 smb:3534 d:- ref:0 ;
in:1101 out:1103 type:b dur:2 cpbdur:2 q:27.12 aq:25.96 tex:3101 mv:468 misc:367 imb:0 pmb:48 smb:3552 d:- ref:0 ;
in:1103 out:1104 type:b dur:2 cpbdur:2 q:27.07 aq:22.99 tex:3008 mv:416 misc:384 imb:0 pmb:50 smb:3550 d:- ref:0 ;
in:1108 out:1105 type:P dur:2 cpbdur:2 q:26.94 aq:15.40 tex:22357 mv:634 misc:657 imb:12 pmb:110 smb:3478 d:- ref:0 ;
in:1106 out:1106 type:B dur:2 cpbdur:2 q:26.99 aq:24.51 tex:6192 mv:656 misc:392 imb:1 pmb:58 smb:3541 d:- ref:0 ;
in:1105 out:1107 type:b dur:2 cpbdur:2 q:27.02 aq:26.27 tex:3668 mv:476 misc:392 imb:0 pmb:60 smb:3540 d:- ref:0 ;
in:1107 out:1108 type:b dur:2 cpbdur:2 q:26.96 aq:26.22 tex:2677 mv:388 misc:335 imb:0 pmb:36 smb:3564 d:- ref:0 ;
in:1112 out:1109 type:P dur:2 cpbdur:2 q:26.82 aq:12.86 tex:12197 mv:531 misc:680 imb:9 pmb:94 smb:3497 d:- ref:0 ;
in:1110 out:1110 type:B dur:2 cpbdur:2 q:26.88 aq:23.41 tex:5558 mv:455 misc:339 imb:0 pmb:41 smb:3559 d:- ref:0 ;
in:1109 out:1111 type:b dur:2 cpbdur:2 q:26.91 aq:25.98 tex:2901 mv:378 misc:305 imb:0 pmb:34 smb:3566 d:- ref:0 ;
in:1111 out:1112 type:b dur:2 cpbdur:2 q:26.85 aq:25.88 tex:2802 mv:323 misc:291 imb:0 pmb:29 smb:3571 d:- ref:0 ;
in:1116 out:1113 type:P dur:2 cpbdur:2 q:26.70 aq:15.25 tex:11334 mv:490 misc:656 imb:7 pmb:89 smb:3504 d:- ref:0 ;
in:1114 out:1114 type:B dur:2 cpbdur:2 q:26.76 aq:24.67 tex:4647 mv:429 misc:300 imb:1 pmb:27 smb:3572 d:- ref:0 ;
in:1113 out:1115 type:b dur:2 cpbdur:2 q:26.79 aq:26.19 tex:2910 mv:339 misc:279 imb:0 pmb:25 smb:3575 d:- ref:0 ;
in:1115 out:1116 type:b dur:2 cpbdur:2 q:26.73 aq:26.15 tex:3013 mv:366 misc:277 imb:0 pmb:26 smb:3574 d:- ref:0 ;
in:1120 out:1117 type:P dur:2 cpbdur:2 q:26.58 aq:15.11 tex:10974 mv:433 misc:609 imb:7 pmb:70 smb:3523 d:- ref:0 ;
in:1118 out:1118 type:B dur:2 cpbdur:2 q:26.64 aq:22.94 tex:5066 mv:406 misc:304 imb:0 pmb:30 smb:3570 d:- ref:0 ;
in:1117 out:1119 type:b dur:2 cpbdur:2 q:26.67 aq:25.28 tex:2706 mv:314 misc:276 imb:0 pmb:28 smb:3572 d:- ref:0 ;
in:1119 out:1120 type:b dur:2 cpbdur:2 q:26.61 aq:24.48 tex:3178 mv:335 misc:279 imb:1 pmb:27 smb:3572 d:- ref:0 ;
in:1124 out:1121 type:P dur:2 cpbdur:2 q:26.46 aq:15.61 tex:12511 mv:552 misc:601 imb:8 pmb:77 smb:3515 d:- ref:0 ;
in:1122 out:1122 type:B dur:2 cpbdur:2 q:26.52 aq:25.95 tex:6037 mv:550 misc:317 imb:0 pmb:36 smb:3564 d:- ref:0 ;
in:1121 out:1123 type:b dur:2 cpbdur:2 q:26.55 aq:26.00 tex:2675 mv:360 misc:301 imb:0 pmb:32 smb:3568 d:- ref:0 ;
in:1123 out:1124 type:b dur:2 cpbdur:2 q:26.49 aq:25.97 tex:2684 mv:352 misc:300 imb:0 pmb:34 smb:3566 d:- ref:0 ;
in:1128 out:1125 type:P dur:2 cpbdur:2 q:26.33 aq:14.78 tex:15473 mv:554 misc:669 imb:15 pmb:88 smb:3497 d:- ref:0 ;
in:1126 out:1126 type:B dur:2 cpbdur:2 q:26.40 aq:22.29 tex:6732 mv:565 misc:335 imb:1 pmb:41 smb:3558 d:- ref:0 ;
in:1125 out:1127 type:b dur:2 cpbdur:2 q:26.43 aq:25.19 tex:2536 mv:342 misc:306 imb:0 pmb:36 smb:3564 d:- ref:0 ;
in:1127 out:1128 type:b dur:2 cpbdur:2 q:26.37 aq:27.45 tex:3042 mv:369 misc:309 imb:0 pmb:39 smb:3561 d:- ref:0 ;
in:1132 out:1129 type:P dur:2 cpbdur:2 q:26.21 aq:15.70 tex:13472 mv:587 misc:725 imb:15 pmb:92 smb:3493 d:- ref:0 ;
in:1130 out:1130 type:B dur:2 cpbdur:2 q:26.27 aq:20.50 tex:6128 mv:534 misc:354 imb:0 pmb:42 smb:3558 d:- ref:0 ;
in:1129 out:1131 type:b dur:2 cpbdur:2 q:26.30 aq:21.32 tex:2461 mv:322 misc:329 imb:0 pmb:39 smb:3561 d:- ref:0 ;
in:1131 out:1132 type:b dur:2 cpbdur:2 q:26.24 aq:25.16 tex:3023 mv:320 misc:305 imb:0 pmb:35 smb:3565 d:- ref:0 ;
in:1136 out:1133 type:P dur:2 cpbdur:2 q:26.08 aq:15.13 tex:17778 mv:528 misc:654 imb:14 pmb:82 smb:3504 d:- ref:0 ;
in:1134 out:1134 type:B dur:2 cpbdur:2 q:26.14 aq:22.37 tex:5883 mv:447 misc:382 imb:0 pmb:52 smb:3548 d:- ref:0 ;
in:1133 out:1135 type:b dur:2 cpbdur:2 q:26.18 aq:26.25 tex:5092 mv:402 misc:362 imb:0 pmb:53 smb:3547 d:- ref:0 ;
in:1135 out:1136 type:b dur:2 cpbdur:2 q:26.11 aq:23.67 tex:3627 mv:298 misc:323 imb:0 pmb:36 smb:3564 d:- ref:0 ;
in:1139 out:1137 type:P dur:2 cpbdur:2 q:25.97 aq:23.85 tex:5224 mv:287 misc:313 imb:2 pmb:25 smb:3573 d:- ref:0 ;
in:1137 out:1138 type:B dur:2 cpbdur:2 q:26.04 aq:22.08 tex:3529 mv:328 misc:287 imb:0 pmb:25 smb:3575 d:- ref:0 ;
in:1138 out:1139 type:b dur:2 cpbdur:2 q:26.00 aq:21.31 tex:3287 mv:345 misc:272 imb:0 pmb:27 smb:3573 d:- ref:0 ;
in:1140 out:1140 type:I dur:2 cpbdur:2 q:23.59 aq:13.28 tex:986354 mv:93946 misc:564 imb:3600 pmb:0 smb:0 d:- ref:;
in:1144 out:1141 type:P dur:2 cpbdur:2 q:26.89 aq:16.47 tex:10653 mv:453 misc:638 imb:13 pmb:74 smb:3513 d:- ref:0 ;
in:1142 out:1142 type:B dur:2 cpbdur:2 q:26.89 aq:22.90 tex:4360 mv:437 misc:291 imb:0 pmb:30 smb:3570 d:- ref:0 ;
in:1141 out:1143 type:b dur:2 cpbdur:2 q:26.89 aq:25.67 tex:2224 mv:339 misc:277 imb:1 pmb:23 smb:3576 d:- ref:0 ;
in:1143 out:1144 type:b dur:2 cpbdur:2 q:26.89 aq:24.45 tex:2202 mv:364 misc:282 imb:1 pmb:28 smb:3571 d:- ref:0 ;
in:1148 out:1145 type:P dur:2 cpbdur:2 q:26.77 aq:15.24 tex:9483 mv:381 misc:432 imb:6 pmb:51 smb:3543 d:- ref:0 ;
in:1146 out:1146 type:B dur:2 cpbdur:2 q:26.83 aq:23.63 tex:4234 mv:380 misc:306 imb:0 pmb:30 smb:3570 d:- ref:0 ;
in:1145 out:1147 type:b dur:2 cpbdur:2 q:26.86 aq:25.58 tex:2365 mv:254 misc:285 imb:0 pmb:27 smb:3573 d:- ref:0 ;
in:1147 out:1148 type:b dur:2 cpbdur:2 q:26.80 aq:26.04 tex:2308 mv:275 misc:281 imb:0 pmb:27 smb:3573 d:- ref:0 ;
in:1152 out:1149 type:P dur:2 cpbdur:2 q:26.64 aq:17.08 tex:11387 mv:404 misc:441 imb:5 pmb:58 smb:3537 d:- ref:0 ;
in:1150 out:1150 type:B dur:2 cpbdur:2 q:26.70 aq:23.73 tex:4910 mv:400 misc:330 imb:0 pmb:35 smb:3565 d:- ref:0 ;
in:1149 out:1151 type:b dur:2 cpbdur:2 q:26.74 aq:25.64 tex:2560 mv:307 misc:277 imb:0 pmb:26 smb:3574 d:- ref:0 ;
in:1151 out:1152 type:b dur:2 cpbdur:2 q:26.67 aq:25.68 tex:2485 mv:296 misc:307 imb:0 pmb:34 smb:3566 d:- ref:0 ;
in:1156 out:1153 type:P dur:2 cpbdur:2 q:26.61 aq:18.60 tex:14007 mv:425 misc:392 imb:11 pmb:45 smb:3544 d:- ref:0 ;
in:1154 out:1154 type:B dur:2 cpbdur:2 q:26.63 aq:25.05 tex:6524 mv:545 misc:339 imb:0 pmb:45 smb:3555 d:- ref:0 ;
in:1153 out:1155 type:b dur:2 cpbdur:2 q:26.63 aq:25.56 tex:2463 mv:343 misc:314 imb:0 pmb:38 smb:3562 d:- ref:0 ;
in:1155 out:1156 type:b dur:2 cpbdur:2 q:26.62 aq:27.12 tex:4258 mv:344 misc:318 imb:0 pmb:34 smb:3566 d:- ref:0 ;
in:1160 out:1157 type:P dur:2 cpbdur:2 q:26.49 aq:18.92 tex:13931 mv:428 misc:417 imb:5 pmb:49 smb:3546 d:- ref:0 ;
in:1158 out:1158 type:B dur:2 cpbdur:2 q:26.55 aq:25.19 tex:5921 mv:449 misc:334 imb:0 pmb:39 smb:3561 d:- ref:0 ;
in:1157 out:1159 type:b dur:2 cpbdur:2 q:26.58 aq:27.60 tex:2485 mv:309 misc:310 imb:0 pmb:31 smb:3569 d:- ref:0 ;
in:1159 out:1160 type:b dur:2 cpbdur:2 q:26.52 aq:25.59 tex:2535 mv:284 misc:317 imb:0 pmb:34 smb:3566 d:- ref:0 ;
in:1164 out:1161 type:P dur:2 cpbdur:2 q:26.37 aq:19.81 tex:56283 mv:1822 misc:1855 imb:122 pmb:463 smb:3015 d:- ref:0 ;
in:1162 out:1162 type:B dur:2 cpbdur:2 q:26.43 aq:24.21 tex:1026 mv:256 misc:894 imb:0 pmb:170 smb:3430 d:- ref:0 ;
in:1161 out:1163 type:b dur:2 cpbdur:2 q:26.46 aq:25.27 tex:1249 mv:164 misc:411 imb:0 pmb:61 smb:3539 d:- ref:0 ;
in:1163 out:1164 type:b dur:2 cpbdur:2 q:26.40 aq:24.54 tex:398 mv:176 misc:610 imb:0 pmb:92 smb:3508 d:- ref:0 ;
in:1166 out:1165 type:P dur:2 cpbdur:2 q:26.29 aq:19.61 tex:45014 mv:1765 misc:2005 imb:134 pmb:540 smb:2926 d:- ref:0 ;
in:1165 out:1166 type:b dur:2 cpbdur:2 q:26.33 aq:27.76 tex:1681 mv:441 misc:782 imb:14 pmb:144 smb:3442 d:- ref:0 ;
in:1167 out:1167 type:P dur:2 cpbdur:2 q:26.25 aq:19.71 tex:36853 mv:1581 misc:1846 imb:108 pmb:464 smb:3028 d:- ref:0 ;
in:1168 out:1168 type:P dur:2 cpbdur:2 q:26.24 aq:20.42 tex:36063 mv:1645 misc:1892 imb:109 pmb:484 smb:3007 d:- ref:0 ;
in:1169 out:1169 type:P dur:2 cpbdur:2 q:26.23 aq:20.56 tex:42719 mv:2450 misc:2047 imb:185 pmb:556 smb:2859 d:- ref:0 ;
in:1170 out:1170 type:P dur:2 cpbdur:2 q:26.22 aq:20.20 tex:44949 mv:1897 misc:2146 imb:114 pmb:629 smb:2857 d:- ref:0 ;
in:1171 out:1171 type:P dur:2 cpbdur:2 q:26.21 aq:20.37 tex:54521 mv:2626 misc:2261 imb:180 pmb:637 smb:2783 d:- ref:0 ;
in:1172 out:1172 type:P dur:2 cpbdur:2 q:26.21 aq:20.45 tex:59837 mv:2769 misc:2242 imb:185 pmb:712 smb:2703 d:- ref:0 ;
in:1173 out:1173 type:P dur:2 cpbdur:2 q:26.24 aq:20.77 tex:60570 mv:3268 misc:2258 imb:209 pmb:718 smb:2673 d:- ref:0 ;
in:1174 out:1174 type:P dur:2 cpbdur:2 q:26.23 aq:21.85 tex:55357 mv:3224 misc:2363 imb:211 pmb:727 smb:2662 d:- ref:0 ;
in:1175 out:1175 type:P dur:2 cpbdur:2 q:26.23 aq:20.61 tex:61413 mv:3470 misc:2309 imb:256 pmb:708 smb:2636 d:- ref:0 ;
in:1176 out:1176 type:P dur:2 cpbdur:2 q:26.23 aq:21.47 tex:75225 mv:4420 misc:2467 imb:325 pmb:844 smb:2431 d:- ref:0 ;
in:1177 out:1177 type:P dur:2 cpbdur:2 q:26.27 aq:20.44 tex:67744 mv:3982 misc:2354 imb:256 pmb:786 smb:2558 d:- ref:0 ;
in:1178 out:1178 type:P dur:2 cpbdur:2 q:26.28 aq:20.65 tex:66212 mv:3649 misc:2283 imb:237 pmb:792 smb:2571 d:- ref:0 ;
in:1179 out:1179 type:P dur:2 cpbdur:2 q:26.31 aq:21.25 tex:61744 mv:4027 misc:2461 imb:265 pmb:791 smb:2544 d:- ref:0 ;
in:1180 out:1180 type:P dur:2 cpbdur:2 q:26.35 aq:21.20 tex:71476 mv:4010 misc:2378 imb:256 pmb:828 smb:2516 d:- ref:0 ;
in:1181 out:1181 type:P dur:2 cpbdur:2 q:26.40 aq:22.09 tex:74391 mv:4199 misc:2370 imb:284 pmb:850 smb:2466 d:- ref:0 ;
in:1182 out:1182 type:P dur:2 cpbdur:2 q:26.44 aq:21.14 tex:77763 mv:4405 misc:2384 imb:322 pmb:839 smb:2439 d:- ref:0 ;
in:1183 out:1183 type:P dur:2 cpbdur:2 q:26.50 aq:20.67 tex:73108 mv:4652 misc:2392 imb:321 pmb:810 smb:2469 d:- ref:0 ;
in:1184 out:1184 type:P dur:2 cpbdur:2 q:26.57 aq:21.77 tex:80610 mv:4451 misc:2315 imb:301 pmb:826 smb:2473 d:- ref:0 ;
in:1185 out:1185 type:P dur:2 cpbdur:2 q:26.63 aq:21.71 tex:71513 mv:4396 misc:2323 imb:313 pmb:845 smb:2442 d:- ref:0 ;
in:1186 out:1186 type:P dur:2 cpbdur:2 q:26.69 aq:21.11 tex:79219 mv:4798 misc:2303 imb:296 pmb:896 smb:2408 d:- ref:0 ;
in:1187 out:1187 type:P dur:2 cpbdur:2 q:26.75 aq:22.28 tex:87585 mv:5477 misc:2242 imb:405 pmb:915 smb:2280 d:- ref:0 ;
in:1188 out:1188 type:P dur:2 cpbdur:2 q:26.82 aq:20.69 tex:96020 mv:5760 misc:2252 imb:411 pmb:954 smb:2235 d:- ref:0 ;
in:1192 out:1189 type:P dur:2 cpbdur:2 q:26.90 aq:22.40 tex:181257 mv:11944 misc:1607 imb:956 pmb:1247 smb:1397 d:- ref:0 ;
in:1190 out:1190 type:B dur:2 cpbdur:2 q:26.86 aq:24.87 tex:55168 mv:7689 misc:2359 imb:332 pmb:1161 smb:2107 d:- ref:0 ;
in:1189 out:1191 type:b dur:2 cpbdur:2 q:26.84 aq:26.90 tex:11363 mv:2392 misc:1949 imb:81 pmb:643 smb:2876 d:- ref:0 ;
in:1191 out:1192 type:b dur:2 cpbdur:2 q:26.88 aq:24.85 tex:12073 mv:3283 misc:1980 imb:140 pmb:627 smb:2833 d:- ref:0 ;
in:1193 out:1193 type:P dur:2 cpbdur:2 q:27.06 aq:22.18 tex:90250 mv:5732 misc:2106 imb:373 pmb:994 smb:2233 d:- ref:0 ;
in:1197 out:1194 type:P dur:2 cpbdur:2 q:27.13 aq:21.98 tex:164070 mv:10894 misc:1740 imb:806 pmb:1206 smb:1588 d:- ref:0 ;
in:1195 out:1195 type:B dur:2 cpbdur:2 q:27.09 aq:25.53 tex:52069 mv:7612 misc:2199 imb:288 pmb:1066 smb:2246 d:- ref:0 ;
in:1194 out:1196 type:b dur:2 cpbdur:2 q:27.08 aq:27.61 tex:11494 mv:2148 misc:1742 imb:62 pmb:515 smb:3023 d:- ref:0 ;
in:1196 out:1197 type:b dur:2 cpbdur:2 q:27.11 aq:26.49 tex:13850 mv:2936 misc:1974 imb:114 pmb:648 smb:2838 d:- ref:0 ;
in:1199 out:1198 type:P dur:2 cpbdur:2 q:27.26 aq:25.88 tex:79489 mv:8225 misc:1982 imb:684 pmb:928 smb:1988 d:- ref:0 ;
in:1198 out:1199 type:b dur:2 cpbdur:2 q:27.19 aq:26.63 tex:11857 mv:2803 misc:1908 imb:116 pmb:580 smb:2904 d:- ref:0 ;
in:1200 out:1200 type:I dur:2 cpbdur:2 q:23.81 aq:17.93 tex:673885 mv:70752 misc:531 imb:3600 pmb:0 smb:0 d:- ref:;
in:1201 out:1201 type:P dur:2 cpbdur:2 q:27.96 aq:22.74 tex:71857 mv:4698 misc:2237 imb:357 pmb:773 smb:2470 d:- ref:0 ;
in:1205 out:1202 type:P dur:2 cpbdur:2 q:28.03 aq:22.44 tex:143679 mv:10828 misc:1741 imb:857 pmb:1135 smb:1608 d:- ref:0 ;
in:1203 out:1203 type:B dur:2 cpbdur:2 q:27.99 aq:26.22 tex:45611 mv:7495 misc:2302 imb:323 pmb:999 smb:2278 d:- ref:0 ;
in:1202 out:1204 type:b dur:2 cpbdur:2 q:27.98 aq:26.51 tex:13457 mv:3315 misc:1924 imb:169 pmb:556 smb:2875 d:- ref:0 ;
in:1204 out:1205 type:b dur:2 cpbdur:2 q:28.01 aq:27.72 tex:14881 mv:3724 misc:1923 imb:148 pmb:631 smb:2821 d:- ref:0 ;
in:1209 out:1206 type:P dur:2 cpbdur:2 q:28.15 aq:24.49 tex:128815 mv:10733 misc:1812 imb:872 pmb:1136 smb:1592 d:- ref:0 ;
in:1207 out:1207 type:B dur:2 cpbdur:2 q:28.09 aq:26.65 tex:48220 mv:7846 misc:2366 imb:346 pmb:1008 smb:2246 d:- ref:0 ;
in:1206 out:1208 type:b dur:2 cpbdur:2 q:28.06 aq:26.89 tex:12743 mv:3310 misc:1955 imb:144 pmb:617 smb:2839 d:- ref:0 ;
in:1208 out:1209 type:b dur:2 cpbdur:2 q:28.12 aq:28.16 tex:13257 mv:3562 misc:1989 imb:160 pmb:620 smb:2820 d:- ref:0 ;
in:1210 out:1210 type:P dur:2 cpbdur:2 q:28.21 aq:22.81 tex:87261 mv:7042 misc:2289 imb:555 pmb:913 smb:2132 d:- ref:0 ;
in:1214 out:1211 type:P dur:2 cpbdur:2 q:28.25 aq:24.28 tex:129361 mv:10581 misc:1938 imb:838 pmb:1157 smb:1605 d:- ref:0 ;
in:1212 out:1212 type:B dur:2 cpbdur:2 q:28.23 aq:26.64 tex:50516 mv:8203 misc:2297 imb:372 pmb:1022 smb:2206 d:- ref:0 ;
in:1211 out:1213 type:b dur:2 cpbdur:2 q:28.22 aq:28.65 tex:15866 mv:3439 misc:1919 imb:173 pmb:561 smb:2866 d:- ref:0 ;
in:1213 out:1214 type:b dur:2 cpbdur:2 q:28.24 aq:28.62 tex:16853 mv:3987 misc:2024 imb:195 pmb:661 smb:2744 d:- ref:0 ;
in:1215 out:1215 type:P dur:2 cpbdur:2 q:28.41 aq:23.74 tex:86100 mv:6928 misc:2244 imb:577 pmb:940 smb:2083 d:- ref:0 ;
in:1219 out:1216 type:P dur:2 cpbdur:2 q:28.45 aq:23.23 tex:129672 mv:10665 misc:1863 imb:838 pmb:1163 smb:1599 d:- ref:0 ;
in:1217 out:1217 type:B dur:2 cpbdur:2 q:28.43 aq:26.28 tex:46996 mv:8385 misc:2331 imb:370 pmb:1053 smb:2177 d:- ref:0 ;
in:1216 out:1218 type:b dur:2 cpbdur:2 q:28.42 aq:28.13 tex:14111 mv:3749 misc:2012 imb:169 pmb:680 smb:2751 d:- ref:0 ;
in:1218 out:1219 type:b dur:2 cpbdur:2 q:28.44 aq:26.76 tex:14867 mv:4013 misc:1952 imb:182 pmb:656 smb:2762 d:- ref:0 ;
in:1223 out:1220 type:P dur:2 cpbdur:2 q:28.54 aq:24.11 tex:124159 mv:10263 misc:1978 imb:781 pmb:1120 smb:1699 d:- ref:0 ;
in:1221 out:1221 type:B dur:2 cpbdur:2 q:28.49 aq:26.42 tex:46290 mv:8629 misc:2233 imb:383 pmb:1002 smb:2215 d:- ref:0 ;
in:1220 out:1222 type:b dur:2 cpbdur:2 q:28.47 aq:28.83 tex:14315 mv:3514 misc:2019 imb:158 pmb:642 smb:2800 d:- ref:0 ;
in:1222 out:1223 type:b dur:2 cpbdur:2 q:28.52 aq:28.74 tex:14431 mv:4107 misc:1926 imb:166 pmb:621 smb:2813 d:- ref:0 ;
in:1224 out:1224 type:P dur:2 cpbdur:2 q:28.64 aq:24.01 tex:88256 mv:6996 misc:2196 imb:542 pmb:979 smb:2079 d:- ref:0 ;
in:1228 out:1225 type:P dur:2 cpbdur:2 q:28.68 aq:24.44 tex:134957 mv:11036 misc:1911 imb:898 pmb:1156 smb:1546 d:- ref:0 ;
in:1226 out:1226 type:B dur:2 cpbdur:2 q:28.66 aq:27.30 tex:42206 mv:8274 misc:2328 imb:371 pmb:1036 smb:2193 d:- ref:0 ;
in:1225 out:1227 type:b dur:2 cpbdur:2 q:28.65 aq:29.23 tex:16576 mv:3904 misc:1976 imb:175 pmb:690 smb:2735 d:- ref:0 ;
in:1227 out:1228 type:b dur:2 cpbdur:2 q:28.67 aq:28.81 tex:17801 mv:4032 misc:1863 imb:199 pmb:596 smb:2805 d:- ref:0 ;
in:1232 out:1229 type:P dur:2 cpbdur:2 q:28.81 aq:23.76 tex:138095 mv:11703 misc:1842 imb:946 pmb:1125 smb:1529 d:- ref:0 ;
in:1230 out:1230 type:B dur:2 cpbdur:2 q:28.74 aq:27.29 tex:40900 mv:9076 misc:2336 imb:409 pmb:1048 smb:2143 d:- ref:0 ;
in:1229 out:1231 type:b dur:2 cpbdur:2 q:28.71 aq:27.59 tex:15623 mv:3869 misc:2028 imb:200 pmb:649 smb:2751 d:- ref:0 ;
in:1231 out:1232 type:b dur:2 cpbdur:2 q:28.77 aq:27.15 tex:16109 mv:4292 misc:1999 imb:203 pmb:683 smb:2714 d:- ref:0 ;
in:1236 out:1233 type:P dur:2 cpbdur:2 q:28.92 aq:23.74 tex:126331 mv:10826 misc:1883 imb:818 pmb:1126 smb:1656 d:- ref:0 ;
in:1234 out:1234 type:B dur:2 cpbdur:2 q:28.86 aq:27.56 tex:43045 mv:8072 misc:2267 imb:357 pmb:907 smb:2336 d:- ref:0 ;
in:1233 out:1235 type:b dur:2 cpbdur:2 q:28.83 aq:28.96 tex:15642 mv:3943 misc:1959 imb:200 pmb:633 smb:2767 d:- ref:0 ;
in:1235 out:1236 type:b dur:2 cpbdur:2 q:28.89 aq:26.67 tex:17352 mv:4169 misc:1895 imb:225 pmb:566 smb:2809 d:- ref:0 ;
in:1240 out:1237 type:P dur:2 cpbdur:2 q:29.01 aq:24.17 tex:134569 mv:10990 misc:1793 imb:887 pmb:1133 smb:1580 d:- ref:0 ;
in:1238 out:1238 type:B dur:2 cpbdur:2 q:28.96 aq:27.51 tex:44422 mv:8864 misc:2258 imb:357 pmb:964 smb:2279 d:- ref:0 ;
in:1237 out:1239 type:b dur:2 cpbdur:2 q:28.94 aq:28.63 tex:14890 mv:3664 misc:1902 imb:193 pmb:548 smb:2859 d:- ref:0 ;
in:1239 out:1240 type:b dur:2 cpbdur:2 q:28.98 aq:28.88 tex:12448 mv:4044 misc:1940 imb:178 pmb:692 smb:2730 d:- ref:0 ;
in:1244 out:1241 type:P dur:2 cpbdur:2 q:29.10 aq:24.66 tex:128703 mv:10766 misc:1843 imb:812 pmb:1146 smb:1642 d:- ref:0 ;
in:1242 out:1242 type:B dur:2 cpbdur:2 q:29.05 aq:28.00 tex:41921 mv:8326 misc:2265 imb:352 pmb:958 smb:2290 d:- ref:0 ;
in:1241 out:1243 type:b dur:2 cpbdur:2 q:29.03 aq:29.00 tex:16168 mv:3978 misc:1918 imb:188 pmb:586 smb:2826 d:- ref:0 ;
in:1243 out:1244 type:b dur:2 cpbdur:2 q:29.07 aq:28.70 tex:14793 mv:4205 misc:1930 imb:214 pmb:543 smb:2843 d:- ref:0 ;
in:1248 out:1245 type:P dur:2 cpbdur:2 q:29.18 aq:24.59 tex:116705 mv:10576 misc:1927 imb:821 pmb:1148 smb:1631 d:- ref:0 ;
in:1246 out:1246 type:B dur:2 cpbdur:2 q:29.14 aq:28.41 tex:42500 mv:8048 misc:2340 imb:400 pmb:915 smb:2285 d:- ref:0 ;
in:1245 out:1247 type:b dur:2 cpbdur:2 q:29.12 aq:29.74 tex:16085 mv:3676 misc:1951 imb:188 pmb:583 smb:2829 d:- ref:0 ;
in:1247 out:1248 type:b dur:2 cpbdur:2 q:29.16 aq:29.49 tex:13422 mv:4311 misc:1915 imb:209 pmb:587 smb:2804 d:- ref:0 ;
in:1252 out:1249 type:P dur:2 cpbdur:2 q:29.27 aq:24.98 tex:117927 mv:10548 misc:1901 imb:755 pmb:1121 smb:1724 d:- ref:0 ;
in:1250 out:1250 type:B dur:2 cpbdur:2 q:29.23 aq:27.96 tex:41999 mv:8945 misc:2256 imb:412 pmb:955 smb:2233 d:- ref:0 ;
in:1249 out:1251 type:b dur:2 cpbdur:2 q:29.20 aq:28.89 tex:16508 mv:4389 misc:1927 imb:196 pmb:646 smb:2758 d:- ref:0 ;
in:1251 out:1252 type:b dur:2 cpbdur:2 q:29.25 aq:29.33 tex:15483 mv:3805 misc:1832 imb:203 pmb:549 smb:2848 d:- ref:0 ;
in:1256 out:1253 type:P dur:2 cpbdur:2 q:29.35 aq:24.52 tex:116023 mv:10643 misc:2030 imb:884 pmb:1034 smb:1682 d:- ref:0 ;
in:1254 out:1254 type:B dur:2 cpbdur:2 q:29.31 aq:28.34 tex:42571 mv:8252 misc:2193 imb:367 pmb:925 smb:2308 d:- ref:0 ;
in:1253 out:1255 type:b dur:2 cpbdur:2 q:29.29 aq:29.38 tex:14961 mv:3831 misc:1896 imb:188 pmb:602 smb:2810 d:- ref:0 ;
in:1255 out:1256 type:b dur:2 cpbdur:2 q:29.33 aq:29.67 tex:14670 mv:4180 misc:1942 imb:226 pmb:601 smb:2773 d:- ref:0 ;
in:1259 out:1257 type:P dur:2 cpbdur:2 q:29.41 aq:29.59 tex:36868 mv:6479 misc:1941 imb:524 pmb:722 smb:2354 d:- ref:0 ;
in:1257 out:1258 type:B dur:2 cpbdur:2 q:29.37 aq:30.53 tex:21758 mv:4506 misc:1848 imb:244 pmb:495 smb:2861 d:- ref:0 ;
in:1258 out:1259 type:b dur:2 cpbdur:2 q:29.39 aq:29.73 tex:17215 mv:4107 misc:1910 imb:157 pmb:640 smb:2803 d:- ref:0 ;
in:1260 out:1260 type:I dur:2 cpbdur:2 q:26.02 aq:20.39 tex:525792 mv:61558 misc:522 imb:3600 pmb:0 smb:0 d:- ref:;
in:1262 out:1261 type:P dur:2 cpbdur:2 q:29.78 aq:24.31 tex:75998 mv:7410 misc:2016 imb:651 pmb:876 smb:2073 d:- ref:0 ;
in:1261 out:1262 type:b dur:2 cpbdur:2 q:29.78 aq:30.10 tex:11902 mv:3554 misc:1720 imb:162 pmb:546 smb:2892 d:- ref:0 ;
in:1263 out:1263 type:P dur:2 cpbdur:2 q:29.83 aq:26.87 tex:57784 mv:5477 misc:2115 imb:549 pmb:734 smb:2317 d:- ref:0 ;
in:1267 out:1264 type:P dur:2 cpbdur:2 q:29.85 aq:26.69 tex:77930 mv:8951 misc:2023 imb:701 pmb:957 smb:1942 d:- ref:0 ;
in:1265 out:1265 type:B dur:2 cpbdur:2 q:29.84 aq:29.03 tex:34314 mv:7016 misc:2134 imb:324 pmb:784 smb:2492 d:- ref:0 ;
in:1264 out:1266 type:b dur:2 cpbdur:2 q:29.84 aq:30.46 tex:10777 mv:3450 misc:1669 imb:162 pmb:480 smb:2958 d:- ref:0 ;
in:1266 out:1267 type:b dur:2 cpbdur:2 q:29.85 aq:29.95 tex:10990 mv:3389 misc:1741 imb:174 pmb:483 smb:2943 d:- ref:0 ;
in:1268 out:1268 type:P dur:2 cpbdur:2 q:29.91 aq:27.09 tex:47867 mv:5378 misc:2131 imb:500 pmb:664 smb:2436 d:- ref:0 ;
in:1269 out:1269 type:P dur:2 cpbdur:2 q:29.92 aq:27.02 tex:46297 mv:4715 misc:2012 imb:427 pmb:626 smb:2547 d:- ref:0 ;
in:1270 out:1270 type:P dur:2 cpbdur:2 q:29.93 aq:26.06 tex:48403 mv:5195 misc:2082 imb:498 pmb:678 smb:2424 d:- ref:0 ;
in:1271 out:1271 type:P dur:2 cpbdur:2 q:29.95 aq:27.22 tex:42689 mv:4433 misc:2126 imb:397 pmb:645 smb:2558 d:- ref:0 ;
in:1272 out:1272 type:P dur:2 cpbdur:2 q:30.05 aq:26.32 tex:45557 mv:4921 misc:2106 imb:460 pmb:653 smb:2487 d:- ref:0 ;
in:1273 out:1273 type:P dur:2 cpbdur:2 q:30.06 aq:27.29 tex:51747 mv:5199 misc:2158 imb:460 pmb:654 smb:2486 d:- ref:0 ;
in:1274 out:1274 type:P dur:2 cpbdur:2 q:30.07 aq:27.91 tex:46688 mv:5019 misc:2181 imb:489 pmb:647 smb:2464 d:- ref:0 ;
in:1275 out:1275 type:P dur:2 cpbdur:2 q:30.08 aq:26.98 tex:44658 mv:4380 misc:2098 imb:392 pmb:622 smb:2586 d:- ref:0 ;
in:1276 out:1276 type:P dur:2 cpbdur:2 q:30.09 aq:27.09 tex:45152 mv:4558 misc:2106 imb:417 pmb:580 smb:2603 d:- ref:0 ;
in:1277 out:1277 type:P dur:2 cpbdur:2 q:30.12 aq:26.94 tex:46051 mv:5070 misc:2191 imb:444 pmb:650 smb:2506 d:- ref:0 ;
in:1278 out:1278 type:P dur:2 cpbdur:2 q:30.12 aq:26.48 tex:39222 mv:4183 misc:2147 imb:388 pmb:594 smb:2618 d:- ref:0 ;
in:1279 out:1279 type:P dur:2 cpbdur:2 q:30.12 aq:26.64 tex:47645 mv:4883 misc:2176 imb:451 pmb:636 smb:2513 d:- ref:0 ;
in:1280 out:1280 type:P dur:2 cpbdur:2 q:30.13 aq:26.93 tex:41178 mv:4163 misc:2067 imb:375 pmb:618 smb:2607 d:- ref:0 ;
in:1281 out:1281 type:P dur:2 cpbdur:2 q:30.14 aq:26.32 tex:41740 mv:4542 misc:2190 imb:487 pmb:602 smb:2511 d:- ref:0 ;
in:1282 out:1282 type:P dur:2 cpbdur:2 q:30.16 aq:26.73 tex:42786 mv:4926 misc:2152 imb:517 pmb:602 smb:2481 d:- ref:0 ;
in:1283 out:1283 type:P dur:2 cpbdur:2 q:30.17 aq:26.17 tex:50013 mv:4864 misc:2291 imb:395 pmb:686 smb:2519 d:- ref:0 ;
in:1284 out:1284 type:P dur:2 cpbdur:2 q:30.18 aq:25.36 tex:36263 mv:3390 misc:1963 imb:349 pmb:550 smb:2701 d:- ref:0 ;
in:1285 out:1285 type:P dur:2 cpbdur:2 q:30.19 aq:24.88 tex:43420 mv:4370 misc:2234 imb:386 pmb:610 smb:2604 d:- ref:0 ;
in:1286 out:1286 type:P dur:2 cpbdur:2 q:30.20 aq:26.08 tex:35724 mv:3806 misc:2070 imb:372 pmb:559 smb:2669 d:- ref:0 ;
in:1287 out:1287 type:P dur:2 cpbdur:2 q:30.21 aq:26.52 tex:50134 mv:4437 misc:2229 imb:361 pmb:711 smb:2528 d:- ref:0 ;
in:1288 out:1288 type:P dur:2 cpbdur:2 q:30.23 aq:25.21 tex:45926 mv:4420 misc:2214 imb:365 pmb:658 smb:2577 d:- ref:0 ;
in:1289 out:1289 type:P dur:2 cpbdur:2 q:30.24 aq:25.98 tex:43548 mv:4018 misc:2178 imb:378 pmb:613 smb:2609 d:- ref:0 ;
in:1290 out:1290 type:P dur:2 cpbdur:2 q:30.24 aq:26.36 tex:45673 mv:4043 misc:2164 imb:336 pmb:646 smb:2618 d:- ref:0 ;
in:1291 out:1291 type:P dur:2 cpbdur:2 q:30.26 aq:25.28 tex:46066 mv:3764 misc:1962 imb:394 pmb:582 smb:2624 d:- ref:0 ;
in:1292 out:1292 type:P dur:2 cpbdur:2 q:30.26 aq:25.09 tex:50136 mv:4058 misc:2158 imb:410 pmb:579 smb:2611 d:- ref:0 ;
in:1293 out:1293 type:P dur:2 cpbdur:2 q:30.28 aq:24.80 tex:46488 mv:3526 misc:2074 imb:255 pmb:640 smb:2705 d:- ref:0 ;
in:1294 out:1294 type:P dur:2 cpbdur:2 q:30.29 aq:25.38 tex:47499 mv:3852 misc:2129 imb:342 pmb:632 smb:2626 d:- ref:0 ;
in:1295 out:1295 type:P dur:2 cpbdur:2 q:30.30 aq:25.07 tex:48514 mv:3540 misc:2170 imb:283 pmb:595 smb:2722 d:- ref:0 ;
in:1296 out:1296 type:P dur:2 cpbdur:2 q:30.31 aq:24.22 tex:49414 mv:3898 misc:2248 imb:304 pmb:676 smb:2620 d:- ref:0 ;
in:1297 out:1297 type:P dur:2 cpbdur:2 q:30.32 aq:23.90 tex:52355 mv:3829 misc:2312 imb:346 pmb:632 smb:2622 d:- ref:0 ;
in:1298 out:1298 type:P dur:2 cpbdur:2 q:30.33 aq:23.54 tex:42355 mv:2548 misc:2113 imb:200 pmb:577 smb:2823 d:- ref:0 ;
in:1299 out:1299 type:P dur:2 cpbdur:2 q:30.34 aq:21.57 tex:62822 mv:4159 misc:2227 imb:348 pmb:791 smb:2461 d:- ref:0 ;
in:1300 out:1300 type:P dur:2 cpbdur:2 q:30.36 aq:22.26 tex:56523 mv:3651 misc:2346 imb:269 pmb:717 smb:2614 d:- ref:0 ;
in:1301 out:1301 type:P dur:2 cpbdur:2 q:30.37 aq:21.52 tex:57205 mv:3154 misc:2201 imb:258 pmb:670 smb:2672 d:- ref:0 ;
in:1302 out:1302 type:P dur:2 cpbdur:2 q:30.38 aq:21.45 tex:54420 mv:2846 misc:2310 imb:216 pmb:695 smb:2689 d:- ref:0 ;
in:1303 out:1303 type:P dur:2 cpbdur:2 q:30.40 aq:20.05 tex:59706 mv:2980 misc:2226 imb:212 pmb:641 smb:2747 d:- ref:0 ;
in:1304 out:1304 type:P dur:2 cpbdur:2 q:30.41 aq:20.50 tex:62920 mv:3295 misc:2305 imb:249 pmb:699 smb:2652 d:- ref:0 ;
in:1305 out:1305 type:P dur:2 cpbdur:2 q:30.43 aq:21.71 tex:54947 mv:2498 misc:2251 imb:174 pmb:652 smb:2774 d:- ref:0 ;
in:1307 out:1306 type:P dur:2 cpbdur:2 q:30.45 aq:20.87 tex:85594 mv:4190 misc:2408 imb:325 pmb:868 smb:2407 d:- ref:0 ;
in:1306 out:1307 type:b dur:2 cpbdur:2 q:30.44 aq:31.29 tex:282 mv:155 misc:523 imb:2 pmb:75 smb:3523 d:- ref:0 ;
in:1311 out:1308 type:P dur:2 cpbdur:2 q:30.48 aq:20.11 tex:70351 mv:3813 misc:2260 imb:279 pmb:781 smb:2540 d:- ref:0 ;
in:1309 out:1309 type:B dur:2 cpbdur:2 q:30.46 aq:29.67 tex:403 mv:327 misc:686 imb:7 pmb:109 smb:3484 d:- ref:0 ;
in:1308 out:1310 type:b dur:2 cpbdur:2 q:30.45 aq:27.76 tex:155 mv:112 misc:389 imb:1 pmb:35 smb:3564 d:- ref:0 ;
in:1310 out:1311 type:b dur:2 cpbdur:2 q:30.47 aq:26.00 tex:15 mv:78 misc:331 imb:1 pmb:27 smb:3572 d:- ref:0 ;
in:1315 out:1312 type:P dur:2 cpbdur:2 q:30.51 aq:19.79 tex:4319 mv:303 misc:1058 imb:7 pmb:143 smb:3450 d:- ref:0 ;
in:1313 out:1313 type:B dur:2 cpbdur:2 q:30.49 aq:18.31 tex:22 mv:4 misc:246 imb:0 pmb:1 smb:3599 d:- ref:0 ;
in:1312 out:1314 type:b dur:2 cpbdur:2 q:30.49 aq:26.00 tex:0 mv:0 misc:216 imb:0 pmb:0 smb:3600 d:- ref:0 ;
in:1314 out:1315 type:b dur:2 cpbdur:2 q:30.50 aq:26.00 tex:0 mv:0 misc:216 imb:0 pmb:0 smb:3600 d:- ref:0 ;
in:1319 out:1316 type:P dur:2 cpbdur:2 q:30.52 aq:17.41 tex:1404 mv:133 misc:591 imb:3 pmb:52 smb:3545 d:- ref:0 ;
in:1317 out:1317 type:B dur:2 cpbdur:2 q:30.51 aq:18.31 tex:22 mv:4 misc:246 imb:0 pmb:1 smb:3599 d:- ref:0 ;
in:1316 out:1318 type:b dur:2 cpbdur:2 q:30.51 aq:26.00 tex:0 mv:0 misc:216 imb:0 pmb:0 smb:3600 d:- ref:0 ;
in:1318 out:1319 type:b dur:2 cpbdur:2 q:30.51 aq:26.00 tex:0 mv:0 misc:216 imb:0 pmb:0 smb:3600 d:- ref:0 ;
in:1320 out:1320 type:I dur:2 cpbdur:2 q:27.40 aq:17.48 tex:674448 mv:83654 misc:514 imb:3600 pmb:0 smb:0 d:- ref:;
in:1324 out:1321 type:P dur:2 cpbdur:2 q:30.85 aq:18.49 tex:227 mv:60 misc:377 imb:0 pmb:17 smb:3583 d:- ref:0 ;
in:1322 out:1322 type:B dur:2 cpbdur:2 q:30.85 aq:26.00 tex:0 mv:0 misc:216 imb:0 pmb:0 smb:3600 d:- ref:0 ;
in:1321 out:1323 type:b dur:2 cpbdur:2 q:30.85 aq:26.00 tex:0 mv:0 misc:216 imb:0 pmb:0 smb:3600 d:- ref:0 ;
in:1323 out:1324 type:b dur:2 cpbdur:2 q:30.85 aq:26.00 tex:0 mv:0 misc:216 imb:0 pmb:0 smb:3600 d:- ref:0 ;
in:1328 out:1325 type:P dur:2 cpbdur:2 q:30.74 aq:18.00 tex:0 mv:0 misc:256 imb:0 pmb:0 smb:3600 d:- ref:0 ;
in:1326 out:1326 type:B dur:2 cpbdur:2 q:30.80 aq:24.00 tex:0 mv:0 misc:232 imb:0 pmb:0 smb:3600 d:- ref:0 ;
in:1325 out:1327 type:b dur:2 cpbdur:2 q:30.82 aq:26.00 tex:0 mv:0 misc:216 imb:0 pmb:0 smb:3600 d:- ref:0 ;
in:1327 out:1328 type:b dur:2 cpbdur:2 q:30.77 aq:26.00 tex:0 mv:0 misc:216 imb:0 pmb:0 smb:3600 d:- ref:0 ;
in:1332 out:1329 type:P dur:2 cpbdur:2 q:30.64 aq:18.00 tex:0 mv:0 misc:256 imb:0 pmb:0 smb:3600 d:- ref:0 ;
in:1330 out:1330 type:B dur:2 cpbdur:2 q:30.69 aq:24.00 tex:0 mv:0 misc:232 imb:0 pmb:0 smb:3600 d:- ref:0 ;
in:1329 out:1331 type:b dur:2 cpbdur:2 q:30.72 aq:26.00 tex:0 mv:0 misc:216 imb:0 pmb:0 smb:3600 d:- ref:0 ;
in:1331 out:1332 type:b dur:2 cpbdur:2 q:30.66 aq:26.00 tex:0 mv:0 misc:216 imb:0 pmb:0 smb:3600 d:- ref:0 ;
in:1336 out:1333 type:P dur:2 cpbdur:2 q:30.70 aq:19.00 tex:0 mv:0 misc:256 imb:0 pmb:0 smb:3600 d:- ref:0 ;
in:1334 out:1334 type:B dur:2 cpbdur:2 q:30.67 aq:24.00 tex:0 mv:0 misc:232 imb:0 pmb:0 smb:3600 d:- ref:0 ;
in:1333 out:1335 type:b dur:2 cpbdur:2 q:30.65 aq:26.00 tex:0 mv:0 misc:216 imb:0 pmb:0 smb:3600 d:- ref:0 ;
in:1335 out:1336 type:b dur:2 cpbdur:2 q:30.68 aq:26.00 tex:0 mv:0 misc:216 imb:0 pmb:0 smb:3600 d:- ref:0 ;
in:1340 out:1337 type:P dur:2 cpbdur:2 q:30.58 aq:21.00 tex:0 mv:0 misc:248 imb:0 pmb:0 smb:3600 d:- ref:0 ;
in:1338 out:1338 type:B dur:2 cpbdur:2 q:30.64 aq:24.00 tex:0 mv:0 misc:232 imb:0 pmb:0 smb:3600 d:- ref:0 ;
in:1337 out:1339 type:b dur:2 cpbdur:2 q:30.67 aq:26.00 tex:0 mv:0 misc:216 imb:0 pmb:0 smb:3600 d:- ref:0 ;
in:1339 out:1340 type:b dur:2 cpbdur:2 q:30.61 aq:26.00 tex:0 mv:0 misc:216 imb:0 pmb:0 smb:3600 d:- ref:0 ;
in:1343 out:1341 type:P dur:2 cpbdur:2 q:30.48 aq:23.33 tex:41880 mv:5289 misc:1367 imb:1143 pmb:206 smb:2251 d:- ref:0 ;
in:1341 out:1342 type:B dur:2 cpbdur:2 q:30.55 aq:22.67 tex:72 mv:135 misc:489 imb:2 pmb:127 smb:3471 d:- ref:0 ;
in:1342 out:1343 type:b dur:2 cpbdur:2 q:30.51 aq:20.68 tex:255 mv:307 misc:622 imb:11 pmb:143 smb:3446 d:- ref:0 ;
in:1345 out:1344 type:P dur:2 cpbdur:2 q:30.44 aq:23.90 tex:32045 mv:5564 misc:2367 imb:852 pmb:788 smb:1960 d:- ref:0 w:7,123,1,6,64,0,61,6 ;
in:1344 out:1345 type:b dur:2 cpbdur:2 q:30.46 aq:24.11 tex:917 mv:510 misc:933 imb:12 pmb:190 smb:3398 d:- ref:0 ;
in:1349 out:1346 type:P dur:2 cpbdur:2 q:30.41 aq:25.65 tex:114527 mv:14146 misc:1103 imb:2089 pmb:1269 smb:242 d:- ref:0 w:7,113,3,3,7,16,8,0 ;
in:1347 out:1347 type:B dur:2 cpbdur:2 q:30.42 aq:22.62 tex:4326 mv:921 misc:1657 imb:56 pmb:579 smb:2965 d:- ref:0 ;
in:1346 out:1348 type:b dur:2 cpbdur:2 q:30.43 aq:23.19 tex:1859 mv:857 misc:1020 imb:73 pmb:176 smb:3351 d:- ref:0 ;
in:1348 out:1349 type:b dur:2 cpbdur:2 q:30.42 aq:23.18 tex:3595 mv:1203 misc:1658 imb:81 pmb:512 smb:3007 d:- ref:0 ;
in:1353 out:1350 type:P dur:2 cpbdur:2 q:30.38 aq:25.40 tex:162401 mv:17096 misc:591 imb:2556 pmb:1000 smb:44 d:- ref:0 w:7,111,1,7,107,21,113,14 ;
in:1351 out:1351 type:B dur:2 cpbdur:2 q:30.40 aq:23.38 tex:6740 mv:1810 misc:2162 imb:131 pmb:694 smb:2775 d:- ref:0 ;
in:1350 out:1352 type:b dur:2 cpbdur:2 q:30.40 aq:23.27 tex:3705 mv:1413 misc:1474 imb:86 pmb:358 smb:3156 d:- ref:0 ;
in:1352 out:1353 type:b dur:2 cpbdur:2 q:30.39 aq:23.23 tex:2823 mv:1087 misc:1354 imb:46 pmb:365 smb:3189 d:- ref:0 ;
in:1357 out:1354 type:P dur:2 cpbdur:2 q:30.37 aq:24.81 tex:179433 mv:15634 misc:1341 imb:2060 pmb:967 smb:573 d:- ref:0 w:5,29,-1,6,59,11,58,12 ;
in:1355 out:1355 type:B dur:2 cpbdur:2 q:30.37 aq:23.41 tex:8061 mv:2310 misc:2021 imb:176 pmb:526 smb:2898 d:- ref:0 ;
in:1354 out:1356 type:b dur:2 cpbdur:2 q:30.38 aq:24.16 tex:4311 mv:1577 misc:1592 imb:115 pmb:379 smb:3106 d:- ref:0 ;
in:1356 out:1357 type:b dur:2 cpbdur:2 q:30.37 aq:22.55 tex:4795 mv:2085 misc:1840 imb:168 pmb:493 smb:2939 d:- ref:0 ;
in:1358 out:1358 type:P dur:2 cpbdur:2 q:30.42 aq:24.10 tex:86109 mv:9176 misc:2723 imb:1023 pmb:1160 smb:1417 d:- ref:0 w:5,31,0,6,59,10,64,0 ;
in:1362 out:1359 type:P dur:2 cpbdur:2 q:30.43 aq:24.05 tex:177185 mv:15515 misc:1180 imb:2303 pmb:876 smb:421 d:- ref:0 w:7,123,-3,5,33,-3,32,0 ;
in:1360 out:1360 type:B dur:2 cpbdur:2 q:30.43 aq:22.97 tex:8553 mv:2604 misc:2299 imb:221 pmb:683 smb:2696 d:- ref:0 ;
in:1359 out:1361 type:b dur:2 cpbdur:2 q:30.43 aq:23.21 tex:2090 mv:934 misc:1160 imb:65 pmb:223 smb:3312 d:- ref:0 ;
in:1361 out:1362 type:b dur:2 cpbdur:2 q:30.43 aq:21.62 tex:3914 mv:2366 misc:1720 imb:215 pmb:395 smb:2990 d:- ref:0 ;
in:1366 out:1363 type:P dur:2 cpbdur:2 q:30.51 aq:24.02 tex:157494 mv:14652 misc:782 imb:2448 pmb:988 smb:164 d:- ref:0 w:0,1,-3 ;
in:1364 out:1364 type:B dur:2 cpbdur:2 q:30.47 aq:21.67 tex:6450 mv:2598 misc:1992 imb:184 pmb:514 smb:2902 d:- ref:0 ;
in:1363 out:1365 type:b dur:2 cpbdur:2 q:30.45 aq:21.19 tex:3351 mv:2028 misc:1605 imb:152 pmb:422 smb:3026 d:- ref:0 ;
in:1365 out:1366 type:b dur:2 cpbdur:2 q:30.49 aq:22.69 tex:2718 mv:1517 misc:1509 imb:111 pmb:317 smb:3172 d:- ref:0 ;
in:1368 out:1367 type:P dur:2 cpbdur:2 q:30.59 aq:23.19 tex:104736 mv:9905 misc:1847 imb:1693 pmb:944 smb:963 d:- ref:0 w:0,1,-1,4,16,0,17,-8 ;
in:1367 out:1368 type:b dur:2 cpbdur:2 q:30.55 aq:21.96 tex:1799 mv:1310 misc:1091 imb:87 pmb:289 smb:3224 d:- ref:0 ;
in:1370 out:1369 type:P dur:2 cpbdur:2 q:30.59 aq:23.12 tex:103118 mv:11248 misc:1466 imb:2027 pmb:881 smb:692 d:- ref:0 w:6,65,-1,6,64,0,67,-6 ;
in:1369 out:1370 type:b dur:2 cpbdur:2 q:30.59 aq:21.45 tex:1917 mv:1597 misc:1302 imb:87 pmb:409 smb:3104 d:- ref:0 ;
in:1371 out:1371 type:P dur:2 cpbdur:2 q:30.72 aq:21.90 tex:62116 mv:6096 misc:2476 imb:905 pmb:832 smb:1863 d:- ref:0 ;
in:1372 out:1372 type:P dur:2 cpbdur:2 q:30.72 aq:22.02 tex:57711 mv:5707 misc:2734 imb:926 pmb:862 smb:1812 d:- ref:0 ;
in:1374 out:1373 type:P dur:2 cpbdur:2 q:30.73 aq:20.13 tex:95900 mv:9800 misc:1732 imb:1813 pmb:929 smb:858 d:- ref:0 ;
in:1373 out:1374 type:b dur:2 cpbdur:2 q:30.73 aq:21.02 tex:754 mv:783 misc:911 imb:75 pmb:169 smb:3356 d:- ref:0 ;
in:1378 out:1375 type:P dur:2 cpbdur:2 q:30.78 aq:19.37 tex:88800 mv:8231 misc:1985 imb:1379 pmb:948 smb:1273 d:- ref:0 ;
in:1376 out:1376 type:B dur:2 cpbdur:2 q:30.76 aq:19.72 tex:733 mv:649 misc:922 imb:21 pmb:230 smb:3349 d:- ref:0 ;
in:1375 out:1377 type:b dur:2 cpbdur:2 q:30.74 aq:25.71 tex:488 mv:708 misc:828 imb:42 pmb:144 smb:3414 d:- ref:0 ;
in:1377 out:1378 type:b dur:2 cpbdur:2 q:30.77 aq:19.77 tex:45 mv:115 misc:304 imb:2 pmb:21 smb:3577 d:- ref:0 ;
in:1379 out:1379 type:P dur:2 cpbdur:2 q:30.76 aq:16.00 tex:6 mv:22 misc:276 imb:2 pmb:0 smb:3598 d:- ref:0 ;
in:1380 out:1380 type:I dur:2 cpbdur:2 q:27.67 aq:15.13 tex:461502 mv:48794 misc:528 imb:3600 pmb:0 smb:0 d:- ref:;
in:1384 out:1381 type:P dur:2 cpbdur:2 q:31.06 aq:17.96 tex:304 mv:99 misc:413 imb:2 pmb:18 smb:3580 d:- ref:0 ;
in:1382 out:1382 type:B dur:2 cpbdur:2 q:31.06 aq:16.97 tex:25 mv:3 misc:236 imb:0 pmb:1 smb:3599 d:- ref:0 ;
in:1381 out:1383 type:b dur:2 cpbdur:2 q:31.06 aq:16.00 tex:0 mv:0 misc:232 imb:0 pmb:0 smb:3600 d:- ref:0 ;
in:1383 out:1384 type:b dur:2 cpbdur:2 q:31.06 aq:16.00 tex:0 mv:0 misc:232 imb:0 pmb:0 smb:3600 d:- ref:0 ;
in:1388 out:1385 type:P dur:2 cpbdur:2 q:31.04 aq:12.00 tex:74 mv:10 misc:276 imb:0 pmb:2 smb:3598 d:- ref:0 ;
in:1386 out:1386 type:B dur:2 cpbdur:2 q:31.05 aq:15.00 tex:0 mv:0 misc:248 imb:0 pmb:0 smb:3600 d:- ref:0 ;
in:1385 out:1387 type:b dur:2 cpbdur:2 q:31.05 aq:16.00 tex:0 mv:0 misc:232 imb:0 pmb:0 smb:3600 d:- ref:0 ;
in:1387 out:1388 type:b dur:2 cpbdur:2 q:31.05 aq:16.00 tex:0 mv:0 misc:232 imb:0 pmb:0 smb:3600 d:- ref:0 ;
in:1392 out:1389 type:P dur:2 cpbdur:2 q:30.98 aq:12.00 tex:24 mv:7 misc:273 imb:0 pmb:1 smb:3599 d:- ref:0 ;
in:1390 out:1390 type:B dur:2 cpbdur:2 q:31.01 aq:15.00 tex:0 mv:0 misc:248 imb:0 pmb:0 smb:3600 d:- ref:0 ;
in:1389 out:1391 type:b dur:2 cpbdur:2 q:31.03 aq:16.00 tex:0 mv:0 misc:232 imb:0 pmb:0 smb:3600 d:- ref:0 ;
in:1391 out:1392 type:b dur:2 cpbdur:2 q:30.99 aq:16.00 tex:0 mv:0 misc:232 imb:0 pmb:0 smb:3600 d:- ref:0 ;
in:1396 out:1393 type:P dur:2 cpbdur:2 q:30.92 aq:11.00 tex:0 mv:0 misc:264 imb:0 pmb:0 smb:3600 d:- ref:0 ;
in:1394 out:1394 type:B dur:2 cpbdur:2 q:30.95 aq:15.00 tex:0 mv:0 misc:248 imb:0 pmb:0 smb:3600 d:- ref:0 ;
in:1393 out:1395 type:b dur:2 cpbdur:2 q:30.96 aq:16.00 tex:0 mv:0 misc:232 imb:0 pmb:0 smb:3600 d:- ref:0 ;
in:1395 out:1396 type:b dur:2 cpbdur:2 q:30.94 aq:16.00 tex:0 mv:0 misc:232 imb:0 pmb:0 smb:3600 d:- ref:0 ;
in:1400 out:1397 type:P dur:2 cpbdur:2 q:30.80 aq:11.00 tex:0 mv:0 misc:264 imb:0 pmb:0 smb:3600 d:- ref:0 ;
in:1398 out:1398 type:B dur:2 cpbdur:2 q:30.86 aq:15.00 tex:0 mv:0 misc:248 imb:0 pmb:0 smb:3600 d:- ref:0 ;
in:1397 out:1399 type:b dur:2 cpbdur:2 q:30.89 aq:16.00 tex:0 mv:0 misc:232 imb:0 pmb:0 smb:3600 d:- ref:0 ;
in:1399 out:1400 type:b dur:2 cpbdur:2 q:30.83 aq:16.00 tex:0 mv:0 misc:232 imb:0 pmb:0 smb:3600 d:- ref:0 ;
in:1404 out:1401 type:P dur:2 cpbdur:2 q:30.70 aq:13.85 tex:40 mv:21 misc:283 imb:0 pmb:2 smb:3598 d:- ref:0 ;
in:1402 out:1402 type:B dur:2 cpbdur:2 q:30.75 aq:14.00 tex:0 mv:0 misc:248 imb:0 pmb:0 smb:3600 d:- ref:0 ;
in:1401 out:1403 type:b dur:2 cpbdur:2 q:30.78 aq:16.00 tex:0 mv:0 misc:232 imb:0 pmb:0 smb:3600 d:- ref:0 ;
in:1403 out:1404 type:b dur:2 cpbdur:2 q:30.72 aq:16.00 tex:0 mv:0 misc:232 imb:0 pmb:0 smb:3600 d:- ref:0 ;
in:1408 out:1405 type:P dur:2 cpbdur:2 q:30.59 aq:15.44 tex:85 mv:35 misc:328 imb:0 pmb:7 smb:3593 d:- ref:0 ;
in:1406 out:1406 type:B dur:2 cpbdur:2 q:30.64 aq:14.00 tex:0 mv:0 misc:248 imb:0 pmb:0 smb:3600 d:- ref:0 ;
in:1405 out:1407 type:b dur:2 cpbdur:2 q:30.67 aq:16.00 tex:0 mv:0 misc:232 imb:0 pmb:0 smb:3600 d:- ref:0 ;
in:1407 out:1408 type:b dur:2 cpbdur:2 q:30.62 aq:16.00 tex:0 mv:0 misc:232 imb:0 pmb:0 smb:3600 d:- ref:0 ;
in:1412 out:1409 type:P dur:2 cpbdur:2 q:30.49 aq:12.42 tex:23 mv:5 misc:276 imb:0 pmb:1 smb:3599 d:- ref:0 ;
in:1410 out:1410 type:B dur:2 cpbdur:2 q:30.54 aq:14.00 tex:0 mv:0 misc:248 imb:0 pmb:0 smb:3600 d:- ref:0 ;
in:1409 out:1411 type:b dur:2 cpbdur:2 q:30.57 aq:16.00 tex:0 mv:0 misc:232 imb:0 pmb:0 smb:3600 d:- ref:0 ;
in:1411 out:1412 type:b dur:2 cpbdur:2 q:30.52 aq:16.00 tex:0 mv:0 misc:232 imb:0 pmb:0 smb:3600 d:- ref:0 ;
in:1416 out:1413 type:P dur:2 cpbdur:2 q:30.38 aq:15.02 tex:106 mv:39 misc:327 imb:1 pmb:6 smb:3593 d:- ref:0 ;
in:1414 out:1414 type:B dur:2 cpbdur:2 q:30.44 aq:14.00 tex:0 mv:0 misc:248 imb:0 pmb:0 smb:3600 d:- ref:0 ;
in:1413 out:1415 type:b dur:2 cpbdur:2 q:30.47 aq:15.00 tex:0 mv:0 misc:232 imb:0 pmb:0 smb:3600 d:- ref:0 ;
in:1415 out:1416 type:b dur:2 cpbdur:2 q:30.41 aq:15.00 tex:0 mv:0 misc:232 imb:0 pmb:0 smb:3600 d:- ref:0 ;
in:1420 out:1417 type:P dur:2 cpbdur:2 q:30.29 aq:18.09 tex:189 mv:53 misc:342 imb:2 pmb:7 smb:3591 d:- ref:0 ;
in:1418 out:1418 type:B dur:2 cpbdur:2 q:30.33 aq:14.00 tex:0 mv:0 misc:248 imb:0 pmb:0 smb:3600 d:- ref:0 ;
in:1417 out:1419 type:b dur:2 cpbdur:2 q:30.36 aq:15.00 tex:0 mv:0 misc:232 imb:0 pmb:0 smb:3600 d:- ref:0 ;
in:1419 out:1420 type:b dur:2 cpbdur:2 q:30.31 aq:15.00 tex:0 mv:0 misc:232 imb:0 pmb:0 smb:3600 d:- ref:0 ;
in:1424 out:1421 type:P dur:2 cpbdur:2 q:30.18 aq:21.77 tex:61 mv:15 misc:292 imb:0 pmb:3 smb:3597 d:- ref:0 ;
in:1422 out:1422 type:B dur:2 cpbdur:2 q:30.24 aq:14.00 tex:0 mv:0 misc:248 imb:0 pmb:0 smb:3600 d:- ref:0 ;
in:1421 out:1423 type:b dur:2 cpbdur:2 q:30.26 aq:15.00 tex:0 mv:0 misc:232 imb:0 pmb:0 smb:3600 d:- ref:0 ;
in:1423 out:1424 type:b dur:2 cpbdur:2 q:30.21 aq:15.00 tex:0 mv:0 misc:232 imb:0 pmb:0 smb:3600 d:- ref:0 ;
in:1428 out:1425 type:P dur:2 cpbdur:2 q:30.08 aq:17.77 tex:60 mv:26 misc:314 imb:0 pmb:5 smb:3595 d:- ref:0 ;
in:1426 out:1426 type:B dur:2 cpbdur:2 q:30.13 aq:14.00 tex:0 mv:0 misc:248 imb:0 pmb:0 smb:3600 d:- ref:0 ;
in:1425 out:1427 type:b dur:2 cpbdur:2 q:30.16 aq:15.00 tex:0 mv:0 misc:232 imb:0 pmb:0 smb:3600 d:- ref:0 ;
in:1427 out:1428 type:b dur:2 cpbdur:2 q:30.11 aq:15.00 tex:0 mv:0 misc:232 imb:0 pmb:0 smb:3600 d:- ref:0 ;
in:1432 out:1429 type:P dur:2 cpbdur:2 q:29.97 aq:12.46 tex:57 mv:15 misc:296 imb:0 pmb:3 smb:3597 d:- ref:0 ;
in:1430 out:1430 type:B dur:2 cpbdur:2 q:30.03 aq:14.00 tex:0 mv:0 misc:248 imb:0 pmb:0 smb:3600 d:- ref:0 ;
in:1429 out:1431 type:b dur:2 cpbdur:2 q:30.06 aq:15.00 tex:0 mv:0 misc:232 imb:0 pmb:0 smb:3600 d:- ref:0 ;
in:1431 out:1432 type:b dur:2 cpbdur:2 q:30.00 aq:15.00 tex:0 mv:0 misc:232 imb:0 pmb:0 smb:3600 d:- ref:0 ;
in:1436 out:1433 type:P dur:2 cpbdur:2 q:29.87 aq:13.78 tex:173 mv:78 misc:373 imb:4 pmb:9 smb:3587 d:- ref:0 ;
in:1434 out:1434 type:B dur:2 cpbdur:2 q:29.92 aq:14.00 tex:0 mv:0 misc:248 imb:0 pmb:0 smb:3600 d:- ref:0 ;
in:1433 out:1435 type:b dur:2 cpbdur:2 q:29.95 aq:15.00 tex:0 mv:0 misc:232 imb:0 pmb:0 smb:3600 d:- ref:0 ;
in:1435 out:1436 type:b dur:2 cpbdur:2 q:29.90 aq:15.00 tex:0 mv:0 misc:232 imb:0 pmb:0 smb:3600 d:- ref:0 ;
in:1439 out:1437 type:P dur:2 cpbdur:2 q:29.77 aq:15.00 tex:0 mv:0 misc:256 imb:0 pmb:0 smb:3600 d:- ref:0 ;
in:1437 out:1438 type:B dur:2 cpbdur:2 q:29.84 aq:15.00 tex:0 mv:0 misc:248 imb:0 pmb:0 smb:3600 d:- ref:0 ;
in:1438 out:1439 type:b dur:2 cpbdur:2 q:29.81 aq:15.00 tex:0 mv:0 misc:232 imb:0 pmb:0 smb:3600 d:- ref:0 ;
in:1440 out:1440 type:I dur:2 cpbdur:2 q:27.31 aq:14.81 tex:477001 mv:49000 misc:519 imb:3600 pmb:0 smb:0 d:- ref:;
in:1444 out:1441 type:P dur:2 cpbdur:2 q:29.98 aq:17.27 tex:717 mv:183 misc:596 imb:4 pmb:49 smb:3547 d:- ref:0 ;
in:1442 out:1442 type:B dur:2 cpbdur:2 q:29.98 aq:14.00 tex:0 mv:0 misc:232 imb:0 pmb:0 smb:3600 d:- ref:0 ;
in:1441 out:1443 type:b dur:2 cpbdur:2 q:29.98 aq:15.00 tex:0 mv:0 misc:232 imb:0 pmb:0 smb:3600 d:- ref:0 ;
in:1443 out:1444 type:b dur:2 cpbdur:2 q:29.98 aq:15.00 tex:0 mv:0 misc:232 imb:0 pmb:0 smb:3600 d:- ref:0 ;
in:1448 out:1445 type:P dur:2 cpbdur:2 q:29.87 aq:16.92 tex:100 mv:31 misc:333 imb:0 pmb:7 smb:3593 d:- ref:0 ;
in:1446 out:1446 type:B dur:2 cpbdur:2 q:29.93 aq:14.00 tex:0 mv:0 misc:248 imb:0 pmb:0 smb:3600 d:- ref:0 ;
in:1445 out:1447 type:b dur:2 cpbdur:2 q:29.95 aq:15.00 tex:0 mv:0 misc:232 imb:0 pmb:0 smb:3600 d:- ref:0 ;
in:1447 out:1448 type:b dur:2 cpbdur:2 q:29.90 aq:15.00 tex:0 mv:0 misc:232 imb:0 pmb:0 smb:3600 d:- ref:0 ;
in:1452 out:1449 type:P dur:2 cpbdur:2 q:29.77 aq:12.14 tex:99 mv:37 misc:328 imb:0 pmb:7 smb:3593 d:- ref:0 ;
in:1450 out:1450 type:B dur:2 cpbdur:2 q:29.82 aq:14.00 tex:0 mv:0 misc:248 imb:0 pmb:0 smb:3600 d:- ref:0 ;
in:1449 out:1451 type:b dur:2 cpbdur:2 q:29.85 aq:15.00 tex:0 mv:0 misc:232 imb:0 pmb:0 smb:3600 d:- ref:0 ;
in:1451 out:1452 type:b dur:2 cpbdur:2 q:29.80 aq:15.00 tex:0 mv:0 misc:232 imb:0 pmb:0 smb:3600 d:- ref:0 ;
in:1456 out:1453 type:P dur:2 cpbdur:2 q:29.74 aq:13.84 tex:156 mv:40 misc:348 imb:0 pmb:9 smb:3591 d:- ref:0 ;
in:1454 out:1454 type:B dur:2 cpbdur:2 q:29.76 aq:13.00 tex:0 mv:0 misc:248 imb:0 pmb:0 smb:3600 d:- ref:0 ;
in:1453 out:1455 type:b dur:2 cpbdur:2 q:29.77 aq:15.00 tex:0 mv:0 misc:232 imb:0 pmb:0 smb:3600 d:- ref:0 ;
in:1455 out:1456 type:b dur:2 cpbdur:2 q:29.75 aq:15.00 tex:0 mv:0 misc:232 imb:0 pmb:0 smb:3600 d:- ref:0 ;
in:1460 out:1457 type:P dur:2 cpbdur:2 q:29.63 aq:16.75 tex:239 mv:125 misc:396 imb:5 pmb:18 smb:3577 d:- ref:0 ;
in:1458 out:1458 type:B dur:2 cpbdur:2 q:29.69 aq:13.00 tex:0 mv:0 misc:248 imb:0 pmb:0 smb:3600 d:- ref:0 ;
in:1457 out:1459 type:b dur:2 cpbdur:2 q:29.72 aq:15.00 tex:0 mv:0 misc:232 imb:0 pmb:0 smb:3600 d:- ref:0 ;
in:1459 out:1460 type:b dur:2 cpbdur:2 q:29.66 aq:15.00 tex:0 mv:0 misc:232 imb:0 pmb:0 smb:3600 d:- ref:0 ;
in:1464 out:1461 type:P dur:2 cpbdur:2 q:29.52 aq:17.75 tex:256 mv:94 misc:434 imb:4 pmb:21 smb:3575 d:- ref:0 ;
in:1462 out:1462 type:B dur:2 cpbdur:2 q:29.57 aq:13.00 tex:0 mv:0 misc:248 imb:0 pmb:0 smb:3600 d:- ref:0 ;
in:1461 out:1463 type:b dur:2 cpbdur:2 q:29.60 aq:15.00 tex:0 mv:0 misc:232 imb:0 pmb:0 smb:3600 d:- ref:0 ;
in:1463 out:1464 type:b dur:2 cpbdur:2 q:29.55 aq:15.00 tex:0 mv:0 misc:232 imb:0 pmb:0 smb:3600 d:- ref:0 ;
in:1468 out:1465 type:P dur:2 cpbdur:2 q:29.42 aq:16.59 tex:180 mv:88 misc:388 imb:4 pmb:15 smb:3581 d:- ref:0 ;
in:1466 out:1466 type:B dur:2 cpbdur:2 q:29.47 aq:13.00 tex:0 mv:0 misc:248 imb:0 pmb:0 smb:3600 d:- ref:0 ;
in:1465 out:1467 type:b dur:2 cpbdur:2 q:29.49 aq:14.00 tex:0 mv:0 misc:232 imb:0 pmb:0 smb:3600 d:- ref:0 ;
in:1467 out:1468 type:b dur:2 cpbdur:2 q:29.44 aq:14.00 tex:0 mv:0 misc:232 imb:0 pmb:0 smb:3600 d:- ref:0 ;
in:1472 out:1469 type:P dur:2 cpbdur:2 q:29.33 aq:16.59 tex:144 mv:83 misc:381 imb:4 pmb:13 smb:3583 d:- ref:0 ;
in:1470 out:1470 type:B dur:2 cpbdur:2 q:29.37 aq:13.00 tex:0 mv:0 misc:248 imb:0 pmb:0 smb:3600 d:- ref:0 ;
in:1469 out:1471 type:b dur:2 cpbdur:2 q:29.40 aq:14.00 tex:0 mv:0 misc:232 imb:0 pmb:0 smb:3600 d:- ref:0 ;
in:1471 out:1472 type:b dur:2 cpbdur:2 q:29.35 aq:14.00 tex:0 mv:0 misc:232 imb:0 pmb:0 smb:3600 d:- ref:0 ;
in:1476 out:1473 type:P dur:2 cpbdur:2 q:29.21 aq:14.18 tex:191 mv:89 misc:384 imb:5 pmb:11 smb:3584 d:- ref:0 ;
in:1474 out:1474 type:B dur:2 cpbdur:2 q:29.27 aq:13.00 tex:0 mv:0 misc:248 imb:0 pmb:0 smb:3600 d:- ref:0 ;
in:1473 out:1475 type:b dur:2 cpbdur:2 q:29.30 aq:14.00 tex:0 mv:0 misc:232 imb:0 pmb:0 smb:3600 d:- ref:0 ;
in:1475 out:1476 type:b dur:2 cpbdur:2 q:29.24 aq:14.00 tex:0 mv:0 misc:232 imb:0 pmb:0 smb:3600 d:- ref:0 ;
in:1480 out:1477 type:P dur:2 cpbdur:2 q:29.10 aq:13.52 tex:233 mv:100 misc:403 imb:4 pmb:18 smb:3578 d:- ref:0 ;
in:1478 out:1478 type:B dur:2 cpbdur:2 q:29.15 aq:13.00 tex:0 mv:0 misc:248 imb:0 pmb:0 smb:3600 d:- ref:0 ;
in:1477 out:1479 type:b dur:2 cpbdur:2 q:29.18 aq:14.00 tex:0 mv:0 misc:232 imb:0 pmb:0 smb:3600 d:- ref:0 ;
in:1479 out:1480 type:b dur:2 cpbdur:2 q:29.12 aq:14.00 tex:0 mv:0 misc:232 imb:0 pmb:0 smb:3600 d:- ref:0 ;
in:1484 out:1481 type:P dur:2 cpbdur:2 q:29.00 aq:13.94 tex:354 mv:103 misc:447 imb:4 pmb:23 smb:3573 d:- ref:0 ;
in:1482 out:1482 type:B dur:2 cpbdur:2 q:29.05 aq:13.00 tex:0 mv:0 misc:248 imb:0 pmb:0 smb:3600 d:- ref:0 ;
in:1481 out:1483 type:b dur:2 cpbdur:2 q:29.07 aq:14.00 tex:0 mv:0 misc:232 imb:0 pmb:0 smb:3600 d:- ref:0 ;
in:1483 out:1484 type:b dur:2 cpbdur:2 q:29.02 aq:14.00 tex:0 mv:0 misc:232 imb:0 pmb:0 smb:3600 d:- ref:0 ;
in:1488 out:1485 type:P dur:2 cpbdur:2 q:28.90 aq:13.75 tex:323 mv:120 misc:437 imb:5 pmb:19 smb:3576 d:- ref:0 ;
in:1486 out:1486 type:B dur:2 cpbdur:2 q:28.95 aq:13.00 tex:0 mv:0 misc:248 imb:0 pmb:0 smb:3600 d:- ref:0 ;
in:1485 out:1487 type:b dur:2 cpbdur:2 q:28.97 aq:14.00 tex:0 mv:0 misc:232 imb:0 pmb:0 smb:3600 d:- ref:0 ;
in:1487 out:1488 type:b dur:2 cpbdur:2 q:28.93 aq:14.00 tex:0 mv:0 misc:232 imb:0 pmb:0 smb:3600 d:- ref:0 ;
in:1492 out:1489 type:P dur:2 cpbdur:2 q:28.78 aq:14.39 tex:340 mv:118 misc:446 imb:6 pmb:20 smb:3574 d:- ref:0 ;
in:1490 out:1490 type:B dur:2 cpbdur:2 q:28.84 aq:13.00 tex:0 mv:0 misc:248 imb:0 pmb:0 smb:3600 d:- ref:0 ;
in:1489 out:1491 type:b dur:2 cpbdur:2 q:28.87 aq:14.00 tex:0 mv:0 misc:232 imb:0 pmb:0 smb:3600 d:- ref:0 ;
in:1491 out:1492 type:b dur:2 cpbdur:2 q:28.81 aq:14.00 tex:0 mv:0 misc:232 imb:0 pmb:0 smb:3600 d:- ref:0 ;
in:1496 out:1493 type:P dur:2 cpbdur:2 q:28.67 aq:13.81 tex:403 mv:150 misc:471 imb:7 pmb:28 smb:3565 d:- ref:0 ;
in:1494 out:1494 type:B dur:2 cpbdur:2 q:28.73 aq:12.00 tex:0 mv:0 misc:248 imb:0 pmb:0 smb:3600 d:- ref:0 ;
in:1493 out:1495 type:b dur:2 cpbdur:2 q:28.75 aq:14.00 tex:0 mv:0 misc:232 imb:0 pmb:0 smb:3600 d:- ref:0 ;
in:1495 out:1496 type:b dur:2 cpbdur:2 q:28.70 aq:14.00 tex:0 mv:0 misc:232 imb:0 pmb:0 smb:3600 d:- ref:0 ;
in:1499 out:1497 type:P dur:2 cpbdur:2 q:28.57 aq:14.00 tex:0 mv:0 misc:256 imb:0 pmb:0 smb:3600 d:- ref:0 ;
in:1497 out:1498 type:B dur:2 cpbdur:2 q:28.63 aq:14.00 tex:0 mv:0 misc:248 imb:0 pmb:0 smb:3600 d:- ref:0 ;
in:1498 out:1499 type:b dur:2 cpbdur:2 q:28.60 aq:14.00 tex:0 mv:0 misc:232 imb:0 pmb:0 smb:3600 d:- ref:0 ;
in:1500 out:1500 type:I dur:2 cpbdur:2 q:26.16 aq:13.74 tex:526648 mv:50043 misc:509 imb:3600 pmb:0 smb:0 d:- ref:;
in:1504 out:1501 type:P dur:2 cpbdur:2 q:28.85 aq:16.50 tex:1143 mv:277 misc:772 imb:11 pmb:79 smb:3510 d:- ref:0 ;
in:1502 out:1502 type:B dur:2 cpbdur:2 q:28.85 aq:13.00 tex:0 mv:0 misc:232 imb:0 pmb:0 smb:3600 d:- ref:0 ;
in:1501 out:1503 type:b dur:2 cpbdur:2 q:28.85 aq:14.00 tex:0 mv:0 misc:232 imb:0 pmb:0 smb:3600 d:- ref:0 ;
in:1503 out:1504 type:b dur:2 cpbdur:2 q:28.85 aq:14.00 tex:0 mv:0 misc:232 imb:0 pmb:0 smb:3600 d:- ref:0 ;
in:1508 out:1505 type:P dur:2 cpbdur:2 q:28.73 aq:15.15 tex:294 mv:112 misc:426 imb:7 pmb:14 smb:3579 d:- ref:0 ;
in:1506 out:1506 type:B dur:2 cpbdur:2 q:28.79 aq:13.00 tex:0 mv:0 misc:248 imb:0 pmb:0 smb:3600 d:- ref:0 ;
in:1505 out:1507 type:b dur:2 cpbdur:2 q:28.82 aq:14.00 tex:0 mv:0 misc:232 imb:0 pmb:0 smb:3600 d:- ref:0 ;
in:1507 out:1508 type:b dur:2 cpbdur:2 q:28.76 aq:14.00 tex:0 mv:0 misc:232 imb:0 pmb:0 smb:3600 d:- ref:0 ;
in:1512 out:1509 type:P dur:2 cpbdur:2 q:28.61 aq:15.89 tex:186 mv:104 misc:414 imb:6 pmb:13 smb:3581 d:- ref:0 ;
in:1510 out:1510 type:B dur:2 cpbdur:2 q:28.67 aq:12.00 tex:0 mv:0 misc:248 imb:0 pmb:0 smb:3600 d:- ref:0 ;
in:1509 out:1511 type:b dur:2 cpbdur:2 q:28.70 aq:14.00 tex:0 mv:0 misc:232 imb:0 pmb:0 smb:3600 d:- ref:0 ;
in:1511 out:1512 type:b dur:2 cpbdur:2 q:28.64 aq:14.00 tex:0 mv:0 misc:232 imb:0 pmb:0 smb:3600 d:- ref:0 ;
in:1516 out:1513 type:P dur:2 cpbdur:2 q:28.58 aq:15.45 tex:181 mv:115 misc:400 imb:7 pmb:12 smb:3581 d:- ref:0 ;
in:1514 out:1514 type:B dur:2 cpbdur:2 q:28.59 aq:12.00 tex:0 mv:0 misc:248 imb:0 pmb:0 smb:3600 d:- ref:0 ;
in:1513 out:1515 type:b dur:2 cpbdur:2 q:28.60 aq:14.00 tex:0 mv:0 misc:232 imb:0 pmb:0 smb:3600 d:- ref:0 ;
in:1515 out:1516 type:b dur:2 cpbdur:2 q:28.58 aq:14.00 tex:0 mv:0 misc:232 imb:0 pmb:0 smb:3600 d:- ref:0 ;
in:1520 out:1517 type:P dur:2 cpbdur:2 q:28.47 aq:15.48 tex:203 mv:112 misc:413 imb:7 pmb:13 smb:3580 d:- ref:0 ;
in:1518 out:1518 type:B dur:2 cpbdur:2 q:28.52 aq:12.00 tex:0 mv:0 misc:248 imb:0 pmb:0 smb:3600 d:- ref:0 ;
in:1517 out:1519 type:b dur:2 cpbdur:2 q:28.55 aq:14.00 tex:0 mv:0 misc:232 imb:0 pmb:0 smb:3600 d:- ref:0 ;
in:1519 out:1520 type:b dur:2 cpbdur:2 q:28.49 aq:13.00 tex:0 mv:0 misc:232 imb:0 pmb:0 smb:3600 d:- ref:0 ;
in:1524 out:1521 type:P dur:2 cpbdur:2 q:28.35 aq:15.35 tex:240 mv:119 misc:425 imb:7 pmb:15 smb:3578 d:- ref:0 ;
in:1522 out:1522 type:B dur:2 cpbdur:2 q:28.41 aq:12.00 tex:0 mv:0 misc:248 imb:0 pmb:0 smb:3600 d:- ref:0 ;
in:1521 out:1523 type:b dur:2 cpbdur:2 q:28.44 aq:13.00 tex:0 mv:0 misc:232 imb:0 pmb:0 smb:3600 d:- ref:0 ;
in:1523 out:1524 type:b dur:2 cpbdur:2 q:28.38 aq:13.00 tex:0 mv:0 misc:232 imb:0 pmb:0 smb:3600 d:- ref:0 ;
in:1528 out:1525 type:P dur:2 cpbdur:2 q:28.23 aq:15.79 tex:272 mv:122 misc:446 imb:7 pmb:17 smb:3576 d:- ref:0 ;
in:1526 out:1526 type:B dur:2 cpbdur:2 q:28.29 aq:12.00 tex:0 mv:0 misc:248 imb:0 pmb:0 smb:3600 d:- ref:0 ;
in:1525 out:1527 type:b dur:2 cpbdur:2 q:28.32 aq:13.00 tex:0 mv:0 misc:232 imb:0 pmb:0 smb:3600 d:- ref:0 ;
in:1527 out:1528 type:b dur:2 cpbdur:2 q:28.26 aq:13.00 tex:0 mv:0 misc:232 imb:0 pmb:0 smb:3600 d:- ref:0 ;
in:1532 out:1529 type:P dur:2 cpbdur:2 q:28.14 aq:15.50 tex:206 mv:121 misc:425 imb:7 pmb:15 smb:3578 d:- ref:0 ;
in:1530 out:1530 type:B dur:2 cpbdur:2 q:28.18 aq:12.00 tex:0 mv:0 misc:248 imb:0 pmb:0 smb:3600 d:- ref:0 ;
in:1529 out:1531 type:b dur:2 cpbdur:2 q:28.20 aq:13.00 tex:0 mv:0 misc:232 imb:0 pmb:0 smb:3600 d:- ref:0 ;
in:1531 out:1532 type:b dur:2 cpbdur:2 q:28.16 aq:13.00 tex:0 mv:0 misc:232 imb:0 pmb:0 smb:3600 d:- ref:0 ;
in:1536 out:1533 type:P dur:2 cpbdur:2 q:28.03 aq:15.90 tex:232 mv:128 misc:424 imb:8 pmb:13 smb:3579 d:- ref:0 ;
in:1534 out:1534 type:B dur:2 cpbdur:2 q:28.08 aq:12.00 tex:0 mv:0 misc:248 imb:0 pmb:0 smb:3600 d:- ref:0 ;
in:1533 out:1535 type:b dur:2 cpbdur:2 q:28.11 aq:13.00 tex:0 mv:0 misc:232 imb:0 pmb:0 smb:3600 d:- ref:0 ;
in:1535 out:1536 type:b dur:2 cpbdur:2 q:28.06 aq:13.00 tex:0 mv:0 misc:232 imb:0 pmb:0 smb:3600 d:- ref:0 ;
in:1540 out:1537 type:P dur:2 cpbdur:2 q:27.91 aq:14.99 tex:316 mv:136 misc:452 imb:7 pmb:20 smb:3573 d:- ref:0 ;
in:1538 out:1538 type:B dur:2 cpbdur:2 q:27.97 aq:12.00 tex:0 mv:0 misc:248 imb:0 pmb:0 smb:3600 d:- ref:0 ;
in:1537 out:1539 type:b dur:2 cpbdur:2 q:28.00 aq:13.00 tex:0 mv:0 misc:232 imb:0 pmb:0 smb:3600 d:- ref:0 ;
in:1539 out:1540 type:b dur:2 cpbdur:2 q:27.94 aq:13.00 tex:0 mv:0 misc:232 imb:0 pmb:0 smb:3600 d:- ref:0 ;
in:1544 out:1541 type:P dur:2 cpbdur:2 q:27.78 aq:14.75 tex:369 mv:143 misc:496 imb:7 pmb:27 smb:3566 d:- ref:0 ;
in:1542 out:1542 type:B dur:2 cpbdur:2 q:27.84 aq:12.00 tex:0 mv:0 misc:248 imb:0 pmb:0 smb:3600 d:- ref:0 ;
in:1541 out:1543 type:b dur:2 cpbdur:2 q:27.87 aq:13.00 tex:0 mv:0 misc:232 imb:0 pmb:0 smb:3600 d:- ref:0 ;
in:1543 out:1544 type:b dur:2 cpbdur:2 q:27.81 aq:13.00 tex:0 mv:0 misc:232 imb:0 pmb:0 smb:3600 d:- ref:0 ;
in:1548 out:1545 type:P dur:2 cpbdur:2 q:27.69 aq:14.49 tex:259 mv:134 misc:447 imb:9 pmb:15 smb:3576 d:- ref:0 ;
in:1546 out:1546 type:B dur:2 cpbdur:2 q:27.74 aq:11.00 tex:0 mv:0 misc:248 imb:0 pmb:0 smb:3600 d:- ref:0 ;
in:1545 out:1547 type:b dur:2 cpbdur:2 q:27.76 aq:13.00 tex:0 mv:0 misc:232 imb:0 pmb:0 smb:3600 d:- ref:0 ;
in:1547 out:1548 type:b dur:2 cpbdur:2 q:27.72 aq:13.00 tex:0 mv:0 misc:232 imb:0 pmb:0 smb:3600 d:- ref:0 ;
in:1552 out:1549 type:P dur:2 cpbdur:2 q:27.58 aq:13.97 tex:605 mv:206 misc:541 imb:12 pmb:28 smb:3560 d:- ref:0 ;
in:1550 out:1550 type:B dur:2 cpbdur:2 q:27.64 aq:11.00 tex:0 mv:0 misc:248 imb:0 pmb:0 smb:3600 d:- ref:0 ;
in:1549 out:1551 type:b dur:2 cpbdur:2 q:27.67 aq:13.00 tex:0 mv:0 misc:232 imb:0 pmb:0 smb:3600 d:- ref:0 ;
in:1551 out:1552 type:b dur:2 cpbdur:2 q:27.61 aq:13.00 tex:0 mv:0 misc:232 imb:0 pmb:0 smb:3600 d:- ref:0 ;
in:1556 out:1553 type:P dur:2 cpbdur:2 q:27.45 aq:13.80 tex:367 mv:173 misc:492 imb:11 pmb:21 smb:3568 d:- ref:0 ;
in:1554 out:1554 type:B dur:2 cpbdur:2 q:27.52 aq:11.00 tex:0 mv:0 misc:248 imb:0 pmb:0 smb:3600 d:- ref:0 ;
in:1553 out:1555 type:b dur:2 cpbdur:2 q:27.55 aq:13.00 tex:0 mv:0 misc:232 imb:0 pmb:0 smb:3600 d:- ref:0 ;
in:1555 out:1556 type:b dur:2 cpbdur:2 q:27.49 aq:12.00 tex:0 mv:0 misc:232 imb:0 pmb:0 smb:3600 d:- ref:0 ;
in:1559 out:1557 type:P dur:2 cpbdur:2 q:27.33 aq:12.00 tex:0 mv:0 misc:264 imb:0 pmb:0 smb:3600 d:- ref:0 ;
in:1557 out:1558 type:B dur:2 cpbdur:2 q:27.41 aq:12.00 tex:0 mv:0 misc:248 imb:0 pmb:0 smb:3600 d:- ref:0 ;
in:1558 out:1559 type:b dur:2 cpbdur:2 q:27.37 aq:12.00 tex:0 mv:0 misc:232 imb:0 pmb:0 smb:3600 d:- ref:0 ;
in:1560 out:1560 type:I dur:2 cpbdur:2 q:24.97 aq:12.77 tex:569148 mv:51309 misc:535 imb:3600 pmb:0 smb:0 d:- ref:;
in:1564 out:1561 type:P dur:2 cpbdur:2 q:27.68 aq:16.46 tex:1062 mv:178 misc:792 imb:3 pmb:96 smb:3501 d:- ref:0 ;
in:1562 out:1562 type:B dur:2 cpbdur:2 q:27.68 aq:11.00 tex:0 mv:0 misc:232 imb:0 pmb:0 smb:3600 d:- ref:0 ;
in:1561 out:1563 type:b dur:2 cpbdur:2 q:27.68 aq:13.00 tex:0 mv:0 misc:232 imb:0 pmb:0 smb:3600 d:- ref:0 ;
in:1563 out:1564 type:b dur:2 cpbdur:2 q:27.68 aq:13.00 tex:0 mv:0 misc:232 imb:0 pmb:0 smb:3600 d:- ref:0 ;
in:1568 out:1565 type:P dur:2 cpbdur:2 q:27.57 aq:14.45 tex:216 mv:75 misc:389 imb:2 pmb:13 smb:3585 d:- ref:0 ;
in:1566 out:1566 type:B dur:2 cpbdur:2 q:27.62 aq:11.00 tex:0 mv:0 misc:248 imb:0 pmb:0 smb:3600 d:- ref:0 ;
in:1565 out:1567 type:b dur:2 cpbdur:2 q:27.65 aq:13.00 tex:0 mv:0 misc:232 imb:0 pmb:0 smb:3600 d:- ref:0 ;
in:1567 out:1568 type:b dur:2 cpbdur:2 q:27.59 aq:13.00 tex:0 mv:0 misc:232 imb:0 pmb:0 smb:3600 d:- ref:0 ;
in:1572 out:1569 type:P dur:2 cpbdur:2 q:27.44 aq:14.40 tex:171 mv:66 misc:379 imb:2 pmb:11 smb:3587 d:- ref:0 ;
in:1570 out:1570 type:B dur:2 cpbdur:2 q:27.50 aq:11.69 tex:30 mv:2 misc:256 imb:0 pmb:1 smb:3599 d:- ref:0 ;
in:1569 out:1571 type:b dur:2 cpbdur:2 q:27.54 aq:13.00 tex:0 mv:0 misc:232 imb:0 pmb:0 smb:3600 d:- ref:0 ;
in:1571 out:1572 type:b dur:2 cpbdur:2 q:27.47 aq:12.00 tex:0 mv:0 misc:232 imb:0 pmb:0 smb:3600 d:- ref:0 ;
in:1576 out:1573 type:P dur:2 cpbdur:2 q:27.37 aq:10.05 tex:138 mv:53 misc:345 imb:2 pmb:6 smb:3592 d:- ref:0 ;
in:1574 out:1574 type:B dur:2 cpbdur:2 q:27.41 aq:11.69 tex:30 mv:2 misc:256 imb:0 pmb:1 smb:3599 d:- ref:0 ;
in:1573 out:1575 type:b dur:2 cpbdur:2 q:27.43 aq:12.00 tex:0 mv:0 misc:232 imb:0 pmb:0 smb:3600 d:- ref:0 ;
in:1575 out:1576 type:b dur:2 cpbdur:2 q:27.39 aq:12.00 tex:0 mv:0 misc:232 imb:0 pmb:0 smb:3600 d:- ref:0 ;
in:1580 out:1577 type:P dur:2 cpbdur:2 q:27.26 aq:9.81 tex:60 mv:31 misc:309 imb:1 pmb:3 smb:3596 d:- ref:0 ;
in:1578 out:1578 type:B dur:2 cpbdur:2 q:27.32 aq:11.69 tex:30 mv:2 misc:256 imb:0 pmb:1 smb:3599 d:- ref:0 ;
in:1577 out:1579 type:b dur:2 cpbdur:2 q:27.35 aq:12.00 tex:0 mv:0 misc:232 imb:0 pmb:0 smb:3600 d:- ref:0 ;
in:1579 out:1580 type:b dur:2 cpbdur:2 q:27.29 aq:12.00 tex:0 mv:0 misc:232 imb:0 pmb:0 smb:3600 d:- ref:0 ;
in:1584 out:1581 type:P dur:2 cpbdur:2 q:27.14 aq:9.99 tex:24 mv:20 misc:292 imb:1 pmb:1 smb:3598 d:- ref:0 ;
in:1582 out:1582 type:B dur:2 cpbdur:2 q:27.20 aq:11.69 tex:30 mv:2 misc:256 imb:0 pmb:1 smb:3599 d:- ref:0 ;
in:1581 out:1583 type:b dur:2 cpbdur:2 q:27.23 aq:12.00 tex:0 mv:0 misc:232 imb:0 pmb:0 smb:3600 d:- ref:0 ;
in:1583 out:1584 type:b dur:2 cpbdur:2 q:27.17 aq:12.00 tex:0 mv:0 misc:232 imb:0 pmb:0 smb:3600 d:- ref:0 ;
in:1588 out:1585 type:P dur:2 cpbdur:2 q:27.01 aq:10.00 tex:3 mv:12 misc:273 imb:1 pmb:0 smb:3599 d:- ref:0 ;
in:1586 out:1586 type:B dur:2 cpbdur:2 q:27.08 aq:11.69 tex:30 mv:2 misc:256 imb:0 pmb:1 smb:3599 d:- ref:0 ;
in:1585 out:1587 type:b dur:2 cpbdur:2 q:27.11 aq:12.00 tex:0 mv:0 misc:232 imb:0 pmb:0 smb:3600 d:- ref:0 ;
in:1587 out:1588 type:b dur:2 cpbdur:2 q:27.05 aq:12.00 tex:0 mv:0 misc:232 imb:0 pmb:0 smb:3600 d:- ref:0 ;
in:1592 out:1589 type:P dur:2 cpbdur:2 q:26.91 aq:19.63 tex:650 mv:305 misc:549 imb:23 pmb:32 smb:3545 d:- ref:0 w:6,59,1,7,121,7,121,7 ;
in:1590 out:1590 type:B dur:2 cpbdur:2 q:26.96 aq:11.69 tex:111 mv:332 misc:1101 imb:0 pmb:302 smb:3298 d:- ref:0 ;
in:1589 out:1591 type:b dur:2 cpbdur:2 q:26.99 aq:12.00 tex:0 mv:0 misc:232 imb:0 pmb:0 smb:3600 d:- ref:0 ;
in:1591 out:1592 type:b dur:2 cpbdur:2 q:26.93 aq:18.47 tex:336 mv:667 misc:797 imb:85 pmb:183 smb:3332 d:- ref:0 ;
in:1596 out:1593 type:P dur:2 cpbdur:2 q:26.81 aq:14.18 tex:5245 mv:2018 misc:1441 imb:428 pmb:174 smb:2998 d:- ref:0 w:4,13,3,6,51,26,51,26 ;
in:1594 out:1594 type:B dur:2 cpbdur:2 q:26.86 aq:16.68 tex:7132 mv:5156 misc:2440 imb:553 pmb:953 smb:2094 d:- ref:0 ;
in:1593 out:1595 type:b dur:2 cpbdur:2 q:26.88 aq:18.24 tex:2370 mv:511 misc:895 imb:19 pmb:417 smb:3164 d:- ref:0 ;
in:1595 out:1596 type:b dur:2 cpbdur:2 q:26.84 aq:16.45 tex:144 mv:202 misc:462 imb:7 pmb:59 smb:3534 d:- ref:0 ;
in:1600 out:1597 type:P dur:2 cpbdur:2 q:26.72 aq:15.94 tex:3156 mv:1678 misc:1182 imb:457 pmb:112 smb:3031 d:- ref:0 w:5,25,3,7,101,27,101,27 ;
in:1598 out:1598 type:B dur:2 cpbdur:2 q:26.76 aq:16.15 tex:633 mv:392 misc:591 imb:23 pmb:55 smb:3522 d:- ref:0 ;
in:1597 out:1599 type:b dur:2 cpbdur:2 q:26.79 aq:17.24 tex:3110 mv:1048 misc:1634 imb:16 pmb:820 smb:2764 d:- ref:0 ;
in:1599 out:1600 type:b dur:2 cpbdur:2 q:26.74 aq:16.19 tex:2323 mv:859 misc:1186 imb:88 pmb:516 smb:2996 d:- ref:0 ;
in:1604 out:1601 type:P dur:2 cpbdur:2 q:26.60 aq:15.24 tex:8248 mv:4150 misc:2354 imb:1199 pmb:638 smb:1763 d:- ref:0 w:7,91,5,6,45,38,45,38 ;
in:1602 out:1602 type:B dur:2 cpbdur:2 q:26.66 aq:17.07 tex:14614 mv:1718 misc:2516 imb:86 pmb:2094 smb:1420 d:- ref:0 ;
in:1601 out:1603 type:b dur:2 cpbdur:2 q:26.69 aq:17.36 tex:642 mv:1114 misc:700 imb:166 pmb:120 smb:3314 d:- ref:0 ;
in:1603 out:1604 type:b dur:2 cpbdur:2 q:26.63 aq:16.73 tex:694 mv:811 misc:1711 imb:18 pmb:520 smb:3062 d:- ref:0 ;
in:1607 out:1605 type:P dur:2 cpbdur:2 q:26.51 aq:15.86 tex:1492 mv:686 misc:950 imb:122 pmb:51 smb:3427 d:- ref:0 w:7,89,5,6,44,40,45,38 ;
in:1605 out:1606 type:B dur:2 cpbdur:2 q:26.57 aq:16.08 tex:2684 mv:2101 misc:1191 imb:202 pmb:461 smb:2937 d:- ref:0 ;
in:1606 out:1607 type:b dur:2 cpbdur:2 q:26.54 aq:16.68 tex:3501 mv:1265 misc:1874 imb:32 pmb:900 smb:2668 d:- ref:0 ;
in:1611 out:1608 type:P dur:2 cpbdur:2 q:26.44 aq:14.86 tex:2892 mv:1957 misc:1415 imb:686 pmb:256 smb:2658 d:- ref:0 w:4,7,9,6,27,74,31,66 ;
in:1609 out:1609 type:B dur:2 cpbdur:2 q:26.47 aq:17.15 tex:10209 mv:4857 misc:2054 imb:568 pmb:1088 smb:1944 d:- ref:0 ;
in:1608 out:1610 type:b dur:2 cpbdur:2 q:26.49 aq:17.13 tex:4711 mv:1214 misc:2115 imb:17 pmb:803 smb:2780 d:- ref:0 ;
in:1610 out:1611 type:b dur:2 cpbdur:2 q:26.46 aq:17.54 tex:8340 mv:1465 misc:2091 imb:128 pmb:1298 smb:2174 d:- ref:0 ;
in:1613 out:1612 type:P dur:2 cpbdur:2 q:26.33 aq:15.82 tex:1592 mv:914 misc:678 imb:422 pmb:21 smb:3157 d:- ref:0 w:3,3,10,7,35,93,30,98 ;
in:1612 out:1613 type:b dur:2 cpbdur:2 q:26.38 aq:14.11 tex:1089 mv:2136 misc:1463 imb:224 pmb:354 smb:3022 d:- ref:0 ;
